0.0	1.0
0.025	1.0
0.05	1.0
0.075	1.0
0.1	1.0
0.125	1.0
0.15	1.0
0.175	1.0
0.2	1.0
0.225	1.0
0.25	1.0
0.275	1.0
0.3	1.0
0.325	1.0
0.35	1.0
0.375	1.0
0.4	1.0
0.425	1.0
0.45	1.0
0.475	1.0
0.5	1.0
0.525	1.0
0.55	1.0
0.575	1.0
0.6	1.0
0.625	1.0
0.65	1.0
0.675	1.0
0.7	1.0
0.725	1.0
0.75	1.0
0.775	1.0
0.8	1.0
0.825	1.0
0.85	1.0
0.875	1.0
0.9	1.0
0.925	1.0
0.95	1.0
0.975	1.0
1.0	1.0
1.025	1.0
1.05	1.0
1.075	1.0
1.1	1.0
1.125	1.0
1.15	1.0
1.175	1.0
1.2	1.0
1.225	1.0
1.25	1.0
1.275	1.0
1.3	1.0
1.325	1.0
1.35	1.0
1.375	1.0
1.4	1.0
1.425	1.0
1.45	1.0
1.475	1.0
1.5	1.0
1.525	1.0
1.55	1.0
1.575	1.0
1.6	1.0
1.625	1.0
1.65	1.0
1.675	1.0
1.7	1.0
1.725	1.0
1.75	1.0
1.775	1.0
1.8	1.0
1.825	1.0
1.85	1.0
1.875	1.0
1.9	1.0
1.925	1.0
1.95	1.0
1.975	1.0
2.0	1.0
2.025	1.0
2.05	1.0
2.075	1.0
2.1	1.0
2.125	1.0
2.15	1.0
2.175	1.0
2.2	1.0
2.225	1.0
2.25	1.0
2.275	1.0
2.3	1.0
2.325	1.0
2.35	1.0
2.375	1.0
2.4	1.0
2.425	1.0
2.45	1.0
2.475	1.0
2.5	1.0
2.525	1.0
2.55	1.0
2.575	1.0
2.6	1.0
2.625	1.0
2.65	1.0
2.675	1.0
2.7	1.0
2.725	1.0
2.75	1.0
2.775	1.0
2.8	1.0
2.825	1.0
2.85	1.0
2.875	1.0
2.9	1.0
2.925	1.0
12.95	1.0
2.975	1.0
3.0	1.0
3.025	1.0
3.05	1.0
3.075	1.0
3.1	1.0
3.125	1.0
3.15	1.0
3.175	1.0
3.2	1.0
3.225	1.0
3.25	1.0
3.275	1.0
3.3	1.0
3.325	1.0
3.35	1.0
3.375	1.0
3.4	1.0
3.425	1.0
3.45	1.0
3.475	1.0
3.5	1.0
3.525	1.0
3.55	1.0
3.575	1.0
3.6	1.0
3.625	1.0
3.65	1.0
3.675	1.0
3.7	1.0
3.725	1.0
3.75	1.0
3.775	1.0
3.8	1.0
3.825	1.0
3.85	1.0
3.875	1.0
3.9	1.0
3.925	1.0
3.95	1.0
3.975	1.0
4.0	1.0
4.025	1.0
4.05	1.0
4.075	1.0
4.1	1.0
4.125	1.0
4.15	1.0
4.175	1.0
4.2	1.0
4.225	1.0
4.25	1.0
4.275	1.0
4.3	1.0
4.325	1.0
4.35	1.0
4.375	1.0
4.4	1.0
4.425	1.0
4.45	1.0
4.475	1.0
4.5	1.0
4.525	1.0
4.55	1.0
4.575	1.0
4.6	1.0
4.625	1.0
4.65	1.0
4.675	1.0
4.7	1.0
4.725	1.0
4.75	1.0
4.775	1.0
4.8	1.0
4.825	1.0
4.85	1.0
4.875	1.0
4.9	1.0
4.925	1.0
4.95	1.0
4.975	1.0
5.0	1.0
5.025	1.0
5.05	1.0
5.075	1.0
5.1	1.0
5.125	1.0
5.15	1.0
5.175	1.0
5.2	1.0
5.225	1.0
5.25	1.0
5.275	1.0
5.3	1.0
5.325	1.0
5.35	1.0
5.375	1.0
5.4	1.0
5.425	1.0
5.45	1.0
5.475	1.0
5.5	1.0
5.525	1.0
5.55	1.0
5.575	1.0
5.6	1.0
5.625	1.0
5.65	1.0
5.675	1.0
5.7	1.0
5.725	1.0
5.75	1.0
5.775	1.0
5.8	1.0
5.825	1.0
5.85	1.0
5.875	1.0
5.9	1.0
5.925	1.0
5.95	1.0
5.975	1.0
6.0	1.0
6.025	1.0
6.05	1.0
6.075	1.0
6.1	1.0
6.125	1.0
6.15	1.0
6.175	1.0
6.2	1.0
6.225	1.0
6.25	1.0
6.275	1.0
6.3	1.0
6.325	1.0
6.35	1.0
6.375	1.0
6.4	1.0
6.425	1.0
6.45	1.0
6.475	1.0
6.5	1.0
6.525	1.0
6.55	1.0
6.575	1.0
6.6	1.0
6.625	1.0
6.65	1.0
6.675	1.0
6.7	1.0
6.725	1.0
6.75	1.0
6.775	1.0
6.8	1.0
6.825	1.0
6.85	1.0
6.875	1.0
6.9	1.0
6.925	1.0
6.95	1.0
6.975	1.0
7.0	1.0
7.025	1.0
7.05	1.0
7.075	1.0
7.1	1.0
7.125	1.0
7.15	1.0
7.175	1.0
7.2	1.0
7.225	1.0
7.25	1.0
7.275	1.0
7.3	1.0
7.325	1.0
7.35	1.0
7.375	1.0
7.4	1.0
7.425	1.0
7.45	1.0
7.475	1.0
7.5	1.0
7.525	1.0
7.55	1.0
7.575	1.0
7.6	1.0
7.625	1.0
7.65	1.0
7.675	1.0
7.7	1.0
7.725	1.0
7.75	1.0
7.775	1.0
7.8	1.0
7.825	1.0
7.85	1.0
7.875	1.0
7.9	1.0
7.925	1.0
7.95	1.0
7.975	1.0
8.0	1.0
8.025	1.0
8.05	1.0
8.075	1.0
8.1	1.0
8.125	1.0
8.15	1.0
8.175	1.0
8.2	1.0
8.225	1.0
8.25	1.0
8.275	1.0
8.3	1.0
8.325	1.0
8.35	1.0
8.375	1.0
8.4	1.0
8.425	1.0
8.45	1.0
8.475	1.0
8.5	1.0
8.525	1.0
8.55	1.0
8.575	1.0
8.6	1.0
8.625	1.0
8.65	1.0
8.675	1.0
8.7	1.0
8.725	1.0
8.75	1.0
8.775	1.0
8.8	1.0
8.825	1.0
8.85	1.0
8.875	1.0
8.9	1.0
8.925	1.0
8.95	1.0
8.975	1.0
9.0	1.0
9.025	1.0
9.05	1.0
9.075	1.0
9.1	1.0
9.125	1.0
9.15	1.0
9.175	1.0
9.2	1.0
9.225	1.0
9.25	1.0
9.275	1.0
9.3	1.0
9.325	1.0
9.35	1.0
9.375	1.0
9.4	1.0
9.425	1.0
9.45	1.0
9.475	1.0
9.5	1.0
9.525	1.0
9.55	1.0
9.575	1.0
9.6	1.0
9.625	1.0
9.65	1.0
9.675	1.0
9.7	1.0
9.725	1.0
9.75	1.0
9.775	1.0
9.8	1.0
9.825	1.0
9.85	1.0
9.875	1.0
9.9	1.0
9.925	1.0
995.0	1.0
9.975	1.0
10.0	1.419698977705449e-39
10.125	8.053457893182249e-40
10.25	5.080384367252639e-40
10.375	4.23751776493824e-40
10.5	3.44847834066241e-40
10.625	2.41679390773681e-40
10.75	2.47195968566089e-40
10.875	1.96749070332529e-40
11.0	1.298699556025e-40
11.125	1.05447863225961e-40
11.25	7.487377387114688e-41
11.375	5.26619749698204e-41
11.5	3.713546851898884e-41
11.625	2.1141173629390238e-41
11.75	1.9186116998415999e-41
11.875	1.5707192825546012e-41
12.0	1.2434483493289692e-41
12.125	1.1012742244443039e-41
12.25	8.782710396670442e-42
12.375	6.634452002049e-42
12.5	5.797197461168999e-42
12.625	4.281426830088809e-42
12.75	3.6042369418958406e-42
12.875	3.9124325721690005e-42
13.0	4.15649136875625e-42
13.125	3.17640258676225e-42
13.25	2.4123047430721602e-42
13.375	2.0558234468844897e-42
13.5	1.49306844697924e-42
13.625	2.66104899049284e-42
13.75	2.392363690122025e-41
13.875	1.4375276221363599e-40
14.0	8.979698671057982e-41
14.125	1.4560070166756e-41
14.25	3.35613166783504e-42
14.375	3.68080877768356e-42
14.5	2.43516711620484e-42
14.625	1.3822027705094399e-42
14.75	1.0542155625e-42
14.875	9.570830600906882e-43
15.0	8.75883859083689e-43
15.125	7.967480597955026e-43
15.25	6.131545075297488e-43
15.375	5.395129315983936e-43
15.5	5.879046424003599e-43
15.625	5.743336517318416e-43
15.75	4.1921468153040995e-43
15.875	4.196100927273124e-43
16.0	4.5506076679088646e-43
16.125	4.214628342988561e-43
16.25	3.942356301170596e-43
16.375	3.6195606989562255e-43
16.5	2.9048362694200886e-43
16.625	2.5245549000126012e-43
16.75	2.2071349638240244e-43
16.875	2.1617273715844e-43
17.0	2.133933308474256e-43
17.125	2.5387890026416087e-43
17.25	2.4615489959999997e-43
17.375	2.074240997594896e-43
17.5	2.1428938991256044e-43
17.625	8.682822878535555e-43
17.75	1.0582070156488361e-41
17.875	8.16062804976969e-42
18.0	4.1358265191936634e-43
18.125	1.9211577006061692e-43
18.25	2.3755932538433637e-43
18.375	2.163395632708489e-43
18.5	1.1976127491977641e-43
18.625	8.394727420063359e-44
18.75	7.546367213051041e-44
18.875	7.493598558158441e-44
19.0	7.91318616508996e-44
19.125	6.567331345080251e-44
19.25	7.17715994809284e-44
19.375	8.58502423244944e-44
19.5	8.945016235684002e-44
19.625	7.90582446820804e-44
19.75	1.1810258737272493e-43
19.875	1.2164055475240359e-43
20.0	6.023194288596082e-43
20.125	2.4258305470608397e-42
20.25	7.62650112908528e-43
20.375	7.298490190555239e-44
20.5	6.952785961144958e-44
20.625	1.598457731834089e-43
20.75	8.969983721160006e-43
20.875	5.821039179190226e-43
21.0	7.018874208129641e-44
21.125	2.3101817331552403e-44
21.25	1.57352663552841e-44
21.375	1.9406819165889598e-44
21.5	1.8962248404110401e-44
21.625	1.82176513409284e-44
21.75	5.269009614147136e-43
21.875	3.9887519185959994e-42
22.0	1.7809572425300098e-42
22.125	2.8848757534608395e-44
22.25	7.375660726698889e-43
22.375	1.5312763152562502e-42
22.5	1.9857922534484404e-43
22.625	1.13288647713796e-44
22.75	8.618010820230566e-45
22.875	7.2645432586441e-45
23.0	6.976305850664089e-45
23.125	7.660095757812729e-45
23.25	7.263731358535727e-45
23.375	5.813614921114225e-45
23.5	6.620809032669316e-45
23.625	7.166339842052167e-45
23.75	8.075054316025635e-45
23.875	7.22859713761865e-45
24.0	7.01740133974476e-45
24.125	7.459575659257227e-45
24.25	7.003388606435e-45
24.375	6.503517961049665e-45
24.5	5.766141690063224e-45
24.625	4.979997027980835e-45
24.75	4.929061603340175e-45
24.875	5.1032343963294754e-45
25.0	4.489331254110783e-45
25.125	3.8242314854176414e-45
25.25	3.5722193226581155e-45
25.375	3.218857842130441e-45
25.5	2.939330741204025e-45
25.625	2.3610354268971687e-45
25.75	2.4639726408195608e-45
25.875	1.9914961198971246e-45
26.0	2.334979442640625e-45
26.125	2.158813249706961e-45
26.25	1.6172930355987243e-45
26.375	1.8035400272272362e-45
26.5	2.0100749128318806e-45
26.625	2.140471877074756e-45
26.75	1.8716356863840244e-45
26.875	1.896740294702724e-45
27.0	2.0852948735708403e-45
27.125	2.0693575681968642e-45
27.25	1.640210796234256e-45
27.375	2.5028807293824007e-45
27.5	3.8494107827043997e-45
27.625	2.2580541255061688e-45
27.75	1.827039362942161e-45
27.875	1.4520954345769e-45
28.0	1.5099794472701158e-45
28.125	1.3648916469135999e-45
28.25	1.448249317568641e-45
28.375	1.2537778061256246e-45
28.5	1.2685317955341162e-45
28.625	1.3605502906670439e-45
28.75	1.2872509040018412e-45
28.875	1.3879563349417959e-45
29.0	1.480595577906064e-45
29.125	1.1435290250032358e-45
29.25	1.1459972403615608e-45
29.375	1.2272301641040254e-45
29.5	1.4937004457932412e-45
29.625	1.5613290104863358e-45
29.75	2.430984306930169e-45
29.875	3.1138750340352354e-45
30.0	1.318017954603289e-45
30.125	1.1455099504166892e-45
30.25	9.433558159536039e-46
30.375	8.367998512650487e-46
30.5	7.60238675525476e-46
30.625	8.27989230139204e-46
30.75	7.983915899189761e-46
30.875	7.100453951423291e-46
31.0	7.465488973642089e-46
31.125	6.765279030225e-46
31.25	6.44734772490384e-46
31.375	5.905766569790889e-46
31.5	5.3156793084304886e-46
31.625	5.9608563296822506e-46
31.75	6.28748754468769e-46
31.875	6.4604752702622505e-46
32.0	7.33052755052809e-46
32.125	1.2255020914375842e-45
32.25	2.1349218931962246e-45
32.375	1.2283887303341287e-45
32.5	7.403481832355999e-46
32.625	4.717836389775609e-46
32.75	4.08442846980961e-46
32.875	4.986640033777961e-46
33.0	5.4261024964801605e-46
33.125	5.01843510674496e-46
33.25	4.575556293025e-46
33.375	3.97050457515625e-46
33.5	4.505704579560251e-46
33.625	4.99018232528656e-46
33.75	3.81083027737104e-46
33.875	3.4853275581702403e-46
34.0	4.03285679736676e-46
34.125	4.635142031844e-46
34.25	4.6969409207032894e-46
34.375	4.1037112754916105e-46
34.5	4.90916740402881e-46
34.625	3.9853554285602496e-46
34.75	3.98777215931649e-46
34.875	3.980447552214809e-46
35.0	3.7689062169624086e-46
35.125	3.9579980429952404e-46
35.25	3.41341587586624e-46
35.375	3.54140571616129e-46
35.5	3.60567005914404e-46
35.625	8.753071356481e-46
35.75	1.1874335011506494e-45
35.875	4.2870004793532894e-46
36.0	3.01123277233216e-46
36.125	2.5759896901209994e-46
36.25	2.7494537950152903e-46
36.375	3.2209656780840102e-46
36.5	3.2029351738851605e-46
36.625	3.2107253473900902e-46
36.75	2.72749584977424e-46
36.875	2.1999564006250003e-46
37.0	2.21324950476036e-46
37.125	2.39209343363236e-46
37.25	2.5191990784022493e-46
37.375	2.7679678985852103e-46
37.5	2.73957614272225e-46
37.625	2.1251668451430403e-46
37.75	2.24621049693769e-46
37.875	2.5407205957104404e-46
38.0	2.7738066425300097e-46
38.125	2.652771836782241e-46
38.25	2.40837157307041e-46
38.375	2.5283642649056097e-46
38.5	2.9299874124643596e-46
38.625	2.61075987359716e-46
38.75	2.3380226487283596e-46
38.875	2.2566384894054397e-46
39.0	2.109962510041e-46
39.125	2.2596469182288397e-46
39.25	2.3629429506568904e-46
39.375	2.470520974878809e-46
39.5	2.37960118513936e-46
39.625	2.1320137840788904e-46
39.75	2.02148936332281e-46
39.875	2.5698609977779597e-46
40.0	2.56283150251716e-46
40.125	1.9699419355344394e-46
40.25	1.9099729231132903e-46
40.375	2.1259188424196102e-46
40.5	2.168365216369e-46
40.625	2.00502541451664e-46
40.75	1.6594584670800896e-46
40.875	2.32428105921649e-46
41.0	2.7149416532640004e-46
41.125	2.04288305358916e-46
41.25	2.299440148490249e-46
41.375	2.3833604315449597e-46
41.5	2.1311760370830396e-46
41.625	1.8901578038660097e-46
41.75	1.9531770282332097e-46
41.875	1.9661003393289998e-46
42.0	1.8753859074772896e-46
42.125	1.61514309133584e-46
42.25	1.6920853228832397e-46
42.375	1.93736779372096e-46
42.5	2.0457037389610007e-46
42.625	2.23091474445009e-46
42.75	3.3367229235660104e-46
42.875	4.4810928726246395e-46
43.0	2.74512309338569e-46
43.125	1.7082683436547602e-46
43.25	1.7158450834672902e-46
43.375	1.9004974293760896e-46
43.5	1.6406535743999998e-46
43.625	1.5737200704e-46
43.75	1.49435979808801e-46
43.875	1.45458940724496e-46
44.0	1.5974093376595599e-46
44.125	1.55357228920644e-46
44.25	1.56759339407449e-46
44.375	1.7144958870337599e-46
44.5	1.6043373706753604e-46
44.625	1.8179964855609998e-46
44.75	1.7282062880787599e-46
44.875	1.6673539371123601e-46
45.0	1.5074174540224899e-46
45.125	1.71737067312801e-46
45.25	1.6089273492250001e-46
45.375	1.4058892328039999e-46
45.5	1.32000406874449e-46
45.625	1.4165198631169602e-46
45.75	1.5598371355033602e-46
45.875	1.6020448401048097e-46
46.0	1.95437184613225e-46
46.125	2.0593116749120398e-46
46.25	1.8669333643492904e-46
46.375	1.84185829394064e-46
46.5	2.0391248812284904e-46
46.625	2.3906469258808902e-46
46.75	2.39306234664676e-46
46.875	2.2450581165632395e-46
47.0	2.1355239481862404e-46
47.125	2.02677789885025e-46
47.25	2.0621672262150404e-46
47.375	1.9311618639062496e-46
47.5	1.7593136154374404e-46
47.625	1.76244794621284e-46
47.75	2.383784690401e-46
47.875	3.61204697008996e-46
48.0	5.37364278092161e-46
48.125	8.53222990020361e-46
48.25	1.285716919041025e-45
48.375	1.8499815622337436e-45
48.5	2.4836183242153958e-45
48.625	2.812179309100225e-45
48.75	2.869070600454436e-45
48.875	2.6572457903104e-45
49.0	1.962759176029444e-45
49.125	1.6668053068817292e-45
49.25	1.1568722644806246e-45
49.375	6.053193692911209e-46
49.5	4.045025598380011e-46
49.625	2.8575640655756105e-46
49.75	2.5120782311436897e-46
49.875	1.75398317902809e-46
50.0	1.1991807140552099e-46
50.125	1.2398185586179598e-46
50.25	1.2546466361220098e-46
50.375	1.1970751603464897e-46
50.5	1.27273866791184e-46
50.625	9.820322037661442e-47
50.75	8.842444686707076e-47
50.875	9.642439097430086e-47
51.0	9.908141324884606e-47
51.125	8.04209185019952e-47
51.25	7.396652410386851e-47
51.375	7.436861217868642e-47
51.5	6.590686470739849e-47
51.625	8.810098134067128e-47
51.75	8.397206529330527e-47
51.875	9.1274045435774e-47
52.0	9.073422627885222e-47
52.125	8.066815417964302e-47
52.25	6.782682366989763e-47
52.375	7.555285621953318e-47
52.5	9.015334249384995e-47
52.625	8.113327277480098e-47
52.75	7.1150264195794575e-47
52.875	6.641088186808383e-47
53.0	6.92840099905829e-47
53.125	6.869013012081079e-47
53.25	6.4269680294671285e-47
53.375	6.953663946831424e-47
53.5	6.452629836597168e-47
53.625	6.464538367936607e-47
53.75	7.409736444190274e-47
53.875	8.333824115027959e-47
54.0	7.459685693558785e-47
54.125	6.511030541575849e-47
54.25	5.79366022251341e-47
54.375	8.82901887145388e-47
54.5	9.373249172753764e-47
54.625	8.696094219628201e-47
54.75	8.012563742055624e-47
54.875	7.137057270983234e-47
55.0	7.970350053651488e-47
55.125	7.307937578898576e-47
55.25	6.549319980881161e-47
55.375	7.372545955787961e-47
55.5	6.832250568890041e-47
55.625	6.430027618627209e-47
55.75	7.413993530702498e-47
55.875	6.761444806280024e-47
56.0	6.079664596617616e-47
56.125	6.6784411541929e-47
56.25	6.618697204101374e-47
56.375	6.596693598081024e-47
56.5	6.304801789339525e-47
56.625	6.482548156718529e-47
56.75	5.457621710015525e-47
56.875	6.857317065948561e-47
57.0	7.545029975585422e-47
57.125	6.898620732580096e-47
57.25	6.95306172717044e-47
57.375	7.135914963179026e-47
57.5	7.029193891922945e-47
57.625	5.947809979226115e-47
57.75	6.330067925852174e-47
57.875	5.817749771930623e-47
58.0	6.323117731225156e-47
58.125	7.887495321111184e-47
58.25	9.720312266622736e-47
58.375	8.418751373092515e-47
58.5	8.387949236719504e-47
58.625	7.069779192556442e-47
58.75	8.571355621171454e-47
58.875	1.0054233332639998e-46
59.0	8.828749575953472e-47
59.125	9.097998718564899e-47
59.25	7.654605438322407e-47
59.375	7.275351661931581e-47
59.5	9.361564082790977e-47
59.625	1.05595230610116e-46
59.75	1.3654027665202498e-46
59.875	1.2542801628622498e-46
60.0	1.87251554952121e-46
60.125	1.11965264100496e-46
60.25	9.195746883324849e-47
60.375	8.00184869102081e-47
60.5	7.854836060565171e-47
60.625	7.290967605188569e-47
60.75	8.703330467056163e-47
60.875	7.5511112022369e-47
61.0	5.907959200562501e-47
61.125	6.203709095722385e-47
61.25	5.714720744275983e-47
61.375	5.785942034544401e-47
61.5	5.0704576414653145e-47
61.625	5.6923377805418895e-47
61.75	5.558277891791882e-47
61.875	5.230354233731345e-47
62.0	5.59054198358533e-47
62.125	4.6617446323809e-47
62.25	5.149655760254402e-47
62.375	9.323273174181603e-47
62.5	1.337670356929e-46
62.625	6.614486268978065e-47
62.75	5.9431550324433195e-47
62.875	7.051784837708834e-47
63.0	7.083027800847075e-47
63.125	6.265976931989775e-47
63.25	5.511558891535875e-47
63.375	5.4609056840394795e-47
63.5	5.047919903151225e-47
63.625	4.764650385443807e-47
63.75	4.2609824169924e-47
63.875	4.406528236202597e-47
64.0	5.314946265927684e-47
64.125	5.378714382998961e-47
64.25	8.101325934257954e-47
64.375	7.032387898923556e-47
64.5	4.823081512631281e-47
64.625	4.468028893875854e-47
64.75	4.372821392345344e-47
64.875	5.480568824586496e-47
65.0	5.051823932001856e-47
65.125	3.9110499736385427e-47
65.25	4.2203813229494433e-47
65.375	4.779496682281216e-47
65.5	5.068217142553743e-47
65.625	4.5006600678676815e-47
65.75	4.840955728458528e-47
65.875	4.797856334233599e-47
66.0	3.5816598181809007e-47
66.125	4.3294849765876843e-47
66.25	4.6253047400256495e-47
66.375	4.59318779730972e-47
66.5	4.529457982357504e-47
66.625	4.159185689079001e-47
66.75	4.1029598820312005e-47
66.875	4.725928508761319e-47
67.0	4.564153759707441e-47
67.125	4.850795429113105e-47
67.25	5.621999200320064e-47
67.375	5.120557095892624e-47
67.5	4.6669437337910895e-47
67.625	5.021025232611249e-47
67.75	4.981188164366089e-47
67.875	4.997637535748842e-47
68.0	4.2546565000419845e-47
68.125	4.2911075688501153e-47
68.25	4.824846774887688e-47
68.375	5.499868456565603e-47
68.5	4.71677715736721e-47
68.625	4.458596403289284e-47
68.75	4.958255043754885e-47
68.875	4.834855889464384e-47
69.0	4.438950321200702e-47
69.125	4.2457682593935997e-47
69.25	3.7574034892615684e-47
69.375	4.243120718056081e-47
69.5	4.902733741186575e-47
69.625	4.732048140733457e-47
69.75	3.834374457250275e-47
69.875	3.902017647041424e-47
70.0	4.698315990213169e-47
70.125	4.3415380913418005e-47
70.25	3.8124642894643354e-47
70.375	4.0132687456332247e-47
70.5	4.130110529956096e-47
70.625	4.1494973248944635e-47
70.75	4.683070014361599e-47
70.875	4.418212244093956e-47
71.0	5.012374786708129e-47
71.125	4.788501324204003e-47
71.25	4.567443100945319e-47
71.375	4.694960525327524e-47
71.5	5.074591631324224e-47
71.625	4.636600268167397e-47
71.75	4.839743912519823e-47
71.875	4.699284433460929e-47
72.0	4.87556428070808e-47
72.125	4.999209893318282e-47
72.25	5.278700927499561e-47
72.375	4.881200246854571e-47
72.5	4.8229626176878075e-47
72.625	5.34356160790956e-47
72.75	4.893646620796817e-47
72.875	4.2732579491659215e-47
73.0	4.689856367340677e-47
73.125	4.303208596531717e-47
73.25	3.633496477237081e-47
73.375	4.3475773274179207e-47
73.5	4.4722855537722e-47
73.625	4.490868690435137e-47
73.75	3.3299974395769e-47
73.875	3.358900370152441e-47
74.0	4.704259010935201e-47
74.125	5.156048643308162e-47
74.25	4.694795531142083e-47
74.375	3.792281758065025e-47
74.5	4.2942528522414014e-47
74.625	4.662765019251363e-47
74.75	3.971777777849765e-47
74.875	4.897228811921209e-47
75.0	4.5503024921649e-47
75.125	4.187788029560641e-47
75.25	4.44466715834557e-47
75.375	4.1582160476613607e-47
75.5	4.0297756577041957e-47
75.625	3.9431881629361e-47
75.75	4.089951034925624e-47
75.875	4.243022488649168e-47
76.0	4.550529416742543e-47
76.125	4.27941280336284e-47
76.25	4.669540476049297e-47
76.375	3.805378253311504e-47
76.5	3.8897237665224997e-47
76.625	3.686622213788721e-47
76.75	4.476239283518207e-47
76.875	4.139410927768515e-47
77.0	4.233231575497521e-47
77.125	4.145485141535364e-47
77.25	3.473048631860929e-47
77.375	3.685027943033761e-47
77.5	3.7611424730477155e-47
77.625	3.7845698896241642e-47
77.75	3.777798464584803e-47
77.875	3.6926566064762894e-47
78.0	3.7085051408650096e-47
78.125	3.9012583456829154e-47
78.25	4.170861590155264e-47
78.375	3.9528480202790404e-47
78.5	3.4970236816670444e-47
78.625	3.556477304619264e-47
78.75	3.503114345274769e-47
78.875	3.4711309948530247e-47
79.0	3.8340268331913615e-47
79.125	3.85957290446252e-47
79.25	4.3497335753001e-47
79.375	4.561644846002499e-47
79.5	4.443626659844088e-47
79.625	3.7743275410291357e-47
79.75	3.943072872507664e-47
79.875	4.118237845556004e-47
80.0	3.9958525211155353e-47
80.125	4.799698170261313e-47
80.25	4.675179188579523e-47
80.375	5.031223926316641e-47
80.5	4.893342742714623e-47
80.625	3.701621075220601e-47
80.75	4.1367472380024996e-47
80.875	4.429781136673201e-47
81.0	4.4342799071713215e-47
81.125	4.1476385990785686e-47
81.25	3.5971509239200094e-47
81.375	3.360956268800025e-47
81.5	3.732333266480625e-47
81.625	3.6612701010648995e-47
81.75	3.588965468600625e-47
81.875	3.90986333521e-47
82.0	3.776924622842721e-47
82.125	3.2414022430225953e-47
82.25	3.3588227095332007e-47
82.375	3.2695013956389156e-47
82.5	2.8475573667750805e-47
82.625	3.107244478331569e-47
82.75	3.4552161889015684e-47
82.875	3.212189492744761e-47
83.0	3.302036133515717e-47
83.125	3.8570171134925437e-47
83.25	3.9803598347486487e-47
83.375	3.6605310883963283e-47
83.5	3.2721786327616e-47
83.625	3.4125463563360163e-47
83.75	3.504337376133136e-47
83.875	4.0346802570716884e-47
84.0	4.242326968389904e-47
84.125	4.2202795892150407e-47
84.25	3.889114707896289e-47
84.375	3.808106697799882e-47
84.5	3.863035808555625e-47
84.625	3.6490826079237685e-47
84.75	3.508877395265284e-47
84.875	3.5680520761142765e-47
85.0	3.485422273626225e-47
85.125	3.6448499855436495e-47
85.25	3.562779944206729e-47
85.375	3.5640141814032256e-47
85.5	4.200925243557024e-47
85.625	4.1279305315547286e-47
85.75	3.8662815151249003e-47
85.875	3.7981973656532886e-47
86.0	3.697662969961744e-47
86.125	3.3089354500824085e-47
86.25	2.90466024601e-47
86.375	3.1288988565067207e-47
86.5	3.503418928778595e-47
86.625	3.7193465957109156e-47
86.75	3.9361255306254e-47
86.875	3.512533787156689e-47
87.0	3.81302310360176e-47
87.125	4.0221451067074563e-47
87.25	3.500145320424677e-47
87.375	3.5407973021508e-47
87.5	3.6067125661517446e-47
87.625	3.1953576909750245e-47
87.75	3.7679693064613683e-47
87.875	3.976132029070084e-47
88.0	4.0586446643450473e-47
88.125	3.675256159979881e-47
88.25	3.301513467604804e-47
88.375	3.657932007105599e-47
88.5	3.3391385846784003e-47
88.625	3.2432073941972247e-47
88.75	3.3660654649468084e-47
88.875	3.583059416430244e-47
89.0	3.854631909405125e-47
89.125	5.52247265058228e-47
89.25	4.809755663169605e-47
89.375	4.54440079893324e-47
89.5	6.000777732007969e-47
89.625	6.725265319521226e-47
89.75	5.455567567370595e-47
89.875	5.042751864176897e-47
90.0	4.470834614489999e-47
90.125	4.616275436739684e-47
90.25	4.3785790075722246e-47
90.375	4.1418122508895694e-47
90.5	4.107094478504689e-47
90.625	4.2103986871322246e-47
90.75	4.787521239751056e-47
90.875	4.25120521840529e-47
91.0	4.240434931178884e-47
91.125	3.731635496848996e-47
91.25	3.4039642256240036e-47
91.375	3.499256171649121e-47
91.5	3.463312848606723e-47
91.625	2.792033367693025e-47
91.75	3.626848392269039e-47
91.875	3.485390511542416e-47
92.0	3.3864124465520997e-47
92.125	3.158900744401801e-47
92.25	3.254236304095396e-47
92.375	3.5534284012095996e-47
92.5	3.874054738029025e-47
92.625	3.559869862976025e-47
92.75	3.3241736309886083e-47
92.875	2.9890911132015605e-47
93.0	3.3681364387799037e-47
93.125	3.319544111785225e-47
93.25	3.184974464194084e-47
93.375	3.3349525449063037e-47
93.5	3.765561482517241e-47
93.625	3.443416454558161e-47
93.75	3.477772622405449e-47
93.875	3.431726882769249e-47
94.0	2.868541308325225e-47
94.125	3.321823886890755e-47
94.25	3.493260829346597e-47
94.375	3.607706199585856e-47
94.5	3.2664204868964487e-47
94.625	2.9819359164810253e-47
94.75	2.61154635103068e-47
94.875	3.579916927413649e-47
95.0	3.711673583332036e-47
95.125	2.9873799970248996e-47
95.25	3.2401779507987213e-47
95.375	3.4975774497024007e-47
95.5	3.0623115094803354e-47
95.625	3.7250211077684005e-47
95.75	3.6070134525458887e-47
95.875	3.4239099632425963e-47
96.0	3.7589075166049e-47
96.125	4.000620437209764e-47
96.25	3.4731901893532834e-47
96.375	3.0326026909411835e-47
96.5	3.3691288053748087e-47
96.625	3.4278965241940807e-47
96.75	3.448165823577225e-47
96.875	4.3478290753249e-47
97.0	4.41706172963844e-47
97.125	4.467172137326649e-47
97.25	5.397889831130888e-47
97.375	5.305025064373607e-47
97.5	5.114870810805624e-47
97.625	4.3327760692782775e-47
97.75	4.836300895816325e-47
97.875	4.380709173329475e-47
98.0	4.0328370153628843e-47
98.125	3.541291207545e-47
98.25	3.1928853176068837e-47
98.375	3.6057924481590006e-47
98.5	3.278319503205321e-47
98.625	2.6423175504964835e-47
98.75	2.900497279750225e-47
98.875	3.397871575300225e-47
99.0	3.482439394766809e-47
99.125	3.7737390113467566e-47
99.25	3.635438306803215e-47
99.375	3.216074685518916e-47
99.5	2.8740804564234016e-47
99.625	3.1549070201364806e-47
99.75	3.572188721484099e-47
99.875	5.446333728518398e-47
100.0	7.988821582123264e-47
100.125	3.4139059722496007e-47
100.25	3.0144891862444955e-47
100.375	2.917725771264528e-47
100.5	2.8628898957604e-47
100.625	2.7514892575296e-47
100.75	3.054523195243081e-47
100.875	2.9000812011696036e-47
101.0	3.142805784497289e-47
101.125	3.3787187168020085e-47
101.25	3.0002293083738013e-47
101.375	2.9260439941264e-47
101.5	3.494213529568129e-47
101.625	3.000866148746244e-47
101.75	2.5195670377935206e-47
101.875	2.490115888925721e-47
102.0	2.959171452603289e-47
102.125	3.0280619644532406e-47
102.25	3.0643032321102013e-47
102.375	3.566522354055424e-47
102.5	3.4033532798867566e-47
102.625	3.282201046507009e-47
102.75	3.0037949722445443e-47
102.875	2.925522669786201e-47
103.0	2.772122114694916e-47
103.125	2.9173761903330806e-47
103.25	2.9842227542416e-47
103.375	3.6039399574149754e-47
103.5	2.9268955868256806e-47
103.625	2.5507757320920247e-47
103.75	3.2220011596302763e-47
103.875	3.4485887457985956e-47
104.0	3.3785119050010244e-47
104.125	3.634336687411601e-47
104.25	3.8288934430708095e-47
104.375	3.433767911886321e-47
104.5	3.068583313092025e-47
104.625	2.969125335481761e-47
104.75	3.197505192041169e-47
104.875	3.164318105161984e-47
105.0	2.951532561904081e-47
105.125	2.5308022981263995e-47
105.25	2.7479700477350568e-47
105.375	3.116787356958025e-47
105.5	3.334064770132321e-47
105.625	3.2141501075756252e-47
105.75	3.2956617008853155e-47
105.875	3.2151436808041693e-47
106.0	3.390464465013025e-47
106.125	3.486574780200625e-47
106.25	3.1672668608825763e-47
106.375	2.8349071368717156e-47
106.5	2.775112441400896e-47
106.625	2.582920305908721e-47
106.75	3.061196768454889e-47
106.875	3.128986118150281e-47
107.0	2.8379106719379357e-47
107.125	3.8637939920117754e-47
107.25	3.0835354766272805e-47
107.375	3.0352844865490557e-47
107.5	3.254618522941696e-47
107.625	3.115636732416321e-47
107.75	2.903196429417124e-47
107.875	3.397430208175441e-47
108.0	3.035722935786025e-47
108.125	2.9200169304267606e-47
108.25	3.1734996137953293e-47
108.375	3.112952024007225e-47
108.5	3.4994794243344038e-47
108.625	3.527592831305764e-47
108.75	4.173203411312896e-47
108.875	4.692487286999824e-47
109.0	4.2792609059235997e-47
109.125	3.9947757011606435e-47
109.25	3.7250412486694564e-47
109.375	3.602927995116026e-47
109.5	3.8365998969258493e-47
109.625	3.8755505553664e-47
109.75	3.2716394598730087e-47
109.875	3.0373222931766484e-47
110.0	3.140293084269124e-47
110.125	3.0182963580725764e-47
110.25	2.7201701025625e-47
110.375	2.587860981066529e-47
110.5	2.792641691393401e-47
110.625	2.6789627151378086e-47
110.75	2.409654520885824e-47
110.875	2.667860717190244e-47
111.0	2.914414559561125e-47
111.125	3.1152125308999208e-47
111.25	2.834375255800201e-47
111.375	2.9225971271024996e-47
111.5	2.7544696975737645e-47
111.625	2.678482105434916e-47
111.75	2.957805343432681e-47
111.875	2.739869315625121e-47
112.0	2.7347703718810235e-47
112.125	2.7610437575532247e-47
112.25	2.6912199126269606e-47
112.375	2.9300997711168163e-47
112.5	3.0082162253952644e-47
112.625	2.4135895661202093e-47
112.75	2.7757355675624997e-47
112.875	3.0381886038947556e-47
113.0	2.869289894457009e-47
113.125	2.963869191562041e-47
113.25	3.559490763915024e-47
113.375	3.3255818463081644e-47
113.5	2.8248085475491836e-47
113.625	2.702495641294089e-47
113.75	3.0714518825037604e-47
113.875	3.173045579422848e-47
114.0	2.7504327127066238e-47
114.125	2.347637197666084e-47
114.25	2.6293935949777693e-47
114.375	3.221182466833444e-47
114.5	3.3750906059808993e-47
114.625	2.6468577065596405e-47
114.75	2.610134557954576e-47
114.875	2.368083189332025e-47
115.0	2.388464466742561e-47
115.125	2.377523849699881e-47
115.25	2.6064792626161003e-47
115.375	2.519748948804201e-47
115.5	2.4575803853721207e-47
115.625	2.7172506095805154e-47
115.75	2.671350285601449e-47
115.875	2.633306300694001e-47
116.0	3.1640054627570483e-47
116.125	2.8218870689449687e-47
116.25	2.7432631838688997e-47
116.375	2.5911506339957156e-47
116.5	2.7760530579571687e-47
116.625	3.196398899183616e-47
116.75	2.902338271209316e-47
116.875	2.683450415724961e-47
117.0	2.673123172085025e-47
117.125	2.484106740182596e-47
117.25	3.0096130168036e-47
117.375	3.2048260406594893e-47
117.5	2.7996965700412804e-47
117.625	2.918519319915684e-47
117.75	2.9391962880660247e-47
117.875	2.862016209774225e-47
118.0	3.344687465892529e-47
118.125	2.7310548176550246e-47
118.25	2.905447488253209e-47
118.375	3.2780814345390235e-47
118.5	3.0584282241513646e-47
118.625	2.740094921879056e-47
118.75	2.901112243176676e-47
118.875	2.442420810089316e-47
119.0	2.4584728973401e-47
119.125	2.7606126899900888e-47
119.25	2.806111606889536e-47
119.375	2.620138555169521e-47
119.5	3.239653373710209e-47
119.625	3.6557639693713953e-47
119.75	3.007546578256609e-47
119.875	2.9756280942651235e-47
120.0	3.6793677303152643e-47
120.125	2.855035796526225e-47
120.25	3.006761853266704e-47
120.375	3.146729465744089e-47
120.5	2.911029152234116e-47
120.625	2.7531862168809694e-47
120.75	2.688560526471561e-47
120.875	2.5104279515972404e-47
121.0	2.9615580591996e-47
121.125	3.130932480829696e-47
121.25	3.0590384685306247e-47
121.375	2.7961417904022487e-47
121.5	3.2953007301841004e-47
121.625	2.979945055410129e-47
121.75	3.234215894607889e-47
121.875	3.212891295546383e-47
122.0	2.406353094395649e-47
122.125	2.8991914123395997e-47
122.25	3.355313386954489e-47
122.375	2.739959661701376e-47
122.5	2.5677867786755565e-47
122.625	2.6055190311612243e-47
122.75	2.7541273088484e-47
122.875	2.8614850011224997e-47
123.0	3.1880012586625443e-47
123.125	3.207322513699984e-47
123.25	2.604391482831121e-47
123.375	3.3044222126828157e-47
123.5	3.395654187706564e-47
123.625	2.7631028793006245e-47
123.75	3.024904960746496e-47
123.875	3.0246228217580405e-47
124.0	3.1723941024801e-47
124.125	3.0957389376032253e-47
124.25	2.7676350175724887e-47
124.375	2.737721653390564e-47
124.5	2.400691603903609e-47
124.625	2.991214098312049e-47
124.75	3.108541410947025e-47
124.875	2.6956232656496637e-47
125.0	2.6476612764849e-47
125.125	2.9408815117110246e-47
125.25	3.087881419926681e-47
125.375	2.9344541210424034e-47
125.5	2.534275079629056e-47
125.625	2.575966587348361e-47
125.75	3.381264333849599e-47
125.875	3.4233148998282006e-47
126.0	2.7243011138462443e-47
126.125	2.524084428231289e-47
126.25	2.647053725624676e-47
126.375	2.9376249324193206e-47
126.5	2.661891718738576e-47
126.625	2.663502092920384e-47
126.75	2.7032751685808995e-47
126.875	2.735275983617956e-47
127.0	2.667635832003921e-47
127.125	2.7086460099797157e-47
127.25	2.7548568260929e-47
127.375	2.5191596692953607e-47
127.5	2.9944937817930237e-47
127.625	3.00205050312284e-47
127.75	3.187005565744901e-47
127.875	3.0408620594561443e-47
128.0	3.175091356506601e-47
128.125	2.741028538457889e-47
128.25	3.1532333067809645e-47
128.375	3.190297884529284e-47
128.5	2.639547115569529e-47
128.625	2.3800691125463044e-47
128.75	3.1323868013529e-47
128.875	3.198982469964303e-47
129.0	2.5285138435489003e-47
129.125	2.372983550931841e-47
129.25	2.436238718676361e-47
129.375	2.211939511250121e-47
129.5	3.3378458219726485e-47
129.625	3.090979596503241e-47
129.75	2.9968207928870755e-47
129.875	2.776682718400644e-47
130.0	2.7693805210092154e-47
130.125	3.0625208019622085e-47
130.25	3.076359680133481e-47
130.375	2.8378549496534407e-47
130.5	2.797335704124025e-47
130.625	3.29293493281e-47
130.75	3.3115780248013436e-47
130.875	2.992731227751321e-47
131.0	3.1485374659488997e-47
131.125	2.626509917763169e-47
131.25	2.5374386252700247e-47
131.375	2.2762706268372842e-47
131.5	2.5251447096691232e-47
131.625	2.7542624984206236e-47
131.75	2.5969184404809607e-47
131.875	2.354504043725824e-47
132.0	2.880298983285889e-47
132.125	3.132018992229136e-47
132.25	2.957834711788441e-47
132.375	2.7193836582441e-47
132.5	3.217831701624225e-47
132.625	2.9426460917302444e-47
132.75	2.991247460520805e-47
132.875	2.912147293419225e-47
133.0	2.5554599151242487e-47
133.125	2.4194068115011553e-47
133.25	2.7526084386042484e-47
133.375	3.159950499352969e-47
133.5	3.4145740780034484e-47
133.625	2.821283854146081e-47
133.75	2.482821711182241e-47
133.875	2.6469224280625e-47
134.0	2.8644795650138884e-47
134.125	2.611188844642849e-47
134.25	2.78948760336e-47
134.375	2.976403399667776e-47
134.5	2.6277902859485287e-47
134.625	2.5415627247993963e-47
134.75	2.655443548752016e-47
134.875	2.861977049507601e-47
135.0	2.688300653880625e-47
135.125	2.1218973472992492e-47
135.25	2.965452124081225e-47
135.375	2.9719455188958087e-47
135.5	2.6876011550422405e-47
135.625	2.5126369289640998e-47
135.75	2.8068604795553437e-47
135.875	2.6515265773365756e-47
136.0	2.5283024526439835e-47
136.125	2.9314532955526085e-47
136.25	2.9182041563640247e-47
136.375	3.348359150840064e-47
136.5	3.334991005883161e-47
136.625	2.9727840272370482e-47
136.75	3.0849985216741687e-47
136.875	2.8300707201312806e-47
137.0	3.074283977643076e-47
137.125	2.6374171665240996e-47
137.25	2.8131823015924806e-47
137.375	2.7041136731946487e-47
137.5	2.240711475511716e-47
137.625	2.438376795485929e-47
137.75	2.3926554089597285e-47
137.875	2.5771587332441763e-47
138.0	2.6144607667128036e-47
138.125	2.507082108534441e-47
138.25	2.6371920275456037e-47
138.375	2.7000318808725607e-47
138.5	2.6037465646864e-47
138.625	2.6175676391089e-47
138.75	2.656623327323364e-47
138.875	2.7412187992225e-47
139.0	2.6909110460160637e-47
139.125	2.6150230421916156e-47
139.25	2.935958523084196e-47
139.375	2.905462688694335e-47
139.5	3.218990943767103e-47
139.625	2.918207289548356e-47
139.75	2.6529624988448887e-47
139.875	2.6606291685763694e-47
140.0	2.725994264213025e-47
140.125	2.806192549826064e-47
140.25	2.649729159270401e-47
140.375	2.5655426432065964e-47
140.5	3.032308849491216e-47
140.625	3.1322677031555553e-47
140.75	2.9542409995849e-47
140.875	2.454098253788736e-47
141.0	2.449820853792225e-47
141.125	2.7572055828099997e-47
141.25	2.4527348366586487e-47
141.375	2.387573810193636e-47
141.5	2.5385569282008357e-47
141.625	2.791943752289409e-47
141.75	2.6302987227278444e-47
141.875	2.3864379827971236e-47
142.0	2.305455973946896e-47
142.125	2.3145570897043362e-47
142.25	2.3214972221587236e-47
142.375	2.619209690586225e-47
142.5	2.930492554432577e-47
142.625	2.9652777586444956e-47
142.75	2.967931586583076e-47
142.875	2.9679812713891233e-47
143.0	2.817650631913209e-47
143.125	2.7085052830632037e-47
143.25	2.3909743078081e-47
143.375	2.6545140109445765e-47
143.5	3.047876337380625e-47
143.625	3.261521146453441e-47
143.75	3.0492565725654763e-47
143.875	2.3713714152994407e-47
144.0	2.6306144515142563e-47
144.125	2.3881330288867835e-47
144.25	2.416409960802048e-47
144.375	2.710296597339081e-47
144.5	2.6104250607977607e-47
144.625	2.746917428347849e-47
144.75	2.738156895414801e-47
144.875	2.3907691379220644e-47
145.0	2.3777662898990245e-47
145.125	2.6865397414492805e-47
145.25	2.781967933764496e-47
145.375	2.6187815511370243e-47
145.5	2.5302133371030757e-47
145.625	2.5783135797474086e-47
145.75	2.349890194143555e-47
145.875	2.4754662874673636e-47
146.0	3.0967828200750247e-47
146.125	3.011002889231236e-47
146.25	2.8024308911160806e-47
146.375	2.863892150469025e-47
146.5	2.7281094309282487e-47
146.625	3.0282402572436013e-47
146.75	2.737910648202304e-47
146.875	2.3387165849578407e-47
147.0	2.299042541582224e-47
147.125	2.374411356996625e-47
147.25	2.7014724549274803e-47
147.375	2.9321810212466887e-47
147.5	3.2065640130939604e-47
147.625	2.7108936601350486e-47
147.75	2.5718370726380893e-47
147.875	2.4814079953952886e-47
148.0	2.4368797273166443e-47
148.125	2.5092896136961003e-47
148.25	3.3208713595080034e-47
148.375	2.808355980917776e-47
148.5	2.5071681308569e-47
148.625	2.1978215976648996e-47
148.75	2.676976170687009e-47
148.875	2.8672537930015356e-47
149.0	3.3309092588409e-47
149.125	2.5502841381142437e-47
149.25	2.595868771209561e-47
149.375	2.7758503172229205e-47
149.5	2.8132370385618485e-47
149.625	2.848964709981636e-47
149.75	2.905637119297444e-47
149.875	2.941496944753761e-47
150.0	2.688997754669209e-47
150.125	2.4812816693762253e-47
150.25	2.266528043476489e-47
150.375	2.2555451550563997e-47
150.5	2.5212855154592157e-47
150.625	2.6575230252665606e-47
150.75	2.753459701549561e-47
150.875	2.7108600254464e-47
151.0	2.8207075775915555e-47
151.125	2.7388596975014565e-47
151.25	2.5614736246660086e-47
151.375	2.5475342273948164e-47
151.5	2.685284728191289e-47
151.625	3.156032176673475e-47
151.75	3.231828243387241e-47
151.875	3.231510464333376e-47
152.0	2.6298412675924844e-47
152.125	2.2404004877711605e-47
152.25	2.319490782632464e-47
152.375	3.0803373576193687e-47
152.5	3.051124843312144e-47
152.625	2.8885080416049644e-47
152.75	2.9147300582975997e-47
152.875	2.945737524073201e-47
153.0	2.8095664925583356e-47
153.125	2.3423130697076007e-47
153.25	2.087858290975744e-47
153.375	2.2557808193937213e-47
153.5	2.4330770646653606e-47
153.625	2.4380161378654404e-47
153.75	2.5365427702664035e-47
153.875	2.564018876644164e-47
154.0	2.9783695013136e-47
154.125	2.7625510771205765e-47
154.25	2.456483931059041e-47
154.375	2.296833038181796e-47
154.5	2.358741055864384e-47
154.625	2.5224500755520007e-47
154.75	2.766729597283521e-47
154.875	2.444777764753636e-47
155.0	2.3419621045553286e-47
155.125	2.2170730324980254e-47
155.25	2.624436567855025e-47
155.375	2.7082609973120247e-47
155.5	2.4998091036442803e-47
155.625	2.1005768072025e-47
155.75	2.0713600757668087e-47
155.875	2.1588702137587363e-47
156.0	2.562266051806561e-47
156.125	2.5528128115354237e-47
156.25	2.170299466579729e-47
156.375	2.671558684017129e-47
156.5	2.625377528679844e-47
156.625	2.446524166447201e-47
156.75	2.4063868440739695e-47
156.875	2.6810965298416357e-47
157.0	2.675590041923236e-47
157.125	2.244781864798641e-47
157.25	2.1180173045740837e-47
157.375	2.6221916698756005e-47
157.5	2.936911163612176e-47
157.625	2.8081681735911037e-47
157.75	3.1704899608668163e-47
157.875	2.7619274356458487e-47
158.0	2.2640908803112957e-47
158.125	2.5281405464619234e-47
158.25	2.531963216792689e-47
158.375	2.644716066800809e-47
158.5	2.405413103990121e-47
158.625	2.6370167092758805e-47
158.75	2.3998398201855997e-47
158.875	2.589886858046761e-47
159.0	2.3610866415481957e-47
159.125	2.256637046597476e-47
159.25	2.4044798679660156e-47
159.375	2.686429755408401e-47
159.5	2.565876850615225e-47
159.625	2.7575349297196964e-47
159.75	2.930089702871809e-47
159.875	2.700657121815409e-47
160.0	2.945422196801536e-47
160.125	2.7806259625528807e-47
160.25	3.007564785530361e-47
160.375	3.4960794675437154e-47
160.5	2.729208279330625e-47
160.625	2.0940878830520256e-47
160.75	2.2611578960699554e-47
160.875	2.356462071907217e-47
161.0	2.268628140693924e-47
161.125	2.3237533583556254e-47
161.25	2.3333554420131236e-47
161.375	2.6305816263264164e-47
161.5	2.649154620663721e-47
161.625	2.178924186386704e-47
161.75	2.2902830690376037e-47
161.875	2.1862761502474245e-47
162.0	2.020466989656025e-47
162.125	2.3052466325842553e-47
162.25	2.523109861141489e-47
162.375	2.8288158024117686e-47
162.5	2.680333460731969e-47
162.625	2.278301342718025e-47
162.75	2.6219378924390443e-47
162.875	2.974147918991001e-47
163.0	2.799724719380625e-47
163.125	2.8078805395558443e-47
163.25	2.672459046172224e-47
163.375	2.159502258498025e-47
163.5	2.3306845638828954e-47
163.625	2.367798324960784e-47
163.75	2.1893770930084001e-47
163.875	2.7781033259366564e-47
164.0	3.045785764295044e-47
164.125	2.705791696700625e-47
164.25	2.354892439690756e-47
164.375	2.1750655472096036e-47
164.5	2.428481243022129e-47
164.625	2.7363796220930555e-47
164.75	2.6057283169322254e-47
164.875	2.6504782839776155e-47
165.0	2.1561740274136402e-47
165.125	2.634778858029409e-47
165.25	2.3136127898008406e-47
165.375	2.3378424095376e-47
165.5	2.463292939191184e-47
165.625	3.0504543031227237e-47
165.75	3.3582337930728994e-47
165.875	2.76294255769e-47
166.0	2.6911709409910087e-47
166.125	2.1595333938084e-47
166.25	2.1307724652046806e-47
166.375	2.9187814469595036e-47
166.5	2.510826295557316e-47
166.625	2.444191682480289e-47
166.75	2.6209416428876893e-47
166.875	2.383359788351557e-47
167.0	2.387862109451535e-47
167.125	2.4977628007301283e-47
167.25	2.4470704591441283e-47
167.375	2.1446733395419238e-47
167.5	2.2504414532371237e-47
167.625	2.611345110147684e-47
167.75	2.427401055270244e-47
167.875	2.592305963284249e-47
168.0	2.591740942812736e-47
168.125	2.645240029018609e-47
168.25	2.3574820791802806e-47
168.375	2.606497744084641e-47
168.5	2.80989481725048e-47
168.625	2.768583205859584e-47
168.75	2.674489009873444e-47
168.875	2.821954214840761e-47
169.0	2.866403212517601e-47
169.125	2.6644780076907244e-47
169.25	2.876560152746329e-47
169.375	2.428944789274276e-47
169.5	2.373384575586025e-47
169.625	2.430297043629849e-47
169.75	2.59694198404e-47
169.875	2.754470222404209e-47
170.0	2.549801781695844e-47
170.125	2.6371275278208997e-47
170.25	2.673088118071057e-47
170.375	3.210313105140625e-47
170.5	2.8779779700105205e-47
170.625	2.790323103073081e-47
170.75	2.969638977427236e-47
170.875	2.8902845817086893e-47
171.0	3.1330276646370246e-47
171.125	2.909919101519556e-47
171.25	2.572427814877449e-47
171.375	2.813814885523216e-47
171.5	2.581237137739129e-47
171.625	2.4704234982560245e-47
171.75	2.670036405036025e-47
171.875	2.843962082673721e-47
172.0	2.523851318774809e-47
172.125	1.9331085204368998e-47
172.25	2.3497815129570245e-47
172.375	2.5192316440347037e-47
172.5	2.8274002582764156e-47
172.625	2.6859227706403216e-47
172.75	2.3843890180024357e-47
172.875	2.373808825619001e-47
173.0	2.603312751883561e-47
173.125	2.6050385224180842e-47
173.25	3.182698146975649e-47
173.375	3.045838855996161e-47
173.5	2.982293057640625e-47
173.625	3.129625514619136e-47
173.75	2.4322414514176e-47
173.875	2.681780888815396e-47
174.0	2.6916982395332404e-47
174.125	2.4204297237667686e-47
174.25	2.615190877489969e-47
174.375	2.908711428165841e-47
174.5	2.598574699631089e-47
174.625	2.3861445916160413e-47
174.75	2.4276476019148965e-47
174.875	2.493288111002896e-47
175.0	2.382959972056041e-47
175.125	2.3150058800820644e-47
175.25	2.386581607433104e-47
175.375	2.348456502687376e-47
175.5	2.0003955755115233e-47
175.625	2.4630256307966406e-47
175.75	2.968118124671844e-47
175.875	3.038426615705625e-47
176.0	2.637055942266529e-47
176.125	2.597748848589456e-47
176.25	2.2674148780644e-47
176.375	2.1397456670382248e-47
176.5	2.673613538758009e-47
176.625	2.3964943118160033e-47
176.75	2.471825431111936e-47
176.875	2.4614898564672157e-47
177.0	2.301905276330625e-47
177.125	2.5049315296026806e-47
177.25	2.7279553507482237e-47
177.375	2.5797301506099357e-47
177.5	2.2795983936196e-47
177.625	2.420832671033764e-47
177.75	2.501358684552225e-47
177.875	2.59770450651776e-47
178.0	2.676566719918116e-47
178.125	2.718397008786001e-47
178.25	2.859046674762916e-47
178.375	3.0059311763351286e-47
178.5	2.797244099662441e-47
178.625	2.6534378259639606e-47
178.75	2.879155100902081e-47
178.875	2.5510848333102247e-47
179.0	2.2870409549822886e-47
179.125	2.80627868541104e-47
179.25	2.9764471540806245e-47
179.375	3.45130764720456e-47
179.5	3.2375193020352094e-47
179.625	3.623432366672209e-47
179.75	3.723845461775761e-47
179.875	3.2864586519354487e-47
180.0	3.1085835613369286e-47
180.125	3.1108025471357604e-47
180.25	4.441780888075968e-47
180.375	3.5854831442412155e-47
180.5	2.963476572979329e-47
180.625	2.7032428290129604e-47
180.75	2.6208654650833207e-47
180.875	2.4702555037722246e-47
181.0	2.551095844123876e-47
181.125	2.6177995111980957e-47
181.25	2.9203284090439687e-47
181.375	2.5773962207719693e-47
181.5	2.7416418572761e-47
181.625	2.7397781335521e-47
181.75	2.4099294228250236e-47
181.875	2.7769248010062245e-47
182.0	2.684921484147984e-47
182.125	2.481227971829476e-47
182.25	2.4805085405276165e-47
182.375	2.5374720730489284e-47
182.5	2.281075485487236e-47
182.625	2.062451923179076e-47
182.75	1.828684261081924e-47
182.875	1.983722610078001e-47
183.0	2.1306857770599037e-47
183.125	2.698086988130768e-47
183.25	2.4308243640988804e-47
183.375	2.462846176039041e-47
183.5	2.5462822444900003e-47
183.625	2.5135877125902487e-47
183.75	2.277127679509081e-47
183.875	2.623535317729764e-47
184.0	2.552850301496121e-47
184.125	2.5205758632835693e-47
184.25	2.612529670893921e-47
184.375	2.8649526016635035e-47
184.5	2.4222077657649004e-47
184.625	2.240214568119025e-47
184.75	2.917604128552201e-47
184.875	2.657701395304201e-47
185.0	2.6798093472656253e-47
185.125	2.659983925801024e-47
185.25	2.415509980074244e-47
185.375	2.571616778854321e-47
185.5	2.571932921635983e-47
185.625	2.641331826544321e-47
185.75	2.329517368225476e-47
185.875	2.2448907433572835e-47
186.0	2.238043647057156e-47
186.125	2.5107455218756e-47
186.25	2.711245743501376e-47
186.375	2.671516610864656e-47
186.5	2.637299563076025e-47
186.625	2.710614384000721e-47
186.75	2.527975125934729e-47
186.875	2.3282191221341287e-47
187.0	2.1802446537480994e-47
187.125	2.7652912873653693e-47
187.25	2.962507767797775e-47
187.375	2.8714685056272246e-47
187.5	3.055900733160805e-47
187.625	2.9251560721229437e-47
187.75	2.4463940821932964e-47
187.875	2.262670576246369e-47
188.0	2.331725825474809e-47
188.125	2.2330716005197693e-47
188.25	2.694879104450625e-47
188.375	2.6860749336054486e-47
188.5	2.6648456479124485e-47
188.625	2.729939086894761e-47
188.75	2.7072081029822434e-47
188.875	2.8631791563944894e-47
189.0	2.529759338604369e-47
189.125	2.6568266146033957e-47
189.25	2.5298490687360247e-47
189.375	2.493742220888689e-47
189.5	2.916319472749764e-47
189.625	2.751437642405904e-47
189.75	2.627083943377569e-47
189.875	2.272097224243441e-47
190.0	2.197369501227664e-47
190.125	2.126256229931716e-47
190.25	2.6669587544712356e-47
190.375	2.558645149634704e-47
190.5	2.6080315258321e-47
190.625	2.5104089120483605e-47
190.75	3.0072366243287285e-47
190.875	2.9528630961040087e-47
191.0	2.847643281062596e-47
191.125	2.662069719372001e-47
191.25	2.6684397601052484e-47
191.375	2.4866125704749154e-47
191.5	2.932513184403855e-47
191.625	2.849045094343809e-47
191.75	2.867862116275776e-47
191.875	2.7222641214530414e-47
192.0	2.751599203553344e-47
192.125	2.339563740307369e-47
192.25	2.3726145134790806e-47
192.375	2.377408680307684e-47
192.5	2.6939131045264e-47
192.625	2.7291308574950555e-47
192.75	2.664170679516025e-47
192.875	2.658244068818244e-47
193.0	2.6356811130432243e-47
193.125	2.616362908656025e-47
193.25	2.927139370065936e-47
193.375	2.5270981356030007e-47
193.5	2.2069311686161956e-47
193.625	2.467706664984289e-47
193.75	2.486156417722384e-47
193.875	2.3462914791920884e-47
194.0	2.518453628534809e-47
194.125	2.783230882632225e-47
194.25	2.546217251523136e-47
194.375	2.361333004415401e-47
194.5	2.5622251519543285e-47
194.625	2.2062317218326806e-47
194.75	2.1385510980698405e-47
194.875	2.5290746454888363e-47
195.0	3.0139288583461214e-47
195.125	2.775826819165457e-47
195.25	3.0473654678907033e-47
195.375	2.4564546890179557e-47
195.5	2.5320795547715287e-47
195.625	2.3797144518884887e-47
195.75	2.3443198640033286e-47
195.875	2.4716027019266557e-47
196.0	2.585213719930009e-47
196.125	2.3901157432161e-47
196.25	2.397373704258289e-47
196.375	2.424511323412929e-47
196.5	2.37357019249e-47
196.625	2.4579591452404807e-47
196.75	2.435472639858064e-47
196.875	2.7667332792645157e-47
197.0	2.9071701345124e-47
197.125	2.6018214708508085e-47
197.25	2.2839637188338887e-47
197.375	2.568318774887889e-47
197.5	2.8841348679561643e-47
197.625	2.9357063539012805e-47
197.75	2.3858334388600356e-47
197.875	2.067960254478561e-47
198.0	2.342328944097769e-47
198.125	2.224850788968976e-47
198.25	2.210192832985344e-47
198.375	2.6925572594804485e-47
198.5	2.5664755202352362e-47
198.625	2.6470071125593285e-47
198.75	2.3269648454133763e-47
198.875	2.5380021288737436e-47
199.0	2.6622209987912245e-47
199.125	2.569998132132201e-47
199.25	2.4495048836557286e-47
199.375	2.422135025166481e-47
199.5	2.244170336655625e-47
199.625	2.4491197483707237e-47
199.75	2.710965824428096e-47
199.875	2.6507618588025e-47
200.0	2.5897754081068957e-47
200.125	2.926600528548096e-47
200.25	2.7089138383895286e-47
200.375	2.5715399013846087e-47
200.5	2.564536707975025e-47
200.625	2.325784113715456e-47
200.75	2.1721237101783034e-47
200.875	2.4598410823362246e-47
201.0	2.7247898882303997e-47
201.125	2.4601045475124807e-47
201.25	2.0972306595719606e-47
201.375	2.2093693414370403e-47
201.5	2.3405295761603994e-47
201.625	2.301252147791424e-47
201.75	2.4317775906852487e-47
201.875	2.6552179508432483e-47
202.0	2.401242556125625e-47
202.125	2.273711880737025e-47
202.25	2.3922027730224995e-47
202.375	2.3833486574807037e-47
202.5	2.5056986437581163e-47
202.625	2.726384712462436e-47
202.75	2.735858112095761e-47
202.875	2.478565939899205e-47
203.0	2.2625399576748962e-47
203.125	1.9575064939760887e-47
203.25	2.299309237938769e-47
203.375	2.714791698017569e-47
203.5	2.638725360675625e-47
203.625	2.401427397018321e-47
203.75	2.8894627363607287e-47
203.875	3.155452665109056e-47
204.0	3.086720476460644e-47
204.125	2.5952697395640997e-47
204.25	2.526409279033201e-47
204.375	2.481494472789201e-47
204.5	2.3291895633756837e-47
204.625	2.3631431693332404e-47
204.75	2.494029369106564e-47
204.875	2.3016452419662247e-47
205.0	2.678137124019841e-47
205.125	2.6409010605312035e-47
205.25	3.055799681786944e-47
205.375	2.816055438777361e-47
205.5	2.504892191014404e-47
205.625	3.1296136547025e-47
205.75	2.885463554013121e-47
205.875	2.0873853942955686e-47
206.0	2.68527705887628e-47
206.125	2.661581134784196e-47
206.25	2.4194630822894443e-47
206.375	2.394342287688289e-47
206.5	2.2978516592717443e-47
206.625	2.654173152494224e-47
206.75	2.326339039586769e-47
206.875	2.596478674567716e-47
207.0	2.2721939883112955e-47
207.125	2.2854627808321965e-47
207.25	2.591999669539225e-47
207.375	2.5844927881406484e-47
207.5	2.1700679379841442e-47
207.625	2.3051726931817963e-47
207.75	2.2575162426089287e-47
207.875	2.1397460370973207e-47
208.0	2.108136902460304e-47
208.125	2.4846283018341157e-47
208.25	2.675747912327424e-47
208.375	2.527541639214244e-47
208.5	2.264925077730441e-47
208.625	2.4389357094787237e-47
208.75	2.727073155760996e-47
208.875	2.599454827552801e-47
209.0	2.263468258998241e-47
209.125	2.5342253423881e-47
209.25	2.6521016820736e-47
209.375	2.375739963682969e-47
209.5	2.470589410840576e-47
209.625	2.5702302197638436e-47
209.75	2.6270581108772245e-47
209.875	2.5945417019827355e-47
210.0	2.7933073723590015e-47
210.125	2.751526710270009e-47
210.25	2.451392692194681e-47
210.375	2.6737111624594803e-47
210.5	2.4641154029804484e-47
210.625	2.411223832557796e-47
210.75	2.710855131252129e-47
210.875	2.4354719489510006e-47
211.0	2.086693097072896e-47
211.125	2.2162033488117605e-47
211.25	2.508290161305889e-47
211.375	2.3032976215384887e-47
211.5	1.9476312174006246e-47
211.625	2.4162248391121005e-47
211.75	2.692264297317157e-47
211.875	2.4967868331081637e-47
212.0	2.350180766267569e-47
212.125	2.6868079260871844e-47
212.25	2.629682603545761e-47
212.375	2.271900461104849e-47
212.5	2.3038893133294094e-47
212.625	2.2453580319736805e-47
212.75	2.5855320194081287e-47
212.875	2.5735080423600247e-47
213.0	2.947163383055089e-47
213.125	2.9640827146921003e-47
213.25	2.731751899274896e-47
213.375	2.3166384043609e-47
213.5	2.544176954827225e-47
213.625	2.8600323197328997e-47
213.75	2.760856593173316e-47
213.875	2.6294721528676406e-47
214.0	2.52137549689e-47
214.125	2.160186171706809e-47
214.25	2.507951212143601e-47
214.375	2.479436161959969e-47
214.5	2.4924958397096037e-47
214.625	2.725393870143025e-47
214.75	2.7520904205369e-47
214.875	2.9040429666239286e-47
215.0	3.087968996833009e-47
215.125	2.717145417800025e-47
215.25	2.552882941227844e-47
215.375	2.8248024885746416e-47
215.5	2.809279740964321e-47
215.625	2.477185986767569e-47
215.75	2.6272523702928997e-47
215.875	2.386831934985796e-47
216.0	2.902805910757636e-47
216.125	2.5034551930116e-47
216.25	2.3771988275886756e-47
216.375	2.5360366362919286e-47
216.5	2.722254103800625e-47
216.625	2.914277114562025e-47
216.75	2.784585830180625e-47
216.875	2.7772144287140885e-47
217.0	3.1663196524036e-47
217.125	3.0142461844268e-47
217.25	2.8986507346961606e-47
217.375	2.897800139025961e-47
217.5	2.9727884981446556e-47
217.625	2.9712456894299556e-47
217.75	3.0388647405582014e-47
217.875	2.7870863837367693e-47
218.0	2.7316154862898805e-47
218.125	2.6212155440048635e-47
218.25	2.9985582661826487e-47
218.375	2.3816595074580013e-47
218.5	2.44749857284e-47
218.625	2.4338979223716007e-47
218.75	2.4811706884452017e-47
218.875	2.6672168704610255e-47
219.0	2.178051937516816e-47
219.125	2.1476299941158405e-47
219.25	2.5090100034203613e-47
219.375	2.6101061522832038e-47
219.5	2.313417123020025e-47
219.625	2.5055957277174755e-47
219.75	2.551512050100036e-47
219.875	2.5242520325442253e-47
220.0	2.3587787439076e-47
220.125	2.8154408558899835e-47
220.25	2.7933990180434556e-47
220.375	2.488875802385955e-47
220.5	2.866237244637001e-47
220.625	2.683318632976081e-47
220.75	2.4183855907430557e-47
220.875	2.721031566866064e-47
221.0	2.7428865073854763e-47
221.125	2.517962549924416e-47
221.25	2.3976115723297444e-47
221.375	2.8748582894670246e-47
221.5	2.8338154236896484e-47
221.625	2.7609386672832247e-47
221.75	2.8313935999272807e-47
221.875	2.6799389730881287e-47
222.0	2.8243368173600994e-47
222.125	2.2652651774192034e-47
222.25	2.2161912030735995e-47
222.375	2.3663892429292085e-47
222.5	2.3822450728295037e-47
222.625	2.4140055042009e-47
222.75	2.588312633713444e-47
222.875	2.4304877322005286e-47
223.0	2.610671535962361e-47
223.125	2.5165697650997765e-47
223.25	2.4567774514920995e-47
223.375	2.535266301639184e-47
223.5	2.720751873323929e-47
223.625	2.557562887956609e-47
223.75	2.790260982972241e-47
223.875	2.6706827624652013e-47
224.0	2.323909931888601e-47
224.125	2.800858535767045e-47
224.25	3.0072595467721963e-47
224.375	3.0498967172569e-47
224.5	2.8038923819148483e-47
224.625	2.3759548213502887e-47
224.75	2.346610409330625e-47
224.875	3.151186389014041e-47
225.0	3.1384884614617965e-47
225.125	2.5549060011820843e-47
225.25	2.1706190615494095e-47
225.375	2.323370334627904e-47
225.5	2.463836335606116e-47
225.625	2.479894088146225e-47
225.75	2.6797721787782563e-47
225.875	2.3910931304280245e-47
226.0	2.5316634273470444e-47
226.125	2.831337835240489e-47
226.25	3.1032510200625606e-47
226.375	3.081245861478841e-47
226.5	2.834395060687369e-47
226.625	2.480516210457961e-47
226.75	2.511882485891856e-47
226.875	2.609041255500625e-47
227.0	2.3870399650196486e-47
227.125	2.776559942183329e-47
227.25	2.8430234664001e-47
227.375	2.4737204269801e-47
227.5	2.7199110014507557e-47
227.625	2.590789945438809e-47
227.75	3.040192647995364e-47
227.875	2.7670150106757756e-47
228.0	2.3407408037272093e-47
228.125	2.571685239309796e-47
228.25	2.344954185024529e-47
228.375	2.6012797935240487e-47
228.5	2.5581697921926086e-47
228.625	2.8408741166222006e-47
228.75	2.7653143200975356e-47
228.875	3.0848964349203356e-47
229.0	2.862865604097009e-47
229.125	2.5369080238819837e-47
229.25	2.735139273476481e-47
229.375	2.9807805420756246e-47
229.5	2.916666614093584e-47
229.625	3.401957388342601e-47
229.75	3.2639028283529293e-47
229.875	2.406454540363129e-47
230.0	2.476375278028864e-47
230.125	2.642623615667025e-47
230.25	2.730296062495225e-47
230.375	2.5913502807642484e-47
230.5	2.0095137217600002e-47
230.625	2.0603715682118558e-47
230.75	2.7919093014674406e-47
230.875	2.7766508911720955e-47
231.0	2.2269220545756245e-47
231.125	2.535522798300625e-47
231.25	2.800548838124944e-47
231.375	2.4393514550236807e-47
231.5	2.373773063989924e-47
231.625	3.183966153102736e-47
231.75	2.907295010358244e-47
231.875	2.4552793031006247e-47
232.0	2.5748252567656957e-47
232.125	2.526467182800625e-47
232.25	2.287082082961809e-47
232.375	2.5054812010675237e-47
232.5	2.545259710621489e-47
232.625	2.5967931823875995e-47
232.75	2.996933783970564e-47
232.875	2.504552170341001e-47
233.0	2.5717776370138093e-47
233.125	2.540685699196225e-47
233.25	2.725112282001664e-47
233.375	2.871839226127936e-47
233.5	2.394787491872356e-47
233.625	2.23585231104e-47
233.75	2.616599944954944e-47
233.875	2.624511568020169e-47
234.0	2.576811405863809e-47
234.125	2.485774992857209e-47
234.25	2.5538049229842244e-47
234.375	2.495348965227023e-47
234.5	2.285576083674601e-47
234.625	2.653216846096996e-47
234.75	3.011660079416836e-47
234.875	2.554833215348164e-47
235.0	2.5035082299049004e-47
235.125	2.5626188772038563e-47
235.25	2.577287679796036e-47
235.375	2.530169877030436e-47
235.5	2.4206744401224996e-47
235.625	2.563265668719616e-47
235.75	2.724498831479824e-47
235.875	2.455563931000609e-47
236.0	2.3236874139388807e-47
236.125	1.9505977500871839e-47
236.25	2.2289093026782764e-47
236.375	2.4897955344182006e-47
236.5	2.409462197030529e-47
236.625	2.411039597066244e-47
236.75	2.0405122039768406e-47
236.875	2.2518327641104e-47
237.0	2.4735338191139565e-47
237.125	2.3201031431676008e-47
237.25	2.724050688768721e-47
237.375	2.816742692124036e-47
237.5	2.321192144277504e-47
237.625	2.223507072030084e-47
237.75	2.6716903844296084e-47
237.875	2.8781567238870247e-47
238.0	2.5644897131056806e-47
238.125	2.4810791360266236e-47
238.25	2.9222479031523997e-47
238.375	2.4362799823639694e-47
238.5	2.303253468481729e-47
238.625	2.4903744829371043e-47
238.75	2.4493086004401e-47
238.875	2.6597877379969004e-47
239.0	2.9816138524723356e-47
239.125	2.8254488158124013e-47
239.25	2.6328073299703213e-47
239.375	2.354822560992196e-47
239.5	2.7413716827721e-47
239.625	2.860150937983641e-47
239.75	2.6563693322404837e-47
239.875	2.721416651505601e-47
240.0	2.895340897290384e-47
240.125	2.525242096693369e-47
240.25	2.613104211597961e-47
240.375	2.3672159975539364e-47
240.5	2.353396000546969e-47
240.625	2.383454597085769e-47
240.75	2.4170850317718806e-47
240.875	2.536439021277184e-47
241.0	2.8101250906357693e-47
241.125	2.561405603929561e-47
241.25	2.611574151294969e-47
241.375	2.398113983773764e-47
241.5	2.426568584805369e-47
241.625	2.0914114337303038e-47
241.75	2.413875992588944e-47
241.875	2.4257158669242486e-47
242.0	2.3379385327907557e-47
242.125	2.844245159046225e-47
242.25	3.152469550978449e-47
242.375	2.8194521890081954e-47
242.5	2.9288993901602487e-47
242.625	2.484691108248976e-47
242.75	2.5392251660256253e-47
242.875	2.855543535045796e-47
243.0	2.712267341601489e-47
243.125	2.790008283839841e-47
243.25	2.555046824495841e-47
243.375	2.4437402285084014e-47
243.5	2.622097756454929e-47
243.625	2.3707843638714013e-47
243.75	2.5029581745623286e-47
243.875	2.4631944711364004e-47
244.0	2.785949869281604e-47
244.125	2.579555432376976e-47
244.25	2.658187561372996e-47
244.375	2.7779234901200997e-47
244.5	3.0128109934682414e-47
244.625	3.18437875809e-47
244.75	2.653904643987844e-47
244.875	2.8010991295189207e-47
245.0	2.711255011902369e-47
245.125	2.8243840098643555e-47
245.25	3.000382568959504e-47
245.375	2.708519542946721e-47
245.5	3.0178186272249756e-47
245.625	2.686703014229056e-47
245.75	2.5369183996445604e-47
245.875	2.4548840029297963e-47
246.0	2.4660123082815997e-47
246.125	2.724475656180099e-47
246.25	2.6143349840026235e-47
246.375	2.571754917775729e-47
246.5	2.6419991669451603e-47
246.625	2.704595328764177e-47
246.75	2.9192780727583358e-47
246.875	3.043471482222889e-47
247.0	2.586354298988944e-47
247.125	2.1280019025334405e-47
247.25	2.308985766336649e-47
247.375	2.551859486860489e-47
247.5	2.6240119969623213e-47
247.625	2.6423221768115287e-47
247.75	2.7365095627089634e-47
247.875	2.9601998867829607e-47
248.0	2.7962636239246805e-47
248.125	2.4931067582403997e-47
248.25	2.440409103847009e-47
248.375	2.1869287484520998e-47
248.5	2.7540070265059557e-47
248.625	2.680689352839876e-47
248.75	2.5463769096430444e-47
248.875	2.2615814107515692e-47
249.0	2.0118239929963213e-47
249.125	1.8108498948627238e-47
249.25	2.6028618330625e-47
249.375	3.155872519185409e-47
249.5	2.6019313433569003e-47
249.625	2.657647368140625e-47
249.75	3.3316168704256e-47
249.875	2.9041361956414444e-47
250.0	2.487951950631876e-47
250.125	2.5045300502783997e-47
250.25	2.2274383461050247e-47
250.375	2.4339659058576e-47
250.5	2.8223741072924406e-47
250.625	2.790718131253503e-47
250.75	2.7898342957299235e-47
250.875	2.542669632361881e-47
251.0	2.8023919288901287e-47
251.125	3.055637936730625e-47
251.25	2.6967884626945446e-47
251.375	2.467067674072225e-47
251.5	2.9393841980237443e-47
251.625	3.0914345044489003e-47
251.75	2.8157288768873644e-47
251.875	2.292919211038096e-47
252.0	2.717339226634816e-47
252.125	2.718318697700004e-47
252.25	2.877452791907236e-47
252.375	2.120546871964816e-47
252.5	2.049388925611329e-47
252.625	2.543524910423641e-47
252.75	2.649232546724416e-47
252.875	2.662884573891025e-47
253.0	2.6832768817267357e-47
253.125	2.6009832720268963e-47
253.25	2.273903190782521e-47
253.375	2.2097374915440246e-47
253.5	2.2653098215634406e-47
253.625	2.238575987942464e-47
253.75	2.245978347196516e-47
253.875	2.1482755013570487e-47
254.0	2.431217623849641e-47
254.125	2.201926719294864e-47
254.25	2.2599209619678756e-47
254.375	2.1220305666430084e-47
254.5	2.273917305700881e-47
254.625	2.786661734123281e-47
254.75	2.6120406454481285e-47
254.875	2.373529950518769e-47
255.0	2.6782251009680404e-47
255.125	2.906906264927289e-47
255.25	2.774741064507721e-47
255.375	3.118376094826084e-47
255.5	2.9746973374977963e-47
255.625	2.543487892464016e-47
255.75	2.6394088117813286e-47
255.875	2.652969194748324e-47
256.0	2.6044432307925163e-47
256.125	2.451999444158224e-47
256.25	2.7505492457710413e-47
256.375	3.003225774873025e-47
256.5	2.729970749770884e-47
256.625	1.9879040839027233e-47
256.75	2.0482239274068644e-47
256.875	2.368776492526084e-47
257.0	2.9341364732289e-47
257.125	2.9233281863317213e-47
257.25	3.0165287890142247e-47
257.375	3.01522890321e-47
257.5	3.0706714980496e-47
257.625	3.2697193677316e-47
257.75	3.0098076630177964e-47
257.875	2.663203490875225e-47
258.0	2.5039695745024e-47
258.125	2.784075047992225e-47
258.25	2.8874629064739237e-47
258.375	3.0642340373145757e-47
258.5	2.5727862085695997e-47
258.625	2.817269519293849e-47
258.75	2.5470600041808357e-47
258.875	2.335639369373209e-47
259.0	2.4732592915518756e-47
259.125	2.6393657595585642e-47
259.25	2.8144941198616363e-47
259.375	2.859215428743424e-47
259.5	2.408460941101329e-47
259.625	2.693362650278689e-47
259.75	2.769294953576281e-47
259.875	2.4950506520323236e-47
260.0	2.559373293882001e-47
260.125	2.687404366112761e-47
260.25	2.652753796921881e-47
260.375	3.1910388678969605e-47
260.5	2.7908847508806245e-47
260.625	2.656553951649361e-47
260.75	2.917797720989449e-47
260.875	2.6348103748032157e-47
261.0	2.3024029328563207e-47
261.125	2.6808654955556245e-47
261.25	2.848050350968384e-47
261.375	2.6472841216152244e-47
261.5	2.3858471154779556e-47
261.625	2.7419747766491605e-47
261.75	2.9674939206346805e-47
261.875	2.8271052604809e-47
262.0	2.8553741413614007e-47
262.125	2.7115709801260087e-47
262.25	2.5916397364225e-47
262.375	2.3438020117832407e-47
262.5	2.267069760427536e-47
262.625	2.577497351745481e-47
262.75	2.8158736358176357e-47
262.875	3.0402613502592246e-47
263.0	2.759741620097049e-47
263.125	2.3471201418913956e-47
263.25	2.1653242769720242e-47
263.375	2.243915289420289e-47
263.5	2.8390190517429163e-47
263.625	2.767513493694244e-47
263.75	2.4026016850282807e-47
263.875	2.651401759831696e-47
264.0	2.673738050656401e-47
264.125	2.928461581328644e-47
264.25	2.888529969542116e-47
264.375	2.8764711217040487e-47
264.5	2.9557174095801e-47
264.625	2.720286305700496e-47
264.75	2.566943947610289e-47
264.875	2.493086186702595e-47
265.0	2.588951668954564e-47
265.125	2.694841520130769e-47
265.25	2.065885849368289e-47
265.375	2.3155715487889963e-47
265.5	2.7363566055584154e-47
265.625	2.6390184776188835e-47
265.75	2.831687118532801e-47
265.875	2.3400388451067033e-47
266.0	2.550387462852321e-47
266.125	3.073467974243689e-47
266.25	2.904042319953889e-47
266.375	2.525330038086244e-47
266.5	2.312918181324864e-47
266.625	2.327837756924241e-47
266.75	2.4909627819261156e-47
266.875	2.7434870441862485e-47
267.0	2.824064830408761e-47
267.125	2.743001414016241e-47
267.25	2.704847562406201e-47
267.375	3.119165756658064e-47
267.5	3.1843917370722253e-47
267.625	3.588765019315204e-47
267.75	3.227875138329664e-47
267.875	2.539737867139344e-47
268.0	2.447895850726225e-47
268.125	3.1285699581716406e-47
268.25	3.3909637276483237e-47
268.375	2.6598635510382245e-47
268.5	2.741755062256441e-47
268.625	2.596848829629796e-47
268.75	2.660282656773184e-47
268.875	3.0240956476012845e-47
269.0	2.9252767904455836e-47
269.125	2.963609511633936e-47
269.25	2.894054159259396e-47
269.375	2.7120775674673204e-47
269.5	2.2440486852748806e-47
269.625	2.077336582084864e-47
269.75	2.721649009169476e-47
269.875	3.134006492911204e-47
270.0	2.7711867968959683e-47
270.125	2.540299710720996e-47
270.25	2.575821128492304e-47
270.375	2.539977353683344e-47
270.5	2.5754534901534764e-47
270.625	2.820051596888964e-47
270.75	3.132021230807296e-47
270.875	2.7906621346515236e-47
271.0	3.0622008341683358e-47
271.125	3.0390119284907557e-47
271.25	3.012490340000964e-47
271.375	2.7171671023612087e-47
271.5	2.937360551446084e-47
271.625	2.8167575525819555e-47
271.75	2.8538904247378555e-47
271.875	3.1509133522020094e-47
272.0	2.783959811877049e-47
272.125	2.4217351190323837e-47
272.25	2.339597211800689e-47
272.375	2.308243039695684e-47
272.5	2.5080450619089964e-47
272.625	2.8188365984420886e-47
272.75	2.8206747555006253e-47
272.875	2.990411054991801e-47
273.0	2.481699713188921e-47
273.125	2.657700570457881e-47
273.25	2.6292506349359605e-47
273.375	2.567475653829697e-47
273.5	2.480048864407921e-47
273.625	2.5124813396169636e-47
273.75	2.608301380827024e-47
273.875	2.774819341314916e-47
274.0	3.208128002034921e-47
274.125	3.225486535196689e-47
274.25	2.898209486070441e-47
274.375	2.913187062706704e-47
274.5	2.914165260694081e-47
274.625	2.7001336230960994e-47
274.75	3.3639095206084e-47
274.875	3.1325834750431686e-47
275.0	3.2393585454217693e-47
275.125	2.9525719482054763e-47
275.25	3.0424493111936042e-47
275.375	3.104065507367881e-47
275.5	2.693130257762884e-47
275.625	2.7679636188736e-47
275.75	3.071268442788676e-47
275.875	3.3345292578166887e-47
276.0	3.615457436998276e-47
276.125	3.007474627159809e-47
276.25	2.749952131680196e-47
276.375	2.9955382963431206e-47
276.5	2.751435439332129e-47
276.625	2.6210845816478413e-47
276.75	2.347512676592769e-47
276.875	2.428553191804609e-47
277.0	2.563898566582116e-47
277.125	2.558060038343824e-47
277.25	2.6819894865331837e-47
277.375	3.208316277284001e-47
277.5	3.8156382803476094e-47
277.625	3.948583956142081e-47
277.75	3.677813599200399e-47
277.875	4.158342308744099e-47
278.0	4.3454258329843357e-47
278.125	4.0514657137656255e-47
278.25	3.9877103188223993e-47
278.375	3.9195325220689e-47
278.5	3.454885141749441e-47
278.625	3.2775633015000486e-47
278.75	3.609257704101604e-47
278.875	3.0691411640289e-47
279.0	2.5873224884329003e-47
279.125	2.525543113867524e-47
279.25	3.355414756587364e-47
279.375	2.950938895277025e-47
279.5	2.4595983616582437e-47
279.625	2.802388117382569e-47
279.75	3.1925629046673605e-47
279.875	3.3173144213614233e-47
280.0	3.442106827419841e-47
280.125	3.180957405600529e-47
280.25	3.218422359161881e-47
280.375	3.177235870650625e-47
280.5	2.9409254380900004e-47
280.625	2.489307557347521e-47
280.75	2.605847052060004e-47
280.875	2.906776329462784e-47
281.0	2.8014624213186486e-47
281.125	2.684060160263055e-47
281.25	2.4352066478829686e-47
281.375	2.500734653963716e-47
281.5	2.387373574613049e-47
281.625	2.833849706227225e-47
281.75	2.5710616235757686e-47
281.875	2.1708108298255206e-47
282.0	2.419595596678225e-47
282.125	2.601396183085456e-47
282.25	3.417409550800996e-47
282.375	3.062982244654656e-47
282.5	3.1026729214961645e-47
282.625	2.9248084259240037e-47
282.75	2.538570733461361e-47
282.875	2.617158562381584e-47
283.0	2.864475925598401e-47
283.125	2.9841741354840247e-47
283.25	2.855635127288449e-47
283.375	3.1687139457515614e-47
283.5	2.870284482401296e-47
283.625	2.970044429556996e-47
283.75	2.9248561259997207e-47
283.875	2.8843227281038807e-47
284.0	2.871974059003204e-47
284.125	3.250146827183481e-47
284.25	2.872953782403364e-47
284.375	2.865346989292096e-47
284.5	2.745727197697969e-47
284.625	2.914702956264121e-47
284.75	2.756209995145161e-47
284.875	2.537167021349401e-47
285.0	3.012574316407929e-47
285.125	3.4087151599452093e-47
285.25	3.1130549086890483e-47
285.375	2.8557348437337764e-47
285.5	2.7833901035283363e-47
285.625	2.7187947338959686e-47
285.75	2.436239903274961e-47
285.875	2.512994141031529e-47
286.0	2.3502422376142094e-47
286.125	2.7896850315659607e-47
286.25	2.8733746645614237e-47
286.375	2.5876225032050407e-47
286.5	3.160161415687969e-47
286.625	2.7047372022397444e-47
286.75	2.549281098044836e-47
286.875	2.537832355871409e-47
287.0	2.5620817013400997e-47
287.125	3.2006193995162893e-47
287.25	3.70676075454793e-47
287.375	3.5665418229219606e-47
287.5	3.4269807737763995e-47
287.625	2.589368508962244e-47
287.75	2.426694791112036e-47
287.875	2.6812628475517435e-47
288.0	2.670752735814276e-47
288.125	2.680319378783601e-47
288.25	2.588739394678336e-47
288.375	2.2902986704142247e-47
288.5	2.583586732710025e-47
288.625	2.877130091320996e-47
288.75	2.5051302292281763e-47
288.875	2.230379044618321e-47
289.0	2.671055791978564e-47
289.125	3.388204559057796e-47
289.25	3.0204875041174438e-47
289.375	2.720111480377344e-47
289.5	2.617619415480976e-47
289.625	2.3740746589235283e-47
289.75	2.3963402070951835e-47
289.875	2.5450003004160155e-47
290.0	2.709628181619921e-47
290.125	2.5521472337259603e-47
290.25	2.840913771849729e-47
290.375	2.4714493825782757e-47
290.5	2.3127412031770236e-47
290.625	2.539764274613477e-47
290.75	2.8219257414836014e-47
290.875	2.6477557494971036e-47
291.0	2.9516817485019243e-47
291.125	3.0715966430281694e-47
291.25	2.811801642227776e-47
291.375	2.9520795616398487e-47
291.5	2.854311083617009e-47
291.625	2.565999841178601e-47
291.75	2.458166087370816e-47
291.875	2.7135761514480087e-47
292.0	2.963219958637156e-47
292.125	3.0822545420191356e-47
292.25	2.761695572074569e-47
292.375	2.3913497582420413e-47
292.5	2.2331999479950253e-47
292.625	2.250884553606144e-47
292.75	2.5875912699303843e-47
292.875	3.2791470279625693e-47
293.0	2.8289027100049e-47
293.125	2.1971064403832037e-47
293.25	2.551591658411525e-47
293.375	2.6083343731410246e-47
293.5	3.060616293728569e-47
293.625	3.147324893848576e-47
293.75	2.7234782721720246e-47
293.875	2.871706432773025e-47
294.0	3.1754278753742253e-47
294.125	2.6760862217336035e-47
294.25	2.767705934038081e-47
294.375	2.5412224422705207e-47
294.5	2.520175441419801e-47
294.625	2.9275766471972246e-47
294.75	2.8959003161449005e-47
294.875	2.6892438667263997e-47
295.0	2.734093611450721e-47
295.125	2.7347048988928355e-47
295.25	2.8943521990658556e-47
295.375	2.504765769093225e-47
295.5	2.1635133104707235e-47
295.625	3.0299454196036e-47
295.75	3.2553974060880996e-47
295.875	2.936866833679689e-47
296.0	2.5691618316099995e-47
296.125	2.418321562603489e-47
296.25	2.5042158758638807e-47
296.375	2.6467536804921003e-47
296.5	2.9556835937076006e-47
296.625	3.1420576424835997e-47
296.75	2.642706072264049e-47
296.875	2.9819387560511606e-47
297.0	2.638889537035129e-47
297.125	2.932066766667844e-47
297.25	3.3599947848734436e-47
297.375	2.967306857432064e-47
297.5	3.00680473356692e-47
297.625	2.625237547133184e-47
297.75	2.4706473672384485e-47
297.875	2.684339204950881e-47
298.0	2.2257544371216036e-47
298.125	2.3501513882896004e-47
298.25	2.633971394817361e-47
298.375	2.800391349788176e-47
298.5	3.0021637023360156e-47
298.625	3.306884025393169e-47
298.75	3.1352217602886013e-47
298.875	2.977394554167049e-47
299.0	3.166894195777225e-47
299.125	3.1421606706904412e-47
299.25	3.091379682431328e-47
299.375	2.1171533329448102e-46
299.5	2.230404358302649e-45
299.625	3.5219268262389755e-45
299.75	2.9514973574592244e-45
299.875	2.2799121598688398e-46
300.0	4.583574344410001e-47
300.125	2.819684765295616e-47
300.25	3.3943697558884006e-47
300.375	3.1431605468266085e-47
300.5	2.6958380085316e-47
300.625	2.7572121989605684e-47
300.75	3.645212833857604e-47
300.875	3.258282458588689e-47
301.0	2.9005460737315235e-47
301.125	2.854810101958929e-47
301.25	3.0292801829766086e-47
301.375	2.598776161545249e-47
301.5	3.023627795650576e-47
301.625	3.01181429024e-47
301.75	2.7372652044544e-47
301.875	3.020407594315225e-47
302.0	3.7584253907760037e-47
302.125	3.6821906423122494e-46
302.25	6.7633804224999995e-46
302.375	1.06149645381025e-46
302.5	2.9860595222328007e-47
302.625	2.606585251153984e-47
302.75	2.6667490896117763e-47
302.875	2.627564328011529e-47
303.0	3.1136225904243356e-47
303.125	3.06080553444964e-46
303.25	4.9005440551009966e-45
303.375	4.0862632013409956e-45
303.5	1.5000493052249999e-46
303.625	3.6029610086088997e-47
303.75	2.336402151286336e-47
303.875	2.660334750735489e-47
304.0	3.125596897933444e-47
304.125	2.8950309693620643e-47
304.25	2.7382100603122805e-47
304.375	2.7076753600675836e-47
304.5	3.1302096992687284e-47
304.625	3.035686351225969e-47
304.75	2.508411663730116e-47
304.875	2.4195122705774436e-47
305.0	2.666435847076849e-47
305.125	2.476555324530001e-47
305.25	2.3375240758107034e-47
305.375	2.8277329202506233e-47
305.5	3.2308015152196e-47
305.625	2.624587901255824e-47
305.75	2.432487158703001e-47
305.875	2.5678881263435556e-47
306.0	2.60070420841e-47
306.125	2.585361375909601e-47
306.25	3.1772439875002087e-47
306.375	2.987660393655025e-47
306.5	2.4455579653718893e-47
306.625	2.4630356558404e-47
306.75	2.826959681443921e-47
306.875	2.796355000808329e-47
307.0	2.8729523888050407e-47
307.125	3.311422651581444e-47
307.25	3.198443706396225e-47
307.375	2.603035400042401e-47
307.5	3.129505909508169e-47
307.625	3.243130854971048e-47
307.75	3.2209665726736e-47
307.875	3.02168990601e-47
308.0	3.106013133434689e-47
308.125	3.4889518360225e-47
308.25	2.9978815914913956e-47
308.375	2.312862971110757e-47
308.5	2.2361344210550885e-47
308.625	2.334647968058025e-47
308.75	2.46598648569e-47
308.875	2.861059106899161e-47
309.0	3.0413868325128997e-47
309.125	3.4339553120016e-47
309.25	3.2140496475229215e-47
309.375	2.7859261173881283e-47
309.5	2.7764403301958444e-47
309.625	2.8114481791942804e-47
309.75	2.7687364296386553e-47
309.875	2.8726563104258886e-47
310.0	2.765097353461249e-47
310.125	3.0162505558416034e-47
310.25	2.634310850989444e-47
310.375	2.296334546407225e-47
310.5	2.494599319889296e-47
310.625	2.7349036212456357e-47
310.75	2.8369149982392034e-47
310.875	3.0248555717239687e-47
311.0	3.0620430146329e-47
311.125	2.641712052217743e-47
311.25	2.6026933735268006e-47
311.375	2.8135388440112033e-47
311.5	2.844176788518976e-47
311.625	2.54715216032376e-47
311.75	2.7392974375368036e-47
311.875	2.8642318759533607e-47
312.0	2.4632508517979034e-47
312.125	2.6534032103280247e-47
312.25	3.0816110103076e-47
312.375	2.8332372298982437e-47
312.5	2.822660251293796e-47
312.625	2.942804818140625e-47
312.75	3.472341123377476e-47
312.875	3.034680472388357e-47
313.0	2.342060828994649e-47
313.125	2.5042987463349607e-47
313.25	2.8034686776752637e-47
313.375	2.9449867364238236e-47
313.5	3.4040413561705688e-47
313.625	3.460455097850688e-47
313.75	3.213838867932901e-47
313.875	2.727487078171801e-47
314.0	2.201872005443881e-47
314.125	2.1723397811899552e-47
314.25	2.9283761880677287e-47
314.375	3.403217119735801e-47
314.5	2.844741483309924e-47
314.625	2.4913510933260963e-47
314.75	2.672712051561841e-47
314.875	2.9568681343764636e-47
315.0	3.0017608850355836e-47
315.125	3.1455250937703606e-47
315.25	3.370910185011599e-47
315.375	3.3616069977206887e-47
315.5	2.925595797355729e-47
315.625	2.605533017314084e-47
315.75	2.519162781152644e-47
315.875	2.739943225514089e-47
316.0	2.518454331113616e-47
316.125	2.567419612823521e-47
316.25	2.9051648319755606e-47
316.375	3.051287794602369e-47
316.5	3.144887439855616e-47
316.625	3.5808789774789156e-47
316.75	3.17847110384076e-47
316.875	3.223739694216196e-47
317.0	3.5598494576966754e-47
317.125	3.3579866976670446e-47
317.25	2.804171232989476e-47
317.375	2.53889602447668e-47
317.5	2.554989706172836e-47
317.625	2.6756290435492893e-47
317.75	2.8119730262416004e-47
317.875	2.547874326519729e-47
318.0	2.671380883272409e-47
318.125	2.675928030973129e-47
318.25	2.8635855157504e-47
318.375	2.883801374875369e-47
318.5	2.945222154549801e-47
318.625	3.3952923267247696e-47
318.75	3.746010160896965e-47
318.875	3.537235776862225e-47
319.0	2.4327303136166556e-47
319.125	2.5332374444507285e-47
319.25	2.9361591174775686e-47
319.375	3.1383579310604007e-47
319.5	3.3696953405519287e-47
319.625	2.923751552619076e-47
319.75	2.253410583890403e-47
319.875	2.3727806157504157e-47
320.0	2.687093748724225e-47
320.125	2.6104593949490253e-47
320.25	2.6436003257301154e-47
320.375	2.6348439449943607e-47
320.5	2.843351287271056e-47
320.625	3.013627468938257e-47
320.75	3.339733915165761e-47
320.875	3.3640755164238016e-47
321.0	3.238185170742916e-47
321.125	3.213637505614116e-47
321.25	2.729644620492001e-47
321.375	2.6956205658419563e-47
321.5	2.886089492741569e-47
321.625	3.4797917848575994e-47
321.75	2.6061191423265687e-47
321.875	2.505678520903009e-47
322.0	3.2586128539161204e-47
322.125	3.3106749545562244e-47
322.25	3.057762300979369e-47
322.375	2.859765250493529e-47
322.5	2.9615262778886488e-47
322.625	2.786954191975321e-47
322.75	3.01040842876172e-47
322.875	3.122250527918404e-47
323.0	3.2200632328512006e-47
323.125	3.25727813225976e-47
323.25	3.228860715994224e-47
323.375	2.9745502973558443e-47
323.5	2.9088373079150442e-47
323.625	2.8443586495358416e-47
323.75	3.457845026261136e-47
323.875	3.128437285029225e-47
324.0	3.2301711888140245e-47
324.125	2.990122545732169e-47
324.25	2.358832459602969e-47
324.375	2.731985115876025e-47
324.5	3.1446663791556246e-47
324.625	3.023010537211921e-47
324.75	2.6303094928908485e-47
324.875	2.8513421321615996e-47
325.0	3.033067822157025e-47
325.125	3.3974383684274006e-47
325.25	2.789714926333505e-47
325.375	2.380555240592357e-47
325.5	2.567317767714436e-47
325.625	2.819079555950025e-47
325.75	2.708083852798009e-47
325.875	2.850345920054161e-47
326.0	2.774789105055289e-47
326.125	2.6499995155973156e-47
326.25	2.392455938656644e-47
326.375	2.7032869190184486e-47
326.5	2.882085130353025e-47
326.625	3.306941761180225e-47
326.75	3.059507060721721e-47
326.875	3.043998687278025e-47
327.0	2.6291431610792405e-47
327.125	3.0308749797446886e-47
327.25	2.9715501852533287e-47
327.375	3.0923029366934407e-47
327.5	2.9460615526379556e-47
327.625	2.4104289990544e-47
327.75	2.6915421820056247e-47
327.875	2.9257661794839034e-47
328.0	3.0754627664910244e-47
328.125	3.246091029423528e-47
328.25	2.9528815718189284e-47
328.375	2.706694166758201e-47
328.5	2.630753858265625e-47
328.625	2.660292869212729e-47
328.75	2.893694810369476e-47
328.875	2.806159070668864e-47
329.0	3.2166444238899604e-47
329.125	2.875337758974976e-47
329.25	2.4753986224108834e-47
329.375	3.1116802776589687e-47
329.5	3.172205194562889e-47
329.625	3.253284619655183e-47
329.75	3.3168839618360252e-47
329.875	3.4126444976083354e-47
330.0	2.846825813767716e-47
330.125	2.550157383840889e-47
330.25	2.684894436145089e-47
330.375	3.259544764010929e-47
330.5	3.622733416587609e-47
330.625	3.26119448698316e-47
330.75	3.126393512162244e-47
330.875	2.7166355427933154e-47
331.0	2.816033044750864e-47
331.125	3.0364715351393447e-47
331.25	3.1828334325592363e-47
331.375	3.1893759271936e-47
331.5	2.942544977752901e-47
331.625	3.2334960720902443e-47
331.75	3.1014770111008355e-47
331.875	3.2516202480803995e-47
332.0	3.6424843675880037e-47
332.125	3.5833213627225004e-47
332.25	2.7988817820826806e-47
332.375	2.7480379858798245e-47
332.5	2.285267638807729e-47
332.625	2.5154164938291837e-47
332.75	2.4224656641025e-47
332.875	2.944977293846025e-47
333.0	3.174766462544357e-47
333.125	3.099185308286929e-47
333.25	2.9810569160911358e-47
333.375	3.3333635959135213e-47
333.5	3.039473802004929e-47
333.625	2.849653831858201e-47
333.75	3.0704724554803357e-47
333.875	3.0298493119004887e-47
334.0	3.344317458845475e-47
334.125	3.148897377511369e-47
334.25	3.238615387239556e-47
334.375	2.4901144916962085e-47
334.5	3.2810591170809005e-47
334.625	3.099088219997025e-47
334.75	3.406716494663057e-47
334.875	3.3751435893121963e-47
335.0	3.227911499642944e-47
335.125	3.132389375869009e-47
335.25	3.344727833638885e-47
335.375	3.0588631428601e-47
335.5	2.912002347072783e-47
335.625	3.5724731022885606e-47
335.75	3.188689798195225e-47
335.875	2.7782829567364e-47
336.0	2.764740633801601e-47
336.125	3.274992936822916e-47
336.25	2.9991352357383215e-47
336.375	3.2473360411016036e-47
336.5	3.516119977734399e-47
336.625	3.7094604405156003e-47
336.75	3.063843571888009e-47
336.875	2.962555556585769e-47
337.0	2.9852071234284013e-47
337.125	3.3207766213923994e-47
337.25	3.619305853884889e-47
337.375	3.5165234452795236e-47
337.5	3.3064504480380483e-47
337.625	2.412461417510596e-47
337.75	2.423408291015625e-47
337.875	2.7435929541451244e-47
338.0	3.0610186146197287e-47
338.125	2.808950604217156e-47
338.25	2.609472786834001e-47
338.375	2.3124929642617694e-47
338.5	2.7274464470016e-47
338.625	3.2580084737870888e-47
338.75	3.51123904909268e-47
338.875	3.4899064296848997e-47
339.0	3.1785654811978237e-47
339.125	2.931467156150625e-47
339.25	2.6549244508696807e-47
339.375	2.7576693626822557e-47
339.5	2.704898322597769e-47
339.625	2.9284548710399996e-47
339.75	3.211346886550009e-47
339.875	3.021728275122001e-47
340.0	3.1131917189362883e-47
340.125	3.124617259772176e-47
340.25	3.032896766914564e-47
340.375	3.1336918808545443e-47
340.5	2.9136656153811606e-47
340.625	2.8712308026736887e-47
340.75	3.3556919958722245e-47
340.875	3.338353444452196e-47
341.0	3.9702127166213754e-47
341.125	3.6725427718740643e-47
341.25	3.4861483541809957e-47
341.375	3.5297212228628495e-47
341.5	3.094268897579409e-47
341.625	3.1226330742756254e-47
341.75	2.6044971227070763e-47
341.875	3.055825663107529e-47
342.0	3.2550517694697214e-47
342.125	2.7928351090929607e-47
342.25	2.5728829882768355e-47
342.375	2.845168721655129e-47
342.5	3.064834563458704e-47
342.625	3.2179414105176034e-47
342.75	3.0741703139304015e-47
342.875	2.8359455934384087e-47
343.0	3.180837613177225e-47
343.125	3.254880156124249e-47
343.25	3.410153898489529e-47
343.375	2.697979778610561e-47
343.5	2.369628879599556e-47
343.625	2.9251892802303606e-47
343.75	2.6884123374096035e-47
343.875	2.677732655656969e-47
344.0	2.6451577386234086e-47
344.125	2.4654817804899235e-47
344.25	2.6127901487806804e-47
344.375	2.6699093957995553e-47
344.5	2.8324349253906247e-47
344.625	3.6683075845680244e-47
344.75	3.0491568459272405e-47
344.875	2.2474241230700253e-47
345.0	2.523299535327025e-47
345.125	3.2806719121225e-47
345.25	3.412398329253169e-47
345.375	3.2235826482196085e-47
345.5	3.0046003586352245e-47
345.625	3.042499615864164e-47
345.75	3.059668686889984e-47
345.875	3.063565600464196e-47
346.0	3.005976792050521e-47
346.125	2.9543029622500003e-47
346.25	2.8155026189161006e-47
346.375	2.5115583287025e-47
346.5	2.5370495591716886e-47
346.625	2.880121665565225e-47
346.75	2.864400889929604e-47
346.875	3.2141493138670243e-47
347.0	3.2551716961085443e-47
347.125	2.5978712754464886e-47
347.25	2.8647193433633293e-47
347.375	2.9399616277165683e-47
347.5	2.6469488725290486e-47
347.625	2.9108664293829157e-47
347.75	3.030279221312784e-47
347.875	2.992684946771844e-47
348.0	3.6520659049056244e-47
348.125	3.4999689014862245e-47
348.25	3.467299311553284e-47
348.375	3.181643717535721e-47
348.5	2.837314269470916e-47
348.625	3.562991007732025e-47
348.75	3.4967912824709285e-47
348.875	3.371224178315536e-47
349.0	3.298783704931521e-47
349.125	2.769069727046401e-47
349.25	2.888042844984196e-47
349.375	3.144721783796761e-47
349.5	2.910790464834564e-47
349.625	2.9822090674752355e-47
349.75	2.8157016023442247e-47
349.875	2.966952248849169e-47
350.0	3.051642767288976e-47
350.125	3.12596164609e-47
350.25	3.2616721463246004e-47
350.375	3.0451096306301443e-47
350.5	2.473566345671521e-47
350.625	2.6114285081710445e-47
350.75	3.490147816065729e-47
350.875	3.8646846635617435e-47
351.0	3.663518092162009e-47
351.125	4.0311858102243996e-47
351.25	3.7653982555912813e-47
351.375	3.2850798374594565e-47
351.5	2.563194485256001e-47
351.625	2.6784704090314805e-47
351.75	2.9163655914582247e-47
351.875	3.114505294909009e-47
352.0	2.770193635451641e-47
352.125	3.0964803208847285e-47
352.25	3.2531214942441644e-47
352.375	2.9114300439135607e-47
352.5	2.947674253230144e-47
352.625	2.9799868706335363e-47
352.75	2.614074531376441e-47
352.875	2.5500541647597214e-47
353.0	2.509499106199801e-47
353.125	2.387704959765905e-47
353.25	3.0096654631347244e-47
353.375	3.1470097261862248e-47
353.5	2.7455101624834557e-47
353.625	2.748155621505316e-47
353.75	2.8993100860385646e-47
353.875	2.996848821484324e-47
354.0	3.033094037102089e-47
354.125	3.339682828620121e-47
354.25	3.3125370459667356e-47
354.375	3.549522712892641e-47
354.5	3.136155233920997e-47
354.625	3.139579196674704e-47
354.75	3.1276142374559286e-47
354.875	2.7978694939018806e-47
355.0	2.7805853593375358e-47
355.125	2.700237445788481e-47
355.25	3.5180266308320247e-47
355.375	3.7998737501894566e-47
355.5	3.265308391837129e-47
355.625	2.767176502473681e-47
355.75	2.649136503276169e-47
355.875	2.301295322225123e-47
356.0	2.594146550545225e-47
356.125	3.180161313340561e-47
356.25	3.2566849469863847e-47
356.375	3.025158622079364e-47
356.5	3.1849762701328356e-47
356.625	2.934806998951881e-47
356.75	2.7137847318120014e-47
356.875	2.809492815613201e-47
357.0	3.053256368925841e-47
357.125	3.0222870185595607e-47
357.25	2.9556521701281e-47
357.375	2.8500084071209e-47
357.5	3.081264512521321e-47
357.625	2.966753764447225e-47
357.75	2.5949596030365157e-47
357.875	2.622508960151844e-47
358.0	2.5673334750373207e-47
358.125	2.4604535415556805e-47
358.25	2.9838822127559285e-47
358.375	3.7076481190115993e-47
358.5	3.475432981556809e-47
358.625	3.5463597137424e-47
358.75	3.4046773372497687e-47
358.875	2.8769151106819236e-47
359.0	2.649403535135449e-47
359.125	3.132408740741476e-47
359.25	3.017935968833536e-47
359.375	3.132958705719921e-47
359.5	2.879488647191689e-47
359.625	3.1826554970708403e-47
359.75	3.2449089166664036e-47
359.875	4.663792756729087e-47
360.0	4.018382621429796e-47
360.125	3.001265290278025e-47
360.25	2.8389850576441283e-47
360.375	2.698475744391025e-47
360.5	3.1570359428750486e-47
360.625	3.054624888732921e-47
360.75	2.9491141572280086e-47
360.875	2.7969411597932244e-47
361.0	2.9319185097792487e-47
361.125	3.613161247118929e-47
361.25	3.526865891806084e-47
361.375	2.880916632537241e-47
361.5	3.161186191478329e-47
361.625	3.311496194451201e-47
361.75	3.0524843769998483e-47
361.875	3.4171917374760013e-47
362.0	3.5818021356892815e-47
362.125	2.6938470844166556e-47
362.25	2.8035580542604965e-47
362.375	3.058670566952001e-47
362.5	3.0469401992172163e-47
362.625	3.0615794294346807e-47
362.75	2.8086132193152015e-47
362.875	2.738171128486369e-47
363.0	3.268886172582276e-47
363.125	2.609213087328849e-47
363.25	2.8445698502710807e-47
363.375	3.227301224854281e-47
363.5	3.659883016199089e-47
363.625	2.905993435409289e-47
363.75	2.6217903221032406e-47
363.875	2.6492494291396e-47
364.0	2.673430499121529e-47
364.125	2.991175595272881e-47
364.25	3.3150926195392803e-47
364.375	3.4004976376537957e-47
364.5	3.0992406448389763e-47
364.625	2.883769154343168e-47
364.75	3.1088896620267245e-47
364.875	3.249742524419168e-47
365.0	3.2773296111371556e-47
365.125	3.129791891478849e-47
365.25	3.4563438196996837e-47
365.375	2.9448155784840247e-47
365.5	2.574077971978384e-47
365.625	3.0212668724667037e-47
365.75	3.899712112905625e-47
365.875	3.2477446392861693e-47
366.0	2.771732090206564e-47
366.125	2.9425671098483557e-47
366.25	3.1784579114185963e-47
366.375	3.1187824175236e-47
366.5	2.7883281045628843e-47
366.625	2.6550192594806407e-47
366.75	2.683689435618244e-47
366.875	3.321332161e-47
367.0	3.3564065219880034e-47
367.125	2.6699391584741157e-47
367.25	2.668329835262641e-47
367.375	3.2713692609332244e-47
367.5	3.3695538183881635e-47
367.625	3.0396383163972247e-47
367.75	3.0864365802698487e-47
367.875	3.0536857253068963e-47
368.0	3.108551558236996e-47
368.125	3.1028025962736356e-47
368.25	3.1295963124120245e-47
368.375	3.5092708503318004e-47
368.5	3.524707489347009e-47
368.625	3.338940152974969e-47
368.75	3.0447591214008965e-47
368.875	2.6247338084083357e-47
369.0	2.878386558456409e-47
369.125	2.7214805045317207e-47
369.25	2.8472818094453284e-47
369.375	3.3702839838976084e-47
369.5	3.5802876586050247e-47
369.625	3.2016192536196085e-47
369.75	3.105278411250625e-47
369.875	2.9125305605939555e-47
370.0	2.9717214641960036e-47
370.125	2.703507998382361e-47
370.25	2.7783724580523606e-47
370.375	3.183504035657401e-47
370.5	3.2938951535611555e-47
370.625	3.157906796905536e-47
370.75	3.0478945559075997e-47
370.875	3.324014272690225e-47
371.0	3.08143992389696e-47
371.125	3.026517530274436e-47
371.25	2.7672717164584963e-47
371.375	2.7993947672202487e-47
371.5	3.431551142190249e-47
371.625	3.9269125020667246e-47
371.75	3.718360632203043e-47
371.875	4.2382344677721757e-47
372.0	4.475687069131775e-47
372.125	4.187141829264384e-47
372.25	5.048601425427121e-47
372.375	5.405035715026703e-47
372.5	5.148576960352224e-47
372.625	4.8536094629582e-47
372.75	4.311618012319744e-47
372.875	3.459311033864464e-47
373.0	3.404971892466769e-47
373.125	3.4808818830020014e-47
373.25	3.263145320858809e-47
373.375	3.046471024963716e-47
373.5	3.1997821588246885e-47
373.625	3.003438847642321e-47
373.75	3.0835828990803234e-47
373.875	2.7920719408035997e-47
374.0	2.788087848708409e-47
374.125	3.0179353096046443e-47
374.25	3.510951901797795e-47
374.375	3.5435332568770563e-47
374.5	2.6583228502734757e-47
374.625	2.5005118261939236e-47
374.75	2.832353711299044e-47
374.875	3.3260408982982444e-47
375.0	2.9445807192480805e-47
375.125	2.710282332778384e-47
375.25	3.6511896887556245e-47
375.375	3.577920957275625e-47
375.5	3.272822769788099e-47
375.625	2.7855674233256243e-47
375.75	2.8505696228070757e-47
375.875	3.1354806775017688e-47
376.0	3.308010654334864e-47
376.125	3.221675009559601e-47
376.25	3.163388098440025e-47
376.375	3.0333205036969207e-47
376.5	3.1540318623498236e-47
376.625	3.0012120406557604e-47
376.75	3.2888817646055285e-47
376.875	3.0097244932339356e-47
377.0	3.4073520251107843e-47
377.125	3.6117764551752497e-47
377.25	3.207558905149225e-47
377.375	3.592636489223235e-47
377.5	3.845785931388801e-47
377.625	4.0214054053607035e-47
377.75	3.587334120232164e-47
377.875	3.406447661177961e-47
378.0	3.7974176690224817e-47
378.125	3.5917834936200996e-47
378.25	3.814517839339088e-47
378.375	3.5983889402843287e-47
378.5	3.3391241383740253e-47
378.625	3.628264380725775e-47
378.75	3.4762288899598086e-47
378.875	3.156910308859321e-47
379.0	3.1894482150400003e-47
379.125	3.1392609432756638e-47
379.25	2.9502286164240484e-47
379.375	2.6507469280140253e-47
379.5	3.168814933203984e-47
379.625	3.522718544020035e-47
379.75	3.214578611140516e-47
379.875	3.2789864621292243e-47
380.0	2.930476855586641e-47
380.125	2.984188010909284e-47
380.25	3.1203718871635213e-47
380.375	3.199087671588484e-47
380.5	3.586408692303424e-47
380.625	3.4846933171266803e-47
380.75	3.408495872405624e-47
380.875	3.3918245674331287e-47
381.0	3.940656180425315e-47
381.125	2.7583987186115997e-47
381.25	2.7262904133598807e-47
381.375	2.816164544597209e-47
381.5	3.406225878620161e-47
381.625	3.3473681123251357e-47
381.75	3.9823335374672886e-47
381.875	3.7040831092700405e-47
382.0	3.2523885070406564e-47
382.125	3.450948237331985e-47
382.25	3.3719693903329206e-47
382.375	3.28337022049e-47
382.5	2.9569354535995214e-47
382.625	3.233041632264964e-47
382.75	3.283784517619225e-47
382.875	2.9854491704616957e-47
383.0	3.5285357073874407e-47
383.125	3.8885468532697953e-47
383.25	3.5265520956483996e-47
383.375	3.696178420809617e-47
383.5	3.923161639711609e-47
383.625	3.4357087293765607e-47
383.75	3.215621585015401e-47
383.875	3.1804344865062805e-47
384.0	3.0069118808198554e-47
384.125	3.1244440893125286e-47
384.25	3.247358151475216e-47
384.375	3.7201693483624806e-47
384.5	3.6218684298055206e-47
384.625	3.4126520919322806e-47
384.75	3.6687916484436006e-47
384.875	3.5691927124838406e-47
385.0	3.216667677274276e-47
385.125	3.176938710906921e-47
385.25	3.4912199182101157e-47
385.375	3.4797409358702404e-47
385.5	2.942526425913481e-47
385.625	3.166245601437604e-47
385.75	3.079057753390564e-47
385.875	3.168540120505369e-47
386.0	3.0385065430224997e-47
386.125	2.874561898433481e-47
386.25	2.9934893895840997e-47
386.375	3.8081068212196e-47
386.5	3.654954778513284e-47
386.625	3.976396618872976e-47
386.75	3.3882769705524637e-47
386.875	3.43203818896e-47
387.0	3.3957688684470754e-47
387.125	3.8778460727013153e-47
387.25	3.8057681298644646e-47
387.375	3.2171336701275236e-47
387.5	3.487356491176336e-47
387.625	3.540394467473795e-47
387.75	3.232553679513601e-47
387.875	3.4000169157928965e-47
388.0	2.9350888181316e-47
388.125	3.1486468849680253e-47
388.25	3.279751876497924e-47
388.375	2.989367981562769e-47
388.5	3.1850999781560993e-47
388.625	3.235682401197481e-47
388.75	2.893380667343716e-47
388.875	3.7728146577905633e-47
389.0	3.501340732048384e-47
389.125	3.833185393100176e-47
389.25	4.3604001426222746e-47
389.375	3.643806097418809e-47
389.5	3.499734866322249e-47
389.625	3.464481824302801e-47
389.75	3.694170108699225e-47
389.875	4.373846425743845e-47
390.0	4.1032526156364953e-47
390.125	4.128676495829284e-47
390.25	4.0761998585753755e-47
390.375	4.058717928292624e-47
390.5	4.3636443027889965e-47
390.625	4.028106546977956e-47
390.75	3.7716324758499236e-47
390.875	3.242703413667601e-47
391.0	3.4663741913500836e-47
391.125	3.4625068870249e-47
391.25	3.2935820277086437e-47
391.375	3.053580179305681e-47
391.5	3.062771386820721e-47
391.625	3.2632403757988413e-47
391.75	2.918166234162916e-47
391.875	3.3281846751572404e-47
392.0	3.807559474430625e-47
392.125	3.7006770055760993e-47
392.25	2.798856176383089e-47
392.375	3.064648885651441e-47
392.5	2.794882576489201e-47
392.625	3.0201950196026013e-47
392.75	2.925482103851076e-47
392.875	3.118495822128036e-47
393.0	3.5440989105522248e-47
393.125	3.445699626806723e-47
393.25	3.3503036973488645e-47
393.375	4.006611738031204e-47
393.5	3.832064854698275e-47
393.625	3.497925558287169e-47
393.75	3.059090348193936e-47
393.875	3.0019758782841e-47
394.0	3.3492635262436833e-47
394.125	3.2245252087194086e-47
394.25	3.293486302321216e-47
394.375	3.8279656997491353e-47
394.5	4.336624984539136e-47
394.625	3.2082932806728036e-47
394.75	2.6254077594452887e-47
394.875	3.1628958700576406e-47
395.0	4.0063265232114007e-47
395.125	3.649783853460481e-47
395.25	3.272754920752009e-47
395.375	3.049398489806881e-47
395.5	3.026502566540964e-47
395.625	3.2341150077183994e-47
395.75	3.469580137472164e-47
395.875	3.3397006279604487e-47
396.0	3.6313236420162243e-47
396.125	3.2416952284767687e-47
396.25	3.7590737909737955e-47
396.375	3.3635488911243205e-47
396.5	3.055508477435716e-47
396.625	3.3974550386868643e-47
396.75	3.3804892569006247e-47
396.875	3.2238286091553607e-47
397.0	3.1839293630371243e-47
397.125	3.497103278688721e-47
397.25	3.8542678475624997e-47
397.375	3.242703413667601e-47
397.5	3.3901828817267286e-47
397.625	3.450399817930816e-47
397.75	3.9174871949678887e-47
397.875	3.4526663832472356e-47
398.0	3.164403159168784e-47
398.125	3.265111594734025e-47
398.25	3.2622785796496e-47
398.375	3.3170642284815996e-47
398.5	3.564736222089743e-47
398.625	3.0667485794458237e-47
398.75	3.0138458512350245e-47
398.875	3.484733104330384e-47
399.0	3.5377152778604155e-47
399.125	3.0817425757680247e-47
399.25	2.9325866159030434e-47
399.375	2.926944818752515e-47
399.5	3.290111551936036e-47
399.625	3.456897532479769e-47
399.75	2.926428607425624e-47
399.875	3.4347750571581163e-47
400.0	3.752994294085969e-47
400.125	3.453375528023184e-47
400.25	3.065332500048025e-47
400.375	2.8258782178201e-47
400.5	3.205724296621456e-47
400.625	3.3020539471770004e-47
400.75	3.337649855125609e-47
400.875	3.570798657945599e-47
401.0	3.477188228065344e-47
401.125	3.4963273350625e-47
401.25	3.3885504415200486e-47
401.375	3.1131288929764e-47
401.5	3.0028840412249284e-47
401.625	3.4662029822830242e-47
401.75	3.2061330996710764e-47
401.875	3.179402309943721e-47
402.0	3.1576581939859364e-47
402.125	3.018591387840681e-47
402.25	3.7228534107361e-47
402.375	3.327912843444225e-47
402.5	3.1649478244211606e-47
402.625	3.5075583384774487e-47
402.75	3.0091124955228835e-47
402.875	3.181070432158441e-47
403.0	3.491602573166657e-47
403.125	3.1159094645902236e-47
403.25	3.036159653444164e-47
403.375	3.585984228415745e-47
403.5	3.4885552691040487e-47
403.625	4.0956364880655995e-47
403.75	4.1444254248929436e-47
403.875	3.5642732813562246e-47
404.0	3.5845041909914407e-47
404.125	3.7653680651340253e-47
404.25	4.030769950839025e-47
404.375	3.8502779531696635e-47
404.5	3.6778833412580256e-47
404.625	3.7520820404860814e-47
404.75	3.428919204036676e-47
404.875	3.2982153522682804e-47
405.0	3.4203153275054436e-47
405.125	3.908909452497984e-47
405.25	3.574870885970176e-47
405.375	2.9714574066777765e-47
405.5	2.420117032249225e-47
405.625	3.1688434171353605e-47
405.75	2.8872302381002086e-47
405.875	2.846751329761936e-47
406.0	3.5665894800648997e-47
406.125	3.508704073519225e-47
406.25	3.224838101124964e-47
406.375	3.6603592638154086e-47
406.5	4.003262845023649e-47
406.625	3.8826923750525152e-47
406.75	3.5315772430556253e-47
406.875	3.605374884711076e-47
407.0	3.44506675158548e-47
407.125	3.1988569089998444e-47
407.25	2.883976013291569e-47
407.375	3.148423335520969e-47
407.5	3.0198719951030444e-47
407.625	3.2464373295302556e-47
407.75	3.290189331869584e-47
407.875	3.553307631079128e-47
408.0	3.069550471618576e-47
408.125	3.124625979909316e-47
408.25	3.61305064634365e-47
408.375	3.891123048203689e-47
408.5	3.80823308063969e-47
408.625	3.7494137902568485e-47
408.75	3.5418559680880364e-47
408.875	3.5822224017889e-47
409.0	3.920611050137089e-47
409.125	3.7551307930908837e-47
409.25	3.0910428657339036e-47
409.375	3.233515064640025e-47
409.5	3.7571983900800997e-47
409.625	3.215622945970369e-47
409.75	3.684343835849616e-47
409.875	3.96892805432604e-47
410.0	3.806336694506256e-47
410.125	3.359040393358441e-47
410.25	3.7673649459304957e-47
410.375	3.6388679483809e-47
410.5	3.430457551131664e-47
410.625	3.3614350331174554e-47
410.75	3.638472722620516e-47
410.875	3.3338614081599996e-47
411.0	3.177050087816929e-47
411.125	3.0340648408637157e-47
411.25	3.1614510140755236e-47
411.375	3.6621497044272036e-47
411.5	3.646855476639999e-47
411.625	3.311450503401616e-47
411.75	3.3333224885144895e-47
411.875	3.4422073876275836e-47
412.0	4.039720803204804e-47
412.125	3.4123760144781165e-47
412.25	3.321170680900801e-47
412.375	3.598615333171599e-47
412.5	3.1274567544215604e-47
412.625	2.676271111170721e-47
412.75	2.843553918600256e-47
412.875	3.3399854238564487e-47
413.0	4.195052507100624e-47
413.125	3.863496875677156e-47
413.25	2.9812111058190243e-47
413.375	2.8626056790489757e-47
413.5	3.329444637795599e-47
413.625	3.1075913188590763e-47
413.75	2.7292074434614893e-47
413.875	3.1298758088558483e-47
414.0	3.581258256268225e-47
414.125	3.5739676323288996e-47
414.25	3.67273197221876e-47
414.375	3.9224508882577284e-47
414.5	3.9301251203040985e-47
414.625	4.090705839807875e-47
414.75	3.875356948093225e-47
414.875	3.2126018818727606e-47
415.0	3.213197387645184e-47
415.125	3.6469773430636814e-47
415.25	3.8466634852185776e-47
415.375	4.0146675168512155e-47
415.5	3.547195982672281e-47
415.625	3.488023359060099e-47
415.75	4.112485674682226e-47
415.875	4.2297342354696493e-47
416.0	4.2593630683296154e-47
416.125	4.0669571377446005e-47
416.25	3.7497974826480994e-47
416.375	3.888751640340736e-47
416.5	3.5723595398699603e-47
416.625	3.1813604526024997e-47
416.75	3.3281602144636805e-47
416.875	3.6626487338720406e-47
417.0	3.100717210919056e-47
417.125	3.452306197556241e-47
417.25	3.6055874463439354e-47
417.375	3.484265471462889e-47
417.5	3.4118741265624996e-47
417.625	3.291289477197121e-47
417.75	3.6519271536053284e-47
417.875	3.292247162903449e-47
418.0	3.3815097255624995e-47
418.125	4.1101331305024e-47
418.25	4.019481637981924e-47
418.375	3.499776514070281e-47
418.5	3.7022256155708882e-47
418.625	3.443759157969601e-47
418.75	2.858839000844544e-47
418.875	3.2926957602242565e-47
419.0	3.5418468030158887e-47
419.125	3.624736186231523e-47
419.25	4.516495626994885e-47
419.375	3.90442133906616e-47
419.5	3.441697561356289e-47
419.625	3.385565792928224e-47
419.75	3.3902727821504008e-47
419.875	3.9352447306778406e-47
420.0	4.361754723390724e-47
420.125	3.951133695505936e-47
420.25	3.0857436172809e-47
420.375	3.0037853262399995e-47
420.5	3.4465473081192043e-47
420.625	4.0547068404964e-47
420.75	3.4493287165321956e-47
420.875	3.081033154773025e-47
421.0	3.205266377565184e-47
421.125	3.089423532951889e-47
421.25	2.9555770369179614e-47
421.375	3.2525242391808353e-47
421.5	3.2336410765027684e-47
421.625	3.1599950205518893e-47
421.75	2.811204596390436e-47
421.875	3.4723987538059694e-47
422.0	3.4811790083012888e-47
422.125	3.4406102145912246e-47
422.25	2.795119212618769e-47
422.375	3.126380763746304e-47
422.5	3.6212400370276e-47
422.625	3.2618978531027285e-47
422.75	3.391574026277284e-47
422.875	3.7614480161160248e-47
423.0	3.331110337555985e-47
423.125	3.1969394129222562e-47
423.25	3.3588528463833213e-47
423.375	3.5529540355689213e-47
423.5	3.4575620698774443e-47
423.625	3.696434863645969e-47
423.75	3.634398178840899e-47
423.875	3.1117840338566886e-47
424.0	3.762250018375489e-47
424.125	3.578492100609e-47
424.25	3.909511930688099e-47
424.375	3.9875335054864003e-47
424.5	4.0833096846083993e-47
424.625	3.813352112999025e-47
424.75	4.1091580703712246e-47
424.875	3.8998151522500005e-47
425.0	3.540760766421264e-47
425.125	4.245612920423424e-47
425.25	3.8277893706951603e-47
425.375	3.356732237659969e-47
425.5	3.6381349398381152e-47
425.625	3.325830745440257e-47
425.75	3.2267818947529e-47
425.875	3.1183607940212247e-47
426.0	2.8985939885424644e-47
426.125	2.9296331856793963e-47
426.25	3.235304481189169e-47
426.375	3.35386448992848e-47
426.5	3.3923473441873213e-47
426.625	3.608757159076624e-47
426.75	4.142528059400677e-47
426.875	3.8798370508022444e-47
427.0	4.2061710249999997e-47
427.125	3.208262467608676e-47
427.25	3.4582073825756245e-47
427.375	3.1854120806970245e-47
427.5	3.6931543068835846e-47
427.625	3.752600391774784e-47
427.75	3.655113659191297e-47
427.875	3.5722386875312653e-47
428.0	3.636279585671185e-47
428.125	3.821507778539025e-47
428.25	3.162302007453801e-47
428.375	2.9590175075099036e-47
428.5	3.5988915253406443e-47
428.625	3.9437532108774815e-47
428.75	3.4982476599121956e-47
428.875	3.390315287299396e-47
429.0	3.0988895945642406e-47
429.125	2.9125254876167605e-47
429.25	2.8888034308081006e-47
429.375	3.655984057690756e-47
429.5	3.545863430405409e-47
429.625	3.0521879164920995e-47
429.75	3.248124994920976e-47
429.875	3.1281816790225003e-47
430.0	3.0984620815965607e-47
430.125	3.798288701146564e-47
430.25	3.5942546541226093e-47
430.375	3.7705712003705286e-47
430.5	3.425907343625001e-47
430.625	3.8556553977177757e-47
430.75	4.137072433926084e-47
430.875	3.5590003635401634e-47
431.0	3.2681504967076e-47
431.125	3.3853353818132247e-47
431.25	3.5671943592880357e-47
431.375	3.379925419539877e-47
431.5	3.487151813556321e-47
431.625	3.979204486636096e-47
431.75	3.270171459980569e-47
431.875	3.548497213501696e-47
432.0	3.421355125507201e-47
432.125	3.7042536442564e-47
432.25	3.7686198799153963e-47
432.375	3.6894400468591213e-47
432.5	3.567769065948024e-47
432.625	4.0648489580442245e-47
432.75	4.142839579631236e-47
432.875	3.5888889066168964e-47
433.0	3.8146057886250246e-47
433.125	3.6312528965748844e-47
433.25	3.6313854695164843e-47
433.375	4.1440844901900954e-47
433.5	3.7399674157045285e-47
433.625	3.6641557113529e-47
433.75	4.1014711377674403e-47
433.875	3.535908189031009e-47
434.0	3.4204272657675605e-47
434.125	3.668171311084901e-47
434.25	3.4669257629272358e-47
434.375	3.514507761824656e-47
434.5	3.052794775418404e-47
434.625	3.202881515128036e-47
434.75	3.502646901050895e-47
434.875	4.0641828608911356e-47
435.0	4.0451579256211353e-47
435.125	4.331734272391743e-47
435.25	3.281781120596225e-47
435.375	3.5101080672072247e-47
435.5	3.9074619689930247e-47
435.625	3.7590021797328034e-47
435.75	3.860510558862049e-47
435.875	3.5360632715472493e-47
436.0	3.4799864537881e-47
436.125	3.2950807590064353e-47
436.25	3.544707118978249e-47
436.375	2.908137183559609e-47
436.5	2.9172113457762247e-47
436.625	3.676090877100625e-47
436.75	3.9862366994958004e-47
436.875	3.2765599001850487e-47
437.0	3.6734918527982433e-47
437.125	3.599501417264025e-47
437.25	3.422265795018225e-47
437.375	3.3629365960522235e-47
437.5	3.376389979450944e-47
437.625	3.1456020428348886e-47
437.75	3.426814638078001e-47
437.875	3.8949254695982434e-47
438.0	3.9502116218026815e-47
438.125	3.7095524081490245e-47
438.25	4.294298068439236e-47
438.375	4.2261865933021287e-47
438.5	3.567424785893929e-47
438.625	3.7344617995190485e-47
438.75	3.261701501470864e-47
438.875	3.5658457543782095e-47
439.0	4.188011163374025e-47
439.125	4.196328428297476e-47
439.25	4.113522828836001e-47
439.375	3.973410216440064e-47
439.5	4.0334121337225003e-47
439.625	3.492763783952881e-47
439.75	3.629625339162384e-47
439.875	3.596965239837025e-47
440.0	3.7081714300890475e-47
440.125	3.8344332836856e-47
440.25	3.8377429043313616e-47
440.375	4.166293779423554e-47
440.5	4.585966977973823e-47
440.625	3.8888996840478474e-47
440.75	4.2574857663457433e-47
440.875	3.847042941966225e-47
441.0	3.5392836669506407e-47
441.125	4.351742984578563e-47
441.25	3.8994264824705434e-47
441.375	3.160892369450596e-47
441.5	3.4489840917147043e-47
441.625	3.6575576402850253e-47
441.75	3.4004128499374805e-47
441.875	3.7881143283802815e-47
442.0	4.042063411546176e-47
442.125	3.9100001496400355e-47
442.25	3.4616950179412406e-47
442.375	3.284268527697444e-47
442.5	3.757680682405775e-47
442.625	4.2606929872322567e-47
442.75	3.989082649864224e-47
442.875	3.8993159549170095e-47
443.0	3.5863706045065963e-47
443.125	3.6528727209999995e-47
443.25	3.373704472792801e-47
443.375	3.2215482094118564e-47
443.5	3.9485833277645157e-47
443.625	3.661009314375625e-47
443.75	3.638622799716004e-47
443.875	3.529662405765444e-47
444.0	3.2328972098791835e-47
444.125	3.0564583147100245e-47
444.25	3.4946827753689637e-47
444.375	3.717591490923025e-47
444.5	3.6063556026435994e-47
444.625	2.808684022886361e-47
444.75	3.4365942233907843e-47
444.875	3.8259362433474093e-47
445.0	3.9753549577730556e-47
445.125	3.605677877006209e-47
445.25	3.819524408894601e-47
445.375	3.8119177409329e-47
445.5	4.403626374030625e-47
445.625	4.380368449659903e-47
445.75	3.5971253740816004e-47
445.875	3.3253831258382245e-47
446.0	3.2739135996431285e-47
446.125	3.404634625467009e-47
446.25	3.9765820135413157e-47
446.375	3.78220215315132e-47
446.5	3.4370105727965287e-47
446.625	3.185991288711396e-47
446.75	3.7102235018528155e-47
446.875	3.501149372001121e-47
447.0	3.285907412437225e-47
447.125	4.148430010606249e-47
447.25	3.542330068445529e-47
447.375	2.9522684263179603e-47
447.5	3.2803095868761693e-47
447.625	3.6163142010968044e-47
447.75	3.6729663886300096e-47
447.875	3.718276604494928e-47
448.0	3.4777025632584013e-47
448.125	3.2891084108610007e-47
448.25	3.3879280753399206e-47
448.375	3.5947395630856093e-47
448.5	3.772588623645604e-47
448.625	4.570328533682026e-47
448.75	4.521145519007297e-47
448.875	3.4137705360053604e-47
449.0	3.962659442316964e-47
449.125	3.5769503335273204e-47
449.25	3.2575835918100253e-47
449.375	3.362374456420225e-47
449.5	3.429941450752804e-47
449.625	3.2512604430306245e-47
449.75	3.492445835292561e-47
449.875	3.730088198504704e-47
450.0	3.557061047774404e-47
450.125	3.647406367725121e-47
450.25	3.863885739866243e-47
450.375	3.7643662033337616e-47
450.5	3.6499513214399286e-47
450.625	3.5566206715081003e-47
450.75	3.1049986779252246e-47
450.875	3.1282049460081635e-47
451.0	3.9915300646022495e-47
451.125	3.946313577335481e-47
451.25	3.3889921629326006e-47
451.375	3.5034784738557206e-47
451.5	4.41773274516473e-47
451.625	3.856293749676095e-47
451.75	3.285338909151376e-47
451.875	4.021677077889636e-47
452.0	4.456299984514576e-47
452.125	4.001486382833809e-47
452.25	3.6645717009184357e-47
452.375	3.455397119455876e-47
452.5	3.1377951688326763e-47
452.625	3.4978466616192155e-47
452.75	3.2760808084953643e-47
452.875	3.8625059074798436e-47
453.0	4.54885217034204e-47
453.125	4.124544277438225e-47
453.25	3.853737430796484e-47
453.375	4.186928683403361e-47
453.5	3.7388190078496887e-47
453.625	3.7805559877230766e-47
453.75	3.611048464e-47
453.875	3.5935573250863677e-47
454.0	3.4888933595910244e-47
454.125	3.5082778363340887e-47
454.25	3.7550990505727687e-47
454.375	3.7926741655654807e-47
454.5	3.7452387771027356e-47
454.625	3.6283678653242263e-47
454.75	3.595327277258304e-47
454.875	3.2418533983001754e-47
455.0	3.4652157277628886e-47
455.125	3.771154078936729e-47
455.25	3.816823507958916e-47
455.375	3.323995131501801e-47
455.5	2.929186987217296e-47
455.625	3.4210468777606556e-47
455.75	3.750843826921689e-47
455.875	3.5553339318776407e-47
456.0	3.6888267121469434e-47
456.125	3.957398220701025e-47
456.25	3.908514578116996e-47
456.375	4.0626308011128995e-47
456.5	3.8533167985081e-47
456.625	3.6956216701406247e-47
456.75	3.2704579651747244e-47
456.875	3.555392604714769e-47
457.0	3.814683980344384e-47
457.125	3.8584969664736005e-47
457.25	3.8978727462389153e-47
457.375	4.545490244903003e-47
457.5	4.190859488975105e-47
457.625	4.479191070244081e-47
457.75	3.7153231888094004e-47
457.875	3.6319659264504356e-47
458.0	3.7479639458606885e-47
458.125	3.882884046835264e-47
458.25	3.911270737263409e-47
458.375	3.2853870563436157e-47
458.5	3.2204236909957283e-47
458.625	4.0262371422537684e-47
458.75	4.427851338578404e-47
458.875	4.381971448924522e-47
459.0	3.9403254905281435e-47
459.125	3.3527312368950757e-47
459.25	2.997084332570689e-47
459.375	3.2454236647043995e-47
459.5	3.493086475270921e-47
459.625	3.5055599099573606e-47
459.75	4.14900609850284e-47
459.875	3.8507229929896356e-47
460.0	3.669045685731904e-47
460.125	3.9493391764378237e-47
460.25	3.578952015381649e-47
460.375	3.4507929179024997e-47
460.5	3.7733564302331037e-47
460.625	3.722368111731369e-47
460.75	4.0036413431435566e-47
460.875	4.464763125367689e-47
461.0	4.0881200175744636e-47
461.125	3.881134625355009e-47
461.25	3.8928881960041964e-47
461.375	3.163833229153444e-47
461.5	3.554159622933529e-47
461.625	3.2617637530936083e-47
461.75	3.990978155807721e-47
461.875	3.9340169195145644e-47
462.0	3.705821021457025e-47
462.125	3.3628334891432486e-47
462.25	3.5567621328512155e-47
462.375	4.183130239557129e-47
462.5	3.8671332958658403e-47
462.625	3.909502926936324e-47
462.75	4.243401342546024e-47
462.875	3.593790040339984e-47
463.0	3.550727837184256e-47
463.125	4.3453583313262245e-47
463.25	3.727502266119076e-47
463.375	3.62134221785292e-47
463.5	3.644757495317929e-47
463.625	3.64947599305745e-47
463.75	4.0753311004224005e-47
463.875	4.228544282998564e-47
464.0	3.9315558524944004e-47
464.125	3.9490007071556246e-47
464.25	4.602236564525795e-47
464.375	4.0707499463000413e-47
464.5	4.3262748525317753e-47
464.625	4.71105300642632e-47
464.75	3.7245075942175356e-47
464.875	4.150065369842e-47
465.0	4.1539672358332843e-47
465.125	3.7211112648317435e-47
465.25	3.223806692587776e-47
465.375	3.499349873021809e-47
465.5	3.4064769603610236e-47
465.625	3.383841739956804e-47
465.75	3.480436100838841e-47
465.875	3.6313914956167837e-47
466.0	3.864917916119295e-47
466.125	3.926651569e-47
466.25	4.10364913579236e-47
466.375	5.0306364919204e-47
466.5	4.6476626433178255e-47
466.625	3.845265028060401e-47
466.75	3.8748446280624997e-47
466.875	4.055763685874884e-47
467.0	3.397455504988416e-47
467.125	3.9771688729104007e-47
467.25	4.0913830617663996e-47
467.375	4.516413771824361e-47
467.5	4.73951960530056e-47
467.625	5.220151078875769e-47
467.75	4.679995962966016e-47
467.875	3.9239023979236e-47
468.0	4.490233286695209e-47
468.125	4.2151088957769e-47
468.25	4.774863345348998e-47
468.375	4.267835777255625e-47
468.5	3.7482111587884974e-47
468.625	3.709501490828329e-47
468.75	4.035102289227025e-47
468.875	3.4567183264627687e-47
469.0	3.5954199776360407e-47
469.125	3.921884613002304e-47
469.25	3.9986289281923686e-47
469.375	4.1738664954990236e-47
469.5	3.8649325878907234e-47
469.625	3.8916199741225e-47
469.75	3.8222052449281956e-47
469.875	3.9086149828528887e-47
470.0	4.432197870160516e-47
470.125	4.143156647165449e-47
470.25	3.8035949461172643e-47
470.375	3.968057827920484e-47
470.5	3.8488809484225e-47
470.625	4.270965855801129e-47
470.75	3.937395335774225e-47
470.875	3.4069273198321e-47
471.0	3.861566643665025e-47
471.125	3.9868288169956e-47
471.25	3.805786390395135e-47
471.375	3.664401597558601e-47
471.5	3.2674135317544355e-47
471.625	3.997753301828521e-47
471.75	3.9594102695840247e-47
471.875	4.1302974174121e-47
472.0	4.3541613020727596e-47
472.125	4.0305252704707237e-47
472.25	3.8881969068464637e-47
472.375	4.1845942696336e-47
472.5	3.9292028686893154e-47
472.625	3.7835419793130086e-47
472.75	4.0374932473779844e-47
472.875	4.0839717235216e-47
473.0	3.2930276661684643e-47
473.125	3.100959998277696e-47
473.25	3.379544399554801e-47
473.375	3.99737166800244e-47
473.5	4.3563961410060003e-47
473.625	3.6917812456009002e-47
473.75	3.856850301567025e-47
473.875	4.659085760190017e-47
474.0	4.2679486659525207e-47
474.125	3.9491329258841287e-47
474.25	4.223493824258568e-47
474.375	4.2169887812157157e-47
474.5	4.523021156628099e-47
474.625	3.622490858385424e-47
474.75	3.6957388773229214e-47
474.875	4.732898834668488e-47
475.0	3.9083881675126094e-47
475.125	3.329298539605476e-47
475.25	3.4786379228404413e-47
475.375	3.7409123243480036e-47
475.5	3.5854782341727684e-47
475.625	4.4804695964161e-47
475.75	4.587220962908676e-47
475.875	4.3570800909451237e-47
476.0	4.0081076046866885e-47
476.125	4.581522252685246e-47
476.25	4.576552671949729e-47
476.375	4.184310033455049e-47
476.5	4.1730553486561e-47
476.625	4.0806581050408407e-47
476.75	3.633025717471395e-47
476.875	3.241877881375081e-47
477.0	4.010359970724409e-47
477.125	4.534058786576401e-47
477.25	4.553573073308224e-47
477.375	4.93698486766976e-47
477.5	5.08645838538692e-47
477.625	4.440119408276842e-47
477.75	4.215399889584322e-47
477.875	4.291059880217123e-47
478.0	4.822428580789263e-47
478.125	4.718284365273362e-47
478.25	4.572975080498175e-47
478.375	4.843657779417665e-47
478.5	4.803951786818117e-47
478.625	4.271808684855624e-47
478.75	3.832339464315664e-47
478.875	4.1955087539260086e-47
479.0	4.596427920835521e-47
479.125	3.955916124613476e-47
479.25	4.693174658549001e-47
479.375	5.721246521322084e-47
479.5	5.795719345862886e-47
479.625	5.170718325997849e-47
479.75	5.245498533562595e-47
479.875	5.22227358409e-47
480.0	5.22016899704317e-47
480.125	3.82001488770036e-47
480.25	3.4275366961482237e-47
480.375	4.0004300555962093e-47
480.5	4.5471216916578e-47
480.625	4.470725492618256e-47
480.75	3.6555034997776e-47
480.875	4.3302405116209674e-47
481.0	3.925688748370488e-47
481.125	4.1106167929844644e-47
481.25	4.3552172751648995e-47
481.375	4.078688027264448e-47
481.5	3.8964196924308634e-47
481.625	4.661740945425247e-47
481.75	4.581881135884836e-47
481.875	4.661382361816488e-47
482.0	4.190615564081296e-47
482.125	3.207276074621123e-47
482.25	3.8844392805728993e-47
482.375	5.199097279914755e-47
482.5	5.094705393612026e-47
482.625	4.902180882611776e-47
482.75	4.3009130743344094e-47
482.875	4.1915496121836844e-47
483.0	4.717127151009024e-47
483.125	4.485649285500101e-47
483.25	4.027944833752464e-47
483.375	4.090617449464225e-47
483.5	4.248916440466369e-47
483.625	4.057233029066568e-47
483.75	4.2716911700469753e-47
483.875	4.259732208357376e-47
484.0	3.84397234804973e-47
484.125	4.044992563265536e-47
484.25	3.684460985457121e-47
484.375	3.3673013575732084e-47
484.5	3.9854943733159837e-47
484.625	4.321921944238277e-47
484.75	4.3812948148225e-47
484.875	4.496739957445695e-47
485.0	4.47432815399556e-47
485.125	4.0731014052893157e-47
485.25	3.597283952479043e-47
485.375	4.119385989448247e-47
485.5	3.886870720421529e-47
485.625	4.1882038863995554e-47
485.75	4.116940102984996e-47
485.875	3.525181509351121e-47
486.0	3.8984944783056253e-47
486.125	3.8531922768835695e-47
486.25	3.8492978641441e-47
486.375	4.193646226023424e-47
486.5	4.673787718391235e-47
486.625	3.8275968363806244e-47
486.75	4.1955583699969004e-47
486.875	4.007549992975368e-47
487.0	4.807874455190244e-47
487.125	4.56911633546712e-47
487.25	4.777691351755714e-47
487.375	4.87985975801605e-47
487.5	3.9615254224224997e-47
487.625	3.9431291360356e-47
487.75	4.523167366723008e-47
487.875	4.0271981263236806e-47
488.0	4.202192074516489e-47
488.125	4.1566618650080405e-47
488.25	4.2941039681245693e-47
488.375	4.48879900225e-47
488.5	4.0226415767928038e-47
488.625	3.816426764245226e-47
488.75	4.409543144080881e-47
488.875	4.90980896406084e-47
489.0	4.824447659563536e-47
489.125	4.3482525399209613e-47
489.25	3.61581881935904e-47
489.375	4.1542442520443283e-47
489.5	5.231499140784608e-47
489.625	4.511090881269024e-47
489.75	3.852878064261136e-47
489.875	3.907277942617728e-47
490.0	4.0239546937532016e-47
490.125	4.1635662185928037e-47
490.25	4.280568672863025e-47
490.375	3.5705001224102437e-47
490.5	3.773610253559524e-47
490.625	4.192737585827903e-47
490.75	3.7183883164309205e-47
490.875	3.486784164804003e-47
491.0	3.600784002680089e-47
491.125	3.879283451803235e-47
491.25	4.2599246165376035e-47
491.375	3.934296036217089e-47
491.5	4.4425261625892845e-47
491.625	4.770469710176569e-47
491.75	4.411938277190928e-47
491.875	3.7751328812521003e-47
492.0	4.649614663214888e-47
492.125	5.3142206074874005e-47
492.25	4.855253484763202e-47
492.375	4.409636110718282e-47
492.5	4.583543607708129e-47
492.625	4.890101124430563e-47
492.75	4.3128088257764404e-47
492.875	3.8444665021526455e-47
493.0	4.838003470954562e-47
493.125	4.741299394124836e-47
493.25	4.238779777351743e-47
493.375	4.0683041286610816e-47
493.5	4.367159422053168e-47
493.625	4.3580696097683284e-47
493.75	4.177777075547075e-47
493.875	4.46741489227073e-47
494.0	4.437088868121529e-47
494.125	4.475696702819904e-47
494.25	4.240553447899024e-47
494.375	3.5571809273994493e-47
494.5	4.2515668323215996e-47
494.625	3.706827482805841e-47
494.75	3.350453844441025e-47
494.875	3.6181430416040034e-47
495.0	4.3009690809870755e-47
495.125	3.6998570196024997e-47
495.25	3.6141144074250246e-47
495.375	4.642892794778174e-47
495.5	4.0184240790636816e-47
495.625	4.0438690791649283e-47
495.75	3.831609257200036e-47
495.875	3.5559769744321686e-47
496.0	3.758442924311881e-47
496.125	4.41441139763537e-47
496.25	4.047098005641636e-47
496.375	4.055581294434915e-47
496.5	3.913933149259225e-47
496.625	3.66597202554744e-47
496.75	4.454304618292927e-47
496.875	3.910587578465481e-47
497.0	4.3691774788605157e-47
497.125	4.439307041015624e-47
497.25	4.044799983982564e-47
497.375	4.443016870209679e-47
497.5	3.769311889457285e-47
497.625	3.8811189260851295e-47
497.75	4.469683686510247e-47
497.875	4.383446032929604e-47
498.0	4.2844550771510003e-47
498.125	4.445343067640836e-47
498.25	4.440983962741264e-47
498.375	4.2446782099280254e-47
498.5	3.8096707096008994e-47
498.625	4.0751185215890254e-47
498.75	5.033803454287203e-47
498.875	4.620535505179439e-47
499.0	4.1319511828650244e-47
499.125	4.2136399264531363e-47
499.25	4.158371198168356e-47
499.375	3.947877188658225e-47
499.5	4.705892360643048e-47
499.625	5.32560180791184e-47
499.75	4.75934014269684e-47
499.875	4.864122175941081e-47
500.0	5.36713705099801e-47
500.125	4.68105296480484e-47
500.25	4.539326214728485e-47
500.375	4.602090031754437e-47
500.5	4.636336208878611e-47
500.625	4.914480101842607e-47
500.75	4.647149309020009e-47
500.875	3.816695623506921e-47
501.0	4.52947615371269e-47
501.125	4.414989320688997e-47
501.25	4.134142272911616e-47
501.375	4.378238896100644e-47
501.5	3.2494118251562497e-46
501.625	2.7602093959130248e-45
501.75	3.070534849533649e-45
501.875	3.6329861943523595e-46
502.0	4.61439618384641e-47
502.125	4.756028330593294e-47
502.25	4.993022709432975e-47
502.375	4.0887683787364843e-47
502.5	4.3079066242760243e-47
502.625	5.951924997638401e-47
502.75	1.4429304493761596e-46
502.875	2.9031903564000093e-46
503.0	2.6745056853505597e-46
503.125	2.47028018265625e-46
503.25	9.439532587764047e-47
503.375	6.23000693913445e-47
503.5	6.3728360847020255e-47
503.625	2.0991219879240898e-46
503.75	3.03056359688196e-46
503.875	8.392308918326114e-47
504.0	9.330016975392169e-47
504.125	4.68827681600041e-46
504.25	3.353274395547039e-46
504.375	8.766396007773156e-47
504.5	2.1903825360348097e-46
504.625	2.2182591883632008e-45
504.75	1.88820110239489e-42
504.875	9.948542365160998e-42
505.0	3.239624530878489e-42
505.125	3.567544840029185e-45
505.25	3.864754946404e-46
505.375	7.950101199955601e-47
505.5	6.269569950139454e-47
505.625	4.729169859481599e-47
505.75	5.986254000424994e-47
505.875	6.801384854719081e-47
506.0	5.6773284881064e-47
506.125	4.32984885171857e-47
506.25	4.155800045595025e-47
506.375	4.2216743446945687e-47
506.5	4.340171106000624e-47
506.625	4.676743745905283e-47
506.75	4.515496614528024e-47
506.875	4.8293921300935835e-47
507.0	4.547259524423639e-47
507.125	4.575679484525362e-47
507.25	1.6619381787993758e-45
507.375	4.616038046327761e-45
507.5	1.0382675306212813e-45
507.625	9.6216090602196e-47
507.75	5.5192877428642815e-47
507.875	4.723068033625559e-47
508.0	4.019947890557481e-47
508.125	4.380381024695809e-47
508.25	4.604453700015624e-47
508.375	4.683841011819648e-47
508.5	3.7503573193059204e-47
508.625	4.896551706883225e-47
508.75	4.719087578185209e-46
508.875	2.0502856448064002e-45
509.0	1.469366373259225e-45
509.125	1.17524093767609e-46
509.25	4.426269241825368e-47
509.375	4.102099292902689e-47
509.5	4.519265564583289e-47
509.625	4.305431766092521e-47
509.75	4.031069494415615e-47
509.875	4.532139795526562e-47
510.0	4.642017797846026e-47
510.125	4.846954425285185e-47
510.25	4.371439837428225e-47
510.375	6.06569330791872e-47
510.5	3.1575608980372896e-46
510.625	5.044887046022762e-44
510.75	1.152566377483024e-43
510.875	1.5741792435690005e-44
511.0	9.2414729374564e-47
511.125	2.5144260959136393e-46
511.25	2.7580719621313594e-46
511.375	8.144630930216881e-47
511.5	4.604357344822225e-47
511.625	4.68974830253717e-47
511.75	4.7035442181121e-47
511.875	4.398747226594702e-47
512.0	4.247408614245315e-47
512.125	4.634487732093182e-47
512.25	4.90993649234172e-47
512.375	4.6883915035489e-47
512.5	4.2692731291056252e-47
512.625	4.838960049017957e-47
512.75	5.1969796344064e-47
512.875	4.819346328366144e-47
513.0	4.714383318308689e-47
513.125	7.461548281104515e-47
513.25	4.494188426490009e-46
513.375	2.5502498990000004e-43
513.5	1.4086720282500098e-42
513.625	4.8073298833779206e-43
513.75	7.162520670489961e-46
513.875	7.679921268225599e-47
514.0	4.646530209673445e-47
514.125	5.231981442358969e-47
514.25	4.661569571873343e-47
514.375	4.231220447900224e-47
514.5	4.379440858894336e-47
514.625	4.482454477788225e-47
514.75	3.8281177790862253e-47
514.875	4.0228833538496154e-47
515.0	4.0586830163464363e-47
515.125	4.462516689889042e-47
515.25	4.799623486869224e-47
515.375	4.6536559576441015e-47
515.5	4.361590012252225e-47
515.625	3.8577117258303997e-47
515.75	3.6411877384850247e-47
515.875	4.189052101614768e-47
516.0	3.9110198301936094e-47
516.125	3.971527836363481e-47
516.25	4.525897773192847e-47
516.375	4.1076546146341684e-47
516.5	1.01776480395489e-46
516.625	2.0514534031787283e-45
516.75	9.753811167118224e-45
516.875	4.584349295399329e-45
517.0	7.98700994802533e-47
517.125	4.200639545900279e-47
517.25	3.649229037504801e-47
517.375	4.0693238317275037e-47
517.5	4.2468643139209003e-47
517.625	4.404327692581882e-47
517.75	4.811287224814249e-47
517.875	4.639678018893124e-47
518.0	4.122032271333025e-47
518.125	4.138972152504336e-47
518.25	4.662236785769474e-47
518.375	4.284753429648784e-47
518.5	3.968353394337424e-47
518.625	4.788100393602201e-47
518.75	4.899696624695889e-47
518.875	4.411686274116677e-47
519.0	3.890144260582441e-47
519.125	3.541282757307684e-47
519.25	3.944309129950225e-47
519.375	5.045337896813764e-47
519.5	4.647841533006401e-47
519.625	4.773855638492835e-47
519.75	5.6151687994249e-47
519.875	4.734851193165025e-47
520.0	4.724774619104015e-47
520.125	4.441586548462443e-47
520.25	3.810858960944025e-47
520.375	4.044788790611716e-47
520.5	4.552260138852719e-47
520.625	4.203958722795365e-47
520.75	4.77220293656369e-47
520.875	4.745570872714815e-47
521.0	4.2143340000816035e-47
521.125	4.0845199272420005e-47
521.25	4.188815866407844e-47
521.375	3.779506613646864e-47
521.5	4.355737455956121e-47
521.625	4.1334269321432886e-47
521.75	3.9627536155648344e-47
521.875	4.472612980494409e-47
522.0	4.680854690899985e-47
522.125	4.0851337443326e-47
522.25	4.073504763072195e-47
522.375	4.674846753868201e-47
522.5	4.875086268825124e-47
522.625	4.2893487673344006e-47
522.75	4.106899657499409e-47
522.875	3.858164648743877e-47
523.0	3.9613073990107233e-47
523.125	4.184110155351204e-47
523.25	4.332936022651681e-47
523.375	4.811356865963026e-47
523.5	4.6489010341225e-47
523.625	3.7122120448056244e-47
523.75	3.7788012515220253e-47
523.875	4.358168501813476e-47
524.0	4.529494325104324e-47
524.125	4.5214879088401005e-47
524.25	4.89658193628756e-47
524.375	4.423802512235584e-47
524.5	4.447487676323169e-47
524.625	4.489706341783439e-47
524.75	3.7882882640611843e-47
524.875	4.236694691470609e-47
525.0	3.9127818532862885e-47
525.125	4.663509895690817e-47
525.25	4.929506165835364e-47
525.375	3.606909912578025e-47
525.5	4.1019408405888153e-47
525.625	5.008849235354178e-47
525.75	4.858779496862914e-47
525.875	4.298471958429289e-47
526.0	3.876874809348024e-47
526.125	4.571504922539025e-47
526.25	5.009622108771854e-47
526.375	5.1874637784025e-47
526.5	5.0721730242561e-47
526.625	4.172748766531489e-47
526.75	3.899098900845224e-47
526.875	4.2068674668161615e-47
527.0	4.389996409674303e-47
527.125	4.567686537654242e-47
527.25	4.255667981301361e-47
527.375	4.802735047925822e-47
527.5	4.645559993139025e-47
527.625	3.8567684495289955e-47
527.75	4.1002852802409e-47
527.875	5.00925817138877e-47
528.0	5.1819507945498225e-47
528.125	5.377802515584003e-47
528.25	4.733591223607799e-47
528.375	4.932647600496099e-47
528.5	5.294979385358882e-47
528.625	4.56402810172328e-47
528.75	4.699239601000001e-47
528.875	4.358779703313026e-47
529.0	4.453750288307777e-47
529.125	4.730899694519296e-47
529.25	4.2541585661359207e-47
529.375	4.073338822325796e-47
529.5	4.394652333646274e-47
529.625	4.652498102263728e-47
529.75	4.717504493864464e-47
529.875	5.077014520061585e-47
530.0	5.074425509940004e-47
530.125	4.651041676514115e-47
530.25	4.2379128713565153e-47
530.375	4.1951408527886486e-47
530.5	4.550425937354026e-47
530.625	5.072355774343729e-47
530.75	4.111295404539456e-47
530.875	3.4117210908036e-47
531.0	4.021174072401984e-47
531.125	4.699213003249635e-47
531.25	4.894024103119204e-47
531.375	4.716725923123774e-47
531.5	4.463676582805504e-47
531.625	3.966595780199056e-47
531.75	3.7736672605531246e-47
531.875	3.8591545629448363e-47
532.0	4.3056140486836845e-47
532.125	4.39679873850632e-47
532.25	3.672382300833856e-47
532.375	4.1167145076103837e-47
532.5	4.732866225388898e-47
532.625	4.539112640005968e-47
532.75	3.870200682417969e-47
532.875	4.88443332301584e-47
533.0	4.997104941561614e-47
533.125	4.111628832096256e-47
533.25	3.625782638238784e-47
533.375	3.9744449401536005e-47
533.5	4.393080156499224e-47
533.625	4.335399940812515e-47
533.75	5.141071115795171e-47
533.875	5.072641942240324e-47
534.0	4.372660704453409e-47
534.125	4.435102070219842e-47
534.25	4.3617017565987606e-47
534.375	4.896235563287236e-47
534.5	5.04996460798861e-47
534.625	5.059415586125761e-47
534.75	4.478670261345422e-47
534.875	4.741712545688837e-47
535.0	5.086148435948644e-47
535.125	4.3156201758244003e-47
535.25	4.320266473242755e-47
535.375	4.603545965518096e-47
535.5	4.673839402554258e-47
535.625	4.381399133011043e-47
535.75	4.443387485070121e-47
535.875	4.256485421128516e-47
536.0	3.838296381288196e-47
536.125	4.534524086265624e-47
536.25	4.745110435796644e-47
536.375	4.43803786596e-47
536.5	5.0087594953081e-47
536.625	4.783474368227556e-47
536.75	4.802952935155599e-47
536.875	4.412204502278328e-47
537.0	4.817024042086656e-47
537.125	4.091636234878201e-47
537.25	4.676660177704321e-47
537.375	4.89181887768852e-47
537.5	4.692642924225423e-47
537.625	4.3477441475054754e-47
537.75	4.881388466560354e-47
537.875	5.110224748618895e-47
538.0	3.742504811280225e-47
538.125	3.767026019466609e-47
538.25	4.5839047366115995e-47
538.375	4.4659119494954425e-47
538.5	4.1122427588864395e-47
538.625	4.3049678749605154e-47
538.75	5.205491332126282e-47
538.875	4.811582440156042e-47
539.0	4.1471818715126887e-47
539.125	4.305339248327055e-47
539.25	4.562681372950128e-47
539.375	4.427427475532889e-47
539.5	4.8454295871744e-47
539.625	5.45997165400764e-47
539.75	8.396769063460995e-47
539.875	9.916990981128098e-47
540.0	1.05344050875625e-46
540.125	7.061095351544974e-47
540.25	4.191673270655689e-47
540.375	4.409355221656576e-47
540.5	4.1090166609985437e-47
540.625	4.374552379879202e-47
540.75	4.5187162146316085e-47
540.875	4.5173104556836e-47
541.0	4.745567290534084e-47
541.125	4.269399496972164e-47
541.25	4.447887955630145e-47
541.375	4.198140883335843e-47
541.5	4.961692026039841e-47
541.625	5.029998594885288e-47
541.75	4.412999239907281e-47
541.875	4.324884361405609e-47
542.0	4.1146246437156e-47
542.125	4.338837929460736e-47
542.25	4.1344214564840888e-47
542.375	4.492221133633157e-47
542.5	5.0380638676624e-47
542.625	4.818769314030736e-47
542.75	4.845213662089759e-47
542.875	4.157054767751077e-47
543.0	4.246813743726723e-47
543.125	5.375141132145317e-47
543.25	5.685721743875624e-47
543.375	4.625571885564249e-47
543.5	4.1394806707296154e-47
543.625	4.76250031617864e-47
543.75	5.147347894800399e-47
543.875	4.754869254913599e-47
544.0	4.568945050736783e-47
544.125	5.013011848495876e-47
544.25	4.806769812280384e-47
544.375	4.479807486900495e-47
544.5	4.607146353177368e-47
544.625	4.72247509655129e-47
544.75	5.4179231724108495e-47
544.875	4.435681612433568e-47
545.0	4.492101161413321e-47
545.125	4.583312747228223e-47
545.25	4.749930423828122e-47
545.375	4.590591642749025e-47
545.5	4.3495366433342885e-47
545.625	4.99076957405364e-47
545.75	4.789175899792384e-47
545.875	4.475670477804305e-47
546.0	4.747893099171847e-47
546.125	4.700686549771809e-47
546.25	4.243131661455625e-47
546.375	4.462415017716098e-47
546.5	4.602089353367401e-47
546.625	4.747243072057598e-47
546.75	4.762454355049443e-47
546.875	5.106306789314329e-47
547.0	4.315542920755264e-47
547.125	5.041111328614655e-47
547.25	5.231695733133443e-47
547.375	4.1988638754468813e-47
547.5	3.632279074265664e-47
547.625	4.0150848259018086e-47
547.75	4.479219179526961e-47
547.875	5.143733441470274e-47
548.0	4.915369192773637e-47
548.125	4.54811947542401e-47
548.25	4.0821189164974436e-47
548.375	4.1456819057809e-47
548.5	4.256036047843204e-47
548.625	4.243853696447689e-47
548.75	4.779325231736897e-47
548.875	5.420342006112784e-47
549.0	4.7689300193536e-47
549.125	3.7261106255993754e-47
549.25	3.9897735149397155e-47
549.375	4.606520150822499e-47
549.5	4.16537687755236e-47
549.625	3.725561146890626e-47
549.75	3.944454459131664e-47
549.875	5.172144354134882e-47
550.0	4.807326000623688e-47
550.125	4.434051771432978e-47
550.25	4.929637460236128e-47
550.375	4.468288650777081e-47
550.5	4.51463410931473e-47
550.625	4.579701654821047e-47
550.75	4.582801354424879e-47
550.875	4.637386770886321e-47
551.0	4.426319804931649e-47
551.125	4.516818753827524e-47
551.25	4.64777894849364e-47
551.375	5.016812545550522e-47
551.5	5.143321921339849e-47
551.625	4.650943880313242e-47
551.75	4.707196527616143e-47
551.875	5.111588217418384e-47
552.0	4.940436682297601e-47
552.125	4.63955786449e-47
552.25	4.0984073936280253e-47
552.375	4.2142645382126887e-47
552.5	4.839359068512003e-47
552.625	6.232765861745422e-47
552.75	5.849170821136385e-47
552.875	4.3429783102307285e-47
553.0	4.586907111970681e-47
553.125	5.407901569326096e-47
553.25	5.919077161220521e-47
553.375	5.385957797137225e-47
553.5	4.945692125128225e-47
553.625	4.977445294224144e-47
553.75	5.6431421047225e-47
553.875	5.273775363943695e-47
554.0	5.719908547025928e-47
554.125	6.620701138671479e-47
554.25	5.723390177854279e-47
554.375	5.703303930929283e-47
554.5	7.1958912083028e-47
554.625	7.670545767049104e-47
554.75	6.513891511594489e-47
554.875	6.70299933119141e-47
555.0	7.59187023593292e-47
555.125	8.712360267000625e-47
555.25	8.466691213890623e-47
555.375	8.437466683107854e-47
555.5	9.734802944661023e-47
555.625	9.839576803118878e-47
555.75	1.15066340702404e-46
555.875	1.1190724341888398e-46
556.0	1.0209946520718399e-46
556.125	1.1025741312460898e-46
556.25	1.02854606259076e-46
556.375	1.0266172001294402e-46
556.5	9.523664448061694e-47
556.625	1.13798201805376e-46
556.75	1.0664176556249999e-46
556.875	8.886834219780045e-47
557.0	7.679098220855293e-47
557.125	9.239788002401855e-47
557.25	7.9363695603804195e-47
557.375	6.526186496153856e-47
557.5	6.733262627731599e-47
557.625	6.290751363462047e-47
557.75	6.070663077091601e-47
557.875	6.043278424652675e-47
558.0	5.8834270656569995e-47
558.125	5.1477525446656e-47
558.25	4.909592029647361e-47
558.375	5.272133245834851e-47
558.5	6.051736690682281e-47
558.625	6.01978958681381e-47
558.75	5.100748122708482e-47
558.875	4.072306874407641e-47
559.0	4.625992478593201e-47
559.125	4.6780784763904005e-47
559.25	5.326731693429443e-47
559.375	4.790930517036303e-47
559.5	4.637647727476728e-47
559.625	4.98340143929052e-47
559.75	4.549270744751523e-47
559.875	4.575216677561103e-47
560.0	4.593769037467799e-47
560.125	4.339748825632901e-47
560.25	4.79005745927808e-47
560.375	5.373549866859001e-47
560.5	5.3314194945649e-47
560.625	4.967531750756962e-47
560.75	5.547985431039999e-47
560.875	5.019817864552929e-47
561.0	4.921278691134275e-47
561.125	4.56186921647532e-47
561.25	4.89942867665456e-47
561.375	4.773151053120025e-47
561.5	4.954133250444818e-47
561.625	4.646132813527211e-47
561.75	4.485578560189444e-47
561.875	4.346453584114321e-47
562.0	4.846263261851664e-47
562.125	5.167845149451077e-47
562.25	5.215010413470839e-47
562.375	5.241667618007046e-47
562.5	5.465625826076643e-47
562.625	4.818099321000901e-47
562.75	4.9740290950792075e-47
562.875	5.190926408071054e-47
563.0	5.228638481955626e-47
563.125	5.159788383998887e-47
563.25	5.368957002209889e-47
563.375	4.920079448585284e-47
563.5	4.664131764213603e-47
563.625	5.18031238402577e-47
563.75	5.516418219488836e-47
563.875	4.507603829193482e-47
564.0	5.434467223507922e-47
564.125	5.2307051420209955e-47
564.25	4.819092943177969e-47
564.375	4.483059334745102e-47
564.5	4.2377850173859836e-47
564.625	4.69631525913089e-47
564.75	4.0461366855625e-47
564.875	5.070073984620303e-47
565.0	4.986689366085025e-47
565.125	4.739791268284163e-47
565.25	5.856300763713841e-47
565.375	5.899030452081317e-47
565.5	4.959822180260023e-47
565.625	5.037030745649762e-47
565.75	4.4659495066176e-47
565.875	3.7210585602304e-47
566.0	3.9176694586815213e-47
566.125	5.254030429365481e-47
566.25	5.744836548089999e-47
566.375	4.8563962982468e-47
566.5	4.990736370780738e-47
566.625	5.127154583639104e-47
566.75	4.085609413987984e-47
566.875	4.574267732688889e-47
567.0	4.57892181868836e-47
567.125	4.442538426616899e-47
567.25	4.537881415712403e-47
567.375	4.1179877010594006e-47
567.5	3.6814092694459237e-47
567.625	4.102048567334169e-47
567.75	5.319871174877807e-47
567.875	5.271349092859249e-47
568.0	5.006800984597505e-47
568.125	5.75242777114712e-47
568.25	5.24613111969276e-47
568.375	5.088124685912465e-47
568.5	5.329168777336336e-47
568.625	5.410028509986814e-47
568.75	4.329582885788356e-47
568.875	4.931301048507728e-47
569.0	6.012272018700964e-47
569.125	5.3339271783876e-47
569.25	4.976176021344254e-47
569.375	4.824838161713024e-47
569.5	4.977474220181088e-47
569.625	5.162013250511104e-47
569.75	5.181512986356529e-47
569.875	6.221599428477456e-47
570.0	7.734448786861222e-47
570.125	8.053017406823235e-47
570.25	6.831392942322081e-47
570.375	6.402179065449922e-47
570.5	6.0072373905769e-47
570.625	5.719855454835078e-47
570.75	5.957009257808895e-47
570.875	6.395911213262482e-47
571.0	5.409229019546519e-47
571.125	4.966704764421903e-47
571.25	5.6367266553907675e-47
571.375	6.019469155516646e-47
571.5	6.348516914011562e-47
571.625	5.522767678486277e-47
571.75	4.15856426979876e-47
571.875	4.654405973364847e-47
572.0	5.91802042182624e-47
572.125	5.497300854126225e-47
572.25	5.17013732804689e-47
572.375	5.517321559755626e-47
572.5	6.013611344160483e-47
572.625	5.1894986573306245e-47
572.75	4.808499218415648e-47
572.875	4.378980806081424e-47
573.0	4.153830729147961e-47
573.125	4.692170266338722e-47
573.25	4.91128755297524e-47
573.375	4.921821961867204e-47
573.5	5.232695966565378e-47
573.625	5.3457856774144e-47
573.75	5.657996799197648e-47
573.875	5.834084352667685e-47
574.0	5.562805276334656e-47
574.125	6.3258289506064005e-47
574.25	8.51782932281557e-47
574.375	9.855576850966563e-47
574.5	1.1538663246148899e-46
574.625	1.10534081763361e-46
574.75	1.1035288199040399e-46
574.875	1.116819899209e-46
575.0	8.817392542544785e-47
575.125	7.316064642796009e-47
575.25	5.529291665668849e-47
575.375	5.051631743828224e-47
575.5	4.545444803767396e-47
575.625	4.787093228125329e-47
575.75	4.944545884026226e-47
575.875	4.357262407450969e-47
576.0	4.215814777641637e-47
576.125	4.606704762744099e-47
576.25	4.0078651325208045e-47
576.375	4.913083882439234e-47
576.5	5.186984397401284e-47
576.625	5.459201878233743e-47
576.75	5.606486957684484e-47
576.875	5.882269206578207e-47
577.0	5.506285558922499e-47
577.125	4.80411272725385e-47
577.25	4.2934907657707564e-47
577.375	4.810256400544143e-47
577.5	5.003836631791205e-47
577.625	5.563714644257343e-47
577.75	4.836655435168489e-47
577.875	4.906509640576322e-47
578.0	4.355282081582721e-47
578.125	5.277616394312025e-47
578.25	6.083082598586161e-47
578.375	4.804299316180809e-47
578.5	4.092466426422543e-47
578.625	4.626534571225956e-47
578.75	4.875816492740207e-47
578.875	4.680855511901284e-47
579.0	4.6627442608041e-47
579.125	5.339084752659682e-47
579.25	5.25658916047092e-47
579.375	4.917624459602174e-47
579.5	5.625874233965585e-47
579.625	5.327808852569281e-47
579.75	4.542554027934783e-47
579.875	4.61540566914773e-47
580.0	4.631035914441224e-47
580.125	4.632741583548516e-47
580.25	5.198426150412544e-47
580.375	5.430673429768609e-47
580.5	5.509355820751225e-47
580.625	4.855700420316737e-47
580.75	5.124174851888963e-47
580.875	4.939444262192399e-47
581.0	4.752228761560921e-47
581.125	5.128641766495296e-47
581.25	4.984104996061635e-47
581.375	4.426771692252121e-47
581.5	4.3132270350765687e-47
581.625	4.881530996146116e-47
581.75	5.149375752240802e-47
581.875	4.910488526714884e-47
582.0	4.7249138812840815e-47
582.125	4.2855883220040244e-47
582.25	4.2674038349861616e-47
582.375	4.731678883840001e-47
582.5	4.864813914175523e-47
582.625	5.326345758585124e-47
582.75	4.498577258816354e-47
582.875	4.463148793467204e-47
583.0	5.082638094220128e-47
583.125	4.735293515813962e-47
583.25	5.185203765872879e-47
583.375	4.619404478372401e-47
583.5	4.904743367380129e-47
583.625	5.16844082831316e-47
583.75	4.7731745430672255e-47
583.875	5.48569517949944e-47
584.0	5.312739554885765e-47
584.125	4.88224716894024e-47
584.25	4.3233616676756255e-47
584.375	5.755681668031681e-47
584.5	5.335356982686782e-47
584.625	4.552340833855368e-47
584.75	4.958730073899001e-47
584.875	4.778038344702736e-47
585.0	4.3509845205320488e-47
585.125	3.737716628849424e-47
585.25	4.132712038985929e-47
585.375	5.252839573378574e-47
585.5	5.340131591049614e-47
585.625	4.968408710563599e-47
585.75	4.79169732863557e-47
585.875	4.943821640659225e-47
586.0	4.588073710973042e-47
586.125	5.293310832950449e-47
586.25	4.899047346308025e-47
586.375	4.794787208337603e-47
586.5	4.706457363140624e-47
586.625	4.678548782406725e-47
586.75	5.366777053724099e-47
586.875	4.924572028337024e-47
587.0	5.434371684312481e-47
587.125	5.213747015850959e-47
587.25	4.493584371845209e-47
587.375	5.008234659529923e-47
587.5	4.796566539048002e-47
587.625	5.0022659514366e-47
587.75	4.468464589230624e-47
587.875	4.582229067002895e-47
588.0	5.834076103503377e-47
588.125	6.298297997541488e-47
588.25	5.383191677436169e-47
588.375	5.1723080399376e-47
588.5	5.351578382997289e-47
588.625	5.483933895673744e-47
588.75	5.589129070788485e-47
588.875	5.32253460022421e-47
589.0	4.744127501151129e-47
589.125	5.19157716676e-47
589.25	5.172524805351288e-47
589.375	4.419218518703208e-47
589.5	5.340084091622641e-47
589.625	6.310661964105624e-47
589.75	5.118325156785841e-47
589.875	4.73482009098084e-47
590.0	5.552202816741024e-47
590.125	6.093536582187663e-47
590.25	5.741279901882757e-47
590.375	4.90341085336088e-47
590.5	5.090462474265529e-47
590.625	5.4113104657921e-47
590.75	5.123183041099396e-47
590.875	4.810812790560528e-47
591.0	4.522759410143296e-47
591.125	4.454589471629521e-47
591.25	5.5882553044739545e-47
591.375	5.74098727710581e-47
591.5	6.106268747893922e-47
591.625	4.470157171066756e-47
591.75	4.787882013197529e-47
591.875	5.4443546116569e-47
592.0	5.497272827811216e-47
592.125	5.034553132522225e-47
592.25	4.665334370382009e-47
592.375	4.369884510430403e-47
592.5	4.680666820329199e-47
592.625	4.834186447682597e-47
592.75	4.998496080201849e-47
592.875	5.298211443526597e-47
593.0	5.121263255252003e-47
593.125	4.747754187794599e-47
593.25	5.027235692612004e-47
593.375	5.203091064327024e-47
593.5	4.814223272236816e-47
593.625	5.024500910433797e-47
593.75	5.213276963556676e-47
593.875	5.17024949837581e-47
594.0	4.953623108720402e-47
594.125	4.2260815392057605e-47
594.25	3.9321331093987274e-47
594.375	4.0253168777982244e-47
594.5	4.745052986079025e-47
594.625	5.571605962662478e-47
594.75	5.884722965954703e-47
594.875	5.130394323886442e-47
595.0	4.915817063700543e-47
595.125	4.747859473612369e-47
595.25	4.970700223195249e-47
595.375	5.021927027189135e-47
595.5	5.324903297644224e-47
595.625	5.679006613145856e-47
595.75	4.583238954342128e-47
595.875	5.501542844932995e-47
596.0	5.962970871075626e-47
596.125	4.7420204930289e-47
596.25	4.793254813688897e-47
596.375	4.399843216966595e-47
596.5	4.91820020907416e-47
596.625	5.098637322896047e-47
596.75	4.855351733565315e-47
596.875	4.952715222780899e-47
597.0	5.889441235863025e-47
597.125	5.08585817893121e-47
597.25	5.27581809331993e-47
597.375	4.907965034196899e-47
597.5	4.736018975187599e-47
597.625	4.904688040776482e-47
597.75	4.639911248207235e-47
597.875	4.592981498428519e-47
598.0	5.459561267656335e-47
598.125	4.573011326913934e-47
598.25	5.076553950003598e-47
598.375	5.5655359903504e-47
598.5	4.648796305854723e-47
598.625	4.488733879944196e-47
598.75	5.613392394475777e-47
598.875	5.517024003395583e-47
599.0	9.37082487472644e-47
599.125	2.7192230966448897e-46
599.25	1.7579288703348103e-46
599.375	5.3899709644872095e-46
599.5	4.251231608052252e-46
599.625	6.735285963788943e-47
599.75	5.218793578123524e-47
599.875	5.699373629686415e-47
600.0	5.418457569089929e-47
600.125	5.379566037525625e-47
600.25	4.931395007627663e-47
600.375	4.7129706478642425e-47
600.5	5.502067849605624e-47
600.625	4.738293432279169e-47
600.75	4.829545434694761e-47
600.875	5.329886548869182e-47
601.0	5.024452000790161e-47
601.125	5.873480221385956e-47
601.25	5.6877570725284e-47
601.375	5.73780495289e-47
601.5	4.5198930690225e-47
601.625	5.108965531712783e-47
601.75	6.005676048712209e-47
601.875	6.2418745606362235e-47
602.0	5.471849386802501e-47
602.125	4.66882586604325e-47
602.25	5.0588737355776e-47
602.375	5.932166816754722e-47
602.5	5.658563969624328e-47
602.625	5.28127772176e-47
602.75	4.622058259889842e-47
602.875	4.812607856653443e-47
603.0	5.357742105166799e-47
603.125	5.351028421724175e-47
603.25	4.670656437524403e-47
603.375	4.538907424359396e-47
603.5	4.765910063296039e-47
603.625	5.338279269933843e-47
603.75	4.595970031565056e-47
603.875	5.977700920941647e-47
604.0	6.365994251926761e-47
604.125	5.758860749316963e-47
604.25	5.253964323535225e-47
604.375	1.82553444202756e-46
604.5	4.18568103169969e-46
604.625	1.0904749794156099e-46
604.75	5.744581425962287e-47
604.875	5.41286316849857e-47
605.0	4.663977420035762e-47
605.125	4.812862042542435e-47
605.25	5.0975487442943995e-47
605.375	5.172541778548226e-47
605.5	5.780091652363395e-47
605.625	5.575641456167525e-47
605.75	4.175309518723225e-47
605.875	4.733158199394303e-47
606.0	5.1997929699680995e-47
606.125	5.403424005776196e-47
606.25	4.9408142779374775e-47
606.375	5.43157208064e-47
606.5	1.0694962130602501e-46
606.625	6.157207498658409e-46
606.75	3.8711880736222514e-46
606.875	5.427383383783729e-47
607.0	5.145670489422241e-47
607.125	5.294175053810724e-47
607.25	5.201719051227134e-47
607.375	5.624243125462114e-47
607.5	5.431015960712329e-47
607.625	4.429828791327682e-47
607.75	4.018900920619204e-47
607.875	4.800457646062225e-47
608.0	5.294190333648971e-47
608.125	5.221865293125626e-47
608.25	5.513043492016384e-47
608.375	5.382237466422755e-47
608.5	6.059150757259208e-47
608.625	6.27712653156576e-47
608.75	6.217532873579557e-47
608.875	5.289036603932168e-47
609.0	4.551770046775249e-47
609.125	4.79399757769e-47
609.25	5.7397447277766075e-47
609.375	5.126813180725824e-47
609.5	4.3626085766021174e-47
609.625	4.577475602817937e-47
609.75	5.2912862509479845e-47
609.875	5.910914654595729e-47
610.0	5.918858974042639e-47
610.125	5.505781574510114e-47
610.25	5.582384123345315e-47
610.375	5.742488668224101e-47
610.5	5.239507154113599e-47
610.625	4.967290850580099e-47
610.75	5.201731456380899e-47
610.875	5.226897562965795e-47
611.0	5.94592572840924e-47
611.125	5.334965622640801e-47
611.25	5.613939642307984e-47
611.375	6.297817550264099e-47
611.5	4.858442548995841e-47
611.625	5.766788675390623e-47
611.75	6.015080183074705e-47
611.875	4.775851255561155e-47
612.0	4.926055786169958e-47
612.125	5.8953758613852e-47
612.25	5.980629066313728e-47
612.375	6.03154110302201e-47
612.5	6.050999080796224e-47
612.625	5.332516990087224e-47
612.75	5.004998638380224e-47
612.875	5.802418251043235e-47
613.0	5.3335912284736e-47
613.125	4.250429358730489e-47
613.25	5.162108520274225e-47
613.375	5.268286808191225e-47
613.5	4.860121549143186e-47
613.625	5.210794919018897e-47
613.75	5.529178491534915e-47
613.875	4.862269971340442e-47
614.0	4.498165986183425e-47
614.125	5.632151721761567e-47
614.25	4.447414985079365e-47
614.375	5.387158656274754e-47
614.5	5.581648799047488e-47
614.625	4.977585832832064e-47
614.75	4.8642924904703995e-47
614.875	4.816301287778928e-47
615.0	5.014114730851396e-47
615.125	5.493853856927296e-47
615.25	4.665898708923454e-47
615.375	5.642265478450225e-47
615.5	5.794335087480899e-47
615.625	4.8249206817992e-47
615.75	5.277110927163076e-47
615.875	5.836146368355625e-47
616.0	5.481555700425839e-47
616.125	5.066073226380609e-47
616.25	5.543652751604099e-47
616.375	5.456650878507607e-47
616.5	4.587040534557634e-47
616.625	4.603174158116417e-47
616.75	4.534276686613443e-47
616.875	5.116715005501089e-47
617.0	5.682870784893124e-47
617.125	5.636850384839521e-47
617.25	5.45225093753088e-47
617.375	5.319514516740004e-47
617.5	5.693491432531985e-47
617.625	5.399455156570223e-47
617.75	4.959373154215488e-47
617.875	4.794300571028543e-47
618.0	4.1522300688399993e-47
618.125	4.726528125062501e-47
618.25	5.449741574193225e-47
618.375	4.8824668523718e-47
618.5	4.680913940012025e-47
618.625	5.441598025427343e-47
618.75	5.148521997252804e-47
618.875	4.969582951382361e-47
619.0	5.2865408047944025e-47
619.125	5.150051027988735e-47
619.25	5.059326532297248e-47
619.375	5.482133800693489e-47
619.5	6.323451870418224e-47
619.625	5.857767561890916e-47
619.75	4.2890053282880033e-47
619.875	4.7089718845586e-47
620.0	5.135052123481285e-47
620.125	5.564654372685321e-47
620.25	5.34609291055436e-47
620.375	5.579460744940942e-47
620.5	5.563501019654401e-47
620.625	5.511903666902416e-47
620.75	5.5604045203344e-47
620.875	5.853942914412096e-47
621.0	5.138355717405625e-47
621.125	5.594634441749522e-47
621.25	5.698463055067226e-47
621.375	5.799584025000001e-47
621.5	5.4173701069617975e-47
621.625	4.9993665770276e-47
621.75	5.357500998282305e-47
621.875	5.628739371255626e-47
622.0	5.0217902575972825e-47
622.125	5.212249709511743e-47
622.25	6.015130750311074e-47
622.375	5.775707859694082e-47
622.5	5.351888855126024e-47
622.625	5.43337004769161e-47
622.75	5.738329597608168e-47
622.875	5.492354649018085e-47
623.0	6.693379077329476e-47
623.125	5.666478885936325e-47
623.25	5.211108354632049e-47
623.375	4.938735431642769e-47
623.5	5.412256656577681e-47
623.625	6.413540434283888e-47
623.75	6.143227197502564e-47
623.875	5.651903993289317e-47
624.0	6.564517653367521e-47
624.125	5.714874204723367e-47
624.25	5.007335085900678e-47
624.375	5.295816962148497e-47
624.5	4.604807101495442e-47
624.625	5.537815025751008e-47
624.75	5.69593870850225e-47
624.875	4.556070181774225e-47
625.0	4.940854484428945e-47
625.125	5.971610313678025e-47
625.25	5.31743300957436e-47
625.375	5.5781322847410255e-47
625.5	5.728177598325625e-47
625.625	4.812854827566563e-47
625.75	4.3056182481841e-47
625.875	5.661473684845225e-47
626.0	5.524536524855074e-47
626.125	6.551307072621026e-47
626.25	5.9420400280676425e-47
626.375	5.598552261428676e-47
626.5	5.59938328176673e-47
626.625	5.108931508704099e-47
626.75	5.088597051366411e-47
626.875	5.7763328847961e-47
627.0	5.092895571204677e-47
627.125	5.455282612213225e-47
627.25	5.668798678530625e-47
627.375	5.771671091395224e-47
627.5	5.514131454811205e-47
627.625	5.4655422856416335e-47
627.75	5.367652965575823e-47
627.875	5.334186451315224e-47
628.0	5.294769237477225e-47
628.125	4.985230394794895e-47
628.25	5.149234961748901e-47
628.375	5.183822161525224e-47
628.5	4.694784979287e-47
628.625	5.725207055349602e-47
628.75	5.805108557535171e-47
628.875	4.904294880710242e-47
629.0	4.682499027148944e-47
629.125	5.083691853800168e-47
629.25	5.388641529872689e-47
629.375	5.884374852283041e-47
629.5	5.408359135153208e-47
629.625	6.028983776333961e-47
629.75	6.029520791700121e-47
629.875	6.083646665130225e-47
630.0	5.70748836742224e-47
630.125	5.574411257520401e-47
630.25	5.7035857758797425e-47
630.375	6.127083644976101e-47
630.5	5.912065179902024e-47
630.625	4.537904858344729e-47
630.75	4.870963045521225e-47
630.875	4.817953694613361e-47
631.0	4.692474819692879e-47
631.125	5.387288423422499e-47
631.25	4.95462356869357e-47
631.375	5.412992509133764e-47
631.5	5.79587906691024e-47
631.625	5.599026352996164e-47
631.75	5.747992011453169e-47
631.875	5.46610785946316e-47
632.0	4.62395743209797e-47
632.125	5.594893542558439e-47
632.25	5.584413576776357e-47
632.375	5.694810919088839e-47
632.5	5.411656946521224e-47
632.625	5.1359867463084e-47
632.75	5.260666467324303e-47
632.875	5.140651241772225e-47
633.0	5.708835919671922e-47
633.125	5.697585312487199e-47
633.25	7.096422078789696e-47
633.375	6.179235429420771e-47
633.5	4.39186890096533e-47
633.625	5.492090522649598e-47
633.75	5.331263386281002e-47
633.875	5.451813374268817e-47
634.0	5.6710373135641e-47
634.125	5.720511032083599e-47
634.25	5.066204334071077e-47
634.375	4.929704722964735e-47
634.5	5.196661577839876e-47
634.625	5.517652104810001e-47
634.75	5.86875027115736e-47
634.875	5.698616146094041e-47
635.0	5.408254118333889e-47
635.125	6.367099990692099e-47
635.25	6.252317610273603e-47
635.375	5.459628063375615e-47
635.5	5.591289707855328e-47
635.625	5.534723749484177e-47
635.75	6.3463936840335355e-47
635.875	6.227553392692803e-47
636.0	6.064201637064256e-47
636.125	6.5403533307474e-47
636.25	6.607059556360041e-47
636.375	6.042948195905603e-47
636.5	5.669350728698279e-47
636.625	5.885888431567936e-47
636.75	6.065158110765624e-47
636.875	6.214719145580101e-47
637.0	5.207970958710529e-47
637.125	5.191571834868968e-47
637.25	5.759105412112898e-47
637.375	5.281864058956355e-47
637.5	5.409805058596128e-47
637.625	5.024325970950399e-47
637.75	5.879160670219225e-47
637.875	5.9449296653569e-47
638.0	5.7253314494464e-47
638.125	5.940226673453957e-47
638.25	7.079783776385402e-47
638.375	7.646896483506225e-47
638.5	5.940189216100128e-47
638.625	5.380293062931359e-47
638.75	5.504697106773318e-47
638.875	4.385420565810066e-47
639.0	4.920095160692099e-47
639.125	5.224143399271697e-47
639.25	5.089261767039846e-47
639.375	5.025574997864101e-47
639.5	4.909305173476356e-47
639.625	5.388035055271696e-47
639.75	6.056322050640626e-47
639.875	5.807870057240689e-47
640.0	5.289361111264036e-47
640.125	4.899141837576899e-47
640.25	5.758816127754496e-47
640.375	5.9454370163556e-47
640.5	5.03600241325121e-47
640.625	4.681192949531534e-47
640.75	4.989220158585744e-47
640.875	5.141463759408002e-47
641.0	5.655510912203161e-47
641.125	6.708891632414976e-47
641.25	6.182908388886786e-47
641.375	5.648081780145843e-47
641.5	5.505270638595123e-47
641.625	5.798429420361561e-47
641.75	5.0075052004579825e-47
641.875	5.395811996228482e-47
642.0	6.144012734365007e-47
642.125	6.544617621213722e-47
642.25	6.459848867044221e-47
642.375	5.736426416639999e-47
642.5	5.803715102965924e-47
642.625	5.392084738425856e-47
642.75	5.620973370868801e-47
642.875	6.158080000699226e-47
643.0	6.28295940714464e-47
643.125	5.4542180477716855e-47
643.25	5.490926485817796e-47
643.375	5.505174479040768e-47
643.5	5.047690134221605e-47
643.625	5.436412837777155e-47
643.75	5.9964939249690245e-47
643.875	5.358214672829929e-47
644.0	5.409563077271824e-47
644.125	5.397668099942975e-47
644.25	4.790130407149822e-47
644.375	4.3685211329545204e-47
644.5	5.207229837455042e-47
644.625	6.247398427116195e-47
644.75	6.017517269184962e-47
644.875	5.22592260723485e-47
645.0	6.013235710043135e-47
645.125	5.377845049099264e-47
645.25	5.424985075632005e-47
645.375	6.161217454256928e-47
645.5	5.313238707345154e-47
645.625	4.744776626110922e-47
645.75	5.134468260281615e-47
645.875	5.824618914894481e-47
646.0	5.954516859546257e-47
646.125	6.006027267064967e-47
646.25	5.54018827321848e-47
646.375	5.931296978427396e-47
646.5	5.536733509192899e-47
646.625	5.507428662050704e-47
646.75	6.887440020322404e-47
646.875	5.577888360008643e-47
647.0	5.47932029114976e-47
647.125	5.899463180209367e-47
647.25	5.794065471700079e-47
647.375	5.24203932292104e-47
647.5	5.682776554261247e-47
647.625	6.0550590593476e-47
647.75	5.849865584923396e-47
647.875	5.780044667826025e-47
648.0	5.819668072989001e-47
648.125	5.828657205083447e-47
648.25	5.784952162030128e-47
648.375	5.0866187126862245e-47
648.5	5.768151563929105e-47
648.625	5.699561309802722e-47
648.75	5.960437851792383e-47
648.875	6.427364067330649e-47
649.0	6.199727445769103e-47
649.125	5.791334500269125e-47
649.25	6.570439082480025e-47
649.375	6.107363262443643e-47
649.5	5.966800530324622e-47
649.625	6.267661525822095e-47
649.75	6.0432421985538475e-47
649.875	5.6183145376438895e-47
650.0	5.601759205699802e-47
650.125	4.630383049298722e-47
650.25	4.476869681823395e-47
650.375	5.0424655465024e-47
650.5	5.153780696486568e-47
650.625	5.003546186591001e-47
650.75	6.241913115396841e-47
650.875	6.73213735245761e-47
651.0	6.98784298143576e-47
651.125	6.979983742412207e-47
651.25	5.830084650610081e-47
651.375	4.730778089545103e-47
651.5	4.6301718340739555e-47
651.625	4.743670026981635e-47
651.75	5.2196950429668485e-47
651.875	5.844135094045249e-47
652.0	5.172513010434224e-47
652.125	5.87061995604084e-47
652.25	5.52783907961472e-47
652.375	5.213387867994435e-47
652.5	6.211462487860223e-47
652.625	6.206038669912224e-47
652.75	6.108377999268768e-47
652.875	6.237553547937855e-47
653.0	5.879727010466883e-47
653.125	6.082641939794436e-47
653.25	6.974129210607503e-47
653.375	6.970159149775442e-47
653.5	6.134130952000248e-47
653.625	5.760740020412522e-47
653.75	5.863814551500304e-47
653.875	4.92932010991969e-47
654.0	4.929591682524602e-47
654.125	5.390164546707599e-47
654.25	5.311389744835522e-47
654.375	5.526209311356485e-47
654.5	6.1440746576859035e-47
654.625	5.743736819628026e-47
654.75	5.737409705067481e-47
654.875	6.135304252081488e-47
655.0	6.239361015619876e-47
655.125	5.656882700487e-47
655.25	5.735071067983504e-47
655.375	5.345609910687684e-47
655.5	5.742667508552101e-47
655.625	5.293658608246088e-47
655.75	5.340447577229956e-47
655.875	5.906789246098321e-47
656.0	6.121787404389905e-47
656.125	6.636723494023742e-47
656.25	5.997702158397891e-47
656.375	5.815501884075846e-47
656.5	6.342186834071103e-47
656.625	5.910236724388096e-47
656.75	6.068244074134223e-47
656.875	6.014275789304645e-47
657.0	5.964331569937224e-47
657.125	6.871245967494439e-47
657.25	7.392244512854569e-47
657.375	6.443150569100643e-47
657.5	5.775017513783296e-47
657.625	6.216816135610521e-47
657.75	6.113816373664609e-47
657.875	5.833712840532515e-47
658.0	5.604364410463809e-47
658.125	5.231221690024225e-47
658.25	5.110513269525315e-47
658.375	5.218549261183729e-47
658.5	5.598000077806655e-47
658.625	6.023102244387903e-47
658.75	5.701476789999375e-47
658.875	5.793673466721855e-47
659.0	4.841229726470916e-47
659.125	5.616817777666624e-47
659.25	6.174376045531203e-47
659.375	5.044041814730726e-47
659.5	5.703094288719556e-47
659.625	6.495213757366322e-47
659.75	7.45782040232093e-47
659.875	8.125601617810164e-47
660.0	8.092616823214728e-47
660.125	8.648832600810002e-47
660.25	6.927030319661088e-47
660.375	6.217612513681921e-47
660.5	5.727404277907457e-47
660.625	5.319332764267535e-47
660.75	6.175138425038399e-47
660.875	5.7702436748944e-47
661.0	5.8756440825625e-47
661.125	6.667292755794064e-47
661.25	6.086581761836304e-47
661.375	5.982418566441214e-47
661.5	6.0628155771590565e-47
661.625	6.27594133186392e-47
661.75	6.014183658164222e-47
661.875	5.656802674934961e-47
662.0	6.256346324390759e-47
662.125	5.774739380790434e-47
662.25	4.489924915637604e-47
662.375	5.59463608729e-47
662.5	4.954759420562705e-47
662.625	5.624769302365444e-47
662.75	5.422395250717224e-47
662.875	5.155333484023799e-47
663.0	5.503579362048769e-47
663.125	5.836472883763343e-47
663.25	4.827886177272064e-47
663.375	5.118713639774597e-47
663.5	5.299675910070128e-47
663.625	5.919920404758362e-47
663.75	6.347476208102499e-47
663.875	5.8838510902502245e-47
664.0	5.892500443365374e-47
664.125	5.797393709421922e-47
664.25	6.414662468361744e-47
664.375	6.65754052862501e-47
664.5	6.361790480853888e-47
664.625	5.296870467278403e-47
664.75	5.550088634172888e-47
664.875	5.685379868525764e-47
665.0	5.1819532420662245e-47
665.125	4.841547707475361e-47
665.25	5.103119383526642e-47
665.375	5.053401377798398e-47
665.5	5.268032190226521e-47
665.625	5.898416026913316e-47
665.75	6.0395404016704e-47
665.875	6.616241801200656e-47
666.0	6.659655117024101e-47
666.125	7.182541312515624e-47
666.25	7.038733791654244e-47
666.375	5.811269797939225e-47
666.5	6.0514101204561e-47
666.625	6.986040825686521e-47
666.75	6.443122635436096e-47
666.875	5.258007546894399e-47
667.0	4.736912835154756e-47
667.125	5.874306568200625e-47
667.25	6.222222888820625e-47
667.375	6.2202923455689005e-47
667.5	5.302283886469089e-47
667.625	4.836483101549584e-47
667.75	5.9933228332349155e-47
667.875	7.594724229721226e-47
668.0	7.845943389928899e-47
668.125	6.516319777875625e-47
668.25	5.072499640719289e-47
668.375	5.799359826846782e-47
668.5	5.5947256948142e-47
668.625	6.328351736679842e-47
668.75	5.732106157534276e-47
668.875	4.508905608108223e-47
669.0	5.514289772293697e-47
669.125	5.253247768821264e-47
669.25	5.538960206004481e-47
669.375	5.759347348052497e-47
669.5	6.113024794647225e-47
669.625	5.573698706355263e-47
669.75	4.678911582604901e-47
669.875	5.400512599712399e-47
670.0	5.416093762633226e-47
670.125	5.720887242083208e-47
670.25	6.914864787903553e-47
670.375	5.715670569018917e-47
670.5	6.305456720492836e-47
670.625	6.216397150833424e-47
670.75	5.818165626163802e-47
670.875	5.398726984560899e-47
671.0	5.817219678489999e-47
671.125	5.884491911835364e-47
671.25	6.474468009318243e-47
671.375	6.003261351872657e-47
671.5	5.65001580122857e-47
671.625	5.734225646608899e-47
671.75	5.956498326149315e-47
671.875	6.340917788814399e-47
672.0	5.663252563522224e-47
672.125	5.036808889489442e-47
672.25	5.5864311412746235e-47
672.375	6.461242452477316e-47
672.5	6.227301341215502e-47
672.625	5.664379030160761e-47
672.75	5.281875687192195e-47
672.875	5.096660317246404e-47
673.0	5.353839095224489e-47
673.125	5.656171666210576e-47
673.25	6.32091511449749e-47
673.375	6.482323201791377e-47
673.5	5.738460497401129e-47
673.625	4.1938412804958756e-47
673.75	4.47406059631956e-47
673.875	6.622746229386046e-47
674.0	6.194141116613955e-47
674.125	7.096940334355597e-47
674.25	6.558279492072025e-47
674.375	6.297637565814336e-47
674.5	5.776331972769857e-47
674.625	5.6033339033764e-47
674.75	5.204635246212963e-47
674.875	5.06810394884069e-47
675.0	5.6745802746361e-47
675.125	5.936024017086407e-47
675.25	7.108769486163358e-47
675.375	6.138863374108201e-47
675.5	5.133863651470225e-47
675.625	5.574434701406767e-47
675.75	5.989889436429378e-47
675.875	5.641978092062403e-47
676.0	4.7844926351807285e-47
676.125	5.68404126984156e-47
676.25	5.441672678077636e-47
676.375	5.4933372489366e-47
676.5	5.746883035623601e-47
676.625	6.6598147407053425e-47
676.75	6.126317193390438e-47
676.875	5.6792807731660085e-47
677.0	5.613401535033769e-47
677.125	6.008682816301636e-47
677.25	6.210734593869796e-47
677.375	5.873028981776101e-47
677.5	5.703307555900516e-47
677.625	6.021020649895696e-47
677.75	6.2053652902878795e-47
677.875	6.843591241451998e-47
678.0	6.905838028282382e-47
678.125	5.805434508333603e-47
678.25	5.6204589168784005e-47
678.375	6.560277823873762e-47
678.5	6.172706078698042e-47
678.625	5.196900191441842e-47
678.75	5.396397164110277e-47
678.875	6.043414934275215e-47
679.0	5.898225868808464e-47
679.125	5.82121954370489e-47
679.25	5.737944936602177e-47
679.375	5.97748907809373e-47
679.5	6.0153705597924e-47
679.625	6.199681305183025e-47
679.75	6.25083890068901e-47
679.875	6.711267333405625e-47
680.0	6.080876968880484e-47
680.125	4.8621125223225e-47
680.25	4.517524457851025e-47
680.375	5.648499642563002e-47
680.5	5.76333941738892e-47
680.625	6.349288853880625e-47
680.75	7.291412649873358e-47
680.875	6.538032335609999e-47
681.0	6.894270511681534e-47
681.125	6.766476451374025e-47
681.25	5.084294784586083e-47
681.375	5.695126513787844e-47
681.5	6.102430985691363e-47
681.625	6.6819049701264e-47
681.75	5.054947502207717e-47
681.875	5.082574216230624e-47
682.0	5.73358367082576e-47
682.125	6.545792648281331e-47
682.25	5.61895197658956e-47
682.375	5.39251255484544e-47
682.5	6.465546974390625e-47
682.625	5.882200793987049e-47
682.75	5.544915741284481e-47
682.875	5.973532791008691e-47
683.0	5.968348158357224e-47
683.125	5.769074525171775e-47
683.25	5.53997956661952e-47
683.375	5.977937818265625e-47
683.5	6.895835084557225e-47
683.625	6.208566611513764e-47
683.75	5.333640305714177e-47
683.875	5.150310385829568e-47
684.0	5.627666115843984e-47
684.125	6.1661065231936e-47
684.25	6.239215043644804e-47
684.375	6.62339077670309e-47
684.5	6.306729042116889e-47
684.625	4.791259162842084e-47
684.75	5.942520275009537e-47
684.875	5.483054470522501e-47
685.0	5.3781086139769215e-47
685.125	6.515182914522488e-47
685.25	6.200690295669444e-47
685.375	6.628014369613925e-47
685.5	7.810200013112895e-47
685.625	7.506738778707843e-47
685.75	6.817628366482761e-47
685.875	7.07706223032673e-47
686.0	6.205832272181024e-47
686.125	5.227134122362084e-47
686.25	6.668881990747727e-47
686.375	6.717570769580943e-47
686.5	6.442001485926399e-47
686.625	7.038953603934783e-47
686.75	7.248547324836801e-47
686.875	6.609901869497809e-47
687.0	5.059293670778944e-47
687.125	5.347753379872224e-47
687.25	5.841680793330321e-47
687.375	6.197233423255081e-47
687.5	6.703215310863557e-47
687.625	6.609825121290563e-47
687.75	6.704034558792562e-47
687.875	5.841259819578226e-47
688.0	6.554467356912226e-47
688.125	6.82990991100636e-47
688.25	5.970775141765681e-47
688.375	7.231731527209742e-47
688.5	6.870558470324223e-47
688.625	6.2247766887405175e-47
688.75	5.554853862315663e-47
688.875	6.267885574860442e-47
689.0	6.772243513624164e-47
689.125	6.07858192279812e-47
689.25	5.928658124928399e-47
689.375	5.422485235400675e-47
689.5	6.095963275222499e-47
689.625	5.676326101911608e-47
689.75	5.445280368532447e-47
689.875	5.9499137461478545e-47
690.0	5.755295818959556e-47
690.125	5.976048955498282e-47
690.25	5.9283978752881e-47
690.375	5.16361973410556e-47
690.5	5.3776658228049e-47
690.625	6.882557884759488e-47
690.75	6.758407151659022e-47
690.875	6.067821557665729e-47
691.0	6.352615233857024e-47
691.125	5.829111012418224e-47
691.25	6.532106456816704e-47
691.375	6.2168825247841e-47
691.5	6.008211375098407e-47
691.625	7.6660794028225e-47
691.75	6.643673718282754e-47
691.875	6.567333945949922e-47
692.0	6.484452137001215e-47
692.125	6.283323714921562e-47
692.25	5.901903160584025e-47
692.375	5.8814573312356e-47
692.5	5.943104768656225e-47
692.625	6.045520922690704e-47
692.75	5.921742662179601e-47
692.875	5.442137424472334e-47
693.0	6.772710949576326e-47
693.125	7.786644387061223e-47
693.25	7.362528743222041e-47
693.375	6.663126629112528e-47
693.5	6.347385224089443e-47
693.625	6.182727695084327e-47
693.75	7.109690219602441e-47
693.875	7.376749746432049e-47
694.0	6.116381460460802e-47
694.125	6.288567872841081e-47
694.25	6.427175987908902e-47
694.375	5.9792640351414e-47
694.5	6.730274955292007e-47
694.625	7.307546739956102e-47
694.75	6.872399223004223e-47
694.875	6.213162912257161e-47
695.0	5.539850652809928e-47
695.125	5.088470219588196e-47
695.25	5.7332009861532155e-47
695.375	6.787600138193448e-47
695.5	6.817635137136786e-47
695.625	5.546595482769961e-47
695.75	6.693497706812402e-47
695.875	6.833801806243344e-47
696.0	5.862800122517776e-47
696.125	6.169065526473201e-47
696.25	5.7622805804379695e-47
696.375	6.780867997992678e-47
696.5	6.555790304587227e-47
696.625	6.971763370491396e-47
696.75	7.00586459928785e-47
696.875	5.880004593091345e-47
697.0	5.810100462720225e-47
697.125	5.603966000368163e-47
697.25	5.471136172502643e-47
697.375	5.802653629872802e-47
697.5	5.384328682660225e-47
697.625	6.133283394739522e-47
697.75	6.2614176319744e-47
697.875	5.749556343537241e-47
698.0	5.978726478950625e-47
698.125	6.739482794488609e-47
698.25	6.434527402836034e-47
698.375	6.825870079142974e-47
698.5	8.0133797626552875e-47
698.625	7.042883789015882e-47
698.75	6.848009191784599e-47
698.875	5.798582629980626e-47
699.0	5.4210588230656e-47
699.125	6.658029610562499e-47
699.25	6.949990995959235e-47
699.375	6.856750995861e-47
699.5	6.249033249383928e-47
699.625	5.9184419984509215e-47
699.75	5.819189612333769e-47
699.875	5.341345894278144e-47
700.0	4.909237489534401e-47
700.125	6.01637405765352e-47
700.25	6.414914118599282e-47
700.375	5.890923844541315e-47
700.5	6.766738200754595e-47
700.625	7.889668157030414e-47
700.75	6.952991517159999e-47
700.875	6.184508328306024e-47
701.0	5.632629635417408e-47
701.125	6.286072692549049e-47
701.25	6.060696302024675e-47
701.375	5.728181533932e-47
701.5	5.819725745914128e-47
701.625	6.073818243437023e-47
701.75	6.683570667659663e-47
701.875	6.204507154465636e-47
702.0	6.492606839037796e-47
702.125	6.654098043749024e-47
702.25	5.950356050379602e-47
702.375	6.605186259656209e-47
702.5	7.673706213694248e-47
702.625	6.570956244259226e-47
702.75	5.882517090509761e-47
702.875	7.907736546957024e-47
703.0	7.75102522456865e-47
703.125	6.418279593875558e-47
703.25	6.9427513254342755e-47
703.375	7.348636579707722e-47
703.5	6.887739453668835e-47
703.625	5.796874594309681e-47
703.75	5.347020512808975e-47
703.875	6.076408757450329e-47
704.0	5.234224711635364e-47
704.125	5.529762666915875e-47
704.25	6.603952441266437e-47
704.375	7.574211674822809e-47
704.5	7.523640069288561e-47
704.625	6.100209510330243e-47
704.75	6.43005167488561e-47
704.875	5.588283561761329e-47
705.0	5.315381655608896e-47
705.125	6.22531083460832e-47
705.25	5.8525269332761e-47
705.375	6.13143357064784e-47
705.5	6.721872268350626e-47
705.625	5.702662178136729e-47
705.75	5.257373520031503e-47
705.875	5.689553501698641e-47
706.0	6.284536406404623e-47
706.125	8.227693633023226e-47
706.25	5.829633706753443e-47
706.375	6.111603302441537e-47
706.5	5.8643784673929e-47
706.625	6.53484190258016e-47
706.75	6.909587073653474e-47
706.875	6.893097987250488e-47
707.0	6.173779816147215e-47
707.125	7.050946289227569e-47
707.25	7.347087796674025e-47
707.375	7.798476301876323e-47
707.5	7.443352503317957e-47
707.625	7.467542028033481e-47
707.75	5.928785633937665e-47
707.875	6.852016166932835e-47
708.0	8.554731217404097e-47
708.125	7.666407566784574e-47
708.25	6.7803111855960245e-47
708.375	7.076238499585162e-47
708.5	6.253438895801345e-47
708.625	5.882015038935617e-47
708.75	5.855666988628899e-47
708.875	6.256587098185281e-47
709.0	6.0847082606116e-47
709.125	5.692523534006597e-47
709.25	6.856295407562499e-47
709.375	6.957353048741001e-47
709.5	6.220559556034575e-47
709.625	7.052025343890246e-47
709.75	7.421907961046015e-47
709.875	7.603890750484679e-47
710.0	7.206455055468963e-47
710.125	6.013628404617743e-47
710.25	5.599724208003023e-47
710.375	6.511035221652197e-47
710.5	7.256001915544561e-47
710.625	5.713709317602724e-47
710.75	5.273537896718642e-47
710.875	5.727885913108804e-47
711.0	6.282980174623502e-47
711.125	6.308371131815024e-47
711.25	6.003485583158568e-47
711.375	5.822432117448768e-47
711.5	6.215229366399075e-47
711.625	6.580591331272336e-47
711.75	6.772233144629241e-47
711.875	6.196749289280357e-47
712.0	5.971259021262085e-47
712.125	6.086622954643344e-47
712.25	6.039880485022222e-47
712.375	7.019931587241024e-47
712.5	7.503290845485443e-47
712.625	6.939901965293475e-47
712.75	7.292064017577889e-47
712.875	5.856648811275025e-47
713.0	5.9461126441036815e-47
713.125	6.070212428218625e-47
713.25	5.93141481183104e-47
713.375	6.353991465477185e-47
713.5	5.995613188509024e-47
713.625	6.308748248561642e-47
713.75	6.294093792855624e-47
713.875	6.353157068409635e-47
714.0	5.978386884560842e-47
714.125	5.4759816480153755e-47
714.25	6.414502766729279e-47
714.375	7.198663673913719e-47
714.5	6.762761176248082e-47
714.625	6.58713080842188e-47
714.75	6.5205075901156e-47
714.875	6.588704292255555e-47
715.0	6.3243334613596845e-47
715.125	7.44567779253228e-47
715.25	7.415936521052224e-47
715.375	6.608776219584399e-47
715.5	6.046251978007201e-47
715.625	6.510034369126655e-47
715.75	6.759158238809999e-47
715.875	6.229432812683535e-47
716.0	7.487722298203875e-47
716.125	6.744766437081728e-47
716.25	5.45823681657416e-47
716.375	7.195100627475721e-47
716.5	6.571802066489103e-47
716.625	6.344843512284678e-47
716.75	6.718302699354007e-47
716.875	6.339526412626449e-47
717.0	5.757289537008026e-47
717.125	5.521004911006225e-47
717.25	5.8377927897025e-47
717.375	6.600744987810961e-47
717.5	7.126451569765968e-47
717.625	7.076915011857605e-47
717.75	6.977392376839366e-47
717.875	6.626761163016242e-47
718.0	6.337285116342488e-47
718.125	6.080127604379928e-47
718.25	7.051945230691321e-47
718.375	6.925011835822335e-47
718.5	6.946376689945475e-47
718.625	6.752632837104025e-47
718.75	6.734785681747599e-47
718.875	6.999270174812881e-47
719.0	6.997472736206403e-47
719.125	6.529213369388304e-47
719.25	6.511650585650402e-47
719.375	5.983576338816399e-47
719.5	6.146920645289999e-47
719.625	5.840338438319449e-47
719.75	5.989396134833721e-47
719.875	6.920682583609599e-47
720.0	7.052290879570562e-47
720.125	8.002541430455626e-47
720.25	8.876654090704009e-47
720.375	7.070515433531449e-47
720.5	5.784907135264928e-47
720.625	5.929018480014399e-47
720.75	6.307489383447617e-47
720.875	6.329031756364942e-47
721.0	6.295196284806529e-47
721.125	7.360999087950225e-47
721.25	7.420087368125041e-47
721.375	6.2944563605120995e-47
721.5	5.7571440062157155e-47
721.625	5.792206344050114e-47
721.75	6.753995357463025e-47
721.875	6.414966659819169e-47
722.0	5.586820705621446e-47
722.125	5.266279354648226e-47
722.25	5.288737123479615e-47
722.375	5.648515275126026e-47
722.5	5.810792902302247e-47
722.625	7.536592984483809e-47
722.75	7.984272955948082e-47
722.875	8.083868159991555e-47
723.0	6.515877580812195e-47
723.125	6.836488245597481e-47
723.25	7.613043953112081e-47
723.375	7.097408061085456e-47
723.5	6.503326996531264e-47
723.625	6.942344047732899e-47
723.75	7.46187048293016e-47
723.875	7.77836843201348e-47
724.0	5.81900454976e-47
724.125	6.0182064444099985e-47
724.25	5.949015149359882e-47
724.375	5.316774993255959e-47
724.5	5.360411039069584e-47
724.625	6.039912193464384e-47
724.75	5.884397251530625e-47
724.875	5.96072459042144e-47
725.0	6.524741658912129e-47
725.125	7.299961987234223e-47
725.25	7.492734356178724e-47
725.375	7.033002936726e-47
725.5	6.502410115575529e-47
725.625	6.253527938721e-47
725.75	6.481511979434244e-47
725.875	6.259582762125624e-47
726.0	6.648587647032383e-47
726.125	7.885924322636529e-47
726.25	8.462753997859983e-47
726.375	7.575430317154705e-47
726.5	7.629207196880888e-47
726.625	7.132656146142915e-47
726.75	5.648416219154915e-47
726.875	6.356415576945424e-47
727.0	6.722604924369051e-47
727.125	7.430585506312334e-47
727.25	8.163365001200964e-47
727.375	7.624084030632002e-47
727.5	7.633686922966731e-47
727.625	6.30653272996976e-47
727.75	6.245497173857763e-47
727.875	7.252160026948225e-47
728.0	6.424930631592226e-47
728.125	6.001892655565688e-47
728.25	6.128866738352241e-47
728.375	6.585672748056963e-47
728.5	6.168649410562501e-47
728.625	6.711078749538275e-47
728.75	8.534762622320842e-47
728.875	8.526176786615401e-47
729.0	7.8544313925529e-47
729.125	7.291512214683902e-47
729.25	6.201200885271617e-47
729.375	6.543376854064163e-47
729.5	7.211559426651801e-47
729.625	6.53538320750809e-47
729.75	6.998850701629958e-47
729.875	6.902923305971889e-47
730.0	5.771545131310596e-47
730.125	6.210636556838464e-47
730.25	6.734800125325584e-47
730.375	7.5288088615266795e-47
730.5	7.692846402930129e-47
730.625	8.281048412070756e-47
730.75	7.330908207042729e-47
730.875	6.6818663875238545e-47
731.0	6.458991635093903e-47
731.125	6.191681109319695e-47
731.25	6.217765171779249e-47
731.375	6.136365018182114e-47
731.5	5.725669832440336e-47
731.625	6.1428005110404e-47
731.75	6.5236911301969e-47
731.875	8.6558787171506245e-47
732.0	7.933961562092943e-47
732.125	6.950736146655624e-47
732.25	5.23918331113321e-47
732.375	6.103970008456464e-47
732.5	6.818449126357804e-47
732.625	5.157193575841608e-47
732.75	6.417459411248208e-47
732.875	6.962481252122257e-47
733.0	7.181180124520337e-47
733.125	7.183839569761154e-47
733.25	5.61487371151652e-47
733.375	5.907787796758225e-47
733.5	5.952781379232899e-47
733.625	6.9752546536401e-47
733.75	7.460230349390625e-47
733.875	6.06846904834364e-47
734.0	6.674370398112399e-47
734.125	6.43006418415776e-47
734.25	6.328242434162999e-47
734.375	5.753849341473424e-47
734.5	6.872595365649922e-47
734.625	6.628089106607927e-47
734.75	6.223794772242961e-47
734.875	5.385873546797122e-47
735.0	5.418201555932356e-47
735.125	6.436048378700197e-47
735.25	7.6487387431566225e-47
735.375	6.505953165741121e-47
735.5	5.990565263182563e-47
735.625	7.25965191929528e-47
735.75	7.25169710666861e-47
735.875	6.008966837160674e-47
736.0	7.4893429501801015e-47
736.125	7.683204958055451e-47
736.25	7.022020503465009e-47
736.375	6.864768248086609e-47
736.5	6.328952996950088e-47
736.625	6.578732659515767e-47
736.75	7.736231549222498e-47
736.875	7.866332771137802e-47
737.0	7.30838331218089e-47
737.125	6.180083482839049e-47
737.25	4.945996499072841e-47
737.375	5.485750432485903e-47
737.5	5.411491428865599e-47
737.625	5.588429035593615e-47
737.75	5.935195497648399e-47
737.875	6.9447338919049e-47
738.0	5.651654100570254e-47
738.125	6.320122005648024e-47
738.25	7.093283465186689e-47
738.375	6.255922687660882e-47
738.5	5.295942713539985e-47
738.625	7.43586831545336e-47
738.75	6.822034626080879e-47
738.875	7.979094972608398e-47
739.0	7.126130277288099e-47
739.125	7.809671360799023e-47
739.25	8.618975570279844e-47
739.375	6.599968796196864e-47
739.5	6.380835488337423e-47
739.625	6.66972804857041e-47
739.75	6.570918793929616e-47
739.875	7.079634846800355e-47
740.0	6.567036373786007e-47
740.125	6.304530075947039e-47
740.25	6.213413416243265e-47
740.375	6.858380704946281e-47
740.5	6.7200580179216e-47
740.625	7.311126401265626e-47
740.75	7.389197073072721e-47
740.875	7.359647515638543e-47
741.0	6.430663841616401e-47
741.125	6.833328133618809e-47
741.25	6.779893714812099e-47
741.375	5.968133545660416e-47
741.5	5.667423789902436e-47
741.625	6.624679639858226e-47
741.75	6.78347120567256e-47
741.875	6.580646818046597e-47
742.0	6.6653446457998445e-47
742.125	7.4078913519156625e-47
742.25	7.179217637509696e-47
742.375	6.357413640358881e-47
742.5	6.1067508973642075e-47
742.625	6.352985859584398e-47
742.75	7.45951209193009e-47
742.875	7.846720763831524e-47
743.0	6.0001888599049955e-47
743.125	5.834851092122809e-47
743.25	5.943747729447025e-47
743.375	5.611369517355625e-47
743.5	5.803187325251714e-47
743.625	5.467640600702016e-47
743.75	6.1313786017344e-47
743.875	7.395158599931665e-47
744.0	7.2667724244739535e-47
744.125	7.513587439626303e-47
744.25	7.254586256951879e-47
744.375	5.940505372206276e-47
744.5	6.2680241230893155e-47
744.625	7.208816742371999e-47
744.75	6.852453732643401e-47
744.875	6.664306695392025e-47
745.0	8.387586011575223e-47
745.125	7.725731778484164e-47
745.25	7.130103129443844e-47
745.375	7.23600369647821e-47
745.5	6.940371319649882e-47
745.625	6.831953501319423e-47
745.75	6.832787687419685e-47
745.875	6.316482420642602e-47
746.0	6.461893240353605e-47
746.125	6.578017131960577e-47
746.25	6.265532072352996e-47
746.375	6.8900973036921e-47
746.5	7.089351365337795e-47
746.625	6.785195477800803e-47
746.75	6.274666416435264e-47
746.875	6.766610369029281e-47
747.0	7.092698305349282e-47
747.125	7.3744544821267345e-47
747.25	6.297473931390626e-47
747.375	6.804066895085823e-47
747.5	6.514662140890848e-47
747.625	6.890292536621797e-47
747.75	7.032229908825663e-47
747.875	5.914122626508888e-47
748.0	5.395058508927844e-47
748.125	6.346746760926784e-47
748.25	6.462764009777124e-47
748.375	7.475713066386435e-47
748.5	7.482564171297857e-47
748.625	7.287056031705024e-47
748.75	7.014973227060969e-47
748.875	8.106696663542417e-47
749.0	7.943641380443664e-47
749.125	6.928002798890626e-47
749.25	5.981108704666385e-47
749.375	6.943920065454968e-47
749.5	7.034432538082574e-47
749.625	6.410552346105625e-47
749.75	6.800965581113087e-47
749.875	7.785140287167365e-47
750.0	8.505078593418289e-47
750.125	6.648992249070608e-47
750.25	6.781184539810703e-47
750.375	6.660495202988448e-47
750.5	5.645613851289999e-47
750.625	5.718490419731402e-47
750.75	6.271642594852209e-47
750.875	7.451327125944899e-47
751.0	7.59768126517304e-47
751.125	6.381500747415615e-47
751.25	5.700079220279161e-47
751.375	5.810732986810895e-47
751.5	5.964184526665689e-47
751.625	6.572841382055846e-47
751.75	7.100670782568484e-47
751.875	7.292387150475626e-47
752.0	7.113783145816515e-47
752.125	7.053081805786384e-47
752.25	7.0234942435640985e-47
752.375	8.009422862353641e-47
752.5	7.310614234536899e-47
752.625	7.022786098264225e-47
752.75	6.252015085999226e-47
752.875	6.710127350744691e-47
753.0	6.5366820750625005e-47
753.125	7.347330886864329e-47
753.25	6.51005583129689e-47
753.375	7.285209378419843e-47
753.5	7.595762020161561e-47
753.625	7.2725417820816e-47
753.75	8.135749919385664e-47
753.875	8.269078379787729e-47
754.0	7.743855328675684e-47
754.125	8.241740647745088e-47
754.25	6.680434822841328e-47
754.375	6.20767768425949e-47
754.5	6.423863002490024e-47
754.625	8.017974637404734e-47
754.75	7.520109689096356e-47
754.875	6.544971315594007e-47
755.0	6.624266011484836e-47
755.125	6.782636576551696e-47
755.25	6.52926686144664e-47
755.375	7.250807585002276e-47
755.5	7.867371925014849e-47
755.625	7.10539296214105e-47
755.75	6.462702590956095e-47
755.875	6.304272183905806e-47
756.0	7.001888192325795e-47
756.125	6.348347042545224e-47
756.25	5.836835315865854e-47
756.375	6.385445404276322e-47
756.5	6.953671618587683e-47
756.625	6.429264737828415e-47
756.75	6.1157326699225e-47
756.875	7.000642794984336e-47
757.0	6.452034617895364e-47
757.125	6.137474447941225e-47
757.25	6.617016508742116e-47
757.375	6.075448123315921e-47
757.5	6.942014434837503e-47
757.625	8.547067030221799e-47
757.75	7.303689860410384e-47
757.875	6.597699790203076e-47
758.0	6.225717021723368e-47
758.125	5.86212893854068e-47
758.25	6.988131715742117e-47
758.375	8.188699446393488e-47
758.5	8.7021494349373455e-47
758.625	7.533626336496226e-47
758.75	7.664129826440255e-47
758.875	6.359316699864975e-47
759.0	6.988300578755135e-47
759.125	6.761103235461185e-47
759.25	7.243375578968529e-47
759.375	6.831399885112088e-47
759.5	5.996397283942463e-47
759.625	6.3878798236693705e-47
759.75	6.050829192629776e-47
759.875	5.869243788780099e-47
760.0	5.847264027434024e-47
760.125	6.788285284884599e-47
760.25	7.625202589628836e-47
760.375	7.219716516277223e-47
760.5	6.637116655186999e-47
760.625	6.422431781285776e-47
760.75	6.807701252352025e-47
760.875	6.964163200239844e-47
761.0	6.959268791861823e-47
761.125	7.923262897594943e-47
761.25	7.825386205431367e-47
761.375	6.900302259891366e-47
761.5	7.04935162281389e-47
761.625	7.754827077758015e-47
761.75	7.167710798327556e-47
761.875	6.999164761542121e-47
762.0	6.791838616662544e-47
762.125	6.600297498106225e-47
762.25	5.907506023531204e-47
762.375	5.6006334452644e-47
762.5	6.33251595848945e-47
762.625	6.794448380261137e-47
762.75	7.867641037676176e-47
762.875	8.554914167142839e-47
763.0	8.841164738491023e-47
763.125	7.701614700216338e-47
763.25	6.206657253440281e-47
763.375	5.9317801798386e-47
763.5	7.632317007575687e-47
763.625	8.674097117937891e-47
763.75	6.254047025696089e-47
763.875	6.044264966806642e-47
764.0	7.446917807616676e-47
764.125	6.834949765800024e-47
764.25	6.59260837582464e-47
764.375	7.035471912398399e-47
764.5	6.111652710243599e-47
764.625	6.9268200853504e-47
764.75	7.947234856980223e-47
764.875	7.024945005353024e-47
765.0	7.3172941601218555e-47
765.125	6.605625625e-47
765.25	6.911459483795342e-47
765.375	6.678220670785161e-47
765.5	7.141469387056224e-47
765.625	6.517340004241934e-47
765.75	7.183473252369129e-47
765.875	7.082944650293823e-47
766.0	7.46728935288344e-47
766.125	7.853259278992688e-47
766.25	7.693334422839024e-47
766.375	6.752129281738283e-47
766.5	7.008907797408398e-47
766.625	8.390799627310862e-47
766.75	8.155936197689284e-47
766.875	6.204290542447761e-47
767.0	5.821567157648025e-47
767.125	7.840361531105855e-47
767.25	8.290992628692543e-47
767.375	6.420586608444969e-47
767.5	7.807732061722385e-47
767.625	7.669270806343128e-47
767.75	6.194010627949368e-47
767.875	6.913502931465529e-47
768.0	7.8020581721476e-47
768.125	7.360062050966415e-47
768.25	6.703856393080562e-47
768.375	7.6960245990061175e-47
768.5	7.124756719659077e-47
768.625	7.548010162111225e-47
768.75	7.967815150739161e-47
768.875	7.040413345223242e-47
769.0	6.500628632178577e-47
769.125	7.4992014802849e-47
769.25	7.84604206538477e-47
769.375	6.253483021787089e-47
769.5	6.399713763200522e-47
769.625	6.893008320884449e-47
769.75	6.122268601235329e-47
769.875	5.99871936196e-47
770.0	7.0776734977881e-47
770.125	7.21853481696552e-47
770.25	6.982661323782401e-47
770.375	7.788953497482302e-47
770.5	8.308511728477444e-47
770.625	8.14725409790388e-47
770.75	7.1025739616329e-47
770.875	7.215829202005369e-47
771.0	7.351686619868529e-47
771.125	6.439198717965925e-47
771.25	6.697834049367614e-47
771.375	7.782970777995609e-47
771.5	7.113381846311689e-47
771.625	7.285012042607523e-47
771.75	7.875206458369601e-47
771.875	6.361193724296464e-47
772.0	6.049531151527825e-47
772.125	6.636578973970402e-47
772.25	6.517991996382724e-47
772.375	7.020340129000899e-47
772.5	7.162852004045956e-47
772.625	7.255133594493184e-47
772.75	6.534008647236224e-47
772.875	7.077763179490248e-47
773.0	7.077156619202246e-47
773.125	7.479540546329569e-47
773.25	7.033913047454328e-47
773.375	6.687998331513489e-47
773.5	6.849880689168039e-47
773.625	7.352852071005528e-47
773.75	8.726439572791395e-47
773.875	8.799451568273667e-47
774.0	8.01121358597669e-47
774.125	6.145250005806024e-47
774.25	7.066238103124562e-47
774.375	7.384748774262723e-47
774.5	7.1410958700500275e-47
774.625	7.15576061520944e-47
774.75	6.798948234390225e-47
774.875	7.211464485396963e-47
775.0	6.712528504920484e-47
775.125	6.978850733514256e-47
775.25	7.455214843339395e-47
775.375	6.996341821763043e-47
775.5	7.041987363902499e-47
775.625	7.030818475200577e-47
775.75	6.8286471802256395e-47
775.875	6.669065244279023e-47
776.0	6.190862474377156e-47
776.125	7.041972258931598e-47
776.25	7.810743530884922e-47
776.375	7.538814533364408e-47
776.5	7.499306610540368e-47
776.625	7.820776816744336e-47
776.75	8.173170884059279e-47
776.875	8.47183524446033e-47
777.0	7.67304117123461e-47
777.125	8.558844266616486e-47
777.25	9.64798501836065e-47
777.375	7.953608559196034e-47
777.5	6.808608879347025e-47
777.625	7.690093116966975e-47
777.75	7.073373649429199e-47
777.875	6.8406843930649e-47
778.0	7.969311976626009e-47
778.125	7.620943248344199e-47
778.25	7.014486113895839e-47
778.375	7.455612201816768e-47
778.5	7.261844032334115e-47
778.625	7.762833228591365e-47
778.75	8.467371767732328e-47
778.875	7.588052620706042e-47
779.0	8.730709366210224e-47
779.125	1.0129432128206399e-46
779.25	9.655404725562564e-47
779.375	8.852413058831168e-47
779.5	7.927397721324223e-47
779.625	9.101620597027396e-47
779.75	1.0172947372660898e-46
779.875	1.02150963864576e-46
780.0	9.24318244604384e-47
780.125	7.777247513199618e-47
780.25	7.233051401833103e-47
780.375	7.347954916765369e-47
780.5	6.6286502174095285e-47
780.625	7.124251460688961e-47
780.75	6.320950096386409e-47
780.875	6.920162152750143e-47
781.0	7.713043734532095e-47
781.125	8.022295138714754e-47
781.25	6.77109721170233e-47
781.375	6.901297118810115e-47
781.5	7.677417210040385e-47
781.625	7.512886033732837e-47
781.75	8.1033519467044e-47
781.875	8.982817345731077e-47
782.0	7.99574164442592e-47
782.125	7.323532125659044e-47
782.25	7.646866052142322e-47
782.375	7.346427461957809e-47
782.5	7.389127445281157e-47
782.625	9.471115443958335e-47
782.75	8.462689786708641e-47
782.875	7.70954785984896e-47
783.0	7.93651690981116e-47
783.125	7.602149634754248e-47
783.25	6.4835847389041e-47
783.375	7.309357065269281e-47
783.5	8.1035964391204835e-47
783.625	8.08314439800348e-47
783.75	8.436601975854529e-47
783.875	8.609347201218624e-47
784.0	8.079316101320257e-47
784.125	7.1942228961252245e-47
784.25	6.7134348454158065e-47
784.375	7.169162661544464e-47
784.5	8.00069836610413e-47
784.625	7.989935119554969e-47
784.75	8.025619503415683e-47
784.875	6.9281524555545765e-47
785.0	7.716500344893767e-47
785.125	7.878512635692195e-47
785.25	7.700965824991606e-47
785.375	7.715592595694915e-47
785.5	8.429663326987204e-47
785.625	7.601576107732323e-47
785.75	7.379318880373445e-47
785.875	7.56477047702472e-47
786.0	8.127988395797451e-47
786.125	7.713904433114894e-47
786.25	7.028280900834649e-47
786.375	7.127000974735488e-47
786.5	7.524787321963025e-47
786.625	8.152962192000024e-47
786.75	8.125542845254849e-47
786.875	6.123670674100996e-47
787.0	6.33599618425884e-47
787.125	7.065951626416224e-47
787.25	6.938130158202721e-47
787.375	6.515158860973156e-47
787.5	8.152020816485764e-47
787.625	7.807368900706488e-47
787.75	6.974240949110239e-47
787.875	7.588829482476544e-47
788.0	7.848188631540008e-47
788.125	8.660377267077904e-47
788.25	7.935170504021476e-47
788.375	7.723494983595887e-47
788.5	8.858409126050883e-47
788.625	8.529993514225294e-47
788.75	7.410658904313854e-47
788.875	8.274597204124971e-47
789.0	8.517041166625487e-47
789.125	8.560450015290001e-47
789.25	7.844042812693201e-47
789.375	7.960256578872902e-47
789.5	8.002253023927969e-47
789.625	7.60512381258432e-47
789.75	8.880055237062022e-47
789.875	6.953496003140624e-47
790.0	7.503509999576809e-47
790.125	8.000728956878435e-47
790.25	7.539722590643776e-47
790.375	7.69900585075244e-47
790.5	8.0736958499400075e-47
790.625	9.14216684027304e-47
790.75	8.302943515599118e-47
790.875	7.546882163620851e-47
791.0	8.458790841739222e-47
791.125	7.809211654625535e-47
791.25	6.934956631773768e-47
791.375	6.797270528604721e-47
791.5	7.814989099490327e-47
791.625	7.386136854513769e-47
791.75	7.221966668444022e-47
791.875	6.618497722222498e-47
792.0	6.178649498436996e-47
792.125	6.927160323630096e-47
792.25	7.35373496687424e-47
792.375	7.189799768679971e-47
792.5	7.212239828958648e-47
792.625	6.940069744740559e-47
792.75	6.713363233933457e-47
792.875	6.671664383586046e-47
793.0	7.11001535730265e-47
793.125	7.754714887817881e-47
793.25	8.546181748604719e-47
793.375	7.622427736058255e-47
793.5	6.751605696104024e-47
793.625	7.447444564822084e-47
793.75	7.01901819253556e-47
793.875	5.975018216290563e-47
794.0	6.560900208379455e-47
794.125	8.240012391936196e-47
794.25	8.41010213427888e-47
794.375	7.854323092895159e-47
794.5	8.619888196282609e-47
794.625	8.631945519493698e-47
794.75	7.570533539668968e-47
794.875	7.668730657121519e-47
795.0	8.646061077703203e-47
795.125	7.637375471942241e-47
795.25	7.166772939672024e-47
795.375	6.585397482813445e-47
795.5	7.218370161624062e-47
795.625	9.041846794567877e-47
795.75	7.635820321678763e-47
795.875	7.571633719068224e-47
796.0	8.2890902370024815e-47
796.125	7.710508641488006e-47
796.25	6.181559775426815e-47
796.375	6.059141727759121e-47
796.5	7.324519896061279e-47
796.625	8.441873759308897e-47
796.75	8.452743313195201e-47
796.875	8.03946988767428e-47
797.0	7.981056151277051e-47
797.125	9.081598830440928e-47
797.25	7.63557530120484e-47
797.375	7.277622921730223e-47
797.5	8.358455473818922e-47
797.625	7.888892211358094e-47
797.75	7.434079982074321e-47
797.875	7.181618585513759e-47
798.0	8.338474152040517e-47
798.125	8.881813165930386e-47
798.25	8.902108747874167e-47
798.375	8.030642470277904e-47
798.5	6.9119173999953625e-47
798.625	7.258635135245376e-47
798.75	8.028647789809284e-47
798.875	7.386257690355598e-47
799.0	7.732222513365248e-47
799.125	8.324925190496782e-47
799.25	7.879627690649286e-47
799.375	9.110266298721225e-47
799.5	7.834427959388415e-47
799.625	7.026699026366464e-47
799.75	8.73784090906356e-47
799.875	7.646918170262282e-47
800.0	7.635301798685797e-47
800.125	7.576753684702499e-47
800.25	6.569664999040901e-47
800.375	7.340902350632355e-47
800.5	8.46489407960988e-47
800.625	8.132351779279808e-47
800.75	8.12128997124e-47
800.875	8.02900960967708e-47
801.0	7.646725089258024e-47
801.125	7.756874466534399e-47
801.25	7.708876524843261e-47
801.375	6.422885542410649e-47
801.5	6.216740285230863e-47
801.625	6.573566357366087e-47
801.75	7.6076254742202095e-47
801.875	8.5748840844489e-47
802.0	7.52525176470768e-47
802.125	9.1900617963361e-47
802.25	8.120259592425289e-47
802.375	7.053434705203441e-47
802.5	6.8566067494369e-47
802.625	6.683124957145924e-47
802.75	6.511655911508222e-47
802.875	6.998745291518015e-47
803.0	7.9639646481383045e-47
803.125	7.708131470281223e-47
803.25	7.751720403261026e-47
803.375	7.883512624987608e-47
803.5	7.195820970394227e-47
803.625	8.308116319979161e-47
803.75	8.415600660515889e-47
803.875	7.657877761508599e-47
804.0	7.94211791471072e-47
804.125	7.370135963454018e-47
804.25	8.547051313669696e-47
804.375	8.031809464251768e-47
804.5	7.3196181564242905e-47
804.625	7.633366100124769e-47
804.75	7.033751517791294e-47
804.875	7.195303867068769e-47
805.0	7.051949261533222e-47
805.125	6.923118786288961e-47
805.25	7.465064544366025e-47
805.375	7.58399943771792e-47
805.5	8.693847530566415e-47
805.625	7.82144628520148e-47
805.75	6.893418466251769e-47
805.875	6.577621670041443e-47
806.0	6.840658588059075e-47
806.125	7.399261135405763e-47
806.25	8.258643851080559e-47
806.375	8.257180613140899e-47
806.5	7.868798789062502e-47
806.625	7.200670566265225e-47
806.75	7.266634668615365e-47
806.875	8.464808147289662e-47
807.0	8.292636068743743e-47
807.125	6.7369162768384e-47
807.25	5.580323813449225e-47
807.375	8.294072026665614e-47
807.5	8.0804170504996e-47
807.625	6.59394344961e-47
807.75	7.428627152186256e-47
807.875	7.486410536210117e-47
808.0	8.626591117749133e-47
808.125	8.716063085780162e-47
808.25	8.076206918262961e-47
808.375	7.934319995039999e-47
808.5	6.882130807214883e-47
808.625	6.445083436750729e-47
808.75	7.017836279965729e-47
808.875	7.457579463569282e-47
809.0	8.77021817421025e-47
809.125	8.29182907998936e-47
809.25	7.015091155211882e-47
809.375	6.443929525328099e-47
809.5	7.63559452520832e-47
809.625	7.032709587007504e-47
809.75	8.443069156130625e-47
809.875	8.171778878043666e-47
810.0	7.350466219219599e-47
810.125	7.697116487836943e-47
810.25	8.451384328450921e-47
810.375	9.69532412543657e-47
810.5	8.846547877975919e-47
810.625	7.619260060987129e-47
810.75	7.173612130558042e-47
810.875	7.642087855169296e-47
811.0	7.983098698883342e-47
811.125	7.994818867890001e-47
811.25	7.2919330244098555e-47
811.375	7.513881637657202e-47
811.5	7.429262382262561e-47
811.625	7.512077706651048e-47
811.75	8.36261215228776e-47
811.875	8.069953515726397e-47
812.0	7.350423351852101e-47
812.125	6.713705727086436e-47
812.25	6.914166464252087e-47
812.375	7.39345754253709e-47
812.5	8.253187765561248e-47
812.625	8.119746139613954e-47
812.75	9.620756482557025e-47
812.875	8.55153740407753e-47
813.0	7.503710792577444e-47
813.125	7.236781038609981e-47
813.25	7.347974803868239e-47
813.375	7.73475519276685e-47
813.5	8.442392887425026e-47
813.625	8.500172669497161e-47
813.75	9.25863883655604e-47
813.875	7.949596900102143e-47
814.0	6.70074542500256e-47
814.125	6.464364056810361e-47
814.25	6.883735320221842e-47
814.375	7.530039292088401e-47
814.5	9.078506311190417e-47
814.625	9.575088271664399e-47
814.75	7.07584280284484e-47
814.875	6.967470277447877e-47
815.0	8.324505304580529e-47
815.125	8.895456170907075e-47
815.25	8.040511627209999e-47
815.375	8.259959985399683e-47
815.5	8.600805533718782e-47
815.625	7.75075300756632e-47
815.75	6.561800142393721e-47
815.875	7.627640476740495e-47
816.0	8.105919120962883e-47
816.125	9.114019689390626e-47
816.25	1.0153349436268899e-46
816.375	9.275569100779535e-47
816.5	8.86026544061429e-47
816.625	8.683423910681877e-47
816.75	8.292889228351202e-47
816.875	8.875126538252099e-47
817.0	8.844459579830168e-47
817.125	7.90082925951888e-47
817.25	6.940471457298064e-47
817.375	6.150623045624465e-47
817.5	6.239724373189477e-47
817.625	8.416554931502656e-47
817.75	7.4173244287321e-47
817.875	7.774427141434945e-47
818.0	8.728237725301442e-47
818.125	7.976784817871104e-47
818.25	7.889256375248197e-47
818.375	8.770077513310865e-47
818.5	7.21552747683612e-47
818.625	7.561354631602496e-47
818.75	7.768711955248207e-47
818.875	7.138036947505216e-47
819.0	7.6803217661280265e-47
819.125	7.8906091844681985e-47
819.25	6.873094771056898e-47
819.375	7.32174383336172e-47
819.5	7.655618088039322e-47
819.625	7.239213033109226e-47
819.75	7.009230287553314e-47
819.875	6.558648618714257e-47
820.0	8.198956240455743e-47
820.125	8.102367172922498e-47
820.25	7.030679620325905e-47
820.375	8.651034029574226e-47
820.5	8.949594786880806e-47
820.625	8.42993234180357e-47
820.75	9.0818420310926e-47
820.875	9.498435226727056e-47
821.0	9.022532258714122e-47
821.125	8.074932105111876e-47
821.25	8.232191482530626e-47
821.375	7.894307217807395e-47
821.5	7.743546806630627e-47
821.625	7.797571514291882e-47
821.75	8.853407212762117e-47
821.875	9.228921518060176e-47
822.0	8.5926264662092385e-47
822.125	7.565829704041284e-47
822.25	8.357241033694809e-47
822.375	8.478526035103742e-47
822.5	7.949152708636439e-47
822.625	8.706387342784575e-47
822.75	9.085040346368487e-47
822.875	9.030010615271425e-47
823.0	7.211066723999998e-47
823.125	7.861459526776384e-47
823.25	7.567925762118277e-47
823.375	8.603836561169424e-47
823.5	9.111008897076026e-47
823.625	8.60726129995693e-47
823.75	7.945484635952703e-47
823.875	8.594712447659585e-47
824.0	9.635366949609022e-47
824.125	7.598799280472465e-47
824.25	7.325228715002497e-47
824.375	8.295706481631359e-47
824.5	7.880094080771238e-47
824.625	7.039487040525802e-47
824.75	6.414728624184001e-47
824.875	6.993068707684901e-47
825.0	7.804920655993443e-47
825.125	8.138145584612242e-47
825.25	7.147807650805263e-47
825.375	7.817853070053375e-47
825.5	9.020769955774755e-47
825.625	6.958867870389243e-47
825.75	8.025433524326654e-47
825.875	7.005797973416025e-47
826.0	6.874114861319523e-47
826.125	7.058137121798399e-47
826.25	7.401826098905953e-47
826.375	7.83603135329232e-47
826.5	8.147318364675007e-47
826.625	8.632636956640224e-47
826.75	8.568503974293796e-47
826.875	8.5691197358116e-47
827.0	8.4093738161590435e-47
827.125	9.129063722345957e-47
827.25	9.075503867862719e-47
827.375	7.852889034774784e-47
827.5	8.14432589615456e-47
827.625	7.556889228336898e-47
827.75	8.088665048244037e-47
827.875	9.357225116028e-47
828.0	1.0405895246304098e-46
828.125	8.537132061146402e-47
828.25	9.15598608496489e-47
828.375	8.075384649564736e-47
828.5	7.579286544573604e-47
828.625	8.023339168732835e-47
828.75	9.729893198928841e-47
828.875	9.668123217358223e-47
829.0	1.0019253258288402e-46
829.125	1.07931133998081e-46
829.25	1.00601140720144e-46
829.375	1.14577906667449e-46
829.5	1.2406787530777598e-46
829.625	1.17577328382864e-46
829.75	1.14031024317961e-46
829.875	1.1145799797268899e-46
830.0	1.0289820001562496e-46
830.125	1.08567043041601e-46
830.25	9.86332839683268e-47
830.375	7.927750307547221e-47
830.5	9.655694993452815e-47
830.625	1.11185130558096e-46
830.75	1.10926878745489e-46
830.875	9.850910076566e-47
831.0	9.965310735918407e-47
831.125	8.25123030925609e-47
831.25	9.593660844145223e-47
831.375	1.1723088003704098e-46
831.5	1.1130273210012098e-46
831.625	1.2608839733028097e-46
831.75	1.46075819509489e-46
831.875	1.1412552753202499e-46
832.0	1.26185838163009e-46
832.125	1.3112656900460102e-46
832.25	1.5387355535808398e-46
832.375	1.58345806103809e-46
832.5	1.5079073737734398e-46
832.625	1.4808874716558397e-46
832.75	1.5425913241209998e-46
832.875	1.5004483601984098e-46
833.0	1.64177427954276e-46
833.125	2.22909617904964e-46
833.25	1.9621966551264893e-46
833.375	1.9267874628912903e-46
833.5	2.2025813048121597e-46
833.625	2.3700106783592097e-46
833.75	2.6868353428176087e-46
833.875	2.5383059957184403e-46
834.0	2.2025851634988097e-46
834.125	2.17943009729449e-46
834.25	2.22419730270049e-46
834.375	2.29987506984921e-46
834.5	2.2129180577439997e-46
834.625	2.24313674181025e-46
834.75	1.9818904222936906e-46
834.875	1.883113974756e-46
835.0	1.81535256144004e-46
835.125	1.7760932881022502e-46
835.25	1.8306541904788896e-46
835.375	1.87951048306576e-46
835.5	1.9815914176380104e-46
835.625	1.93647875410564e-46
835.75	1.4686800382592099e-46
835.875	1.3562374926912099e-46
836.0	1.26083074883584e-46
836.125	1.0298653153998399e-46
836.25	1.27859284870144e-46
836.375	1.2493212470841598e-46
836.5	1.23457320988225e-46
836.625	1.36138396922896e-46
836.75	1.13757839095824e-46
836.875	9.921819006955583e-47
837.0	9.309870655004242e-47
837.125	9.788138380270441e-47
837.25	9.580082721142607e-47
837.375	8.34509490792308e-47
837.5	9.2072910184369e-47
837.625	7.324869594044302e-47
837.75	6.567208498039223e-47
837.875	8.643217296899024e-47
838.0	9.209009070270723e-47
838.125	8.337980143876678e-47
838.25	9.088656594126916e-47
838.375	9.20310269143681e-47
838.5	1.05774930673636e-46
838.625	9.044421977891555e-47
838.75	8.138818036298404e-47
838.875	8.636754935144449e-47
839.0	9.991634750167226e-47
839.125	9.535080345925692e-47
839.25	8.120339071829775e-47
839.375	9.175374661406976e-47
839.5	8.86893665220102e-47
839.625	7.687332257469491e-47
839.75	7.642629687958223e-47
839.875	7.19813764490192e-47
840.0	7.445790485532038e-47
840.125	8.22966680203512e-47
840.25	9.054051922339523e-47
840.375	7.996974063343206e-47
840.5	8.304931883697201e-47
840.625	8.269463582701281e-47
840.75	7.405554415691962e-47
840.875	7.730783819615373e-47
841.0	8.922244243047424e-47
841.125	8.474349113587984e-47
841.25	8.459074852686442e-47
841.375	9.364913659530254e-47
841.5	1.02369006711049e-46
841.625	8.749109382982277e-47
841.75	8.087229357592575e-47
841.875	9.184141947577038e-47
842.0	9.859764130359027e-47
842.125	8.651944258525582e-47
842.25	9.396853120892686e-47
842.375	9.053321163719363e-47
842.5	8.025796346802479e-47
842.625	9.799333702829055e-47
842.75	8.851929833243025e-47
842.875	8.505248284553409e-47
843.0	8.715201395589048e-47
843.125	9.0798810803281e-47
843.25	8.25108497184329e-47
843.375	8.284700837390223e-47
843.5	8.366251785725089e-47
843.625	8.327008535973134e-47
843.75	9.104059055227248e-47
843.875	8.752625405588088e-47
844.0	7.607930404349399e-47
844.125	8.550999580708224e-47
844.25	7.370247053120448e-47
844.375	7.607858357949447e-47
844.5	9.3737539757862e-47
844.625	8.353102324414865e-47
844.75	7.672553445030767e-47
844.875	8.185567294515623e-47
845.0	7.386281582623441e-47
845.125	7.701057266126226e-47
845.25	8.264295554565241e-47
845.375	7.490737190412025e-47
845.5	8.974253376991295e-47
845.625	9.5515635658742e-47
845.75	8.614186143769599e-47
845.875	8.261589621664369e-47
846.0	7.799792691109223e-47
846.125	7.870793919075027e-47
846.25	7.617892313569446e-47
846.375	9.114277071250728e-47
846.5	9.719247111682564e-47
846.625	8.880360181049566e-47
846.75	7.242963491782405e-47
846.875	6.869464215537361e-47
847.0	7.659704714628122e-47
847.125	7.907506053857279e-47
847.25	7.70547393992724e-47
847.375	9.522127284006542e-47
847.5	1.0921464323756098e-46
847.625	8.785084762661089e-47
847.75	6.65463447633925e-47
847.875	7.067199456489768e-47
848.0	7.603536198234566e-47
848.125	7.55664599911884e-47
848.25	8.77232878502552e-47
848.375	9.190993242430223e-47
848.5	8.79832987914457e-47
848.625	8.356931129727504e-47
848.75	9.607798267468129e-47
848.875	9.430664991015325e-47
849.0	9.357026041085286e-47
849.125	8.412159606166277e-47
849.25	7.765298480306759e-47
849.375	6.991213201575625e-47
849.5	7.944414309525136e-47
849.625	8.769275524248099e-47
849.75	8.397729414043873e-47
849.875	7.650767531819556e-47
850.0	7.608669553825344e-47
850.125	8.264226828130849e-47
850.25	8.905501743909156e-47
850.375	9.464269659732483e-47
850.5	1.04506212317584e-46
850.625	9.32632134464016e-47
850.75	6.766973137884996e-47
850.875	6.99840815180712e-47
851.0	7.206885798037641e-47
851.125	8.676000339502503e-47
851.25	8.994209067542417e-47
851.375	9.124525462953925e-47
851.5	9.212287861880896e-47
851.625	8.009170487372959e-47
851.75	8.560030337466623e-47
851.875	9.275130896565362e-47
852.0	8.449470240999999e-47
852.125	9.126028282941505e-47
852.25	8.871538899189409e-47
852.375	8.186548606284304e-47
852.5	8.253975428337665e-47
852.625	8.457672870878449e-47
852.75	8.211410604183553e-47
852.875	8.912678627976254e-47
853.0	8.42538188683464e-47
853.125	7.869593262289984e-47
853.25	8.845034956418114e-47
853.375	8.8381529191254e-47
853.5	7.96449564122453e-47
853.625	7.87205837159364e-47
853.75	9.759259605771228e-47
853.875	9.197249227244102e-47
854.0	9.675091896582024e-47
854.125	8.876669918998562e-47
854.25	8.638103090428814e-47
854.375	8.427315826970569e-47
854.5	8.391801225900626e-47
854.625	8.272794379739406e-47
854.75	8.164523346493503e-47
854.875	8.021601903052816e-47
855.0	8.42107895967497e-47
855.125	7.779185668894861e-47
855.25	8.696203512312971e-47
855.375	8.035808643299581e-47
855.5	8.095842713563801e-47
855.625	8.426393074479768e-47
855.75	8.626403873806095e-47
855.875	7.580406862443025e-47
856.0	7.498885920747665e-47
856.125	7.7808904859347375e-47
856.25	7.713328462360249e-47
856.375	9.101910622676356e-47
856.5	8.668126712700621e-47
856.625	9.168781022077505e-47
856.75	8.067892520816704e-47
856.875	8.25430086123149e-47
857.0	9.158672979313937e-47
857.125	8.096271009276959e-47
857.25	8.223827807614328e-47
857.375	9.152272086930062e-47
857.5	9.7137503258896e-47
857.625	8.4546130840609e-47
857.75	6.876368879167877e-47
857.875	8.043507385473609e-47
858.0	7.671448585281636e-47
858.125	7.642990395943203e-47
858.25	8.010774657590763e-47
858.375	8.007302499195024e-47
858.5	8.800353248799206e-47
858.625	7.601295193755647e-47
858.75	6.381486847555681e-47
858.875	7.534188961686438e-47
859.0	8.359967156316735e-47
859.125	8.57696235459588e-47
859.25	8.069772772903395e-47
859.375	8.865855889438276e-47
859.5	8.347973641624516e-47
859.625	8.4150610745841635e-47
859.75	1.0057680938240101e-46
859.875	9.998472858308493e-47
860.0	1.02618358725184e-46
860.125	9.93049658962313e-47
860.25	9.555504921621167e-47
860.375	9.875697497383936e-47
860.5	1.0608002983425599e-46
860.625	1.14622033244224e-46
860.75	1.27831628250225e-46
860.875	1.2396150243999998e-46
861.0	1.3241203860384898e-46
861.125	1.5135271189740102e-46
861.25	1.6117287647054395e-46
861.375	1.6874300977254401e-46
861.5	2.06428590670129e-46
861.625	2.1609188160409597e-46
861.75	2.09552028231744e-46
861.875	2.34936578624881e-46
862.0	2.68060688208481e-46
862.125	2.49213077082256e-46
862.25	2.8026151626616897e-46
862.375	2.23837146371344e-46
862.5	1.6890033069955596e-46
862.625	1.68948705892729e-46
862.75	1.5870055876488099e-46
862.875	1.4444064057571597e-46
863.0	1.2681759841422399e-46
863.125	1.0317685807520098e-46
863.25	9.010660510400997e-47
863.375	9.547589801109362e-47
863.5	9.790214147051122e-47
863.625	9.71646619274677e-47
863.75	7.571302195032899e-47
863.875	8.394677192145842e-47
864.0	8.379861601229057e-47
864.125	9.2036738842084e-47
864.25	9.08130074254788e-47
864.375	9.313863935923045e-47
864.5	8.973331084718224e-47
864.625	1.06657648695361e-46
864.75	9.212111450265024e-47
864.875	8.609766416035928e-47
865.0	7.719148705646594e-47
865.125	8.106785800611481e-47
865.25	6.959954205795599e-47
865.375	7.715292893827599e-47
865.5	8.134327733298064e-47
865.625	7.566203556341329e-47
865.75	8.077363377467408e-47
865.875	7.963834892183041e-47
866.0	8.140013614656576e-47
866.125	9.013981085392143e-47
866.25	9.911218334230404e-47
866.375	8.626239665512704e-47
866.5	9.95208932370528e-47
866.625	9.596135150818226e-47
866.75	9.17591242410629e-47
866.875	8.7600258969001e-47
867.0	1.00771241326144e-46
867.125	9.822325297446024e-47
867.25	9.487886951466226e-47
867.375	1.00313184828609e-46
867.5	9.071058755315234e-47
867.625	8.483752134285796e-47
867.75	1.0450733683168899e-46
867.875	9.559822931276408e-47
868.0	8.133824838798398e-47
868.125	8.453810020827609e-47
868.25	9.44149526636545e-47
868.375	8.959111089961564e-47
868.5	9.274057099232835e-47
868.625	8.656896571578024e-47
868.75	8.329234696858881e-47
868.875	7.696188649349776e-47
869.0	7.777052617384799e-47
869.125	8.8543675473272e-47
869.25	8.454527203941009e-47
869.375	8.287016374368602e-47
869.5	8.885701695999999e-47
869.625	9.89770117307048e-47
869.75	9.864464783680143e-47
869.875	8.84837679908772e-47
870.0	8.363577680949605e-47
870.125	7.730143212240289e-47
870.25	8.975959401571601e-47
870.375	9.735643392164495e-47
870.5	8.178287194457689e-47
870.625	7.786782221620515e-47
870.75	7.472915411192676e-47
870.875	8.769944345376362e-47
871.0	1.00380461190025e-46
871.125	9.307470775354755e-47
871.25	7.9069177425642e-47
871.375	8.626125054994223e-47
871.5	8.586171558590409e-47
871.625	8.771129968884723e-47
871.75	9.66229883284205e-47
871.875	8.196645978208901e-47
872.0	7.30581681331304e-47
872.125	7.347635183849106e-47
872.25	9.046174225058884e-47
872.375	1.0153385711280099e-46
872.5	9.80409082564088e-47
872.625	8.148338182277316e-47
872.75	8.0788242579984e-47
872.875	1.01861664763716e-46
873.0	8.83705038721457e-47
873.125	7.329786960930623e-47
873.25	7.192249977293953e-47
873.375	7.508904797599968e-47
873.5	8.278087892064003e-47
873.625	8.0853816015625e-47
873.75	9.170401055608522e-47
873.875	8.851324878990399e-47
874.0	8.372974695681597e-47
874.125	9.63683272905164e-47
874.25	7.745347690629649e-47
874.375	7.060166006742438e-47
874.5	8.652488037599999e-47
874.625	8.897959675026007e-47
874.75	7.865570035426402e-47
874.875	7.681611843488024e-47
875.0	8.284256846159449e-47
875.125	8.665380212224576e-47
875.25	8.584658831992357e-47
875.375	7.792104344772609e-47
875.5	8.1677931787123355e-47
875.625	8.712170974458121e-47
875.75	8.390407211895557e-47
875.875	8.642146142364737e-47
876.0	9.884289871494755e-47
876.125	9.266117551455623e-47
876.25	7.759747149188329e-47
876.375	8.241078663869769e-47
876.5	1.02741557094801e-46
876.625	9.241893618413824e-47
876.75	9.705797506216036e-47
876.875	8.232041776360002e-47
877.0	8.04085578013076e-47
877.125	8.319438312012024e-47
877.25	7.272986434621635e-47
877.375	7.740041210070017e-47
877.5	8.547505805209285e-47
877.625	8.361052682419265e-47
877.75	1.0036226750140899e-46
877.875	9.739579513518864e-47
878.0	8.377660353793598e-47
878.125	8.096362248524944e-47
878.25	7.58720454700272e-47
878.375	8.060752038819481e-47
878.5	9.769397787589693e-47
878.625	9.55468851215957e-47
878.75	8.756534215086026e-47
878.875	9.804789294186495e-47
879.0	9.70586390746565e-47
879.125	8.213906381404816e-47
879.25	8.065648218574118e-47
879.375	8.963482679300242e-47
879.5	9.4720289082738e-47
879.625	8.259410689689999e-47
879.75	1.06231651651876e-46
879.875	9.325849302370968e-47
880.0	8.0406120566916e-47
880.125	9.995310149996305e-47
880.25	9.595781127131364e-47
880.375	7.862040647086203e-47
880.5	8.343187780466703e-47
880.625	9.515143298995214e-47
880.75	9.527546749377407e-47
880.875	9.867866588682494e-47
881.0	1.0009206117840401e-46
881.125	8.561543483474881e-47
881.25	8.05339377493421e-47
881.375	8.377762867214401e-47
881.5	8.792999128206049e-47
881.625	9.448852656733678e-47
881.75	7.612248228743601e-47
881.875	8.18410095557244e-47
882.0	8.664369864264408e-47
882.125	9.51306315531449e-47
882.25	9.135884696839686e-47
882.375	8.840397679045322e-47
882.5	7.406096403342401e-47
882.625	8.762259590591361e-47
882.75	8.285422826392804e-47
882.875	8.105373350843406e-47
883.0	8.1569375881667575e-47
883.125	9.208507379497023e-47
883.25	8.460614186670411e-47
883.375	9.407161357832485e-47
883.5	8.207306718190971e-47
883.625	7.568468613326916e-47
883.75	7.117748843029504e-47
883.875	7.820542819071887e-47
884.0	7.84622311963028e-47
884.125	9.274892826000023e-47
884.25	9.374539768350849e-47
884.375	1.0459175399412099e-46
884.5	1.05803215472761e-46
884.625	9.539760199516415e-47
884.75	9.241713270468901e-47
884.875	9.719795061738443e-47
885.0	1.01085389299129e-46
885.125	8.563950876974688e-47
885.25	8.827733882152442e-47
885.375	7.721822652705604e-47
885.5	7.614940073613375e-47
885.625	8.373611941383363e-47
885.75	8.640422691607874e-47
885.875	9.243869870342116e-47
886.0	8.84368504227516e-47
886.125	8.454035470497241e-47
886.25	8.106213711216194e-47
886.375	8.8179217763641e-47
886.5	9.74031594705552e-47
886.625	9.808005303319874e-47
886.75	8.687183582423842e-47
886.875	9.278869351764543e-47
887.0	8.95462663337432e-47
887.125	8.569620359195537e-47
887.25	7.945521360623717e-47
887.375	8.152143248208399e-47
887.5	9.477173977205282e-47
887.625	7.947187430706002e-47
887.75	7.445627227650304e-47
887.875	8.662104568103183e-47
888.0	7.934903089393328e-47
888.125	7.053043341795201e-47
888.25	8.815767379413123e-47
888.375	9.19865578400213e-47
888.5	9.205977446406224e-47
888.625	1.0761354795302496e-46
888.75	1.01521665033616e-46
888.875	9.570772685266277e-47
889.0	7.749156250021266e-47
889.125	7.479948757969809e-47
889.25	9.081668397692943e-47
889.375	9.800181881073423e-47
889.5	9.641538072699556e-47
889.625	9.667129160833599e-47
889.75	8.6169404861855275e-47
889.875	8.62908102376541e-47
890.0	9.187422827592023e-47
890.125	1.08064195624449e-46
890.25	8.76411291881928e-47
890.375	7.055336247610401e-47
890.5	7.208598708620089e-47
890.625	8.171211731510022e-47
890.75	8.362690980062499e-47
890.875	9.567034757888399e-47
891.0	9.694374356880198e-47
891.125	8.466568650853681e-47
891.25	8.036644314012889e-47
891.375	8.628493207840487e-47
891.5	7.600198440899688e-47
891.625	8.872159991316733e-47
891.75	9.699717730251023e-47
891.875	8.696132266833025e-47
892.0	8.027202562947649e-47
892.125	9.296315601264413e-47
892.25	9.711785565785662e-47
892.375	9.82598905402013e-47
892.5	9.481983715728485e-47
892.625	1.0403290092110397e-46
892.75	9.557981146845183e-47
892.875	9.13969097019636e-47
893.0	8.1029997976888935e-47
893.125	8.738954248675877e-47
893.25	8.224419630679397e-47
893.375	9.164425318310024e-47
893.5	9.615405488214277e-47
893.625	1.02834141274089e-46
893.75	9.762216781052757e-47
893.875	1.05895995574084e-46
894.0	9.0686538610704e-47
894.125	8.267793889308099e-47
894.25	7.748590408062084e-47
894.375	7.230846972465767e-47
894.5	9.01856717670277e-47
894.625	1.033613822224e-46
894.75	9.825257715063845e-47
894.875	8.827420635557315e-47
895.0	8.237236922600622e-47
895.125	8.589591297282303e-47
895.25	8.3437354704025e-47
895.375	7.921809208666115e-47
895.5	9.083136995973048e-47
895.625	9.452308617864256e-47
895.75	9.07720919932332e-47
895.875	8.15341691769053e-47
896.0	7.9598550927204e-47
896.125	8.640638903671369e-47
896.25	1.0024757304164099e-46
896.375	1.12342277498896e-46
896.5	1.02520181300625e-46
896.625	8.312196826562497e-47
896.75	6.851051022197778e-47
896.875	8.375365864850627e-47
897.0	9.243898906168807e-47
897.125	7.896101021760062e-47
897.25	9.059185571500515e-47
897.375	1.03703122341729e-46
897.5	1.0081983346446402e-46
897.625	8.703966541092599e-47
897.75	9.285994285010495e-47
897.875	1.0366758506598399e-46
898.0	9.726850977790398e-47
898.125	8.982519556584025e-47
898.25	9.946986248307241e-47
898.375	1.1427203783609998e-46
898.5	1.02634162245904e-46
898.625	8.4622447310116005e-47
898.75	1.0365204833122502e-46
898.875	1.00325925136089e-46
899.0	9.759435450921024e-47
899.125	1.24849828598884e-46
899.25	1.3809070144e-46
899.375	9.28218810975677e-47
899.5	7.693710184157208e-47
899.625	8.416003939365961e-47
899.75	9.334924108342919e-47
899.875	9.460312346354767e-47
900.0	9.29585473179017e-47
900.125	8.809732451030624e-47
900.25	8.315288913498433e-47
900.375	8.816214500300602e-47
900.5	7.372673206089983e-47
900.625	7.589651337146024e-47
900.75	8.332274451751848e-47
900.875	1.00309138548025e-46
901.0	8.928131246686521e-47
901.125	8.76866366234645e-47
901.25	9.978153344959847e-47
901.375	9.724396755870736e-47
901.5	9.5833683723024e-47
901.625	9.203888589736202e-47
901.75	8.926156162285567e-47
901.875	9.7539148668481e-47
902.0	1.04079600167481e-46
902.125	9.764482091375236e-47
902.25	9.56441379234804e-47
902.375	9.382571728232977e-47
902.5	8.722311847049123e-47
902.625	7.864392302225282e-47
902.75	6.917408920005444e-47
902.875	8.326846654924248e-47
903.0	8.922607530798022e-47
903.125	9.094376225784723e-47
903.25	9.696008862002595e-47
903.375	9.256263849451442e-47
903.5	8.292671765835665e-47
903.625	8.8819219231146e-47
903.75	8.997907932433806e-47
903.875	9.001875871342657e-47
904.0	1.0144534515206398e-46
904.125	8.560665964633688e-47
904.25	9.051382132117504e-47
904.375	1.0305059711545601e-46
904.5	9.34424962990428e-47
904.625	9.347977429433723e-47
904.75	1.03939493085184e-46
904.875	9.992352062833007e-47
905.0	9.169078627153634e-47
905.125	9.091308991902737e-47
905.25	9.010565206456008e-47
905.375	8.642577496735295e-47
905.5	9.146002347250755e-47
905.625	9.64813785575422e-47
905.75	9.452921327038222e-47
905.875	9.403168681783967e-47
906.0	8.8189188749918e-47
906.125	9.123945842345104e-47
906.25	8.514037832143936e-47
906.375	8.690250113123121e-47
906.5	8.867651021258436e-47
906.625	8.302154430913281e-47
906.75	1.0502500884524098e-46
906.875	1.2095774169024098e-46
907.0	9.516901542033665e-47
907.125	8.61311344867332e-47
907.25	8.953037695563047e-47
907.375	9.390808885066595e-47
907.5	9.450716950180805e-47
907.625	8.606540821845136e-47
907.75	7.62871422778512e-47
907.875	7.748826143691887e-47
908.0	8.069036527329854e-47
908.125	8.391020204710145e-47
908.25	7.5923193174950535e-47
908.375	7.232938629489225e-47
908.5	1.06486982478009e-46
908.625	9.960801688161855e-47
908.75	8.193351547573956e-47
908.875	8.046613497714723e-47
909.0	9.667597963715136e-47
909.125	1.0426950402753599e-46
909.25	8.467127736898009e-47
909.375	8.259914543301184e-47
909.5	9.65547547427384e-47
909.625	9.725373042697635e-47
909.75	1.0260442021945602e-46
909.875	1.0026894057984399e-46
910.0	1.0253079281100098e-46
910.125	1.1710719970566399e-46
910.25	9.355698155120163e-47
910.375	9.090572726805026e-47
910.5	8.93308276761017e-47
910.625	9.382355917203844e-47
910.75	8.947622437648127e-47
910.875	7.963095999464759e-47
911.0	8.026095032002576e-47
911.125	8.44628400804689e-47
911.25	8.541803163359376e-47
911.375	9.847748963430624e-47
911.5	8.705787195916864e-47
911.625	9.45873128660808e-47
911.75	1.0125116926849598e-46
911.875	9.640383377186116e-47
912.0	9.07403722042308e-47
912.125	1.0154995984e-46
912.25	9.326725409950727e-47
912.375	9.235935184835528e-47
912.5	9.901004622379264e-47
912.625	9.93462140975004e-47
912.75	9.522545327260901e-47
912.875	8.1726964424030875e-47
913.0	9.792348320127027e-47
913.125	1.0213317636121598e-46
913.25	9.423344002688102e-47
913.375	8.39691256273956e-47
913.5	8.1158533294569615e-47
913.625	8.635341464665442e-47
913.75	9.9972903835754e-47
913.875	8.949539728428047e-47
914.0	8.961881785190656e-47
914.125	8.222352786296098e-47
914.25	7.552348494254001e-47
914.375	8.441379637674358e-47
914.5	8.707945656507872e-47
914.625	9.509596494465597e-47
914.75	1.12635896356036e-46
914.875	1.06608164965129e-46
915.0	9.762015419679743e-47
915.125	9.517688824001447e-47
915.25	8.068122824652898e-47
915.375	8.843891369145156e-47
915.5	7.596816964797842e-47
915.625	7.1887249767498e-47
915.75	8.50975641725228e-47
915.875	8.983775763659523e-47
916.0	7.458367062738244e-47
916.125	8.0478116144832155e-47
916.25	9.503104520241423e-47
916.375	8.98614757495585e-47
916.5	9.063850741330563e-47
916.625	9.695009237444642e-47
916.75	1.0427524282562499e-46
916.875	1.0713690768441598e-46
917.0	1.05310060160761e-46
917.125	1.02084915349264e-46
917.25	9.855643762604023e-47
917.375	1.1006338903209999e-46
917.5	9.432461835623044e-47
917.625	8.63589401469912e-47
917.75	9.947787332574026e-47
917.875	1.01328845485729e-46
918.0	9.461284818186494e-47
918.125	9.868545271664703e-47
918.25	1.0224534438273602e-46
918.375	7.950151666486129e-47
918.5	8.58612226269156e-47
918.625	8.984374611255481e-47
918.75	9.229419153257954e-47
918.875	9.359156581794756e-47
919.0	8.00978693369257e-47
919.125	8.339307698436097e-47
919.25	1.00808768687449e-46
919.375	9.780022840424005e-47
919.5	9.483814073535376e-47
919.625	8.050087169509284e-47
919.75	8.38646836054157e-47
919.875	8.744530613718023e-47
920.0	8.5592972212609e-47
920.125	9.537867220620022e-47
920.25	1.04324406900624e-46
920.375	9.527633816940805e-47
920.5	9.72867996203304e-47
920.625	9.808040956086915e-47
920.75	9.601895859261695e-47
920.875	1.0265973410899599e-46
921.0	8.341502075166977e-47
921.125	8.440092306500626e-47
921.25	8.0531423234472015e-47
921.375	7.300751472469223e-47
921.5	8.863585492544691e-47
921.625	7.605669217198143e-47
921.75	8.174167907321025e-47
921.875	8.578055765426436e-47
922.0	9.672584220394205e-47
922.125	8.816560036178524e-47
922.25	7.672627198609156e-47
922.375	7.557632849014607e-47
922.5	8.620448793562382e-47
922.625	9.042628439965694e-47
922.75	9.523418329528007e-47
922.875	9.196514438574678e-47
923.0	7.461943216851602e-47
923.125	8.486770205774223e-47
923.25	9.170022798775696e-47
923.375	8.598922818562131e-47
923.5	8.422342263822398e-47
923.625	8.561800529880001e-47
923.75	9.249881066395206e-47
923.875	1.0156501573480899e-46
924.0	9.342382722624005e-47
924.125	9.5150055651121e-47
924.25	9.308370139211021e-47
924.375	8.950443768036224e-47
924.5	8.3602401770538005e-47
924.625	1.10218586238016e-46
924.75	1.1359765356840002e-46
924.875	1.05436506259984e-46
925.0	9.817345373220323e-47
925.125	8.964128000288242e-47
925.25	7.9247594499699225e-47
925.375	7.603376451864965e-47
925.5	9.0139719709636e-47
925.625	1.002147151329e-46
925.75	9.183363409237686e-47
925.875	1.03106680989316e-46
926.0	1.0671476752065599e-46
926.125	9.8567586590641e-47
926.25	9.319661709176022e-47
926.375	9.354875044683607e-47
926.5	9.472389790397208e-47
926.625	9.42713978058468e-47
926.75	8.36174598571189e-47
926.875	8.466797583131209e-47
927.0	9.276409711374397e-47
927.125	8.381571319050082e-47
927.25	7.816835935288383e-47
927.375	8.632876857052178e-47
927.5	9.967726880958015e-47
927.625	1.0635388509120399e-46
927.75	7.903697535118563e-47
927.875	8.0951533252249e-47
928.0	7.737987599452223e-47
928.125	8.037544757046023e-47
928.25	9.954663501763597e-47
928.375	1.07312258060569e-46
928.5	1.0304621176422398e-46
928.625	9.643300098493635e-47
928.75	8.563585341488165e-47
928.875	9.024541725817742e-47
929.0	9.753657692529665e-47
929.125	9.022365082349162e-47
929.25	7.701616630911024e-47
929.375	9.0054500987025e-47
929.5	9.9306347076049e-47
929.625	8.678917142418437e-47
929.75	9.79003565016288e-47
929.875	9.075780139738318e-47
930.0	8.728030883492759e-47
930.125	8.315000031770883e-47
930.25	7.802819058943487e-47
930.375	8.711318996795808e-47
930.5	9.079573491945614e-47
930.625	9.430636246000367e-47
930.75	8.028868393226211e-47
930.875	7.944820219305841e-47
931.0	9.135454201384897e-47
931.125	8.821183168691715e-47
931.25	8.951329687892088e-47
931.375	1.0820861506156901e-46
931.5	1.00697993755921e-46
931.625	9.261976302462243e-47
931.75	1.0540829105731598e-46
931.875	1.2072715598328098e-46
932.0	1.00415490687009e-46
932.125	1.0026295263332102e-46
932.25	9.81393425848181e-47
932.375	8.562268182875623e-47
932.5	9.060737639040646e-47
932.625	1.0285474824328899e-46
932.75	9.59160288721944e-47
932.875	9.370183275285848e-47
933.0	1.0134485141232399e-46
933.125	1.02721711469584e-46
933.25	9.2461780723884e-47
933.375	9.963716971296398e-47
933.5	1.0273144146510402e-46
933.625	1.0977811102502502e-46
933.75	1.00732877876929e-46
933.875	9.960278523428026e-47
934.0	9.359987233338728e-47
934.125	1.0124223408639998e-46
934.25	8.955608718910084e-47
934.375	1.1249580581121598e-46
934.5	8.992729658640015e-47
934.625	9.810135273700128e-47
934.75	1.1326544560537599e-46
934.875	1.01291221437316e-46
935.0	9.01088358435428e-47
935.125	9.120311311103041e-47
935.25	1.0201488845856398e-46
935.375	9.576952254505215e-47
935.5	1.00482440472649e-46
935.625	1.06369354856704e-46
935.75	9.4659471130238e-47
935.875	8.636150316192099e-47
936.0	8.167093684656674e-47
936.125	8.506881648286562e-47
936.25	8.323477805745216e-47
936.375	9.458521603814763e-47
936.5	9.736989091449492e-47
936.625	1.0785784172436899e-46
936.75	1.0678206959868099e-46
936.875	9.55823435968573e-47
937.0	1.07155042871184e-46
937.125	1.01637670565601e-46
937.25	7.914516075436354e-47
937.375	7.779108229758009e-47
937.5	9.399007774310399e-47
937.625	1.11656755034176e-46
937.75	1.04992504162225e-46
937.875	9.001417046136804e-47
938.0	8.352124057681933e-47
938.125	8.710878650439744e-47
938.25	1.01034280599561e-46
938.375	9.672061992676162e-47
938.5	9.512499801882022e-47
938.625	9.48599308789997e-47
938.75	9.18004991138093e-47
938.875	1.07220868272001e-46
939.0	9.489939986840328e-47
939.125	1.05366570691684e-46
939.25	1.1045116668062502e-46
939.375	8.535087631549444e-47
939.5	9.039391772912657e-47
939.625	9.798512287879222e-47
939.75	1.0437666792009999e-46
939.875	1.1210019595664399e-46
940.0	1.00568786503201e-46
940.125	9.606415655880975e-47
940.25	1.0030290903795601e-46
940.375	9.31911106230485e-47
940.5	9.373079939950224e-47
940.625	1.0222809464568099e-46
940.75	1.32491932544196e-46
940.875	1.3725038628288097e-46
941.0	1.1517565228806398e-46
941.125	1.23900296364601e-46
941.25	1.00074693942756e-46
941.375	8.942222624182274e-47
941.5	1.14707655747556e-46
941.625	1.1106059348384098e-46
941.75	1.0870085044090002e-46
941.875	1.00945866141124e-46
942.0	1.0465748309017599e-46
942.125	1.10355067020004e-46
942.25	1.031325553764e-46
942.375	9.294540641607204e-47
942.5	1.01781908044804e-46
942.625	1.0432305866595599e-46
942.75	8.630552323386756e-47
942.875	9.2338934769225e-47
943.0	9.453721709523e-47
943.125	1.02340921744161e-46
943.25	1.00557053618596e-46
943.375	7.954364670690024e-47
943.5	8.854529019629049e-47
943.625	8.373564357581123e-47
943.75	8.682786537723839e-47
943.875	1.08047231008929e-46
944.0	8.504988399580035e-47
944.125	8.506198401734916e-47
944.25	8.836385216198398e-47
944.375	1.18915775332201e-46
944.5	1.11563533268496e-46
944.625	1.00348422968836e-46
944.75	1.0019909900250001e-46
944.875	1.00749318460816e-46
945.0	1.0547304378004899e-46
945.125	1.2141468068188899e-46
945.25	1.00838630920336e-46
945.375	1.0669625645454397e-46
945.5	1.052271794809e-46
945.625	1.05773079436816e-46
945.75	9.839679370644964e-47
945.875	8.690301198586223e-47
946.0	1.0012922171868098e-46
946.125	1.0354269290164899e-46
946.25	8.4499572454752e-47
946.375	1.0551195015380099e-46
946.5	1.09105232169025e-46
946.625	9.040281703516815e-47
946.75	9.11571259549008e-47
946.875	9.085420849740677e-47
947.0	1.0185464039763602e-46
947.125	9.741696909001226e-47
947.25	1.0316521779278401e-46
947.375	9.971046587896384e-47
947.5	1.1614780274172098e-46
947.625	1.1992716066787599e-46
947.75	1.2104675451562498e-46
947.875	1.0343363927428898e-46
948.0	1.0845470767728099e-46
948.125	1.2860226800643598e-46
948.25	1.2546455160121597e-46
948.375	1.02778091030209e-46
948.5	1.00385851487076e-46
948.625	1.0207036652814399e-46
948.75	1.0025390095996898e-46
948.875	8.4885608158249945e-47
949.0	8.422928154886143e-47
949.125	8.70396840699372e-47
949.25	8.445123304611905e-47
949.375	7.610017630222227e-47
949.5	9.265388487444542e-47
949.625	1.0736155261776399e-46
949.75	1.25463924340624e-46
949.875	1.1133147218512896e-46
950.0	1.05137379337104e-46
950.125	9.769456894156971e-47
950.25	1.11793805881081e-46
950.375	1.08318304281664e-46
950.5	9.764535056498242e-47
950.625	1.03587388928521e-46
950.75	1.1025084000159999e-46
950.875	9.62724416322744e-47
951.0	1.07409552644164e-46
951.125	1.22294027347569e-46
951.25	1.01686188777849e-46
951.375	9.753472220989558e-47
951.5	9.372138344138023e-47
951.625	9.976021591361298e-47
951.75	9.748341343548718e-47
951.875	9.157168047906648e-47
952.0	9.609140983803076e-47
952.125	8.958463110108964e-47
952.25	8.515672039599203e-47
952.375	8.771694151526328e-47
952.5	8.1658856367841e-47
952.625	9.385435043187023e-47
952.75	1.1132018250224398e-46
952.875	9.499844939253906e-47
953.0	1.0450441310759999e-46
953.125	1.0483495034323599e-46
953.25	1.01702081715025e-46
953.375	1.02284621779396e-46
953.5	1.09333080412516e-46
953.625	1.02219561316161e-46
953.75	9.9411887243601e-47
953.875	9.54637039716984e-47
954.0	9.30918521920616e-47
954.125	9.4317621899076e-47
954.25	8.608867315776324e-47
954.375	9.493054057613023e-47
954.5	9.310662835634176e-47
954.625	1.01766230805625e-46
954.75	8.674185596254861e-47
954.875	8.264985561985154e-47
955.0	8.698300348973041e-47
955.125	8.531366008775236e-47
955.25	8.212978168983288e-47
955.375	1.0217107773684098e-46
955.5	9.93285309769e-47
955.625	9.9304712780625e-47
955.75	1.2122617759617599e-46
955.875	1.13826259385721e-46
956.0	9.81359902435932e-47
956.125	9.064485764853648e-47
956.25	9.0063934000804e-47
956.375	1.08527910734929e-46
956.5	1.00851946845049e-46
956.625	9.417595968401398e-47
956.75	8.719911430377156e-47
956.875	9.028770563744648e-47
957.0	9.695169536258704e-47
957.125	1.0448877290062498e-46
957.25	1.0763942150336398e-46
957.375	9.445757118811222e-47
957.5	1.07490820657284e-46
957.625	1.090558312804e-46
957.75	9.96473893848452e-47
957.875	9.444710224842202e-47
958.0	1.03769529213289e-46
958.125	1.1013736378322498e-46
958.25	1.0977825771014402e-46
958.375	1.19362529699856e-46
958.5	1.2028691171652099e-46
958.625	9.615658283848369e-47
958.75	9.837520407275628e-47
958.875	9.883224915648102e-47
959.0	1.0243872992480396e-46
959.125	1.0595811861121598e-46
959.25	1.0963930703264098e-46
959.375	1.0981264759740898e-46
959.5	1.08829190287129e-46
959.625	1.0798156805072398e-46
959.75	1.03402073279761e-46
959.875	1.02961974292324e-46
960.0	1.0757726382691602e-46
960.125	1.1409412180522498e-46
960.25	9.451745705167921e-47
960.375	9.3618996327481e-47
960.5	9.362760014958736e-47
960.625	9.183984013941023e-47
960.75	1.00392504395236e-46
960.875	9.0132447303721e-47
961.0	1.03305777963025e-46
961.125	1.0473938181907602e-46
961.25	1.10551198434889e-46
961.375	1.1402188367860902e-46
961.5	9.724347844203665e-47
961.625	1.029058080625e-46
961.75	1.1992118142760899e-46
961.875	1.2071104871216398e-46
962.0	1.043658387216e-46
962.125	9.094399303993601e-47
962.25	8.660806656537024e-47
962.375	8.865246128350097e-47
962.5	1.08304420977481e-46
962.625	1.15399952698969e-46
962.75	1.1413443729038398e-46
962.875	9.537370518129442e-47
963.0	9.507631820211394e-47
963.125	1.276373474289e-46
963.25	1.27040873680081e-46
963.375	1.01213599887009e-46
963.5	1.10950261423849e-46
963.625	1.1486137667559999e-46
963.75	1.11537973811716e-46
963.875	1.14880754443536e-46
964.0	9.946354340050921e-47
964.125	1.00989797199424e-46
964.25	9.646900261263223e-47
964.375	9.684746177787666e-47
964.5	1.06340953230625e-46
964.625	9.214470975425293e-47
964.75	1.003288699449e-46
964.875	9.171578010942737e-47
965.0	8.96567322944312e-47
965.125	9.84152865366144e-47
965.25	9.297822280646655e-47
965.375	1.10350486886656e-46
965.5	1.12058441806756e-46
965.625	1.04911489802161e-46
965.75	9.479498856347522e-47
965.875	9.142318294551839e-47
966.0	9.38876834546165e-47
966.125	9.626849730813122e-47
966.25	8.846989006532357e-47
966.375	1.0013730710076901e-46
966.5	9.623670429694864e-47
966.625	8.0484584336664e-47
966.75	8.169143449622597e-47
966.875	9.275672345125262e-47
967.0	9.536204695101048e-47
967.125	1.0322110932884099e-46
967.25	1.0497219641283598e-46
967.375	1.1075287111856099e-46
967.5	9.896265624960572e-47
967.625	1.04799670083241e-46
967.75	1.01736816542089e-46
967.875	9.8482520954896e-47
968.0	9.890787821953598e-47
968.125	1.0665068806112398e-46
968.25	1.025308130625e-46
968.375	1.0500652195836096e-46
968.5	9.472917111103744e-47
968.625	1.03909317862464e-46
968.75	1.2005630919444098e-46
968.875	1.1510017582562502e-46
969.0	1.0173457735873597e-46
969.125	9.22836568117069e-47
969.25	1.0132967091769596e-46
969.375	1.0190813664193599e-46
969.5	1.15678736714025e-46
969.625	1.2439139424192098e-46
969.75	1.36384909776025e-46
969.875	1.3703593787522499e-46
970.0	1.3273698949171602e-46
970.125	9.644721305681764e-47
970.25	1.0013374468922496e-46
970.375	1.125667950625e-46
970.5	1.04675427672201e-46
970.625	1.05419543829604e-46
970.75	9.413515503632527e-47
970.875	9.137254053330229e-47
971.0	9.45677887573284e-47
971.125	9.729377514686449e-47
971.25	9.217278380328965e-47
971.375	8.906530772838724e-47
971.5	1.02809419692004e-46
971.625	1.01664085945321e-46
971.75	1.150378518249e-46
971.875	1.22448211559424e-46
972.0	1.15156442823409e-46
972.125	9.9832368309902e-47
972.25	1.05900585221601e-46
972.375	1.05437040208516e-46
972.5	1.06901372633344e-46
972.625	9.996688674167364e-47
972.75	9.826791000749583e-47
972.875	9.617963211576223e-47
973.0	1.02519432035344e-46
973.125	1.0531697690883598e-46
973.25	9.254551977138723e-47
973.375	9.42267750500753e-47
973.5	1.0361896283559996e-46
973.625	1.0997461018688399e-46
973.75	1.08266126820201e-46
973.875	1.1805304910928399e-46
974.0	1.0551811338440097e-46
974.125	1.03817799566404e-46
974.25	1.0534267554096398e-46
974.375	1.02233392768809e-46
974.5	1.0490403329928899e-46
974.625	1.041530466916e-46
974.75	1.0187749065984399e-46
974.875	9.316844352535205e-47
975.0	9.75961643477444e-47
975.125	9.590251212109585e-47
975.25	1.0413959622416099e-46
975.375	1.11945329698084e-46
975.5	9.775584190374916e-47
975.625	8.698189737415395e-47
975.75	8.71129958324165e-47
975.875	9.271897365838862e-47
976.0	8.837914131652762e-47
976.125	9.242870950302204e-47
976.25	1.12065978998884e-46
976.375	1.17427413250449e-46
976.5	1.11262160455744e-46
976.625	1.0799530594224102e-46
976.75	1.1094225626556898e-46
976.875	1.11957687972036e-46
977.0	1.0946352960032399e-46
977.125	8.631777913799044e-47
977.25	1.02043433739025e-46
977.375	9.880961379150626e-47
977.5	1.22453323934769e-46
977.625	1.027135629529e-46
977.75	9.23442718598933e-47
977.875	9.36861208831128e-47
978.0	1.00349625061156e-46
978.125	1.1959924558873598e-46
978.25	1.0227831099907599e-46
978.375	9.36785674196072e-47
978.5	1.1127621095251599e-46
978.625	1.10478304069956e-46
978.75	1.13693896354756e-46
978.875	1.18724886249025e-46
979.0	1.08358543830681e-46
979.125	1.00065990883401e-46
979.25	1.0694718069172898e-46
979.375	9.929361985761857e-47
979.5	1.08414012962025e-46
979.625	1.0058138256672899e-46
979.75	1.1812387924736098e-46
979.875	1.3239694179376898e-46
980.0	1.03549368198241e-46
980.125	1.05406422498169e-46
980.25	1.03893355310481e-46
980.375	1.1454228616824899e-46
980.5	1.12351668554449e-46
980.625	8.98830031538261e-47
980.75	9.13450741469669e-47
980.875	1.22364857278225e-46
981.0	1.2413571850764097e-46
981.125	1.09448359527049e-46
981.25	1.0831509876211598e-46
981.375	1.0987846653784901e-46
981.5	1.0821408676e-46
981.625	1.0024537033212098e-46
981.75	9.649828773865764e-47
981.875	9.2898484684996e-47
982.0	9.419613433324249e-47
982.125	1.1431510044697597e-46
982.25	1.25687843901481e-46
982.375	1.32687545304064e-46
982.5	1.0644956815359999e-46
982.625	1.041279425761e-46
982.75	1.16153320728025e-46
982.875	1.06482276950625e-46
983.0	1.0241636328940899e-46
983.125	1.0605055466722499e-46
983.25	1.0506541102016399e-46
983.375	9.711479279798244e-47
983.5	1.1643232212516097e-46
983.625	1.23409814346009e-46
983.75	1.11420606915216e-46
983.875	1.02881280727681e-46
984.0	1.02939023016769e-46
984.125	1.0520268473089602e-46
984.25	1.05673691812441e-46
984.375	1.14819904314025e-46
984.5	1.1595830933923598e-46
984.625	1.2147026603602501e-46
984.75	1.1788838980016398e-46
984.875	1.07404080596836e-46
985.0	9.694877887930042e-47
985.125	1.1887037186736097e-46
985.25	9.788229994314256e-47
985.375	9.160824463142415e-47
985.5	1.07046689317569e-46
985.625	1.0668202303260096e-46
985.75	1.0955306489759999e-46
985.875	1.0812260483280399e-46
986.0	1.056814840225e-46
986.125	9.616070334126094e-47
986.25	1.0530466238163601e-46
986.375	1.0580288631880898e-46
986.5	1.0463636897286401e-46
986.625	1.20949361299204e-46
986.75	1.0950521609667601e-46
986.875	1.03205220046009e-46
987.0	1.09200535408836e-46
987.125	1.218930818704e-46
987.25	1.10332419397776e-46
987.375	1.126234582564e-46
987.5	9.222268905696023e-47
987.625	9.594567269267043e-47
987.75	9.947811070373794e-47
987.875	1.0932707860968099e-46
988.0	1.04592858514225e-46
988.125	9.448375190779007e-47
988.25	1.0988502855123599e-46
988.375	1.13331120112681e-46
988.5	1.067756422329e-46
988.625	1.14093822723841e-46
988.75	9.786726628428996e-47
988.875	8.748283660707598e-47
989.0	8.688502111258225e-47
989.125	1.0491267795072099e-46
989.25	1.2776922528502498e-46
989.375	1.2150721242696101e-46
989.5	1.072169127936e-46
989.625	1.12205017879969e-46
989.75	1.06055724368896e-46
989.875	1.0498375376096398e-46
990.0	1.20941157155625e-46
990.125	1.246009597504e-46
990.25	1.27981186017129e-46
990.375	1.1043632765916099e-46
990.5	1.1634249874352399e-46
990.625	1.1929180968224098e-46
990.75	1.16680719553225e-46
990.875	1.14354492519556e-46
991.0	9.997248989227535e-47
991.125	9.699082104630723e-47
991.25	1.04502307233769e-46
991.375	1.0087747651328398e-46
991.5	1.07646518080656e-46
991.625	1.6133488492228902e-46
991.75	2.3971028345639997e-46
991.875	2.63923223369796e-46
992.0	1.21778684774244e-46
992.125	1.16667736048656e-46
992.25	1.17892732896964e-46
992.375	1.04009524632036e-46
992.5	1.030115382916e-46
992.625	1.0465120182688898e-46
992.75	9.629658030134042e-47
992.875	1.0966261644806398e-46
993.0	9.904420683153934e-47
993.125	1.0959445437516898e-46
993.25	1.11146962975876e-46
993.375	1.0332025192764899e-46
993.5	1.15590967752976e-46
993.625	1.2679167615276099e-46
993.75	1.12054059342481e-46
993.875	1.15200745051921e-46
994.0	1.12547167880625e-46
994.125	1.06137344080804e-46
994.25	1.16115301013761e-46
994.375	1.0884481816838399e-46
994.5	9.635719739536804e-47
994.625	9.610902007603263e-47
994.75	1.18762110226809e-46
994.875	1.27249702811001e-46
995.0	1.38543752152521e-46
995.125	1.2457513111032898e-46
995.25	1.15284371547136e-46
995.375	1.30119078650625e-46
995.5	1.62399289985604e-46
995.625	1.27072547841316e-46
995.75	1.12900633971841e-46
995.875	9.956367099870407e-47
996.0	1.1712776166336398e-46
996.125	1.1229473468024098e-46
996.25	1.08658400036356e-46
996.375	1.1969454025e-46
996.5	1.2586674633122497e-46
996.625	1.1416302778409999e-46
996.75	1.1445747431039999e-46
996.875	1.4658194305260904e-46
997.0	1.5531824323027598e-46
997.125	2.59063124411844e-46
997.25	3.4420957892899596e-46
997.375	6.944466667507359e-46
997.5	2.2221965704323994e-45
997.625	9.300200278502117e-45
997.75	7.247460021054488e-44
997.875	2.9611109967864096e-42
998.0	1.43861193466225e-40
998.125	2.1859864974672397e-40
998.25	1.7683412677225e-41
998.375	1.770654780564201e-43
998.5	1.7117127356353596e-44
998.625	1.3801787710620099e-44
998.75	4.2974872625797285e-43
998.875	5.603907759718009e-43
999.0	3.5626090626562484e-44
999.125	6.64742359629604e-46
999.25	2.4843449685802487e-46
999.375	2.46025561780804e-46
999.5	3.1357050155808394e-46
999.625	5.649135457681001e-46
999.75	1.705210292932864e-45
999.875	7.607537554997601e-45
1000.0	6.854814672534007e-44
1000.125	3.80271918315844e-42
1000.25	7.749268223685181e-41
1000.375	1.04842486304644e-40
1000.5	3.1987043161539204e-41
1000.625	7.560563873959009e-43
1000.75	2.5582780496592395e-44
1000.875	3.741253254666226e-45
1001.0	1.0083139756816e-45
1001.125	4.08709055634916e-46
1001.25	2.3132736930250006e-46
1001.375	1.76197058357776e-46
1001.5	1.629276097761e-46
1001.625	1.25184121022041e-46
1001.75	1.44406101914281e-46
1001.875	2.1014494612612897e-46
1002.0	1.2818100410702497e-46
1002.125	1.16286719111424e-46
1002.25	1.1287855532262399e-46
1002.375	1.0193999881315598e-46
1002.5	9.375714258505985e-47
1002.625	1.08143922197529e-46
1002.75	1.04670168952336e-46
1002.875	5.190436732009e-46
1003.0	5.285191564658328e-43
1003.125	1.69083678355524e-42
1003.25	3.357597413358841e-43
1003.375	3.16776350396944e-46
1003.5	1.1984425307559999e-46
1003.625	1.0769586858624398e-46
1003.75	1.188058580361e-46
1003.875	1.18633986637929e-46
1004.0	1.37420476131904e-46
1004.125	1.2548133140402498e-46
1004.25	1.13233541265625e-46
1004.375	1.1397966636787598e-46
1004.5	1.0159517119024901e-46
1004.625	1.0552207849123598e-46
1004.75	1.27252974177316e-46
1004.875	1.15089318864961e-46
1005.0	9.479105125604416e-47
1005.125	9.987234876311714e-47
1005.25	1.16222026319424e-46
1005.375	1.0630096637569599e-46
1005.5	9.731716747487294e-47
1005.625	1.08692614080625e-46
1005.75	9.997121407187235e-47
1005.875	1.0986328870176099e-46
1006.0	1.2058165821702399e-46
1006.125	1.221705774864e-46
1006.25	1.27422127235881e-46
1006.375	4.8444401778792114e-46
1006.5	4.51477716480025e-46
1006.625	1.20090409864929e-46
1006.75	1.1025529206350401e-46
1006.875	1.01111491487241e-46
1007.0	9.28369075335192e-47
1007.125	1.0526759999999998e-46
1007.25	1.30747218525625e-46
1007.375	1.1250658217574398e-46
1007.5	1.1344674069504398e-46
1007.625	1.2692340942884098e-46
1007.75	1.0780357412249998e-46
1007.875	9.808443836857743e-47
1008.0	1.1470782711027599e-46
1008.125	1.20462961215844e-46
1008.25	1.17588800882569e-46
1008.375	1.0891986431502402e-46
1008.5	9.765260574564888e-47
1008.625	9.6259527705636e-47
1008.75	1.0134281788488897e-46
1008.875	1.08337684114521e-46
1009.0	1.0784986583624097e-46
1009.125	1.19883776231025e-46
1009.25	1.0808752414522498e-46
1009.375	9.139456747456036e-47
1009.5	9.256598084198655e-47
1009.625	8.92056127633073e-47
1009.75	1.3730753990889999e-46
1009.875	9.618997064820642e-46
1010.0	1.1160071371962488e-45
1010.125	1.5890400023836902e-46
1010.25	1.62718520917689e-46
1010.375	1.92803611119876e-46
1010.5	1.15311215749636e-46
1010.625	1.08203809235236e-46
1010.75	1.0813308647443599e-46
1010.875	1.26542723272641e-46
1011.0	4.2851496456360916e-46
1011.125	3.9329842705300904e-46
1011.25	6.777474958850559e-46
1011.375	9.58195247463441e-46
1011.5	1.7041323419456399e-46
1011.625	1.1034662115999999e-46
1011.75	8.926164287424398e-47
1011.875	1.0902126775562502e-46
1012.0	1.1347515971078398e-46
1012.125	1.14169994321296e-46
1012.25	9.660679752605048e-47
1012.375	1.1493297966239999e-46
1012.5	1.1393775575056902e-46
1012.625	1.1116412703360001e-46
1012.75	1.0899806836579598e-46
1012.875	1.2078790302602498e-46
1013.0	9.464705888358396e-47
1013.125	1.0648126568857598e-46
1013.25	1.20102179664996e-46
1013.375	1.2667214373638399e-46
1013.5	1.2671315980963599e-46
1013.625	1.195899719184e-46
1013.75	1.3925390074692104e-46
1013.875	1.5458839115616398e-46
1014.0	1.3272355616604099e-46
1014.125	1.20375852957649e-46
1014.25	1.08603618745636e-46
1014.375	1.3219085061518398e-46
1014.5	1.23604609653121e-46
1014.625	1.03218020779129e-46
1014.75	1.1454517584608401e-46
1014.875	1.2095952338559998e-46
1015.0	1.2199414564921598e-46
1015.125	1.10885554308841e-46
1015.25	1.12443225405625e-46
1015.375	1.1119907073940901e-46
1015.5	1.1308280672159999e-46
1015.625	1.25884719866896e-46
1015.75	1.13161746338001e-46
1015.875	7.913259248076002e-47
1016.0	9.7321421286244e-47
1016.125	1.04172091099729e-46
1016.25	1.182280004929e-46
1016.375	1.121940653089e-46
1016.5	1.2063678897648398e-46
1016.625	1.1107178568359998e-46
1016.75	1.17877098122884e-46
1016.875	1.09593281879761e-46
1017.0	1.01306781526129e-46
1017.125	1.4100294278515597e-46
1017.25	1.3239908199040001e-46
1017.375	1.13778510223401e-46
1017.5	1.041616195216e-46
1017.625	1.12543773082225e-46
1017.75	1.1876104224451599e-46
1017.875	1.5500673302889996e-46
1018.0	2.0190306974759994e-46
1018.125	1.4152183472702497e-46
1018.25	1.4528085966900102e-46
1018.375	1.28167961834641e-46
1018.5	1.03561050485025e-46
1018.625	9.817334672311293e-47
1018.75	1.08019874214121e-46
1018.875	1.3043755069747601e-46
1019.0	1.2426272088776102e-46
1019.125	1.04729332050225e-46
1019.25	1.0817661983840099e-46
1019.375	1.1662399494908099e-46
1019.5	1.1348406535209997e-46
1019.625	1.2460316993124102e-46
1019.75	1.39684175265636e-46
1019.875	1.50045227997025e-46
1020.0	1.4531280253977597e-46
1020.125	1.2975027907680401e-46
1020.25	1.274311353316e-46
1020.375	1.1415614693454398e-46
1020.5	1.0339395883152397e-46
1020.625	1.1244140153792098e-46
1020.75	1.0338413650440098e-46
1020.875	1.1573835084697598e-46
1021.0	1.2230829343886398e-46
1021.125	1.07550630318244e-46
1021.25	9.790843846408249e-47
1021.375	9.96282880678884e-47
1021.5	1.00390039587289e-46
1021.625	1.10830424925609e-46
1021.75	1.26294082468096e-46
1021.875	1.14180658236225e-46
1022.0	9.310564414282757e-47
1022.125	1.0556006922304899e-46
1022.25	1.1383377044268098e-46
1022.375	9.904653165471376e-47
1022.5	1.2079616791436101e-46
1022.625	1.197002293776e-46
1022.75	1.1046768835032098e-46
1022.875	9.876190013676486e-47
1023.0	1.02623119914249e-46
1023.125	1.04561136564196e-46
1023.25	1.02546569334784e-46
1023.375	1.0465310460010001e-46
1023.5	1.1437654392180902e-46
1023.625	1.1975001501122502e-46
1023.75	1.10642734129225e-46
1023.875	1.0604629130288399e-46
1024.0	1.26978709121289e-46
1024.125	1.2582485794022398e-46
1024.25	1.05658026022081e-46
1024.375	1.0109745460672899e-46
1024.5	1.1404334767566401e-46
1024.625	1.14142471327504e-46
1024.75	1.0307900264508897e-46
1024.875	1.0215150964200899e-46
1025.0	9.679481308766021e-47
1025.125	1.1180330086926398e-46
1025.25	1.02638761704241e-46
1025.375	1.05711113491281e-46
1025.5	1.18288833388489e-46
1025.625	1.04328226946161e-46
1025.75	1.00746949649284e-46
1025.875	1.03105970200321e-46
1026.0	1.0820846942889999e-46
1026.125	1.19148052926016e-46
1026.25	1.01378498178721e-46
1026.375	9.567921926220024e-47
1026.5	1.0785497535562498e-46
1026.625	8.89649235364596e-47
1026.75	9.203820474663935e-47
1026.875	1.05702024760201e-46
1027.0	1.19619828297225e-46
1027.125	1.13285752642084e-46
1027.25	1.0896161418702396e-46
1027.375	1.40321508764644e-46
1027.5	1.0908689091408898e-46
1027.625	1.01969745372049e-46
1027.75	1.0897526813088398e-46
1027.875	1.30142988768529e-46
1028.0	1.223052410889e-46
1028.125	1.1247181540452902e-46
1028.25	1.2332944273364099e-46
1028.375	1.0650974796673596e-46
1028.5	9.98270128761396e-47
1028.625	1.2053668436639998e-46
1028.75	1.1193375501562502e-46
1028.875	1.1779097345402501e-46
1029.0	1.17189415064836e-46
1029.125	1.1889893883824101e-46
1029.25	1.2790089981158398e-46
1029.375	1.12970985545961e-46
1029.5	1.00576468403524e-46
1029.625	1.0239021462802498e-46
1029.75	1.0931706203040001e-46
1029.875	1.1659367260102501e-46
1030.0	1.0120072286044898e-46
1030.125	9.504551625864102e-47
1030.25	1.0057552570022502e-46
1030.375	1.1166510294324101e-46
1030.5	1.09788756428169e-46
1030.625	9.672455776638735e-47
1030.75	1.15156399899025e-46
1030.875	1.2792392663971597e-46
1031.0	1.249237642249e-46
1031.125	1.00969900430884e-46
1031.25	9.688265678704143e-47
1031.375	1.00919986259236e-46
1031.5	1.23224408221201e-46
1031.625	1.2642713121632399e-46
1031.75	1.06993908813796e-46
1031.875	1.20194188082721e-46
1032.0	1.02292874632036e-46
1032.125	1.2427447043971599e-46
1032.25	1.3840682491744895e-46
1032.375	1.38874251698064e-46
1032.5	1.248189466176e-46
1032.625	1.14983329488784e-46
1032.75	1.0055685306241599e-46
1032.875	1.01355059625625e-46
1033.0	1.1539939409292101e-46
1033.125	1.03884324677956e-46
1033.25	9.05238244859208e-47
1033.375	1.0643091503929602e-46
1033.5	1.3472465433902494e-46
1033.625	1.5032809941889601e-46
1033.75	1.435721582656e-46
1033.875	1.21560591804304e-46
1034.0	1.1951828808336398e-46
1034.125	1.22338686305124e-46
1034.25	1.01630916038656e-46
1034.375	1.2995482445152901e-46
1034.5	1.14917906880529e-46
1034.625	1.0779258934704098e-46
1034.75	1.03989516125625e-46
1034.875	1.18194643653696e-46
1035.0	1.2158323913744102e-46
1035.125	1.35793690833025e-46
1035.25	1.4556456282019598e-46
1035.375	1.2870158278758398e-46
1035.5	1.1104099268480098e-46
1035.625	1.14359176393225e-46
1035.75	1.2393963662112399e-46
1035.875	1.3133490050073601e-46
1036.0	1.322994546225e-46
1036.125	1.0516982439475598e-46
1036.25	9.767544027544996e-47
1036.375	1.12136536018116e-46
1036.5	1.2205834819200399e-46
1036.625	1.05161620367556e-46
1036.75	1.12349527444036e-46
1036.875	1.25766759718084e-46
1037.0	1.27957927798801e-46
1037.125	1.25083108611136e-46
1037.25	1.1774784696422398e-46
1037.375	1.0244055174926399e-46
1037.5	1.05659835135409e-46
1037.625	1.03212676884496e-46
1037.75	1.12725976328001e-46
1037.875	1.2198341005209998e-46
1038.0	1.2599299211559999e-46
1038.125	1.19203182556441e-46
1038.25	1.01054384761561e-46
1038.375	1.08486993972681e-46
1038.5	1.06723589765521e-46
1038.625	1.25290703648889e-46
1038.75	1.2116763201868899e-46
1038.875	1.26893353443025e-46
1039.0	1.4375707853587602e-46
1039.125	1.3703043599999999e-46
1039.25	9.445607447905223e-47
1039.375	1.0162779088572099e-46
1039.5	1.11999846668004e-46
1039.625	1.0748926549620899e-46
1039.75	1.1713479643168897e-46
1039.875	1.1642720754073598e-46
1040.0	1.1347196399168398e-46
1040.125	1.3178594579763599e-46
1040.25	1.2792243367839999e-46
1040.375	1.13249077841025e-46
1040.5	9.47894409169716e-47
1040.625	1.0468874898950398e-46
1040.75	1.2878752167468099e-46
1040.875	1.07662724884225e-46
1041.0	1.2058607260656097e-46
1041.125	1.1913953899123598e-46
1041.25	1.14180594123024e-46
1041.375	1.0782926282356899e-46
1041.5	1.03842519799225e-46
1041.625	1.27253267474281e-46
1041.75	1.26653551370116e-46
1041.875	1.20699534759556e-46
1042.0	1.20785661004009e-46
1042.125	1.0676859508632099e-46
1042.25	1.1716854461136399e-46
1042.375	1.07830965820561e-46
1042.5	9.753083901836208e-47
1042.625	1.0525838672160101e-46
1042.75	1.0077750544e-46
1042.875	1.17753988805401e-46
1043.0	1.38627287932081e-46
1043.125	1.3269272890828898e-46
1043.25	1.1970952920422499e-46
1043.375	1.11426708133225e-46
1043.5	1.2226863797522498e-46
1043.625	1.3768957217439999e-46
1043.75	1.125907743744e-46
1043.875	1.14821661647169e-46
1044.0	1.14677519320081e-46
1044.125	1.3119521558630397e-46
1044.25	1.30446573385041e-46
1044.375	1.246695068025e-46
1044.5	1.17481839921216e-46
1044.625	1.16701589728201e-46
1044.75	1.1520061625402502e-46
1044.875	1.38341491801956e-46
1045.0	1.4422602462339602e-46
1045.125	1.3593102183091599e-46
1045.25	1.1546282600176899e-46
1045.375	1.09595836252809e-46
1045.5	9.643524192893809e-47
1045.625	1.11852918210916e-46
1045.75	1.25805699746596e-46
1045.875	1.02916054010025e-46
1046.0	1.08141863160384e-46
1046.125	1.2300358212720402e-46
1046.25	1.2319181887076099e-46
1046.375	1.2580547542041597e-46
1046.5	1.1244297091156902e-46
1046.625	1.1598398261139599e-46
1046.75	1.04449238041681e-46
1046.875	1.0721753406809998e-46
1047.0	1.0152466764302499e-46
1047.125	1.1412832648339599e-46
1047.25	1.27468751522436e-46
1047.375	1.13317536595041e-46
1047.5	1.17393822834649e-46
1047.625	1.26648487100041e-46
1047.75	1.3388503255689996e-46
1047.875	1.31398855888356e-46
1048.0	1.24552563937344e-46
1048.125	1.3935209895300098e-46
1048.25	1.30262366868516e-46
1048.375	1.00973457588025e-46
1048.5	1.2603645774721599e-46
1048.625	1.4302844430249999e-46
1048.75	1.06735697702209e-46
1048.875	1.05645136537924e-46
1049.0	1.2269213091590399e-46
1049.125	1.1924211939841599e-46
1049.25	1.19482716564225e-46
1049.375	1.3235595921523599e-46
1049.5	1.13635791880081e-46
1049.625	1.12675486346641e-46
1049.75	1.2464699806976401e-46
1049.875	1.4287380259828902e-46
1050.0	1.22947624830625e-46
1050.125	1.14216842323984e-46
1050.25	1.28262963704976e-46
1050.375	1.1693126320257598e-46
1050.5	9.674258197849248e-47
1050.625	8.914506818555555e-47
1050.75	1.07060760798289e-46
1050.875	1.16463486830625e-46
1051.0	1.0019151160404101e-46
1051.125	1.02407073251044e-46
1051.25	1.0122450575952101e-46
1051.375	1.2041214972300899e-46
1051.5	1.1850249223322499e-46
1051.625	1.18206167974756e-46
1051.75	1.2740293811868098e-46
1051.875	1.471128835801e-46
1052.0	1.5028580251032103e-46
1052.125	1.2419983567200399e-46
1052.25	1.3014378733136399e-46
1052.375	1.1520321369217599e-46
1052.5	1.04160211103881e-46
1052.625	1.1786902056249999e-46
1052.75	1.18621809780496e-46
1052.875	1.3383477341520397e-46
1053.0	1.33619312221924e-46
1053.125	1.2525101523359998e-46
1053.25	1.11611723976025e-46
1053.375	1.2964862473222499e-46
1053.5	1.41651367420644e-46
1053.625	1.2047527611112899e-46
1053.75	1.1448638342856098e-46
1053.875	1.08236786423481e-46
1054.0	1.14254827890025e-46
1054.125	1.2195842842344099e-46
1054.25	1.19137355980036e-46
1054.375	1.2351797301049602e-46
1054.5	1.0086918052322498e-46
1054.625	1.0132208109676902e-46
1054.75	1.030434100609e-46
1054.875	1.17871322204736e-46
1055.0	1.30584442296025e-46
1055.125	1.24938898246449e-46
1055.25	1.25024958279936e-46
1055.375	1.19491024128025e-46
1055.5	1.165311614016e-46
1055.625	1.17288445140441e-46
1055.75	1.2247264569369602e-46
1055.875	1.23617862379449e-46
1056.0	1.10432838742209e-46
1056.125	1.28448131582016e-46
1056.25	1.3687727069593601e-46
1056.375	1.30805220614121e-46
1056.5	1.313288496144e-46
1056.625	1.26490172836225e-46
1056.75	1.1173388468062498e-46
1056.875	1.1473468979918398e-46
1057.0	1.0317996632451598e-46
1057.125	1.10029568292004e-46
1057.25	1.1780951137208099e-46
1057.375	1.14467509704601e-46
1057.5	1.1919490684016398e-46
1057.625	9.612232587496037e-47
1057.75	1.28888270292609e-46
1057.875	1.42680946577569e-46
1058.0	1.10123427348841e-46
1058.125	1.06146307269289e-46
1058.25	1.06395078410401e-46
1058.375	1.08634613920849e-46
1058.5	1.0354411748956898e-46
1058.625	1.0356890688816098e-46
1058.75	1.14355668825841e-46
1058.875	1.40100222923236e-46
1059.0	1.3701116860132898e-46
1059.125	1.3029005689408897e-46
1059.25	1.20239054137449e-46
1059.375	1.2863631382202497e-46
1059.5	1.1643495499300902e-46
1059.625	1.1436165738800102e-46
1059.75	1.1009205261057599e-46
1059.875	1.15504908677041e-46
1060.0	1.11538142790244e-46
1060.125	1.05424307957956e-46
1060.25	1.1261864026924898e-46
1060.375	1.34930201474916e-46
1060.5	1.21474718704249e-46
1060.625	1.2634836814944098e-46
1060.75	1.18674900227601e-46
1060.875	1.2046050270249998e-46
1061.0	1.30947581492289e-46
1061.125	1.30710882288996e-46
1061.25	1.29502738525329e-46
1061.375	1.3354626691328404e-46
1061.5	1.2751990128584099e-46
1061.625	1.27016979772761e-46
1061.75	1.0923445843784099e-46
1061.875	1.0177690411011602e-46
1062.0	1.1851342191376899e-46
1062.125	1.05854281679601e-46
1062.25	1.15734886740225e-46
1062.375	1.2765122134465599e-46
1062.5	1.30703611074624e-46
1062.625	1.3849961643939598e-46
1062.75	1.28148603435076e-46
1062.875	1.3522873360652098e-46
1063.0	1.34252821909504e-46
1063.125	1.2208444496748898e-46
1063.25	1.0423127663438402e-46
1063.375	1.1488812871374399e-46
1063.5	1.2696433094402501e-46
1063.625	1.3704427284128097e-46
1063.75	1.377092862016e-46
1063.875	1.134740518564e-46
1064.0	1.11128345478049e-46
1064.125	1.220881354225e-46
1064.25	1.2624520162032102e-46
1064.375	1.10603271542481e-46
1064.5	1.1216517172963598e-46
1064.625	1.2978279045062497e-46
1064.75	1.1354956876929599e-46
1064.875	1.0012157692992899e-46
1065.0	1.1156144193022497e-46
1065.125	1.09571319687424e-46
1065.25	1.11953032377796e-46
1065.375	9.59435001326701e-47
1065.5	1.0933425151520399e-46
1065.625	1.17955934005504e-46
1065.75	1.2301877685268899e-46
1065.875	1.19681499529216e-46
1066.0	1.14381762993481e-46
1066.125	1.115788703481e-46
1066.25	1.02491022726225e-46
1066.375	1.10743294559296e-46
1066.5	1.3617344935824399e-46
1066.625	1.49071450708324e-46
1066.75	1.4433939174168896e-46
1066.875	1.47398587571524e-46
1067.0	1.0550007617032899e-46
1067.125	1.1052840453600097e-46
1067.25	1.25610275344801e-46
1067.375	1.14711618543201e-46
1067.5	1.0710827957196898e-46
1067.625	1.03128879147121e-46
1067.75	1.04775634584009e-46
1067.875	1.2216951639302401e-46
1068.0	1.4205231084490001e-46
1068.125	1.4496677724622497e-46
1068.25	1.1472896996792098e-46
1068.375	1.09949589919225e-46
1068.5	1.2147443214393602e-46
1068.625	1.2156996361912898e-46
1068.75	9.958075633664963e-47
1068.875	1.2269188722976899e-46
1069.0	1.36053118400761e-46
1069.125	1.17141030495241e-46
1069.25	1.18654311836736e-46
1069.375	1.19314069917604e-46
1069.5	1.164256106049e-46
1069.625	1.2584197592076098e-46
1069.75	1.3794920625168398e-46
1069.875	1.31236109723889e-46
1070.0	1.04214942279184e-46
1070.125	1.04126697654001e-46
1070.25	9.421866207424804e-47
1070.375	1.10887555059856e-46
1070.5	1.2938730352131599e-46
1070.625	1.4096850893625599e-46
1070.75	1.0364874972480898e-46
1070.875	9.04695016031885e-47
1071.0	9.873994256864676e-47
1071.125	1.1022555735489599e-46
1071.25	1.25139236499225e-46
1071.375	1.0178436970297598e-46
1071.5	1.18171096646409e-46
1071.625	1.1659663123206398e-46
1071.75	1.2021903222913601e-46
1071.875	1.21219131121936e-46
1072.0	1.2794543982220899e-46
1072.125	1.2309265655236899e-46
1072.25	1.2844704356870399e-46
1072.375	1.2013359053920902e-46
1072.5	1.20574542654736e-46
1072.625	1.4683923494017598e-46
1072.75	1.2973877462584899e-46
1072.875	1.0777732787539599e-46
1073.0	1.2133374982559999e-46
1073.125	1.38824030734321e-46
1073.25	1.27908318838336e-46
1073.375	1.3456296961638396e-46
1073.5	1.36423194241156e-46
1073.625	1.271725333264e-46
1073.75	1.2452000027560898e-46
1073.875	1.40536970619241e-46
1074.0	1.157012166025e-46
1074.125	1.031276808324e-46
1074.25	1.2021747528312902e-46
1074.375	1.3191627380136099e-46
1074.5	1.3463195281620098e-46
1074.625	1.41672458085376e-46
1074.75	1.3961934481996903e-46
1074.875	1.2598592067902498e-46
1075.0	9.601463339521247e-47
1075.125	1.17389055552129e-46
1075.25	1.3926584319902502e-46
1075.375	1.3822086488716898e-46
1075.5	1.28456337164164e-46
1075.625	1.1515916853817599e-46
1075.75	1.16624383722729e-46
1075.875	1.1288429258880399e-46
1076.0	1.186382780944e-46
1076.125	1.2329348613759998e-46
1076.25	1.23437455078081e-46
1076.375	1.26165843775449e-46
1076.5	1.2665294365236099e-46
1076.625	1.37492298455521e-46
1076.75	1.2280850761e-46
1076.875	1.0587708233628098e-46
1077.0	9.539515826498023e-47
1077.125	1.1976857511768902e-46
1077.25	1.3181602460545602e-46
1077.375	1.4199658507782398e-46
1077.5	1.4204029718035601e-46
1077.625	1.31247703282921e-46
1077.75	1.0979445654122499e-46
1077.875	1.202149973476e-46
1078.0	1.19108432969761e-46
1078.125	1.05357435198129e-46
1078.25	1.13432745531361e-46
1078.375	1.24548479296641e-46
1078.5	1.3900310964176399e-46
1078.625	1.3249089659996096e-46
1078.75	1.2104886693284098e-46
1078.875	1.173675389769e-46
1079.0	1.16868034544704e-46
1079.125	1.184597145664e-46
1079.25	1.3189112179699602e-46
1079.375	1.35655800296769e-46
1079.5	1.2157702028280898e-46
1079.625	1.5101875908296096e-46
1079.75	1.64406710005924e-46
1079.875	1.33744691558416e-46
1080.0	1.21744830710416e-46
1080.125	1.26622514612889e-46
1080.25	1.29967911720409e-46
1080.375	1.34703715953249e-46
1080.5	1.2030231063408098e-46
1080.625	1.5145023760614403e-46
1080.75	1.3527508993152397e-46
1080.875	1.1224900302616902e-46
1081.0	1.18717215522049e-46
1081.125	1.2973961750889998e-46
1081.25	1.2799503335312099e-46
1081.375	1.2791114626796099e-46
1081.5	1.17951872119225e-46
1081.625	1.0047317842416097e-46
1081.75	1.24394472513529e-46
1081.875	1.3122417301734398e-46
1082.0	1.3558676485392899e-46
1082.125	1.3592614843516896e-46
1082.25	1.239016098321e-46
1082.375	1.2713850137604099e-46
1082.5	1.2839731721251598e-46
1082.625	1.1181453042912098e-46
1082.75	1.3951656399436899e-46
1082.875	1.35032813011044e-46
1083.0	1.23696993267225e-46
1083.125	1.29078206065081e-46
1083.25	1.3072373316870399e-46
1083.375	1.4286713291161602e-46
1083.5	1.5368317919760399e-46
1083.625	1.3484374622617599e-46
1083.75	1.40688112884804e-46
1083.875	1.3148296142640398e-46
1084.0	1.1689787357262399e-46
1084.125	1.0765529574984898e-46
1084.25	1.1868002036929599e-46
1084.375	1.3190416838211596e-46
1084.5	1.3334417887562499e-46
1084.625	1.31667179535424e-46
1084.75	1.3682439426241596e-46
1084.875	1.5005911901904399e-46
1085.0	1.432524128161e-46
1085.125	1.1423531060046401e-46
1085.25	1.17152979580729e-46
1085.375	1.4160528763920398e-46
1085.5	1.441812570025e-46
1085.625	1.5237394099225599e-46
1085.75	1.68270085834816e-46
1085.875	1.3902263449779599e-46
1086.0	1.25677417832836e-46
1086.125	9.882982147149722e-47
1086.25	1.157223002049e-46
1086.375	1.39275000999289e-46
1086.5	1.234483211329e-46
1086.625	1.18543927532944e-46
1086.75	1.23296062223376e-46
1086.875	1.1954028516870402e-46
1087.0	9.6823474571664e-47
1087.125	1.0882562253030402e-46
1087.25	1.30390957480996e-46
1087.375	1.3092151510483599e-46
1087.5	1.3706349573774401e-46
1087.625	1.4673256987568396e-46
1087.75	1.4269680986292902e-46
1087.875	1.42334730489744e-46
1088.0	1.4521749058688399e-46
1088.125	1.4562190141209998e-46
1088.25	1.34826073000369e-46
1088.375	1.24035508717129e-46
1088.5	1.37068389479641e-46
1088.625	1.4205834170532897e-46
1088.75	1.2615294935908897e-46
1088.875	1.2339937210972902e-46
1089.0	1.36855510572676e-46
1089.125	1.42807877550625e-46
1089.25	1.1658548797057598e-46
1089.375	1.11450607938289e-46
1089.5	1.23247898313849e-46
1089.625	1.27236098890404e-46
1089.75	1.3610584560648098e-46
1089.875	1.39099072876729e-46
1090.0	1.5088577257224895e-46
1090.125	1.3390345401555597e-46
1090.25	1.21375765282489e-46
1090.375	1.5107551487328397e-46
1090.5	1.3332223957562499e-46
1090.625	1.1930135577025598e-46
1090.75	9.899461776689523e-47
1090.875	1.1543138721000002e-46
1091.0	1.29556115881984e-46
1091.125	1.4979593598322503e-46
1091.25	1.4690167209e-46
1091.375	1.2690247801e-46
1091.5	1.28463046895716e-46
1091.625	1.0777068376275598e-46
1091.75	1.19873790818721e-46
1091.875	1.5425379181102498e-46
1092.0	1.4503847354886398e-46
1092.125	1.4722640874872101e-46
1092.25	1.3819794020064397e-46
1092.375	1.2452176338062398e-46
1092.5	1.3017187548552097e-46
1092.625	1.44787914856225e-46
1092.75	1.3026652132609598e-46
1092.875	1.599564738121e-46
1093.0	1.54398567221284e-46
1093.125	1.3406198644819598e-46
1093.25	1.2366007126502501e-46
1093.375	1.21855944390244e-46
1093.5	1.07888584885249e-46
1093.625	1.11997454923225e-46
1093.75	1.21447695349561e-46
1093.875	1.21979235225241e-46
1094.0	1.189676662729e-46
1094.125	1.12925095130884e-46
1094.25	1.2181702455562498e-46
1094.375	1.3272956997222398e-46
1094.5	1.3743008887136401e-46
1094.625	1.33379562686049e-46
1094.75	1.3607630778062499e-46
1094.875	1.4555095380249998e-46
1095.0	1.25960083561636e-46
1095.125	1.1885534832639997e-46
1095.25	1.18442562129424e-46
1095.375	1.2652814483172899e-46
1095.5	1.40403256259344e-46
1095.625	1.5072448346010002e-46
1095.75	1.51423435208929e-46
1095.875	1.3583266144452901e-46
1096.0	1.1733283059278398e-46
1096.125	1.43072027857984e-46
1096.25	1.32574683035664e-46
1096.375	1.4499478413888398e-46
1096.5	1.25865983438001e-46
1096.625	1.01708213332401e-46
1096.75	1.5315777723024896e-46
1096.875	1.4990084356e-46
1097.0	1.1982796398721602e-46
1097.125	1.23381399167524e-46
1097.25	1.1268520977824101e-46
1097.375	1.2487032186252102e-46
1097.5	1.3964099268644098e-46
1097.625	1.3755384187222499e-46
1097.75	1.5198399745604098e-46
1097.875	1.4418065662562499e-46
1098.0	1.4782880612916899e-46
1098.125	1.45195077294864e-46
1098.25	1.3725793109836894e-46
1098.375	1.20519711553609e-46
1098.5	1.3160130044112099e-46
1098.625	1.13412212333289e-46
1098.75	1.0938858920999999e-46
1098.875	1.10743799686144e-46
1099.0	1.2300586682160099e-46
1099.125	1.4870953740110397e-46
1099.25	1.39952543663716e-46
1099.375	1.1579117951816098e-46
1099.5	1.3642737572536898e-46
1099.625	1.4729337005670399e-46
1099.75	1.3790962784104902e-46
1099.875	1.3410818869908098e-46
1100.0	1.22321410129801e-46
1100.125	1.0490718794124099e-46
1100.25	1.1404289915356899e-46
1100.375	1.2131158833571599e-46
1100.5	1.3000462342984898e-46
1100.625	1.21182690906601e-46
1100.75	1.0769109491462402e-46
1100.875	1.1366208098256399e-46
1101.0	1.2403274672600098e-46
1101.125	1.09028597688976e-46
1101.25	1.35362078899441e-46
1101.375	1.49425613696529e-46
1101.5	1.17672855634944e-46
1101.625	1.36408758101056e-46
1101.75	1.4798089926759997e-46
1101.875	1.2371000625e-46
1102.0	1.435817441536e-46
1102.125	1.4714526981902502e-46
1102.25	1.2571943865102399e-46
1102.375	1.3823074072264899e-46
1102.5	1.3656892988544101e-46
1102.625	1.2090189989159998e-46
1102.75	1.23192129648025e-46
1102.875	1.24311595539121e-46
1103.0	1.2834558391884098e-46
1103.125	1.33749502560144e-46
1103.25	1.33611590666304e-46
1103.375	1.294404522961e-46
1103.5	1.33217094564841e-46
1103.625	1.25145120701584e-46
1103.75	1.0419850712628902e-46
1103.875	1.0680902117402502e-46
1104.0	1.10044002314596e-46
1104.125	1.20214361421361e-46
1104.25	1.22496595281124e-46
1104.375	1.3826918929926397e-46
1104.5	1.15301465573904e-46
1104.625	1.1772833737236098e-46
1104.75	1.3507829893776098e-46
1104.875	1.3198997493872102e-46
1105.0	1.21917946389316e-46
1105.125	1.0350455829096098e-46
1105.25	1.320127465024e-46
1105.375	1.5018708384705596e-46
1105.5	1.46175813521761e-46
1105.625	1.38818940801025e-46
1105.75	1.4107253574081598e-46
1105.875	1.3855566411508906e-46
1106.0	1.44349315586116e-46
1106.125	1.27241084654161e-46
1106.25	1.3327097793302498e-46
1106.375	1.4324331666489997e-46
1106.5	1.30133702803456e-46
1106.625	1.22886359209744e-46
1106.75	1.2200512472164899e-46
1106.875	1.2617817720483598e-46
1107.0	1.35303633376081e-46
1107.125	1.2806161057776098e-46
1107.25	1.371297208576e-46
1107.375	1.24560443242225e-46
1107.5	1.3131553357140096e-46
1107.625	1.30732376998276e-46
1107.75	1.2001441320188096e-46
1107.875	1.30711133812609e-46
1108.0	1.3048892708062498e-46
1108.125	1.4537686761628899e-46
1108.25	1.4505227537522496e-46
1108.375	1.24932996539649e-46
1108.5	1.50419579168356e-46
1108.625	1.40633580363409e-46
1108.75	1.3986059115528896e-46
1108.875	1.2820548280179599e-46
1109.0	1.3957373854168898e-46
1109.125	1.6861884715022396e-46
1109.25	1.5458953502721598e-46
1109.375	1.2501455974208098e-46
1109.5	1.12135794757561e-46
1109.625	1.3437777933244897e-46
1109.75	1.3976469657294405e-46
1109.875	1.31420154882769e-46
1110.0	1.62164790547236e-46
1110.125	1.486414502596e-46
1110.25	1.4203893852408099e-46
1110.375	1.5588201691398397e-46
1110.5	1.14028141132816e-46
1110.625	1.26965998590561e-46
1110.75	1.42081465162849e-46
1110.875	1.61858164077801e-46
1111.0	1.50774283044324e-46
1111.125	1.66424422512481e-46
1111.25	1.7735759079948903e-46
1111.375	1.6912432885796102e-46
1111.5	1.5945347844512099e-46
1111.625	1.60235394361744e-46
1111.75	1.78000398539041e-46
1111.875	1.7951283509759994e-46
1112.0	1.88166596368689e-46
1112.125	1.6653347589622496e-46
1112.25	1.7602422117774396e-46
1112.375	1.57859021126416e-46
1112.5	1.5694123780916096e-46
1112.625	1.67938091382649e-46
1112.75	1.6521115119560101e-46
1112.875	1.7858962697004898e-46
1113.0	1.6105084611756101e-46
1113.125	1.61428053128356e-46
1113.25	1.52223973816464e-46
1113.375	1.3549805077176902e-46
1113.5	1.3800570634188899e-46
1113.625	1.46270447669824e-46
1113.75	1.6189503554480399e-46
1113.875	1.6037735190432398e-46
1114.0	1.4994923338137604e-46
1114.125	1.68549408744964e-46
1114.25	1.4857286676820899e-46
1114.375	1.3566386023528897e-46
1114.5	1.54070181075001e-46
1114.625	1.55873552014489e-46
1114.75	1.6955120671948897e-46
1114.875	1.4571898767374398e-46
1115.0	1.39375567782049e-46
1115.125	1.3256438962292099e-46
1115.25	1.4338256726851596e-46
1115.375	1.3001214883036897e-46
1115.5	1.4425134157902399e-46
1115.625	1.42315952640625e-46
1115.75	1.5686768425048897e-46
1115.875	1.5635371720590403e-46
1116.0	1.31294174306689e-46
1116.125	1.4569419404822504e-46
1116.25	1.61503633894464e-46
1116.375	1.4179815385740898e-46
1116.5	1.34270921026089e-46
1116.625	1.42336448474256e-46
1116.75	1.4347883241022497e-46
1116.875	1.36107152251009e-46
1117.0	1.4725905018115599e-46
1117.125	1.4541863687122498e-46
1117.25	1.27019369062369e-46
1117.375	1.24583234362596e-46
1117.5	1.1989969681638399e-46
1117.625	1.39038977007441e-46
1117.75	1.45737481663684e-46
1117.875	1.5454042698204098e-46
1118.0	1.49422826642769e-46
1118.125	1.23120905312196e-46
1118.25	1.33399335318769e-46
1118.375	1.46635558206489e-46
1118.5	1.19033926011289e-46
1118.625	1.2664601127152098e-46
1118.75	1.4218749957759999e-46
1118.875	1.37298939156369e-46
1119.0	1.44550172501604e-46
1119.125	1.1535812544010002e-46
1119.25	1.1836491283009599e-46
1119.375	1.30363690606864e-46
1119.5	1.55242579091044e-46
1119.625	1.4859802602624098e-46
1119.75	1.4529525160710403e-46
1119.875	1.44127396164249e-46
1120.0	1.30235980761604e-46
1120.125	1.3452819467964097e-46
1120.25	1.20961349087049e-46
1120.375	1.40173854966016e-46
1120.5	1.5179866283559996e-46
1120.625	1.50351371386225e-46
1120.75	1.3473958147664398e-46
1120.875	1.244431722681e-46
1121.0	1.38728374446601e-46
1121.125	1.50782460981201e-46
1121.25	1.41643917030625e-46
1121.375	1.20140188879104e-46
1121.5	1.17690733343296e-46
1121.625	1.31939590358016e-46
1121.75	1.36047776258304e-46
1121.875	1.52977120665664e-46
1122.0	1.6435116928230399e-46
1122.125	1.4461202492467599e-46
1122.25	1.3914066172409996e-46
1122.375	1.35736620167236e-46
1122.5	1.23189399261184e-46
1122.625	1.30617103718656e-46
1122.75	1.50468150770116e-46
1122.875	1.5748402694169597e-46
1123.0	1.2828985143312098e-46
1123.125	1.31464867750969e-46
1123.25	1.49188074062049e-46
1123.375	1.3973490618630399e-46
1123.5	1.1316446961864099e-46
1123.625	1.2918277353959999e-46
1123.75	1.5288108281108099e-46
1123.875	1.58587401736201e-46
1124.0	1.594807802449e-46
1124.125	1.39536621003844e-46
1124.25	1.4923786352702496e-46
1124.375	1.6597542509102502e-46
1124.5	1.4835880674916894e-46
1124.625	1.1151862661664399e-46
1124.75	1.1101774795801599e-46
1124.875	1.2709015632432898e-46
1125.0	1.1719740435062501e-46
1125.125	1.4255648384880406e-46
1125.25	1.4505075786480399e-46
1125.375	1.4952638069760402e-46
1125.5	1.35817930269025e-46
1125.625	1.34080906407561e-46
1125.75	1.4597779284412898e-46
1125.875	1.645560446436e-46
1126.0	1.4313633888160002e-46
1126.125	1.38697469906121e-46
1126.25	1.36312233130089e-46
1126.375	1.31370383502864e-46
1126.5	1.4328346159144897e-46
1126.625	1.4270087138800901e-46
1126.75	1.1640344885584899e-46
1126.875	1.3902258733465598e-46
1127.0	1.54125496143441e-46
1127.125	1.40248524819649e-46
1127.25	1.3833227065267599e-46
1127.375	1.2916597534464099e-46
1127.5	1.2678924396532899e-46
1127.625	1.21669415308996e-46
1127.75	1.2776958699744102e-46
1127.875	1.38161570266225e-46
1128.0	1.2281382697959998e-46
1128.125	1.3775465729344901e-46
1128.25	1.36573534315024e-46
1128.375	1.4464615523344904e-46
1128.5	1.4697806414940101e-46
1128.625	1.46704153398201e-46
1128.75	1.4668363613520398e-46
1128.875	1.38723239154889e-46
1129.0	1.24923630101776e-46
1129.125	1.28015556844816e-46
1129.25	1.1898867452524901e-46
1129.375	1.38319568552356e-46
1129.5	1.42639667944225e-46
1129.625	1.45582347194001e-46
1129.75	1.4756936068296899e-46
1129.875	1.38709200035169e-46
1130.0	1.2252920324268101e-46
1130.125	1.25433884874529e-46
1130.25	1.30577288869764e-46
1130.375	1.2885130791036098e-46
1130.5	1.2639427843544099e-46
1130.625	1.5998341388702496e-46
1130.75	1.5783806474304397e-46
1130.875	1.39323155211529e-46
1131.0	1.32390774442161e-46
1131.125	1.00270743006784e-46
1131.25	1.2141743540576396e-46
1131.375	1.3609830918992397e-46
1131.5	1.2567936848376102e-46
1131.625	1.617808468761e-46
1131.75	1.68358072732369e-46
1131.875	1.64677855639969e-46
1132.0	1.46383066638769e-46
1132.125	1.52330912902081e-46
1132.25	1.33117805953561e-46
1132.375	1.4358085744552902e-46
1132.5	1.4691238663056399e-46
1132.625	1.5008366874649599e-46
1132.75	1.2505468035622498e-46
1132.875	1.22869842500889e-46
1133.0	1.4590605798896398e-46
1133.125	1.3639021181888396e-46
1133.25	1.40550177208996e-46
1133.375	1.16240612872036e-46
1133.5	1.27051942279824e-46
1133.625	1.3188744681907597e-46
1133.75	1.3066712086478397e-46
1133.875	1.381981282929e-46
1134.0	1.47800332323856e-46
1134.125	1.3801219108388096e-46
1134.25	1.380547451089e-46
1134.375	1.4127198015252099e-46
1134.5	1.32066707552784e-46
1134.625	1.3396909654800399e-46
1134.75	1.28247516428164e-46
1134.875	1.19025023399881e-46
1135.0	1.35222035507001e-46
1135.125	1.38389319682201e-46
1135.25	1.38043254170761e-46
1135.375	1.27812114381604e-46
1135.5	1.13919951942241e-46
1135.625	1.33450806472281e-46
1135.75	1.4426875728324897e-46
1135.875	1.19355450200064e-46
1136.0	1.2298195621672899e-46
1136.125	1.1998814428809997e-46
1136.25	1.28390405240601e-46
1136.375	1.3526978634691602e-46
1136.5	1.14686043650649e-46
1136.625	1.3951422528499599e-46
1136.75	1.4137317010202499e-46
1136.875	1.3273961632782397e-46
1137.0	1.22397292815561e-46
1137.125	1.3174822585456902e-46
1137.25	1.332020673424e-46
1137.375	1.19690886150889e-46
1137.5	1.04667406642681e-46
1137.625	1.05084272127844e-46
1137.75	1.20137339075524e-46
1137.875	1.2401470544372102e-46
1138.0	1.22189700063025e-46
1138.125	1.3694981693313598e-46
1138.25	1.10717913418564e-46
1138.375	1.1067174656409599e-46
1138.5	1.2529589740922501e-46
1138.625	1.3024118473027599e-46
1138.75	1.40786435699716e-46
1138.875	1.3024271398644899e-46
1139.0	1.11427257039921e-46
1139.125	1.2725773465444898e-46
1139.25	1.3128516818467599e-46
1139.375	1.4857301303680896e-46
1139.5	1.4004552045088896e-46
1139.625	1.2970487932802499e-46
1139.75	1.5486212069832099e-46
1139.875	1.4045786262606397e-46
1140.0	1.4876773597344398e-46
1140.125	1.39907001276441e-46
1140.25	1.2776587946944898e-46
1140.375	1.40027154556249e-46
1140.5	1.4495733787132898e-46
1140.625	1.5079159695672896e-46
1140.75	1.3893254391122498e-46
1140.875	1.2509984051841598e-46
1141.0	1.3612959951668099e-46
1141.125	1.5294127916524899e-46
1141.25	1.27363954798096e-46
1141.375	1.22490640867401e-46
1141.5	1.3705246757748102e-46
1141.625	1.37147802064144e-46
1141.75	1.5050770071296398e-46
1141.875	1.4648311732644098e-46
1142.0	1.5571630650595601e-46
1142.125	1.5741882771555599e-46
1142.25	1.3094586501296397e-46
1142.375	1.36446975826704e-46
1142.5	1.59805626030625e-46
1142.625	1.5176234370259597e-46
1142.75	1.25719954425081e-46
1142.875	1.1872109443824098e-46
1143.0	1.36519150907881e-46
1143.125	1.7897107129204894e-46
1143.25	1.52143467276025e-46
1143.375	1.2623639283700898e-46
1143.5	1.2781950822144099e-46
1143.625	1.3208688832483598e-46
1143.75	1.4976225583212097e-46
1143.875	1.5585819592512398e-46
1144.0	1.55283723541521e-46
1144.125	1.5534967568422496e-46
1144.25	1.46065860664441e-46
1144.375	1.3150681304016398e-46
1144.5	1.35055101785041e-46
1144.625	1.45442900520841e-46
1144.75	1.2794175236595602e-46
1144.875	1.2306769471374397e-46
1145.0	1.12186841565241e-46
1145.125	1.25189872013584e-46
1145.25	1.4179503400398396e-46
1145.375	1.6098026884000001e-46
1145.5	1.5374440119564098e-46
1145.625	1.3140688006465597e-46
1145.75	1.40723081880976e-46
1145.875	1.37575000602169e-46
1146.0	1.281772679716e-46
1146.125	1.2877015911763597e-46
1146.25	1.47818471595844e-46
1146.375	1.4313842061820898e-46
1146.5	1.6103802888577601e-46
1146.625	1.4899451648156094e-46
1146.75	1.30848295943236e-46
1146.875	1.36249287272569e-46
1147.0	1.529948821921e-46
1147.125	1.29770077038889e-46
1147.25	1.1969419015425601e-46
1147.375	1.14744308863129e-46
1147.5	1.2861796345219598e-46
1147.625	1.32889642561729e-46
1147.75	1.5509666119596097e-46
1147.875	1.6546988952009994e-46
1148.0	2.0228277743822496e-46
1148.125	1.5512366216822497e-46
1148.25	1.3184943677004099e-46
1148.375	1.3262850543802496e-46
1148.5	1.44415883843856e-46
1148.625	1.7249536279500093e-46
1148.75	1.8396082826265597e-46
1148.875	1.6777189327704103e-46
1149.0	1.7509556288742402e-46
1149.125	2.0075089785828095e-46
1149.25	1.6943479129094394e-46
1149.375	1.77085111572889e-46
1149.5	1.98861919589281e-46
1149.625	1.9239645719702503e-46
1149.75	1.6340258354160396e-46
1149.875	1.5716029697688098e-46
1150.0	1.3199470832102498e-46
1150.125	1.2830373811137598e-46
1150.25	1.44234047023504e-46
1150.375	1.3781818468080102e-46
1150.5	1.40399867412025e-46
1150.625	1.5594702201562501e-46
1150.75	1.46284404746481e-46
1150.875	1.4103923348803596e-46
1151.0	1.2475904825448098e-46
1151.125	1.5031208719348898e-46
1151.25	1.5864269047833602e-46
1151.375	1.4060362636960002e-46
1151.5	1.1653856686180899e-46
1151.625	1.4746000204272101e-46
1151.75	1.43354860201921e-46
1151.875	1.59275455311844e-46
1152.0	1.5924181100102498e-46
1152.125	1.32576985867264e-46
1152.25	1.4360714830439998e-46
1152.375	1.55072875386276e-46
1152.5	1.4976289219522497e-46
1152.625	1.46836350936025e-46
1152.75	1.61433770624281e-46
1152.875	1.5678663497380898e-46
1153.0	1.49365160022016e-46
1153.125	1.37768248950784e-46
1153.25	1.24419233909569e-46
1153.375	1.719568010329e-46
1153.5	1.3532680533002502e-46
1153.625	1.3773670043238396e-46
1153.75	1.4082917791960897e-46
1153.875	1.56879407572801e-46
1154.0	1.4315974134384396e-46
1154.125	1.3687528179564102e-46
1154.25	1.268400770289e-46
1154.375	1.17937037053924e-46
1154.5	1.29722692030569e-46
1154.625	1.369138690404e-46
1154.75	1.5251869622371599e-46
1154.875	1.5521173056000004e-46
1155.0	1.226892953104e-46
1155.125	1.3805594357784097e-46
1155.25	1.58636140967056e-46
1155.375	1.4802411157825598e-46
1155.5	1.3867704935888399e-46
1155.625	1.3971429120639999e-46
1155.75	1.0880889032250002e-46
1155.875	1.408669891876e-46
1156.0	1.64072658537225e-46
1156.125	1.4723592171456101e-46
1156.25	1.44570419777536e-46
1156.375	1.5745360899470394e-46
1156.5	1.6221028099239999e-46
1156.625	1.5010814697076899e-46
1156.75	1.4054638351107598e-46
1156.875	1.4419753969998399e-46
1157.0	1.5473648303334399e-46
1157.125	1.39090463370244e-46
1157.25	1.4981267956040096e-46
1157.375	1.2972604059075599e-46
1157.5	1.4338651879692099e-46
1157.625	1.3541190250224401e-46
1157.75	1.220921132209e-46
1157.875	1.2338995225860901e-46
1158.0	1.3915396769331599e-46
1158.125	1.6305292833152397e-46
1158.25	1.2531438986088098e-46
1158.375	1.26506301240004e-46
1158.5	1.4384572134489999e-46
1158.625	1.4113242792688898e-46
1158.75	1.2740228345664399e-46
1158.875	1.14454928086321e-46
1159.0	1.1790519802905599e-46
1159.125	1.3705640113788099e-46
1159.25	1.30984156618561e-46
1159.375	1.23641412181056e-46
1159.5	1.27931323712929e-46
1159.625	1.14234006656961e-46
1159.75	1.48485069848025e-46
1159.875	1.4543631585120397e-46
1160.0	1.5436164018369601e-46
1160.125	1.4725065285734399e-46
1160.25	1.4286192158019599e-46
1160.375	1.4560855518456904e-46
1160.5	1.79290305744489e-46
1160.625	1.7442355471640098e-46
1160.75	1.773787130896e-46
1160.875	1.61422208681616e-46
1161.0	1.36683970380864e-46
1161.125	1.28408512735504e-46
1161.25	1.36251901944601e-46
1161.375	1.3011421932464398e-46
1161.5	1.4509301024793594e-46
1161.625	1.6789932001440897e-46
1161.75	1.48937957712196e-46
1161.875	1.39320322380409e-46
1162.0	1.24212094922304e-46
1162.125	1.31285443176196e-46
1162.25	1.5863828213856102e-46
1162.375	1.402587807481e-46
1162.5	1.3039088896768898e-46
1162.625	1.2251419374376899e-46
1162.75	1.5153706018152097e-46
1162.875	1.69397123020225e-46
1163.0	1.59722709041025e-46
1163.125	1.6354596244308101e-46
1163.25	1.5394608106500098e-46
1163.375	1.36297966307584e-46
1163.5	1.3757274859788099e-46
1163.625	1.3687039150224397e-46
1163.75	1.3175782177356096e-46
1163.875	1.4011601311772099e-46
1164.0	1.41536800661776e-46
1164.125	1.4092880836633602e-46
1164.25	1.34292915064324e-46
1164.375	1.5679169367920094e-46
1164.5	1.48757246705664e-46
1164.625	1.3573431335704901e-46
1164.75	1.4173185840416099e-46
1164.875	1.4046279288999999e-46
1165.0	1.3950902822323601e-46
1165.125	1.404466750404e-46
1165.25	1.43596938441636e-46
1165.375	1.47907603622529e-46
1165.5	1.5005894752102496e-46
1165.625	1.48320197827684e-46
1165.75	1.44479726880784e-46
1165.875	1.63222624291321e-46
1166.0	1.3270424839128901e-46
1166.125	1.44099257098225e-46
1166.25	1.4281277718489996e-46
1166.375	1.4592330753638399e-46
1166.5	1.4620035789955598e-46
1166.625	1.3340554921742397e-46
1166.75	1.157842712961e-46
1166.875	1.16002205466624e-46
1167.0	1.30225162317376e-46
1167.125	1.4389904969884896e-46
1167.25	1.31117545731649e-46
1167.375	1.3633112439246396e-46
1167.5	1.3941814254211599e-46
1167.625	1.37056705522884e-46
1167.75	1.4040076794088897e-46
1167.875	1.3063545899056898e-46
1168.0	1.2328009536664902e-46
1168.125	1.4124828088326402e-46
1168.25	1.237932165376e-46
1168.375	1.24362353293369e-46
1168.5	1.57958092787044e-46
1168.625	1.5538056285027597e-46
1168.75	1.5307024408833597e-46
1168.875	1.4036235584144397e-46
1169.0	1.35029257203681e-46
1169.125	1.4851346329209999e-46
1169.25	1.4243954651841598e-46
1169.375	1.283543980096e-46
1169.5	1.4378415294600903e-46
1169.625	1.8985257369e-46
1169.75	1.6973639243726401e-46
1169.875	1.3914243109822499e-46
1170.0	1.4496855920352098e-46
1170.125	1.39828425558649e-46
1170.25	1.5587649847260098e-46
1170.375	1.3170892755540099e-46
1170.5	1.22190761244049e-46
1170.625	1.2789017879331598e-46
1170.75	1.54375133198841e-46
1170.875	1.27480742003169e-46
1171.0	1.16279752989481e-46
1171.125	1.45133028011689e-46
1171.25	1.5388134553166396e-46
1171.375	1.513802954689e-46
1171.5	1.3818369258433599e-46
1171.625	1.3795702865112099e-46
1171.75	1.6148962953244904e-46
1171.875	1.4936335124490001e-46
1172.0	1.5100637205622497e-46
1172.125	1.38562962210729e-46
1172.25	1.35227500957696e-46
1172.375	1.2937322183522499e-46
1172.5	1.4463670224999999e-46
1172.625	1.4091074075988899e-46
1172.75	1.5910424200440898e-46
1172.875	1.44391850211856e-46
1173.0	1.38231493181721e-46
1173.125	1.31575100243161e-46
1173.25	1.50837133606929e-46
1173.375	1.52231697444841e-46
1173.5	1.51973148852121e-46
1173.625	1.4511442785902498e-46
1173.75	1.37782968133801e-46
1173.875	1.377238379364e-46
1174.0	1.3652950325305597e-46
1174.125	1.2880552095950397e-46
1174.25	1.3758780922708899e-46
1174.375	1.7531738111800898e-46
1174.5	1.8269155512633596e-46
1174.625	1.4711412074172105e-46
1174.75	1.2084996253968397e-46
1174.875	1.4507605074150406e-46
1175.0	1.5466528860249995e-46
1175.125	1.45183485722521e-46
1175.25	1.4335004706054397e-46
1175.375	1.23150622155625e-46
1175.5	1.3584452621569598e-46
1175.625	1.4991761748722497e-46
1175.75	1.48973278222521e-46
1175.875	1.51356033603856e-46
1176.0	1.4819157017281597e-46
1176.125	1.41403919430244e-46
1176.25	1.4395293984552098e-46
1176.375	1.5207070157302496e-46
1176.5	1.38165942868801e-46
1176.625	1.3335868289860898e-46
1176.75	1.4914256721123598e-46
1176.875	1.6773352963520398e-46
1177.0	1.51712553637225e-46
1177.125	1.29132859504896e-46
1177.25	1.5175012331609999e-46
1177.375	1.4963019080496396e-46
1177.5	1.50070732112896e-46
1177.625	1.5494150100249997e-46
1177.75	1.59448856817636e-46
1177.875	1.5861127924540897e-46
1178.0	1.42642582096249e-46
1178.125	1.1975837563588897e-46
1178.25	1.3843541447616396e-46
1178.375	1.3223919022090001e-46
1178.5	1.4207598211096902e-46
1178.625	1.3678507111522498e-46
1178.75	1.41058283225616e-46
1178.875	1.73515968122116e-46
1179.0	1.64187217365136e-46
1179.125	1.1939139612976902e-46
1179.25	1.20043117303561e-46
1179.375	1.4123546936800896e-46
1179.5	1.3976694280224896e-46
1179.625	1.46152915354384e-46
1179.75	1.356903479044e-46
1179.875	1.47587121319936e-46
1180.0	1.4504338721281601e-46
1180.125	1.28329678536361e-46
1180.25	1.2538582025156097e-46
1180.375	1.27538308677796e-46
1180.5	1.3601040752249996e-46
1180.625	1.54624599214596e-46
1180.75	1.5637242397081595e-46
1180.875	1.71017135331904e-46
1181.0	1.7401247992164101e-46
1181.125	1.81349665691769e-46
1181.25	1.70447490246916e-46
1181.375	1.5357356055039999e-46
1181.5	1.3729982968500096e-46
1181.625	1.48156464178116e-46
1181.75	1.62065655711001e-46
1181.875	1.43770243718929e-46
1182.0	1.7544674058816098e-46
1182.125	1.6325908863494396e-46
1182.25	1.3441081897062396e-46
1182.375	1.2911517824899599e-46
1182.5	1.415654974969e-46
1182.625	1.5659764315440396e-46
1182.75	1.3884872766128099e-46
1182.875	1.55195410485025e-46
1183.0	1.43641279681936e-46
1183.125	1.64780019668889e-46
1183.25	1.3484093608260904e-46
1183.375	1.5691052159044898e-46
1183.5	1.62096872402529e-46
1183.625	1.61926922952601e-46
1183.75	1.61309507789824e-46
1183.875	1.5384549748180902e-46
1184.0	1.2371585675416902e-46
1184.125	1.2956645119107598e-46
1184.25	1.4803579166401599e-46
1184.375	1.432026268929e-46
1184.5	1.3086392193892899e-46
1184.625	1.177912990489e-46
1184.75	1.29454810708041e-46
1184.875	1.5653422914049604e-46
1185.0	1.7941648788673597e-46
1185.125	1.4604468716102499e-46
1185.25	1.51866532615396e-46
1185.375	1.63547497067761e-46
1185.5	1.52266098348225e-46
1185.625	1.4384097193038399e-46
1185.75	1.53734109889936e-46
1185.875	1.4470557418576899e-46
1186.0	1.1863148150886399e-46
1186.125	1.24255586706001e-46
1186.25	1.17711520056036e-46
1186.375	1.42980490928025e-46
1186.5	1.6706074333920399e-46
1186.625	1.4176283721639997e-46
1186.75	1.3850679536988098e-46
1186.875	1.5409031480934396e-46
1187.0	1.5831877778544099e-46
1187.125	1.48130149582129e-46
1187.25	1.32372365291761e-46
1187.375	1.5671088937008399e-46
1187.5	1.5191250242784099e-46
1187.625	1.401394278025e-46
1187.75	1.36791831206416e-46
1187.875	1.5554110587854396e-46
1188.0	1.446665295076e-46
1188.125	1.6621864484156099e-46
1188.25	1.7045117193302496e-46
1188.375	1.5486595358522497e-46
1188.5	1.4341861201400096e-46
1188.625	1.6302966364624902e-46
1188.75	1.63841843205184e-46
1188.875	1.5945810013958402e-46
1189.0	1.4356216531804896e-46
1189.125	1.3551441761635597e-46
1189.25	1.5549017598489997e-46
1189.375	1.41235540673536e-46
1189.5	1.56165536417641e-46
1189.625	1.6165055107096901e-46
1189.75	1.68563586105616e-46
1189.875	1.7185469036089602e-46
1190.0	1.60236989325625e-46
1190.125	1.33809207813649e-46
1190.25	1.2145256638470398e-46
1190.375	1.26246819593521e-46
1190.5	1.3212348427200402e-46
1190.625	1.4477689303492896e-46
1190.75	1.69373462094736e-46
1190.875	1.5747549355777602e-46
1191.0	1.4396280240249996e-46
1191.125	1.3550242758360098e-46
1191.25	1.3664555582340102e-46
1191.375	1.5139611840196898e-46
1191.5	1.3839211950432396e-46
1191.625	1.35613803971556e-46
1191.75	1.4772336222249993e-46
1191.875	1.64485601137636e-46
1192.0	1.7346610044640901e-46
1192.125	1.5662690201448899e-46
1192.25	1.21963663088656e-46
1192.375	1.28086055235121e-46
1192.5	1.43728136436889e-46
1192.625	1.47005658418921e-46
1192.75	1.48857690525625e-46
1192.875	1.40680687870321e-46
1193.0	1.3910973488144102e-46
1193.125	1.40390151363225e-46
1193.25	1.69948585363489e-46
1193.375	1.81752325218025e-46
1193.5	1.6056382041888398e-46
1193.625	1.25358969889924e-46
1193.75	1.27277476919824e-46
1193.875	1.3262703133716098e-46
1194.0	1.4318675944848902e-46
1194.125	1.69387231563225e-46
1194.25	1.63377069865216e-46
1194.375	1.3481541388801596e-46
1194.5	1.1751667874112101e-46
1194.625	1.5482135565472896e-46
1194.75	1.5589862276796897e-46
1194.875	1.4997139833096096e-46
1195.0	1.40952623288409e-46
1195.125	1.5479739189760004e-46
1195.25	1.6354360936588897e-46
1195.375	1.5082824187622504e-46
1195.5	1.441661278864e-46
1195.625	1.7182831538890003e-46
1195.75	1.3753228603705599e-46
1195.875	1.14570949103524e-46
1196.0	1.5197650201562504e-46
1196.125	1.5689731904995599e-46
1196.25	1.4782846569172897e-46
1196.375	1.74166167023209e-46
1196.5	1.3298670110419598e-46
1196.625	1.1582389414680099e-46
1196.75	1.3749438563999998e-46
1196.875	1.45050685602601e-46
1197.0	1.6431053254668898e-46
1197.125	1.47780200494144e-46
1197.25	1.4901563418241597e-46
1197.375	1.5135768216800098e-46
1197.5	1.39695592465521e-46
1197.625	1.4877512747028099e-46
1197.75	1.5293559042436897e-46
1197.875	1.5268981425998397e-46
1198.0	1.58043039681289e-46
1198.125	1.58630901455376e-46
1198.25	1.7538748463923598e-46
1198.375	1.7532903316896897e-46
1198.5	1.7018527897806398e-46
1198.625	1.5225403044387599e-46
1198.75	1.6745131232880397e-46
1198.875	1.72658102043249e-46
1199.0	1.63928178261136e-46
1199.125	1.6941214296896397e-46
1199.25	1.5785650829721603e-46
1199.375	1.37751957821284e-46
1199.5	1.44891607890649e-46
1199.625	1.87396605946944e-46
1199.75	1.8939729558456098e-46
1199.875	1.8162823521030398e-46
1200.0	1.2703458440544398e-46
1200.125	1.41370887222601e-46
1200.25	1.5318624264664902e-46
1200.375	1.6551825985209999e-46
1200.5	1.61570919213025e-46
1200.625	1.5698185497759997e-46
1200.75	1.36555911689796e-46
1200.875	1.33550172944881e-46
1201.0	1.39578251576976e-46
1201.125	1.0919102620140099e-46
1201.25	1.3033154036865598e-46
1201.375	1.3051613850195599e-46
1201.5	1.2812200217180098e-46
1201.625	1.35595894039225e-46
1201.75	1.6772060458860097e-46
1201.875	1.3585886253420098e-46
1202.0	1.3657131389512898e-46
1202.125	1.26417506550916e-46
1202.25	1.5237542227393598e-46
1202.375	1.3663367949968099e-46
1202.5	1.531720591129e-46
1202.625	1.70746201526121e-46
1202.75	1.418895498276e-46
1202.875	1.4761178389448099e-46
1203.0	1.6450630165200097e-46
1203.125	1.7911395015571598e-46
1203.25	1.7481036279856897e-46
1203.375	1.47998562997156e-46
1203.5	1.4784261849302496e-46
1203.625	1.45256416704169e-46
1203.75	1.3761680677836098e-46
1203.875	1.51343460521929e-46
1204.0	1.50020754903616e-46
1204.125	1.5906605015532101e-46
1204.25	1.48276747487236e-46
1204.375	1.38793681031329e-46
1204.5	1.48928023810449e-46
1204.625	1.4655487282022496e-46
1204.75	1.4555710673702497e-46
1204.875	1.64635407847089e-46
1205.0	1.5169947308995598e-46
1205.125	1.17349707499249e-46
1205.25	1.4033626894232099e-46
1205.375	1.6898635027562499e-46
1205.5	1.48475346022116e-46
1205.625	1.24068677286544e-46
1205.75	1.2842555625e-46
1205.875	1.466356308624e-46
1206.0	1.3958706520180899e-46
1206.125	1.2505852726384898e-46
1206.25	1.3370516597902499e-46
1206.375	1.4735502966414402e-46
1206.5	1.6134491947424397e-46
1206.625	1.4818572700033597e-46
1206.75	1.55603071017216e-46
1206.875	1.5113815771827598e-46
1207.0	1.76579873648896e-46
1207.125	1.59554564883081e-46
1207.25	1.4092040358010004e-46
1207.375	1.51502667884164e-46
1207.5	1.3902824696857598e-46
1207.625	1.1833599671522499e-46
1207.75	1.5022718515840004e-46
1207.875	1.59598348634176e-46
1208.0	1.34803687029001e-46
1208.125	1.359273842641e-46
1208.25	1.279647376225e-46
1208.375	1.3824863569472401e-46
1208.5	1.3284293611400102e-46
1208.625	1.4351460173856397e-46
1208.75	1.6846295533158397e-46
1208.875	1.6859560420696898e-46
1209.0	1.6057046028959996e-46
1209.125	1.59838571281984e-46
1209.25	1.438505188129e-46
1209.375	1.5842272611888097e-46
1209.5	1.7370905229612897e-46
1209.625	1.70086017140209e-46
1209.75	1.5942529513512901e-46
1209.875	1.2924656661955599e-46
1210.0	1.4870102565580894e-46
1210.125	1.3880235203648098e-46
1210.25	1.4796610731342402e-46
1210.375	1.47043198542769e-46
1210.5	1.4920600513008097e-46
1210.625	1.50873219038116e-46
1210.75	1.6030322531028096e-46
1210.875	1.7945455748422504e-46
1211.0	1.64817633249424e-46
1211.125	1.6489210282502397e-46
1211.25	1.7240708903054399e-46
1211.375	1.65815892810304e-46
1211.5	1.5075773138233602e-46
1211.625	1.4852445581772099e-46
1211.75	1.55513669542144e-46
1211.875	1.7758315551708897e-46
1212.0	1.6817016518593597e-46
1212.125	1.63748851080721e-46
1212.25	1.7236672858020097e-46
1212.375	1.6132855950432401e-46
1212.5	1.6614021563252094e-46
1212.625	1.6571829987824398e-46
1212.75	1.38792031686009e-46
1212.875	1.3661839066176898e-46
1213.0	1.4278146877439999e-46
1213.125	1.3876060174956103e-46
1213.25	1.41656318586916e-46
1213.375	1.4072894210392898e-46
1213.5	1.67545789826704e-46
1213.625	1.83579221837881e-46
1213.75	1.45432408535296e-46
1213.875	1.28577547353616e-46
1214.0	1.29167975613681e-46
1214.125	1.4124754402712098e-46
1214.25	1.5053047127539597e-46
1214.375	1.4542961073639998e-46
1214.5	1.5954936075122495e-46
1214.625	1.327189249369e-46
1214.75	1.4686633142096399e-46
1214.875	1.6071066456324101e-46
1215.0	1.5932306316097597e-46
1215.125	1.35709615405809e-46
1215.25	1.3129431180712898e-46
1215.375	1.39966834854564e-46
1215.5	1.3410093939841601e-46
1215.625	1.3787148761316097e-46
1215.75	1.3252939040388098e-46
1215.875	1.3152949701416099e-46
1216.0	1.4638909194649596e-46
1216.125	1.3590059368488097e-46
1216.25	1.3831319419956897e-46
1216.375	1.4633208636840002e-46
1216.5	1.5779429702440001e-46
1216.625	1.58237958257289e-46
1216.75	1.36733007637521e-46
1216.875	1.38414683810529e-46
1217.0	1.5835481605592096e-46
1217.125	1.5778846848654399e-46
1217.25	1.4873004951304898e-46
1217.375	1.38802163533489e-46
1217.5	1.5834351590544396e-46
1217.625	1.4285097331278399e-46
1217.75	1.72675342078801e-46
1217.875	1.6717851264100901e-46
1218.0	1.62206663937444e-46
1218.125	1.63807924770009e-46
1218.25	1.51001382980644e-46
1218.375	1.54658548120041e-46
1218.5	1.76824915787809e-46
1218.625	1.50784106418724e-46
1218.75	1.5444365103129602e-46
1218.875	1.5127214092707599e-46
1219.0	1.47455800487044e-46
1219.125	1.2673884888722499e-46
1219.25	1.4724363909120099e-46
1219.375	1.4666341095808903e-46
1219.5	1.504191867025e-46
1219.625	1.41025077658404e-46
1219.75	1.4776340070520899e-46
1219.875	1.5403125793048899e-46
1220.0	1.4954611749902499e-46
1220.125	1.5131123054476898e-46
1220.25	1.64173763406961e-46
1220.375	1.5537313369537602e-46
1220.5	1.5703257743769598e-46
1220.625	1.6900031200014398e-46
1220.75	1.8242022072780906e-46
1220.875	1.7282596617624099e-46
1221.0	1.5430827027974394e-46
1221.125	1.6122762363193599e-46
1221.25	1.7427403126152104e-46
1221.375	1.5111332520985597e-46
1221.5	1.64428636558729e-46
1221.625	1.7393951286376898e-46
1221.75	1.59714822935889e-46
1221.875	1.4186344049473595e-46
1222.0	1.4927409925728396e-46
1222.125	1.4891089043902501e-46
1222.25	1.40914206991441e-46
1222.375	1.4541087100144898e-46
1222.5	1.5744678292839996e-46
1222.625	1.66383556050625e-46
1222.75	1.85197151168656e-46
1222.875	1.7568113403457606e-46
1223.0	1.5825000942451597e-46
1223.125	1.7751125552222504e-46
1223.25	1.65754913173056e-46
1223.375	1.29346425525249e-46
1223.5	1.4181334874868097e-46
1223.625	1.63416440501136e-46
1223.75	1.6279937922979596e-46
1223.875	1.5340390481068899e-46
1224.0	1.4566136445062502e-46
1224.125	1.6865071466048097e-46
1224.25	1.4614302641536901e-46
1224.375	1.5438609204839998e-46
1224.5	1.68371411591601e-46
1224.625	1.76810102624016e-46
1224.75	1.58365411886224e-46
1224.875	1.4610659255193598e-46
1225.0	1.4123542183100098e-46
1225.125	1.6325019576359998e-46
1225.25	1.7156017121760399e-46
1225.375	1.81891724252176e-46
1225.5	1.73033372266225e-46
1225.625	1.78426519654321e-46
1225.75	1.57296270651961e-46
1225.875	1.26120850965316e-46
1226.0	1.48650326066176e-46
1226.125	1.51353794523649e-46
1226.25	1.1354242938564099e-46
1226.375	1.4377156266848406e-46
1226.5	1.6050396640825598e-46
1226.625	1.80585434251264e-46
1226.75	1.58214762939025e-46
1226.875	1.22516097552601e-46
1227.0	1.1007354466083599e-46
1227.125	1.04451936149929e-46
1227.25	1.2510196564020096e-46
1227.375	1.5061597440489999e-46
1227.5	1.7907776341603597e-46
1227.625	1.8510579351888097e-46
1227.75	1.527881405625e-46
1227.875	1.6542597641080897e-46
1228.0	1.7703143385985594e-46
1228.125	1.6665937295424397e-46
1228.25	1.4545020895507603e-46
1228.375	1.42145219366089e-46
1228.5	1.4561854669700099e-46
1228.625	1.4225919714451599e-46
1228.75	1.8257944074241597e-46
1228.875	1.67865787427809e-46
1229.0	1.4935012795032096e-46
1229.125	1.53825578190736e-46
1229.25	1.69096447756681e-46
1229.375	1.4939400416385597e-46
1229.5	1.37191347062641e-46
1229.625	1.4695854604131599e-46
1229.75	1.42606682774416e-46
1229.875	1.4224734170900099e-46
1230.0	1.7280048952959997e-46
1230.125	1.7479505253606397e-46
1230.25	1.70601502225401e-46
1230.375	1.79456218600129e-46
1230.5	1.761417369856e-46
1230.625	1.6923772353960002e-46
1230.75	1.5522882395539599e-46
1230.875	1.53608608483236e-46
1231.0	1.58962193536441e-46
1231.125	1.53353672796025e-46
1231.25	1.4006533140639998e-46
1231.375	1.4401101621068106e-46
1231.5	1.57087569437764e-46
1231.625	1.50810827616036e-46
1231.75	1.5679527489126404e-46
1231.875	1.4968582866745601e-46
1232.0	1.3907430652252897e-46
1232.125	1.29100838685025e-46
1232.25	1.3421936145486398e-46
1232.375	1.4636003126422499e-46
1232.5	1.3989117555359999e-46
1232.625	1.4489148751974398e-46
1232.75	1.5975521600376096e-46
1232.875	1.56866481883225e-46
1233.0	1.5939956362531596e-46
1233.125	1.70570992040089e-46
1233.25	1.6409599752001598e-46
1233.375	1.7050034322608404e-46
1233.5	1.7489366871916899e-46
1233.625	1.7723626188612096e-46
1233.75	1.6615166174028895e-46
1233.875	1.5253443033328902e-46
1234.0	1.4621099846707597e-46
1234.125	1.39997194225681e-46
1234.25	1.4601868162476098e-46
1234.375	1.6280080827296397e-46
1234.5	1.81839911948809e-46
1234.625	1.6784060131956102e-46
1234.75	1.52135597874276e-46
1234.875	1.6404063738722497e-46
1235.0	1.6107851277224097e-46
1235.125	1.50562838864025e-46
1235.25	1.5563345939859597e-46
1235.375	1.6770711023168398e-46
1235.5	1.61673818870404e-46
1235.625	1.30281427699921e-46
1235.75	1.3358230164396098e-46
1235.875	1.5985935660249997e-46
1236.0	1.7449807629198396e-46
1236.125	1.84062810650625e-46
1236.25	1.62988322489344e-46
1236.375	1.4419744363417599e-46
1236.5	1.3727325567868899e-46
1236.625	1.4729130686776898e-46
1236.75	1.6459712227068099e-46
1236.875	1.69441013336401e-46
1237.0	1.55570615112025e-46
1237.125	1.6340728768339598e-46
1237.25	1.6501714681e-46
1237.375	1.461214363249e-46
1237.5	1.4505511771768899e-46
1237.625	1.6424067987216396e-46
1237.75	1.74477390402121e-46
1237.875	1.858428750564e-46
1238.0	1.8756729546144096e-46
1238.125	1.60964764721721e-46
1238.25	1.8525433940748904e-46
1238.375	1.8147813298992397e-46
1238.5	1.4136173211009602e-46
1238.625	1.4954345160961602e-46
1238.75	1.4618524412268102e-46
1238.875	1.66784155276036e-46
1239.0	1.689391654756e-46
1239.125	1.7388164604356096e-46
1239.25	1.5558605681539598e-46
1239.375	1.49160739807044e-46
1239.5	1.63286918754129e-46
1239.625	1.7232960218896896e-46
1239.75	1.6496771948857598e-46
1239.875	1.61204260997376e-46
1240.0	1.62693621929881e-46
1240.125	1.5689466357759996e-46
1240.25	1.5313837275828099e-46
1240.375	1.5863500741152097e-46
1240.5	1.7724936213100895e-46
1240.625	1.6681840627240001e-46
1240.75	1.40571565138944e-46
1240.875	1.6557886138502497e-46
1241.0	1.9290398766414396e-46
1241.125	1.73901347111556e-46
1241.25	1.6348910967379598e-46
1241.375	1.5787849623084098e-46
1241.5	1.5815547417614397e-46
1241.625	1.7137404536208099e-46
1241.75	1.8721296809124096e-46
1241.875	1.6058470352880397e-46
1242.0	1.4502488914638401e-46
1242.125	1.52529366677284e-46
1242.25	1.5960170908944899e-46
1242.375	1.3517443261411599e-46
1242.5	1.5426670877222499e-46
1242.625	1.53681294874276e-46
1242.75	1.81056589098529e-46
1242.875	1.89259808951929e-46
1243.0	1.65003890107456e-46
1243.125	1.35846647476929e-46
1243.25	1.80192661099396e-46
1243.375	1.6390861518239997e-46
1243.5	1.65633193460736e-46
1243.625	1.6787244703359999e-46
1243.75	1.6545018320953596e-46
1243.875	1.83236236644484e-46
1244.0	1.7204606125668897e-46
1244.125	1.5543509030432104e-46
1244.25	1.4015739853848099e-46
1244.375	1.6726287699022498e-46
1244.5	1.87286751825625e-46
1244.625	1.54854056857369e-46
1244.75	1.55966553663649e-46
1244.875	1.5954986600302499e-46
1245.0	1.41190193993104e-46
1245.125	1.6857633585302497e-46
1245.25	1.4113506528078399e-46
1245.375	1.4156204706022497e-46
1245.5	1.6021969831526399e-46
1245.625	1.2592186026308096e-46
1245.75	1.5259559605568097e-46
1245.875	1.64034438453649e-46
1246.0	1.86697845442564e-46
1246.125	1.83209949747049e-46
1246.25	1.71901520098884e-46
1246.375	1.4367692541396098e-46
1246.5	1.69912632782916e-46
1246.625	1.6171814675402496e-46
1246.75	1.7357991355072896e-46
1246.875	1.8739249918304398e-46
1247.0	1.8797542463056906e-46
1247.125	1.6660691221690002e-46
1247.25	1.33153690522176e-46
1247.375	1.35515046234649e-46
1247.5	1.5898241744532899e-46
1247.625	1.6718678778532899e-46
1247.75	1.8538448166640897e-46
1247.875	1.75494746038249e-46
1248.0	1.5861397439361601e-46
1248.125	1.6709042091171597e-46
1248.25	1.4954073682922499e-46
1248.375	1.59857940528036e-46
1248.5	1.6692151627572105e-46
1248.625	1.6712372083795602e-46
1248.75	1.4831196515559998e-46
1248.875	1.4519035385401602e-46
1249.0	1.480463528049e-46
1249.125	1.5002352303128098e-46
1249.25	1.3985765825644898e-46
1249.375	1.6077327052959997e-46
1249.5	1.8884531241e-46
1249.625	1.68442111175625e-46
1249.75	1.653731700625e-46
1249.875	1.4432245231118402e-46
1250.0	1.3985075187420098e-46
1250.125	1.59164313889156e-46
1250.25	1.8723767964432397e-46
1250.375	1.64705447072644e-46
1250.5	1.4048706622017598e-46
1250.625	1.6495300062040899e-46
1250.75	1.62484071461776e-46
1250.875	1.59310996447716e-46
1251.0	1.7620340335056897e-46
1251.125	1.59939653225625e-46
1251.25	1.4917532265022497e-46
1251.375	1.3911600961502504e-46
1251.5	1.8023886804424903e-46
1251.625	1.7850106306404097e-46
1251.75	1.7824466168890002e-46
1251.875	1.44736154441956e-46
1252.0	1.31403830848801e-46
1252.125	1.2683057180046398e-46
1252.25	1.6003221534745601e-46
1252.375	1.7090526380947598e-46
1252.5	1.5332038747212098e-46
1252.625	1.7372423584160099e-46
1252.75	1.7236570453134398e-46
1252.875	1.68429236724841e-46
1253.0	1.71436835505321e-46
1253.125	1.9060599495616897e-46
1253.25	1.9554646666684898e-46
1253.375	1.79395994666641e-46
1253.5	1.72796493363264e-46
1253.625	1.57025509884324e-46
1253.75	1.6679825820159996e-46
1253.875	1.7079044921712397e-46
1254.0	1.58319281085001e-46
1254.125	1.7254771789056398e-46
1254.25	1.7645846571028902e-46
1254.375	1.72680072726841e-46
1254.5	1.4885493317454399e-46
1254.625	1.59355403196025e-46
1254.75	1.7477953141724096e-46
1254.875	1.85051267256025e-46
1255.0	1.9096699968456094e-46
1255.125	1.8959571542937598e-46
1255.25	1.96977351359044e-46
1255.375	1.7181688511523599e-46
1255.5	1.38593686946724e-46
1255.625	1.4964775696360001e-46
1255.75	1.3096232079112899e-46
1255.875	1.15455863111521e-46
1256.0	1.37214773804641e-46
1256.125	1.5831389582122499e-46
1256.25	1.6021043294547596e-46
1256.375	1.66169991801636e-46
1256.5	1.7839000173798403e-46
1256.625	1.4174443048860903e-46
1256.75	1.7048715532732894e-46
1256.875	1.83701862039556e-46
1257.0	1.8156988469536904e-46
1257.125	1.7045239917056398e-46
1257.25	1.4896641883239996e-46
1257.375	1.3891679697220896e-46
1257.5	1.4357608844097601e-46
1257.625	1.50333224492025e-46
1257.75	1.57760256870225e-46
1257.875	1.81484141276025e-46
1258.0	1.7388718438364104e-46
1258.125	1.6945202585587601e-46
1258.25	1.5104149453123601e-46
1258.375	1.4562709043602494e-46
1258.5	1.31962127825529e-46
1258.625	1.5384467885539601e-46
1258.75	1.70760209625625e-46
1258.875	1.6680895202611599e-46
1259.0	1.63021619712064e-46
1259.125	1.74262308714025e-46
1259.25	1.6177011195654394e-46
1259.375	1.914279780625e-46
1259.5	1.7392471555470403e-46
1259.625	1.644998630625e-46
1259.75	1.8151307943704098e-46
1259.875	1.7634740433139604e-46
1260.0	1.7083462421838399e-46
1260.125	1.7239571830202495e-46
1260.25	1.53224192397376e-46
1260.375	1.52705483048836e-46
1260.5	1.57893825867561e-46
1260.625	1.5336194515572103e-46
1260.75	1.4018631040089998e-46
1260.875	1.4540821811208899e-46
1261.0	1.4301689170708898e-46
1261.125	1.56222451214404e-46
1261.25	1.7443287894841604e-46
1261.375	1.7682582002256893e-46
1261.5	1.5120049384232102e-46
1261.625	1.21695580791184e-46
1261.75	1.4550817640632896e-46
1261.875	2.03990891721444e-46
1262.0	1.77365315072449e-46
1262.125	1.3966498218403598e-46
1262.25	1.7576077595039994e-46
1262.375	1.99117752806281e-46
1262.5	1.83320659843216e-46
1262.625	1.67528445385284e-46
1262.75	1.43763313337956e-46
1262.875	1.5745448735956898e-46
1263.0	1.82775582380304e-46
1263.125	1.6120156932432402e-46
1263.25	1.7130252365108098e-46
1263.375	1.814465843845209e-46
1263.5	1.6619105586312098e-46
1263.625	1.4983762530912397e-46
1263.75	1.6343400542516099e-46
1263.875	1.7302908401870398e-46
1264.0	1.7330040053832096e-46
1264.125	1.34801063068996e-46
1264.25	1.4583764965827597e-46
1264.375	1.5136809047427594e-46
1264.5	1.54690212252304e-46
1264.625	1.6529316637632104e-46
1264.75	1.57421161404081e-46
1264.875	1.61254365768409e-46
1265.0	1.6083733445155599e-46
1265.125	1.4597170351562499e-46
1265.25	1.57379258017921e-46
1265.375	1.89843782981161e-46
1265.5	1.9172057754239998e-46
1265.625	1.8744479533830397e-46
1265.75	1.6033634843520102e-46
1265.875	1.5705200149752096e-46
1266.0	1.4570254687436099e-46
1266.125	1.4400916814592402e-46
1266.25	1.6566266674200097e-46
1266.375	1.5017862795812096e-46
1266.5	1.50722740132561e-46
1266.625	1.6093875703489598e-46
1266.75	1.68270085834816e-46
1266.875	1.4721381424889999e-46
1267.0	1.5891718608769597e-46
1267.125	1.5494889493540896e-46
1267.25	1.58871756460356e-46
1267.375	1.4852136032035597e-46
1267.5	1.49729631796836e-46
1267.625	1.47699249372964e-46
1267.75	1.8003290215795602e-46
1267.875	1.79933705839969e-46
1268.0	1.6908297618248097e-46
1268.125	1.6147892969409599e-46
1268.25	1.4964484550948099e-46
1268.375	1.4650843794048901e-46
1268.5	1.73765493096196e-46
1268.625	1.64930217210256e-46
1268.75	1.6134400491987602e-46
1268.875	1.7628863378112893e-46
1269.0	1.6628757572451599e-46
1269.125	1.6544840815562496e-46
1269.25	1.65840617479744e-46
1269.375	1.53097859985984e-46
1269.5	1.6482320504580098e-46
1269.625	1.82990334321664e-46
1269.75	1.60986765059136e-46
1269.875	1.6730222153529594e-46
1270.0	1.8467304258691603e-46
1270.125	1.59679413690624e-46
1270.25	2.0121388456014398e-46
1270.375	1.4965695636609605e-46
1270.5	1.35750997395729e-46
1270.625	1.52452211899716e-46
1270.75	1.63559083716484e-46
1270.875	1.5804507627360398e-46
1271.0	1.63777695524356e-46
1271.125	1.76575089880336e-46
1271.25	1.6003036839672098e-46
1271.375	1.4335258532403598e-46
1271.5	1.7912208732249994e-46
1271.625	1.7496046001664397e-46
1271.75	1.7460070488633599e-46
1271.875	1.9399322314102497e-46
1272.0	1.6339235738000402e-46
1272.125	1.6589483792028901e-46
1272.25	1.56370223116864e-46
1272.375	1.7189265709465597e-46
1272.5	1.7601596894420106e-46
1272.625	1.7887773173232397e-46
1272.75	1.60796982330625e-46
1272.875	1.69154683378704e-46
1273.0	1.606652581444e-46
1273.125	1.6455468488476898e-46
1273.25	1.7540403927236106e-46
1273.375	2.057632458025e-46
1273.5	1.7350811737350403e-46
1273.625	1.3359735029862399e-46
1273.75	1.32052641685056e-46
1273.875	1.6361515559379598e-46
1274.0	1.5661934300522497e-46
1274.125	1.5175147837502502e-46
1274.25	1.6271512780825598e-46
1274.375	1.71863159096281e-46
1274.5	1.7018293079472398e-46
1274.625	1.58315078558224e-46
1274.75	1.7291918621587604e-46
1274.875	1.7486917736372096e-46
1275.0	1.52865058827321e-46
1275.125	1.872389932609e-46
1275.25	1.8017507663076094e-46
1275.375	1.6623442573524901e-46
1275.5	1.84681250703504e-46
1275.625	1.88696542262596e-46
1275.75	1.8249961941456402e-46
1275.875	1.4937633068552098e-46
1276.0	1.5052470486020102e-46
1276.125	1.6577108404494399e-46
1276.25	1.5153341643188096e-46
1276.375	1.4622555732537599e-46
1276.5	1.8734888812702497e-46
1276.625	1.8122372086809598e-46
1276.75	1.6112641469936401e-46
1276.875	1.6184948755206399e-46
1277.0	1.5872651096624099e-46
1277.125	1.6818754281379598e-46
1277.25	1.7454843557568401e-46
1277.375	1.90684973530129e-46
1277.5	1.6058353768833598e-46
1277.625	1.6958425609230398e-46
1277.75	1.7034554161920098e-46
1277.875	1.97816883138121e-46
1278.0	1.9912675566798403e-46
1278.125	2.0870615851555597e-46
1278.25	1.9529657227102487e-46
1278.375	1.5841683564062502e-46
1278.5	1.8094990090464398e-46
1278.625	1.9506345744614398e-46
1278.75	1.82674551961225e-46
1278.875	1.74125495618244e-46
1279.0	1.52792417411929e-46
1279.125	1.6040217434000402e-46
1279.25	1.6950618245811599e-46
1279.375	1.7588096228814406e-46
1279.5	1.7969533869240098e-46
1279.625	1.8136547584e-46
1279.75	1.89390001705216e-46
1279.875	1.7346467801880094e-46
1280.0	1.678483486969e-46
1280.125	1.95004914221056e-46
1280.25	2.0639278810612896e-46
1280.375	1.91922343788816e-46
1280.5	1.79238999192289e-46
1280.625	1.64390708392036e-46
1280.75	1.846606492201e-46
1280.875	1.7320860444387598e-46
1281.0	1.80233256309604e-46
1281.125	1.9611756162320404e-46
1281.25	1.78768505348356e-46
1281.375	1.67901315490276e-46
1281.5	1.9678158562899597e-46
1281.625	1.9285235186264094e-46
1281.75	1.7249176416654398e-46
1281.875	1.6222795929187598e-46
1282.0	1.5963796888326397e-46
1282.125	1.8262725002122504e-46
1282.25	1.50341856391609e-46
1282.375	1.3005208270544396e-46
1282.5	1.5010368732576102e-46
1282.625	1.61345300539329e-46
1282.75	1.61494001064841e-46
1282.875	1.618910148496e-46
1283.0	1.7380994569000001e-46
1283.125	1.7935929731508102e-46
1283.25	1.7824207163728902e-46
1283.375	1.5691756150227596e-46
1283.5	1.34675723270169e-46
1283.625	1.49929690398084e-46
1283.75	1.6331140304222502e-46
1283.875	1.64970005724225e-46
1284.0	1.7393669051203602e-46
1284.125	1.7100139056249998e-46
1284.25	1.83509369112969e-46
1284.375	1.5200239165562496e-46
1284.5	1.4647846980324094e-46
1284.625	1.6595494152249992e-46
1284.75	1.8083388460760102e-46
1284.875	1.7574799597200396e-46
1285.0	1.6457597986608899e-46
1285.125	1.7749982428483598e-46
1285.25	1.73990292729444e-46
1285.375	1.7402445789988898e-46
1285.5	1.83214687205124e-46
1285.625	1.74930620585956e-46
1285.75	1.6035141704403599e-46
1285.875	1.624854991204e-46
1286.0	1.68639780155044e-46
1286.125	1.3681681458438399e-46
1286.25	1.506562311241e-46
1286.375	1.39750864927129e-46
1286.5	1.4442201274004098e-46
1286.625	1.5360461767528899e-46
1286.75	1.6202680455062496e-46
1286.875	1.7225809133236898e-46
1287.0	1.68909947999296e-46
1287.125	1.6260044621414397e-46
1287.25	1.4134839233400896e-46
1287.375	1.7001236557664096e-46
1287.5	1.63809691001856e-46
1287.625	1.67548766947969e-46
1287.75	1.87923767343841e-46
1287.875	1.7984912749465596e-46
1288.0	1.8103234269027597e-46
1288.125	1.82583035004241e-46
1288.25	1.7220530778080398e-46
1288.375	1.67167238086489e-46
1288.5	1.6052705018532899e-46
1288.625	1.64705498407696e-46
1288.75	1.85860924818724e-46
1288.875	1.65588563806884e-46
1289.0	1.6587428204996096e-46
1289.125	1.63204687475281e-46
1289.25	1.77104061722025e-46
1289.375	1.74497019511824e-46
1289.5	1.7279594126496897e-46
1289.625	1.75350616968004e-46
1289.75	1.6107861430562496e-46
1289.875	1.6080694941702399e-46
1290.0	1.5926869082889998e-46
1290.125	1.4387210840890001e-46
1290.25	1.4067172118112102e-46
1290.375	1.6730985299856099e-46
1290.5	1.87822995751609e-46
1290.625	1.8493826783840093e-46
1290.75	1.7137671593464899e-46
1290.875	1.6156504675897599e-46
1291.0	1.5331612800392097e-46
1291.125	1.76408362898161e-46
1291.25	1.83279258096489e-46
1291.375	1.8898220852640003e-46
1291.5	1.80406320497764e-46
1291.625	1.7489943475202495e-46
1291.75	1.52096870555536e-46
1291.875	1.7801819678371598e-46
1292.0	1.7567591180984096e-46
1292.125	1.7429251355612096e-46
1292.25	1.6768048572250004e-46
1292.375	1.3354081243219601e-46
1292.5	1.6934238523824404e-46
1292.625	1.81606484061025e-46
1292.75	1.69940633232384e-46
1292.875	2.0915679076051597e-46
1293.0	2.04995273334336e-46
1293.125	1.5263147115692103e-46
1293.25	1.24746650352016e-46
1293.375	1.42599684963121e-46
1293.5	1.56135221086464e-46
1293.625	1.6178252582937599e-46
1293.75	1.613883129769e-46
1293.875	1.5359202590062499e-46
1294.0	1.5087545456076901e-46
1294.125	1.9650037094388104e-46
1294.25	1.8096477885922496e-46
1294.375	1.7434418997091596e-46
1294.5	1.62886664442436e-46
1294.625	2.00050897284225e-46
1294.75	1.7721938139012897e-46
1294.875	1.83040497328516e-46
1295.0	2.04884498281369e-46
1295.125	1.88757565554649e-46
1295.25	1.7340923422803601e-46
1295.375	2.0458316080804903e-46
1295.5	1.98736010085376e-46
1295.625	1.9268746357848097e-46
1295.75	2.0343462382860098e-46
1295.875	1.9629363389328903e-46
1296.0	2.1756400450260097e-46
1296.125	1.94041974711025e-46
1296.25	1.6237844212839997e-46
1296.375	1.6541753917562498e-46
1296.5	1.9239698428417598e-46
1296.625	1.8745169569e-46
1296.75	1.5936896123616399e-46
1296.875	1.6785293502124898e-46
1297.0	1.6823423342419596e-46
1297.125	1.5248829241822498e-46
1297.25	1.5045740546766397e-46
1297.375	1.6188233744340098e-46
1297.5	1.81908906744321e-46
1297.625	1.7528838508110406e-46
1297.75	1.66360906221409e-46
1297.875	1.71338832405316e-46
1298.0	1.8432007606120903e-46
1298.125	1.7117559106128096e-46
1298.25	1.7000386433380898e-46
1298.375	1.8302244975924098e-46
1298.5	1.8143553897960103e-46
1298.625	1.8038335329196894e-46
1298.75	2.0063631809822502e-46
1298.875	1.7412145776908097e-46
1299.0	1.7130281159290001e-46
1299.125	1.761722635401e-46
1299.25	1.6423773228772899e-46
1299.375	1.4745614049510398e-46
1299.5	1.5966447777728101e-46
1299.625	1.5026866476174398e-46
1299.75	1.5133738330947599e-46
1299.875	1.44846087180804e-46
1300.0	1.6244047990579598e-46
1300.125	1.5470608284809997e-46
1300.25	1.7449974072722498e-46
1300.375	1.7480917285776403e-46
1300.5	1.6620611348902499e-46
1300.625	1.62612177794704e-46
1300.75	1.56121751327161e-46
1300.875	1.5066644343987597e-46
1301.0	1.78233527270569e-46
1301.125	1.63678068830929e-46
1301.25	1.6811855633091597e-46
1301.375	1.77399090765625e-46
1301.5	1.7384100787488397e-46
1301.625	1.8852149507796897e-46
1301.75	1.85229241911025e-46
1301.875	1.6506223899902497e-46
1302.0	1.7500988055689998e-46
1302.125	2.07220516264336e-46
1302.25	2.19571582930704e-46
1302.375	1.9039495946342397e-46
1302.5	1.6977175306320099e-46
1302.625	1.9598462830140097e-46
1302.75	1.84429790123049e-46
1302.875	1.7158084063876898e-46
1303.0	1.8508255629502496e-46
1303.125	1.818692290921e-46
1303.25	1.9509317931577595e-46
1303.375	1.93794992734729e-46
1303.5	1.9461081428880403e-46
1303.625	1.8135750334521596e-46
1303.75	1.64878106397169e-46
1303.875	1.5194536339854401e-46
1304.0	1.5607025172486397e-46
1304.125	1.61797077122704e-46
1304.25	1.72881132574329e-46
1304.375	1.57408163230081e-46
1304.5	1.5225585663999999e-46
1304.625	1.78802334146601e-46
1304.75	1.83534973010064e-46
1304.875	1.5819151901124104e-46
1305.0	1.8493658154132102e-46
1305.125	2.0023461258318397e-46
1305.25	1.86690303133156e-46
1305.375	1.46900581265025e-46
1305.5	1.5283781009208097e-46
1305.625	1.8544014640488097e-46
1305.75	1.982835729424e-46
1305.875	1.969991902096e-46
1306.0	1.7318207313795604e-46
1306.125	1.59408527752681e-46
1306.25	1.7359564482489999e-46
1306.375	1.65442414203364e-46
1306.5	1.4563256918022401e-46
1306.625	1.4545192151902499e-46
1306.75	1.6494305997625598e-46
1306.875	1.5724921740902498e-46
1307.0	1.91002157044609e-46
1307.125	1.8106848415656098e-46
1307.25	1.78626459344641e-46
1307.375	1.8926561452345603e-46
1307.5	2.03298805207521e-46
1307.625	1.9886476817136398e-46
1307.75	1.90510579738249e-46
1307.875	2.00450209905936e-46
1308.0	1.9766290422169598e-46
1308.125	1.7019245408308901e-46
1308.25	1.7006358615064899e-46
1308.375	1.63757475994176e-46
1308.5	1.5385410559443598e-46
1308.625	1.5489236197177601e-46
1308.75	1.9281999620929598e-46
1308.875	2.052769697001e-46
1309.0	1.94510552463616e-46
1309.125	1.86924814482025e-46
1309.25	1.8199426477562497e-46
1309.375	1.6043994358712095e-46
1309.5	1.4713854968462399e-46
1309.625	1.5428158878819598e-46
1309.75	1.9866084998410004e-46
1309.875	1.8871959312562494e-46
1310.0	1.6696916793902499e-46
1310.125	1.8535243193639998e-46
1310.25	1.8810904263122494e-46
1310.375	1.8852446083724094e-46
1310.5	1.8418067225712398e-46
1310.625	1.96425522705721e-46
1310.75	1.9215945214128096e-46
1310.875	1.9606482535922492e-46
1311.0	2.0619073139164897e-46
1311.125	1.9364592721158403e-46
1311.25	2.0939968248120096e-46
1311.375	1.7769009970202493e-46
1311.5	1.8066768544782397e-46
1311.625	2.0674727250668098e-46
1311.75	1.8775606721292097e-46
1311.875	1.7448415347002495e-46
1312.0	1.79803909173604e-46
1312.125	1.8278312631236096e-46
1312.25	1.9116828615504394e-46
1312.375	1.39635793264081e-46
1312.5	1.5836410311840001e-46
1312.625	1.5137933578416098e-46
1312.75	1.8107540069347595e-46
1312.875	2.1448507570548093e-46
1313.0	2.2265366906905598e-46
1313.125	1.8785084504516102e-46
1313.25	1.61237146930561e-46
1313.375	1.6344985813200097e-46
1313.5	1.96591778012161e-46
1313.625	1.8256822579196097e-46
1313.75	1.8092022753428098e-46
1313.875	1.8934059969188104e-46
1314.0	1.98061488258624e-46
1314.125	1.7698707671520098e-46
1314.25	1.8197961436032396e-46
1314.375	1.8242508302928903e-46
1314.5	1.6849026494439994e-46
1314.625	1.6454178028345599e-46
1314.75	1.726656444529e-46
1314.875	1.8080704449540097e-46
1315.0	1.9672371082732902e-46
1315.125	2.15252149332676e-46
1315.25	1.8612176259602504e-46
1315.375	1.69217924207641e-46
1315.5	1.7543256804921596e-46
1315.625	1.6373047590984097e-46
1315.75	1.6428215390759995e-46
1315.875	1.5189278262144102e-46
1316.0	1.2319938862848399e-46
1316.125	1.7300911674384896e-46
1316.25	1.95040916147025e-46
1316.375	2.18060095192164e-46
1316.5	2.0231241845364897e-46
1316.625	1.67046732718336e-46
1316.75	1.4396949761544098e-46
1316.875	1.46639675403169e-46
1317.0	1.8619126471686404e-46
1317.125	1.8168632551744902e-46
1317.25	1.6951930632176398e-46
1317.375	1.7080377953286397e-46
1317.5	1.73658181711249e-46
1317.625	2.03509511736976e-46
1317.75	2.063451806784e-46
1317.875	1.72152479834721e-46
1318.0	1.5681969333628897e-46
1318.125	1.8365767974529597e-46
1318.25	1.9856538389032903e-46
1318.375	2.0829610370608898e-46
1318.5	2.05507191012484e-46
1318.625	2.1716378384448398e-46
1318.75	2.0917686485070398e-46
1318.875	1.9446575822960396e-46
1319.0	1.965032025616e-46
1319.125	1.84825574833249e-46
1319.25	1.8913271401780894e-46
1319.375	1.99211686092169e-46
1319.5	1.640430708849e-46
1319.625	1.843352820021689e-46
1319.75	1.81486997267521e-46
1319.875	1.5648421270322504e-46
1320.0	1.70254192326201e-46
1320.125	1.96112268072081e-46
1320.25	2.0911193125420898e-46
1320.375	2.1512801722104897e-46
1320.5	2.2280592508922492e-46
1320.625	1.89965134790656e-46
1320.75	1.73346531528769e-46
1320.875	1.9091659100404894e-46
1321.0	1.5971383718643597e-46
1321.125	1.5657151522531601e-46
1321.25	1.98331593150625e-46
1321.375	2.20287754304836e-46
1321.5	2.08303868445696e-46
1321.625	1.93551117430225e-46
1321.75	1.97685259083481e-46
1321.875	1.84136920926436e-46
1322.0	2.1522483191484897e-46
1322.125	2.10573851612569e-46
1322.25	1.7533991759360398e-46
1322.375	1.74003879248809e-46
1322.5	1.7916497110350394e-46
1322.625	1.87709125687204e-46
1322.75	1.914121779620409e-46
1322.875	1.5675215280489998e-46
1323.0	1.5378986064961603e-46
1323.125	1.6150236305616399e-46
1323.25	2.0209073240304397e-46
1323.375	2.01011515689609e-46
1323.5	1.85076733612681e-46
1323.625	1.87408351540089e-46
1323.75	1.8714910326002503e-46
1323.875	2.14823017412964e-46
1324.0	1.79225664975361e-46
1324.125	1.535014447849e-46
1324.25	1.76450442406225e-46
1324.375	1.7396351696752898e-46
1324.5	1.6794356016441598e-46
1324.625	1.7160295227236097e-46
1324.75	1.7288197407468098e-46
1324.875	1.7046320949633597e-46
1325.0	1.5564793109923595e-46
1325.125	1.9105279817422503e-46
1325.25	1.6883662950122499e-46
1325.375	1.64167690086436e-46
1325.5	1.8689892052560397e-46
1325.625	2.0004591865008097e-46
1325.75	1.7402086973980899e-46
1325.875	1.83347360898724e-46
1326.0	1.8375225802562496e-46
1326.125	1.7471629064484099e-46
1326.25	1.7870679275187596e-46
1326.375	1.7826127050830398e-46
1326.5	1.8070817281507605e-46
1326.625	1.7139491303694402e-46
1326.75	1.5481145140562494e-46
1326.875	1.8911252580876094e-46
1327.0	1.7535517224627596e-46
1327.125	1.5912265847068901e-46
1327.25	1.5675227800562497e-46
1327.375	1.7277230702694403e-46
1327.5	1.73487806361529e-46
1327.625	1.45516330890225e-46
1327.75	1.26478206540009e-46
1327.875	1.44932272043524e-46
1328.0	1.417128346624e-46
1328.125	1.30629469955625e-46
1328.25	1.3934024723700897e-46
1328.375	1.48381097467684e-46
1328.5	1.91787987352516e-46
1328.625	2.0327687655040005e-46
1328.75	2.0253428295411597e-46
1328.875	1.8664305785716898e-46
1329.0	1.8564097925016904e-46
1329.125	1.82798836577344e-46
1329.25	1.8012721363790402e-46
1329.375	1.5174241191412898e-46
1329.5	1.7362355180364103e-46
1329.625	1.74995672759649e-46
1329.75	1.7381187051552896e-46
1329.875	2.0284832200528896e-46
1330.0	1.82745921906025e-46
1330.125	1.7444333929000001e-46
1330.25	1.8936996490297596e-46
1330.375	1.9561930104160895e-46
1330.5	1.78546625033956e-46
1330.625	2.0345890026560395e-46
1330.75	1.7544599883360897e-46
1330.875	1.8826175216420088e-46
1331.0	1.79454611068489e-46
1331.125	1.7144710087596096e-46
1331.25	1.6397522148896102e-46
1331.375	1.8708538610305595e-46
1331.5	1.66418049697344e-46
1331.625	1.82355288202201e-46
1331.75	1.9379961454324902e-46
1331.875	1.8747888759784898e-46
1332.0	2.258038166329e-46
1332.125	1.912956481550889e-46
1332.25	1.5224001351936395e-46
1332.375	1.5851333748326397e-46
1332.5	1.57301538244081e-46
1332.625	1.66597412336644e-46
1332.75	1.8559918006344096e-46
1332.875	1.7287061399272902e-46
1333.0	1.7868273093507598e-46
1333.125	2.1091953317876098e-46
1333.25	2.15325923824144e-46
1333.375	2.0098551434809605e-46
1333.5	1.73904723042436e-46
1333.625	1.57373662957956e-46
1333.75	1.6761647123568396e-46
1333.875	1.6350718998204899e-46
1334.0	1.8123933705025603e-46
1334.125	1.8426118611265596e-46
1334.25	1.7520832081038402e-46
1334.375	1.9709113437722498e-46
1334.5	2.0805927654759996e-46
1334.625	1.71019070785476e-46
1334.75	1.8260643910802502e-46
1334.875	1.9399132891792903e-46
1335.0	1.93058575280704e-46
1335.125	1.80631933443844e-46
1335.25	1.70726967460009e-46
1335.375	1.5676061648646402e-46
1335.5	1.4382118354720899e-46
1335.625	1.5838821551664399e-46
1335.75	1.6835877339859596e-46
1335.875	1.85831451264001e-46
1336.0	2.20820343000625e-46
1336.125	2.18039274419409e-46
1336.25	1.8324221981660097e-46
1336.375	1.7097651948840099e-46
1336.5	1.6740938838768399e-46
1336.625	1.8226973753436098e-46
1336.75	1.72313902131921e-46
1336.875	1.8829407987684098e-46
1337.0	1.693186500625e-46
1337.125	1.7386658747910398e-46
1337.25	1.9030508750232098e-46
1337.375	1.9097241680272903e-46
1337.5	1.90434342042025e-46
1337.625	1.9848566318803597e-46
1337.75	1.7869984139395598e-46
1337.875	1.69003848021904e-46
1338.0	1.7737213388076906e-46
1338.125	1.5918767964159997e-46
1338.25	1.5900801438624397e-46
1338.375	1.581829413264e-46
1338.5	1.8527399394852102e-46
1338.625	1.99300756881664e-46
1338.75	2.192167476409e-46
1338.875	1.9502988339609997e-46
1339.0	1.9374927877822495e-46
1339.125	1.6764744111987599e-46
1339.25	2.0543101910822502e-46
1339.375	1.8610170844810004e-46
1339.5	1.7145097665704097e-46
1339.625	1.8583445031632093e-46
1339.75	1.73933314270884e-46
1339.875	1.8110336422622502e-46
1340.0	1.7784321490936898e-46
1340.125	1.84741865952484e-46
1340.25	1.8575233955180093e-46
1340.375	1.8736232953729596e-46
1340.5	1.6493956669439999e-46
1340.625	1.4751958314369601e-46
1340.75	1.5382572702249999e-46
1340.875	1.797323653449e-46
1341.0	1.8983557115488902e-46
1341.125	2.1495571163142398e-46
1341.25	2.08069921787641e-46
1341.375	2.0162787338232902e-46
1341.5	1.74332913983361e-46
1341.625	1.80254146367376e-46
1341.75	1.82701016689636e-46
1341.875	1.7514037055172102e-46
1342.0	2.0498167178676102e-46
1342.125	2.0234243148294395e-46
1342.25	1.92506967097344e-46
1342.375	1.8029832020544105e-46
1342.5	1.81315192800889e-46
1342.625	1.70386500155524e-46
1342.75	1.60103622078436e-46
1342.875	1.6035083454684097e-46
1343.0	1.4750313823756903e-46
1343.125	1.702649180736e-46
1343.25	1.7088460897665601e-46
1343.375	1.6426318491039996e-46
1343.5	1.7776907566204897e-46
1343.625	1.66728937470736e-46
1343.75	1.65235059475641e-46
1343.875	1.8182591499265597e-46
1344.0	2.04790238524036e-46
1344.125	1.8071328110529604e-46
1344.25	1.5677531579002502e-46
1344.375	1.4212836149759998e-46
1344.5	1.6904425489680399e-46
1344.625	1.89842846052409e-46
1344.75	1.8045497282260897e-46
1344.875	1.71604157449729e-46
1345.0	1.7533636886329597e-46
1345.125	1.8282514805122498e-46
1345.25	2.0746746672036096e-46
1345.375	1.96426139374521e-46
1345.5	1.83576837196809e-46
1345.625	1.9385780949808897e-46
1345.75	2.1163915403932902e-46
1345.875	1.6171369588889999e-46
1346.0	1.6966484859811604e-46
1346.125	1.9207548435689997e-46
1346.25	2.19460047585856e-46
1346.375	1.9922856707722496e-46
1346.5	1.5693745449102399e-46
1346.625	1.55270739149824e-46
1346.75	1.4493217573328397e-46
1346.875	1.5261578145817598e-46
1347.0	1.8964283716156898e-46
1347.125	1.8816736454292096e-46
1347.25	1.9856025468188096e-46
1347.375	1.95731488025649e-46
1347.5	1.8030804186168897e-46
1347.625	1.6001910981795599e-46
1347.75	1.75129730528281e-46
1347.875	1.7480483621888402e-46
1348.0	1.8940756230176396e-46
1348.125	1.87422178409284e-46
1348.25	1.95525938997481e-46
1348.375	1.821106256565689e-46
1348.5	1.7993971533392103e-46
1348.625	1.8308265688641602e-46
1348.75	1.84965249637249e-46
1348.875	1.84118765107369e-46
1349.0	1.73712795400225e-46
1349.125	1.71584534544784e-46
1349.25	1.7467486779744396e-46
1349.375	1.7083381385628105e-46
1349.5	1.9430901903352903e-46
1349.625	2.21504046192144e-46
1349.75	2.01961985636889e-46
1349.875	1.6683850389360398e-46
1350.0	1.74823002864225e-46
1350.125	1.7130715692609599e-46
1350.25	1.6957868252864399e-46
1350.375	1.81566300419716e-46
1350.5	2.2283691396472896e-46
1350.625	2.1803463787201604e-46
1350.75	1.99460202349444e-46
1350.875	1.78123483456681e-46
1351.0	1.8175798751522496e-46
1351.125	1.71282865650064e-46
1351.25	1.5270288800460104e-46
1351.375	1.76766757073956e-46
1351.5	1.67429029876969e-46
1351.625	1.7903127738604896e-46
1351.75	1.76776303275625e-46
1351.875	2.01786684266896e-46
1352.0	2.2366261326531598e-46
1352.125	1.86001753956516e-46
1352.25	1.92810581640625e-46
1352.375	1.93105374967696e-46
1352.5	1.8032931225562493e-46
1352.625	1.82699935355716e-46
1352.75	1.8410264544424897e-46
1352.875	1.7706717374228097e-46
1353.0	1.81318747666225e-46
1353.125	1.8794457746694398e-46
1353.25	1.72707038658025e-46
1353.375	2.0277013830864398e-46
1353.5	2.2166889132540094e-46
1353.625	1.86071370076804e-46
1353.75	1.7587181161888897e-46
1353.875	1.9852494385254398e-46
1354.0	1.9525146404408095e-46
1354.125	1.94859990519076e-46
1354.25	2.0093130540057597e-46
1354.375	1.5799710669610001e-46
1354.5	1.6270831618408899e-46
1354.625	1.6390564497409598e-46
1354.75	1.6077390451222495e-46
1354.875	1.9811390118643603e-46
1355.0	1.96850244090889e-46
1355.125	2.0163823920384398e-46
1355.25	1.86367793452281e-46
1355.375	2.01172494893841e-46
1355.5	1.80492668779536e-46
1355.625	2.013890221456e-46
1355.75	2.142517222756e-46
1355.875	1.8439983277210005e-46
1356.0	2.0735043851022396e-46
1356.125	1.90718696288836e-46
1356.25	1.7455784241715603e-46
1356.375	1.7453609608652097e-46
1356.5	1.5382136132067599e-46
1356.625	1.7151032347802494e-46
1356.75	1.8766408049491597e-46
1356.875	1.94993212216009e-46
1357.0	1.7794820971672902e-46
1357.125	1.7044965747576903e-46
1357.25	1.3575677646384099e-46
1357.375	1.57394713947025e-46
1357.5	1.3573675997454398e-46
1357.625	1.4601923748096396e-46
1357.75	1.62224749615504e-46
1357.875	1.7329631961043597e-46
1358.0	2.19728710916001e-46
1358.125	2.1467281104808902e-46
1358.25	1.780898257008999e-46
1358.375	1.55838196689289e-46
1358.5	1.46868852150916e-46
1358.625	1.5865264095612103e-46
1358.75	1.83847077596484e-46
1358.875	1.71951686911225e-46
1359.0	1.5828855611328402e-46
1359.125	1.7189116246852902e-46
1359.25	2.06051153488324e-46
1359.375	1.8552641057286398e-46
1359.5	1.4929394158809998e-46
1359.625	1.8532678325648404e-46
1359.75	2.1518393238420103e-46
1359.875	2.0688018188890003e-46
1360.0	2.06583071508004e-46
1360.125	2.1690626659664395e-46
1360.25	1.94572257575056e-46
1360.375	2.2033964532096402e-46
1360.5	1.90495314416016e-46
1360.625	1.7146349468164897e-46
1360.75	1.9083098887728093e-46
1360.875	2.1834051932249997e-46
1361.0	1.89032416196836e-46
1361.125	1.80297541410064e-46
1361.25	1.5360650152848101e-46
1361.375	1.6131385148172096e-46
1361.5	1.82432943887076e-46
1361.625	1.7199016270800404e-46
1361.75	1.8467317848140098e-46
1361.875	1.76765640264976e-46
1362.0	1.872984118614009e-46
1362.125	1.9597995251265598e-46
1362.25	1.906793671689e-46
1362.375	2.1560141329038396e-46
1362.5	2.24011059066001e-46
1362.625	2.1495835068576398e-46
1362.75	1.8492640952522497e-46
1362.875	1.8336239125276902e-46
1363.0	2.0376072217248398e-46
1363.125	1.7809185415123595e-46
1363.25	1.5666142047091598e-46
1363.375	1.4997384759716101e-46
1363.5	1.77916942779601e-46
1363.625	2.1917692139062503e-46
1363.75	1.85228071461904e-46
1363.875	1.89810027448336e-46
1364.0	1.968271508401e-46
1364.125	1.842260575401e-46
1364.25	1.6905000169792897e-46
1364.375	1.8222769868227605e-46
1364.5	1.75779734658025e-46
1364.625	1.80237149609049e-46
1364.75	1.89517183042576e-46
1364.875	1.84298653040896e-46
1365.0	1.9678526095228887e-46
1365.125	1.8941199386620904e-46
1365.25	1.8945548650408904e-46
1365.375	1.952841348481e-46
1365.5	1.72155760022596e-46
1365.625	2.0017903355929603e-46
1365.75	1.7341405393032901e-46
1365.875	1.82258694103684e-46
1366.0	2.0085289681856404e-46
1366.125	2.06036253805369e-46
1366.25	1.6641895272040896e-46
1366.375	1.78156396930576e-46
1366.5	1.73557121595664e-46
1366.625	1.80418624e-46
1366.75	1.7145969732464401e-46
1366.875	1.97650476027684e-46
1367.0	1.8382608882950403e-46
1367.125	1.8312460478131598e-46
1367.25	1.92148057615504e-46
1367.375	1.76838452955844e-46
1367.5	1.83736479733249e-46
1367.625	1.6523973850272097e-46
1367.75	1.72731667278564e-46
1367.875	1.7134126708812097e-46
1368.0	1.71383471005201e-46
1368.125	1.91988542016049e-46
1368.25	2.17293130429956e-46
1368.375	2.11999191076864e-46
1368.5	1.89379873079296e-46
1368.625	1.77913581480625e-46
1368.75	2.17554446574529e-46
1368.875	1.99759751382321e-46
1369.0	1.8724610876409998e-46
1369.125	1.7742104136260098e-46
1369.25	1.88898388128961e-46
1369.375	1.76278436906121e-46
1369.5	1.7690965794612097e-46
1369.625	2.0930288502841597e-46
1369.75	1.7092432488280899e-46
1369.875	1.56016037647044e-46
1370.0	1.8541247639062503e-46
1370.125	1.85141985542721e-46
1370.25	1.86689537979844e-46
1370.375	1.6535377812801596e-46
1370.5	1.53994300389136e-46
1370.625	1.6086211635844896e-46
1370.75	1.59333085443841e-46
1370.875	1.6050992090100097e-46
1371.0	1.58116214378329e-46
1371.125	1.4560211156489996e-46
1371.25	1.64337811163761e-46
1371.375	1.821735980089e-46
1371.5	1.78858044983524e-46
1371.625	1.88749761936129e-46
1371.75	1.90962024847801e-46
1371.875	2.12113999169956e-46
1372.0	2.28969192265984e-46
1372.125	1.97499850399296e-46
1372.25	1.9988242192848403e-46
1372.375	1.79684159055424e-46
1372.5	1.6617561219174399e-46
1372.625	1.71380250547984e-46
1372.75	1.7868511030922506e-46
1372.875	1.8682816562009998e-46
1373.0	1.96072834765201e-46
1373.125	1.6506434602116897e-46
1373.25	1.4226809500916097e-46
1373.375	1.2977713996852897e-46
1373.5	1.5007354970340097e-46
1373.625	1.6161139374660898e-46
1373.75	1.90296727756864e-46
1373.875	1.8655503200522498e-46
1374.0	1.8367256018222503e-46
1374.125	1.4977784711737601e-46
1374.25	1.7197161930202499e-46
1374.375	1.9909184602008096e-46
1374.5	1.7800405417785603e-46
1374.625	1.8332742970371598e-46
1374.75	1.5885960601830396e-46
1374.875	1.5755523951420098e-46
1375.0	1.7525470502439995e-46
1375.125	1.9506482616672093e-46
1375.25	2.1323770828092098e-46
1375.375	1.9823257368108097e-46
1375.5	1.8984020061900096e-46
1375.625	1.9705499986638403e-46
1375.75	2.2414413544513604e-46
1375.875	2.0675659001508904e-46
1376.0	1.6029633775076098e-46
1376.125	1.9992916481616102e-46
1376.25	1.8281270868062503e-46
1376.375	1.43394565714009e-46
1376.5	1.7361253631652099e-46
1376.625	1.97976015456025e-46
1376.75	1.85555914415881e-46
1376.875	1.85625338064721e-46
1377.0	1.9124096442010003e-46
1377.125	1.76811485514304e-46
1377.25	1.87803973897281e-46
1377.375	2.05061741280529e-46
1377.5	1.87701864387489e-46
1377.625	1.7865289653210003e-46
1377.75	1.93864826896225e-46
1377.875	1.96043374399401e-46
1378.0	1.93527161251216e-46
1378.125	1.9321186260448897e-46
1378.25	1.6234350330528099e-46
1378.375	1.5782879311804898e-46
1378.5	1.9272500014684903e-46
1378.625	1.9472123260502497e-46
1378.75	1.8304620671484897e-46
1378.875	1.69909243685776e-46
1379.0	1.7420755591044101e-46
1379.125	1.78514209968241e-46
1379.25	2.05689694036996e-46
1379.375	2.30095709236836e-46
1379.5	1.96268163661476e-46
1379.625	1.96595872200225e-46
1379.75	1.8388450240160403e-46
1379.875	2.10478524062884e-46
1380.0	2.2988375743872396e-46
1380.125	2.3773843747536098e-46
1380.25	2.3197303449692103e-46
1380.375	1.9651999643648103e-46
1380.5	1.9493682967248402e-46
1380.625	2.0364417345602503e-46
1380.75	1.89523983766441e-46
1380.875	1.65144242915716e-46
1381.0	1.68997738007569e-46
1381.125	1.8620068001836897e-46
1381.25	1.8827923293414397e-46
1381.375	1.8752182908732097e-46
1381.5	1.90954313978884e-46
1381.625	1.9092576577292097e-46
1381.75	2.02482540692496e-46
1381.875	1.97511233869161e-46
1382.0	2.1446776529952397e-46
1382.125	2.0472776367272098e-46
1382.25	1.75197969920169e-46
1382.375	1.5903984320999997e-46
1382.5	1.6562179096456896e-46
1382.625	1.81087942299664e-46
1382.75	2.3014716504240397e-46
1382.875	2.4605649397134396e-46
1383.0	1.872365302336e-46
1383.125	1.7095287926102494e-46
1383.25	1.753810219225e-46
1383.375	1.93595444444164e-46
1383.5	1.9059180263900097e-46
1383.625	1.9601775240195597e-46
1383.75	1.9903967069216405e-46
1383.875	2.04280301387556e-46
1384.0	1.62822933723681e-46
1384.125	1.60233495605569e-46
1384.25	1.6773210500644896e-46
1384.375	2.06942840418064e-46
1384.5	1.8244593763502498e-46
1384.625	1.7999375163062505e-46
1384.75	1.8805594079580105e-46
1384.875	2.00499539565796e-46
1385.0	2.0380745949322497e-46
1385.125	1.8396454460260897e-46
1385.25	1.5470725203076901e-46
1385.375	2.1949957360832396e-46
1385.5	1.88474348131216e-46
1385.625	1.6853357027430401e-46
1385.75	1.6399870721520395e-46
1385.875	1.76458704818176e-46
1386.0	1.7825080312359998e-46
1386.125	2.08198407362724e-46
1386.25	1.83851741929636e-46
1386.375	1.717179609744e-46
1386.5	1.95688819609924e-46
1386.625	1.9768014125512896e-46
1386.75	2.0033622554432405e-46
1386.875	1.8701413094672097e-46
1387.0	1.9293121104102404e-46
1387.125	1.90098906468496e-46
1387.25	1.8226120517222497e-46
1387.375	2.1719219670336398e-46
1387.5	2.437632709264e-46
1387.625	2.34909081641536e-46
1387.75	2.07446524224016e-46
1387.875	2.21085049607041e-46
1388.0	1.9397951808840888e-46
1388.125	1.76845633982224e-46
1388.25	1.7766839905136103e-46
1388.375	1.85009398497856e-46
1388.5	2.1906521992590403e-46
1388.625	2.46636502762225e-46
1388.75	2.2372893022004097e-46
1388.875	2.25270201072016e-46
1389.0	2.16910537661689e-46
1389.125	2.40548963948881e-46
1389.25	2.31687425723524e-46
1389.375	1.9930228156291597e-46
1389.5	1.98528832680676e-46
1389.625	2.1307360595568103e-46
1389.75	1.7124768823489597e-46
1389.875	1.6326790508268894e-46
1390.0	1.51080529756324e-46
1390.125	1.8307903064889997e-46
1390.25	2.2708983025e-46
1390.375	2.0061728130724903e-46
1390.5	2.0787754172568098e-46
1390.625	1.82366820714276e-46
1390.75	1.8991160622896395e-46
1390.875	1.97937914659681e-46
1391.0	1.9907909079252102e-46
1391.125	2.1120840872612102e-46
1391.25	2.1798889521580895e-46
1391.375	1.8520904537740887e-46
1391.5	1.70400702352644e-46
1391.625	2.06710090837056e-46
1391.75	2.2318955662089998e-46
1391.875	2.144815901361e-46
1392.0	2.0905475754307596e-46
1392.125	1.92869072328361e-46
1392.25	1.8865821885468102e-46
1392.375	2.1424642359128098e-46
1392.5	2.29549498093881e-46
1392.625	1.94231774130436e-46
1392.75	1.7734110403470404e-46
1392.875	1.83639791493376e-46
1393.0	1.89274804567524e-46
1393.125	1.9499469240249997e-46
1393.25	1.8925749775392096e-46
1393.375	2.0810641769923604e-46
1393.5	1.9098698259841594e-46
1393.625	1.95665179113369e-46
1393.75	2.09739098746384e-46
1393.875	2.23986962845636e-46
1394.0	2.10158109042561e-46
1394.125	1.841619985969e-46
1394.25	2.3010972551942395e-46
1394.375	2.3949614528956896e-46
1394.5	1.9880483943348902e-46
1394.625	2.123504992070009e-46
1394.75	1.91761703318025e-46
1394.875	1.6887543096326399e-46
1395.0	1.73960720799889e-46
1395.125	1.89742773331225e-46
1395.25	1.91813220612225e-46
1395.375	1.76756705920144e-46
1395.5	1.7387307497683594e-46
1395.625	1.9244467478824888e-46
1395.75	1.8099491329922504e-46
1395.875	1.9642908257985604e-46
1396.0	1.9879355973988898e-46
1396.125	1.8593198723334405e-46
1396.25	1.8663248382249997e-46
1396.375	1.6763529623402499e-46
1396.5	1.6956323850602495e-46
1396.625	1.85125793936836e-46
1396.75	1.9539275906361596e-46
1396.875	1.9528150766785594e-46
1397.0	2.0538131573916097e-46
1397.125	1.7532204189192902e-46
1397.25	1.6279590872249998e-46
1397.375	1.7504856467046395e-46
1397.5	1.72813529972736e-46
1397.625	1.7554336752128403e-46
1397.75	1.91169668793744e-46
1397.875	1.9862634763219597e-46
1398.0	1.91370674675041e-46
1398.125	1.8582389921217603e-46
1398.25	1.9165963088616102e-46
1398.375	1.6779782554239992e-46
1398.5	1.56710513817649e-46
1398.625	1.98506599242169e-46
1398.75	1.95009829726464e-46
1398.875	2.02903330203396e-46
1399.0	2.3740421443732898e-46
1399.125	2.0430282725011604e-46
1399.25	1.9483768431432895e-46
1399.375	1.96447835520225e-46
1399.5	1.7757515998728897e-46
1399.625	2.02396972703641e-46
1399.75	2.1305460103209998e-46
1399.875	2.0831174879408094e-46
1400.0	2.230790177889e-46
1400.125	2.3029164218176892e-46
1400.25	2.1883802658062502e-46
1400.375	2.26153083561769e-46
1400.5	1.94616812963169e-46
1400.625	2.159609532721e-46
1400.75	2.15106720911289e-46
1400.875	1.7560029103347597e-46
1401.0	2.0202793160440897e-46
1401.125	1.96905022321225e-46
1401.25	2.0876316895232093e-46
1401.375	2.01607596901881e-46
1401.5	2.2140059157529596e-46
1401.625	2.19325259213956e-46
1401.75	2.1430878242552096e-46
1401.875	2.09689832610241e-46
1402.0	1.92467204295025e-46
1402.125	1.9334243408616902e-46
1402.25	1.84423760433441e-46
1402.375	1.83410790469776e-46
1402.5	2.22785207332081e-46
1402.625	2.44318688705809e-46
1402.75	2.27710152244624e-46
1402.875	2.1209197877088404e-46
1403.0	2.08381812510096e-46
1403.125	1.97490631434496e-46
1403.25	2.20779628409025e-46
1403.375	2.10654512379364e-46
1403.5	1.82702503529001e-46
1403.625	1.7554800479920896e-46
1403.75	1.85251018383025e-46
1403.875	1.6308480185715597e-46
1404.0	2.0141618494168896e-46
1404.125	2.1452620170436888e-46
1404.25	1.9211340480800406e-46
1404.375	1.8036089788220094e-46
1404.5	1.9964457883009602e-46
1404.625	2.34519453584784e-46
1404.75	2.1308639315544102e-46
1404.875	1.9626421298148897e-46
1405.0	1.84516443844489e-46
1405.125	1.75703905962225e-46
1405.25	2.0851241592168102e-46
1405.375	2.236947983449e-46
1405.5	2.1020945995440396e-46
1405.625	2.3227939371122498e-46
1405.75	2.00688503932849e-46
1405.875	1.7810490590402497e-46
1406.0	1.6416625505664399e-46
1406.125	1.7965343695219602e-46
1406.25	1.92456050359609e-46
1406.375	1.83612120626025e-46
1406.5	2.2754051112691605e-46
1406.625	2.2789196348028097e-46
1406.75	2.5052998420332096e-46
1406.875	2.2765700812624896e-46
1407.0	2.0422830797740893e-46
1407.125	2.1532058252563594e-46
1407.25	2.211290935681e-46
1407.375	2.34615666174561e-46
1407.5	2.09273662094436e-46
1407.625	2.02159372412176e-46
1407.75	2.20085028279169e-46
1407.875	2.05285251072841e-46
1408.0	1.7326609591136397e-46
1408.125	2.0420410000000002e-46
1408.25	2.3719227949830397e-46
1408.375	2.4792058130403598e-46
1408.5	2.3600966311123597e-46
1408.625	1.82514723059601e-46
1408.75	1.5050451100878402e-46
1408.875	1.6794187545912096e-46
1409.0	1.98636495071716e-46
1409.125	2.0753796456768396e-46
1409.25	2.25937845250441e-46
1409.375	2.43424026610704e-46
1409.5	2.5658279531280395e-46
1409.625	1.99173014959689e-46
1409.75	1.8680528523492903e-46
1409.875	1.99482460878276e-46
1410.0	2.09089112887396e-46
1410.125	1.9533894632964105e-46
1410.25	2.0020034171308894e-46
1410.375	1.8250007872908093e-46
1410.5	1.6272178650002501e-46
1410.625	1.98613325464576e-46
1410.75	1.9477568591443603e-46
1410.875	2.0408619594387597e-46
1411.0	2.0041928993030404e-46
1411.125	1.65732769628176e-46
1411.25	1.8948031808422494e-46
1411.375	1.78464029875849e-46
1411.5	1.81074270355456e-46
1411.625	1.873791388225e-46
1411.75	2.0976884659320096e-46
1411.875	1.8753497542428094e-46
1412.0	1.8093717576152093e-46
1412.125	2.0737863401860903e-46
1412.25	1.9513606213032106e-46
1412.375	1.81634973748804e-46
1412.5	2.1101278158584096e-46
1412.625	2.12887388416921e-46
1412.75	1.74412144097361e-46
1412.875	2.0397906595137597e-46
1413.0	2.2169831207436896e-46
1413.125	2.5650991766932894e-46
1413.25	2.2857638990004898e-46
1413.375	1.9929093129793603e-46
1413.5	2.0132093871512103e-46
1413.625	1.9732118697523598e-46
1413.75	2.0744240498532103e-46
1413.875	2.0810206110204903e-46
1414.0	2.0438954054116902e-46
1414.125	2.3506133152409995e-46
1414.25	1.9731275880163603e-46
1414.375	2.0661843059598395e-46
1414.5	2.2132977064833597e-46
1414.625	2.0147659112002494e-46
1414.75	1.7427360882052896e-46
1414.875	1.9374771981024096e-46
1415.0	2.2642539036384395e-46
1415.125	2.0595516189504394e-46
1415.25	1.7269920623104902e-46
1415.375	1.95354097009569e-46
1415.5	1.8560964304276887e-46
1415.625	1.73148648691216e-46
1415.75	2.3196816071100098e-46
1415.875	2.083995396025e-46
1416.0	2.0359283181121597e-46
1416.125	2.498064017202249e-46
1416.25	2.2595239571436907e-46
1416.375	2.19154981485456e-46
1416.5	2.1274646596056097e-46
1416.625	2.186305275456e-46
1416.75	2.22746252198596e-46
1416.875	2.04622410827641e-46
1417.0	2.2684387222756903e-46
1417.125	2.0818960571572897e-46
1417.25	2.05918108923409e-46
1417.375	1.8446814342902506e-46
1417.5	2.07882357351876e-46
1417.625	2.25247147831696e-46
1417.75	1.82949105153424e-46
1417.875	2.08416256883641e-46
1418.0	2.04804348914169e-46
1418.125	2.4017548177921597e-46
1418.25	2.61153162934756e-46
1418.375	2.31448908768025e-46
1418.5	2.33991080652289e-46
1418.625	2.25199124036496e-46
1418.75	2.046385467672489e-46
1418.875	1.7958170865609996e-46
1419.0	1.6964520664326401e-46
1419.125	2.1448035994190396e-46
1419.25	2.0820631457473596e-46
1419.375	1.78536603574081e-46
1419.5	1.9951717875302497e-46
1419.625	2.05682752622736e-46
1419.75	2.2588830503556097e-46
1419.875	1.8387913252161596e-46
1420.0	1.7722715590356094e-46
1420.125	2.0520674235152094e-46
1420.25	2.10759112827025e-46
1420.375	1.9626494147268103e-46
1420.5	2.15525477577796e-46
1420.625	1.9057178519107595e-46
1420.75	1.8663518877960098e-46
1420.875	1.83766057809156e-46
1421.0	1.9596920120999995e-46
1421.125	1.9229008359689997e-46
1421.25	2.0065617737985598e-46
1421.375	2.0015121864536087e-46
1421.5	1.7896077037488402e-46
1421.625	1.8316544770276897e-46
1421.75	1.75961206611369e-46
1421.875	1.95801642211396e-46
1422.0	2.4739483486410002e-46
1422.125	2.401901737249e-46
1422.25	1.9836392909392898e-46
1422.375	2.0645318877344098e-46
1422.5	2.1044791355332897e-46
1422.625	1.9521412932902502e-46
1422.75	1.6684563393187594e-46
1422.875	1.8735485594416894e-46
1423.0	2.39635725149584e-46
1423.125	2.5159926885816093e-46
1423.25	2.3679392937209998e-46
1423.375	2.33634801703689e-46
1423.5	1.9966551939302502e-46
1423.625	1.80132474766336e-46
1423.75	1.9583486279820096e-46
1423.875	1.92461433064209e-46
1424.0	1.66299181655616e-46
1424.125	1.9272638840364903e-46
1424.25	2.2540341066048092e-46
1424.375	1.9206306677712397e-46
1424.5	1.95491122730596e-46
1424.625	2.0051718304728092e-46
1424.75	2.02685420718169e-46
1424.875	1.9022185690483597e-46
1425.0	2.21635244481561e-46
1425.125	2.3254154697196897e-46
1425.25	2.43970498398025e-46
1425.375	2.1201311084889996e-46
1425.5	1.8943701528654403e-46
1425.625	2.125565716624e-46
1425.75	2.0533322327920896e-46
1425.875	2.1183801127833605e-46
1426.0	2.4850792076995595e-46
1426.125	2.7291446393512897e-46
1426.25	2.3422833243039998e-46
1426.375	1.91878845937156e-46
1426.5	2.17956828016321e-46
1426.625	2.34603014363536e-46
1426.75	1.8246344345740897e-46
1426.875	2.04394172629201e-46
1427.0	2.2546887401564096e-46
1427.125	1.9541202163022495e-46
1427.25	2.1333459333648397e-46
1427.375	1.99487404248001e-46
1427.5	1.8318804995120398e-46
1427.625	2.22353637471729e-46
1427.75	2.3219280403987596e-46
1427.875	1.9438633506249998e-46
1428.0	2.1425754797652104e-46
1428.125	1.8071172172483598e-46
1428.25	1.6872188851140098e-46
1428.375	1.8031644781441597e-46
1428.5	1.6833772809700902e-46
1428.625	1.7352474114864101e-46
1428.75	1.9463037309800103e-46
1428.875	2.24502065792449e-46
1429.0	2.37591272688016e-46
1429.125	1.93059464533056e-46
1429.25	1.8393920913156098e-46
1429.375	1.9975760307496898e-46
1429.5	2.2063139363955597e-46
1429.625	1.90077811970641e-46
1429.75	1.97058509289009e-46
1429.875	2.0102121345802503e-46
1430.0	2.32567898531329e-46
1430.125	2.41684178978025e-46
1430.25	2.16966477767524e-46
1430.375	2.0438059103827604e-46
1430.5	1.86232011489225e-46
1430.625	1.7462589102288099e-46
1430.75	1.6973584524944104e-46
1430.875	2.01329366927364e-46
1431.0	2.0287145245702493e-46
1431.125	1.9767969133932098e-46
1431.25	1.8317852164771597e-46
1431.375	2.0839024288998402e-46
1431.5	1.79621296830369e-46
1431.625	1.89875667493444e-46
1431.75	1.97964506040196e-46
1431.875	1.7300198773248401e-46
1432.0	1.69942849381369e-46
1432.125	2.1898627929422504e-46
1432.25	1.920766762439289e-46
1432.375	2.1228542452032395e-46
1432.5	2.6872461312368396e-46
1432.625	2.50231143140416e-46
1432.75	2.13469690802404e-46
1432.875	1.9180787467878398e-46
1433.0	1.77749290030225e-46
1433.125	2.11150309744144e-46
1433.25	2.2857155192788904e-46
1433.375	2.4195335852250003e-46
1433.5	1.80641422164681e-46
1433.625	1.7176065685100099e-46
1433.75	2.2440803986502497e-46
1433.875	1.84961387202601e-46
1434.0	1.8266444234628096e-46
1434.125	2.237692875664e-46
1434.25	2.18747767935376e-46
1434.375	2.3124752658062494e-46
1434.5	2.1683875989891598e-46
1434.625	2.39327830610176e-46
1434.75	2.1689663476292093e-46
1434.875	1.9956500905550398e-46
1435.0	1.6801424764496097e-46
1435.125	1.7196018426288096e-46
1435.25	1.7440419386352403e-46
1435.375	1.9800708410700107e-46
1435.5	1.8096561290371603e-46
1435.625	1.67090446764409e-46
1435.75	2.00129828225625e-46
1435.875	1.9449320315072398e-46
1436.0	1.83852853785225e-46
1436.125	1.9136439423630397e-46
1436.25	1.8995832615636896e-46
1436.375	2.1853936558792893e-46
1436.5	1.9503756439222497e-46
1436.625	1.7571063973692097e-46
1436.75	2.23198490549241e-46
1436.875	1.8531804350664903e-46
1437.0	1.570740837264e-46
1437.125	1.80060140985201e-46
1437.25	2.06558638133904e-46
1437.375	2.23386323700996e-46
1437.5	1.8548999031984103e-46
1437.625	1.8411879224544396e-46
1437.75	1.7563660181761604e-46
1437.875	1.97445073795225e-46
1438.0	2.2138446245203598e-46
1438.125	2.1513379615360003e-46
1438.25	2.2241546496e-46
1438.375	2.0062371178889997e-46
1438.5	1.94185534892209e-46
1438.625	1.9078479712516904e-46
1438.75	1.7024020499776898e-46
1438.875	1.94350979124324e-46
1439.0	1.7350253238529595e-46
1439.125	2.28979633277329e-46
1439.25	2.18769480376164e-46
1439.375	1.9109296755504395e-46
1439.5	2.0709095132902497e-46
1439.625	2.3236042041712902e-46
1439.75	2.338831896976e-46
1439.875	2.0266195921172103e-46
1440.0	1.9412508936288398e-46
1440.125	1.86974337908736e-46
1440.25	1.9475570114010003e-46
1440.375	2.37969127357504e-46
1440.5	2.59890316600996e-46
1440.625	2.259441884736e-46
1440.75	2.1602514846643597e-46
1440.875	1.9770674343732897e-46
1441.0	2.1815360896057598e-46
1441.125	2.4632972906102486e-46
1441.25	1.9706853237209995e-46
1441.375	1.60488383896801e-46
1441.5	1.9282457860464092e-46
1441.625	2.0721821304577596e-46
1441.75	1.835859422733209e-46
1441.875	1.9291315450512404e-46
1442.0	2.1744130138388094e-46
1442.125	2.0657298178660893e-46
1442.25	1.888265411678889e-46
1442.375	2.0721303085081595e-46
1442.5	2.12176862629264e-46
1442.625	1.8509877322020098e-46
1442.75	2.21734971629824e-46
1442.875	2.1690308541689996e-46
1443.0	1.84115644242084e-46
1443.125	2.2287716092304103e-46
1443.25	1.9786884169539602e-46
1443.375	1.96516912365601e-46
1443.5	2.4615852751359997e-46
1443.625	2.5829256581928898e-46
1443.75	2.11755989178244e-46
1443.875	2.11787800690761e-46
1444.0	2.12221641773241e-46
1444.125	2.0974457311872096e-46
1444.25	1.83747296736964e-46
1444.375	1.8621713689959996e-46
1444.5	1.9024814554420903e-46
1444.625	1.9330781277632407e-46
1444.75	2.2348931429448098e-46
1444.875	1.955918606930561e-46
1445.0	1.91896964825344e-46
1445.125	1.99211036837796e-46
1445.25	1.8373490736322498e-46
1445.375	2.0469056375412105e-46
1445.5	2.22625736739904e-46
1445.625	2.59502522882724e-46
1445.75	2.3751300686284903e-46
1445.875	2.2047159713779594e-46
1446.0	2.35903242976164e-46
1446.125	2.1550222384003598e-46
1446.25	1.9569192515404903e-46
1446.375	1.8686682216577596e-46
1446.5	2.3051787132422488e-46
1446.625	2.0977327853670397e-46
1446.75	1.75607128835856e-46
1446.875	1.8198819409e-46
1447.0	2.0247300694860102e-46
1447.125	2.15354392301764e-46
1447.25	2.28725878226596e-46
1447.375	2.58540736956804e-46
1447.5	2.1804792747091597e-46
1447.625	1.9336398706944402e-46
1447.75	1.87924288268304e-46
1447.875	2.05844357314729e-46
1448.0	2.0100641169492888e-46
1448.125	1.8316460860422395e-46
1448.25	2.3122496020288904e-46
1448.375	2.5318706589360887e-46
1448.5	2.1427514265959995e-46
1448.625	2.50104293278596e-46
1448.75	1.9503801129120095e-46
1448.875	1.82084176736449e-46
1449.0	1.8191683739902494e-46
1449.125	1.95904223703241e-46
1449.25	2.2550335119936095e-46
1449.375	2.2903293153955603e-46
1449.5	2.2396630997401596e-46
1449.625	2.12669518075249e-46
1449.75	2.0772770846864397e-46
1449.875	2.04998509137361e-46
1450.0	2.18612666229136e-46
1450.125	2.11162806599364e-46
1450.25	1.90090854574336e-46
1450.375	1.91092663435129e-46
1450.5	2.0461168249651603e-46
1450.625	2.1761575075802503e-46
1450.75	2.1669541665408395e-46
1450.875	2.0538871066932097e-46
1451.0	1.7519540209959992e-46
1451.125	1.94477026032004e-46
1451.25	2.1562705122002498e-46
1451.375	1.8220925927708103e-46
1451.5	1.9148194129e-46
1451.625	1.8855963981680402e-46
1451.75	1.9743720502522498e-46
1451.875	1.99880725374724e-46
1452.0	2.1308545891780894e-46
1452.125	2.0575455315760898e-46
1452.25	2.07154505336769e-46
1452.375	1.97826897359025e-46
1452.5	2.2101716328931597e-46
1452.625	1.9921566632688404e-46
1452.75	1.8152065116159997e-46
1452.875	1.8625944233610006e-46
1453.0	2.11339371450256e-46
1453.125	2.5633851183062487e-46
1453.25	2.48978197995849e-46
1453.375	1.812187130625e-46
1453.5	1.7933302217478398e-46
1453.625	1.961641143396e-46
1453.75	1.8584873704322502e-46
1453.875	1.61019324256921e-46
1454.0	1.94176310000656e-46
1454.125	1.8779402480961603e-46
1454.25	2.1409226349966398e-46
1454.375	2.41864268544196e-46
1454.5	1.8693739297502497e-46
1454.625	2.1762029433768097e-46
1454.75	2.224190442384e-46
1454.875	2.0374995935820103e-46
1455.0	2.23914143265121e-46
1455.125	2.34558812287969e-46
1455.25	2.0192506628115597e-46
1455.375	1.81964613809476e-46
1455.5	2.3277833755562497e-46
1455.625	2.1610461204700894e-46
1455.75	2.4173212582116898e-46
1455.875	1.84706474136976e-46
1456.0	1.7362436875560001e-46
1456.125	2.01597033089169e-46
1456.25	1.92049873538436e-46
1456.375	1.951717967521e-46
1456.5	1.8649196231443597e-46
1456.625	1.9840742340408907e-46
1456.75	1.97669652726016e-46
1456.875	2.0381002920202496e-46
1457.0	2.0016564933608097e-46
1457.125	1.9993111609000004e-46
1457.25	2.10343796458756e-46
1457.375	1.9705469103868894e-46
1457.5	1.80430336894096e-46
1457.625	1.829131822116e-46
1457.75	1.9883095315204898e-46
1457.875	2.04188266986916e-46
1458.0	1.9421382406784405e-46
1458.125	1.94990279787664e-46
1458.25	1.9841576223616897e-46
1458.375	2.0713121833891603e-46
1458.5	1.9473532665759997e-46
1458.625	1.8266511811395598e-46
1458.75	2.0285911795104398e-46
1458.875	2.14020134348329e-46
1459.0	1.8370202468358397e-46
1459.125	2.0339942414148896e-46
1459.25	2.1838476195540903e-46
1459.375	1.96063173089536e-46
1459.5	2.3478789338409998e-46
1459.625	2.2269933145699598e-46
1459.75	2.09097904607524e-46
1459.875	2.1680315523216893e-46
1460.0	2.4063626012702496e-46
1460.125	2.26869206103684e-46
1460.25	2.0630303674200897e-46
1460.375	1.9862203504888896e-46
1460.5	2.0366104141219602e-46
1460.625	1.98644331327376e-46
1460.75	2.017416848164e-46
1460.875	2.12331351700836e-46
1461.0	4.1152281030062505e-46
1461.125	5.702058368400625e-43
1461.25	2.7172017901996907e-42
1461.375	8.109877449400164e-43
1461.5	3.331693407797329e-43
1461.625	5.571712702936836e-43
1461.75	1.71955620844225e-42
1461.875	8.687661930256e-42
1462.0	2.7822306720039998e-42
1462.125	2.501650572349009e-45
1462.25	3.69277907726025e-46
1462.375	2.093967304792089e-46
1462.5	1.9401272303402494e-46
1462.625	1.9593370160742404e-46
1462.75	2.3842784714988097e-46
1462.875	2.1250242751636902e-46
1463.0	2.1663126912320098e-46
1463.125	2.25058323779136e-46
1463.25	2.1258520641120397e-46
1463.375	2.02346414421904e-46
1463.5	2.0115598560480896e-46
1463.625	2.0427672823668097e-46
1463.75	2.34226067366916e-46
1463.875	2.0856489403417595e-46
1464.0	2.2412170878302498e-46
1464.125	2.1181699487635607e-46
1464.25	3.2523078263233597e-46
1464.375	1.7917854400608098e-44
1464.5	1.474200060367969e-43
1464.625	7.088140003207209e-44
1464.75	7.68435822455625e-46
1464.875	5.15614025322496e-44
1465.0	3.6083514378980246e-43
1465.125	1.5179605339861686e-43
1465.25	8.96990699738809e-46
1465.375	2.5414631182908907e-46
1465.5	2.66790931717696e-46
1465.625	2.2422588698227597e-46
1465.75	2.3990348303712395e-46
1465.875	2.2437837994022496e-46
1466.0	2.32872300103716e-46
1466.125	2.1900468862324903e-46
1466.25	2.24779643978409e-46
1466.375	2.3009100690000096e-46
1466.5	2.18089364086801e-46
1466.625	2.9549070236464907e-46
1466.75	2.5975719922371606e-45
1466.875	1.671981795735876e-43
1467.0	2.670892271816976e-43
1467.125	2.32778215499041e-44
1467.25	6.9000450835801e-43
1467.375	4.030791028489001e-42
1467.5	1.4394569312116898e-42
1467.625	2.6351298649222558e-45
1467.75	4.15483484761744e-46
1467.875	2.47279682066641e-46
1468.0	2.94986704981329e-46
1468.125	4.56999130941444e-46
1468.25	2.1282357894336358e-45
1468.375	1.082233728977041e-43
1468.5	4.74843104901025e-42
1468.625	8.136518353238889e-42
1468.75	7.950063216418128e-43
1468.875	6.094931770161937e-45
1469.0	7.262464989795207e-46
1469.125	3.71354020220304e-46
1469.25	2.5977541800249997e-46
1469.375	1.89470297162041e-46
1469.5	2.06647467556644e-46
1469.625	2.045171709025e-46
1469.75	4.959450164513291e-46
1469.875	9.527157588168359e-44
1470.0	2.3984113421220837e-43
1470.125	1.9175905492512034e-43
1470.25	3.0650975336023283e-43
1470.375	3.536171181841e-44
1470.5	1.8335799761836837e-43
1470.625	5.173378821849616e-43
1470.75	9.173617930563609e-44
1470.875	9.905579119969e-44
1471.0	1.93729151870244e-42
1471.125	1.70530376977984e-42
1471.25	8.319559987870884e-43
1471.375	5.5297219164099995e-43
1471.5	4.675803796904487e-44
1471.625	1.45766045836321e-42
1471.75	1.86568117092036e-42
1471.875	1.1304139366136408e-43
1472.0	1.9247734426176003e-45
1472.125	4.779246575741439e-46
1472.25	6.177386642138009e-46
1472.375	6.416252545092196e-45
1472.5	1.5911008088460248e-43
1472.625	4.072221082650249e-42
1472.75	7.59107358921409e-42
1472.875	2.2653094539302496e-42
1473.0	1.289248663519881e-43
1473.125	1.34210070198649e-44
1473.25	4.2399829990596105e-46
1473.375	2.9828509214862405e-46
1473.5	2.2043462645568094e-46
1473.625	2.6791512318076898e-46
1473.75	2.4332156311782396e-46
1473.875	1.8619418479940103e-46
1474.0	2.0726649694300904e-46
1474.125	2.27654231886225e-46
1474.25	2.3784952726164102e-46
1474.375	2.2391121037756896e-46
1474.5	1.99506472104976e-46
1474.625	1.9617660776563598e-46
1474.75	2.4758814798435596e-46
1474.875	2.2817289768444897e-46
1475.0	2.21120885177956e-46
1475.125	2.287181349649e-46
1475.25	2.2679019679802492e-46
1475.375	2.2219429162948898e-46
1475.5	2.4612360405892903e-46
1475.625	2.51054106127969e-46
1475.75	2.13031480977604e-46
1475.875	2.2430672485812896e-46
1476.0	2.897979179963041e-46
1476.125	2.8942491807504894e-46
1476.25	2.3817656302090004e-46
1476.375	2.13514986071104e-46
1476.5	2.3556672140148894e-46
1476.625	2.47669661650576e-46
1476.75	2.31736927976464e-46
1476.875	2.5029897830559997e-46
1477.0	2.3528949204420097e-46
1477.125	2.049518644996e-46
1477.25	2.25809106086916e-46
1477.375	2.2220895955562497e-46
1477.5	2.13511917530209e-46
1477.625	2.04114711544384e-46
1477.75	2.1873756286884098e-46
1477.875	2.07581358243856e-46
1478.0	1.846497781881e-46
1478.125	1.9537920035172106e-46
1478.25	2.2536413720968904e-46
1478.375	2.606912493160959e-46
1478.5	2.31367736943729e-46
1478.625	2.1277318804200896e-46
1478.75	2.30999022617104e-46
1478.875	2.07108767343076e-46
1479.0	1.9738162225204894e-46
1479.125	2.10345304797796e-46
1479.25	2.0251256633748104e-46
1479.375	2.0067317611905603e-46
1479.5	2.21107026430224e-46
1479.625	2.4181151908409998e-46
1479.75	2.3657799111246396e-46
1479.875	1.94254296500196e-46
1480.0	2.1526972611732887e-46
1480.125	2.20957284495424e-46
1480.25	1.7844599562342397e-46
1480.375	2.1837568845159997e-46
1480.5	2.2405096286222403e-46
1480.625	1.9954246340250004e-46
1480.75	1.94226812694784e-46
1480.875	2.1919086756921597e-46
1481.0	2.6143387695288902e-46
1481.125	2.2091073092035597e-46
1481.25	2.29676116394761e-46
1481.375	2.453502445956e-46
1481.5	2.654516496799689e-46
1481.625	4.92139350797796e-46
1481.75	6.446958622632025e-45
1481.875	8.254861434887823e-43
1482.0	1.6712511702534398e-42
1482.125	1.928768677227e-43
1482.25	1.3757919833889e-45
1482.375	4.941078127032959e-46
1482.5	3.4252927930520005e-45
1482.625	2.6786609704315242e-45
1482.75	2.8626701000832896e-46
1482.875	2.2036476181734397e-46
1483.0	2.1565263193345598e-46
1483.125	1.9443906822788106e-46
1483.25	1.96325074676025e-46
1483.375	2.0396544103260897e-46
1483.5	2.0991921121092097e-46
1483.625	2.1745466136633597e-46
1483.75	2.3924819652250003e-46
1483.875	2.24844896739241e-46
1484.0	2.5533582335136096e-46
1484.125	2.32228675380601e-46
1484.25	2.866119656259239e-46
1484.375	2.7342762170860897e-46
1484.5	2.47012081357924e-46
1484.625	2.4192436515072396e-46
1484.75	2.15927213469444e-46
1484.875	1.96379919927844e-46
1485.0	2.3142359428776893e-46
1485.125	2.502189312561e-46
1485.25	2.258159584262761e-46
1485.375	2.5081791742182398e-46
1485.5	2.661208531305209e-46
1485.625	2.15669960718436e-46
1485.75	2.35202803160329e-46
1485.875	2.32932947903881e-46
1486.0	2.20382991471204e-46
1486.125	2.252205540225e-46
1486.25	2.4761124740622395e-46
1486.375	2.2072783417574402e-46
1486.5	2.0801303493964907e-46
1486.625	2.2338904390202495e-46
1486.75	2.242000123561e-46
1486.875	2.363466545449e-46
1487.0	2.6848726470756103e-46
1487.125	2.4959753140633594e-46
1487.25	2.27483404997809e-46
1487.375	1.83524108069449e-46
1487.5	2.15841700168704e-46
1487.625	2.2877957046252097e-46
1487.75	2.29865411883969e-46
1487.875	2.34669432517776e-46
1488.0	2.4101879404839995e-46
1488.125	2.2341857857924897e-46
1488.25	2.04416132871889e-46
1488.375	2.0094545232352897e-46
1488.5	2.2334845185340896e-46
1488.625	2.34283401329761e-46
1488.75	2.31262520753124e-46
1488.875	2.4540525845305594e-46
1489.0	2.37419314445889e-46
1489.125	2.200143290944e-46
1489.25	2.03075154197136e-46
1489.375	2.12231373194569e-46
1489.5	2.33258908569856e-46
1489.625	2.34866199369025e-46
1489.75	2.0458687967176894e-46
1489.875	2.3403275090064097e-46
1490.0	2.21682767670225e-46
1490.125	2.05529182291521e-46
1490.25	1.7217832856227597e-46
1490.375	2.091121337041e-46
1490.5	2.193286950625e-46
1490.625	2.140974724849e-46
1490.75	2.4418518953347598e-46
1490.875	2.6652557452332095e-46
1491.0	2.34404520575625e-46
1491.125	2.3009498112992398e-46
1491.25	2.47187604284401e-46
1491.375	1.9879863556240895e-46
1491.5	1.9891993879440397e-46
1491.625	2.4040759883688896e-46
1491.75	3.4893941120640003e-46
1491.875	8.875062430278492e-44
1492.0	4.9030267072514556e-43
1492.125	1.6729282848909158e-43
1492.25	1.1038376977468087e-45
1492.375	5.001176961e-45
1492.5	2.169982131126489e-45
1492.625	2.53105858308601e-46
1492.75	2.1003159974608897e-46
1492.875	2.15644672674025e-46
1493.0	2.13544415959281e-46
1493.125	2.3139447826233602e-46
1493.25	2.175141226896e-46
1493.375	2.4316503906249998e-46
1493.5	2.0987881896802503e-46
1493.625	2.12391944710929e-46
1493.75	2.2353589954768898e-46
1493.875	2.444841832801e-46
1494.0	2.7438700016616096e-46
1494.125	1.658440022154601e-45
1494.25	2.620374636264025e-43
1494.375	5.905777715487363e-43
1494.5	7.968392356122812e-44
1494.625	5.217659181024159e-46
1494.75	2.95677172810756e-46
1494.875	2.4399536536320097e-46
1495.0	2.4953411962920105e-46
1495.125	2.53005544197904e-46
1495.25	2.5024762649308894e-46
1495.375	2.513727804676e-46
1495.5	2.50966999595844e-46
1495.625	2.061481437796e-46
1495.75	2.13998717403025e-46
1495.875	2.1250989124296098e-46
1496.0	2.03274139115776e-46
1496.125	2.02984474496644e-46
1496.25	2.139854054976e-46
1496.375	1.8421175188636894e-46
1496.5	1.97536166219536e-46
1496.625	2.2857545253894395e-46
1496.75	2.36141369739664e-46
1496.875	6.01126145479876e-46
1497.0	1.8545278379102492e-44
1497.125	5.148113155624609e-43
1497.25	5.4963223479985955e-43
1497.375	2.496813977161e-44
1497.5	6.92358444417025e-46
1497.625	2.7125256624400887e-46
1497.75	2.50226302642849e-46
1497.875	1.7220328689062498e-46
1498.0	1.9459940311232094e-46
1498.125	2.03097157478656e-46
1498.25	2.15611251261849e-46
1498.375	2.0067694427040096e-46
1498.5	1.86245440069329e-46
1498.625	1.9919158792562498e-46
1498.75	2.2383523134337603e-46
1498.875	2.32878068477649e-46
1499.0	2.41342905096225e-46
1499.125	3.1999224285892894e-46
1499.25	1.1464222650641637e-45
1499.375	2.3260931985622503e-44
1499.5	2.0472922312304402e-42
1499.625	3.61022192341056e-42
1499.75	3.4798985571422247e-43
1499.875	3.035420568811801e-45
1500.0	1.2013587867481287e-45
1500.125	1.671654447428641e-45
1500.25	5.62275779646025e-44
1500.375	8.61050540211048e-43
1500.5	6.435632819980816e-43
1500.625	1.48469326670401e-44
1500.75	1.4695724550100088e-45
1500.875	2.0372576835520807e-45
1501.0	4.8688461327344405e-46
1501.125	2.2864225188824097e-46
1501.25	2.0238590453759995e-46
1501.375	2.477854404048039e-46
1501.5	2.36059071837796e-46
1501.625	2.4831156998902502e-46
1501.75	2.4379908828048898e-46
1501.875	2.3028945693468104e-46
1502.0	2.1329142025000003e-46
1502.125	2.0900369244160002e-46
1502.25	2.3162337899568395e-46
1502.375	2.34148908705625e-46
1502.5	2.35790182522521e-46
1502.625	2.0576568436622497e-46
1502.75	2.34025989176464e-46
1502.875	2.49316741914289e-46
1503.0	2.4003497013584397e-46
1503.125	2.0038588091598396e-46
1503.25	1.74772736186896e-46
1503.375	1.78632340046281e-46
1503.5	2.3367381095044894e-46
1503.625	2.6227876997052903e-46
1503.75	2.3028332615792096e-46
1503.875	2.1201552792700897e-46
1504.0	2.0988504850810003e-46
1504.125	2.11090736797444e-46
1504.25	1.9887822165156098e-46
1504.375	1.69439867846649e-46
1504.5	1.5750142070184899e-46
1504.625	2.00033670342276e-46
1504.75	2.16698949607204e-46
1504.875	2.12900695307689e-46
1505.0	2.0496638132260897e-46
1505.125	2.02036061895721e-46
1505.25	2.24199263691225e-46
1505.375	2.3219222500102498e-46
1505.5	1.9439057352960397e-46
1505.625	2.1054375653587603e-46
1505.75	2.1267144306108102e-46
1505.875	2.4913487697604903e-46
1506.0	2.72617678055044e-46
1506.125	2.0586527617603603e-46
1506.25	2.0214037724166397e-46
1506.375	2.16325293416001e-46
1506.5	1.9509253680780897e-46
1506.625	1.9551858397761598e-46
1506.75	1.8975619014080397e-46
1506.875	2.131261293456e-46
1507.0	2.0198267786772098e-46
1507.125	2.0782290125209598e-46
1507.25	2.0902237125123595e-46
1507.375	2.3132949863039996e-46
1507.5	2.6887072580928393e-46
1507.625	2.6773052267572903e-46
1507.75	2.1533622508692097e-46
1507.875	1.93310788140625e-46
1508.0	2.22381075527809e-46
1508.125	2.44283645939776e-46
1508.25	2.2238760722755603e-46
1508.375	2.10238864147456e-46
1508.5	2.00578332354624e-46
1508.625	2.1605395710307597e-46
1508.75	2.5096893231600097e-46
1508.875	2.0893681989460896e-46
1509.0	2.1815981241475604e-46
1509.125	1.9610826294595598e-46
1509.25	2.4265264914534398e-46
1509.375	2.5559769418092897e-46
1509.5	2.5321847686559995e-46
1509.625	2.4384930570562497e-46
1509.75	2.2265572825240895e-46
1509.875	2.18137982555025e-46
1510.0	2.6727456394915597e-46
1510.125	2.518705483849e-46
1510.25	2.26541210253796e-46
1510.375	2.4678458856564094e-46
1510.5	2.47593309069604e-46
1510.625	2.2653335355062497e-46
1510.75	2.02922361186724e-46
1510.875	2.2764173901560097e-46
1511.0	2.2859495609344896e-46
1511.125	2.154566008336e-46
1511.25	1.91558969673289e-46
1511.375	1.6644563170716097e-46
1511.5	1.81892749244644e-46
1511.625	2.07079755550756e-46
1511.75	2.16533932568464e-46
1511.875	2.2013490725913595e-46
1512.0	2.28022200963216e-46
1512.125	2.1792786326439995e-46
1512.25	2.1770459519385603e-46
1512.375	1.93804152878736e-46
1512.5	1.8368909470802503e-46
1512.625	2.1882287863156896e-46
1512.75	2.6386308516276898e-46
1512.875	2.69061295935744e-46
1513.0	2.3176670494099603e-46
1513.125	2.32447132811089e-46
1513.25	2.3322821121972094e-46
1513.375	2.1759810795684896e-46
1513.5	2.44172001008016e-46
1513.625	2.38497924050884e-46
1513.75	2.14052846997025e-46
1513.875	2.49777320879025e-46
1514.0	2.52787199914089e-46
1514.125	2.4153990073491596e-46
1514.25	2.2270043576880102e-46
1514.375	2.40064221928036e-46
1514.5	2.3900659098624394e-46
1514.625	2.08763429027904e-46
1514.75	1.890550750729e-46
1514.875	2.02062386968225e-46
1515.0	2.27551522905721e-46
1515.125	2.3007301711296396e-46
1515.25	2.143726437609e-46
1515.375	2.3787204445620098e-46
1515.5	2.61851751603556e-46
1515.625	2.2700382168931603e-46
1515.75	1.93135141852249e-46
1515.875	2.1170535180960398e-46
1516.0	2.18576383980241e-46
1516.125	2.14863032454849e-46
1516.25	2.43023437245681e-46
1516.375	2.46020228841024e-46
1516.5	2.3021407225924903e-46
1516.625	2.4078728205168403e-46
1516.75	2.3761269862548097e-46
1516.875	2.21979247465024e-46
1517.0	2.3047162678926397e-46
1517.125	2.3625408397248096e-46
1517.25	2.45009083450756e-46
1517.375	2.98810394093689e-46
1517.5	2.59607306927556e-46
1517.625	2.061513025209e-46
1517.75	1.86917541024841e-46
1517.875	2.0705129258272903e-46
1518.0	2.38401227421009e-46
1518.125	2.1936441763393598e-46
1518.25	2.29451754952225e-46
1518.375	2.64482176616464e-46
1518.5	2.6251410403036894e-46
1518.625	2.4206819804868096e-46
1518.75	1.86090849646144e-46
1518.875	1.8348563630196895e-46
1519.0	2.2263092915568398e-46
1519.125	2.2476977892097597e-46
1519.25	2.3642137600000003e-46
1519.375	2.2886676192564902e-46
1519.5	2.30321568969801e-46
1519.625	2.01668003372196e-46
1519.75	1.99063965654009e-46
1519.875	2.2476375204712894e-46
1520.0	2.25746057423104e-46
1520.125	2.2049805757732897e-46
1520.25	2.15069528232001e-46
1520.375	2.453007499264e-46
1520.5	2.53941403220521e-46
1520.625	2.28433388964169e-46
1520.75	2.2185715231690003e-46
1520.875	2.1277172936980894e-46
1521.0	2.2344234524814397e-46
1521.125	2.3698265596608102e-46
1521.25	2.45301439058404e-46
1521.375	2.73763199815681e-46
1521.5	2.4122044100052898e-46
1521.625	2.3948850037305603e-46
1521.75	2.836367622273611e-46
1521.875	2.27211698572849e-46
1522.0	2.1880515738009598e-46
1522.125	2.4908992615188903e-46
1522.25	2.40848796644416e-46
1522.375	2.3975032308012897e-46
1522.5	2.2075805416904094e-46
1522.625	2.52365218404049e-46
1522.75	2.2737241095012898e-46
1522.875	1.9561865766787602e-46
1523.0	2.1651486222913594e-46
1523.125	2.6714585109240898e-46
1523.25	2.57407914459969e-46
1523.375	2.4545454432612103e-46
1523.5	2.3436238859220102e-46
1523.625	2.1156357030062497e-46
1523.75	1.97955782744976e-46
1523.875	2.1047141526268903e-46
1524.0	1.8161419249776098e-46
1524.125	2.01455555798016e-46
1524.25	1.97481525107344e-46
1524.375	2.15669402661969e-46
1524.5	2.318132314713959e-46
1524.625	2.7555336003999996e-46
1524.75	2.5432176750596102e-46
1524.875	2.5413684238889998e-46
1525.0	2.4322083670052102e-46
1525.125	2.27837983055809e-46
1525.25	2.1949687719232904e-46
1525.375	1.99279129623876e-46
1525.5	2.145739526456489e-46
1525.625	2.24161442768484e-46
1525.75	2.73211543508544e-46
1525.875	2.442278202841e-46
1526.0	2.7031246555712395e-46
1526.125	2.6451984285235602e-46
1526.25	2.20178648742724e-46
1526.375	2.0408602451342398e-46
1526.5	2.3825172751402496e-46
1526.625	1.9266986263024903e-46
1526.75	2.26206743709241e-46
1526.875	2.53898379087721e-46
1527.0	2.60736976611904e-46
1527.125	2.3071714326937603e-46
1527.25	2.5921061180036103e-46
1527.375	2.2632452357539595e-46
1527.5	1.9840314136922503e-46
1527.625	2.4537768809529598e-46
1527.75	2.85688793233561e-46
1527.875	2.3178786662556093e-46
1528.0	2.1107585940249995e-46
1528.125	2.39050127872516e-46
1528.25	2.184570611658489e-46
1528.375	2.4377835324040896e-46
1528.5	2.5969973550080393e-46
1528.625	2.7517285807222503e-46
1528.75	2.5435388672257598e-46
1528.875	2.267768843467689e-46
1529.0	2.11716293624676e-46
1529.125	2.29588346621929e-46
1529.25	2.2758118061043596e-46
1529.375	2.2736475094716097e-46
1529.5	2.0644870583232897e-46
1529.625	1.9424997589488095e-46
1529.75	1.9316621748062496e-46
1529.875	1.9127719809e-46
1530.0	2.2762969910960398e-46
1530.125	2.44723503736881e-46
1530.25	2.33815414968576e-46
1530.375	2.5036156946112403e-46
1530.5	2.3679580672524104e-46
1530.625	2.2011840888654395e-46
1530.75	2.1969942115212096e-46
1530.875	2.336290851049e-46
1531.0	2.63642701978084e-46
1531.125	2.2752256099020104e-46
1531.25	2.28037996259329e-46
1531.375	2.3187240120544902e-46
1531.5	2.5131136295680898e-46
1531.625	2.3331456603104403e-46
1531.75	2.121587425489e-46
1531.875	2.41709115718009e-46
1532.0	2.1789647957448904e-46
1532.125	2.0345875762660893e-46
1532.25	2.5786430988771604e-46
1532.375	2.3030156697610004e-46
1532.5	2.1713127639062503e-46
1532.625	1.9985581513936897e-46
1532.75	2.1603464334568894e-46
1532.875	2.4737350708454397e-46
1533.0	2.33649536788801e-46
1533.125	2.36248335418384e-46
1533.25	2.140655172364839e-46
1533.375	2.3623650038016893e-46
1533.5	2.4701742503694402e-46
1533.625	2.43140682234961e-46
1533.75	2.4393067015840003e-46
1533.875	2.49628244938384e-46
1534.0	2.3099461502904905e-46
1534.125	2.15776298334276e-46
1534.25	2.55982048314721e-46
1534.375	2.7091421851878397e-46
1534.5	2.34555779865796e-46
1534.625	2.1644056066256097e-46
1534.75	2.2327567637774397e-46
1534.875	2.6126813949168097e-46
1535.0	2.2389543895449595e-46
1535.125	2.0955072540168902e-46
1535.25	2.1419098162022496e-46
1535.375	2.1084146438516097e-46
1535.5	1.93290266934769e-46
1535.625	2.02083226497604e-46
1535.75	2.1417219035212897e-46
1535.875	2.3844424588959997e-46
1536.0	2.4060799726393597e-46
1536.125	2.70762680897424e-46
1536.25	2.6945468725562498e-46
1536.375	2.42212789596969e-46
1536.5	2.07550382878881e-46
1536.625	2.29525802711881e-46
1536.75	2.4396859281603603e-46
1536.875	2.5291565063568398e-46
1537.0	2.04461486794009e-46
1537.125	1.9848515600257596e-46
1537.25	2.2256098583648396e-46
1537.375	2.3798359739808896e-46
1537.5	2.4863792881804888e-46
1537.625	2.31851936089225e-46
1537.75	2.2341385529122497e-46
1537.875	2.3689460908716102e-46
1538.0	2.32124695738321e-46
1538.125	2.2760743064889595e-46
1538.25	2.3478789338409998e-46
1538.375	2.3581284772760097e-46
1538.5	2.30393965842756e-46
1538.625	2.46522845494116e-46
1538.75	2.2877324806350395e-46
1538.875	2.42129502581121e-46
1539.0	2.776223106480041e-46
1539.125	2.76351191906596e-46
1539.25	2.77200122851584e-46
1539.375	2.4571286690336096e-46
1539.5	2.2825012298660093e-46
1539.625	2.3029613411112097e-46
1539.75	2.2789190309592096e-46
1539.875	2.2319245489912896e-46
1540.0	2.0220063595452902e-46
1540.125	2.13925814197209e-46
1540.25	2.2490649971568896e-46
1540.375	1.87185987017649e-46
1540.5	1.9866513479904404e-46
1540.625	2.27949483216016e-46
1540.75	2.1010450318032394e-46
1540.875	2.0013746753002497e-46
1541.0	2.19711872027761e-46
1541.125	2.36298384e-46
1541.25	2.41579346809329e-46
1541.375	2.6311182220128397e-46
1541.5	2.56535255491524e-46
1541.625	2.2723180712409998e-46
1541.75	2.3171540328440097e-46
1541.875	2.3839156192435597e-46
1542.0	2.7097136881926404e-46
1542.125	2.5037631654465596e-46
1542.25	2.3752558277822498e-46
1542.375	2.27043750056841e-46
1542.5	2.05240350268944e-46
1542.625	1.7995822735220093e-46
1542.75	2.3010763215140098e-46
1542.875	2.3134248774280893e-46
1543.0	2.5258455648228094e-46
1543.125	2.5775750210958398e-46
1543.25	2.3494369070412897e-46
1543.375	2.1339191104360003e-46
1543.5	2.46785154103609e-46
1543.625	2.36750075289225e-46
1543.75	2.1621446811828904e-46
1543.875	2.1065085488185597e-46
1544.0	2.3629118995875604e-46
1544.125	2.60675200502721e-46
1544.25	2.4469002749004093e-46
1544.375	2.89833736446016e-46
1544.5	2.5216274421468897e-46
1544.625	2.2928558486804094e-46
1544.75	2.39117017901281e-46
1544.875	2.3153216422476097e-46
1545.0	2.44254263220496e-46
1545.125	2.5206191862576403e-46
1545.25	2.76381049082944e-46
1545.375	2.65017529450881e-46
1545.5	2.1440441692802503e-46
1545.625	2.23171211255056e-46
1545.75	2.6508955422804096e-46
1545.875	2.3179191638179597e-46
1546.0	2.36280368359396e-46
1546.125	2.2522181464166404e-46
1546.25	2.6561812186202494e-46
1546.375	2.8491309783816094e-46
1546.5	2.50334513173369e-46
1546.625	2.1529337814864102e-46
1546.75	2.40642651300921e-46
1546.875	2.3277775778713603e-46
1547.0	2.1814270881902497e-46
1547.125	2.0252961506409997e-46
1547.25	2.12964667569481e-46
1547.375	2.40222472788544e-46
1547.5	2.46090220431169e-46
1547.625	2.04711166368361e-46
1547.75	2.1717038583680407e-46
1547.875	2.21832993495481e-46
1548.0	2.47029621414976e-46
1548.125	2.6624112770860895e-46
1548.25	2.1758079038439997e-46
1548.375	2.3191324277520398e-46
1548.5	2.42228353033969e-46
1548.625	2.36880818610489e-46
1548.75	1.9923438243168095e-46
1548.875	2.3365259391860093e-46
1549.0	2.70643659465001e-46
1549.125	2.47318776282384e-46
1549.25	2.0615555250192402e-46
1549.375	2.27885200481689e-46
1549.5	2.520122595112359e-46
1549.625	2.3839931283422498e-46
1549.75	2.11206693834304e-46
1549.875	2.58610332425956e-46
1550.0	2.7386251665926395e-46
1550.125	2.15671282434001e-46
1550.25	2.4387541581312104e-46
1550.375	2.3417085218016398e-46
1550.5	2.43407020671049e-46
1550.625	1.92636106594281e-46
1550.75	1.74872642019364e-46
1550.875	1.91681643667396e-46
1551.0	2.627427032356e-46
1551.125	2.6497868832355596e-46
1551.25	2.28996944696025e-46
1551.375	2.0064476029756897e-46
1551.5	2.16457715100004e-46
1551.625	2.42649190994401e-46
1551.75	2.21393330421264e-46
1551.875	2.65075975571716e-46
1552.0	2.5143753539552397e-46
1552.125	2.4823902589360903e-46
1552.25	2.8006547981464898e-46
1552.375	2.9557631398288907e-46
1552.5	2.924753598519211e-46
1552.625	2.8488690165964902e-46
1552.75	2.5358106924444097e-46
1552.875	2.4765851960889996e-46
1553.0	2.58544628138329e-46
1553.125	2.45539748805264e-46
1553.25	2.07704936928784e-46
1553.375	2.16030586684441e-46
1553.5	2.4078697170534396e-46
1553.625	2.3919625897284103e-46
1553.75	2.5037698112302497e-46
1553.875	2.1949474377602497e-46
1554.0	2.4466994284104097e-46
1554.125	2.5725824628998406e-46
1554.25	2.0817832256499603e-46
1554.375	2.203927894794241e-46
1554.5	2.63965853844676e-46
1554.625	2.7737137098089997e-46
1554.75	2.7397039230660094e-46
1554.875	2.6794366993022496e-46
1555.0	2.3249269073952103e-46
1555.125	2.3673278097112896e-46
1555.25	2.65887657947844e-46
1555.375	2.63306993667169e-46
1555.5	2.28127251469924e-46
1555.625	2.2765311535968394e-46
1555.75	2.4240061140840006e-46
1555.875	3.01349254423396e-46
1556.0	3.09022190266729e-46
1556.125	2.52275565744225e-46
1556.25	2.43421124637681e-46
1556.375	2.5602560064e-46
1556.5	2.5016853665808897e-46
1556.625	2.4578118430810003e-46
1556.75	2.66360646072481e-46
1556.875	2.4965605305806403e-46
1557.0	2.40603778142464e-46
1557.125	2.12327417388681e-46
1557.25	1.94183165941444e-46
1557.375	2.0491621886102494e-46
1557.5	2.2343280853356096e-46
1557.625	2.48435631709281e-46
1557.75	2.1901457433788097e-46
1557.875	2.25694525135689e-46
1558.0	2.25727997917009e-46
1558.125	2.20965906066084e-46
1558.25	2.38079808127225e-46
1558.375	2.2016603626804887e-46
1558.5	1.98549094655025e-46
1558.625	2.35257741076996e-46
1558.75	2.53163962410129e-46
1558.875	2.69192536639744e-46
1559.0	2.48986403165809e-46
1559.125	2.34658188562249e-46
1559.25	2.13025292488996e-46
1559.375	2.2966229517976897e-46
1559.5	2.6430243697916096e-46
1559.625	2.57625740924176e-46
1559.75	2.13303483737569e-46
1559.875	2.4370678665432103e-46
1560.0	2.57785566712804e-46
1560.125	2.106669364969e-46
1560.25	2.21002445554801e-46
1560.375	2.4236031994147594e-46
1560.5	2.29268323108881e-46
1560.625	2.4893685861928898e-46
1560.75	2.7070074831619594e-46
1560.875	2.6641695497665596e-46
1561.0	2.2808946312216097e-46
1561.125	2.31301088119396e-46
1561.25	2.6122133124964884e-46
1561.375	2.8269576624648094e-46
1561.5	2.5381135400576395e-46
1561.625	2.2219816725396895e-46
1561.75	2.31548902326361e-46
1561.875	2.40791688991296e-46
1562.0	2.43671943900025e-46
1562.125	2.40175946707321e-46
1562.25	2.21480085190849e-46
1562.375	2.74799647634724e-46
1562.5	2.7515122730848892e-46
1562.625	2.6620673280064896e-46
1562.75	2.4752776099022503e-46
1562.875	2.2892407167616897e-46
1563.0	2.16691471557136e-46
1563.125	2.2480627171868102e-46
1563.25	2.37018217996816e-46
1563.375	2.4992429129203602e-46
1563.5	2.45783285085529e-46
1563.625	2.6367319609228892e-46
1563.75	2.65830231098601e-46
1563.875	2.283450409881e-46
1564.0	2.066699510404e-46
1564.125	2.0553775548174395e-46
1564.25	2.23170792965604e-46
1564.375	2.2431939547161597e-46
1564.5	2.247561660969e-46
1564.625	1.9968394573584898e-46
1564.75	2.1464632156096893e-46
1564.875	2.1097027983385603e-46
1565.0	2.3506841482748098e-46
1565.125	2.3425640176096904e-46
1565.25	2.0417540668801603e-46
1565.375	2.05011223513369e-46
1565.5	1.95462936409636e-46
1565.625	2.11054125400804e-46
1565.75	2.3273943364e-46
1565.875	2.5032733005369596e-46
1566.0	2.28454851366729e-46
1566.125	2.72905609221025e-46
1566.25	2.63418061165281e-46
1566.375	2.50946088673284e-46
1566.5	2.26818901218064e-46
1566.625	2.08969401939076e-46
1566.75	2.65154033169601e-46
1566.875	2.2497741056700887e-46
1567.0	2.28772128796225e-46
1567.125	2.6860584386160103e-46
1567.25	2.28274689172644e-46
1567.375	2.4564979382196095e-46
1567.5	2.9020342218816388e-46
1567.625	2.711841552289e-46
1567.75	2.10608766917956e-46
1567.875	2.5495339190759996e-46
1568.0	2.7917390541600397e-46
1568.125	2.7134559535004096e-46
1568.25	3.09432233950596e-46
1568.375	2.9816638357502494e-46
1568.5	2.23221020379889e-46
1568.625	2.3717395260520904e-46
1568.75	2.12694281057764e-46
1568.875	2.1192197085160006e-46
1569.0	2.40266151271441e-46
1569.125	2.3236810314062502e-46
1569.25	2.5831374846816403e-46
1569.375	2.29882756753225e-46
1569.5	2.08934536066624e-46
1569.625	2.3187669534000404e-46
1569.75	2.4336695764972894e-46
1569.875	1.7684188387248102e-46
1570.0	1.9801229059585604e-46
1570.125	2.4310918545768104e-46
1570.25	2.9133611598204107e-46
1570.375	2.9665615171668094e-46
1570.5	2.4858003114924102e-46
1570.625	2.702918487080249e-46
1570.75	2.2070168678502395e-46
1570.875	2.41116237414724e-46
1571.0	2.46214824442756e-46
1571.125	2.14533349359849e-46
1571.25	2.420121594276e-46
1571.375	1.9113698455290002e-46
1571.5	2.21501813745969e-46
1571.625	2.278149799186809e-46
1571.75	2.2637028999844897e-46
1571.875	2.29570831044025e-46
1572.0	2.5270646980153594e-46
1572.125	2.4182710072568105e-46
1572.25	2.79831303529281e-46
1572.375	2.60548603344324e-46
1572.5	2.43189116408484e-46
1572.625	2.27366741329225e-46
1572.75	2.5823770069017597e-46
1572.875	2.5556245911504103e-46
1573.0	2.9955326006644896e-46
1573.125	2.8407470959425597e-46
1573.25	2.19242540399281e-46
1573.375	2.04059139395329e-46
1573.5	2.6966592499406395e-46
1573.625	2.5599763200547597e-46
1573.75	2.13652450091025e-46
1573.875	2.54646976506244e-46
1574.0	2.2931823256804903e-46
1574.125	2.0170864864188896e-46
1574.25	2.44636970765625e-46
1574.375	2.71159026146649e-46
1574.5	2.53346241257316e-46
1574.625	2.3192728384728096e-46
1574.75	2.04309345117124e-46
1574.875	2.4165918134288104e-46
1575.0	2.52963999044964e-46
1575.125	2.4739779188545597e-46
1575.25	2.63985383131129e-46
1575.375	2.5786206175105598e-46
1575.5	2.88987454136161e-46
1575.625	2.96669172983569e-46
1575.75	2.4002155333164096e-46
1575.875	2.46447643219801e-46
1576.0	2.4989115673891598e-46
1576.125	2.73909384843264e-46
1576.25	2.5049503689122494e-46
1576.375	2.4407437949439993e-46
1576.5	2.3637823291240897e-46
1576.625	2.1391853041011603e-46
1576.75	2.16522425519401e-46
1576.875	2.00625581463696e-46
1577.0	2.55199123352209e-46
1577.125	2.43464593635904e-46
1577.25	2.63816922123364e-46
1577.375	2.5887851044880404e-46
1577.5	2.2102864048902403e-46
1577.625	2.2758646066896097e-46
1577.75	2.8050247121126397e-46
1577.875	3.00862970541604e-46
1578.0	2.901506149808639e-46
1578.125	2.67828182818849e-46
1578.25	2.6787240410886395e-46
1578.375	2.4285491594280898e-46
1578.5	2.43503166649744e-46
1578.625	2.56576452144016e-46
1578.75	2.4434354214606396e-46
1578.875	2.2924264365912103e-46
1579.0	2.5810186467140095e-46
1579.125	2.8479731713172093e-46
1579.25	2.36808886851216e-46
1579.375	2.69818863754896e-46
1579.5	2.5100866562200897e-46
1579.625	2.9262433646275597e-46
1579.75	3.0102059150302505e-46
1579.875	2.63625263644681e-46
1580.0	2.49839499041344e-46
1580.125	2.4125442462268898e-46
1580.25	2.3207448178808098e-46
1580.375	2.2076043144408097e-46
1580.5	2.2144410147600396e-46
1580.625	2.2166123867726397e-46
1580.75	2.4529094556228903e-46
1580.875	2.59726680817444e-46
1581.0	2.4547754400472907e-46
1581.125	2.2494441343360888e-46
1581.25	2.5155454034184096e-46
1581.375	2.49910948679184e-46
1581.5	2.4572173916419597e-46
1581.625	2.19083099719936e-46
1581.75	2.3766002408307597e-46
1581.875	2.5050605262868904e-46
1582.0	2.2275720705280894e-46
1582.125	2.71917890344489e-46
1582.25	2.22702525014841e-46
1582.375	2.282791613881e-46
1582.5	2.2001329079402493e-46
1582.625	2.071973119225e-46
1582.75	2.31580341159696e-46
1582.875	2.66389436316481e-46
1583.0	2.7109217462512902e-46
1583.125	2.8100564534772904e-46
1583.25	2.5082079980632897e-46
1583.375	2.5393021659534403e-46
1583.5	2.8904046141610004e-46
1583.625	2.1193580074022494e-46
1583.75	2.0519290459713605e-46
1583.875	2.1363298088372104e-46
1584.0	2.1811420431610005e-46
1584.125	2.5540399530049603e-46
1584.25	2.5961626546254397e-46
1584.375	2.5536819829953595e-46
1584.5	2.5505674248601602e-46
1584.625	2.544104750625e-46
1584.75	2.6191609452768398e-46
1584.875	3.0156444540332095e-46
1585.0	2.963082659504491e-46
1585.125	2.5543762119705602e-46
1585.25	2.49497346385225e-46
1585.375	2.31768684050401e-46
1585.5	2.3808841805299595e-46
1585.625	2.5265604784496395e-46
1585.75	2.4618049321959995e-46
1585.875	2.48097025201216e-46
1586.0	2.41681411763236e-46
1586.125	2.7775378940680905e-46
1586.25	2.7853517113312905e-46
1586.375	2.6003429808524098e-46
1586.5	2.39128924874436e-46
1586.625	2.3163381946944093e-46
1586.75	2.396362824361e-46
1586.875	2.33258786387344e-46
1587.0	2.56448067888016e-46
1587.125	2.45792284039696e-46
1587.25	2.49167361521296e-46
1587.375	2.52321629083225e-46
1587.5	2.6058088738032397e-46
1587.625	2.6702354213102506e-46
1587.75	2.96299142808964e-46
1587.875	2.4719883006336395e-46
1588.0	2.3435222359348896e-46
1588.125	2.4895522423922502e-46
1588.25	2.4892953780500104e-46
1588.375	2.6971936322822498e-46
1588.5	2.7449163234852104e-46
1588.625	2.778887999800089e-46
1588.75	2.6921468666416897e-46
1588.875	2.3265583936360004e-46
1589.0	2.4247830804122498e-46
1589.125	2.36763308023225e-46
1589.25	2.10410516625156e-46
1589.375	2.4913604499393596e-46
1589.5	2.5525606126022498e-46
1589.625	2.5204061286936897e-46
1589.75	2.5945828922868102e-46
1589.875	2.8969197371560007e-46
1590.0	2.41851111742969e-46
1590.125	2.539487654929e-46
1590.25	2.9421240716964088e-46
1590.375	2.3490466755999997e-46
1590.5	2.30584437590049e-46
1590.625	2.4572615967902498e-46
1590.75	2.4279370662192098e-46
1590.875	2.39969717793936e-46
1591.0	2.4704320124166403e-46
1591.125	2.2998168353160893e-46
1591.25	2.370054092004e-46
1591.375	2.5889974929104402e-46
1591.5	2.37707385088644e-46
1591.625	2.15114670236944e-46
1591.75	2.2547671223792397e-46
1591.875	2.4759201879324902e-46
1592.0	2.2538620558542403e-46
1592.125	2.5536896535182394e-46
1592.25	2.4432394064822497e-46
1592.375	2.57186138776576e-46
1592.5	2.85819057441856e-46
1592.625	2.6062334393188907e-46
1592.75	2.4285469776961602e-46
1592.875	2.44765211460676e-46
1593.0	2.5712170605022497e-46
1593.125	2.0794888790748897e-46
1593.25	2.1947317314912902e-46
1593.375	2.23727195145169e-46
1593.5	2.55861970610596e-46
1593.625	2.1651954144760896e-46
1593.75	2.3810344722120095e-46
1593.875	2.50182740271556e-46
1594.0	2.4804290738688398e-46
1594.125	2.29793007155625e-46
1594.25	2.325667700195999e-46
1594.375	2.8278535598572903e-46
1594.5	2.56820143820881e-46
1594.625	2.29613499918009e-46
1594.75	2.28493546696009e-46
1594.875	2.6689930072480893e-46
1595.0	2.469992567641e-46
1595.125	3.0077659663974398e-46
1595.25	2.0913521363406397e-46
1595.375	2.11044275733769e-46
1595.5	2.3636485720224397e-46
1595.625	2.4079544423222502e-46
1595.75	2.3741142540192098e-46
1595.875	2.7517292442556898e-46
1596.0	2.6523063652540886e-46
1596.125	2.5416509181313594e-46
1596.25	2.25008250075625e-46
1596.375	2.79085223752336e-46
1596.5	2.5357355306404904e-46
1596.625	2.40994544952001e-46
1596.75	2.28510356000481e-46
1596.875	2.59461027546436e-46
1597.0	2.67684906044241e-46
1597.125	2.2222419443859598e-46
1597.25	2.2087470431731602e-46
1597.375	2.1607503565908103e-46
1597.5	2.48488909587961e-46
1597.625	2.55160721010001e-46
1597.75	2.563188192016e-46
1597.875	2.96157700448289e-46
1598.0	2.814109920454809e-46
1598.125	2.3470956981475603e-46
1598.25	2.62789258522176e-46
1598.375	2.70947270146576e-46
1598.5	2.6103572355999995e-46
1598.625	2.55943395129361e-46
1598.75	2.5187496038376097e-46
1598.875	2.443169068096e-46
1599.0	2.0237321493043597e-46
1599.125	2.25252010526404e-46
1599.25	2.55250405527364e-46
1599.375	2.7128768088096895e-46
1599.5	2.53753876559716e-46
1599.625	2.2548695318572897e-46
1599.75	2.7553802203824404e-46
1599.875	2.57052856305424e-46
1600.0	2.6208899864056897e-46
1600.125	2.6247978870798404e-46
1600.25	2.36112603793936e-46
1600.375	2.59481710366096e-46
1600.5	2.5963995154240898e-46
1600.625	2.3496177794236894e-46
1600.75	2.33084586683664e-46
1600.875	2.45126900327841e-46
1601.0	2.4446773449529597e-46
1601.125	2.9069939690828094e-46
1601.25	2.6313135231297597e-46
1601.375	2.2451102595086396e-46
1601.5	2.32013458432144e-46
1601.625	2.4203804653518397e-46
1601.75	2.78569051590544e-46
1601.875	3.077501476104811e-46
1602.0	2.7250373008996897e-46
1602.125	2.6587575465580902e-46
1602.25	2.417524315921e-46
1602.375	2.3418600204076893e-46
1602.5	2.1505512719856403e-46
1602.625	2.3128070906305597e-46
1602.75	2.2847193132294398e-46
1602.875	2.39439507711889e-46
1603.0	2.6386126585324896e-46
1603.125	2.34473360625529e-46
1603.25	2.26379136901801e-46
1603.375	2.4970538468076094e-46
1603.5	2.37192987947041e-46
1603.625	2.2117775222611596e-46
1603.75	2.3171589039508897e-46
1603.875	2.83569635904676e-46
1604.0	2.708228103230249e-46
1604.125	2.4750177073172096e-46
1604.25	2.3560616788302398e-46
1604.375	2.47631578306596e-46
1604.5	2.2190115394440894e-46
1604.625	2.1544755900942403e-46
1604.75	2.21112676940164e-46
1604.875	2.4695390186428897e-46
1605.0	2.7752524630992103e-46
1605.125	2.42033783779225e-46
1605.25	2.45951188174561e-46
1605.375	2.6382975380856888e-46
1605.5	2.85801881016976e-46
1605.625	2.8266836080953607e-46
1605.75	2.9554179278624096e-46
1605.875	2.8694317072360893e-46
1606.0	2.57031821612944e-46
1606.125	2.1588454286009996e-46
1606.25	2.184658407481e-46
1606.375	2.4815804869908902e-46
1606.5	2.6146343456856096e-46
1606.625	2.7301574168334396e-46
1606.75	2.8889494954809993e-46
1606.875	2.6002952493576104e-46
1607.0	2.4494077954105594e-46
1607.125	2.8616391230439997e-46
1607.25	2.67409750718224e-46
1607.375	2.58698723164996e-46
1607.5	2.830577434624e-46
1607.625	2.7163381005448898e-46
1607.75	2.7392719315651597e-46
1607.875	2.31165325790884e-46
1608.0	2.1918938706211595e-46
1608.125	2.0396915427772898e-46
1608.25	2.1614706916748097e-46
1608.375	2.40899392232356e-46
1608.5	3.1553095450248103e-46
1608.625	2.59493791833721e-46
1608.75	2.4095800284368398e-46
1608.875	2.4430258935312397e-46
1609.0	2.09050072942096e-46
1609.125	2.5529073195240002e-46
1609.25	2.5208335229968886e-46
1609.375	2.2130665215164102e-46
1609.5	2.31109256389284e-46
1609.625	2.4898914877209995e-46
1609.75	2.53587407127184e-46
1609.875	3.27587990769664e-46
1610.0	2.8706809543105608e-46
1610.125	2.6250318380249997e-46
1610.25	2.6753080686416094e-46
1610.375	2.4634620897639997e-46
1610.5	2.6824134070562503e-46
1610.625	2.72351781511056e-46
1610.75	2.47940106100996e-46
1610.875	2.4509082901212897e-46
1611.0	2.75738013940321e-46
1611.125	2.76756396184009e-46
1611.25	2.2982981449932094e-46
1611.375	2.2522139443488403e-46
1611.5	2.5817336131507595e-46
1611.625	2.5702236269488897e-46
1611.75	2.19931391447056e-46
1611.875	1.88463804716944e-46
1612.0	2.447134606224e-46
1612.125	2.2631420345004898e-46
1612.25	2.4775213314073602e-46
1612.375	2.49326184284356e-46
1612.5	2.5636822831900897e-46
1612.625	2.6095733762227598e-46
1612.75	2.8832742976284903e-46
1612.875	2.9669838575422494e-46
1613.0	2.4116474907039998e-46
1613.125	2.301385482211239e-46
1613.25	2.4791144900161594e-46
1613.375	2.90484266872801e-46
1613.5	3.11251948967556e-46
1613.625	2.4769701422244893e-46
1613.75	2.2785621733864897e-46
1613.875	2.33547715223824e-46
1614.0	2.4795286061736098e-46
1614.125	2.5951508811878398e-46
1614.25	3.10557511060164e-46
1614.375	3.2252557324600897e-46
1614.5	2.84390414926641e-46
1614.625	2.63683945769104e-46
1614.75	2.89827437413761e-46
1614.875	2.7898018728999997e-46
1615.0	2.52252789771024e-46
1615.125	2.4183440965267602e-46
1615.25	2.441296876225e-46
1615.375	2.5489377364444888e-46
1615.5	2.3878080702115597e-46
1615.625	2.41890427691929e-46
1615.75	2.63983758370929e-46
1615.875	2.6660178792302503e-46
1616.0	2.68832587093225e-46
1616.125	2.7468371975222503e-46
1616.25	2.8046227695206403e-46
1616.375	2.40691673806081e-46
1616.5	2.55546057412864e-46
1616.625	2.6952757511702496e-46
1616.75	2.9275545356960387e-46
1616.875	3.04522009412481e-46
1617.0	2.28519879531876e-46
1617.125	2.5858202999619596e-46
1617.25	2.5969586786672404e-46
1617.375	2.3509911037536397e-46
1617.5	2.2824018206439997e-46
1617.625	2.3982818231376895e-46
1617.75	2.3415108158401603e-46
1617.875	2.1856916928722504e-46
1618.0	2.2239393024288395e-46
1618.125	2.5421544089822497e-46
1618.25	2.55998528002116e-46
1618.375	2.5305256495587605e-46
1618.5	1.934914662346409e-46
1618.625	2.2281580666425595e-46
1618.75	2.19367527945721e-46
1618.875	2.46736991442496e-46
1619.0	2.56127503872256e-46
1619.125	2.36279077162384e-46
1619.25	2.2867606351752087e-46
1619.375	2.71089210955369e-46
1619.5	2.7448712592840897e-46
1619.625	2.0935054304040105e-46
1619.75	2.24715809794576e-46
1619.875	2.3293233741864096e-46
1620.0	2.3018157325369596e-46
1620.125	2.8899357403572102e-46
1620.25	2.8769058256513595e-46
1620.375	3.0239909241987596e-46
1620.5	2.9987135443843607e-46
1620.625	2.4324148563240096e-46
1620.75	2.3489268231168097e-46
1620.875	2.2680007597368902e-46
1621.0	2.5696118854008097e-46
1621.125	2.9655237072441594e-46
1621.25	2.41256661288721e-46
1621.375	2.29635714757696e-46
1621.5	2.5157376359992902e-46
1621.625	2.7290048809e-46
1621.75	2.5089302319760898e-46
1621.875	2.70669324024961e-46
1622.0	2.5460159493759995e-46
1622.125	2.14362570547876e-46
1622.25	2.07615505859161e-46
1622.375	2.4324772415280103e-46
1622.5	2.47454198878329e-46
1622.625	2.262301769025e-46
1622.75	2.54295933262281e-46
1622.875	2.5521049764548104e-46
1623.0	2.27398317191824e-46
1623.125	2.4059949701289997e-46
1623.25	2.4146191951202497e-46
1623.375	2.35703616380164e-46
1623.5	2.2733474548537597e-46
1623.625	2.1617200437852097e-46
1623.75	2.15225242690249e-46
1623.875	2.46360052531321e-46
1624.0	2.4113748007440396e-46
1624.125	2.4510228888204896e-46
1624.25	2.4186703680562496e-46
1624.375	2.841094983803039e-46
1624.5	2.78786169065881e-46
1624.625	2.7195344380212094e-46
1624.75	2.7910136183092894e-46
1624.875	2.23640749072129e-46
1625.0	2.44089440183044e-46
1625.125	2.6196523091559997e-46
1625.25	2.5624934068410005e-46
1625.375	2.3314275799416896e-46
1625.5	2.23312914420964e-46
1625.625	2.1253493650208397e-46
1625.75	2.27611353198436e-46
1625.875	2.7047917195500096e-46
1626.0	2.4777627910992094e-46
1626.125	2.6419625443322493e-46
1626.25	2.3805941032227597e-46
1626.375	2.39817063216784e-46
1626.5	2.3152580390478398e-46
1626.625	2.8872313634102507e-46
1626.75	2.3628178253159997e-46
1626.875	2.45541503815696e-46
1627.0	2.3866990161302503e-46
1627.125	2.9790742740002497e-46
1627.25	3.02861311273921e-46
1627.375	2.67678885201025e-46
1627.5	3.067093721344e-46
1627.625	3.1354245283689998e-46
1627.75	2.65856188179409e-46
1627.875	2.64755138604804e-46
1628.0	3.0919181599020104e-46
1628.125	2.90873775420484e-46
1628.25	2.6365598407516893e-46
1628.375	2.53639769349184e-46
1628.5	2.7060223680006395e-46
1628.625	2.56070308826809e-46
1628.75	2.31261729973264e-46
1628.875	2.1811526766307594e-46
1629.0	2.26803840960064e-46
1629.125	2.3392732807048897e-46
1629.25	2.7777298890952898e-46
1629.375	2.75640482675776e-46
1629.5	2.6946575112974396e-46
1629.625	2.7293263637292897e-46
1629.75	2.74217305202064e-46
1629.875	2.6125685728736395e-46
1630.0	2.6865934087056103e-46
1630.125	2.5056373093202504e-46
1630.25	2.7005670129360402e-46
1630.375	2.6879602499999994e-46
1630.5	2.4847730776456897e-46
1630.625	2.3000164129802497e-46
1630.75	2.3726978390209595e-46
1630.875	2.64505140340996e-46
1631.0	2.9382255441000892e-46
1631.125	3.3779502939840092e-46
1631.25	2.775102866496e-46
1631.375	2.861351890119609e-46
1631.5	2.8302291819122497e-46
1631.625	2.90836323797776e-46
1631.75	2.3686909086470404e-46
1631.875	2.7326453841122496e-46
1632.0	2.8818260678736403e-46
1632.125	2.4289188213012103e-46
1632.25	2.6343672617875596e-46
1632.375	3.05212290546276e-46
1632.5	3.0716141209244094e-46
1632.625	2.4879169308942403e-46
1632.75	2.3838810339168394e-46
1632.875	2.7891481675204902e-46
1633.0	3.05238391771329e-46
1633.125	2.8628406504476097e-46
1633.25	2.7772792445924096e-46
1633.375	2.6220913599412903e-46
1633.5	2.62967185685169e-46
1633.625	2.7049249358233597e-46
1633.75	2.841866346028961e-46
1633.875	2.9661361068067597e-46
1634.0	2.65551631020025e-46
1634.125	2.54986892319481e-46
1634.25	2.69779902300484e-46
1634.375	2.7184451509326394e-46
1634.5	2.378109420544001e-46
1634.625	2.7002623462562503e-46
1634.75	2.6536941056656897e-46
1634.875	2.6517972923560002e-46
1635.0	2.43485689824784e-46
1635.125	2.7419836145209597e-46
1635.25	2.9148015838409996e-46
1635.375	2.981154466404e-46
1635.5	2.8663742833689996e-46
1635.625	2.568527088906249e-46
1635.75	2.6360828049632394e-46
1635.875	2.818125012019839e-46
1636.0	2.7382372766439996e-46
1636.125	2.666803311225e-46
1636.25	2.3456766462240396e-46
1636.375	2.41185186299044e-46
1636.5	2.4185842103280396e-46
1636.625	2.5285665275208902e-46
1636.75	2.63463669886096e-46
1636.875	2.932629192562409e-46
1637.0	3.0064834213779593e-46
1637.125	2.8452328408112404e-46
1637.25	2.51607866071104e-46
1637.375	2.8162360890602488e-46
1637.5	3.38098795576369e-46
1637.625	3.2974757405620897e-46
1637.75	2.4386345371238403e-46
1637.875	2.23893912717225e-46
1638.0	2.39673560183236e-46
1638.125	2.6151049089379602e-46
1638.25	2.59855206000625e-46
1638.375	2.4082958412922498e-46
1638.5	2.4519626365753603e-46
1638.625	2.55499061298244e-46
1638.75	2.86250327696356e-46
1638.875	2.80991698519249e-46
1639.0	3.1965442156992402e-46
1639.125	2.7163990817600396e-46
1639.25	2.5214997715136104e-46
1639.375	2.7851013763612906e-46
1639.5	2.6635836119912094e-46
1639.625	2.29101402121216e-46
1639.75	2.7032473081802487e-46
1639.875	2.6609168590848902e-46
1640.0	3.020261999678009e-46
1640.125	2.6969321823092104e-46
1640.25	2.3908844237522493e-46
1640.375	2.3414333883804897e-46
1640.5	2.644542376784009e-46
1640.625	3.3230996705564093e-46
1640.75	3.9864802433358395e-46
1640.875	3.33574609200625e-46
1641.0	2.9920935283356104e-46
1641.125	3.2697611911536098e-46
1641.25	3.491560571755239e-46
1641.375	3.1823199032736402e-46
1641.5	2.9617566716002494e-46
1641.625	2.3991519272641602e-46
1641.75	2.19857069346084e-46
1641.875	2.453793798681e-46
1642.0	2.861927047073611e-46
1642.125	3.02191252555201e-46
1642.25	2.80504983448089e-46
1642.375	2.1360895254468904e-46
1642.5	2.3331682668294403e-46
1642.625	2.658233507281e-46
1642.75	2.471444958889e-46
1642.875	2.87538119388601e-46
1643.0	2.9809465871472403e-46
1643.125	2.47066432412409e-46
1643.25	2.44260889807104e-46
1643.375	2.76006887037025e-46
1643.5	2.8248566943609998e-46
1643.625	2.8782106478409993e-46
1643.75	2.7735997944038397e-46
1643.875	2.9964485892400903e-46
1644.0	3.0152221371602488e-46
1644.125	2.767480117050249e-46
1644.25	2.69981868765625e-46
1644.375	2.25215241451929e-46
1644.5	2.16938050219489e-46
1644.625	2.314655221480809e-46
1644.75	2.90456725069681e-46
1644.875	3.1871104215040003e-46
1645.0	3.2658073868702504e-46
1645.125	3.1925967052992094e-46
1645.25	2.7281766459924897e-46
1645.375	2.6889059967745598e-46
1645.5	2.249826003364e-46
1645.625	2.41049099371536e-46
1645.75	2.6322976006344896e-46
1645.875	2.6842261109766398e-46
1646.0	2.7313065602222496e-46
1646.125	2.8417965550164098e-46
1646.25	2.946808257129e-46
1646.375	2.9586679820684098e-46
1646.5	2.85132808287376e-46
1646.625	2.89680774440121e-46
1646.75	2.4900697980202503e-46
1646.875	2.8352336277510407e-46
1647.0	3.4424052583839994e-46
1647.125	2.64453424576576e-46
1647.25	2.503812850804809e-46
1647.375	2.5284800242802497e-46
1647.5	2.6312411765220102e-46
1647.625	2.30357902582116e-46
1647.75	2.8719240334950397e-46
1647.875	2.786484033452249e-46
1648.0	2.40274955648025e-46
1648.125	2.63559120126016e-46
1648.25	2.4991958023402496e-46
1648.375	2.38630786487041e-46
1648.5	2.3481581233740104e-46
1648.625	2.7023516464656102e-46
1648.75	2.2593547032249998e-46
1648.875	2.28251331624121e-46
1649.0	2.26234538799025e-46
1649.125	2.59042329523264e-46
1649.25	2.8643017036550403e-46
1649.375	2.8224564482822397e-46
1649.5	2.756184018940809e-46
1649.625	2.32930078630209e-46
1649.75	2.3520688263993597e-46
1649.875	2.5151660352562496e-46
1650.0	2.50761445031601e-46
1650.125	2.44380965370721e-46
1650.25	2.6453766856899603e-46
1650.375	2.6563344201022497e-46
1650.5	2.3547467199385604e-46
1650.625	2.7841488712136096e-46
1650.75	3.1823238278676103e-46
1650.875	3.1715998234819595e-46
1651.0	2.7763097495664394e-46
1651.125	2.80255857832336e-46
1651.25	2.67442457054224e-46
1651.375	3.0210746917512104e-46
1651.5	2.7780018934092098e-46
1651.625	2.489241419289e-46
1651.75	2.87323382779456e-46
1651.875	2.7706984052222495e-46
1652.0	2.6253105189609998e-46
1652.125	2.5312275426822397e-46
1652.25	2.9018168547839998e-46
1652.375	3.1916894409e-46
1652.5	2.9844967228441606e-46
1652.625	2.9159988507961603e-46
1652.75	2.379716572689e-46
1652.875	2.44686367142116e-46
1653.0	2.63575582170121e-46
1653.125	2.9958548769744387e-46
1653.25	3.068817254416e-46
1653.375	2.8584363956192103e-46
1653.5	2.4628314881492103e-46
1653.625	2.629447104249e-46
1653.75	2.8827048096089995e-46
1653.875	2.5942311118468898e-46
1654.0	2.8181485142496396e-46
1654.125	2.9640542751204103e-46
1654.25	2.79226038363364e-46
1654.375	2.821666223698561e-46
1654.5	2.48039285043169e-46
1654.625	2.7628011304897597e-46
1654.75	2.68035638778436e-46
1654.875	2.398944066756249e-46
1655.0	2.5033039947988902e-46
1655.125	2.9613849525562504e-46
1655.25	2.7475900213273602e-46
1655.375	2.74524006762756e-46
1655.5	2.7134536473409597e-46
1655.625	2.69136394512129e-46
1655.75	2.5992085088772095e-46
1655.875	3.0201017683359996e-46
1656.0	2.7618015933156087e-46
1656.125	2.6012177058068102e-46
1656.25	2.8772962913402494e-46
1656.375	2.94009972464961e-46
1656.5	3.0753405814920103e-46
1656.625	3.26839429847401e-46
1656.75	2.59869746466576e-46
1656.875	2.58167255597056e-46
1657.0	2.58763964444164e-46
1657.125	2.51939938683456e-46
1657.25	2.48597689854361e-46
1657.375	2.7596658426656404e-46
1657.5	2.97971016614569e-46
1657.625	2.70700287632784e-46
1657.75	2.2167517433759994e-46
1657.875	2.45987197272441e-46
1658.0	2.5321325748097595e-46
1658.125	2.5256758314062497e-46
1658.25	3.1425854802092095e-46
1658.375	2.5925083120782397e-46
1658.5	2.6284933909164104e-46
1658.625	2.5649332543728097e-46
1658.75	2.6846589833504088e-46
1658.875	2.7411305644959997e-46
1659.0	2.1058691186176904e-46
1659.125	2.0561107933102494e-46
1659.25	2.3102480024999995e-46
1659.375	2.6689090354561597e-46
1659.5	3.1902350139044106e-46
1659.625	3.1258172816036105e-46
1659.75	2.30056362776881e-46
1659.875	2.3464881369900103e-46
1660.0	2.4293234244636897e-46
1660.125	2.72958442274116e-46
1660.25	2.6111353954406398e-46
1660.375	2.55288303329536e-46
1660.5	2.43007630044804e-46
1660.625	2.66085324142884e-46
1660.75	3.2729918815374398e-46
1660.875	3.236181165933209e-46
1661.0	2.83509959764516e-46
1661.125	3.3286218162912104e-46
1661.25	3.5245248754352395e-46
1661.375	2.8318353605136396e-46
1661.5	2.6488669211559996e-46
1661.625	3.1204826805254395e-46
1661.75	3.3214519397220087e-46
1661.875	2.52205716332196e-46
1662.0	2.516558672322249e-46
1662.125	3.01814249331204e-46
1662.25	2.7721780471988103e-46
1662.375	2.64641381911204e-46
1662.5	2.8066190330308904e-46
1662.625	2.9438035529025597e-46
1662.75	3.0647747222400396e-46
1662.875	2.82504426705424e-46
1663.0	2.655534235561e-46
1663.125	2.4056565261204096e-46
1663.25	2.4995006061648097e-46
1663.375	3.0032276521132903e-46
1663.5	3.0076688468742396e-46
1663.625	2.9536670784769597e-46
1663.75	2.62134751211776e-46
1663.875	2.89485145433169e-46
1664.0	2.8907239053264108e-46
1664.125	2.8562804948515597e-46
1664.25	2.6160620132002494e-46
1664.375	2.69511486408025e-46
1664.5	2.7387002986236095e-46
1664.625	2.513369500321e-46
1664.75	2.24695093367889e-46
1664.875	2.2475412720720402e-46
1665.0	2.3740079388985598e-46
1665.125	2.3084016323062497e-46
1665.25	2.25733046092225e-46
1665.375	2.828998524191289e-46
1665.5	2.6086297347000904e-46
1665.625	2.315387072288159e-46
1665.75	2.5774825461159995e-46
1665.875	3.0269565821880095e-46
1666.0	3.0799832311416092e-46
1666.125	2.8504939816083595e-46
1666.25	2.7519774113722487e-46
1666.375	2.4289655764932098e-46
1666.5	2.5245018391976088e-46
1666.625	2.980152776081609e-46
1666.75	2.58907022185744e-46
1666.875	2.36492356942864e-46
1667.0	3.07218304190736e-46
1667.125	3.1297363930572103e-46
1667.25	2.892894124201e-46
1667.375	2.257768594121289e-46
1667.5	2.3962922352144394e-46
1667.625	2.6846576725562504e-46
1667.75	2.66912991350784e-46
1667.875	2.49863430370761e-46
1668.0	2.58203408926681e-46
1668.125	2.9524232696868896e-46
1668.25	2.70133154889984e-46
1668.375	2.5616882782562498e-46
1668.5	2.49978645568369e-46
1668.625	2.7709377714595594e-46
1668.75	2.8620072353102404e-46
1668.875	2.8446087657702402e-46
1669.0	2.73251611544976e-46
1669.125	2.7531530394638403e-46
1669.25	2.8518552842896893e-46
1669.375	2.657438905324089e-46
1669.5	2.6123584523526403e-46
1669.625	2.6829617730300098e-46
1669.75	2.63599707948516e-46
1669.875	2.7150556758547598e-46
1670.0	2.9976611220002506e-46
1670.125	2.5490038336e-46
1670.25	2.618202303396e-46
1670.375	2.8614510159897596e-46
1670.5	2.57660989519684e-46
1670.625	2.5965732202099598e-46
1670.75	2.7905772661044097e-46
1670.875	2.73465555798436e-46
1671.0	2.65292982625489e-46
1671.125	2.3928575345049594e-46
1671.25	2.25963098420761e-46
1671.375	2.7452553109134403e-46
1671.5	2.951674842327209e-46
1671.625	2.407384980625e-46
1671.75	2.20293542759521e-46
1671.875	2.66747518413649e-46
1672.0	3.0243982029520896e-46
1672.125	2.60505991479204e-46
1672.25	2.516776009225e-46
1672.375	2.8957059736707604e-46
1672.5	2.72360000108889e-46
1672.625	2.48347152613156e-46
1672.75	2.6799457989159997e-46
1672.875	3.1940509556046393e-46
1673.0	3.0997246842122497e-46
1673.125	2.3240651866322497e-46
1673.25	2.5076648072966394e-46
1673.375	2.9883870945030403e-46
1673.5	2.77551435015625e-46
1673.625	2.6850365053856094e-46
1673.75	2.75062722550225e-46
1673.875	2.5049931020890003e-46
1674.0	2.52426446788356e-46
1674.125	2.7806669731022397e-46
1674.25	2.7928633150704405e-46
1674.375	2.467854054540249e-46
1674.5	2.5986984318944093e-46
1674.625	2.3424106596409596e-46
1674.75	2.6863967223336097e-46
1674.875	2.6275865346822404e-46
1675.0	2.9401710554332897e-46
1675.125	3.20505521518224e-46
1675.25	2.44819565117521e-46
1675.375	2.7323752789040397e-46
1675.5	3.05264913436224e-46
1675.625	2.6968352913793593e-46
1675.75	2.8947990506388085e-46
1675.875	2.8181193043502507e-46
1676.0	2.7341187999924096e-46
1676.125	3.0803058063999997e-46
1676.25	3.0784299115702495e-46
1676.375	2.39959215040689e-46
1676.5	2.27932181240929e-46
1676.625	2.48385921349696e-46
1676.75	2.3473432796576403e-46
1676.875	2.6971381223715597e-46
1677.0	2.71606814328004e-46
1677.125	2.4418753350300102e-46
1677.25	2.37118575809025e-46
1677.375	2.12725462882321e-46
1677.5	2.4783827069439997e-46
1677.625	2.14820848205824e-46
1677.75	2.55921797973136e-46
1677.875	2.8466951311110403e-46
1678.0	2.4975370974560398e-46
1678.125	2.833956766096e-46
1678.25	3.0413330017872394e-46
1678.375	2.7483940091496098e-46
1678.5	2.8939497686176903e-46
1678.625	3.0206697224547595e-46
1678.75	3.172071422961e-46
1678.875	3.13168165047364e-46
1679.0	2.8118869601712394e-46
1679.125	2.76447950972176e-46
1679.25	2.8269210090249997e-46
1679.375	2.5365575937747604e-46
1679.5	3.0484259070656397e-46
1679.625	2.5736969922051597e-46
1679.75	2.8751519405052895e-46
1679.875	3.1306793976307594e-46
1680.0	2.9365277768999994e-46
1680.125	2.43846151349476e-46
1680.25	2.0204987808062502e-46
1680.375	2.4565687816802487e-46
1680.5	2.83284378750916e-46
1680.625	2.590914209644889e-46
1680.75	2.613250068025e-46
1680.875	2.40917955627024e-46
1681.0	2.5036517707662403e-46
1681.125	3.04253295208164e-46
1681.25	3.0412332491342387e-46
1681.375	3.20817246922384e-46
1681.5	3.52763524e-46
1681.625	2.9260876996772094e-46
1681.75	2.55848278486564e-46
1681.875	2.7832732709102496e-46
1682.0	2.96715300881476e-46
1682.125	3.1955466519246394e-46
1682.25	3.492613404462251e-46
1682.375	3.2487726501990395e-46
1682.5	2.9095097157122507e-46
1682.625	2.7877538297862404e-46
1682.75	2.8154940536035595e-46
1682.875	2.88949070244004e-46
1683.0	2.8474476788192405e-46
1683.125	2.8419853635972098e-46
1683.25	3.1146898749825607e-46
1683.375	2.8174246905459595e-46
1683.5	2.3397153179238395e-46
1683.625	2.8867562906884892e-46
1683.75	3.1141615017816902e-46
1683.875	3.06109281168441e-46
1684.0	2.93547775831696e-46
1684.125	2.7998515682104905e-46
1684.25	2.4491101303468902e-46
1684.375	2.53999858141129e-46
1684.5	2.73973504101025e-46
1684.625	2.7723358901088897e-46
1684.75	2.6258300067456894e-46
1684.875	2.6419862753934397e-46
1685.0	2.7038125983907594e-46
1685.125	2.8163643022872894e-46
1685.25	2.968302055951211e-46
1685.375	2.39755370849296e-46
1685.5	2.37476914601796e-46
1685.625	2.82076425307161e-46
1685.75	2.6005919657520097e-46
1685.875	3.3274458789894404e-46
1686.0	3.1963210911456394e-46
1686.125	2.8423919976602486e-46
1686.25	2.4546757943402498e-46
1686.375	2.4557199812316896e-46
1686.5	2.55069455159236e-46
1686.625	3.0736530859456898e-46
1686.75	2.820824379961e-46
1686.875	2.904753701822441e-46
1687.0	2.724160153009e-46
1687.125	2.1755831102016398e-46
1687.25	2.0676395214552098e-46
1687.375	2.78722123470729e-46
1687.5	3.267241702131689e-46
1687.625	3.2062250822422495e-46
1687.75	3.199387947698889e-46
1687.875	2.7277779355219603e-46
1688.0	2.47712280698884e-46
1688.125	3.0235064686228905e-46
1688.25	3.077524632656249e-46
1688.375	2.80593454853776e-46
1688.5	2.6039583013622503e-46
1688.625	2.8421448443024398e-46
1688.75	2.55554657849929e-46
1688.875	2.63558957781001e-46
1689.0	2.7180781469402488e-46
1689.125	2.8441746523176095e-46
1689.25	2.59007437189264e-46
1689.375	2.86985419134736e-46
1689.5	2.5625359877392903e-46
1689.625	2.53231302777049e-46
1689.75	2.6834970899268902e-46
1689.875	2.70170958386884e-46
1690.0	3.126287586787209e-46
1690.125	3.2923108161507597e-46
1690.25	2.6962845241468904e-46
1690.375	3.1449897670616094e-46
1690.5	3.452616995259609e-46
1690.625	3.0336672846547606e-46
1690.75	2.72249538000196e-46
1690.875	3.02300188315524e-46
1691.0	2.9353156801416895e-46
1691.125	2.16013919497744e-46
1691.25	2.56285263423744e-46
1691.375	2.73000804925696e-46
1691.5	2.4939632869036904e-46
1691.625	2.8215644298516907e-46
1691.75	2.9126177003044904e-46
1691.875	3.090034161510489e-46
1692.0	2.413896683584e-46
1692.125	2.7193022495424898e-46
1692.25	2.6886226488039995e-46
1692.375	2.7669980341561597e-46
1692.5	2.366843787025e-46
1692.625	2.6326918672718394e-46
1692.75	3.0893567235235598e-46
1692.875	3.1887519898392897e-46
1693.0	2.64722401765264e-46
1693.125	2.5867353605556094e-46
1693.25	2.5143531545094397e-46
1693.375	2.9233473064440107e-46
1693.5	2.93230896528196e-46
1693.625	2.8491978210748887e-46
1693.75	2.96901571412224e-46
1693.875	3.27009681061281e-46
1694.0	3.3023623079440895e-46
1694.125	3.0998588436505598e-46
1694.25	2.8529635455552407e-46
1694.375	2.3315570629696898e-46
1694.5	2.32308717772329e-46
1694.625	2.8397763587649602e-46
1694.75	2.6977142707839998e-46
1694.875	2.804328699769e-46
1695.0	3.07532234340409e-46
1695.125	3.2427520641544897e-46
1695.25	3.5840282814089986e-46
1695.375	3.5221560303846395e-46
1695.5	3.1618729010233597e-46
1695.625	3.3146502660476088e-46
1695.75	2.88758718381604e-46
1695.875	2.8428654291840097e-46
1696.0	2.8455199383156102e-46
1696.125	2.38180359546649e-46
1696.25	2.48971697072569e-46
1696.375	3.0621689089491597e-46
1696.5	2.891584957249209e-46
1696.625	3.1886327056804897e-46
1696.75	3.4457847198062508e-46
1696.875	3.3268640073424897e-46
1697.0	2.9871726366672102e-46
1697.125	2.7952078126562496e-46
1697.25	2.84130264794896e-46
1697.375	3.350361597440489e-46
1697.5	2.5048712343622496e-46
1697.625	2.2574936290176403e-46
1697.75	2.4429655614012094e-46
1697.875	2.6217603880620087e-46
1698.0	2.73993996039696e-46
1698.125	3.2010988730822493e-46
1698.25	2.6539567095896097e-46
1698.375	2.47184208300649e-46
1698.5	2.59672888268161e-46
1698.625	2.8733843512359997e-46
1698.75	2.9272992585990397e-46
1698.875	2.78129266675264e-46
1699.0	2.7085993789932893e-46
1699.125	2.7211369406516102e-46
1699.25	2.545744700521e-46
1699.375	2.87186472016929e-46
1699.5	2.65054908177049e-46
1699.625	2.99529549114084e-46
1699.75	2.9504527524192395e-46
1699.875	2.6450078171040002e-46
1700.0	2.6241813045562497e-46
1700.125	2.8573858967041594e-46
1700.25	2.553520904676e-46
1700.375	2.67000861505921e-46
1700.5	2.9855554713759998e-46
1700.625	2.70930480721156e-46
1700.75	2.9503895418320397e-46
1700.875	3.114983199692249e-46
1701.0	2.7947069376012887e-46
1701.125	3.3896551015225597e-46
1701.25	2.495524756729e-46
1701.375	2.1639219057562497e-46
1701.5	2.7070686886158404e-46
1701.625	3.4119010585422395e-46
1701.75	2.97814817465344e-46
1701.875	3.06650460827844e-46
1702.0	2.72733103124689e-46
1702.125	2.30094859778884e-46
1702.25	2.6080263587822503e-46
1702.375	2.6986170489102403e-46
1702.5	2.8286924152608894e-46
1702.625	2.98381333543524e-46
1702.75	2.8153698871609594e-46
1702.875	2.9806479028980904e-46
1703.0	2.65942775293504e-46
1703.125	2.9027136317190407e-46
1703.25	3.61058940405601e-46
1703.375	3.01686642218641e-46
1703.5	2.8341904318291594e-46
1703.625	2.9696219257328092e-46
1703.75	2.8995792647880103e-46
1703.875	2.84732989685089e-46
1704.0	2.739641025633209e-46
1704.125	3.05263865127204e-46
1704.25	3.0926482844932907e-46
1704.375	3.3104852727812096e-46
1704.5	3.18174408453136e-46
1704.625	2.70671396984836e-46
1704.75	2.6330394304944903e-46
1704.875	3.02128639895104e-46
1705.0	2.7105377989152103e-46
1705.125	2.5748027770086398e-46
1705.25	3.1957136168048104e-46
1705.375	3.2862866222192396e-46
1705.5	2.92162000006009e-46
1705.625	2.5652615807635602e-46
1705.75	2.5254673277496097e-46
1705.875	2.3088854163028904e-46
1706.0	2.5490191605990396e-46
1706.125	2.6817927139240005e-46
1706.25	2.8467329248569594e-46
1706.375	2.8075686715160105e-46
1706.5	2.7795161607816096e-46
1706.625	2.3681073348633596e-46
1706.75	2.6439546989856397e-46
1706.875	2.80506021842596e-46
1707.0	2.9194697863993606e-46
1707.125	3.3363276439068902e-46
1707.25	3.4240593575779597e-46
1707.375	3.0541130999244097e-46
1707.5	3.00493626901504e-46
1707.625	3.1924105251312386e-46
1707.75	3.4107285991296396e-46
1707.875	2.94031577727801e-46
1708.0	3.14949868567929e-46
1708.125	2.9190494747107598e-46
1708.25	2.6011406131470394e-46
1708.375	2.916428164678089e-46
1708.5	2.8392030950422502e-46
1708.625	3.02478150826201e-46
1708.75	3.0257544893241604e-46
1708.875	2.87820521895076e-46
1709.0	2.6415012726841598e-46
1709.125	3.012090761013759e-46
1709.25	2.70217838396416e-46
1709.375	2.49794990449216e-46
1709.5	3.1621001546702498e-46
1709.625	2.87737024872969e-46
1709.75	2.8049279083056097e-46
1709.875	3.1096120066446403e-46
1710.0	2.7932620743302498e-46
1710.125	2.5697997605402502e-46
1710.25	2.9268913858560007e-46
1710.375	2.61796477375876e-46
1710.5	2.8699307635690007e-46
1710.625	3.220625769944041e-46
1710.75	3.552293871008999e-46
1710.875	2.851592521822811e-46
1711.0	2.55680483760144e-46
1711.125	2.9030581371976902e-46
1711.25	2.7488227402147597e-46
1711.375	2.63408063482201e-46
1711.5	2.6371872945756102e-46
1711.625	2.6953095709040396e-46
1711.75	3.3536168377168892e-46
1711.875	3.111053584360409e-46
1712.0	2.6750905333561596e-46
1712.125	3.0561941493667598e-46
1712.25	2.9834747801664408e-46
1712.375	3.0063155801289987e-46
1712.5	2.9993601883292092e-46
1712.625	2.74731685801024e-46
1712.75	2.8298425960249596e-46
1712.875	2.7950774069522498e-46
1713.0	2.9715719410950404e-46
1713.125	2.7777842222259603e-46
1713.25	2.9049367501562495e-46
1713.375	2.73927921389824e-46
1713.5	2.4526635720432404e-46
1713.625	2.6941184561289997e-46
1713.75	3.0171412080639987e-46
1713.875	2.57458551615225e-46
1714.0	2.71496735756964e-46
1714.125	2.789499228184361e-46
1714.25	3.358352388528639e-46
1714.375	3.0299184716892105e-46
1714.5	3.0611624460768394e-46
1714.625	2.9060273196147592e-46
1714.75	2.44100282916681e-46
1714.875	3.2184234420122498e-46
1715.0	3.1625984342041602e-46
1715.125	3.27268650562624e-46
1715.25	3.3498103038516893e-46
1715.375	2.88461317254201e-46
1715.5	2.6749567453702495e-46
1715.625	2.8092056166922497e-46
1715.75	2.8306474242278397e-46
1715.875	2.4837271442402492e-46
1716.0	2.74051900667169e-46
1716.125	3.30294930264324e-46
1716.25	3.2904984075236096e-46
1716.375	2.54681924985049e-46
1716.5	2.7836746818510394e-46
1716.625	2.69252491477225e-46
1716.75	3.080642790976e-46
1716.875	3.47881100768041e-46
1717.0	3.2353062211984903e-46
1717.125	3.10873706455321e-46
1717.25	3.0976953927344107e-46
1717.375	3.4007881638307598e-46
1717.5	3.4579462856691594e-46
1717.625	3.13852616764996e-46
1717.75	3.105571938526891e-46
1717.875	3.205590527305689e-46
1718.0	3.17810557326564e-46
1718.125	3.518567865597161e-46
1718.25	3.39664605120064e-46
1718.375	3.4223878909180905e-46
1718.5	3.074045110320251e-46
1718.625	2.635114253112249e-46
1718.75	2.593463849352249e-46
1718.875	2.82929253891001e-46
1719.0	2.3457354585043603e-46
1719.125	2.3207640127491602e-46
1719.25	2.80199075765904e-46
1719.375	3.1883648601604904e-46
1719.5	3.29159413848001e-46
1719.625	3.2073127809678394e-46
1719.75	2.9267408359839996e-46
1719.875	3.1760318903062504e-46
1720.0	3.10957885464004e-46
1720.125	3.2106296633290005e-46
1720.25	3.1219921510559997e-46
1720.375	2.9567507499202508e-46
1720.5	2.9745973337444097e-46
1720.625	2.9412891413496892e-46
1720.75	3.1436506289764897e-46
1720.875	3.3669879221731594e-46
1721.0	3.4139335770988894e-46
1721.125	3.48263488388761e-46
1721.25	3.1025951321422488e-46
1721.375	2.80993911214129e-46
1721.5	2.660369772096e-46
1721.625	2.7891391491265593e-46
1721.75	2.7743679359635594e-46
1721.875	2.9777509245792095e-46
1722.0	2.8617781773768103e-46
1722.125	2.4597631271142397e-46
1722.25	2.6587295008332097e-46
1722.375	2.8396149223864903e-46
1722.5	2.9638077409836893e-46
1722.625	3.21507348751876e-46
1722.75	2.9456695568020906e-46
1722.875	2.6658261926016398e-46
1723.0	2.64487673507929e-46
1723.125	3.1872921623412102e-46
1723.25	2.940130931761e-46
1723.375	2.5932670593337603e-46
1723.5	2.64106929368689e-46
1723.625	2.80250199455625e-46
1723.75	2.88971848685584e-46
1723.875	2.855205046119039e-46
1724.0	3.0607198087756893e-46
1724.125	2.96037351301696e-46
1724.25	3.3562474496409607e-46
1724.375	3.5909143328526396e-46
1724.5	3.2062071763322494e-46
1724.625	2.7491201858184083e-46
1724.75	2.8146444071760395e-46
1724.875	2.8015927148568098e-46
1725.0	2.77093044716544e-46
1725.125	2.7575156408136096e-46
1725.25	2.660606281632249e-46
1725.375	2.75505355509316e-46
1725.5	3.1168115839603606e-46
1725.625	3.145135543209e-46
1725.75	2.977602523443609e-46
1725.875	2.58630724e-46
1726.0	2.6740134551292093e-46
1726.125	3.388911337280159e-46
1726.25	2.9532968985528098e-46
1726.375	2.7284141683974394e-46
1726.5	3.10608301590889e-46
1726.625	2.9242771586832403e-46
1726.75	2.7716469421369597e-46
1726.875	3.1080808506250007e-46
1727.0	3.1078322761202503e-46
1727.125	2.807289861909609e-46
1727.25	2.8468115501500892e-46
1727.375	2.6321811110400397e-46
1727.5	2.58660444389776e-46
1727.625	2.5789308690249997e-46
1727.75	3.1718872670284898e-46
1727.875	3.11578911953604e-46
1728.0	2.6962585800294397e-46
1728.125	2.8282295831028095e-46
1728.25	3.0484842228828093e-46
1728.375	2.52441222783201e-46
1728.5	2.7258673706040094e-46
1728.625	2.9483448385502502e-46
1728.75	2.92635387214921e-46
1728.875	3.10822435844649e-46
1729.0	3.2545256841241596e-46
1729.125	3.2572687488902503e-46
1729.25	2.9254295050876887e-46
1729.375	2.48320426010596e-46
1729.5	2.861023399936e-46
1729.625	2.8326616784316904e-46
1729.75	2.59890058663236e-46
1729.875	2.7827984888528404e-46
1730.0	2.966189496716409e-46
1730.125	2.6577238658572894e-46
1730.25	2.93768013474244e-46
1730.375	2.9727963275640095e-46
1730.5	3.1062705389822507e-46
1730.625	3.19077087327441e-46
1730.75	2.6482706262606397e-46
1730.875	2.83882465811344e-46
1731.0	3.0859492159689997e-46
1731.125	3.1696293872320903e-46
1731.25	3.1078417958118395e-46
1731.375	3.1681458210979596e-46
1731.5	2.9835981087902503e-46
1731.625	3.14971591058721e-46
1731.75	2.9970021966990393e-46
1731.875	2.9003173118112397e-46
1732.0	3.2516380722540102e-46
1732.125	3.04873215863161e-46
1732.25	3.0682199183222506e-46
1732.375	3.14695643353569e-46
1732.5	3.0343455571312903e-46
1732.625	3.2199783071280396e-46
1732.75	3.0055662469176107e-46
1732.875	3.1728059626638406e-46
1733.0	3.1951701925152093e-46
1733.125	2.8971883243464092e-46
1733.25	3.182998537216e-46
1733.375	3.0305225129281597e-46
1733.5	3.3266699398392097e-46
1733.625	3.26864559724816e-46
1733.75	2.94379600360036e-46
1733.875	3.0456410161522505e-46
1734.0	3.03567096773329e-46
1734.125	2.78643696005376e-46
1734.25	2.5099393161294397e-46
1734.375	2.5075526924451595e-46
1734.5	2.3994418937742395e-46
1734.625	2.8902594258216908e-46
1734.75	3.36142999645209e-46
1734.875	3.4647924628620902e-46
1735.0	3.30162273255424e-46
1735.125	3.8132888019073584e-46
1735.25	3.1472619179457607e-46
1735.375	3.57163658703076e-46
1735.5	3.13902329509521e-46
1735.625	2.63544119657764e-46
1735.75	2.4862364298241596e-46
1735.875	2.6415974895206395e-46
1736.0	2.9379255798288397e-46
1736.125	3.1437474373945597e-46
1736.25	2.74236282726561e-46
1736.375	3.05715048814681e-46
1736.5	2.78166991798921e-46
1736.625	2.37220248625936e-46
1736.75	3.34685839725241e-46
1736.875	3.74346497057296e-46
1737.0	3.2925075079182394e-46
1737.125	2.97524378721025e-46
1737.25	3.4189148993486397e-46
1737.375	3.4272180148600903e-46
1737.5	3.21454348005904e-46
1737.625	3.0831359961732093e-46
1737.75	3.1441187274556893e-46
1737.875	3.0824877571022493e-46
1738.0	2.6097417054302498e-46
1738.125	2.869435095116489e-46
1738.25	2.7978373066716896e-46
1738.375	2.6250904894116103e-46
1738.5	2.8699951392360003e-46
1738.625	3.44008903065529e-46
1738.75	3.4045312868238393e-46
1738.875	3.2227749946392092e-46
1739.0	3.2931535111430405e-46
1739.125	3.16631703045904e-46
1739.25	3.0799284757562507e-46
1739.375	2.9617301686368396e-46
1739.5	2.9537540414712102e-46
1739.625	2.57272104407616e-46
1739.75	2.71298848207104e-46
1739.875	3.12887029863769e-46
1740.0	3.2845345919122493e-46
1740.125	2.74893680886724e-46
1740.25	2.98473167693376e-46
1740.375	3.0796575139620896e-46
1740.5	3.26086271663881e-46
1740.625	3.2338062828736892e-46
1740.75	2.6963554605988893e-46
1740.875	2.6733662658662404e-46
1741.0	2.939655984306249e-46
1741.125	2.9539355335828897e-46
1741.25	2.8219504499024402e-46
1741.375	3.1729067814902494e-46
1741.5	3.06717918596496e-46
1741.625	3.10884356039569e-46
1741.75	3.2793801786548098e-46
1741.875	2.8738322156916106e-46
1742.0	2.8444360608793596e-46
1742.125	3.14109124319376e-46
1742.25	3.2673985994680903e-46
1742.375	3.2360768283180085e-46
1742.5	3.3747438846657596e-46
1742.625	3.4895741888160398e-46
1742.75	3.30977462441796e-46
1742.875	2.914030627630241e-46
1743.0	2.8765391309176906e-46
1743.125	3.06569003028544e-46
1743.25	3.0313881201792397e-46
1743.375	2.71086082654864e-46
1743.5	2.64635981028496e-46
1743.625	2.8017908957960086e-46
1743.75	3.22761202389136e-46
1743.875	3.294017004283289e-46
1744.0	2.9981802108451598e-46
1744.125	2.9174190884611596e-46
1744.25	2.69701363772569e-46
1744.375	2.42668444796761e-46
1744.5	2.6556958924563596e-46
1744.625	2.95282741866849e-46
1744.75	2.925672385324089e-46
1744.875	3.0560231780522494e-46
1745.0	3.0155176864051597e-46
1745.125	3.21016452292624e-46
1745.25	3.1968957241822496e-46
1745.375	3.065413042390409e-46
1745.5	2.7659401940545597e-46
1745.625	2.78146711308361e-46
1745.75	3.337602340392359e-46
1745.875	3.5813446716248105e-46
1746.0	2.9798368693761607e-46
1746.125	2.5905266248276896e-46
1746.25	2.54152943730625e-46
1746.375	2.879376620630759e-46
1746.5	2.7374956625364104e-46
1746.625	2.9534147899200403e-46
1746.75	2.421876090148839e-46
1746.875	2.7008822147832098e-46
1747.0	2.8922968161651602e-46
1747.125	2.98043071877776e-46
1747.25	2.92460515581529e-46
1747.375	2.8520778650521596e-46
1747.5	2.972169104004e-46
1747.625	2.69852735568025e-46
1747.75	2.857923801060249e-46
1747.875	3.2246588030222506e-46
1748.0	3.499656923169e-46
1748.125	2.95247687969529e-46
1748.25	2.9426537684722492e-46
1748.375	2.75890804421521e-46
1748.5	3.2805704139902502e-46
1748.625	3.2269484103668105e-46
1748.75	3.18245869265809e-46
1748.875	3.38042348421184e-46
1749.0	2.9737812606902505e-46
1749.125	3.55102705300561e-46
1749.25	3.3310527937358395e-46
1749.375	2.69850107223225e-46
1749.5	2.79275669440849e-46
1749.625	2.9797357137192103e-46
1749.75	2.9609908870089998e-46
1749.875	2.72932933745124e-46
1750.0	2.8167754769550402e-46
1750.125	2.8613819998439995e-46
1750.25	2.9953422200124886e-46
1750.375	3.2799386858120094e-46
1750.5	3.3501024179122493e-46
1750.625	2.9528899680062507e-46
1750.75	2.7356025367764894e-46
1750.875	2.805721145823691e-46
1751.0	2.62050469848729e-46
1751.125	2.96656599533284e-46
1751.25	3.32032683271696e-46
1751.375	3.210728931090489e-46
1751.5	3.1225720798160093e-46
1751.625	3.25530579361156e-46
1751.75	3.1648744452883607e-46
1751.875	2.7632635648648904e-46
1752.0	2.921030330044841e-46
1752.125	3.0534179433702397e-46
1752.25	2.76055932134761e-46
1752.375	2.9643720989190403e-46
1752.5	2.743351884464889e-46
1752.625	3.0802685988163604e-46
1752.75	3.860947153998489e-46
1752.875	3.430045123851609e-46
1753.0	3.11504214868324e-46
1753.125	3.117156209208999e-46
1753.25	2.953637174502011e-46
1753.375	2.85515840961796e-46
1753.5	2.8102914787777596e-46
1753.625	3.24543900070404e-46
1753.75	3.4298317723802506e-46
1753.875	3.277457640625001e-46
1754.0	2.9926927495880104e-46
1754.125	2.9096618686836105e-46
1754.25	2.7339045083752893e-46
1754.375	2.6348847229958403e-46
1754.5	3.0364313627888102e-46
1754.625	3.39422257109056e-46
1754.75	3.004960191020409e-46
1754.875	2.48752545715881e-46
1755.0	2.8542085272640906e-46
1755.125	3.0826053902249993e-46
1755.25	3.0773849929552902e-46
1755.375	2.8475077519360005e-46
1755.5	2.62619785980304e-46
1755.625	2.8562473699009606e-46
1755.75	3.1671811732377598e-46
1755.875	3.0814793646444895e-46
1756.0	2.894716702936891e-46
1756.125	2.97249529337476e-46
1756.25	2.79466815342121e-46
1756.375	3.0000890018522506e-46
1756.5	3.0561854083860102e-46
1756.625	2.88966170990025e-46
1756.75	2.9556073793440004e-46
1756.875	2.9978810107210004e-46
1757.0	3.1913871671811592e-46
1757.125	2.7654941655062497e-46
1757.25	3.19721864269824e-46
1757.375	2.83151765568996e-46
1757.5	3.028453008074009e-46
1757.625	3.115369731680999e-46
1757.75	3.088626987601e-46
1757.875	3.0585539719328407e-46
1758.0	3.27341053019761e-46
1758.125	2.8445979715609597e-46
1758.25	2.50899454117636e-46
1758.375	2.9150815843209998e-46
1758.5	2.5813904169043604e-46
1758.625	2.487687279392161e-46
1758.75	2.7678720690792894e-46
1758.875	2.9446968409416106e-46
1759.0	2.674807914256e-46
1759.125	2.7815851926722503e-46
1759.25	3.0193104060256903e-46
1759.375	2.7375026115999998e-46
1759.5	2.7142773380409594e-46
1759.625	3.080390050816e-46
1759.75	3.0425346963676894e-46
1759.875	3.2722693504222504e-46
1760.0	2.95771685544196e-46
1760.125	3.682980889168361e-46
1760.25	3.9441578688921595e-46
1760.375	3.2874371332668093e-46
1760.5	3.2745768810726397e-46
1760.625	3.2673577479555606e-46
1760.75	3.0584392469923604e-46
1760.875	3.113612351757609e-46
1761.0	3.2636843254889993e-46
1761.125	3.29130059531364e-46
1761.25	3.3277643794992094e-46
1761.375	3.6322745140972894e-46
1761.5	3.1527539395201598e-46
1761.625	3.0051786137340105e-46
1761.75	3.0668902222652102e-46
1761.875	3.1209974565902505e-46
1762.0	2.62276437892401e-46
1762.125	2.72997863886609e-46
1762.25	2.90486721156241e-46
1762.375	2.9234143302002495e-46
1762.5	2.89988577960601e-46
1762.625	2.8641652958402497e-46
1762.75	2.9596653672768403e-46
1762.875	2.7719612702726396e-46
1763.0	3.2977742805062502e-46
1763.125	3.38141529390625e-46
1763.25	3.4326329089795595e-46
1763.375	3.3156083445134395e-46
1763.5	3.2873033257008393e-46
1763.625	3.0621629592736897e-46
1763.75	2.992505918973209e-46
1763.875	3.43536735145536e-46
1764.0	2.9657627353209997e-46
1764.125	2.5822282029196896e-46
1764.25	2.6399132979609998e-46
1764.375	2.962843739455691e-46
1764.5	3.3034531056321603e-46
1764.625	3.2757018120999996e-46
1764.75	3.0202800737620893e-46
1764.875	3.1994637883202503e-46
1765.0	3.1418470026553597e-46
1765.125	2.94301195833681e-46
1765.25	2.9597988693235598e-46
1765.375	2.93957985911209e-46
1765.5	3.1785009937920103e-46
1765.625	3.06438293933641e-46
1765.75	2.7642620364489998e-46
1765.875	3.016376979983999e-46
1766.0	2.65024920331396e-46
1766.125	2.70202320860224e-46
1766.25	3.3873084714816403e-46
1766.375	3.072967278741611e-46
1766.5	2.61656246827264e-46
1766.625	2.5314591951360003e-46
1766.75	3.051110060003289e-46
1766.875	3.2738675644422403e-46
1767.0	3.0801499572673603e-46
1767.125	3.0015853560705604e-46
1767.25	3.278210799889e-46
1767.375	3.1686783981152403e-46
1767.5	2.9973377097804097e-46
1767.625	2.67851684130625e-46
1767.75	2.9419813636202496e-46
1767.875	2.87050813745476e-46
1768.0	3.0992158906809995e-46
1768.125	2.7121317203960096e-46
1768.25	3.1763943884336404e-46
1768.375	3.5778021357624104e-46
1768.5	3.4045401434881598e-46
1768.625	3.2480153110700094e-46
1768.75	2.5830600175380097e-46
1768.875	3.4467077252672097e-46
1769.0	3.34891244401156e-46
1769.125	3.0480606602041606e-46
1769.25	2.69649405210025e-46
1769.375	2.6191460561817597e-46
1769.5	2.94311008695025e-46
1769.625	2.91740713215561e-46
1769.75	3.1485127491440097e-46
1769.875	3.1593430776068094e-46
1770.0	2.1552588864e-46
1770.125	2.67100120867204e-46
1770.25	3.8016826039321595e-46
1770.375	3.543032208271359e-46
1770.5	2.8893125608848407e-46
1770.625	2.75093339339844e-46
1770.75	3.1733848911600896e-46
1770.875	3.19085197057936e-46
1771.0	2.7894958878265597e-46
1771.125	3.2016868185456404e-46
1771.25	3.39083424551524e-46
1771.375	3.2018682587522493e-46
1771.5	3.4517493068545596e-46
1771.625	3.3666543391802505e-46
1771.75	2.834681026531211e-46
1771.875	3.1284875287596104e-46
1772.0	2.55143597436225e-46
1772.125	2.65143155869089e-46
1772.25	3.12495349741444e-46
1772.375	2.961072795418239e-46
1772.5	3.0187835837460907e-46
1772.625	3.3887077368424892e-46
1772.75	3.2997619857100905e-46
1772.875	3.2204613857473594e-46
1773.0	2.5732211863516894e-46
1773.125	2.5770831246361597e-46
1773.25	2.8262935658905597e-46
1773.375	2.92180152785284e-46
1773.5	3.0272269554918398e-46
1773.625	3.2650899859359997e-46
1773.75	3.15033177682276e-46
1773.875	3.67111309702201e-46
1774.0	3.356658564465961e-46
1774.125	2.9849562740467604e-46
1774.25	3.2649775942400097e-46
1774.375	3.33925443735129e-46
1774.5	3.102723717025001e-46
1774.625	2.71530778632481e-46
1774.75	2.87116486918144e-46
1774.875	3.16529394960529e-46
1775.0	3.1633852338446408e-46
1775.125	3.02042536355641e-46
1775.25	2.9546347428060103e-46
1775.375	2.93595408159876e-46
1775.5	3.4157512002600094e-46
1775.625	3.437564440489e-46
1775.75	2.65133972214225e-46
1775.875	3.0278338605158397e-46
1776.0	3.0657894828481598e-46
1776.125	2.92621120493584e-46
1776.25	3.4349547804416103e-46
1776.375	3.3521310949827595e-46
1776.5	2.67649076480256e-46
1776.625	3.2178755787984402e-46
1776.75	3.407387050738809e-46
1776.875	3.18600437781924e-46
1777.0	2.61569422379664e-46
1777.125	2.50924988534544e-46
1777.25	2.931820609536e-46
1777.375	2.8002233824142398e-46
1777.5	2.8934891124708104e-46
1777.625	2.63187935332624e-46
1777.75	2.838493757089001e-46
1777.875	2.8707548266320403e-46
1778.0	2.9134048555260088e-46
1778.125	2.6964129329456402e-46
1778.25	2.9963533836048406e-46
1778.375	3.30151225764096e-46
1778.5	3.529028626326809e-46
1778.625	3.06048538143049e-46
1778.75	2.7882951587972104e-46
1778.875	2.901069419406759e-46
1779.0	2.76300790800804e-46
1779.125	2.9406028309059597e-46
1779.25	3.1515228589584106e-46
1779.375	3.325957191608489e-46
1779.5	2.9497224365953596e-46
1779.625	3.1342513636948898e-46
1779.75	2.9464258050433605e-46
1779.875	2.8185846662688094e-46
1780.0	3.0234939491080895e-46
1780.125	3.0537034757280108e-46
1780.25	2.887671469224999e-46
1780.375	2.84367682872025e-46
1780.5	2.71288207947241e-46
1780.625	3.3705982073772093e-46
1780.75	3.519432280225e-46
1780.875	3.29861004629776e-46
1781.0	2.9295238968590393e-46
1781.125	3.3923241193716896e-46
1781.25	3.2392145276112396e-46
1781.375	3.500894337983289e-46
1781.5	2.6258782961184396e-46
1781.625	3.378906447672039e-46
1781.75	3.8084896368390406e-46
1781.875	4.0974823973312086e-46
1782.0	3.6517788229838404e-46
1782.125	3.14217882820864e-46
1782.25	3.5588041493284895e-46
1782.375	3.6419867432009996e-46
1782.5	3.158412471179289e-46
1782.625	3.2790694345640103e-46
1782.75	3.66213937538089e-46
1782.875	3.3397832970547606e-46
1783.0	3.55702127244489e-46
1783.125	3.556569399591611e-46
1783.25	3.0095251416828903e-46
1783.375	3.262123638225e-46
1783.5	3.1386101415112896e-46
1783.625	2.93217060510724e-46
1783.75	2.8764580609537604e-46
1783.875	2.832606811225001e-46
1784.0	2.9153622812262404e-46
1784.125	2.8261062879472893e-46
1784.25	2.9748153400840904e-46
1784.375	3.034707890905689e-46
1784.5	3.71636387404129e-46
1784.625	3.4502033452672894e-46
1784.75	3.15072724082944e-46
1784.875	3.384599481929611e-46
1785.0	3.02042432079424e-46
1785.125	2.6152142279737606e-46
1785.25	2.5319788606924904e-46
1785.375	3.05727113382916e-46
1785.5	3.596985351184e-46
1785.625	3.2457106741273608e-46
1785.75	3.553303793436811e-46
1785.875	3.581817041247209e-46
1786.0	3.0439756474204894e-46
1786.125	3.07710923139481e-46
1786.25	3.363165736120961e-46
1786.375	3.2502017779585607e-46
1786.5	3.04886276546049e-46
1786.625	3.32883382088464e-46
1786.75	3.4020278960056905e-46
1786.875	3.173499970624e-46
1787.0	3.0018511287420105e-46
1787.125	3.2759609934745607e-46
1787.25	3.1528203472948894e-46
1787.375	3.2139877004960406e-46
1787.5	3.512551422072039e-46
1787.625	3.4119568421928893e-46
1787.75	3.15597214683136e-46
1787.875	3.4945045663683603e-46
1788.0	3.117656585307689e-46
1788.125	3.38762283006016e-46
1788.25	3.4330857327374396e-46
1788.375	3.679436763321641e-46
1788.5	3.463946324224e-46
1788.625	3.0007499986492906e-46
1788.75	3.0119307465722508e-46
1788.875	2.7867217434952897e-46
1789.0	2.834744668900001e-46
1789.125	2.92720823755396e-46
1789.25	2.9545539548185607e-46
1789.375	2.5455175008368404e-46
1789.5	2.7922887908044893e-46
1789.625	2.73141894270025e-46
1789.75	2.884749047334009e-46
1789.875	3.1632073772646396e-46
1790.0	3.87600688130929e-46
1790.125	3.5926442704998394e-46
1790.25	3.0895005015062493e-46
1790.375	3.277390295020959e-46
1790.5	3.44361989202049e-46
1790.625	4.0620552292068095e-46
1790.75	2.9024052638380902e-46
1790.875	2.7982889467956903e-46
1791.0	2.8966821380816398e-46
1791.125	3.2711428386260093e-46
1791.25	3.303404395729e-46
1791.375	2.8717803268358393e-46
1791.5	2.9395606565160894e-46
1791.625	2.9490111010922493e-46
1791.75	2.7508856261043603e-46
1791.875	2.9385196953632093e-46
1792.0	3.1208741467201602e-46
1792.125	3.2651669627152893e-46
1792.25	3.3711912352641603e-46
1792.375	3.32693514252544e-46
1792.5	3.3706371289702506e-46
1792.625	2.8845095701633597e-46
1792.75	2.9959209959544102e-46
1792.875	2.8936918783102498e-46
1793.0	3.2159058810480902e-46
1793.125	3.7048923812140895e-46
1793.25	3.25720413771076e-46
1793.375	2.96216421261721e-46
1793.5	2.923962859608009e-46
1793.625	3.4792847737128107e-46
1793.75	3.58556530776921e-46
1793.875	3.905086615092639e-46
1794.0	3.61071595549456e-46
1794.125	3.1650043143068096e-46
1794.25	3.17154568439556e-46
1794.375	2.78191409423041e-46
1794.5	3.2463369354883598e-46
1794.625	3.96242346670569e-46
1794.75	3.3531817377302494e-46
1794.875	2.8620955451744092e-46
1795.0	2.8446650983822498e-46
1795.125	2.9361754651398396e-46
1795.25	3.22891933009636e-46
1795.375	2.8259213696752896e-46
1795.5	2.45135542808025e-46
1795.625	2.9317661600480106e-46
1795.75	2.95875192246529e-46
1795.875	2.5485568164000003e-46
1796.0	3.0005227294828903e-46
1796.125	3.2123579299470396e-46
1796.25	2.5548838387201597e-46
1796.375	2.5091881073388903e-46
1796.5	2.6429037414009997e-46
1796.625	2.8435311324952893e-46
1796.75	2.9153083262707605e-46
1796.875	3.51597300861184e-46
1797.0	3.007169746632491e-46
1797.125	3.4377042385620892e-46
1797.25	3.752373456499358e-46
1797.375	3.4492880436308104e-46
1797.5	3.675820721048999e-46
1797.625	3.409111718884e-46
1797.75	3.4888636225e-46
1797.875	3.717569995620009e-46
1798.0	3.68516784697681e-46
1798.125	3.41890972206436e-46
1798.25	3.33625969615761e-46
1798.375	2.9593409148022492e-46
1798.5	2.7193850315136396e-46
1798.625	3.2388981336972095e-46
1798.75	3.0795266001639996e-46
1798.875	3.1858519459202492e-46
1799.0	3.16363530865321e-46
1799.125	3.2137600240336902e-46
1799.25	3.4945954178256903e-46
1799.375	3.35433144447556e-46
1799.5	3.204468750609e-46
1799.625	3.9271769021523594e-46
1799.75	3.4732915875936094e-46
1799.875	3.1833931914835598e-46
1800.0	3.0485048256102403e-46
1800.125	2.8715295266574403e-46
1800.25	3.4271861730092106e-46
1800.375	2.917684866378241e-46
1800.5	2.8435483325497605e-46
1800.625	3.00199909333284e-46
1800.75	3.221996639062411e-46
1800.875	2.8423053410304407e-46
1801.0	2.6217733415588092e-46
1801.125	3.1081013011686397e-46
1801.25	2.856295705352409e-46
1801.375	3.0130221224748097e-46
1801.5	2.9566276335340898e-46
1801.625	2.8178171418602498e-46
1801.75	3.33217497028516e-46
1801.875	3.47128022602384e-46
1802.0	3.54635598996441e-46
1802.125	3.360284939664e-46
1802.25	3.0334582791427603e-46
1802.375	3.1227551519976094e-46
1802.5	2.70718846903296e-46
1802.625	2.83626960547984e-46
1802.75	3.4093207320771597e-46
1802.875	3.4399150575206397e-46
1803.0	3.3222549751891606e-46
1803.125	3.3452007621209998e-46
1803.25	3.3021526017427606e-46
1803.375	3.1538676939342404e-46
1803.5	3.0435464665216893e-46
1803.625	3.1030214100602504e-46
1803.75	2.7733736359560104e-46
1803.875	3.233846564442009e-46
1804.0	3.1882741523612102e-46
1804.125	3.38600775627664e-46
1804.25	2.8830528799802493e-46
1804.375	2.78824172484841e-46
1804.5	3.53414921244889e-46
1804.625	3.09275309750625e-46
1804.75	3.0709180268122503e-46
1804.875	2.6999639407548897e-46
1805.0	3.09643886083401e-46
1805.125	3.63299496213889e-46
1805.25	3.4290499107763602e-46
1805.375	3.0393026949121596e-46
1805.5	3.20118332206201e-46
1805.625	2.73141001812484e-46
1805.75	2.7892864513864894e-46
1805.875	3.4842870240002505e-46
1806.0	2.9098727060580105e-46
1806.125	2.6486530675048903e-46
1806.25	2.69834600249449e-46
1806.375	2.9823552663300897e-46
1806.5	2.9883086122562496e-46
1806.625	3.58209866103489e-46
1806.75	3.2991291388502492e-46
1806.875	2.8321379370784896e-46
1807.0	2.9514542496120907e-46
1807.125	3.07172804111716e-46
1807.25	3.694258904070249e-46
1807.375	3.7006913282676096e-46
1807.5	3.519731323368089e-46
1807.625	2.9877039532057594e-46
1807.75	2.6876251466448397e-46
1807.875	2.4189375600835598e-46
1808.0	2.888766271696411e-46
1808.125	2.7573641982796896e-46
1808.25	2.95701418632841e-46
1808.375	3.4291491663344396e-46
1808.5	2.943671098369e-46
1808.625	2.79778177418041e-46
1808.75	2.6236263450254394e-46
1808.875	3.2883252638760007e-46
1809.0	3.14439641142916e-46
1809.125	2.9382762824280093e-46
1809.25	3.4230627931344094e-46
1809.375	3.1315039795513604e-46
1809.5	2.92724006054041e-46
1809.625	3.006552431845689e-46
1809.75	2.99736229403664e-46
1809.875	3.151017997254489e-46
1810.0	3.1532557439328102e-46
1810.125	3.0624310503880907e-46
1810.25	2.9489379459078398e-46
1810.375	2.9583236324928392e-46
1810.5	3.3747743797248088e-46
1810.625	3.383628910974489e-46
1810.75	3.27937474593936e-46
1810.875	3.3104073997562502e-46
1811.0	3.2690021326592397e-46
1811.125	3.4607793404890004e-46
1811.25	3.5705998755296104e-46
1811.375	3.00687530038336e-46
1811.5	3.113205814298409e-46
1811.625	3.3684787886905597e-46
1811.75	2.8817571459612095e-46
1811.875	3.54722230433041e-46
1812.0	3.5680671229158394e-46
1812.125	3.353732576136009e-46
1812.25	3.0053693067200094e-46
1812.375	3.22962807399556e-46
1812.5	3.2211810462720093e-46
1812.625	3.780317266694441e-46
1812.75	3.5539134353427605e-46
1812.875	3.3055047001620895e-46
1813.0	2.97821133675025e-46
1813.125	2.8562744106625597e-46
1813.25	3.00576874145409e-46
1813.375	3.48379089287056e-46
1813.5	3.76282404e-46
1813.625	3.5687328138809986e-46
1813.75	2.69390902049424e-46
1813.875	3.040153165212249e-46
1814.0	3.7669946011000915e-46
1814.125	3.2223987298368098e-46
1814.25	3.2464234205155597e-46
1814.375	3.560568226030239e-46
1814.5	3.3327335736217598e-46
1814.625	3.2286271576116095e-46
1814.75	3.51883348170916e-46
1814.875	3.2858715014272907e-46
1815.0	3.04297357462641e-46
1815.125	3.4619622310980093e-46
1815.25	3.68875852111881e-46
1815.375	3.07791374592256e-46
1815.5	2.9835113984833597e-46
1815.625	3.612386034132838e-46
1815.75	3.69140175946441e-46
1815.875	3.5048010940099594e-46
1816.0	2.904249922595999e-46
1816.125	2.81920823088004e-46
1816.25	2.7439647521688897e-46
1816.375	3.0739921610241607e-46
1816.5	3.367888201652489e-46
1816.625	3.3298556244366404e-46
1816.75	3.5640032973062396e-46
1816.875	3.3021882186177598e-46
1817.0	3.61177671855625e-46
1817.125	3.8369452348688395e-46
1817.25	3.1596804474009996e-46
1817.375	3.09586910586724e-46
1817.5	3.248094249009e-46
1817.625	2.9496557989184408e-46
1817.75	3.2699640797376402e-46
1817.875	3.3521589244560393e-46
1818.0	3.28260764449024e-46
1818.125	3.4785521286912902e-46
1818.25	3.5576651842707606e-46
1818.375	3.4365099280627597e-46
1818.5	3.3526690298702495e-46
1818.625	3.1305318336948097e-46
1818.75	2.9055493393158398e-46
1818.875	2.7847205550032395e-46
1819.0	3.04463238765625e-46
1819.125	3.31413468705225e-46
1819.25	3.2284083064398397e-46
1819.375	2.7058871507556102e-46
1819.5	2.8696468416102404e-46
1819.625	3.153648905222559e-46
1819.75	2.7225999909180902e-46
1819.875	3.37368435878464e-46
1820.0	3.404995539169e-46
1820.125	3.2394438238702495e-46
1820.25	2.9067071966862393e-46
1820.375	3.1997542805244902e-46
1820.5	3.1677400103731597e-46
1820.625	3.59716173454225e-46
1820.75	3.88633792157209e-46
1820.875	3.91695714020416e-46
1821.0	3.717687996282489e-46
1821.125	3.26092736409444e-46
1821.25	3.5030782144614402e-46
1821.375	3.65601130248601e-46
1821.5	3.898532175794011e-46
1821.625	3.60882665535744e-46
1821.75	3.0529349802249996e-46
1821.875	2.982532454000999e-46
1822.0	3.12983263316889e-46
1822.125	3.01069416227904e-46
1822.25	3.42094580648401e-46
1822.375	3.5163409114428096e-46
1822.5	3.283976418450249e-46
1822.625	3.3151484058740098e-46
1822.75	3.63976303454569e-46
1822.875	3.53963435255056e-46
1823.0	3.55458459203236e-46
1823.125	3.2525585059220096e-46
1823.25	3.1295035830240908e-46
1823.375	3.509221418630561e-46
1823.5	3.2789198625294396e-46
1823.625	3.013536290116e-46
1823.75	3.2485304074240002e-46
1823.875	3.1611623859696397e-46
1824.0	3.1454093703120397e-46
1824.125	3.3694512228422502e-46
1824.25	2.88950906085136e-46
1824.375	2.98530424349089e-46
1824.5	3.41478762972736e-46
1824.625	2.969302097455689e-46
1824.75	3.147914448237691e-46
1824.875	3.58920148355344e-46
1825.0	3.7468361570851605e-46
1825.125	3.59429916897769e-46
1825.25	3.270015797442251e-46
1825.375	3.3769560523801602e-46
1825.5	3.29352771390241e-46
1825.625	3.5535986168208105e-46
1825.75	3.2294523183832905e-46
1825.875	3.33568399461025e-46
1826.0	2.8219339872376897e-46
1826.125	3.0578121453320096e-46
1826.25	3.605453972090889e-46
1826.375	3.759090075871289e-46
1826.5	3.589615258383999e-46
1826.625	3.4492096691430392e-46
1826.75	3.4220393655002495e-46
1826.875	3.0313390216908097e-46
1827.0	3.45103851534841e-46
1827.125	2.8788658846284088e-46
1827.25	3.1837250625601596e-46
1827.375	3.46148294813721e-46
1827.5	3.4174073658536095e-46
1827.625	3.2093045677902405e-46
1827.75	3.140021212110249e-46
1827.875	3.2394276252809998e-46
1828.0	2.8362005568652903e-46
1828.125	2.5716548350439994e-46
1828.25	2.95220058716961e-46
1828.375	3.0457977350179597e-46
1828.5	3.1406595227283602e-46
1828.625	3.4326977550668093e-46
1828.75	3.1479027382889995e-46
1828.875	2.7951763812596096e-46
1829.0	2.99644339616644e-46
1829.125	3.2386245860004094e-46
1829.25	3.11851194357481e-46
1829.375	3.1346766238032396e-46
1829.5	3.01373384491881e-46
1829.625	3.11797159212841e-46
1829.75	3.10455801499536e-46
1829.875	3.305413068320249e-46
1830.0	3.3802513941159994e-46
1830.125	3.1356235596686403e-46
1830.25	3.2135933054400404e-46
1830.375	3.0266423797350403e-46
1830.5	2.93339678174244e-46
1830.625	2.9512250755690006e-46
1830.75	2.8439591257776397e-46
1830.875	3.118612955640249e-46
1831.0	3.31446638616976e-46
1831.125	3.01830058788049e-46
1831.25	3.12287425782336e-46
1831.375	3.62364955804996e-46
1831.5	3.0370796207396097e-46
1831.625	2.68243076784384e-46
1831.75	3.8037321097928094e-46
1831.875	3.619225065961209e-46
1832.0	3.2937542058220905e-46
1832.125	3.5427348119971605e-46
1832.25	3.1322125697136394e-46
1832.375	3.1350774782250004e-46
1832.5	3.016158150681e-46
1832.625	2.74384151057025e-46
1832.75	3.4240763814760004e-46
1832.875	3.562189675276959e-46
1833.0	3.19436693875264e-46
1833.125	2.76230948318809e-46
1833.25	3.058073050984089e-46
1833.375	3.678829874361759e-46
1833.5	2.9756239650000905e-46
1833.625	3.11861083648921e-46
1833.75	3.6791551790337605e-46
1833.875	3.49325631965025e-46
1834.0	3.1671551902900904e-46
1834.125	2.8769163417562498e-46
1834.25	2.74444051720609e-46
1834.375	2.6122747297608896e-46
1834.5	3.694146657465689e-46
1834.625	3.3538805484160895e-46
1834.75	3.0634363215562508e-46
1834.875	2.942037623121609e-46
1835.0	3.20312022891169e-46
1835.125	3.3257540322249997e-46
1835.25	3.1933625668032403e-46
1835.375	3.23104327860609e-46
1835.5	3.2155289415481604e-46
1835.625	3.3513167678640398e-46
1835.75	3.2158969145808405e-46
1835.875	3.513938077410009e-46
1836.0	3.43947921663889e-46
1836.125	3.68971120721641e-46
1836.25	3.1923451310822507e-46
1836.375	3.4934854659342392e-46
1836.5	3.1381715056322496e-46
1836.625	3.653836073001e-46
1836.75	3.77019267656256e-46
1836.875	3.61400326923024e-46
1837.0	3.01374738581904e-46
1837.125	3.57371537658529e-46
1837.25	3.86260612548196e-46
1837.375	3.631892591256249e-46
1837.5	3.5259371759544096e-46
1837.625	3.572111340008999e-46
1837.75	3.8380559617584894e-46
1837.875	3.25650608907264e-46
1838.0	3.54266291173369e-46
1838.125	3.6039749560304395e-46
1838.25	3.413465020692249e-46
1838.375	3.57950620893889e-46
1838.5	2.99427239329156e-46
1838.625	3.1238664233836896e-46
1838.75	3.091194099312641e-46
1838.875	3.3319365740964903e-46
1839.0	3.219527920998489e-46
1839.125	2.63685796944025e-46
1839.25	3.4954699702297602e-46
1839.375	3.4830999519422494e-46
1839.5	3.2590997856252893e-46
1839.625	2.6126021929411596e-46
1839.75	3.2295799114502405e-46
1839.875	3.07125379650049e-46
1840.0	3.2967882784359996e-46
1840.125	3.4546355822249998e-46
1840.25	3.70823113805824e-46
1840.375	3.8313861820132894e-46
1840.5	3.8702779461248395e-46
1840.625	4.0449552058147596e-46
1840.75	3.6169775083260906e-46
1840.875	3.8217036047568394e-46
1841.0	3.75983268722944e-46
1841.125	3.11051987595556e-46
1841.25	3.1139564471683596e-46
1841.375	3.905386202025e-46
1841.5	3.680561673441e-46
1841.625	3.14391871747801e-46
1841.75	3.012766270116839e-46
1841.875	3.922104569244159e-46
1842.0	4.0217687370510384e-46
1842.125	3.1936920977721593e-46
1842.25	2.9417388364400397e-46
1842.375	3.283735766085609e-46
1842.5	3.3543464626562506e-46
1842.625	3.66689830827609e-46
1842.75	3.4519510764832893e-46
1842.875	3.3439641140708103e-46
1843.0	3.5516199153056395e-46
1843.125	3.4859742834369594e-46
1843.25	3.4616399766328904e-46
1843.375	3.4002780986464905e-46
1843.5	3.0380451654012094e-46
1843.625	2.871178424807041e-46
1843.75	2.8821346987620094e-46
1843.875	3.1113273349202497e-46
1844.0	3.4479966496352406e-46
1844.125	3.31483815649809e-46
1844.25	3.3022191109608096e-46
1844.375	2.9019766426572106e-46
1844.5	3.0283144861480903e-46
1844.625	3.5255721512104894e-46
1844.75	3.459740617428841e-46
1844.875	3.38217184425124e-46
1845.0	3.3685793661609995e-46
1845.125	3.2183053981249597e-46
1845.25	2.9169552017721596e-46
1845.375	3.52823591392801e-46
1845.5	3.75673669583809e-46
1845.625	3.579251177502809e-46
1845.75	3.5688476726323584e-46
1845.875	3.5799852688080105e-46
1846.0	3.4624214510188905e-46
1846.125	3.601945837368489e-46
1846.25	3.4595304363496903e-46
1846.375	3.1842493113622492e-46
1846.5	3.5326717393240916e-46
1846.625	3.987876799695609e-46
1846.75	3.7322105634490014e-46
1846.875	3.36407430836569e-46
1847.0	3.4133257163534388e-46
1847.125	3.32443164184576e-46
1847.25	2.82591161960704e-46
1847.375	3.3034418368912902e-46
1847.5	3.141738879524009e-46
1847.625	3.46207647502336e-46
1847.75	3.34596751824196e-46
1847.875	3.59594041591225e-46
1848.0	2.980971449401e-46
1848.125	2.5766586929667595e-46
1848.25	3.396473180075291e-46
1848.375	3.13416178302096e-46
1848.5	3.3317098683278398e-46
1848.625	3.53084919626916e-46
1848.75	3.51779996128401e-46
1848.875	3.0764805693020103e-46
1849.0	2.8934867310350396e-46
1849.125	2.979859655528999e-46
1849.25	2.852572369936e-46
1849.375	2.66099352752704e-46
1849.5	2.8512368998723597e-46
1849.625	3.36931759201401e-46
1849.75	3.361260223876e-46
1849.875	3.5372777375310406e-46
1850.0	3.3817106216718403e-46
1850.125	3.1659280623302506e-46
1850.25	2.91033091134864e-46
1850.375	3.5019889981440396e-46
1850.5	3.448905837129e-46
1850.625	3.1606908870222402e-46
1850.75	2.95669263041296e-46
1850.875	2.9741351315376097e-46
1851.0	3.49987804777521e-46
1851.125	3.2775753160562493e-46
1851.25	3.1818307750996897e-46
1851.375	3.1842696540848405e-46
1851.5	3.3151720757299598e-46
1851.625	3.261640695601691e-46
1851.75	3.005081189289e-46
1851.875	3.0961935676801603e-46
1852.0	3.0639897811353607e-46
1852.125	3.0325042604356906e-46
1852.25	4.10781163101169e-46
1852.375	3.5613000215964894e-46
1852.5	3.4010913443430398e-46
1852.625	3.2316375628353596e-46
1852.75	3.3669218648227595e-46
1852.875	3.1308934953756097e-46
1853.0	3.916147717690809e-46
1853.125	3.50390291251225e-46
1853.25	3.22055506269025e-46
1853.375	3.56612292040761e-46
1853.5	4.480155999716409e-46
1853.625	4.011472614529209e-46
1853.75	3.1573288322787606e-46
1853.875	3.3290436427488905e-46
1854.0	3.8773233044639996e-46
1854.125	3.82499365723281e-46
1854.25	3.283663282161609e-46
1854.375	3.5859667534920085e-46
1854.5	3.886623776884841e-46
1854.625	3.52810292730025e-46
1854.75	3.69782285116176e-46
1854.875	3.4907963677092893e-46
1855.0	3.0558640986089997e-46
1855.125	2.88670905741124e-46
1855.25	3.1260973387752893e-46
1855.375	3.7575085387843595e-46
1855.5	3.0994049668612904e-46
1855.625	3.03792315670321e-46
1855.75	3.5181386991680395e-46
1855.875	4.0036328244639985e-46
1856.0	3.5881841990500904e-46
1856.125	3.431655104245291e-46
1856.25	3.592488847150441e-46
1856.375	3.88751374134841e-46
1856.5	3.515934006789759e-46
1856.625	3.0966035681456104e-46
1856.75	2.8626707768604098e-46
1856.875	3.52572649578724e-46
1857.0	4.142948824352249e-46
1857.125	3.518558111523999e-46
1857.25	4.091827049102249e-46
1857.375	3.2426605859732103e-46
1857.5	3.13163068459396e-46
1857.625	2.9932214426304103e-46
1857.75	3.306706212912009e-46
1857.875	3.3747519676800403e-46
1858.0	3.2310040930003596e-46
1858.125	2.7862990806852095e-46
1858.25	2.8942923926439997e-46
1858.375	3.2477302053160007e-46
1858.5	3.75022357864036e-46
1858.625	3.7686798569574385e-46
1858.75	3.7039308086880086e-46
1858.875	3.69530111063556e-46
1859.0	3.1908676900000007e-46
1859.125	3.4453640990286402e-46
1859.25	3.8462469964620106e-46
1859.375	3.48808888133476e-46
1859.5	3.4722252735246403e-46
1859.625	3.217444711941689e-46
1859.75	3.643406730441e-46
1859.875	3.6377906197804896e-46
1860.0	4.14652054082049e-46
1860.125	3.754102715070489e-46
1860.25	3.9525034385721594e-46
1860.375	3.56942237197225e-46
1860.5	3.54973559110564e-46
1860.625	4.41172048777216e-46
1860.75	3.5784876510588094e-46
1860.875	3.6446670100212085e-46
1861.0	3.7274480356000005e-46
1861.125	3.676798580004001e-46
1861.25	3.5887975835088396e-46
1861.375	3.2920978005132093e-46
1861.5	3.20570547306256e-46
1861.625	2.9217399923760395e-46
1861.75	3.20969332490689e-46
1861.875	3.4938447136524092e-46
1862.0	3.7857049064454406e-46
1862.125	3.73244664450681e-46
1862.25	3.4761573953593604e-46
1862.375	3.4174765047072398e-46
1862.5	3.739052210836409e-46
1862.625	3.83809475195136e-46
1862.75	3.8124921156481596e-46
1862.875	3.67327429660944e-46
1863.0	3.78749865481009e-46
1863.125	3.82614803333764e-46
1863.25	3.55184079083584e-46
1863.375	3.26207415031369e-46
1863.5	3.25433518130176e-46
1863.625	3.5694722494420895e-46
1863.75	3.3854623693987596e-46
1863.875	3.38373265755625e-46
1864.0	3.2568262292904107e-46
1864.125	3.50592145499236e-46
1864.25	3.2835781145731603e-46
1864.375	3.4376845850803602e-46
1864.5	3.4893276118656406e-46
1864.625	3.4643911576562505e-46
1864.75	3.1920749857164106e-46
1864.875	3.0548876862816903e-46
1865.0	2.74871994781696e-46
1865.125	3.4491940686403603e-46
1865.25	3.4465480654416094e-46
1865.375	3.0798284431360002e-46
1865.5	3.39509442311524e-46
1865.625	3.7551068209760395e-46
1865.75	4.492395127634409e-46
1865.875	3.2800035220839994e-46
1866.0	3.4544285300464906e-46
1866.125	3.821141391076e-46
1866.25	3.55639740878569e-46
1866.375	3.3398889278176898e-46
1866.5	3.38222554525584e-46
1866.625	3.4413407282420097e-46
1866.75	3.3710722583039996e-46
1866.875	3.0542280932249994e-46
1867.0	2.9163075984e-46
1867.125	3.4483119547616097e-46
1867.25	3.0767499880488904e-46
1867.375	3.0711535543584898e-46
1867.5	2.8744069301377603e-46
1867.625	3.1481298442090007e-46
1867.75	3.25843799708736e-46
1867.875	3.1554797186889997e-46
1868.0	3.152350181098811e-46
1868.125	2.9143795597491598e-46
1868.25	3.255368581696e-46
1868.375	3.0823775000340102e-46
1868.5	3.0131172453888902e-46
1868.625	3.29676503744016e-46
1868.75	3.658318004929e-46
1868.875	3.1998616085664902e-46
1869.0	3.034278318724e-46
1869.125	2.6151013512562497e-46
1869.25	3.22443290370436e-46
1869.375	3.4735465432720894e-46
1869.5	3.1630441093260103e-46
1869.625	3.0115930293936404e-46
1869.75	3.499466110596e-46
1869.875	3.5267239962147595e-46
1870.0	3.4095836694336403e-46
1870.125	3.35851145842564e-46
1870.25	3.2597587525920405e-46
1870.375	3.5848476848563595e-46
1870.5	3.493434253143609e-46
1870.625	2.8394801147304896e-46
1870.75	2.80629436992004e-46
1870.875	3.347412375242249e-46
1871.0	3.3011147086089997e-46
1871.125	3.74389334834449e-46
1871.25	3.62326123637956e-46
1871.375	2.8490641364724094e-46
1871.5	2.69877672626116e-46
1871.625	3.046379968699239e-46
1871.75	3.70340118873729e-46
1871.875	3.530652274008999e-46
1872.0	3.5083661258068896e-46
1872.125	3.540801287782891e-46
1872.25	4.2929001406922494e-46
1872.375	3.80878705660996e-46
1872.5	3.5416770859033614e-46
1872.625	3.559649719571559e-46
1872.75	3.2572344579609998e-46
1872.875	3.2665342648513593e-46
1873.0	3.4714721318076895e-46
1873.125	3.3312765568622507e-46
1873.25	3.789132429016359e-46
1873.375	3.7366753435232394e-46
1873.5	3.8715375154572905e-46
1873.625	4.073446488939611e-46
1873.75	3.2295094653889595e-46
1873.875	2.8637615071310396e-46
1874.0	3.31665871196416e-46
1874.125	3.53805528858961e-46
1874.25	3.289996318924089e-46
1874.375	2.9041541481324107e-46
1874.5	3.037236467735611e-46
1874.625	3.35486039773284e-46
1874.75	3.64673676937761e-46
1874.875	3.29523712172944e-46
1875.0	2.93953150983844e-46
1875.125	2.98778692166656e-46
1875.25	3.26512540236964e-46
1875.375	3.11257418115121e-46
1875.5	3.4886129615324092e-46
1875.625	3.6976686303832896e-46
1875.75	3.3925760858880903e-46
1875.875	3.298705216262441e-46
1876.0	3.9136930469913595e-46
1876.125	3.4201649584134406e-46
1876.25	3.0516442372993594e-46
1876.375	4.015712600130491e-46
1876.5	3.622186226897641e-46
1876.625	3.6814484478420085e-46
1876.75	3.7862407681022505e-46
1876.875	3.649293083531289e-46
1877.0	3.870340113123999e-46
1877.125	3.73879542481225e-46
1877.25	3.4259366822979596e-46
1877.375	2.9381542369202508e-46
1877.5	2.67213456622225e-46
1877.625	2.6296167218464902e-46
1877.75	3.0408973807256105e-46
1877.875	3.25558906649001e-46
1878.0	3.75963762346225e-46
1878.125	4.0645213099296385e-46
1878.25	3.983341380561e-46
1878.375	3.4931337126532905e-46
1878.5	3.6547387395164094e-46
1878.625	3.9189725499602494e-46
1878.75	3.97884564337936e-46
1878.875	3.95084435246361e-46
1879.0	3.990230772158439e-46
1879.125	3.65944580383684e-46
1879.25	2.92061879273124e-46
1879.375	3.01026941616384e-46
1879.5	3.25902071406564e-46
1879.625	3.866216533138089e-46
1879.75	3.74826598272721e-46
1879.875	3.549196012761e-46
1880.0	3.17248677298576e-46
1880.125	3.26110216824484e-46
1880.25	3.29754220266496e-46
1880.375	3.14618125800484e-46
1880.5	3.35183742784576e-46
1880.625	3.319750685534889e-46
1880.75	4.0089393889689595e-46
1880.875	4.095935631427242e-46
1881.0	3.968507431587689e-46
1881.125	3.61409071820644e-46
1881.25	3.8949414418723604e-46
1881.375	3.8057177904600105e-46
1881.5	3.3543391367102487e-46
1881.625	3.318625502390249e-46
1881.75	3.678187746744039e-46
1881.875	3.2409850348569592e-46
1882.0	3.5045169132602495e-46
1882.125	3.560561055636009e-46
1882.25	3.4666816642672897e-46
1882.375	3.55703070248464e-46
1882.5	3.19838600577024e-46
1882.625	3.675415043623841e-46
1882.75	3.7373403416880405e-46
1882.875	3.4640512948944405e-46
1883.0	3.392283967677159e-46
1883.125	3.29353098055744e-46
1883.25	3.54596505317289e-46
1883.375	3.6636739180707605e-46
1883.5	3.8035940286802494e-46
1883.625	3.9842235867040006e-46
1883.75	4.214304387704409e-46
1883.875	3.395448207345639e-46
1884.0	2.9632802750076097e-46
1884.125	3.41541521028964e-46
1884.25	3.4614673199036107e-46
1884.375	3.53750907543289e-46
1884.5	4.33248613890625e-46
1884.625	3.9345543087552104e-46
1884.75	3.2619870958478406e-46
1884.875	3.4593593201860908e-46
1885.0	3.86926091770969e-46
1885.125	3.40524096357025e-46
1885.25	2.9376640234822503e-46
1885.375	3.2236270570944407e-46
1885.5	2.9201081712897598e-46
1885.625	2.88664925180164e-46
1885.75	2.56294964916225e-46
1885.875	2.7683765235672096e-46
1886.0	3.2554869424902404e-46
1886.125	3.35586676950625e-46
1886.25	3.2836759667905606e-46
1886.375	3.369005552322009e-46
1886.5	3.182979982644639e-46
1886.625	2.9082032743702504e-46
1886.75	3.2450700619008396e-46
1886.875	3.5688231138624094e-46
1887.0	3.49872273946129e-46
1887.125	4.0138816228627604e-46
1887.25	3.4972317458676893e-46
1887.375	3.48696502455889e-46
1887.5	3.1867487405208907e-46
1887.625	3.72366606020809e-46
1887.75	3.8617968361702506e-46
1887.875	3.569389120519291e-46
1888.0	3.71018788375104e-46
1888.125	3.2507394045724894e-46
1888.25	3.52468182546496e-46
1888.375	3.74734990273329e-46
1888.5	3.2892635705092896e-46
1888.625	3.3208993852222496e-46
1888.75	3.0299404041217604e-46
1888.875	3.3777029144678393e-46
1889.0	3.1748853633126404e-46
1889.125	3.388854637809641e-46
1889.25	3.0483152133062494e-46
1889.375	3.3287393119788896e-46
1889.5	3.69523805892004e-46
1889.625	3.47478045222169e-46
1889.75	4.00650183997504e-46
1889.875	3.89164471471504e-46
1890.0	3.5423297708208405e-46
1890.125	3.74916397366564e-46
1890.25	3.441955159850489e-46
1890.375	3.8095794520473605e-46
1890.5	3.599053291112409e-46
1890.625	3.1349156461024897e-46
1890.75	3.5332032933148905e-46
1890.875	3.7035740038758405e-46
1891.0	3.7800174609928885e-46
1891.125	3.6261452115359985e-46
1891.25	4.0268196056196896e-46
1891.375	3.66305263644609e-46
1891.5	3.86451786274129e-46
1891.625	3.96941548785664e-46
1891.75	3.78745467195456e-46
1891.875	3.6444344852160395e-46
1892.0	3.16430269749169e-46
1892.125	3.9882462471283596e-46
1892.25	3.65144670520081e-46
1892.375	3.68619072297025e-46
1892.5	3.2168398967360097e-46
1892.625	2.9147339759846404e-46
1892.75	2.7856825045249596e-46
1892.875	2.937807655211561e-46
1893.0	2.960235868728961e-46
1893.125	2.64597298003809e-46
1893.25	3.23303450770881e-46
1893.375	3.25723373604864e-46
1893.5	2.82708511067844e-46
1893.625	3.1011741824280095e-46
1893.75	4.4905017416641585e-46
1893.875	4.1225253782400904e-46
1894.0	3.4107474366768097e-46
1894.125	3.5813295320880106e-46
1894.25	3.4233373612116904e-46
1894.375	3.51738472014864e-46
1894.5	2.9422746736359995e-46
1894.625	3.02070726353124e-46
1894.75	3.4660508803288897e-46
1894.875	3.3229687849614402e-46
1895.0	3.3668447987329602e-46
1895.125	3.6245652420068095e-46
1895.25	3.4157622893196098e-46
1895.375	3.639650092696889e-46
1895.5	4.071129835156809e-46
1895.625	4.43993109468736e-46
1895.75	3.65211783565225e-46
1895.875	3.1428545869760396e-46
1896.0	3.51290227736644e-46
1896.125	3.8083366380160005e-46
1896.25	3.2891377056040004e-46
1896.375	3.2927590061352094e-46
1896.5	3.413610609696809e-46
1896.625	3.6456178043700104e-46
1896.75	3.5401494963122506e-46
1896.875	3.7964359695802505e-46
1897.0	3.66428376697761e-46
1897.125	3.4998619589472395e-46
1897.25	3.5751284216010004e-46
1897.375	3.9932416571140914e-46
1897.5	4.0130005462562505e-46
1897.625	3.25843835811025e-46
1897.75	3.4461708373822502e-46
1897.875	3.64164667443801e-46
1898.0	3.647145444450009e-46
1898.125	3.07359523115584e-46
1898.25	3.210279550660089e-46
1898.375	3.2386260256948893e-46
1898.5	3.49261751594116e-46
1898.625	3.9341956872724905e-46
1898.75	3.68544850940484e-46
1898.875	3.418450068806009e-46
1899.0	3.56287256078329e-46
1899.125	3.1758401346676893e-46
1899.25	3.51503814949225e-46
1899.375	3.9008853093428115e-46
1899.5	3.976880703259242e-46
1899.625	3.8060010555062486e-46
1899.75	3.98821549247289e-46
1899.875	3.682146891442409e-46
1900.0	3.22725020773401e-46
1900.125	4.515537025428489e-46
1900.25	4.99500329046016e-46
1900.375	4.1415909010820096e-46
1900.5	3.2726416411713608e-46
1900.625	3.4212713402904095e-46
1900.75	3.67505271362329e-46
1900.875	3.5383468452403586e-46
1901.0	3.184886033700009e-46
1901.125	3.031181978841001e-46
1901.25	3.02651329353129e-46
1901.375	3.1805708456402493e-46
1901.5	3.74492627683344e-46
1901.625	3.8389564149502496e-46
1901.75	3.3223687129795587e-46
1901.875	3.57587948720016e-46
1902.0	3.846550201653759e-46
1902.125	3.847146840810252e-46
1902.25	3.52654822159236e-46
1902.375	3.1540420910212893e-46
1902.5	3.0101514364494395e-46
1902.625	3.4087140206620887e-46
1902.75	3.4550199648385594e-46
1902.875	3.60296507064484e-46
1903.0	3.2679437927702504e-46
1903.125	3.61137763140625e-46
1903.25	3.4698163271824903e-46
1903.375	4.02342058273156e-46
1903.5	3.806907106222089e-46
1903.625	4.02566864836761e-46
1903.75	3.96140116886361e-46
1903.875	3.87881759541796e-46
1904.0	3.825685636096e-46
1904.125	3.8854875148959984e-46
1904.25	3.97647309681216e-46
1904.375	3.45561739882681e-46
1904.5	3.367877557612839e-46
1904.625	3.12824415306649e-46
1904.75	3.31611638982849e-46
1904.875	3.6783668770676085e-46
1905.0	3.5980000887602495e-46
1905.125	3.6832127212320405e-46
1905.25	3.7552699863336115e-46
1905.375	3.7007902080384415e-46
1905.5	3.9481809220089995e-46
1905.625	4.23711595073536e-46
1905.75	3.564958994478009e-46
1905.875	3.2361872823283598e-46
1906.0	3.6476668248595594e-46
1906.125	4.10201143216929e-46
1906.25	3.009821799502439e-46
1906.375	2.7291360488940903e-46
1906.5	3.22181786032929e-46
1906.625	3.183773595694241e-46
1906.75	3.2504621120544408e-46
1906.875	3.16146784787289e-46
1907.0	3.4317903360846408e-46
1907.125	3.6564549161588094e-46
1907.25	3.81496562971969e-46
1907.375	3.942472737469209e-46
1907.5	3.44787186854916e-46
1907.625	3.3453024546822396e-46
1907.75	3.4968596081166403e-46
1907.875	3.5293213137414386e-46
1908.0	3.746539230484412e-46
1908.125	3.7040901639616895e-46
1908.25	3.732979110045608e-46
1908.375	3.507389578566759e-46
1908.5	4.2363621888062496e-46
1908.625	3.597792956868009e-46
1908.75	3.08904738370596e-46
1908.875	3.4254188120476896e-46
1909.0	3.614778180048999e-46
1909.125	3.8973045469446385e-46
1909.25	4.100367019057689e-46
1909.375	3.9551074705230394e-46
1909.5	4.16057802275025e-46
1909.625	3.75448287214144e-46
1909.75	3.5244321338784096e-46
1909.875	3.0958599564313592e-46
1910.0	3.0793377803376397e-46
1910.125	3.4006955895062493e-46
1910.25	3.173216729256249e-46
1910.375	2.928901255250889e-46
1910.5	3.55263087283776e-46
1910.625	4.081895745048039e-46
1910.75	3.87321922806016e-46
1910.875	3.31018179149025e-46
1911.0	3.3198210158137597e-46
1911.125	4.09361866032249e-46
1911.25	3.1283997992208886e-46
1911.375	3.380855199584039e-46
1911.5	3.907718076666011e-46
1911.625	3.56302092433156e-46
1911.75	3.1187757792313607e-46
1911.875	3.6823360966339585e-46
1912.0	3.7284292615788105e-46
1912.125	3.3135244914192103e-46
1912.25	3.1202488017907597e-46
1912.375	3.8442390050636106e-46
1912.5	3.88582419700036e-46
1912.625	3.7841796400902385e-46
1912.75	3.80598895995136e-46
1912.875	3.90141227472049e-46
1913.0	3.789470360998439e-46
1913.125	3.7796212379750396e-46
1913.25	3.2806664101209998e-46
1913.375	4.12907398735129e-46
1913.5	4.00256721177889e-46
1913.625	3.9757580412580906e-46
1913.75	3.6158680627009594e-46
1913.875	3.773516042916e-46
1914.0	3.4422345662759998e-46
1914.125	3.4006358410096898e-46
1914.25	3.92661451281969e-46
1914.375	3.30660656341929e-46
1914.5	3.1825610919075593e-46
1914.625	4.056640300566089e-46
1914.75	4.1066195692161595e-46
1914.875	3.852111604792089e-46
1915.0	3.36572854030084e-46
1915.125	3.3997437329923597e-46
1915.25	3.3688418290402506e-46
1915.375	3.66868935515329e-46
1915.5	3.671883758656e-46
1915.625	3.2140558257294405e-46
1915.75	4.084483036908159e-46
1915.875	3.9547912663564886e-46
1916.0	3.165188981964839e-46
1916.125	3.3094609882177604e-46
1916.25	3.86486267836516e-46
1916.375	3.3961724169184895e-46
1916.5	3.4347898331059592e-46
1916.625	2.871299749081e-46
1916.75	2.98360121794816e-46
1916.875	3.19386294589924e-46
1917.0	2.94667813823881e-46
1917.125	3.17734296960609e-46
1917.25	3.714412438417209e-46
1917.375	3.8562217668022496e-46
1917.5	3.611997556255359e-46
1917.625	3.895189325027559e-46
1917.75	3.7002450391244106e-46
1917.875	3.1161086216500894e-46
1918.0	3.5813817636252095e-46
1918.125	3.1999775248736095e-46
1918.25	3.351977668776489e-46
1918.375	3.665486769025209e-46
1918.5	3.5905804467592915e-46
1918.625	3.770622192481e-46
1918.75	4.28026610950416e-46
1918.875	3.82635537789184e-46
1919.0	3.51866240577604e-46
1919.125	3.86885729086921e-46
1919.25	3.981690201139289e-46
1919.375	3.891113675208361e-46
1919.5	3.93495896766361e-46
1919.625	3.68247733207524e-46
1919.75	3.748550586582759e-46
1919.875	3.57651375658929e-46
1920.0	3.1849038799740093e-46
1920.125	3.606635504287359e-46
1920.25	3.1319180809507597e-46
1920.375	3.2316185075020892e-46
1920.5	3.58520061759876e-46
1920.625	4.0009484562164105e-46
1920.75	3.8334084354446404e-46
1920.875	3.1247258148723605e-46
1921.0	3.6046553796489994e-46
1921.125	4.04525729480625e-46
1921.25	4.0515864587380895e-46
1921.375	3.8699836433107595e-46
1921.5	4.7781841664736394e-46
1921.625	4.106422192474811e-46
1921.75	3.7073357524024895e-46
1921.875	3.77281520197696e-46
1922.0	3.7623755716033614e-46
1922.125	3.62661938379225e-46
1922.25	4.2867768674808895e-46
1922.375	4.73688497956996e-46
1922.5	4.31068492071721e-46
1922.625	3.4553746269504408e-46
1922.75	4.10145569706601e-46
1922.875	4.558220730001001e-46
1923.0	6.049007929623611e-46
1923.125	4.021431831060641e-44
1923.25	8.909508614400002e-44
1923.375	1.1564847298400399e-44
1923.5	5.1351783910862395e-46
1923.625	3.947549875073639e-46
1923.75	1.9263803793025e-45
1923.875	1.60245141487209e-44
1924.0	9.340176003111398e-45
1924.125	5.132072953382411e-46
1924.25	4.36436763962761e-46
1924.375	3.9674919182209605e-46
1924.5	4.05491559986041e-46
1924.625	4.10405080020849e-46
1924.75	3.2317360762089997e-46
1924.875	2.82859554028041e-46
1925.0	2.9800643895676905e-46
1925.125	3.4275264441640004e-46
1925.25	3.440001116176001e-46
1925.375	3.4286543842387596e-46
1925.5	4.24954394394084e-46
1925.625	4.39053436774404e-46
1925.75	3.8330035505136395e-46
1925.875	3.482332942201e-46
1926.0	4.10195998863616e-46
1926.125	3.5175253817448905e-46
1926.25	3.91184354981161e-46
1926.375	3.946186223001e-46
1926.5	3.6322924291347595e-46
1926.625	4.215611350581159e-46
1926.75	3.8672024836161595e-46
1926.875	3.4103854693844093e-46
1927.0	3.5279549168820095e-46
1927.125	3.95430604680969e-46
1927.25	3.9667892224000004e-46
1927.375	4.0564110980515595e-46
1927.5	3.703478935806249e-46
1927.625	3.611518639680159e-46
1927.75	3.675499781576489e-46
1927.875	3.719933836369e-46
1928.0	3.58455043202281e-46
1928.125	1.4068761471476099e-44
1928.25	7.687047919766758e-44
1928.375	2.58586564713129e-44
1928.5	3.2407171596806396e-46
1928.625	3.7076080152249996e-46
1928.75	3.54491927137936e-46
1928.875	3.4414835712769598e-46
1929.0	1.8496072958577205e-45
1929.125	4.670188305178176e-45
1929.25	1.1623169662729002e-45
1929.375	4.18194483638416e-46
1929.5	3.958762037030439e-46
1929.625	3.63659369721025e-46
1929.75	3.3644264727112898e-46
1929.875	3.521257504201959e-46
1930.0	3.5155807501392404e-46
1930.125	3.85862927839236e-46
1930.25	3.69508081643649e-46
1930.375	4.01881126462729e-46
1930.5	7.296129147733923e-45
1930.625	1.38631573704481e-44
1930.75	1.8288251255052246e-45
1930.875	3.3048873006380104e-46
1931.0	3.8392479681200085e-46
1931.125	3.80056233690961e-46
1931.25	7.915199508303647e-45
1931.375	2.1267523472532099e-44
1931.5	3.800396008611904e-45
1931.625	4.1613470438440005e-46
1931.75	2.0772464301587606e-45
1931.875	7.47737704212849e-44
1932.0	1.303581928732801e-43
1932.125	1.3796708672542413e-43
1932.25	6.030478206490239e-44
1932.375	3.3303575355625007e-43
1932.5	2.310215482219401e-43
1932.625	4.75968909025e-45
1932.75	4.532464720513961e-46
1932.875	3.929643726422409e-46
1933.0	3.86593103604841e-46
1933.125	3.3483063743088397e-46
1933.25	3.4813600251040904e-46
1933.375	3.4969643282958407e-46
1933.5	3.3627820965209994e-46
1933.625	3.1441095069976905e-46
1933.75	2.968060513636e-46
1933.875	3.21044976681984e-46
1934.0	3.744639101448999e-46
1934.125	4.05266300525529e-46
1934.25	4.03320181305889e-46
1934.375	3.748699669104808e-46
1934.5	4.36556686935721e-46
1934.625	4.122914006016e-46
1934.75	3.773500113990009e-46
1934.875	3.86289818222049e-46
1935.0	3.704027422225e-46
1935.125	3.6414562275999995e-46
1935.25	4.2176159181722494e-46
1935.375	3.55387497772176e-46
1935.5	3.4369808049721605e-46
1935.625	3.8929558983062486e-46
1935.75	3.4994313159228893e-46
1935.875	1.0976736304209638e-45
1936.0	1.711722315637156e-45
1936.125	2.5058011614484836e-45
1936.25	1.2184786124643693e-43
1936.375	1.829790111394116e-43
1936.5	1.44800020090944e-44
1936.625	2.764907317452996e-45
1936.75	3.241110751008516e-45
1936.875	5.1760490686862395e-46
1937.0	4.21064777538769e-46
1937.125	3.868890335550251e-46
1937.25	3.961100962049284e-45
1937.375	8.979053168873955e-45
1937.5	1.5043684571437212e-45
1937.625	4.4966377264672896e-46
1937.75	3.98944017857889e-46
1937.875	3.77290455169156e-46
1938.0	3.57274187283204e-46
1938.125	3.7868214249904896e-46
1938.25	3.776515164945639e-46
1938.375	3.847146840810252e-46
1938.5	3.7935045164024105e-46
1938.625	3.59415963476361e-46
1938.75	3.781850311204e-46
1938.875	3.860431573763608e-46
1939.0	3.8069808592819604e-46
1939.125	3.95194361214016e-46
1939.25	3.4970077128294396e-46
1939.375	4.321895477105609e-46
1939.5	1.29114291945409e-44
1939.625	1.338801682150321e-43
1939.75	7.724684142758561e-44
1939.875	1.088991288017424e-45
1940.0	5.8558443811790416e-46
1940.125	5.452579925776001e-44
1940.25	4.205310054083045e-43
1940.375	1.9030271144426013e-43
1940.5	7.115963754493584e-45
1940.625	7.74631523833209e-44
1940.75	5.583306806764841e-44
1940.875	1.7070615181932008e-43
1941.0	3.657170834855209e-43
1941.125	4.67774060767225e-44
1941.25	5.16885999706129e-46
1941.375	3.78522355833801e-46
1941.5	3.68446028722704e-46
1941.625	3.913388393857959e-46
1941.75	3.99013249299856e-46
1941.875	3.93719925010129e-46
1942.0	3.940267876116639e-46
1942.125	4.142248668252249e-46
1942.25	4.10401109372881e-46
1942.375	3.977796099145689e-46
1942.5	3.562043971308841e-46
1942.625	3.50097367170321e-46
1942.75	4.329736963204e-46
1942.875	4.5127307888972105e-46
1943.0	3.7678284470102494e-46
1943.125	3.59196005386089e-46
1943.25	3.4541281853122502e-46
1943.375	3.7653058412481606e-46
1943.5	3.7730529522510396e-46
1943.625	3.95256029816209e-46
1943.75	3.6488640400000004e-46
1943.875	3.5007820748212903e-46
1944.0	3.53333487225889e-46
1944.125	2.864681157861609e-46
1944.25	3.2786305064612107e-46
1944.375	3.4820041429664103e-46
1944.5	3.24657044770564e-46
1944.625	3.3451473558553597e-46
1944.75	3.7847391281283606e-46
1944.875	3.93577469631369e-46
1945.0	3.7882382277960894e-46
1945.125	3.7972980103564904e-46
1945.25	3.77379111357504e-46
1945.375	3.705070620736e-46
1945.5	3.58129546824721e-46
1945.625	3.7767433148402486e-46
1945.75	4.47903721477696e-46
1945.875	3.9402746251562505e-46
1946.0	3.38037237152521e-46
1946.125	3.2915045139001598e-46
1946.25	3.984012008001e-46
1946.375	4.216673330116e-46
1946.5	4.060793652909209e-46
1946.625	3.657840234813609e-46
1946.75	4.06165335759936e-46
1946.875	3.75252067787776e-46
1947.0	3.2287655156275598e-46
1947.125	3.35889742017025e-46
1947.25	3.2589080658291598e-46
1947.375	3.4365473745732898e-46
1947.5	3.0818494170880895e-46
1947.625	3.0715825741676097e-46
1947.75	3.976080266923209e-46
1947.875	3.7666561201562496e-46
1948.0	3.286688353590761e-46
1948.125	3.69799592070276e-46
1948.25	3.5975073067321595e-46
1948.375	3.767269045781159e-46
1948.5	3.801085601551289e-46
1948.625	3.472803694116e-46
1948.75	3.38967645833476e-46
1948.875	3.36516827916025e-46
1949.0	3.76676868667225e-46
1949.125	3.2136546143556097e-46
1949.25	3.791266169382759e-46
1949.375	4.49107475928336e-46
1949.5	4.273028917456359e-46
1949.625	4.017951295495839e-46
1949.75	3.1792377039388907e-46
1949.875	3.14456877316624e-46
1950.0	3.699294840696009e-46
1950.125	3.935815167543209e-46
1950.25	3.67478433254529e-46
1950.375	3.5874379032408886e-46
1950.5	2.9692290356540096e-46
1950.625	3.3170499107289996e-46
1950.75	3.724725144052089e-46
1950.875	4.024346936006249e-46
1951.0	4.4912892264624406e-46
1951.125	4.54989078403729e-46
1951.25	3.8070101265672094e-46
1951.375	3.4900580279980894e-46
1951.5	3.3027279468128093e-46
1951.625	3.38310431609089e-46
1951.75	4.387789037025e-46
1951.875	3.806598443760358e-46
1952.0	3.40176119250496e-46
1952.125	3.876088782062249e-46
1952.25	4.0955758002584095e-46
1952.375	3.96548159309289e-46
1952.5	3.916159195469438e-46
1952.625	3.770454033696489e-46
1952.75	3.747570588014489e-46
1952.875	3.62381897941561e-46
1953.0	3.6761524115702495e-46
1953.125	3.6314721944208395e-46
1953.25	3.8405459843072104e-46
1953.375	4.337918792842408e-46
1953.5	4.475217128746811e-46
1953.625	4.3345453662404096e-46
1953.75	3.94839313678096e-46
1953.875	3.91197843953284e-46
1954.0	3.72434263685136e-46
1954.125	3.607283891082009e-46
1954.25	3.95497064603664e-46
1954.375	3.3685312796648093e-46
1954.5	3.67224516588609e-46
1954.625	3.1497808665488404e-46
1954.75	3.8171468775040004e-46
1954.875	5.944093653821439e-46
1955.0	1.1228314194787597e-44
1955.125	3.764844537672242e-43
1955.25	4.4955603551236e-43
1955.375	2.4164789552078404e-44
1955.5	8.841093882365292e-46
1955.625	4.394022158579289e-46
1955.75	4.0955405870336396e-46
1955.875	3.576556875333689e-46
1956.0	5.09597440290225e-46
1956.125	1.3352163984157688e-45
1956.25	6.701876638082889e-46
1956.375	3.7504238205212086e-46
1956.5	3.6057327218028896e-46
1956.625	3.8892584776720885e-46
1956.75	4.0356896562867606e-46
1956.875	3.98691152431504e-46
1957.0	3.756522718260009e-46
1957.125	3.90711201485056e-46
1957.25	3.476473612524161e-46
1957.375	3.4782928863312397e-46
1957.5	3.61748265341761e-46
1957.625	4.04377310448225e-46
1957.75	3.65883214949476e-46
1957.875	3.61194700245129e-46
1958.0	3.58010749853584e-46
1958.125	3.3688062215886394e-46
1958.25	3.237504600664889e-46
1958.375	2.7458965613800895e-46
1958.5	3.1797776318876095e-46
1958.625	3.80127276903609e-46
1958.75	3.77779320410116e-46
1958.875	3.1066304440449602e-46
1959.0	3.3289469414160404e-46
1959.125	3.28744438578721e-46
1959.25	3.3265838515562502e-46
1959.375	3.29064461537956e-46
1959.5	3.33454954041001e-46
1959.625	3.9780637576705595e-46
1959.75	4.00972630538601e-46
1959.875	4.24767607031881e-46
1960.0	4.240552571304039e-46
1960.125	3.3340576139760407e-46
1960.25	3.6809484489680395e-46
1960.375	4.9147706439552406e-46
1960.5	4.601328307998489e-46
1960.625	3.3627435870622497e-46
1960.75	8.223562199765161e-46
1960.875	4.852476750422438e-44
1961.0	1.016917632609316e-43
1961.125	1.32048274983076e-44
1961.25	3.541815974023691e-46
1961.375	3.744690962496161e-46
1961.5	9.984796744154405e-46
1961.625	1.2002332734506887e-45
1961.75	3.57418043683009e-46
1961.875	3.98132704347169e-46
1962.0	4.0538794252550386e-46
1962.125	3.95921290768441e-46
1962.25	3.76667048199744e-46
1962.375	3.8682314355240005e-46
1962.5	3.66281072217841e-46
1962.625	3.3474390873606393e-46
1962.75	3.9398208643632395e-46
1962.875	4.4178179818323595e-46
1963.0	4.4724107620562496e-46
1963.125	3.50268555304369e-46
1963.25	3.880563137310249e-46
1963.375	3.75474755963241e-46
1963.5	3.6038625708096386e-46
1963.625	3.460969467497609e-46
1963.75	3.4173947952280903e-46
1963.875	4.0421721736371595e-46
1964.0	4.09509780377104e-46
1964.125	3.5396309660464895e-46
1964.25	3.8832738188857585e-46
1964.375	3.577466968412491e-46
1964.5	3.5700987703702504e-46
1964.625	3.54210053379961e-46
1964.75	3.1167190750982397e-46
1964.875	3.702049982669439e-46
1965.0	3.82151476203025e-46
1965.125	3.84503037345001e-46
1965.25	4.03960997685961e-46
1965.375	4.118370196378241e-46
1965.5	4.35769549508836e-46
1965.625	4.2004092601000015e-46
1965.75	3.69748210830244e-46
1965.875	4.1452345130280095e-46
1966.0	3.573179271510248e-46
1966.125	4.162774714886409e-46
1966.25	3.8038526402702394e-46
1966.375	3.2309746140774397e-46
1966.5	3.9209492712376905e-46
1966.625	4.1754594479148104e-46
1966.75	3.8230275897409594e-46
1966.875	3.8318054670000416e-46
1967.0	3.46763837587216e-46
1967.125	4.35967843704649e-46
1967.25	4.55841330894481e-46
1967.375	3.810706122609e-46
1967.5	3.942741587702439e-46
1967.625	3.78898721633041e-46
1967.75	4.251484807186409e-46
1967.875	3.7007482705424094e-46
1968.0	3.2789941048804893e-46
1968.125	4.11497980580569e-46
1968.25	4.5160610605267596e-46
1968.375	8.526473584158761e-46
1968.5	3.1585539372704097e-44
1968.625	5.206780138952482e-43
1968.75	4.101826838796036e-43
1968.875	1.05927425331025e-44
1969.0	6.464384050734089e-46
1969.125	4.4843919696268894e-46
1969.25	3.73390966348929e-46
1969.375	1.0698846994644638e-45
1969.5	1.3342397733990086e-45
1969.625	7.401498829697295e-45
1969.75	6.18101839615716e-44
1969.875	3.56929843552569e-44
1970.0	1.0059304729896491e-45
1970.125	3.80975082327889e-46
1970.25	4.45015943350801e-46
1970.375	3.899869401595689e-46
1970.5	3.6657356642432095e-46
1970.625	4.959080937720359e-46
1970.75	5.74836636014001e-46
1970.875	4.94170099023969e-46
1971.0	3.52218380620324e-46
1971.125	3.14000490963481e-46
1971.25	3.8922259012562505e-46
1971.375	3.8108732244576395e-46
1971.5	3.9216843331704895e-46
1971.625	3.82019768446276e-46
1971.75	3.5508190164268904e-46
1971.875	3.4915800049289998e-46
1972.0	3.98500008876225e-46
1972.125	3.8453123524302395e-46
1972.25	3.931590618411209e-46
1972.375	3.6665145694102486e-46
1972.5	3.32117638569025e-46
1972.625	3.97804461041296e-46
1972.75	3.712048040889759e-46
1972.875	3.53001644802244e-46
1973.0	3.74189523552441e-46
1973.125	3.0001974308208397e-46
1973.25	3.37950535331761e-46
1973.375	3.48520210340416e-46
1973.5	3.449421022286889e-46
1973.625	3.28224783150625e-46
1973.75	3.359084727736359e-46
1973.875	3.30371847185956e-46
1974.0	3.564453376576e-46
1974.125	4.0507322479776084e-46
1974.25	4.01761214416324e-46
1974.375	4.05976075727104e-46
1974.5	4.013182042531839e-46
1974.625	4.2611937059028105e-46
1974.75	3.8571934798812104e-46
1974.875	3.76291249539984e-46
1975.0	3.7429158934468905e-46
1975.125	3.7579098043824094e-46
1975.25	3.436048351695609e-46
1975.375	3.46295327616144e-46
1975.5	3.837988569162249e-46
1975.625	4.0683055394168115e-46
1975.75	4.057904857545639e-46
1975.875	3.8096403489e-46
1976.0	3.24313023568249e-46
1976.125	3.30895163394576e-46
1976.25	3.4546965467059598e-46
1976.375	4.08220769616676e-46
1976.5	4.5076402328961586e-46
1976.625	3.54278676133264e-46
1976.75	3.3652988925200107e-46
1976.875	3.3051850850822398e-46
1977.0	3.88007737159744e-46
1977.125	3.68975884475025e-46
1977.25	3.8769799024230395e-46
1977.375	3.7460851529763585e-46
1977.5	3.145056093016361e-46
1977.625	4.001247297219239e-46
1977.75	3.4199079009804906e-46
1977.875	3.315422981398091e-46
1978.0	8.683789367929e-46
1978.125	2.0591124975366397e-44
1978.25	2.71786415514916e-44
1978.375	2.0802392609295998e-45
1978.5	5.294931888969609e-46
1978.625	4.6706332927590394e-46
1978.75	6.4366333581144095e-46
1978.875	1.2903235573134755e-45
1979.0	6.7196802214371585e-46
1979.125	4.18012827311044e-46
1979.25	3.798868017692248e-46
1979.375	3.81886598202561e-46
1979.5	3.505740582461291e-46
1979.625	4.0715079616848394e-46
1979.75	4.579264026162249e-46
1979.875	3.960062190090249e-46
1980.0	3.86877349963204e-46
1980.125	4.521283521560999e-46
1980.25	4.5799128733436095e-46
1980.375	5.040420576761609e-46
1980.5	2.139002005427716e-45
1980.625	1.5491364699830407e-43
1980.75	2.6834600509113758e-43
1980.875	2.598469848529e-44
1981.0	5.712583746241439e-46
1981.125	4.00312420980481e-46
1981.25	3.8472174520562486e-46
1981.375	4.3077421752020106e-46
1981.5	4.21887533089801e-46
1981.625	3.746409159434489e-46
1981.75	3.6459450743216415e-46
1981.875	3.76284615375249e-46
1982.0	4.492108572140249e-46
1982.125	3.803929874395559e-46
1982.25	3.587201908081e-46
1982.375	3.8938094897664385e-46
1982.5	3.80065669344529e-46
1982.625	4.00325186064384e-46
1982.75	3.672141685858889e-46
1982.875	3.79709223404641e-46
1983.0	4.5687762909241595e-46
1983.125	4.305414182580639e-46
1983.25	3.7121782847619595e-46
1983.375	3.47201881289316e-46
1983.5	3.74942576272356e-46
1983.625	4.1826671546489994e-46
1983.75	4.2358101861505605e-46
1983.875	3.8394102081456906e-46
1984.0	3.58930757739024e-46
1984.125	2.9211680853062502e-46
1984.25	3.5130758372640105e-46
1984.375	3.878829018360489e-46
1984.5	3.76876449849636e-46
1984.625	3.8351872064595596e-46
1984.75	3.8583919898410005e-46
1984.875	3.3847617478928393e-46
1985.0	3.6732854127748895e-46
1985.125	3.3261151276959996e-46
1985.25	3.5270045686304094e-46
1985.375	4.03400476468224e-46
1985.5	3.6343392270724885e-46
1985.625	3.9753883751737595e-46
1985.75	4.02653104823524e-46
1985.875	3.7638425039062506e-46
1986.0	3.34302023109184e-46
1986.125	3.84327245398756e-46
1986.25	4.17139857696004e-46
1986.375	4.21002481539025e-46
1986.5	3.762401175481e-46
1986.625	3.8345746548489994e-46
1986.75	3.73140191684569e-46
1986.875	4.23498904069921e-46
1987.0	4.31377447258384e-46
1987.125	4.05356976643441e-46
1987.25	3.74698404408384e-46
1987.375	3.69444572925481e-46
1987.5	3.4096209689528096e-46
1987.625	3.6389934621331595e-46
1987.75	3.69898057114756e-46
1987.875	4.3794012422636105e-46
1988.0	4.1717008576656394e-46
1988.125	3.9322949490022506e-46
1988.25	3.940581117046091e-46
1988.375	3.99113251996761e-46
1988.5	3.7646143003299605e-46
1988.625	3.762354623041001e-46
1988.75	4.0733794823822494e-46
1988.875	3.9137211389812895e-46
1989.0	4.0581252385452096e-46
1989.125	4.372707574404e-46
1989.25	4.0876040729497606e-46
1989.375	4.1861818814592096e-46
1989.5	3.9813262453412105e-46
1989.625	4.20007438010889e-46
1989.75	4.26080934825984e-46
1989.875	3.66378110692036e-46
1990.0	4.07826796657284e-46
1990.125	3.92244917170276e-46
1990.25	4.1660051171043586e-46
1990.375	4.06289370137641e-46
1990.5	3.736730628906249e-46
1990.625	3.9491669344512096e-46
1990.75	4.1433827880060114e-46
1990.875	4.230053144706489e-46
1991.0	3.5253877683225595e-46
1991.125	3.6708977401056894e-46
1991.25	3.579403287147209e-46
1991.375	3.66452266701249e-46
1991.5	4.24866746391616e-46
1991.625	4.072909241025e-46
1991.75	3.70839790354401e-46
1991.875	4.1537570426982396e-46
1992.0	3.966625906321001e-46
1992.125	3.1792280755209997e-46
1992.25	3.58013096082756e-46
1992.375	4.0358282717564085e-46
1992.5	4.196126918025e-46
1992.625	4.265809002072251e-46
1992.75	3.82032121192164e-46
1992.875	4.190165194314489e-46
1993.0	3.76094577212964e-46
1993.125	3.97796163949584e-46
1993.25	3.69215610120256e-46
1993.375	4.6622646922928396e-46
1993.5	4.311690284521e-46
1993.625	3.31843859762724e-46
1993.75	4.07508872548801e-46
1993.875	3.7663844148062496e-46
1994.0	3.7055753351664095e-46
1994.125	3.6679255404524096e-46
1994.25	3.7073819632096915e-46
1994.375	3.9266493885062494e-46
1994.5	3.664275344362091e-46
1994.625	3.9265586327811595e-46
1994.75	4.46918837607025e-46
1994.875	3.94943084580625e-46
1995.0	3.2987455367760103e-46
1995.125	3.95804459677225e-46
1995.25	4.73761106730916e-46
1995.375	4.35006982226041e-46
1995.5	3.64254439873401e-46
1995.625	3.58871801863744e-46
1995.75	3.56465086160089e-46
1995.875	3.71405050384384e-46
1996.0	3.8597097406873595e-46
1996.125	4.059001181233689e-46
1996.25	3.41169676866841e-46
1996.375	3.750199952774889e-46
1996.5	4.0855231150632894e-46
1996.625	4.116854391410891e-46
1996.75	3.848592146732409e-46
1996.875	4.323354168263289e-46
1997.0	4.19199253614736e-46
1997.125	3.7592952076560405e-46
1997.25	3.4253573661384103e-46
1997.375	3.8026899323716905e-46
1997.5	4.05750359416516e-46
1997.625	4.16165467217956e-46
1997.75	4.235862873889441e-46
1997.875	3.77473062539556e-46
1998.0	3.34860867033616e-46
1998.125	3.635719206238438e-46
1998.25	4.00903029088969e-46
1998.375	4.31248186778256e-46
1998.5	4.6795415353350404e-46
1998.625	3.86637226326649e-46
1998.75	3.0913126017264096e-46
1998.875	3.1015792291260094e-46
1999.0	3.9810995795224885e-46
1999.125	5.1016805161e-46
1999.25	5.086775030544e-46
1999.375	3.6934486141240895e-46
1999.5	3.50558105900809e-46
1999.625	3.69236516318784e-46
1999.75	4.123495154448811e-46
1999.875	4.180793182721441e-46
2000.0	3.950619351072251e-46
2000.125	3.692520426286239e-46
2000.25	3.60202403042001e-46
2000.375	4.4315373718108885e-46
2000.5	4.31511504851025e-46
2000.625	3.615183919677691e-46
2000.75	3.663064885482251e-46
2000.875	4.1856098349016896e-46
2001.0	4.32485552986369e-46
2001.125	4.3541758302224405e-46
2001.25	3.540610485801e-46
2001.375	3.7106628961256086e-46
2001.5	4.158247731355239e-46
2001.625	4.391963100541209e-46
2001.75	3.89739220010596e-46
2001.875	3.61015352163216e-46
2002.0	3.4211888455993603e-46
2002.125	3.0961094593522504e-46
2002.25	3.75642309672036e-46
2002.375	4.547128480560089e-46
2002.5	3.70101952185156e-46
2002.625	3.592983180875559e-46
2002.75	3.994815680912249e-46
2002.875	4.9063136004e-46
2003.0	4.70363878639876e-46
2003.125	3.653026788294489e-46
2003.25	3.47251112355625e-46
2003.375	3.4619458575302497e-46
2003.5	3.54998429325604e-46
2003.625	3.40716443752036e-46
2003.75	3.3448316823216096e-46
2003.875	3.559840656515999e-46
2004.0	3.85649315857936e-46
2004.125	3.734026763769e-46
2004.25	3.8816687320640086e-46
2004.375	4.053989761684839e-46
2004.5	4.100066119044e-46
2004.625	3.83216957061184e-46
2004.75	3.56907021672289e-46
2004.875	4.8368712258054385e-46
2005.0	5.3160482069424896e-46
2005.125	5.165178471668409e-46
2005.25	4.1196414960999994e-46
2005.375	3.4241618716908103e-46
2005.5	3.742407868524161e-46
2005.625	3.8554166809622505e-46
2005.75	4.1175909525510386e-46
2005.875	4.46898120201225e-46
2006.0	3.84947696167056e-46
2006.125	3.798170672988159e-46
2006.25	3.946215225968891e-46
2006.375	3.76805711082256e-46
2006.5	3.4813212157340098e-46
2006.625	4.102449727950251e-46
2006.75	3.8798894557922515e-46
2006.875	4.2286690925798394e-46
2007.0	3.811717769516409e-46
2007.125	3.3328423789347607e-46
2007.25	3.4717408088166394e-46
2007.375	3.8412280010060094e-46
2007.5	3.3443561883156103e-46
2007.625	3.3701238226260888e-46
2007.75	3.97506896880625e-46
2007.875	4.00933263729124e-46
2008.0	3.2092931024999998e-46
2008.125	3.1264095890233597e-46
2008.25	4.306090227566408e-46
2008.375	4.34067389792656e-46
2008.5	4.12215260517225e-46
2008.625	4.215098067356159e-46
2008.75	4.58355728651536e-46
2008.875	4.0244299880432396e-46
2009.0	3.6855345148051605e-46
2009.125	4.16215530652321e-46
2009.25	4.2446008070004096e-46
2009.375	4.299757240527359e-46
2009.5	4.5066483656142404e-46
2009.625	4.604203580784639e-46
2009.75	4.43741092216569e-46
2009.875	3.7291452789002495e-46
2010.0	4.1318798600467594e-46
2010.125	3.86462637774409e-46
2010.25	4.0955171116345585e-46
2010.375	3.871813774556249e-46
2010.5	3.13813288730176e-46
2010.625	3.47818434311881e-46
2010.75	4.244521281996959e-46
2010.875	4.6156337316867594e-46
2011.0	4.951904902713759e-46
2011.125	4.82114591723664e-46
2011.25	4.1241352367308905e-46
2011.375	3.950835606706809e-46
2011.5	3.82329468243009e-46
2011.625	3.6347300484102385e-46
2011.75	3.725617994595999e-46
2011.875	3.8210069038081596e-46
2012.0	3.8912557030275595e-46
2012.125	3.78155433395961e-46
2012.25	4.39693383263689e-46
2012.375	3.72077827483761e-46
2012.5	3.612733097104809e-46
2012.625	4.4570311686912405e-46
2012.75	4.575792875566091e-46
2012.875	4.251394495880999e-46
2013.0	3.6826676971728405e-46
2013.125	3.9185196215300104e-46
2013.25	4.456211650870809e-46
2013.375	4.63386887174929e-46
2013.5	4.132254698907039e-46
2013.625	4.142203892840251e-46
2013.75	4.31878556129344e-46
2013.875	3.7377699155596895e-46
2014.0	3.8334264482304396e-46
2014.125	4.01391007215025e-46
2014.25	4.4090075958376914e-46
2014.375	4.4076470539360896e-46
2014.5	3.861994925376809e-46
2014.625	3.3229071711864903e-46
2014.75	3.4931744568129597e-46
2014.875	3.58605196891876e-46
2015.0	3.9504138341990396e-46
2015.125	3.81916224326329e-46
2015.25	3.48235682833476e-46
2015.375	4.10378096199681e-46
2015.5	4.282077812851239e-46
2015.625	4.43221524691929e-46
2015.75	4.10116812298281e-46
2015.875	3.7420314183756096e-46
2016.0	4.0160989660284886e-46
2016.125	4.280175493022251e-46
2016.25	4.15453480920976e-46
2016.375	3.8312170651502484e-46
2016.5	4.258031837300009e-46
2016.625	4.280012054761e-46
2016.75	4.0199018939424895e-46
2016.875	4.2086530706000385e-46
2017.0	4.3204270549576896e-46
2017.125	4.517609117902239e-46
2017.25	4.249398407367611e-46
2017.375	4.034335367790249e-46
2017.5	3.9863312970840105e-46
2017.625	3.4964115730563604e-46
2017.75	3.1946797202688884e-46
2017.875	3.971852094040361e-46
2018.0	4.56377469918049e-46
2018.125	4.41822701337241e-46
2018.25	3.572868515330889e-46
2018.375	3.7368164573740916e-46
2018.5	3.54391430632369e-46
2018.625	3.98544007363489e-46
2018.75	3.9341639516452904e-46
2018.875	3.36982165841476e-46
2019.0	3.6520746460160395e-46
2019.125	3.53180908299664e-46
2019.25	3.9524716291897605e-46
2019.375	4.052366276401001e-46
2019.5	3.7321340608782385e-46
2019.625	4.0758195221828096e-46
2019.75	4.172622881460009e-46
2019.875	3.7058540785402496e-46
2020.0	3.83835688475625e-46
2020.125	3.8923872838995595e-46
2020.25	4.1085648146402505e-46
2020.375	4.07666627851536e-46
2020.5	3.90446732075625e-46
2020.625	3.5419296460022495e-46
2020.75	4.32917141968921e-46
2020.875	3.80039312192409e-46
2021.0	3.72416432032836e-46
2021.125	4.296200947438409e-46
2021.25	4.96916990973225e-46
2021.375	4.890574792467359e-46
2021.5	4.19147455094281e-46
2021.625	4.716660076441291e-46
2021.75	4.6796895010809995e-46
2021.875	4.053010075039209e-46
2022.0	3.9242037101760895e-46
2022.125	3.72839720847364e-46
2022.25	4.258991006063291e-46
2022.375	4.34824879527025e-46
2022.5	4.2654826777202496e-46
2022.625	3.6801054732720095e-46
2022.75	3.6259292734812896e-46
2022.875	4.0561198711572094e-46
2023.0	3.83194053567649e-46
2023.125	4.31472702030241e-46
2023.25	3.64650226897489e-46
2023.375	3.61194130091664e-46
2023.5	3.8090969788046405e-46
2023.625	4.0584793916622406e-46
2023.75	4.3465778400870405e-46
2023.875	4.0674229462960915e-46
2024.0	4.0329680522700105e-46
2024.125	4.54329608670081e-46
2024.25	4.09460162354884e-46
2024.375	4.200818758182009e-46
2024.5	3.91951657377361e-46
2024.625	3.8654678138884894e-46
2024.75	4.341883620729689e-46
2024.875	4.01269565777796e-46
2025.0	4.17983550065316e-46
2025.125	4.20297438338649e-46
2025.25	3.73027312627225e-46
2025.375	3.5657799919252885e-46
2025.5	3.3404777859667594e-46
2025.625	3.944127284699291e-46
2025.75	3.97079111800336e-46
2025.875	3.87984533366329e-46
2026.0	3.81106844153764e-46
2026.125	4.62427435023876e-46
2026.25	5.41275905723569e-46
2026.375	4.64278466482884e-46
2026.5	4.380091861115609e-46
2026.625	4.250926047150759e-46
2026.75	4.04326315289689e-46
2026.875	3.5473526372988895e-46
2027.0	4.07337060203649e-46
2027.125	4.3037668305248394e-46
2027.25	3.60689112961489e-46
2027.375	4.08903764234161e-46
2027.5	3.86148595640896e-46
2027.625	3.9214601636632894e-46
2027.75	3.8925151297376405e-46
2027.875	4.0716556658233595e-46
2028.0	3.558882627300009e-46
2028.125	3.4033423842249997e-46
2028.25	3.5166975817959994e-46
2028.375	3.0474426536947608e-46
2028.5	3.4711986210940895e-46
2028.625	3.487200313582089e-46
2028.75	3.708159888358889e-46
2028.875	3.96925411002169e-46
2029.0	3.807391392014439e-46
2029.125	3.5593753981824914e-46
2029.25	3.67857861703641e-46
2029.375	3.77519964796129e-46
2029.5	3.7448484829532105e-46
2029.625	3.6766171869304895e-46
2029.75	3.8352902170660894e-46
2029.875	4.17501522585316e-46
2030.0	3.6620276178062495e-46
2030.125	3.85568608081801e-46
2030.25	4.1144994612444115e-46
2030.375	4.0502991387602515e-46
2030.5	4.69745543820996e-46
2030.625	4.2249996747841605e-46
2030.75	4.638037754988161e-46
2030.875	4.41936382532089e-46
2031.0	3.88682683911369e-46
2031.125	4.33015937631225e-46
2031.25	4.2142325373121594e-46
2031.375	3.81175408353796e-46
2031.5	3.90581425975689e-46
2031.625	3.601789833379239e-46
2031.75	3.29999995473604e-46
2031.875	4.34432441499849e-46
2032.0	4.4875287402894405e-46
2032.125	3.64684027276804e-46
2032.25	3.58101160920721e-46
2032.375	3.2702740304220094e-46
2032.5	3.6551142143260905e-46
2032.625	4.42777926359521e-46
2032.75	4.6975794121e-46
2032.875	4.894117757584089e-46
2033.0	4.63584649992256e-46
2033.125	3.990158061444e-46
2033.25	4.40069225641929e-46
2033.375	4.14199792906201e-46
2033.5	3.985104692765289e-46
2033.625	3.2072783958337603e-46
2033.75	3.0881289466332897e-46
2033.875	3.8732637061088095e-46
2034.0	3.9004496219713614e-46
2034.125	3.49361518176225e-46
2034.25	4.0867505209836905e-46
2034.375	4.372695027801e-46
2034.5	4.022720171584e-46
2034.625	3.59062781898304e-46
2034.75	3.597320672928159e-46
2034.875	3.9408880178889995e-46
2035.0	3.475768855753959e-46
2035.125	3.72371005704889e-46
2035.25	3.72010626530929e-46
2035.375	3.25316703025444e-46
2035.5	3.787386946641e-46
2035.625	4.7532977663948106e-46
2035.75	4.97896075552225e-46
2035.875	4.4497611612484895e-46
2036.0	3.86823458237584e-46
2036.125	3.765109471320999e-46
2036.25	3.1279859304876903e-46
2036.375	3.2929970854468905e-46
2036.5	3.4100501127504092e-46
2036.625	3.271500595441e-46
2036.75	3.7275028665456395e-46
2036.875	4.5874635927322505e-46
2037.0	3.78908181838096e-46
2037.125	3.626907330024809e-46
2037.25	3.9204851404622495e-46
2037.375	4.682020486525289e-46
2037.5	4.59394107777361e-46
2037.625	3.738793877935209e-46
2037.75	4.1940561956602496e-46
2037.875	4.8332378035987605e-46
2038.0	4.643451787689e-46
2038.125	4.129563716835841e-46
2038.25	3.828740244058889e-46
2038.375	4.1224063976410005e-46
2038.5	3.734396240713961e-46
2038.625	3.8969934256641604e-46
2038.75	3.539363061080249e-46
2038.875	3.866172095570559e-46
2039.0	4.13434223618724e-46
2039.125	3.88599964017721e-46
2039.25	3.991797009883239e-46
2039.375	3.17761427346496e-46
2039.5	3.4920908925676893e-46
2039.625	4.250491847918409e-46
2039.75	4.16375411067841e-46
2039.875	3.998624918198439e-46
2040.0	4.18126715733609e-46
2040.125	4.06556085991696e-46
2040.25	4.813289354241e-46
2040.375	4.541399675135998e-46
2040.5	4.378343654580641e-46
2040.625	4.626060225252838e-46
2040.75	4.40961234851929e-46
2040.875	4.8386294970322504e-46
2041.0	4.81245219039204e-46
2041.125	3.61398920145025e-46
2041.25	3.93016113233956e-46
2041.375	4.5465463540742396e-46
2041.5	4.105233574133758e-46
2041.625	4.303371429957611e-46
2041.75	4.59048707878084e-46
2041.875	5.238606355520038e-46
2042.0	4.3196110493827595e-46
2042.125	3.956048600731238e-46
2042.25	3.9283430272230395e-46
2042.375	3.99056037573769e-46
2042.5	3.806573860562489e-46
2042.625	4.39989303750084e-46
2042.75	4.854000790492089e-46
2042.875	3.79294087524676e-46
2043.0	3.44619571300624e-46
2043.125	3.9523952871942394e-46
2043.25	3.6512907793920095e-46
2043.375	3.7216590772640386e-46
2043.5	4.1694348360963594e-46
2043.625	4.17324184248196e-46
2043.75	3.9136131238531596e-46
2043.875	4.128027973674009e-46
2044.0	4.63458702104281e-46
2044.125	3.7631146276500105e-46
2044.25	3.82826360270601e-46
2044.375	4.127847555810248e-46
2044.5	3.87689169150976e-46
2044.625	3.81305213053444e-46
2044.75	4.0623507001507595e-46
2044.875	3.59174627321409e-46
2045.0	3.4906951029360405e-46
2045.125	3.9023620083360896e-46
2045.25	4.245063962238089e-46
2045.375	4.05731022130756e-46
2045.5	4.0890513928840894e-46
2045.625	4.30772266542916e-46
2045.75	4.1025514061953594e-46
2045.875	4.28885088430681e-46
2046.0	3.688800390625e-46
2046.125	4.3349126312520895e-46
2046.25	4.743174361689e-46
2046.375	4.2327314040160896e-46
2046.5	3.521380979076489e-46
2046.625	3.77699362691121e-46
2046.75	4.091168443297689e-46
2046.875	4.7847625081e-46
2047.0	4.742216141569e-46
2047.125	4.639597099961758e-46
2047.25	4.31908856361889e-46
2047.375	4.0280401692048406e-46
2047.5	3.69666185157025e-46
2047.625	4.02730122650769e-46
2047.75	4.41752919090561e-46
2047.875	4.3064467392040005e-46
2048.0	4.5661796344164095e-46
2048.125	3.89236321439329e-46
2048.25	3.94102459856196e-46
2048.375	4.4415537210003596e-46
2048.5	4.25170873387584e-46
2048.625	4.5307067969884896e-46
2048.75	3.479885421114009e-46
2048.875	3.6387470024999996e-46
2049.0	4.9869803607630395e-46
2049.125	4.2893404718272885e-46
2049.25	3.95972429691136e-46
2049.375	3.67417744404736e-46
2049.5	3.3126879302568092e-46
2049.625	3.47607908908516e-46
2049.75	3.3765764046436897e-46
2049.875	3.9193225580384105e-46
2050.0	4.4718393593217615e-46
2050.125	4.0823580188371595e-46
2050.25	3.938366465211241e-46
2050.375	4.072762725015689e-46
2050.5	4.64598022175296e-46
2050.625	3.59897664798961e-46
2050.75	4.043340769636e-46
2050.875	4.49767642091076e-46
2051.0	4.256141468547239e-46
2051.125	4.213300180056249e-46
2051.25	4.335311143880999e-46
2051.375	4.90514369658481e-46
2051.5	4.681974181369e-46
2051.625	4.4095762301808096e-46
2051.75	4.272916879712249e-46
2051.875	3.83409216782244e-46
2052.0	3.9644099200227614e-46
2052.125	4.133620849908641e-46
2052.25	4.19208139532329e-46
2052.375	4.2375898135564906e-46
2052.5	4.0227935795140894e-46
2052.625	3.814639843966089e-46
2052.75	4.43117614028881e-46
2052.875	4.68592002884196e-46
2053.0	4.5480100573209605e-46
2053.125	4.1321794858416906e-46
2053.25	4.16171791283521e-46
2053.375	4.26568425382089e-46
2053.5	3.72138591319236e-46
2053.625	3.53673985913284e-46
2053.75	3.89280634198416e-46
2053.875	4.5076601902500106e-46
2054.0	3.930021171669609e-46
2054.125	3.924327323072251e-46
2054.25	4.2683560000000005e-46
2054.375	4.483369208650241e-46
2054.5	4.1721093625056395e-46
2054.625	4.079617085558439e-46
2054.75	4.14401464063609e-46
2054.875	4.220964086502249e-46
2055.0	3.7231616588601594e-46
2055.125	3.9397787846337594e-46
2055.25	4.1228949193756885e-46
2055.375	4.4098937406400905e-46
2055.5	4.519910016064e-46
2055.625	3.838461113440809e-46
2055.75	3.8728256281401605e-46
2055.875	3.9402706551322496e-46
2056.0	4.17066579595264e-46
2056.125	4.220814109444e-46
2056.25	4.18814874311089e-46
2056.375	4.200857700480359e-46
2056.5	4.10666455718649e-46
2056.625	4.0434027026979606e-46
2056.75	3.76490146449316e-46
2056.875	3.752734928885289e-46
2057.0	3.88235439023481e-46
2057.125	3.9800585160705594e-46
2057.25	3.99343149879184e-46
2057.375	4.28997341487001e-46
2057.5	3.8287214596016106e-46
2057.625	3.254668925714009e-46
2057.75	3.72749977746756e-46
2057.875	4.089129447872161e-46
2058.0	3.7185568627359996e-46
2058.125	3.71779828617649e-46
2058.25	3.9550704799488105e-46
2058.375	4.595098129923999e-46
2058.5	4.5281520509702505e-46
2058.625	3.60467018868961e-46
2058.75	3.654104834983689e-46
2058.875	3.4640364053408393e-46
2059.0	4.521856373276491e-46
2059.125	5.057162157782248e-46
2059.25	3.99611134556176e-46
2059.375	3.683758169481611e-46
2059.5	3.91368513377296e-46
2059.625	3.89866841542116e-46
2059.75	3.78036626330896e-46
2059.875	3.99726726689889e-46
2060.0	3.9416344760249994e-46
2060.125	4.07668485403204e-46
2060.25	3.6485076053848895e-46
2060.375	3.571071913983999e-46
2060.5	3.67459532146756e-46
2060.625	3.76083561979876e-46
2060.75	4.327886911734758e-46
2060.875	4.0238859525987605e-46
2061.0	3.404498443460889e-46
2061.125	3.45826502080921e-46
2061.25	3.7854441886352406e-46
2061.375	4.291927631130241e-46
2061.5	4.1104517251400106e-46
2061.625	4.23358525159684e-46
2061.75	3.763883245329e-46
2061.875	4.3732805551209986e-46
2062.0	4.3644558003839986e-46
2062.125	3.78121519950409e-46
2062.25	4.26339697520025e-46
2062.375	4.2624819051684095e-46
2062.5	4.0499127411602494e-46
2062.625	4.22353177820289e-46
2062.75	3.57821600965929e-46
2062.875	4.01932608738049e-46
2063.0	3.9228361743480104e-46
2063.125	3.64788073529476e-46
2063.25	3.3952805260636894e-46
2063.375	3.808198473352359e-46
2063.5	4.27558840830016e-46
2063.625	3.935145038399998e-46
2063.75	4.049202381169e-46
2063.875	4.258165965849761e-46
2064.0	4.48029654557521e-46
2064.125	4.27446155902441e-46
2064.25	3.74840383032025e-46
2064.375	3.528769388303611e-46
2064.5	3.2206860691289997e-46
2064.625	3.5926757346602496e-46
2064.75	3.8248993902249994e-46
2064.875	4.3622512131600914e-46
2065.0	4.717136578608999e-46
2065.125	3.75518239593849e-46
2065.25	3.9831437957422486e-46
2065.375	3.9828140994612095e-46
2065.5	4.0786819688800894e-46
2065.625	4.1842130271180096e-46
2065.75	3.4945228861144903e-46
2065.875	3.893037977930889e-46
2066.0	4.7593789963200105e-46
2066.125	4.504825414814761e-46
2066.25	3.771614910573159e-46
2066.375	3.7004054692784416e-46
2066.5	3.928293873657759e-46
2066.625	3.864404631319209e-46
2066.75	4.23086599526761e-46
2066.875	4.003748077594241e-46
2067.0	4.5825361224588096e-46
2067.125	4.4762905830451594e-46
2067.25	4.33697535064836e-46
2067.375	4.72214021796196e-46
2067.5	5.75383748916964e-46
2067.625	4.966546084910008e-46
2067.75	4.7431129455872086e-46
2067.875	4.7635803759438385e-46
2068.0	4.27195242364804e-46
2068.125	3.87004620139489e-46
2068.25	3.914859938600251e-46
2068.375	4.00300096265001e-46
2068.5	4.56124695269776e-46
2068.625	4.30477885657521e-46
2068.75	3.67955799366276e-46
2068.875	3.654447778920998e-46
2069.0	3.9126889234832405e-46
2069.125	4.58551215888481e-46
2069.25	4.20903055510084e-46
2069.375	4.128743588761e-46
2069.5	4.3555164077587595e-46
2069.625	4.22809332779584e-46
2069.75	4.201507448612409e-46
2069.875	3.5095477536136896e-46
2070.0	4.13432840970304e-46
2070.125	4.761781241080359e-46
2070.25	4.15191604815001e-46
2070.375	3.88175266282896e-46
2070.5	3.646749373032959e-46
2070.625	3.839557951441e-46
2070.75	3.97772390069824e-46
2070.875	4.2490619924200905e-46
2071.0	3.68356240226881e-46
2071.125	3.64311011346489e-46
2071.25	4.362042773340159e-46
2071.375	4.4111256718239996e-46
2071.5	4.2402803414748095e-46
2071.625	4.28008984270884e-46
2071.75	4.382195026182489e-46
2071.875	4.8305758320204085e-46
2072.0	4.44000189401344e-46
2072.125	4.434292562176e-46
2072.25	4.7390229187420894e-46
2072.375	4.720841693400041e-46
2072.5	4.25307799032064e-46
2072.625	3.9272347683150405e-46
2072.75	4.2662795094067594e-46
2072.875	4.16173178504329e-46
2073.0	4.47004629690256e-46
2073.125	4.345185275316639e-46
2073.25	4.31506893289536e-46
2073.375	4.123514648607209e-46
2073.5	4.06524470652304e-46
2073.625	3.977223715084839e-46
2073.75	4.0266779342905594e-46
2073.875	4.0224189252896105e-46
2074.0	4.67983097928889e-46
2074.125	4.221255008502489e-46
2074.25	3.9679843204e-46
2074.375	3.85598337408964e-46
2074.5	4.142185575695999e-46
2074.625	4.41196329846276e-46
2074.75	4.36385498784964e-46
2074.875	3.75018755890801e-46
2075.0	4.053695400316809e-46
2075.125	4.080158815564089e-46
2075.25	3.80906887450896e-46
2075.375	4.280550378390809e-46
2075.5	3.854483279342439e-46
2075.625	3.81292559637796e-46
2075.75	4.17678489849856e-46
2075.875	4.30387844215681e-46
2076.0	3.55345271164816e-46
2076.125	3.79266588653824e-46
2076.25	4.060148833357209e-46
2076.375	3.696558028092252e-46
2076.5	4.07532572254096e-46
2076.625	4.480475194396891e-46
2076.75	4.06625934441024e-46
2076.875	3.996560339772009e-46
2077.0	4.076894033424e-46
2077.125	3.64819855666564e-46
2077.25	3.89848992224836e-46
2077.375	3.66086842492816e-46
2077.5	3.492086407656249e-46
2077.625	4.06185207397369e-46
2077.75	4.3019173585209605e-46
2077.875	4.9455586368654404e-46
2078.0	4.0001704018147594e-46
2078.125	4.36187569090816e-46
2078.25	4.532067039771038e-46
2078.375	4.771054654495359e-46
2078.5	4.90150641307716e-46
2078.625	4.81629681199969e-46
2078.75	4.04638650759424e-46
2078.875	4.526369008202251e-46
2079.0	3.8655122474083605e-46
2079.125	3.68436392921809e-46
2079.25	3.89531879579844e-46
2079.375	4.2196735492033595e-46
2079.5	3.9309858803779605e-46
2079.625	4.2588940111974405e-46
2079.75	4.498942187041001e-46
2079.875	4.54539671044096e-46
2080.0	4.499987935806249e-46
2080.125	4.0839963921e-46
2080.25	4.35025211278564e-46
2080.375	4.20545744012944e-46
2080.5	4.398238192885289e-46
2080.625	4.78967362814329e-46
2080.75	4.70134925934025e-46
2080.875	4.1853324186722485e-46
2081.0	4.29339410337049e-46
2081.125	4.10805119915584e-46
2081.25	3.80108092242321e-46
2081.375	4.4296888467427606e-46
2081.5	4.1306343137744385e-46
2081.625	3.71184767016336e-46
2081.75	4.87297148236864e-46
2081.875	4.53627124578576e-46
2082.0	4.273449382163289e-46
2082.125	4.68115803648256e-46
2082.25	4.6738578747744894e-46
2082.375	4.19247983998116e-46
2082.5	4.1244447359544094e-46
2082.625	4.11621122248704e-46
2082.75	3.88232719918884e-46
2082.875	4.2957918006926395e-46
2083.0	4.07158907756041e-46
2083.125	4.09946516202496e-46
2083.25	4.4645750287068105e-46
2083.375	4.3294943450896896e-46
2083.5	4.37169219422464e-46
2083.625	4.350454013385641e-46
2083.75	4.226077226306248e-46
2083.875	4.4072024038224385e-46
2084.0	4.24931801287876e-46
2084.125	4.01981367577729e-46
2084.25	4.2992023669232396e-46
2084.375	3.83130827817984e-46
2084.5	3.9667613389289994e-46
2084.625	4.39519233101796e-46
2084.75	4.413542571154889e-46
2084.875	4.5088857413476896e-46
2085.0	4.795554705500249e-46
2085.125	4.3601908434489995e-46
2085.25	3.74182753190416e-46
2085.375	4.0768205373504404e-46
2085.5	3.87174411855504e-46
2085.625	4.56120338436676e-46
2085.75	4.9797743420646415e-46
2085.875	5.314178023550009e-46
2086.0	4.58366947164036e-46
2086.125	4.545319532600248e-46
2086.25	4.61762121799801e-46
2086.375	4.472556684964e-46
2086.5	4.17427354619521e-46
2086.625	4.6490440573616386e-46
2086.75	3.73855488927649e-46
2086.875	3.66364291016025e-46
2087.0	3.74174125903561e-46
2087.125	3.81862679268249e-46
2087.25	4.4836948701916906e-46
2087.375	4.041760028486411e-46
2087.5	3.65047489838656e-46
2087.625	3.76920325198096e-46
2087.75	3.670667062302249e-46
2087.875	3.87350735587984e-46
2088.0	4.211736219252249e-46
2088.125	3.84126249541321e-46
2088.25	4.52014430518161e-46
2088.375	4.71931220144484e-46
2088.5	4.2785317359054405e-46
2088.625	4.090010752506249e-46
2088.75	4.3257535601491596e-46
2088.875	4.265830069009959e-46
2089.0	3.119979604792959e-46
2089.125	3.83536855305409e-46
2089.25	4.0789303803504405e-46
2089.375	3.5419846006592106e-46
2089.5	3.68390595798016e-46
2089.625	4.109511864687609e-46
2089.75	3.8324553844896385e-46
2089.875	3.7836326423984394e-46
2090.0	4.11851468927376e-46
2090.125	3.80642870425041e-46
2090.25	4.2480363388522494e-46
2090.375	4.5622687324302416e-46
2090.5	4.45153116217104e-46
2090.625	3.77398770976516e-46
2090.75	3.40475086169089e-46
2090.875	4.28100017974084e-46
2091.0	4.1514954929796094e-46
2091.125	4.14371580742161e-46
2091.25	4.562994128795559e-46
2091.375	4.44016793750436e-46
2091.5	5.2326379500159996e-46
2091.625	4.8475691970241615e-46
2091.75	3.89806621477441e-46
2091.875	4.7769535807504905e-46
2092.0	4.431771043399841e-46
2092.125	3.597320293596089e-46
2092.25	3.658899480625e-46
2092.375	4.06942465024225e-46
2092.5	4.8460254741609995e-46
2092.625	4.758281278452249e-46
2092.75	4.089353506224999e-46
2092.875	3.95580714202521e-46
2093.0	4.00252359790864e-46
2093.125	3.793827061070009e-46
2093.25	3.794907763535289e-46
2093.375	4.4929250250344094e-46
2093.5	4.36136652693225e-46
2093.625	4.35769424258281e-46
2093.75	4.538282901365161e-46
2093.875	4.56375376347136e-46
2094.0	4.671187431849001e-46
2094.125	4.33557557982025e-46
2094.25	4.53182605543396e-46
2094.375	3.96540552382276e-46
2094.5	4.2347239861802515e-46
2094.625	4.446793244312409e-46
2094.75	4.5499381378105594e-46
2094.875	4.25750772445441e-46
2095.0	4.3766041651222504e-46
2095.125	4.58488775347201e-46
2095.25	4.0059526129537596e-46
2095.375	4.016942302207209e-46
2095.5	4.1503354090638394e-46
2095.625	4.7735271365040905e-46
2095.75	4.9497684120562495e-46
2095.875	4.552287364881e-46
2096.0	3.7140104184582395e-46
2096.125	3.96664303443489e-46
2096.25	4.11040833836164e-46
2096.375	4.07104267080625e-46
2096.5	4.47509273992225e-46
2096.625	4.16155879210201e-46
2096.75	3.9474839121217615e-46
2096.875	3.4493497038062506e-46
2097.0	4.3816792351652094e-46
2097.125	4.353904567841439e-46
2097.25	3.803006626874009e-46
2097.375	3.82333026942244e-46
2097.5	4.349560096488009e-46
2097.625	4.5444629452051596e-46
2097.75	4.39847266271296e-46
2097.875	4.1474878400592414e-46
2098.0	4.46092628019025e-46
2098.125	4.44969872187481e-46
2098.25	5.60113398891225e-46
2098.375	5.8491572447096085e-46
2098.5	4.855344823134089e-46
2098.625	4.7940897906809996e-46
2098.75	4.100178297166089e-46
2098.875	3.98752214625961e-46
2099.0	4.783394599667289e-46
2099.125	4.7833797274172094e-46
2099.25	4.7256090403315594e-46
2099.375	4.15247478374884e-46
2099.5	3.75248232255625e-46
2099.625	2.9962782587712098e-46
2099.75	3.324218683535999e-46
2099.875	4.5414891799290006e-46
2100.0	5.0106951131472395e-46
2100.125	4.1818716264062494e-46
2100.25	4.2768973939692095e-46
2100.375	4.69863672442921e-46
2100.5	4.0970265547876896e-46
2100.625	4.2925010959590395e-46
2100.75	4.22161744230625e-46
2100.875	4.45951002472704e-46
2101.0	5.01474575002384e-46
2101.125	5.073319724889611e-46
2101.25	4.3760832642809996e-46
2101.375	4.19961655477156e-46
2101.5	4.2369413980422405e-46
2101.625	4.29834648862116e-46
2101.75	4.0183221333700894e-46
2101.875	4.43220135206436e-46
2102.0	4.28299622550801e-46
2102.125	5.013078459090251e-46
2102.25	4.4724479827456905e-46
2102.375	4.07628912391684e-46
2102.5	4.312202355006491e-46
2102.625	4.2853827375955596e-46
2102.75	4.0086754989232885e-46
2102.875	4.124587304464e-46
2103.0	4.10716957419409e-46
2103.125	4.05850155192729e-46
2103.25	3.93059807941696e-46
2103.375	5.06064751949689e-46
2103.5	5.275831379956839e-46
2103.625	5.421692441827839e-46
2103.75	4.305951611193689e-46
2103.875	4.5029400209742396e-46
2104.0	4.9445374925185606e-46
2104.125	4.32144020629476e-46
2104.25	3.864444733924809e-46
2104.375	4.474868082854559e-46
2104.5	4.2486505618502494e-46
2104.625	4.362626751576039e-46
2104.75	4.388324040989289e-46
2104.875	4.29711962955025e-46
2105.0	4.2495526020024895e-46
2105.125	4.31011107291249e-46
2105.25	3.691643463225e-46
2105.375	4.2505264840802506e-46
2105.5	3.9497333213209595e-46
2105.625	4.1751987148980915e-46
2105.75	3.8295378433202506e-46
2105.875	3.296533721368809e-46
2106.0	4.1815076310022505e-46
2106.125	4.87269069485584e-46
2106.25	4.97773224532224e-46
2106.375	4.5373149334867594e-46
2106.5	4.22696823206464e-46
2106.625	4.42344897808009e-46
2106.75	4.500569195570249e-46
2106.875	3.86738655211584e-46
2107.0	3.9009595721740895e-46
2107.125	3.8715410571782395e-46
2107.25	4.33739894974929e-46
2107.375	4.88801159887104e-46
2107.5	4.71231793599876e-46
2107.625	4.601710567536039e-46
2107.75	4.427877742055291e-46
2107.875	4.8979249213753594e-46
2108.0	4.764541625088999e-46
2108.125	4.5464461382560914e-46
2108.25	4.4984887134888095e-46
2108.375	4.910579769895839e-46
2108.5	5.25461361627136e-46
2108.625	5.0046011977315595e-46
2108.75	4.5176890358073584e-46
2108.875	4.34816038131049e-46
2109.0	4.5097619044e-46
2109.125	4.06317025492249e-46
2109.25	4.1400130426848394e-46
2109.375	4.121686459519691e-46
2109.5	4.0680195332622396e-46
2109.625	4.29934253340736e-46
2109.75	4.546532281148011e-46
2109.875	3.64729135081689e-46
2110.0	3.4646096762544403e-46
2110.125	4.18130559994081e-46
2110.25	4.47559495982404e-46
2110.375	5.1393787735920395e-46
2110.5	4.15200407402089e-46
2110.625	3.797718544056961e-46
2110.75	3.957533316024998e-46
2110.875	3.754040713704089e-46
2111.0	4.0353545782886395e-46
2111.125	4.76350573258849e-46
2111.25	4.387901732877609e-46
2111.375	4.396559756006249e-46
2111.5	4.305964476691238e-46
2111.625	4.4151515435664394e-46
2111.75	5.0931543644832396e-46
2111.875	4.6378960485062516e-46
2112.0	3.4718876353200397e-46
2112.125	3.8766798318979606e-46
2112.25	4.48131599236161e-46
2112.375	3.945298704261758e-46
2112.5	4.14206631172489e-46
2112.625	4.9907778932240096e-46
2112.75	4.98858121457424e-46
2112.875	4.7417740862822496e-46
2113.0	3.909815342020089e-46
2113.125	3.7320003764499605e-46
2113.25	3.9056197929488095e-46
2113.375	3.82119886164769e-46
2113.5	3.91597238681856e-46
2113.625	3.811617418764959e-46
2113.75	3.94536822428401e-46
2113.875	4.18049711557696e-46
2114.0	4.028174639179689e-46
2114.125	4.38839149486144e-46
2114.25	4.414580448754089e-46
2114.375	4.28826813761956e-46
2114.5	4.07260450683025e-46
2114.625	5.1754002324403595e-46
2114.75	4.14526546005625e-46
2114.875	3.797957077691038e-46
2115.0	4.55097187662049e-46
2115.125	4.093378299458009e-46
2115.25	4.1355196054452905e-46
2115.375	3.985693215684011e-46
2115.5	4.444332682753959e-46
2115.625	4.592190986424041e-46
2115.75	3.653776434413159e-46
2115.875	4.21856888114025e-46
2116.0	4.79781974213476e-46
2116.125	4.7302548222420095e-46
2116.25	4.254919410319361e-46
2116.375	4.3638696107512906e-46
2116.5	4.32313834296964e-46
2116.625	4.7027435535610016e-46
2116.75	4.92691759548921e-46
2116.875	5.039050717089e-46
2117.0	4.4701152216660896e-46
2117.125	4.303554399001001e-46
2117.25	5.062788004096e-46
2117.375	4.435047725598091e-46
2117.5	4.99722239563024e-46
2117.625	4.21454704127044e-46
2117.75	5.252915163391211e-46
2117.875	4.76068891914009e-46
2118.0	4.079686567187561e-46
2118.125	4.823068234052249e-46
2118.25	5.45519692587769e-46
2118.375	3.84499233257104e-46
2118.5	4.017580875612159e-46
2118.625	4.9851118318849585e-46
2118.75	4.780793182506251e-46
2118.875	5.56723930620004e-46
2119.0	5.0248221169322505e-46
2119.125	4.22386964723025e-46
2119.25	4.877681618046759e-46
2119.375	4.9903605898322496e-46
2119.5	4.279834551931209e-46
2119.625	3.90238610873764e-46
2119.75	4.06883965963225e-46
2119.875	4.409772362937641e-46
2120.0	4.63779698447025e-46
2120.125	3.9247893038856086e-46
2120.25	3.6181654921857594e-46
2120.375	3.676435798331559e-46
2120.5	4.32586545651225e-46
2120.625	4.9891168254156084e-46
2120.75	4.023172262754089e-46
2120.875	3.85828513380324e-46
2121.0	4.0635024541316105e-46
2121.125	4.41102275929225e-46
2121.25	4.64945330633281e-46
2121.375	4.895781522465691e-46
2121.5	4.1380766396116885e-46
2121.625	3.66326699753569e-46
2121.75	5.1588191348515595e-46
2121.875	5.6128911495468106e-46
2122.0	5.28240077108676e-46
2122.125	4.6198803812464905e-46
2122.25	4.2850593914822495e-46
2122.375	4.14476177081344e-46
2122.5	3.902250594332249e-46
2122.625	4.60297844429809e-46
2122.75	5.09167355879169e-46
2122.875	4.135384168947361e-46
2123.0	4.43557465126416e-46
2123.125	4.51661615438224e-46
2123.25	4.6199323966478394e-46
2123.375	4.1319404348062486e-46
2123.5	4.197915401042249e-46
2123.625	4.33115244039241e-46
2123.75	4.01732070995025e-46
2123.875	4.34506187315344e-46
2124.0	4.19338736528644e-46
2124.125	3.83115521315569e-46
2124.25	3.9893291262302495e-46
2124.375	4.4098958406150395e-46
2124.5	3.8901850349670396e-46
2124.625	4.333994914260009e-46
2124.75	4.79475061692561e-46
2124.875	3.752427308194891e-46
2125.0	3.8431360095072395e-46
2125.125	4.2191012728340104e-46
2125.25	3.78915734514564e-46
2125.375	4.406136006768039e-46
2125.5	4.54595872132516e-46
2125.625	4.86464709843025e-46
2125.75	4.5945935361000895e-46
2125.875	4.387540608528489e-46
2126.0	4.465383904170249e-46
2126.125	4.477642633144809e-46
2126.25	4.48330738087684e-46
2126.375	4.83809762696976e-46
2126.5	4.301323354954239e-46
2126.625	4.219872396595839e-46
2126.75	3.9665052139156905e-46
2126.875	4.35996700125156e-46
2127.0	4.2395765381382415e-46
2127.125	3.99895926770404e-46
2127.25	3.97357020321856e-46
2127.375	4.47828424069849e-46
2127.5	4.928146035271839e-46
2127.625	4.55294368666384e-46
2127.75	4.5685125309824085e-46
2127.875	4.0276259355091596e-46
2128.0	4.2540399010497585e-46
2128.125	5.4433290126924906e-46
2128.25	4.79621913673984e-46
2128.375	3.880128192376809e-46
2128.5	4.18702201781796e-46
2128.625	4.869104302062089e-46
2128.75	5.4280505152332884e-46
2128.875	5.04240138805264e-46
2129.0	4.23272728929649e-46
2129.125	3.99878089290304e-46
2129.25	3.9611651196097595e-46
2129.375	4.8047408103896094e-46
2129.5	4.76323553726244e-46
2129.625	4.73290685010025e-46
2129.75	3.4213704832080902e-46
2129.875	4.036429769934239e-46
2130.0	4.263236748264489e-46
2130.125	4.403691337806761e-46
2130.25	4.458580056225e-46
2130.375	4.23583117888225e-46
2130.5	4.7069541450625606e-46
2130.625	4.32230794405921e-46
2130.75	4.558489743844e-46
2130.875	5.1394626536668916e-46
2131.0	5.83974241782481e-46
2131.125	5.3921247246060095e-46
2131.25	4.600101838311039e-46
2131.375	4.98724342986769e-46
2131.5	4.674512091844001e-46
2131.625	4.5397499614272085e-46
2131.75	5.372821273464089e-46
2131.875	5.0792687129628915e-46
2132.0	5.0998317199924896e-46
2132.125	4.81020914331721e-46
2132.25	4.05440011362681e-46
2132.375	4.502005110490409e-46
2132.5	4.6395902072526396e-46
2132.625	4.60736007716644e-46
2132.75	4.5076173032250005e-46
2132.875	4.377103756978409e-46
2133.0	4.70844951877444e-46
2133.125	4.71725559931536e-46
2133.25	4.5602082036673596e-46
2133.375	4.17331865404804e-46
2133.5	4.0627046344710414e-46
2133.625	4.75813120285881e-46
2133.75	4.1392223951624106e-46
2133.875	3.76404155695044e-46
2134.0	4.2432823539444086e-46
2134.125	4.12115375390625e-46
2134.25	3.84651999827209e-46
2134.375	3.513366362885759e-46
2134.5	3.7066256825480105e-46
2134.625	4.9930546038073605e-46
2134.75	5.2683212957497584e-46
2134.875	4.8697680713760105e-46
2135.0	4.82709241716025e-46
2135.125	3.8502476771430396e-46
2135.25	4.330242196667559e-46
2135.375	4.790988588589289e-46
2135.5	4.227789833280999e-46
2135.625	4.193511461442249e-46
2135.75	3.9775803035238405e-46
2135.875	4.05629589501504e-46
2136.0	4.192198920195999e-46
2136.125	5.00584644315001e-46
2136.25	5.017464256918092e-46
2136.375	4.0186248299406396e-46
2136.5	3.65017493695761e-46
2136.625	4.08215233609569e-46
2136.75	4.58848273513536e-46
2136.875	3.9611460130638415e-46
2137.0	5.1016186281816906e-46
2137.125	4.91992502257216e-46
2137.25	4.443720916182249e-46
2137.375	4.161512280462249e-46
2137.5	4.896501542416e-46
2137.625	4.481273654223609e-46
2137.75	4.45245068890561e-46
2137.875	5.02990737777025e-46
2138.0	5.208149286769e-46
2138.125	4.525220216792249e-46
2138.25	5.356049290595999e-46
2138.375	5.10235407968881e-46
2138.5	4.837797170700489e-46
2138.625	4.66823816483236e-46
2138.75	4.78735450240576e-46
2138.875	4.3355589222002505e-46
2139.0	3.8028190266912396e-46
2139.125	4.181889622095609e-46
2139.25	4.381764221368958e-46
2139.375	4.613952544927689e-46
2139.5	3.88162972229904e-46
2139.625	3.7898012997774384e-46
2139.75	4.22381744517184e-46
2139.875	5.304060951192089e-46
2140.0	5.265391086735998e-46
2140.125	4.5045949188896086e-46
2140.25	4.6983501675968414e-46
2140.375	4.94445077126641e-46
2140.5	4.2222453689860885e-46
2140.625	4.037043770208159e-46
2140.75	4.208689177080999e-46
2140.875	4.8563620049402505e-46
2141.0	4.4305669638374395e-46
2141.125	5.105493897156e-46
2141.25	4.6463669181748894e-46
2141.375	4.501688544554889e-46
2141.5	5.21379454050225e-46
2141.625	4.24068395312241e-46
2141.75	4.426483574241e-46
2141.875	4.09906265884164e-46
2142.0	4.36452056359225e-46
2142.125	4.66138204174756e-46
2142.25	4.72015121876281e-46
2142.375	4.09299066161881e-46
2142.5	4.498916310012009e-46
2142.625	4.35903035080681e-46
2142.75	4.3399784773822495e-46
2142.875	4.645884089019689e-46
2143.0	5.41444778709156e-46
2143.125	4.773843506621289e-46
2143.25	4.77103455919204e-46
2143.375	4.278600822788411e-46
2143.5	4.37890319337241e-46
2143.625	4.5502546891827606e-46
2143.75	4.210714670406759e-46
2143.875	4.463206784478089e-46
2144.0	4.637007955663691e-46
2144.125	4.0283147311824406e-46
2144.25	4.51141380727921e-46
2144.375	4.2829093052648095e-46
2144.5	4.488122329657209e-46
2144.625	5.1596722716774395e-46
2144.75	4.3576516575012105e-46
2144.875	5.518882532592041e-46
2145.0	5.79037401734416e-46
2145.125	4.59241814085184e-46
2145.25	4.8946690696220105e-46
2145.375	4.4874245166576414e-46
2145.5	3.961361760489e-46
2145.625	4.266897115479609e-46
2145.75	4.76200251372169e-46
2145.875	5.3251645243712406e-46
2146.0	5.07948281893264e-46
2146.125	5.0947933857920096e-46
2146.25	4.157153580318011e-46
2146.375	4.51646101369089e-46
2146.5	4.509841328137689e-46
2146.625	4.4976004975720895e-46
2146.75	4.73390198731024e-46
2146.875	5.7720850522689605e-46
2147.0	4.6522931018062496e-46
2147.125	4.28246478409689e-46
2147.25	4.9159949079384895e-46
2147.375	4.5102070261350406e-46
2147.5	4.2730867973091614e-46
2147.625	4.03753243206544e-46
2147.75	4.4357898952922496e-46
2147.875	4.71501009677476e-46
2148.0	3.9870800497027594e-46
2148.125	4.22735229396676e-46
2148.25	4.927752225286809e-46
2148.375	5.11667973966241e-46
2148.5	4.234026817160009e-46
2148.625	4.39120071756864e-46
2148.75	4.65896036390625e-46
2148.875	4.4651501933360394e-46
2149.0	4.608209262276001e-46
2149.125	5.2390421521411595e-46
2149.25	5.32728314104464e-46
2149.375	5.078205011261288e-46
2149.5	4.970631010877439e-46
2149.625	4.58640258828544e-46
2149.75	4.98713712946201e-46
2149.875	5.1871620321696394e-46
2150.0	4.5103849960288904e-46
2150.125	4.728176266969e-46
2150.25	4.3746454041640906e-46
2150.375	4.306733121288999e-46
2150.5	4.565918513601e-46
2150.625	4.68706609034689e-46
2150.75	4.58729824444441e-46
2150.875	3.7211447809236094e-46
2151.0	3.98367708640801e-46
2151.125	4.00868190586249e-46
2151.25	4.43590446958569e-46
2151.375	4.6924748621864095e-46
2151.5	4.7022582376548105e-46
2151.625	4.19746629822961e-46
2151.75	4.83187749067024e-46
2151.875	4.113591994880641e-46
2152.0	4.41792307548736e-46
2152.125	4.921227127779211e-46
2152.25	4.982053898652249e-46
2152.375	5.03069640657796e-46
2152.5	5.279777763062889e-46
2152.625	5.2267666806712895e-46
2152.75	5.10621064649476e-46
2152.875	4.79217019332676e-46
2153.0	4.208333452937289e-46
2153.125	5.4425007957222394e-46
2153.25	5.511510292792358e-46
2153.375	5.4304705335690005e-46
2153.5	4.797726431863691e-46
2153.625	4.27754141399524e-46
2153.75	4.9142097771228906e-46
2153.875	4.59502138872001e-46
2154.0	3.90095759708964e-46
2154.125	4.4652630330656095e-46
2154.25	4.7513144220010005e-46
2154.375	4.14450321950809e-46
2154.5	4.8197675485296095e-46
2154.625	4.93105236876729e-46
2154.75	4.793246854452249e-46
2154.875	4.7966935083602486e-46
2155.0	4.510710362954889e-46
2155.125	4.39203267809329e-46
2155.25	4.652722338289e-46
2155.375	4.41467709943689e-46
2155.5	4.178568437532089e-46
2155.625	3.6270821601e-46
2155.75	3.7472240763150405e-46
2155.875	3.61660133508496e-46
2156.0	4.406931593922489e-46
2156.125	4.607620233754239e-46
2156.25	4.3247993800710404e-46
2156.375	4.7901008391740105e-46
2156.5	5.2848423577622486e-46
2156.625	5.0661100933644096e-46
2156.75	4.7322346369e-46
2156.875	4.04525809931929e-46
2157.0	3.9017745346810005e-46
2157.125	4.2648441094700105e-46
2157.25	4.6989735807745594e-46
2157.375	4.60062947050084e-46
2157.5	4.984009367610249e-46
2157.625	4.71372557965456e-46
2157.75	4.43030343537796e-46
2157.875	3.91666502600356e-46
2158.0	3.69614428678881e-46
2158.125	4.12424368198756e-46
2158.25	4.45658783439424e-46
2158.375	4.5521555087996106e-46
2158.5	5.01811879740964e-46
2158.625	5.3102045154216085e-46
2158.75	5.771150511219609e-46
2158.875	5.3314311257166396e-46
2159.0	4.8638191534862385e-46
2159.125	4.838498836417439e-46
2159.25	4.472432756081291e-46
2159.375	4.41226619106025e-46
2159.5	4.2176976551715595e-46
2159.625	4.1671355435496895e-46
2159.75	3.90980347807729e-46
2159.875	4.1521548612456895e-46
2160.0	4.2185043884400396e-46
2160.125	4.4045421097400085e-46
2160.25	4.86973629415441e-46
2160.375	4.995060505354239e-46
2160.5	4.6415078701728105e-46
2160.625	4.47939488905561e-46
2160.75	3.4901805810062486e-46
2160.875	4.15031381437761e-46
2161.0	4.76188903993009e-46
2161.125	4.715155147904641e-46
2161.25	4.9222068148620895e-46
2161.375	4.60187832056121e-46
2161.5	4.325785589815289e-46
2161.625	4.722428803225e-46
2161.75	4.65547898280481e-46
2161.875	4.9787349446024106e-46
2162.0	4.952165264785209e-46
2162.125	4.51508909090121e-46
2162.25	4.701153250724489e-46
2162.375	4.7676543453168115e-46
2162.5	5.16144373253721e-46
2162.625	4.52094416550144e-46
2162.75	4.3597619568184914e-46
2162.875	4.002204303601001e-46
2163.0	4.0440735405392405e-46
2163.125	4.02077691015625e-46
2163.25	5.076595247526009e-46
2163.375	4.878692743441692e-46
2163.5	4.65860810948481e-46
2163.625	4.679606432304039e-46
2163.75	4.6592940681840395e-46
2163.875	4.68675260890281e-46
2164.0	5.45850562268025e-46
2164.125	5.212840590693161e-46
2164.25	4.55148345650436e-46
2164.375	4.9554597698304395e-46
2164.5	5.28829399756681e-46
2164.625	4.4811661162522496e-46
2164.75	4.28401491371044e-46
2164.875	4.8617321804089596e-46
2165.0	4.669682428647039e-46
2165.125	4.91793027429649e-46
2165.25	5.1578543302810005e-46
2165.375	4.1125187418771605e-46
2165.5	4.4534205359064095e-46
2165.625	4.984299148959359e-46
2165.75	4.4667583997584916e-46
2165.875	4.37502858731761e-46
2166.0	4.2853827375955596e-46
2166.125	4.77256847671681e-46
2166.25	5.165822575749159e-46
2166.375	4.469265750470439e-46
2166.5	4.459558595228889e-46
2166.625	4.91503933932544e-46
2166.75	5.114454618255999e-46
2166.875	5.227801471569961e-46
2167.0	5.0160858742439995e-46
2167.125	4.4698382572806415e-46
2167.25	4.232560644833439e-46
2167.375	4.375305945418238e-46
2167.5	5.25943725172369e-46
2167.625	4.8966852068702484e-46
2167.75	4.76402388302736e-46
2167.875	4.8912922178275595e-46
2168.0	4.5374435922817585e-46
2168.125	4.43214282549025e-46
2168.25	4.1309749504e-46
2168.375	4.35213697874176e-46
2168.5	4.10597963189089e-46
2168.625	4.2447973564483594e-46
2168.75	4.386256684656639e-46
2168.875	4.63264711252225e-46
2169.0	4.792220104996e-46
2169.125	4.564461758892009e-46
2169.25	4.202432350272251e-46
2169.375	4.568492011889609e-46
2169.5	4.910529688812249e-46
2169.625	5.2565351930822494e-46
2169.75	4.8439018260595586e-46
2169.875	4.51030769125225e-46
2170.0	4.5249117698559996e-46
2170.125	4.4463845794830405e-46
2170.25	4.36239282140964e-46
2170.375	4.109830140166561e-46
2170.5	4.666146928027561e-46
2170.625	4.903433168278089e-46
2170.75	4.420044973534089e-46
2170.875	4.946288979845158e-46
2171.0	4.45980736481536e-46
2171.125	4.228590539503689e-46
2171.25	4.565928342890889e-46
2171.375	4.42886595406641e-46
2171.5	4.76235996500224e-46
2171.625	3.94252753928401e-46
2171.75	4.18476370323025e-46
2171.875	4.22649537467364e-46
2172.0	4.5277294508544395e-46
2172.125	3.95263385837824e-46
2172.25	3.89302179870564e-46
2172.375	4.6234877627620886e-46
2172.5	4.7542270155609996e-46
2172.625	4.95595619948529e-46
2172.75	5.44048954070449e-46
2172.875	4.935435024739211e-46
2173.0	5.0604842007040005e-46
2173.125	5.1780349604761586e-46
2173.25	5.2053075011044886e-46
2173.375	4.47989184720025e-46
2173.5	4.5162582722010014e-46
2173.625	4.88953015247524e-46
2173.75	4.53965578635024e-46
2173.875	4.879261299025e-46
2174.0	4.68711155468644e-46
2174.125	4.35672777946176e-46
2174.25	4.580138867850811e-46
2174.375	4.72916003343424e-46
2174.5	4.39010105794624e-46
2174.625	4.5023598812522506e-46
2174.75	5.04894788178496e-46
2174.875	5.169853569853439e-46
2175.0	4.700433431132891e-46
2175.125	4.433000973242489e-46
2175.25	3.7994823889212105e-46
2175.375	3.864170310450489e-46
2175.5	4.8415885303210004e-46
2175.625	4.2801121861862414e-46
2175.75	4.20011536837489e-46
2175.875	4.937140459843289e-46
2176.0	5.208988690576809e-46
2176.125	5.4823604734248085e-46
2176.25	5.70113277932025e-46
2176.375	4.8161844488124895e-46
2176.5	4.3304328113486395e-46
2176.625	5.39665376028601e-46
2176.75	5.476614202958891e-46
2176.875	5.33727908912704e-46
2177.0	4.55853842338756e-46
2177.125	4.701285079078089e-46
2177.25	5.561868493009961e-46
2177.375	4.97569190575081e-46
2177.5	3.99376722985744e-46
2177.625	4.4671375644481606e-46
2177.75	5.34297122657424e-46
2177.875	5.4674995780922494e-46
2178.0	5.04992986258401e-46
2178.125	4.80913715765025e-46
2178.25	4.363015674358889e-46
2178.375	4.6143211510284086e-46
2178.5	3.91324635833329e-46
2178.625	4.50707889733924e-46
2178.75	4.9770201090369606e-46
2178.875	4.99249777834404e-46
2179.0	4.7029742934096385e-46
2179.125	5.055677150378891e-46
2179.25	5.363602169403039e-46
2179.375	5.1132895515705584e-46
2179.5	5.65431472112809e-46
2179.625	5.619481226480249e-46
2179.75	4.0893599773155586e-46
2179.875	4.73507566132441e-46
2180.0	4.7597965637376404e-46
2180.125	4.388502522550089e-46
2180.25	4.007949145387689e-46
2180.375	4.3532473132696895e-46
2180.5	5.182798283776e-46
2180.625	4.65819500453904e-46
2180.75	4.48446312255601e-46
2180.875	4.39225273120804e-46
2181.0	4.7012113590472896e-46
2181.125	4.58336760257601e-46
2181.25	5.12307190713616e-46
2181.375	4.986528827083689e-46
2181.5	5.040774857889e-46
2181.625	4.50617921984169e-46
2181.75	4.650013950598811e-46
2181.875	5.0532239030812895e-46
2182.0	4.926403534230089e-46
2182.125	5.393403345848038e-46
2182.25	6.0081637754113595e-46
2182.375	5.05774101894084e-46
2182.5	4.9373213296705595e-46
2182.625	4.70682484067524e-46
2182.75	4.68943312699801e-46
2182.875	4.66502459374224e-46
2183.0	4.25086419405376e-46
2183.125	4.46523218161216e-46
2183.25	4.99196109233809e-46
2183.375	5.0715832707097585e-46
2183.5	4.0164228223022505e-46
2183.625	4.66805926798864e-46
2183.75	4.256032953240249e-46
2183.875	3.93493992442489e-46
2184.0	4.30388383606416e-46
2184.125	3.85075276522225e-46
2184.25	3.6520746460160395e-46
2184.375	3.77149023105625e-46
2184.5	4.607852921280999e-46
2184.625	5.366144915334808e-46
2184.75	4.99145839431184e-46
2184.875	4.94148936350521e-46
2185.0	4.373756534067839e-46
2185.125	4.35323646376921e-46
2185.25	4.4441037396784884e-46
2185.375	5.44335234366049e-46
2185.5	5.2507229377593595e-46
2185.625	4.7302021894478395e-46
2185.75	4.77165491197924e-46
2185.875	4.581461561138009e-46
2186.0	4.36215137863696e-46
2186.125	4.6095660600999995e-46
2186.25	4.790604675025001e-46
2186.375	4.61709175281561e-46
2186.5	4.252380961752039e-46
2186.625	4.34948251400569e-46
2186.75	4.019642054120249e-46
2186.875	4.2806997578190414e-46
2187.0	4.65052761666724e-46
2187.125	4.1770281045284105e-46
2187.25	5.9384752740616894e-46
2187.375	5.80666228298289e-46
2187.5	4.420997828165609e-46
2187.625	4.51836836654116e-46
2187.75	4.88235072065764e-46
2187.875	4.505754250046439e-46
2188.0	4.67096049884025e-46
2188.125	4.41103578081156e-46
2188.25	4.8190992928780894e-46
2188.375	5.411954571776638e-46
2188.5	4.8735207190670386e-46
2188.625	4.8299569352856896e-46
2188.75	4.401315739519689e-46
2188.875	4.49052717066496e-46
2189.0	4.86147111977536e-46
2189.125	5.710889290160891e-46
2189.25	5.3636396877808895e-46
2189.375	4.3422766189690004e-46
2189.5	4.0204448579620885e-46
2189.625	4.17155829418449e-46
2189.75	4.775254190460249e-46
2189.875	4.734485977478759e-46
2190.0	3.91775437449124e-46
2190.125	4.14124168701681e-46
2190.25	4.6757423860622505e-46
2190.375	4.576551863371289e-46
2190.5	4.2837189393960914e-46
2190.625	5.08090189212736e-46
2190.75	5.205688520964839e-46
2190.875	4.9553088423352895e-46
2191.0	4.912395714056249e-46
2191.125	4.4952840834722516e-46
2191.25	4.3640501011548106e-46
2191.375	4.4094170592654404e-46
2191.5	4.77034653901129e-46
2191.625	4.53718585050241e-46
2191.75	4.68124068630625e-46
2191.875	5.4295934301414396e-46
2192.0	6.083094923727609e-46
2192.125	5.902396879328009e-46
2192.25	4.58494856475049e-46
2192.375	4.63537153787569e-46
2192.5	4.35333244058881e-46
2192.625	4.03655353062976e-46
2192.75	4.7300012305635596e-46
2192.875	4.777927544578411e-46
2193.0	4.2210910554643596e-46
2193.125	4.048712208737439e-46
2193.25	4.019628420781209e-46
2193.375	5.0470399212192415e-46
2193.5	5.544285733382489e-46
2193.625	5.450702686276e-46
2193.75	4.893170069011209e-46
2193.875	4.6446663501414396e-46
2194.0	4.51966467807009e-46
2194.125	4.814237174769001e-46
2194.25	4.591695552105639e-46
2194.375	4.1021584733379605e-46
2194.5	4.1568379630562514e-46
2194.625	4.39181556442281e-46
2194.75	4.41754012023025e-46
2194.875	4.9450195876e-46
2195.0	4.809286281072251e-46
2195.125	4.6553568602817585e-46
2195.25	5.070978847195559e-46
2195.375	5.0721548488802495e-46
2195.5	5.0716008364622494e-46
2195.625	4.77496006229124e-46
2195.75	4.1336891633857585e-46
2195.875	4.2132505064961595e-46
2196.0	4.7207869402638406e-46
2196.125	4.75107508835521e-46
2196.25	4.64513790866724e-46
2196.375	5.066951478121001e-46
2196.5	4.960960173433691e-46
2196.625	5.1508272444835595e-46
2196.75	5.664481872295839e-46
2196.875	5.08069226432881e-46
2197.0	4.156171699294809e-46
2197.125	4.746247416614561e-46
2197.25	4.46897316882916e-46
2197.375	4.126690374620491e-46
2197.5	4.91055805328841e-46
2197.625	5.687326844456889e-46
2197.75	5.315308117223039e-46
2197.875	4.311043283547039e-46
2198.0	4.3301298275329585e-46
2198.125	3.92024754148225e-46
2198.25	4.345882780619609e-46
2198.375	4.681082743561e-46
2198.5	4.48528523394064e-46
2198.625	4.5967411456014394e-46
2198.75	4.9231306852064085e-46
2198.875	4.68169851896289e-46
2199.0	4.993020639246241e-46
2199.125	5.0325263482384885e-46
2199.25	4.906272401114491e-46
2199.375	4.59722613146449e-46
2199.5	4.05885008041744e-46
2199.625	4.13914874630404e-46
2199.75	5.60158650564241e-46
2199.875	6.1500875239689995e-46
2200.0	5.3323593797760395e-46
2200.125	4.653140377573211e-46
2200.25	5.6367078802950414e-46
2200.375	5.32892016478116e-46
2200.5	5.348967980428961e-46
2200.625	5.57873883377316e-46
2200.75	4.6454055955920905e-46
2200.875	5.04137343718009e-46
2201.0	4.7404014508636905e-46
2201.125	4.33286663860521e-46
2201.25	5.109340348225e-46
2201.375	4.5591243063523595e-46
2201.5	4.48242532284121e-46
2201.625	4.390038200467241e-46
2201.75	5.11442657549604e-46
2201.875	4.66568942442849e-46
2202.0	4.98837260662225e-46
2202.125	6.07268626838041e-46
2202.25	5.298138227592249e-46
2202.375	4.59967203347716e-46
2202.5	4.1790426948784894e-46
2202.625	4.1837957484024086e-46
2202.75	4.178254461268409e-46
2202.875	4.2813010260302495e-46
2203.0	4.719475567173159e-46
2203.125	4.76303038599424e-46
2203.25	4.831415449913608e-46
2203.375	5.412753008249759e-46
2203.5	5.212288992718438e-46
2203.625	4.362467177104001e-46
2203.75	3.9247675117267594e-46
2203.875	4.28920833843216e-46
2204.0	4.65331251685444e-46
2204.125	4.73750310829636e-46
2204.25	4.88050101524736e-46
2204.375	4.7018150130156095e-46
2204.5	4.829084920820409e-46
2204.625	5.71075928868025e-46
2204.75	5.441871859524e-46
2204.875	4.85812337404801e-46
2205.0	4.7070417953552396e-46
2205.125	4.7770711680614396e-46
2205.25	5.157733508947361e-46
2205.375	4.9137065760192395e-46
2205.5	4.49884334567529e-46
2205.625	5.2908997982593594e-46
2205.75	5.40942657814276e-46
2205.875	5.2532653752000895e-46
2206.0	4.60911434447104e-46
2206.125	4.15470031818724e-46
2206.25	5.0811976324614404e-46
2206.375	5.71894748891041e-46
2206.5	4.5640131132960096e-46
2206.625	3.9224903665728404e-46
2206.75	4.70751043452804e-46
2206.875	4.917342173565609e-46
2207.0	4.78091169167616e-46
2207.125	4.62815321738449e-46
2207.25	4.4858579186433596e-46
2207.375	4.1448338408822505e-46
2207.5	5.03450022286864e-46
2207.625	4.683379882899239e-46
2207.75	5.0469028818796895e-46
2207.875	4.8295411363108896e-46
2208.0	4.92897854897809e-46
2208.125	4.89927944787856e-46
2208.25	4.55652612532441e-46
2208.375	4.81296422063961e-46
2208.5	5.139382854228489e-46
2208.625	5.4895651209204085e-46
2208.75	5.123417763610241e-46
2208.875	4.07752483465924e-46
2209.0	4.513469232353289e-46
2209.125	4.56132426564049e-46
2209.25	4.0122265287484894e-46
2209.375	5.1082147384960005e-46
2209.5	5.52689114254281e-46
2209.625	5.4903570774312105e-46
2209.75	5.046811673121e-46
2209.875	4.6719032795139596e-46
2210.0	5.73312933154116e-46
2210.125	5.36342384310489e-46
2210.25	4.303803342721e-46
2210.375	3.90304000868769e-46
2210.5	4.24819009655044e-46
2210.625	4.5250947095290016e-46
2210.75	4.775080247298489e-46
2210.875	4.86208585819044e-46
2211.0	4.92575100805089e-46
2211.125	5.121235985019039e-46
2211.25	5.053650121056249e-46
2211.375	5.478188345808999e-46
2211.5	5.2497679066638396e-46
2211.625	4.650538830516639e-46
2211.75	5.4547741838976394e-46
2211.875	5.391158776391611e-46
2212.0	4.822323768441e-46
2212.125	3.9722706246913606e-46
2212.25	4.4675721230342405e-46
2212.375	4.4823080321744405e-46
2212.5	5.483697051170249e-46
2212.625	5.178328963073639e-46
2212.75	4.8041134885094394e-46
2212.875	4.8889548078236095e-46
2213.0	5.05889479208169e-46
2213.125	4.8955093713680395e-46
2213.25	5.009453741124809e-46
2213.375	4.147632435531691e-46
2213.5	4.678910760241e-46
2213.625	4.663524470880251e-46
2213.75	4.691235004290811e-46
2213.875	5.66941243638784e-46
2214.0	5.1988628503022485e-46
2214.125	5.065084229705639e-46
2214.25	4.1015597932686404e-46
2214.375	3.637724246067611e-46
2214.5	4.59196169472769e-46
2214.625	5.1266464712580105e-46
2214.75	4.9195084740122494e-46
2214.875	5.05495586266441e-46
2215.0	4.018201859752089e-46
2215.125	4.64842913966656e-46
2215.25	5.04257698996489e-46
2215.375	4.80560273239225e-46
2215.5	4.2565780193857595e-46
2215.625	4.52929951186801e-46
2215.75	4.961778970526009e-46
2215.875	4.18069912710564e-46
2216.0	4.3883994552904895e-46
2216.125	5.284423970156249e-46
2216.25	5.3335343604691614e-46
2216.375	5.4991169243841595e-46
2216.5	4.639896076147238e-46
2216.625	4.95013284223236e-46
2216.75	4.6726023213720905e-46
2216.875	4.12893906283681e-46
2217.0	5.2407026484156086e-46
2217.125	5.60290913316225e-46
2217.25	5.20040385707236e-46
2217.375	4.79890930526569e-46
2217.5	4.250163223737759e-46
2217.625	5.11298292952836e-46
2217.75	5.798511678498011e-46
2217.875	5.9506372326918405e-46
2218.0	4.9533972930044096e-46
2218.125	4.55032636272036e-46
2218.25	4.3632525456e-46
2218.375	4.178479721689e-46
2218.5	4.79109715530625e-46
2218.625	5.488401189115689e-46
2218.75	5.1309366876804094e-46
2218.875	5.280356818667289e-46
2219.0	4.5231697738502484e-46
2219.125	5.196376924869689e-46
2219.25	4.7945338398777595e-46
2219.375	4.219137834916e-46
2219.5	4.24645440383329e-46
2219.625	5.4170756375054394e-46
2219.75	6.0545784423880894e-46
2219.875	5.2349339328048414e-46
2220.0	4.9359811051662395e-46
2220.125	4.27977662639641e-46
2220.25	4.245569176388411e-46
2220.375	4.3213221308410006e-46
2220.5	4.672452306127359e-46
2220.625	4.60199716534756e-46
2220.75	5.00341247519481e-46
2220.875	4.814969166694439e-46
2221.0	4.518543946556889e-46
2221.125	4.7747406739239995e-46
2221.25	4.72819018337604e-46
2221.375	4.241617275649689e-46
2221.5	4.6646384175507595e-46
2221.625	4.693618691871209e-46
2221.75	4.3576349575260094e-46
2221.875	3.70051473305284e-46
2222.0	4.461849311481e-46
2222.125	4.9933844235792396e-46
2222.25	5.47612978881424e-46
2222.375	5.03618363922249e-46
2222.5	4.62143452140484e-46
2222.625	3.740034189322239e-46
2222.75	4.4529778032639996e-46
2222.875	5.210408847423999e-46
2223.0	4.7042091947772104e-46
2223.125	5.0136252354787596e-46
2223.25	5.29346574746089e-46
2223.375	5.22070586090496e-46
2223.5	5.3988934319936095e-46
2223.625	5.903719565000409e-46
2223.75	5.216794868124158e-46
2223.875	5.17823020275625e-46
2224.0	5.65873273424281e-46
2224.125	5.97915073099204e-46
2224.25	5.42141116837776e-46
2224.375	5.28989696050176e-46
2224.5	4.89179426994801e-46
2224.625	4.84480247071744e-46
2224.75	4.7188103908932885e-46
2224.875	4.12800968790016e-46
2225.0	4.8859636497465606e-46
2225.125	5.296270276951289e-46
2225.25	4.57736867985796e-46
2225.375	5.341727256793288e-46
2225.5	4.119815239395839e-46
2225.625	4.675830610215611e-46
2225.75	5.030214190033209e-46
2225.875	4.82003846431396e-46
2226.0	4.75953476384164e-46
2226.125	5.1887782963209995e-46
2226.25	4.58603295750625e-46
2226.375	4.177149505817759e-46
2226.5	4.572503515285691e-46
2226.625	4.9607557074451605e-46
2226.75	4.808359121768409e-46
2226.875	5.443983231990249e-46
2227.0	4.79593969333956e-46
2227.125	4.42238440245156e-46
2227.25	5.025747048396838e-46
2227.375	4.57191591797521e-46
2227.5	4.2374712424416096e-46
2227.625	4.32161607519009e-46
2227.75	4.8311600401e-46
2227.875	5.039966630169e-46
2228.0	5.42064655127524e-46
2228.125	5.07701884482081e-46
2228.25	4.5718226927604084e-46
2228.375	5.087369117088089e-46
2228.5	6.128659230646409e-46
2228.625	4.9097169041016096e-46
2228.75	5.1697626210054395e-46
2228.875	5.595738804385961e-46
2229.0	4.6189746724e-46
2229.125	4.32447247073956e-46
2229.25	5.01743334538384e-46
2229.375	5.42779051069161e-46
2229.5	5.085886446480999e-46
2229.625	5.194795489048359e-46
2229.75	5.492137547961e-46
2229.875	4.89694367063521e-46
2230.0	4.4926024197760014e-46
2230.125	4.97690544022441e-46
2230.25	4.9954851573872396e-46
2230.375	5.01298397413636e-46
2230.5	5.103297866304e-46
2230.625	4.919848720558239e-46
2230.75	5.0233243837507615e-46
2230.875	4.96922653064644e-46
2231.0	4.6778340414660086e-46
2231.125	5.168313459056249e-46
2231.25	5.004758243144889e-46
2231.375	4.18024031444496e-46
2231.5	4.573767790041609e-46
2231.625	4.3277075867844906e-46
2231.75	4.474072732160159e-46
2231.875	4.11322773836836e-46
2232.0	4.83715185912676e-46
2232.125	4.2701916317136396e-46
2232.25	4.4363375063822485e-46
2232.375	4.663110284236961e-46
2232.5	5.1643176076822494e-46
2232.625	5.4072251834048105e-46
2232.75	4.63189855247716e-46
2232.875	4.35499843288689e-46
2233.0	5.1652802892600904e-46
2233.125	4.89392883195076e-46
2233.25	4.7770869047630406e-46
2233.375	4.9591815940839986e-46
2233.5	4.52730857265729e-46
2233.625	4.17358913444496e-46
2233.75	4.7134120763523605e-46
2233.875	4.34000222659584e-46
2234.0	4.0230210280090016e-46
2234.125	4.15382470712356e-46
2234.25	4.697142909894489e-46
2234.375	5.2446693094504896e-46
2234.5	4.689522346430249e-46
2234.625	4.99935210911361e-46
2234.75	4.69813948236864e-46
2234.875	5.1546648490876895e-46
2235.0	4.89235385619556e-46
2235.125	4.15524374892225e-46
2235.25	4.29024516390649e-46
2235.375	4.4367457092505606e-46
2235.5	5.502025133088158e-46
2235.625	5.50847283858496e-46
2235.75	4.2668033356256395e-46
2235.875	4.17806640821761e-46
2236.0	4.80573470184196e-46
2236.125	5.49278578776249e-46
2236.25	6.312569820295839e-46
2236.375	4.8371325048432396e-46
2236.5	5.0676240959545604e-46
2236.625	5.880499870665639e-46
2236.75	5.1352418418918395e-46
2236.875	4.4507450611052084e-46
2237.0	3.821756387719689e-46
2237.125	5.049426950648999e-46
2237.25	5.103145155801641e-46
2237.375	4.687891843716e-46
2237.5	4.1984387016846394e-46
2237.625	4.871484636736e-46
2237.75	4.59048750728929e-46
2237.875	4.42577878876225e-46
2238.0	4.33521619877124e-46
2238.125	4.7723683675400084e-46
2238.25	5.85771800614729e-46
2238.375	5.46306992450521e-46
2238.5	4.7123270533102484e-46
2238.625	4.166096557963241e-46
2238.75	4.98909225548176e-46
2238.875	4.6499816048185606e-46
2239.0	4.361857312036e-46
2239.125	4.4921238322616095e-46
2239.25	4.892429944702441e-46
2239.375	5.4899812424268095e-46
2239.5	5.26118630300176e-46
2239.625	5.15344526842401e-46
2239.75	4.95392789571241e-46
2239.875	4.65841083555904e-46
2240.0	5.201332949577611e-46
2240.125	5.2956052040112396e-46
2240.25	5.015901775716809e-46
2240.375	5.2566617516292095e-46
2240.5	4.59144913062889e-46
2240.625	4.158081743906251e-46
2240.75	4.287258468444159e-46
2240.875	5.090053088333159e-46
2241.0	4.401165528920249e-46
2241.125	3.9562232352604895e-46
2241.25	4.7595949771801586e-46
2241.375	4.4262029156284884e-46
2241.5	4.657686958056249e-46
2241.625	5.662360523612249e-46
2241.75	5.49791446407424e-46
2241.875	4.6633089533241594e-46
2242.0	4.665594384001691e-46
2242.125	4.77690331152384e-46
2242.25	4.2015160575999994e-46
2242.375	4.73023611799236e-46
2242.5	5.079897070451291e-46
2242.625	5.308048748752089e-46
2242.75	4.9294909683684916e-46
2242.875	4.9118921625852094e-46
2243.0	4.3853716615584085e-46
2243.125	4.0935203300249985e-46
2243.25	4.688713339129689e-46
2243.375	5.08375371046761e-46
2243.5	4.78076738181156e-46
2243.625	5.162407963904889e-46
2243.75	4.4382215466556905e-46
2243.875	4.163370908356001e-46
2244.0	4.9464446628481614e-46
2244.125	5.8429704158416896e-46
2244.25	5.8850897871361595e-46
2244.375	5.350173008544809e-46
2244.5	5.0089519535334386e-46
2244.625	5.01635105372944e-46
2244.75	5.30268427443364e-46
2244.875	5.13946990819201e-46
2245.0	4.037399413449609e-46
2245.125	4.10091052997025e-46
2245.25	4.1406959169000015e-46
2245.375	5.139078171162249e-46
2245.5	5.8130656609e-46
2245.625	5.33019034712025e-46
2245.75	4.778827718808999e-46
2245.875	5.465527660270239e-46
2246.0	5.170644403806011e-46
2246.125	4.34863082063641e-46
2246.25	4.32170712928656e-46
2246.375	4.440995672689e-46
2246.5	5.119454694689439e-46
2246.625	5.07728608071556e-46
2246.75	5.27915921969241e-46
2246.875	4.815092926224e-46
2247.0	5.282640261600249e-46
2247.125	4.7772914842425595e-46
2247.25	4.86338690335744e-46
2247.375	4.06337384627344e-46
2247.5	4.0470048857456114e-46
2247.625	5.219596379020961e-46
2247.75	5.04915820190224e-46
2247.875	4.6474956291860085e-46
2248.0	3.879593999892249e-46
2248.125	4.61451233365056e-46
2248.25	4.95920564487076e-46
2248.375	4.52022296985856e-46
2248.5	4.83326770273636e-46
2248.625	5.02030001112676e-46
2248.75	4.66250436965889e-46
2248.875	4.0300494245028895e-46
2249.0	4.80087232057449e-46
2249.125	4.7259272968320416e-46
2249.25	3.92727678100164e-46
2249.375	4.80693303228961e-46
2249.5	5.0970891810675595e-46
2249.625	5.08741738532416e-46
2249.75	4.42450358526016e-46
2249.875	5.12873609704369e-46
2250.0	5.137183172760249e-46
2250.125	5.723810782131691e-46
2250.25	4.955417474282891e-46
2250.375	4.763606566733441e-46
2250.5	5.61637766414404e-46
2250.625	5.508679847129289e-46
2250.75	4.19326982375625e-46
2250.875	4.7000653037395596e-46
2251.0	5.2442923617639995e-46
2251.125	5.4670122937944905e-46
2251.25	4.74227885847076e-46
2251.375	4.664757206064009e-46
2251.5	4.66623851784484e-46
2251.625	4.9025058340960896e-46
2251.75	4.6803211940249996e-46
2251.875	4.94277430987201e-46
2252.0	5.479522074076411e-46
2252.125	4.870283583009609e-46
2252.25	5.02043892944896e-46
2252.375	5.1814993509064915e-46
2252.5	4.9192276796622396e-46
2252.625	4.72268001865984e-46
2252.75	5.82236534458084e-46
2252.875	6.129244974653439e-46
2253.0	5.16275014682596e-46
2253.125	4.909492668906249e-46
2253.25	4.267495347788889e-46
2253.375	4.13231730922404e-46
2253.5	4.658962954061609e-46
2253.625	5.2774241829602484e-46
2253.75	5.53775214640041e-46
2253.875	4.7208199659270395e-46
2254.0	4.2589460168179604e-46
2254.125	5.03188522514496e-46
2254.25	4.7021714992908095e-46
2254.375	4.45179489922729e-46
2254.5	4.69220235666064e-46
2254.625	3.9724946472992404e-46
2254.75	4.39868364895521e-46
2254.875	5.5499524220556905e-46
2255.0	5.462245348738089e-46
2255.125	4.95454221957601e-46
2255.25	5.138741760768489e-46
2255.375	5.107720232707559e-46
2255.5	4.84327987547209e-46
2255.625	5.85847993264209e-46
2255.75	5.5941100180064106e-46
2255.875	4.924572575388841e-46
2256.0	4.6950595090339605e-46
2256.125	4.45043241218304e-46
2256.25	4.77733432408996e-46
2256.375	5.415636431104e-46
2256.5	5.147012848468411e-46
2256.625	4.9270356824332905e-46
2256.75	4.523810381010009e-46
2256.875	4.63369364832256e-46
2257.0	4.4515358038756894e-46
2257.125	5.144381943129e-46
2257.25	5.53119795213001e-46
2257.375	5.3183019936513606e-46
2257.5	4.96493005387129e-46
2257.625	5.489743189004008e-46
2257.75	4.43950546777956e-46
2257.875	4.32859551046729e-46
2258.0	4.4102024423232394e-46
2258.125	4.967322105001e-46
2258.25	6.5264409961000005e-46
2258.375	6.0743285769940894e-46
2258.5	4.90007410204321e-46
2258.625	5.07372066056241e-46
2258.75	4.42232552014276e-46
2258.875	4.49673103017009e-46
2259.0	4.3307582810467595e-46
2259.125	4.24866581493264e-46
2259.25	4.221697985264409e-46
2259.375	4.4905386137388096e-46
2259.5	6.08714886933904e-46
2259.625	5.7011337344020896e-46
2259.75	5.08117373848681e-46
2259.875	5.122587546619561e-46
2260.0	5.3055939751562485e-46
2260.125	5.03492879190609e-46
2260.25	5.313075249118809e-46
2260.375	4.42463189666481e-46
2260.5	4.80719525550489e-46
2260.625	4.89794705265636e-46
2260.75	4.8606906255667586e-46
2260.875	4.3606560860985604e-46
2261.0	4.93583180759824e-46
2261.125	4.93557542984025e-46
2261.25	4.3652162761e-46
2261.375	4.91970055438404e-46
2261.5	5.0631921236544396e-46
2261.625	4.95455112310041e-46
2261.75	5.45043700361241e-46
2261.875	5.19111293952196e-46
2262.0	4.35062212841025e-46
2262.125	4.508174850463691e-46
2262.25	4.5732267309081605e-46
2262.375	5.5202841723122494e-46
2262.5	4.78104725747236e-46
2262.625	4.36622129205025e-46
2262.75	4.494603946313609e-46
2262.875	5.2367594565708885e-46
2263.0	5.15477655281689e-46
2263.125	5.074123414142248e-46
2263.25	5.111021760897609e-46
2263.375	5.08746159381604e-46
2263.5	4.751419486580009e-46
2263.625	4.9488233589440096e-46
2263.75	4.96668559467844e-46
2263.875	4.84008756039601e-46
2264.0	4.71531149293824e-46
2264.125	4.46253879577284e-46
2264.25	4.53822325247236e-46
2264.375	6.03788688140544e-46
2264.5	6.071859776287359e-46
2264.625	4.83283461396681e-46
2264.75	5.189591990169761e-46
2264.875	5.202009866472249e-46
2265.0	4.6713473688999994e-46
2265.125	4.913295610620252e-46
2265.25	4.662829563393959e-46
2265.375	4.58619528483216e-46
2265.5	3.995225825397209e-46
2265.625	6.502061407396e-46
2265.75	6.65257131471241e-46
2265.875	5.65608352680484e-46
2266.0	5.80397770370916e-46
2266.125	4.229702277376e-46
2266.25	4.63994734248369e-46
2266.375	4.6330427244601594e-46
2266.5	5.1925680286084884e-46
2266.625	5.777158359183999e-46
2266.75	5.4804345706758395e-46
2266.875	4.8987823237524905e-46
2267.0	5.587642628580249e-46
2267.125	5.26743122283225e-46
2267.25	5.84521719949456e-46
2267.375	5.149573624995838e-46
2267.5	5.4486180217562496e-46
2267.625	5.428025353231291e-46
2267.75	6.056585478371608e-46
2267.875	5.8525054157030396e-46
2268.0	3.98839522915089e-46
2268.125	4.303015045641e-46
2268.25	5.531214885462248e-46
2268.375	6.2298597513796894e-46
2268.5	7.82130603693604e-46
2268.625	6.503486887442249e-46
2268.75	5.330966567209961e-46
2268.875	7.08758730885529e-46
2269.0	6.12750317394436e-46
2269.125	5.29840983975625e-46
2269.25	4.4867127778704384e-46
2269.375	4.5528037129e-46
2269.5	4.673614014428489e-46
2269.625	4.448158548729639e-46
2269.75	4.3149081533544905e-46
2269.875	4.3941148107673595e-46
2270.0	5.07982224248521e-46
2270.125	5.324244742056248e-46
2270.25	5.03089557996964e-46
2270.375	5.0413922977202495e-46
2270.5	8.17365113801604e-46
2270.625	7.51424980785424e-46
2270.75	4.93966893833956e-46
2270.875	4.8839996665152895e-46
2271.0	4.40349701909121e-46
2271.125	4.5717444356304405e-46
2271.25	5.0760761396220105e-46
2271.375	4.99229936650116e-46
2271.5	5.4149559932336385e-46
2271.625	4.7614905830560005e-46
2271.75	4.537205021126561e-46
2271.875	4.846912226156159e-46
2272.0	4.57934106366025e-46
2272.125	4.81931311208356e-46
2272.25	4.80578599942609e-46
2272.375	5.02364489153121e-46
2272.5	4.98640199044009e-46
2272.625	6.0026004504202496e-46
2272.75	5.8414080269002484e-46
2272.875	5.18287432169329e-46
2273.0	4.913311126801e-46
2273.125	4.67095315062544e-46
2273.25	5.17003501519521e-46
2273.375	1.2017565849823213e-45
2273.5	1.558920555316224e-45
2273.625	5.471926348382011e-46
2273.75	5.481010479873639e-46
2273.875	5.3077907128144894e-46
2274.0	4.46887296604681e-46
2274.125	4.634550853920489e-46
2274.25	5.046874575625001e-46
2274.375	4.945615123101209e-46
2274.5	5.140722297319209e-46
2274.625	5.491689473973159e-46
2274.75	5.405873777862249e-46
2274.875	4.8472926649862385e-46
2275.0	4.9388332999219595e-46
2275.125	5.748566319642239e-46
2275.25	6.17153582315776e-46
2275.375	5.2496418893740895e-46
2275.5	4.32812199531321e-46
2275.625	4.935914454187239e-46
2275.75	4.8949310200908105e-46
2275.875	5.543425384704e-46
2276.0	6.283445625072039e-46
2276.125	5.53563207749776e-46
2276.25	5.26624840062864e-46
2276.375	4.989443834659688e-46
2276.5	5.182348897415289e-46
2276.625	5.232007077635611e-46
2276.75	5.76192112016004e-46
2276.875	5.1505213145759986e-46
2277.0	4.70518178827761e-46
2277.125	5.428127865456489e-46
2277.25	6.487713315801e-46
2277.375	6.047131005372249e-46
2277.5	5.3152412580724895e-46
2277.625	5.32440164862225e-46
2277.75	4.6490595817568395e-46
2277.875	5.199607102066089e-46
2278.0	5.305288550369439e-46
2278.125	4.27688539919424e-46
2278.25	4.385202457656249e-46
2278.375	4.54937204172049e-46
2278.5	4.56461601261444e-46
2278.625	4.85839051647049e-46
2278.75	4.830000889711689e-46
2278.875	4.8161041274937594e-46
2279.0	5.01493430614401e-46
2279.125	5.628163140625e-46
2279.25	4.9726979640520895e-46
2279.375	4.5247781836867595e-46
2279.5	4.62944581725609e-46
2279.625	5.693522840988158e-46
2279.75	5.470522441659039e-46
2279.875	4.78358881587889e-46
2280.0	4.6882218189920394e-46
2280.125	4.8058934183310386e-46
2280.25	5.23131723317329e-46
2280.375	5.12402168235204e-46
2280.5	5.054877171669159e-46
2280.625	4.2798713762249994e-46
2280.75	3.911873613008489e-46
2280.875	4.96953639096849e-46
2281.0	6.13415632338441e-46
2281.125	5.695385113800359e-46
2281.25	5.139749664722561e-46
2281.375	4.873750754243289e-46
2281.5	4.09749980567524e-46
2281.625	4.353722200806252e-46
2281.75	4.869387634227209e-46
2281.875	5.1115910353358395e-46
2282.0	5.5534697677160105e-46
2282.125	5.896267423373612e-46
2282.25	4.57738108884225e-46
2282.375	4.7195233608729585e-46
2282.5	5.4103615971385594e-46
2282.625	5.972924840266241e-46
2282.75	5.680066457521e-46
2282.875	4.8146834725776895e-46
2283.0	4.963149426281289e-46
2283.125	5.05389336109956e-46
2283.25	4.50821816479225e-46
2283.375	4.334873072481639e-46
2283.5	3.9559097710196094e-46
2283.625	4.69649317903236e-46
2283.75	5.2613216338004084e-46
2283.875	5.2370473408321604e-46
2284.0	5.746498321410251e-46
2284.125	5.705098013104091e-46
2284.25	5.22549745266409e-46
2284.375	5.09421963062884e-46
2284.5	5.128193043241959e-46
2284.625	5.39509091202225e-46
2284.75	6.0388486721676095e-46
2284.875	5.9095310296372876e-46
2285.0	5.838081395428839e-46
2285.125	4.54967705520784e-46
2285.25	4.974284034286089e-46
2285.375	5.230904171688999e-46
2285.5	4.90044422480809e-46
2285.625	5.14387933934884e-46
2285.75	5.25700199991409e-46
2285.875	5.3410006346602505e-46
2286.0	5.32064298777361e-46
2286.125	5.329913304260251e-46
2286.25	5.3031991831297576e-46
2286.375	4.747933358010089e-46
2286.5	5.10770441253361e-46
2286.625	4.4089244455872105e-46
2286.75	4.503810088411239e-46
2286.875	4.4583967768705586e-46
2287.0	4.771306723090408e-46
2287.125	5.060813090550009e-46
2287.25	5.587952293224999e-46
2287.375	5.69537938620036e-46
2287.5	5.08202268528964e-46
2287.625	5.4744113445160005e-46
2287.75	5.27626366874161e-46
2287.875	5.2022634935784085e-46
2288.0	4.87635216311296e-46
2288.125	4.3090195387968406e-46
2288.25	4.870522369476e-46
2288.375	4.69181938929664e-46
2288.5	5.283634596009639e-46
2288.625	5.3472589698788105e-46
2288.75	4.303336579152249e-46
2288.875	4.736351331855999e-46
2289.0	4.9610327843737605e-46
2289.125	4.742220496896e-46
2289.25	6.0354048617772076e-46
2289.375	6.394190681071691e-46
2289.5	4.9716182785987605e-46
2289.625	4.77955220422969e-46
2289.75	5.5568119009788095e-46
2289.875	5.324759311935999e-46
2290.0	5.602738233708159e-46
2290.125	5.62197626439849e-46
2290.25	4.99139002933561e-46
2290.375	4.9175209063425596e-46
2290.5	6.2235061366593585e-46
2290.625	6.443955341928089e-46
2290.75	5.495400227528999e-46
2290.875	4.687231495002251e-46
2291.0	4.86993887571844e-46
2291.125	5.0714522041322495e-46
2291.25	4.573194653308409e-46
2291.375	5.2994392670112095e-46
2291.5	5.01832847443876e-46
2291.625	4.98267442829025e-46
2291.75	6.0880977971304105e-46
2291.875	5.362131645007289e-46
2292.0	4.9593708842602506e-46
2292.125	5.370954571024e-46
2292.25	5.273573292046439e-46
2292.375	4.6139310648396896e-46
2292.5	5.172435486541209e-46
2292.625	5.864464762556489e-46
2292.75	5.33040598379584e-46
2292.875	4.6715635043999994e-46
2293.0	4.56273139023601e-46
2293.125	4.5990689679360016e-46
2293.25	5.22999622564225e-46
2293.375	6.0525550096748096e-46
2293.5	5.7836883049e-46
2293.625	4.604825008287359e-46
2293.75	4.5478569374702495e-46
2293.875	4.11834137927809e-46
2294.0	5.63690541340224e-46
2294.125	6.16980093959056e-46
2294.25	5.2038770899206415e-46
2294.375	5.42930356349956e-46
2294.5	5.22088545452049e-46
2294.625	5.24820723189156e-46
2294.75	5.9126007490559995e-46
2294.875	5.4173591259884094e-46
2295.0	5.4840127208496084e-46
2295.125	5.8175163094278395e-46
2295.25	5.941483275249641e-46
2295.375	5.1842494748880894e-46
2295.5	4.5511015822272106e-46
2295.625	4.5295706505294396e-46
2295.75	4.7042907464812895e-46
2295.875	4.8557674606963594e-46
2296.0	5.28097037651044e-46
2296.125	6.184136440697761e-46
2296.25	5.43282815831184e-46
2296.375	5.2295704100851614e-46
2296.5	5.36915538987844e-46
2296.625	5.0899966856244096e-46
2296.75	4.67446495901121e-46
2296.875	5.11156661783076e-46
2297.0	5.19873972555025e-46
2297.125	4.899613239049e-46
2297.25	5.09254324088896e-46
2297.375	4.740238594239209e-46
2297.5	4.02147634997161e-46
2297.625	5.04053777104164e-46
2297.75	5.2382461045622515e-46
2297.875	5.29838267822656e-46
2298.0	5.092074767718759e-46
2298.125	5.223148233072641e-46
2298.25	4.90321527672025e-46
2298.375	5.109467834734241e-46
2298.5	4.90592243566489e-46
2298.625	5.4708021794451595e-46
2298.75	5.2959255384288414e-46
2298.875	5.21853178939236e-46
2299.0	5.04622939426596e-46
2299.125	5.3575037042352385e-46
2299.25	5.153658207889e-46
2299.375	5.31111617047881e-46
2299.5	4.873120267710249e-46
2299.625	4.7135436422580906e-46
2299.75	5.49241924399921e-46
2299.875	4.84196435927296e-46
2300.0	4.786635551811611e-46
2300.125	4.561146147856e-46
2300.25	4.102186018533159e-46
2300.375	3.932413533385959e-46
2300.5	4.664139954243999e-46
2300.625	5.66709257590336e-46
2300.75	6.076878242556249e-46
2300.875	5.7051887777836896e-46
2301.0	5.45310066015625e-46
2301.125	4.88599371152656e-46
2301.25	4.97052087462225e-46
2301.375	5.9416363522278415e-46
2301.5	6.579091620676e-46
2301.625	5.048532647236e-46
2301.75	4.573151883350409e-46
2301.875	4.36690334796769e-46
2302.0	5.170370629256009e-46
2302.125	5.15630737910016e-46
2302.25	4.8597924733396884e-46
2302.375	4.9740132783001606e-46
2302.5	5.2108274905416905e-46
2302.625	5.3842227462918414e-46
2302.75	5.2451232219075595e-46
2302.875	5.2457448069528105e-46
2303.0	5.0998290100560094e-46
2303.125	3.931269407500409e-46
2303.25	4.5526197872316084e-46
2303.375	4.87039260309156e-46
2303.5	5.4149373772032395e-46
2303.625	5.7542203305793586e-46
2303.75	5.9941449794124894e-46
2303.875	5.2014720697369606e-46
2304.0	4.133409813625211e-46
2304.125	4.453645076029209e-46
2304.25	5.334311285923841e-46
2304.375	4.8305459412100905e-46
2304.5	4.896357268657959e-46
2304.625	4.07094703321744e-46
2304.75	4.1869274829228895e-46
2304.875	4.736765711485439e-46
2305.0	4.25417561676409e-46
2305.125	5.72823718917696e-46
2305.25	5.4980401441e-46
2305.375	4.93604820093961e-46
2305.5	5.649144964848999e-46
2305.625	5.0313854556249985e-46
2305.75	5.1924650309436095e-46
2305.875	4.8200652489460905e-46
2306.0	3.85989441664996e-46
2306.125	4.50521553093049e-46
2306.25	5.715984410156249e-46
2306.375	6.211219344931238e-46
2306.5	5.2805631723457585e-46
2306.625	5.26062251986209e-46
2306.75	5.505954311529e-46
2306.875	5.27310988342009e-46
2307.0	5.043740261425288e-46
2307.125	4.99670378542864e-46
2307.25	4.8622604968515594e-46
2307.375	5.3781380760096915e-46
2307.5	5.6797585407553594e-46
2307.625	5.5914277444e-46
2307.75	5.9293920421764905e-46
2307.875	5.2347609616000006e-46
2308.0	4.8681215299239985e-46
2308.125	4.680548354306249e-46
2308.25	5.062918508649e-46
2308.375	4.204908274921289e-46
2308.5	4.5329109612195596e-46
2308.625	5.577843696166809e-46
2308.75	5.70096611876416e-46
2308.875	5.35471725428644e-46
2309.0	5.63544251593569e-46
2309.125	5.70968874452025e-46
2309.25	5.60978846040064e-46
2309.375	5.2014022813588916e-46
2309.5	5.03328821170081e-46
2309.625	5.1119229383184385e-46
2309.75	5.86592802423684e-46
2309.875	5.47986711901456e-46
2310.0	3.9982785852441605e-46
2310.125	5.34652503482916e-46
2310.25	5.055740557806759e-46
2310.375	4.4977396201562496e-46
2310.5	4.86875478215025e-46
2310.625	6.080444826393641e-46
2310.75	5.301234558480999e-46
2310.875	5.738674654919609e-46
2311.0	6.072509827063689e-46
2311.125	5.93026868692449e-46
2311.25	4.7992103041000005e-46
2311.375	5.182858840874491e-46
2311.5	6.0105092699559986e-46
2311.625	5.374574702306409e-46
2311.75	5.5011647861184384e-46
2311.875	5.2570707845980906e-46
2312.0	4.9981251098116896e-46
2312.125	5.729133782008809e-46
2312.25	5.00461059354169e-46
2312.375	4.4464638648959996e-46
2312.5	6.25270679300569e-46
2312.625	6.81532320918276e-46
2312.75	6.0450448920892884e-46
2312.875	5.457575797170249e-46
2313.0	5.69781769490404e-46
2313.125	5.252319280077211e-46
2313.25	4.78513218753025e-46
2313.375	5.292107469855609e-46
2313.5	6.2247445651584385e-46
2313.625	6.03003422352384e-46
2313.75	5.878377239832249e-46
2313.875	5.415639689117289e-46
2314.0	5.462281340825759e-46
2314.125	5.36715495428641e-46
2314.25	4.808724887280249e-46
2314.375	4.54527561401104e-46
2314.5	4.7930419336228894e-46
2314.625	5.3683059585602494e-46
2314.75	4.8617811300580895e-46
2314.875	5.435723917003209e-46
2315.0	5.370526299648161e-46
2315.125	5.0489743962592894e-46
2315.25	5.344835834478009e-46
2315.375	4.8512524926248084e-46
2315.5	4.716204446469761e-46
2315.625	6.188874687476009e-46
2315.75	5.33349879508161e-46
2315.875	6.231862178352041e-46
2316.0	6.208813079001e-46
2316.125	5.39910905976289e-46
2316.25	4.72072610381824e-46
2316.375	5.38803118409689e-46
2316.5	6.361387916912639e-46
2316.625	5.26042618913161e-46
2316.75	4.80570664174084e-46
2316.875	5.73619887831769e-46
2317.0	5.6450371874836904e-46
2317.125	4.5304356243239985e-46
2317.25	5.409601481025e-46
2317.375	5.484237067287041e-46
2317.5	5.607419737600811e-46
2317.625	6.37264231392649e-46
2317.75	5.707037668116489e-46
2317.875	6.066624169483239e-46
2318.0	5.4277108331270405e-46
2318.125	5.56082991913744e-46
2318.25	5.12776188171844e-46
2318.375	5.31726796876804e-46
2318.5	4.717821619792089e-46
2318.625	4.424100152670249e-46
2318.75	5.5955519289656106e-46
2318.875	5.435589625512011e-46
2319.0	5.411991328339689e-46
2319.125	4.848434071056e-46
2319.25	5.0362258292236905e-46
2319.375	5.240999340464409e-46
2319.5	4.9434959983267595e-46
2319.625	4.649338162809761e-46
2319.75	4.8359462491622496e-46
2319.875	5.1460278248016395e-46
2320.0	5.120062905331359e-46
2320.125	4.63695670556836e-46
2320.25	4.68349155173376e-46
2320.375	4.737674624399999e-46
2320.5	5.256523729521e-46
2320.625	4.788426245957289e-46
2320.75	4.60710379147225e-46
2320.875	3.91263868112881e-46
2321.0	4.93232885069409e-46
2321.125	5.26673445700689e-46
2321.25	4.9933249837100105e-46
2321.375	4.78717377511321e-46
2321.5	4.399630003370249e-46
2321.625	5.3826797956360916e-46
2321.75	5.59447804717201e-46
2321.875	5.449513001328638e-46
2322.0	5.22334615238881e-46
2322.125	5.47270533466596e-46
2322.25	5.22694500675169e-46
2322.375	5.527909143880359e-46
2322.5	5.021763679412641e-46
2322.625	5.493813769209961e-46
2322.75	6.10770279330289e-46
2322.875	5.3128041832944084e-46
2323.0	5.47100192969929e-46
2323.125	5.5847808824388105e-46
2323.25	6.025948776048641e-46
2323.375	5.3041779470160095e-46
2323.5	5.93845139247844e-46
2323.625	5.33819214102784e-46
2323.75	5.076851656969e-46
2323.875	5.14266466373136e-46
2324.0	4.8579338219984105e-46
2324.125	5.436504052813441e-46
2324.25	5.711508251326439e-46
2324.375	4.9421891717122495e-46
2324.5	5.13431277996484e-46
2324.625	4.974981699808889e-46
2324.75	4.734471616632811e-46
2324.875	5.523685873655289e-46
2325.0	5.40042243738481e-46
2325.125	4.6177733589002485e-46
2325.25	4.90468569575625e-46
2325.375	5.5017492893286396e-46
2325.5	5.600806919685759e-46
2325.625	5.96526011949924e-46
2325.75	6.515492103134439e-46
2325.875	6.3187354503902494e-46
2326.0	6.30857560466884e-46
2326.125	5.9354524423065595e-46
2326.25	5.11646123203216e-46
2326.375	5.342631443416889e-46
2326.5	5.22320948252964e-46
2326.625	5.39765086794025e-46
2326.75	5.58387958894756e-46
2326.875	5.547076792862889e-46
2327.0	4.60647963469521e-46
2327.125	5.6811642534724895e-46
2327.25	5.447134020972161e-46
2327.375	5.26561183380241e-46
2327.5	5.01508837838449e-46
2327.625	4.853559723936158e-46
2327.75	4.769525348130489e-46
2327.875	4.752125323969e-46
2328.0	5.314185861403241e-46
2328.125	4.517174682933159e-46
2328.25	5.456122811390249e-46
2328.375	5.5174491254100106e-46
2328.5	5.5514253870036906e-46
2328.625	5.3061947156204095e-46
2328.75	5.35436830482064e-46
2328.875	5.2311200777616396e-46
2329.0	5.0747419918734394e-46
2329.125	4.9529646413604895e-46
2329.25	5.560037140323609e-46
2329.375	5.7460682743776394e-46
2329.5	5.604663251888999e-46
2329.625	5.419567704012249e-46
2329.75	5.4370963032672395e-46
2329.875	5.392626773209001e-46
2330.0	5.0038705886488894e-46
2330.125	5.27314754322225e-46
2330.25	5.70510135705316e-46
2330.375	5.8949159518470406e-46
2330.5	5.35917314412544e-46
2330.625	4.4901732902084105e-46
2330.75	5.66929528919524e-46
2330.875	5.984363630356809e-46
2331.0	5.9061111741006415e-46
2331.125	5.788673836735691e-46
2331.25	5.440143871814562e-46
2331.375	5.629002992703999e-46
2331.5	5.66557435286089e-46
2331.625	5.776308968062091e-46
2331.75	5.56268357256964e-46
2331.875	5.14099029757504e-46
2332.0	5.717478765624999e-46
2332.125	5.858603375207039e-46
2332.25	5.420616284350889e-46
2332.375	5.385045589014008e-46
2332.5	5.617889755597441e-46
2332.625	6.00960612192004e-46
2332.75	5.6916026612640014e-46
2332.875	4.701745625530808e-46
2333.0	4.8267180446284894e-46
2333.125	6.1311266747654384e-46
2333.25	5.128419500881961e-46
2333.375	4.48257522000649e-46
2333.5	4.64967367862404e-46
2333.625	5.2190663551617606e-46
2333.75	5.33248500046276e-46
2333.875	4.594101830287359e-46
2334.0	4.61907181584676e-46
2334.125	4.615994240682251e-46
2334.25	4.921510197635289e-46
2334.375	5.74631278075024e-46
2334.5	5.0674413051648404e-46
2334.625	3.997731521715841e-46
2334.75	4.14248150429569e-46
2334.875	4.9544233582915604e-46
2335.0	5.78141731198084e-46
2335.125	6.199762360596839e-46
2335.25	4.890500045256249e-46
2335.375	4.8486489804390396e-46
2335.5	5.051234224524009e-46
2335.625	5.054925735182441e-46
2335.75	5.38005891062116e-46
2335.875	5.4020367256752394e-46
2336.0	5.330992888572489e-46
2336.125	6.147901405814439e-46
2336.25	5.338618197025e-46
2336.375	4.938842189320358e-46
2336.5	5.376733732062249e-46
2336.625	5.719022580124842e-46
2336.75	6.18993152662329e-46
2336.875	5.14839866546889e-46
2337.0	5.257200559593959e-46
2337.125	5.6754009361e-46
2337.25	5.1380880135720086e-46
2337.375	5.2264969111008905e-46
2337.5	6.29812478484225e-46
2337.625	5.878002897356489e-46
2337.75	5.820304378442489e-46
2337.875	5.714105864064161e-46
2338.0	4.89113386664464e-46
2338.125	4.980816972495359e-46
2338.25	5.17793938867396e-46
2338.375	5.509763302232251e-46
2338.5	5.04427568086225e-46
2338.625	4.51103149377721e-46
2338.75	5.0822589422595596e-46
2338.875	5.3860745789472385e-46
2339.0	5.239428524808039e-46
2339.125	5.3287110216800085e-46
2339.25	5.247512196876009e-46
2339.375	5.266227288206439e-46
2339.5	5.06076134930496e-46
2339.625	5.0330400837584394e-46
2339.75	5.865432500090249e-46
2339.875	5.48201722309264e-46
2340.0	4.4241089867635596e-46
2340.125	4.5065001893336096e-46
2340.25	5.4433322790249995e-46
2340.375	5.594524879515039e-46
2340.5	5.742184676767359e-46
2340.625	6.285890878790411e-46
2340.75	5.72424813010801e-46
2340.875	5.640264955745639e-46
2341.0	5.8364481502256415e-46
2341.125	4.76432989749025e-46
2341.25	4.74219959134464e-46
2341.375	5.62679436348225e-46
2341.5	6.272855857488999e-46
2341.625	5.906384823330249e-46
2341.75	5.57785786665121e-46
2341.875	6.2509620370177595e-46
2342.0	5.76498107640625e-46
2342.125	5.294041871762249e-46
2342.25	5.70994394549121e-46
2342.375	4.86984972165696e-46
2342.5	5.1250132003406405e-46
2342.625	5.5013003543220086e-46
2342.75	5.023376381520998e-46
2342.875	5.1375585178948885e-46
2343.0	4.7636388688064396e-46
2343.125	5.31649735815961e-46
2343.25	5.468371787024999e-46
2343.375	5.090146491906089e-46
2343.5	4.65344798709904e-46
2343.625	4.4437563308796096e-46
2343.75	5.030175613708089e-46
2343.875	4.6737017861251605e-46
2344.0	4.3770522901683584e-46
2344.125	5.194431277770248e-46
2344.25	5.357331034362809e-46
2344.375	5.98150669780161e-46
2344.5	5.4384572024999996e-46
2344.625	5.08478777676676e-46
2344.75	5.2678099192409995e-46
2344.875	5.2602243576204115e-46
2345.0	4.9502423073959995e-46
2345.125	4.575306027012251e-46
2345.25	3.7747920202297594e-46
2345.375	5.973274820006561e-46
2345.5	6.993185616154242e-46
2345.625	5.98167251821764e-46
2345.75	4.90296461884321e-46
2345.875	4.78776366759681e-46
2346.0	5.02696846493604e-46
2346.125	5.3959875244022494e-46
2346.25	5.382786518938889e-46
2346.375	4.581536048575291e-46
2346.5	4.36676835350596e-46
2346.625	4.3120640556009995e-46
2346.75	4.89274580680704e-46
2346.875	5.022518900945291e-46
2347.0	6.2964118439310396e-46
2347.125	6.6112627956537584e-46
2347.25	5.91805459010704e-46
2347.375	5.3021095221610004e-46
2347.5	5.488304200369e-46
2347.625	5.121942975241001e-46
2347.75	5.5296604195290014e-46
2347.875	5.08078783603609e-46
2348.0	5.402794450637441e-46
2348.125	5.25842134837504e-46
2348.25	5.2556525354410006e-46
2348.375	5.7089432462602486e-46
2348.5	5.91087542293264e-46
2348.625	5.660471301450249e-46
2348.75	5.3164498597518385e-46
2348.875	5.878703586974439e-46
2349.0	5.630246278595999e-46
2349.125	5.34006839353744e-46
2349.25	5.75149370281984e-46
2349.375	5.8868899577139595e-46
2349.5	5.18977059220624e-46
2349.625	5.968705361123561e-46
2349.75	5.5126099918670395e-46
2349.875	5.43650964872976e-46
2350.0	6.13250594626609e-46
2350.125	5.761622994311609e-46
2350.25	5.2738989303084094e-46
2350.375	5.15299806446656e-46
2350.5	5.2451108547084904e-46
2350.625	5.04793409241664e-46
2350.75	4.7447717555500884e-46
2350.875	5.36998403247076e-46
2351.0	7.13234311363809e-46
2351.125	6.40439643134281e-46
2351.25	5.578139390672251e-46
2351.375	5.589433128883241e-46
2351.5	5.464872615224889e-46
2351.625	5.51768542980516e-46
2351.75	4.823044076449e-46
2351.875	5.0129051627232385e-46
2352.0	5.3725486878008096e-46
2352.125	5.848199556686009e-46
2352.25	5.164391691888041e-46
2352.375	4.69258967212996e-46
2352.5	5.2804813657280386e-46
2352.625	4.962457491774759e-46
2352.75	6.196259023057961e-46
2352.875	5.837984264102408e-46
2353.0	5.21271501739641e-46
2353.125	5.867806168380251e-46
2353.25	5.364876014888041e-46
2353.375	5.61827705439025e-46
2353.5	6.6949099222657575e-46
2353.625	5.32446533488809e-46
2353.75	4.5763447826644896e-46
2353.875	5.601724252334439e-46
2354.0	5.93260867160809e-46
2354.125	5.745456551811239e-46
2354.25	6.315300179281211e-46
2354.375	6.17763121135281e-46
2354.5	5.194519708371209e-46
2354.625	6.25578433772356e-46
2354.75	6.3511635829522516e-46
2354.875	5.3528717460307594e-46
2355.0	5.81626553794225e-46
2355.125	5.5367078264410005e-46
2355.25	4.7111236444512915e-46
2355.375	3.8751772912089995e-46
2355.5	4.11797691254401e-46
2355.625	4.475233206340089e-46
2355.75	5.3861674110192406e-46
2355.875	5.587274351570561e-46
2356.0	5.2878014284840014e-46
2356.125	5.62247751991696e-46
2356.25	5.9349603242707606e-46
2356.375	5.618528307992249e-46
2356.5	4.7847935693724084e-46
2356.625	4.2476336140494384e-46
2356.75	4.5955727392036895e-46
2356.875	4.892649366035558e-46
2357.0	5.7693830181159996e-46
2357.125	5.626772065891241e-46
2357.25	5.3054580761639995e-46
2357.375	5.691181830152039e-46
2357.5	5.0781108159289595e-46
2357.625	5.0549873392340095e-46
2357.75	5.020539310336e-46
2357.875	5.126018398669441e-46
2358.0	5.142754013248809e-46
2358.125	4.70791573943824e-46
2358.25	4.8512582192718385e-46
2358.375	4.9497159067384884e-46
2358.5	5.464017048061689e-46
2358.625	4.4074522280848886e-46
2358.75	4.8718073265324094e-46
2358.875	5.091846406144001e-46
2359.0	5.6882698380883585e-46
2359.125	5.3766706614720095e-46
2359.25	5.38643570020416e-46
2359.375	5.45612094272281e-46
2359.5	5.42253211441561e-46
2359.625	4.41989150037444e-46
2359.75	5.0850994152722496e-46
2359.875	5.7135799838521595e-46
2360.0	6.682261707050411e-46
2360.125	5.7915372906576894e-46
2360.25	5.301239163364e-46
2360.375	5.3245124075902506e-46
2360.5	5.5439122952419584e-46
2360.625	5.32267072795396e-46
2360.75	5.8597851010204894e-46
2360.875	5.896692855734489e-46
2361.0	5.397163453856161e-46
2361.125	5.111728497934238e-46
2361.25	5.1892648648176395e-46
2361.375	5.0026296150048085e-46
2361.5	5.6262914923802495e-46
2361.625	5.24392458746689e-46
2361.75	4.92724522365201e-46
2361.875	5.02435901066724e-46
2362.0	5.54393066075809e-46
2362.125	5.569727440729e-46
2362.25	5.3275485747928876e-46
2362.375	4.710479892496e-46
2362.5	5.9295990218982396e-46
2362.625	6.327742262400161e-46
2362.75	5.6924004699750405e-46
2362.875	5.008973439016961e-46
2363.0	5.4152035894809994e-46
2363.125	5.3752567716000005e-46
2363.25	4.84040304839056e-46
2363.375	4.95101927784996e-46
2363.5	5.5692332620372895e-46
2363.625	5.1744689095668094e-46
2363.75	5.69229358326784e-46
2363.875	5.648290777736889e-46
2364.0	5.43314748846769e-46
2364.125	5.2805158347312885e-46
2364.25	5.247625360284158e-46
2364.375	4.5965250328206406e-46
2364.5	5.20083395683569e-46
2364.625	5.57966191630864e-46
2364.75	5.46140213947449e-46
2364.875	6.1382569755603595e-46
2365.0	5.561366173374009e-46
2365.125	5.16574393562529e-46
2365.25	4.876781455660959e-46
2365.375	4.4531297395360006e-46
2365.5	4.93601576385316e-46
2365.625	5.6277147706802505e-46
2365.75	6.383858651574009e-46
2365.875	6.1221560362608105e-46
2366.0	5.41416623626321e-46
2366.125	5.280224919876e-46
2366.25	5.701979968347609e-46
2366.375	5.79973790196025e-46
2366.5	4.78524725043264e-46
2366.625	5.431850180689e-46
2366.75	5.0005653945913586e-46
2366.875	4.43742524648809e-46
2367.0	5.93346947733796e-46
2367.125	5.643442101648999e-46
2367.25	5.26993913497104e-46
2367.375	5.7820126710585605e-46
2367.5	5.648334032181761e-46
2367.625	5.65340688287236e-46
2367.75	5.089256259844e-46
2367.875	5.76449271572164e-46
2368.0	6.51523276702116e-46
2368.125	5.960187869420158e-46
2368.25	4.991162596280999e-46
2368.375	5.611601456147612e-46
2368.5	5.851906922112249e-46
2368.625	5.3314851562008096e-46
2368.75	5.85008163311364e-46
2368.875	5.080433053138561e-46
2369.0	4.59935462563236e-46
2369.125	5.471709739225958e-46
2369.25	6.705128563131689e-46
2369.375	6.599862218988092e-46
2369.5	6.20531964009441e-46
2369.625	5.574464077518089e-46
2369.75	5.97038095215769e-46
2369.875	6.2511875564062495e-46
2370.0	5.904446570704889e-46
2370.125	5.659163306880159e-46
2370.25	6.317640023270561e-46
2370.375	5.8201615575012096e-46
2370.5	5.40653783353369e-46
2370.625	5.82972574280625e-46
2370.75	5.69693549008516e-46
2370.875	5.57384503256064e-46
2371.0	5.250986457309608e-46
2371.125	5.265809179172009e-46
2371.25	4.8732222554137604e-46
2371.375	4.99878241213849e-46
2371.5	5.11703985765625e-46
2371.625	5.813834322672362e-46
2371.75	5.444171292315039e-46
2371.875	5.75218249429264e-46
2372.0	5.609289191878438e-46
2372.125	5.90966424659601e-46
2372.25	5.323529923461759e-46
2372.375	4.771000484644e-46
2372.5	4.772842432108961e-46
2372.625	4.7993080102632886e-46
2372.75	5.122558576248999e-46
2372.875	6.3150508895522496e-46
2373.0	6.13974012693001e-46
2373.125	6.459038730741024e-45
2373.25	1.41360947399961e-44
2373.375	2.5331165501657757e-45
2373.5	6.60012477541264e-46
2373.625	5.80383171046449e-46
2373.75	5.05036448136256e-46
2373.875	5.054951815683999e-46
2374.0	5.81600797192801e-46
2374.125	5.503173618163359e-46
2374.25	5.8273955172000116e-46
2374.375	6.445792835363559e-46
2374.5	6.1325094132121614e-46
2374.625	5.559600452280249e-46
2374.75	6.3530503084656405e-46
2374.875	5.67205904727225e-46
2375.0	6.383529183286089e-46
2375.125	6.4047557944916096e-46
2375.25	5.336275099436411e-46
2375.375	5.1185800026984115e-46
2375.5	5.3458753108020085e-46
2375.625	6.15857431425625e-46
2375.75	5.77867511265625e-46
2375.875	5.38917142438921e-46
2376.0	5.21441289637921e-46
2376.125	5.3661606675062485e-46
2376.25	4.96764706191961e-46
2376.375	4.961080449512889e-46
2376.5	5.5804466437496095e-46
2376.625	4.7772879871206395e-46
2376.75	4.921426340669439e-46
2376.875	4.9448078898177594e-46
2377.0	5.1081012802988106e-46
2377.125	4.7705667000712884e-46
2377.25	6.832923853790439e-46
2377.375	6.370833450600999e-46
2377.5	5.7057481907726395e-46
2377.625	5.76321452836416e-46
2377.75	5.567839579129e-46
2377.875	5.706458125816359e-46
2378.0	5.87433186954441e-46
2378.125	6.18545699795241e-46
2378.25	5.7775943753712895e-46
2378.375	6.464225907249639e-46
2378.5	6.69681079970809e-46
2378.625	5.3678430398323595e-46
2378.75	5.386630190832249e-46
2378.875	4.85244855419076e-46
2379.0	5.0110398416390404e-46
2379.125	5.31414713324356e-46
2379.25	5.9937165355662396e-46
2379.375	5.8810915792544415e-46
2379.5	5.60182318485241e-46
2379.625	5.34680343400336e-46
2379.75	5.231155300149609e-46
2379.875	6.128211152901759e-46
2380.0	6.7024539525360395e-46
2380.125	6.46056168993225e-46
2380.25	5.64131519611209e-46
2380.375	5.35084843873801e-46
2380.5	4.688400235657959e-46
2380.625	4.4406736728483595e-46
2380.75	5.48958386479321e-46
2380.875	6.258117634129e-46
2381.0	6.601753666788841e-46
2381.125	6.5221319455622514e-46
2381.25	6.888658490325159e-46
2381.375	6.02451772381449e-46
2381.5	5.57612589447684e-46
2381.625	5.487443052852639e-46
2381.75	4.9626927351840405e-46
2381.875	5.69123145115204e-46
2382.0	5.71369232895561e-46
2382.125	5.094038166405759e-46
2382.25	5.018636277499689e-46
2382.375	5.9471313660108095e-46
2382.5	5.4780413600665595e-46
2382.625	4.80096785254321e-46
2382.75	5.209637346368999e-46
2382.875	6.201506929806249e-46
2383.0	5.670523966310442e-46
2383.125	5.3535191185492895e-46
2383.25	5.387438826744489e-46
2383.375	5.4589990697900095e-46
2383.5	4.7765887996368993e-45
2383.625	1.45525016390625e-44
2383.75	3.282763892477281e-45
2383.875	6.4588944006602506e-46
2384.0	1.1232474716556902e-44
2384.125	5.209977895413759e-44
2384.25	1.5752968447288898e-44
2384.375	5.76043728829921e-46
2384.5	6.36174607140004e-46
2384.625	6.03120855473361e-46
2384.75	5.7094550542515606e-46
2384.875	5.25044246856336e-46
2385.0	5.101364756124009e-46
2385.125	4.782151971694239e-46
2385.25	4.513767940969e-46
2385.375	5.24715942809041e-46
2385.5	5.591834466436e-46
2385.625	5.8833131771376396e-46
2385.75	4.60481771227921e-46
2385.875	4.676738415898241e-46
2386.0	5.0731471922790395e-46
2386.125	5.0536312376008886e-46
2386.25	5.48855487352225e-46
2386.375	6.1021202410089995e-46
2386.5	6.1307988420249995e-46
2386.625	5.8032496830422494e-46
2386.75	5.8466640337537585e-46
2386.875	6.03656349997561e-46
2387.0	5.15826903983329e-46
2387.125	5.768673983080959e-46
2387.25	5.7568708251040015e-46
2387.375	5.5757754708640005e-46
2387.5	5.42454703491649e-46
2387.625	5.39946829403536e-46
2387.75	5.50962762979216e-46
2387.875	5.91625647102736e-46
2388.0	6.177648112656249e-46
2388.125	5.93203581004441e-46
2388.25	5.266115301283239e-46
2388.375	5.930352945638559e-46
2388.5	5.442125669164959e-46
2388.625	5.0303505540424895e-46
2388.75	5.20839393472836e-46
2388.875	5.01623638065936e-46
2389.0	5.791972886443241e-46
2389.125	6.399362358355209e-46
2389.25	6.28105748713444e-46
2389.375	6.4083008700288385e-46
2389.5	5.814495489602249e-46
2389.625	4.65096928003236e-46
2389.75	5.321060961306249e-46
2389.875	5.171416650810009e-46
2390.0	5.400533054682089e-46
2390.125	1.6821104633315995e-45
2390.25	1.996487046841e-44
2390.375	1.6875880611839996e-44
2390.5	1.169264856085225e-45
2390.625	6.20359296582169e-46
2390.75	5.768552452317209e-46
2390.875	5.64446175221776e-46
2391.0	5.59993036445584e-46
2391.125	6.39566700598336e-46
2391.25	1.785619905507216e-45
2391.375	9.512518918172448e-45
2391.5	4.8099850836511346e-45
2391.625	6.420524268574274e-45
2391.75	1.33233830948416e-44
2391.875	2.82359090959936e-44
2392.0	7.943034792927024e-45
2392.125	4.923174174035291e-46
2392.25	5.88666528527401e-46
2392.375	6.09840802452025e-46
2392.5	5.218422595136889e-46
2392.625	5.279730888522249e-46
2392.75	5.2483190282409996e-46
2392.875	5.184590103930249e-46
2393.0	5.665802858848091e-46
2393.125	6.55251818864769e-46
2393.25	6.5156350465056395e-46
2393.375	5.570105051449e-46
2393.5	4.9193106307136094e-46
2393.625	5.66470131200689e-46
2393.75	5.05445180123664e-46
2393.875	5.58000726517521e-46
2394.0	5.10022557175041e-46
2394.125	4.75722251079364e-46
2394.25	4.988176510190759e-46
2394.375	5.67154606040064e-46
2394.5	5.829541760691359e-46
2394.625	6.301075423752491e-46
2394.75	5.846377747526562e-46
2394.875	6.24951050958441e-46
2395.0	1.40175607218084e-44
2395.125	4.1505032791065595e-44
2395.25	7.965255125965285e-45
2395.375	5.044825503547209e-46
2395.5	4.949878763123289e-46
2395.625	5.1728557855156895e-46
2395.75	7.65100217598025e-46
2395.875	2.55300478515625e-44
2396.0	4.45274104107361e-44
2396.125	4.83441241734372e-45
2396.25	5.2814474596e-46
2396.375	6.0518661749268096e-46
2396.5	6.00237358066564e-46
2396.625	5.79214664800641e-46
2396.75	5.3176682840489995e-46
2396.875	4.98047774856256e-46
2397.0	5.6897619978128405e-46
2397.125	6.4394751700664096e-46
2397.25	5.583011447896091e-46
2397.375	5.3199145720360004e-46
2397.5	6.61056600862441e-46
2397.625	7.430191711908837e-46
2397.75	6.2558398635232905e-46
2397.875	5.57594831994916e-46
2398.0	5.741454312142239e-46
2398.125	5.9911300393622514e-46
2398.25	5.472395137088009e-46
2398.375	5.531715371208009e-46
2398.5	5.076778203338491e-46
2398.625	5.47787331190449e-46
2398.75	1.2053881991274013e-45
2398.875	5.188708572701481e-45
2399.0	2.7164292503906247e-45
2399.125	6.3296914221888384e-46
2399.25	5.91762984740041e-46
2399.375	5.8346296218048405e-46
2399.5	5.44377790929025e-46
2399.625	5.06136021416089e-46
2399.75	1.3254861778295291e-45
2399.875	4.1270977783700625e-45
2400.0	1.5501391864452492e-45
2400.125	5.78397786209604e-46
2400.25	5.515771650624e-46
2400.375	5.766137474050889e-46
2400.5	6.24983250112225e-46
2400.625	6.4252779588942396e-46
2400.75	5.2775702899936885e-46
2400.875	6.0059255886009994e-46
2401.0	9.483332568003998e-46
2401.125	9.17653247155264e-46
2401.25	9.064719132595842e-46
2401.375	8.490850507960957e-46
2401.5	6.6821639941392395e-46
2401.625	5.4663113346073595e-46
2401.75	1.2231436737878408e-45
2401.875	1.0924739781390401e-44
2402.0	1.55164417163001e-44
2402.125	3.210236048513025e-45
2402.25	5.4961405593480106e-46
2402.375	5.86977667774884e-46
2402.5	5.244961075344e-46
2402.625	4.7582345977088405e-46
2402.75	5.350783669611209e-46
2402.875	5.5257124470355594e-46
2403.0	5.56267177990489e-46
2403.125	6.01459880053041e-46
2403.25	7.285521927904358e-46
2403.375	6.62459520647521e-46
2403.5	5.734964064062249e-46
2403.625	5.027642011392158e-46
2403.75	5.5373925767222496e-46
2403.875	5.59052496892681e-46
2404.0	4.6434543735297616e-46
2404.125	5.11517425796001e-46
2404.25	5.56491119524096e-46
2404.375	5.65363657000129e-46
2404.5	6.07579708353424e-46
2404.625	6.2045120686416375e-46
2404.75	5.38711898588224e-46
2404.875	5.05014514710784e-46
2405.0	6.00670738702225e-46
2405.125	6.89521111282756e-46
2405.25	6.151550773824e-46
2405.375	5.75696392018276e-46
2405.5	6.0379684610928386e-46
2405.625	6.711980381001e-46
2405.75	6.221430722976159e-46
2405.875	5.04921842257156e-46
2406.0	5.662940678003559e-46
2406.125	6.1807613293276884e-46
2406.25	5.34152803168516e-46
2406.375	4.4451329757825584e-46
2406.5	5.495844233090889e-46
2406.625	6.67840853408689e-46
2406.75	6.575485248586811e-46
2406.875	5.878054296006009e-46
2407.0	5.967452608569001e-46
2407.125	6.139370932845161e-46
2407.25	6.8927115079267594e-46
2407.375	6.811083181947039e-46
2407.5	6.029773931376041e-46
2407.625	6.17307466822929e-46
2407.75	7.142434239608891e-46
2407.875	6.762295474833959e-46
2408.0	4.89231315793476e-46
2408.125	5.416706042971239e-46
2408.25	6.007833364179239e-46
2408.375	6.394176520506809e-46
2408.5	6.569881972319609e-46
2408.625	5.82339330997264e-46
2408.75	4.441861797522436e-45
2408.875	1.3024545297516898e-44
2409.0	2.7761947911936638e-45
2409.125	6.330477409936e-46
2409.25	2.291168698751716e-45
2409.375	2.4818003438642407e-45
2409.5	6.520236107710089e-46
2409.625	6.009487472335359e-46
2409.75	5.3866654687448095e-46
2409.875	4.99717723970689e-46
2410.0	5.3030485766580094e-46
2410.125	6.021097633056251e-46
2410.25	6.099694699536e-46
2410.375	5.634167324328009e-46
2410.5	5.757884354304639e-46
2410.625	5.963869016291561e-46
2410.75	6.0123961955534386e-46
2410.875	7.284122745049961e-46
2411.0	5.791499267051561e-46
2411.125	5.01664446149689e-46
2411.25	5.88914516888721e-46
2411.375	6.208702944183608e-46
2411.5	5.981587895712249e-46
2411.625	5.195983025006009e-46
2411.75	5.382190274043039e-46
2411.875	5.59149442688281e-46
2412.0	4.523267172947122e-45
2412.125	1.06010416530496e-44
2412.25	2.0463122524094887e-45
2412.375	6.15398858730756e-46
2412.5	5.5061415619856105e-46
2412.625	5.65243349873409e-46
2412.75	5.5577732450489996e-46
2412.875	5.186733864576039e-46
2413.0	5.750646200550249e-46
2413.125	6.5949285683164896e-46
2413.25	7.11634371778576e-46
2413.375	1.082431977311556e-45
2413.5	9.36090800551201e-46
2413.625	5.83344463875625e-46
2413.75	6.4099322480833585e-46
2413.875	5.921535329820248e-46
2414.0	5.7418343451562495e-46
2414.125	5.672472502042089e-46
2414.25	4.9052371597289986e-46
2414.375	4.68731030138809e-46
2414.5	5.28902530490161e-46
2414.625	5.50912532768676e-46
2414.75	5.0711486406252095e-46
2414.875	5.380488489744e-46
2415.0	6.2606545369000005e-46
2415.125	6.83914655704644e-46
2415.25	7.34495313277476e-46
2415.375	6.81952747350625e-46
2415.5	2.5038543844838408e-45
2415.625	1.4491662204942396e-44
2415.75	6.566720980584249e-45
2415.875	6.426995663104002e-46
2416.0	6.0140940932249995e-46
2416.125	6.406415575664041e-46
2416.25	5.370347394801e-46
2416.375	5.52732701431824e-46
2416.5	6.06144843160081e-46
2416.625	5.78262200808889e-46
2416.75	5.4626487473609994e-46
2416.875	6.5604508134412894e-46
2417.0	6.774599073636e-46
2417.125	4.9731140823040005e-46
2417.25	5.1701077761264095e-46
2417.375	5.486829327363239e-46
2417.5	5.31057921553636e-46
2417.625	5.926804857008999e-46
2417.75	6.12097337841201e-46
2417.875	5.5703783551920095e-46
2418.0	5.958418510563839e-46
2418.125	6.397001357824359e-46
2418.25	6.41304064336324e-46
2418.375	5.428841750156249e-46
2418.5	6.39594114879204e-46
2418.625	6.4441954857639994e-46
2418.75	6.031314156827561e-46
2418.875	5.567891962971609e-46
2419.0	5.7296938889484085e-46
2419.125	6.898497522300808e-46
2419.25	6.6606721332528405e-46
2419.375	6.568131950866889e-46
2419.5	6.47159917878244e-46
2419.625	6.0043273490544116e-46
2419.75	6.19630781203456e-46
2419.875	6.5062990347270394e-46
2420.0	6.230809753280999e-46
2420.125	5.247527773952889e-46
2420.25	6.04072726007881e-46
2420.375	7.63002561495001e-46
2420.5	4.502604860508304e-45
2420.625	2.93397296776336e-44
2420.75	1.3216928232009998e-44
2420.875	7.10292111505636e-46
2421.0	6.3070465817955596e-46
2421.125	7.111434492565289e-46
2421.25	6.665764046958809e-46
2421.375	1.0511585254806253e-45
2421.5	1.731375872138025e-45
2421.625	8.20705325682025e-46
2421.75	5.974325798443561e-46
2421.875	5.4060881499201616e-46
2422.0	5.178028133889611e-46
2422.125	5.89757533685776e-46
2422.25	5.18612944955625e-46
2422.375	4.73793886975249e-46
2422.5	5.0446309958553594e-46
2422.625	5.66094571878564e-46
2422.75	5.552402288232961e-46
2422.875	5.34786807709764e-46
2423.0	6.02427473182404e-46
2423.125	6.021752322690808e-46
2423.25	6.3142080653574386e-46
2423.375	5.630397665146811e-46
2423.5	6.1579693034553606e-46
2423.625	6.845114644489002e-46
2423.75	6.2759508821510395e-46
2423.875	5.841151354886759e-46
2424.0	5.529076786921209e-46
2424.125	6.179041058363289e-46
2424.25	6.9410544566616094e-46
2424.375	7.153497463165289e-46
2424.5	6.30545346078244e-46
2424.625	5.795781316760411e-46
2424.75	5.36405008255561e-46
2424.875	6.224483097793961e-46
2425.0	6.36094603879056e-46
2425.125	5.55040192422681e-46
2425.25	6.362975475537209e-46
2425.375	5.62023698147521e-46
2425.5	5.33668167385081e-46
2425.625	5.544938456222489e-46
2425.75	5.906198177342409e-46
2425.875	5.199865231233688e-46
2426.0	4.6955596217759995e-46
2426.125	5.309523820992161e-46
2426.25	5.7353065225000004e-46
2426.375	4.85598341399616e-46
2426.5	5.27511292852996e-46
2426.625	5.927363345153289e-46
2426.75	6.3362570751792896e-46
2426.875	6.0283473355224876e-46
2427.0	6.0551881957326415e-46
2427.125	6.320400138448358e-46
2427.25	5.4728012497236096e-46
2427.375	5.498353412506239e-46
2427.5	5.6445620117436896e-46
2427.625	6.53123038537984e-46
2427.75	6.341509026166089e-46
2427.875	6.5489615890172094e-46
2428.0	6.676788817072889e-46
2428.125	6.691748946122248e-46
2428.25	5.09620782347524e-46
2428.375	4.8653762952960384e-46
2428.5	4.6885349165062505e-46
2428.625	5.39912439552256e-46
2428.75	6.5761848002932905e-46
2428.875	6.027960882328362e-46
2429.0	5.830661633781689e-46
2429.125	6.279138382876808e-46
2429.25	6.436928166944041e-46
2429.375	4.91426165041956e-46
2429.5	4.60772799053161e-46
2429.625	5.9291504892340914e-46
2429.75	5.8772872187568894e-46
2429.875	5.74633147851049e-46
2430.0	6.895372342396809e-46
2430.125	6.5449469861283595e-46
2430.25	6.13922672716369e-46
2430.375	6.313403992141439e-46
2430.5	6.866075330208089e-46
2430.625	7.134008624892251e-46
2430.75	6.34879637325124e-46
2430.875	6.4546056779905596e-46
2431.0	6.392739304736891e-46
2431.125	6.40154415420529e-46
2431.25	5.8235047989972094e-46
2431.375	5.109892801251839e-46
2431.5	5.2931095968408085e-46
2431.625	3.602934117606916e-45
2431.75	5.188813831450238e-44
2431.875	4.2108074214350404e-44
2432.0	3.7312721595396006e-45
2432.125	6.4771110212856105e-46
2432.25	5.5392912741860094e-46
2432.375	5.9080307408648085e-46
2432.5	5.9573908992628895e-46
2432.625	6.2597427939248416e-46
2432.75	6.841373822403999e-46
2432.875	1.408093203586624e-45
2433.0	8.92368825286849e-46
2433.125	5.535164352248999e-46
2433.25	6.265925632125609e-46
2433.375	6.27038559584644e-46
2433.5	6.24599464192144e-46
2433.625	6.34189885498129e-46
2433.75	5.7000683903385576e-46
2433.875	5.789070827981439e-46
2434.0	6.064800170442249e-46
2434.125	5.145385409673639e-46
2434.25	4.77816973950625e-46
2434.375	5.4451037088451595e-46
2434.5	6.22179339651529e-46
2434.625	6.12695810752249e-46
2434.75	5.8507216371022516e-46
2434.875	5.5110501609187595e-46
2435.0	5.4979083676916095e-46
2435.125	6.593431988270409e-46
2435.25	2.6109567545404838e-45
2435.375	3.34347405358561e-44
2435.5	2.69840119629721e-44
2435.625	1.3057627246449213e-45
2435.75	5.472746507856039e-46
2435.875	5.403424843918238e-46
2436.0	5.609076512131211e-46
2436.125	5.95687395397264e-46
2436.25	5.8654848125016886e-46
2436.375	5.298110606406249e-46
2436.5	5.625743578225e-46
2436.625	6.05189667963609e-46
2436.75	7.73260226308249e-46
2436.875	6.91583594292529e-46
2437.0	5.364347003236e-46
2437.125	5.0233190046864405e-46
2437.25	4.5556078657689995e-46
2437.375	5.05855516877824e-46
2437.5	6.1064419619865605e-46
2437.625	5.2641997749633594e-46
2437.75	6.238123647276958e-46
2437.875	5.882343480528491e-46
2438.0	5.60950424409664e-46
2438.125	5.454360333031839e-46
2438.25	5.4552973587008396e-46
2438.375	5.538005358230889e-46
2438.5	5.865625282168088e-46
2438.625	8.90462542303161e-46
2438.75	4.38168509625625e-44
2438.875	8.594294976967839e-44
2439.0	1.0152241064388898e-44
2439.125	5.523107726718489e-46
2439.25	4.712804204920361e-46
2439.375	4.6665737788051594e-46
2439.5	5.794871339065209e-46
2439.625	6.14871074000836e-46
2439.75	6.43454350425604e-46
2439.875	7.66517586090916e-46
2440.0	6.66323927189001e-46
2440.125	5.950316212929001e-46
2440.25	6.555824316703358e-46
2440.375	7.009866247271037e-46
2440.5	6.562044062211688e-46
2440.625	5.361106334079689e-46
2440.75	6.2902019407562494e-46
2440.875	6.8806268544060096e-46
2441.0	5.6624300073132094e-46
2441.125	5.906238033790089e-46
2441.25	6.2067520752931594e-46
2441.375	5.78454545370724e-46
2441.5	5.3458910331948896e-46
2441.625	4.7348075790976915e-46
2441.75	4.90928882317225e-46
2441.875	5.8736028425728895e-46
2442.0	5.617788785156249e-46
2442.125	6.232920684091239e-46
2442.25	5.898469055916959e-46
2442.375	5.59822762009476e-46
2442.5	6.08607567820729e-46
2442.625	6.13749440917089e-46
2442.75	6.6828728167000894e-46
2442.875	5.66677406070169e-46
2443.0	5.551414548735999e-46
2443.125	6.2817973402819594e-46
2443.25	5.541678521929001e-46
2443.375	4.9762808084124114e-46
2443.5	5.79663743506849e-46
2443.625	5.47255514741049e-46
2443.75	5.55941701069056e-46
2443.875	5.7161928909072095e-46
2444.0	6.15351229763076e-46
2444.125	5.9981192195936385e-46
2444.25	5.425557896519289e-46
2444.375	5.693194039722249e-46
2444.5	5.69314679619856e-46
2444.625	6.106224505221759e-46
2444.75	6.336010896163559e-46
2444.875	5.86060235759761e-46
2445.0	5.998024194664959e-46
2445.125	6.497589117561609e-46
2445.25	5.2543545901964085e-46
2445.375	4.957420255202249e-46
2445.5	5.3240643023635595e-46
2445.625	5.138015024961001e-46
2445.75	5.54938420951161e-46
2445.875	6.93643942568641e-46
2446.0	6.1901231008176385e-46
2446.125	5.7913322534496895e-46
2446.25	5.19777757863225e-46
2446.375	5.4913848315961605e-46
2446.5	5.02740568203129e-46
2446.625	5.460329992878008e-46
2446.75	5.4758330664800416e-46
2446.875	6.17537260988209e-46
2447.0	6.856648037808041e-46
2447.125	5.16641716900516e-46
2447.25	5.21866291538449e-46
2447.375	5.33450529516304e-46
2447.5	5.725461212200959e-46
2447.625	5.3326161648176395e-46
2447.75	5.2494732576944096e-46
2447.875	5.639154970790249e-46
2448.0	6.1153491530982395e-46
2448.125	6.148679496339611e-46
2448.25	6.79556421299809e-46
2448.375	6.511366820644001e-46
2448.5	6.68100028312161e-46
2448.625	6.0550858298305606e-46
2448.75	5.6262568615182406e-46
2448.875	7.220208682389161e-46
2449.0	1.6671445109237605e-45
2449.125	8.065395521296e-44
2449.25	1.384877702463025e-43
2449.375	1.41753288428361e-44
2449.5	6.878258403563562e-46
2449.625	7.13018005545609e-46
2449.75	5.799285157070249e-46
2449.875	6.885108879390811e-46
2450.0	9.02085907215025e-46
2450.125	6.9234323575705594e-46
2450.25	7.347577883650562e-46
2450.375	6.934026628516e-46
2450.5	5.913973701075688e-46
2450.625	5.628442609869209e-46
2450.75	6.5706391569456385e-46
2450.875	5.491650573014409e-46
2451.0	5.07972532756516e-46
2451.125	5.5481470579502505e-46
2451.25	5.249663885010251e-46
2451.375	5.83640031601449e-46
2451.5	5.55894167998464e-46
2451.625	5.5858235811640895e-46
2451.75	5.821359184650489e-46
2451.875	5.665178762764959e-46
2452.0	5.5421851308771595e-46
2452.125	5.7522400553358395e-46
2452.25	6.131360421890561e-46
2452.375	6.0992975692353614e-46
2452.5	5.9730563258656895e-46
2452.625	5.2270382862208885e-46
2452.75	5.20026794377216e-46
2452.875	5.45102767774096e-46
2453.0	6.087332924954411e-46
2453.125	5.761753093371038e-46
2453.25	5.6449644842995595e-46
2453.375	5.48654964858225e-46
2453.5	5.10043334371321e-46
2453.625	5.12652420465241e-46
2453.75	5.76666768848769e-46
2453.875	5.51254753804225e-46
2454.0	6.141831610329609e-46
2454.125	5.78106578559409e-46
2454.25	6.167877550849441e-46
2454.375	6.42989417559696e-46
2454.5	7.146567108280956e-46
2454.625	5.95434373522576e-46
2454.75	4.81323933297216e-46
2454.875	5.9200690414086406e-46
2455.0	6.03923399971609e-46
2455.125	6.017232548823041e-46
2455.25	5.73489796836609e-46
2455.375	6.058706565136001e-46
2455.5	5.677546170704039e-46
2455.625	5.849736732404411e-46
2455.75	6.7912818656774395e-46
2455.875	6.054281697025e-46
2456.0	6.182815527118241e-46
2456.125	5.583044055131559e-46
2456.25	5.8122367783356095e-46
2456.375	6.3101419904001606e-46
2456.5	6.2052917403892905e-46
2456.625	5.62911402868516e-46
2456.75	5.1958585666947605e-46
2456.875	6.661229603721638e-46
2457.0	6.69011778328644e-46
2457.125	6.84186190244209e-46
2457.25	7.08328682658025e-46
2457.375	6.2842487910721595e-46
2457.5	7.47241861275625e-46
2457.625	8.140163062028409e-46
2457.75	6.76428599914081e-46
2457.875	6.0903349538881615e-46
2458.0	6.698256433801e-46
2458.125	6.84465679667025e-46
2458.25	3.6076039710688894e-45
2458.375	8.421097496505444e-45
2458.5	1.887909538906561e-45
2458.625	5.92245909226609e-46
2458.75	5.153663656291239e-46
2458.875	5.99514980150025e-46
2459.0	5.95094606382721e-46
2459.125	5.393813484222251e-46
2459.25	5.3983618164062494e-46
2459.375	5.29998440673025e-46
2459.5	4.78214584861924e-46
2459.625	5.133306768672039e-46
2459.75	5.5486176869401604e-46
2459.875	6.91961390015281e-46
2460.0	6.3156721126200105e-46
2460.125	5.2923462601e-46
2460.25	5.38960647456676e-46
2460.375	6.142481430409001e-46
2460.5	6.22830436078041e-46
2460.625	5.5142306279520104e-46
2460.75	5.02098028111936e-46
2460.875	5.17906719214096e-46
2461.0	6.028812372495998e-46
2461.125	6.19216193243025e-46
2461.25	5.40243882463609e-46
2461.375	5.96503981811761e-46
2461.5	6.095056391962241e-46
2461.625	5.715748200321611e-46
2461.75	6.17339816312976e-46
2461.875	5.807952508936359e-46
2462.0	5.7067099101584094e-46
2462.125	5.496460338099609e-46
2462.25	5.847818438011689e-46
2462.375	5.78299859153956e-46
2462.5	5.47964473466881e-46
2462.625	6.71731423799524e-46
2462.75	6.612267673489002e-46
2462.875	6.3025645589828086e-46
2463.0	5.9338407099457605e-46
2463.125	5.63695812113841e-46
2463.25	4.6197243367993596e-46
2463.375	4.5527584779363605e-46
2463.5	5.5752673289601606e-46
2463.625	5.073838241331241e-46
2463.75	4.69406672982025e-46
2463.875	5.18339704055625e-46
2464.0	5.51528691683904e-46
2464.125	5.65133467871296e-46
2464.25	5.755966306440249e-46
2464.375	6.24710683489369e-46
2464.5	5.98684541016961e-46
2464.625	6.187885102116001e-46
2464.75	6.202857234472959e-46
2464.875	6.0015484577136386e-46
2465.0	6.4311884740494394e-46
2465.125	6.4019034373228894e-46
2465.25	5.755756621809639e-46
2465.375	5.798526126566409e-46
2465.5	6.2833202916870405e-46
2465.625	6.14092360506769e-46
2465.75	6.254488805685759e-46
2465.875	6.2534379726562495e-46
2466.0	6.3361191337920115e-46
2466.125	6.16546926711769e-46
2466.25	7.035666595785611e-46
2466.375	6.251081546785689e-46
2466.5	5.642121349225e-46
2466.625	5.436685921568039e-46
2466.75	6.032535278884e-46
2466.875	6.747896702377961e-46
2467.0	5.55780436400016e-46
2467.125	6.87049704526689e-46
2467.25	6.50364092004169e-46
2467.375	6.207324597370089e-46
2467.5	5.746929343445159e-46
2467.625	5.284036861430889e-46
2467.75	5.951665237212249e-46
2467.875	6.093798347844e-46
2468.0	5.97081735785536e-46
2468.125	6.730704847344039e-46
2468.25	6.3438582535828906e-46
2468.375	6.4359230031264096e-46
2468.5	6.25828074101136e-46
2468.625	6.1836321294809994e-46
2468.75	6.3016126167816896e-46
2468.875	6.1469627043876086e-46
2469.0	5.2570996742995594e-46
2469.125	5.6561653389763596e-46
2469.25	4.922625696340808e-46
2469.375	5.1427408602254395e-46
2469.5	6.198261022382489e-46
2469.625	6.62526030055561e-46
2469.75	5.6746390989300106e-46
2469.875	6.0956923757593606e-46
2470.0	4.938042619938491e-46
2470.125	5.0151851226288105e-46
2470.25	6.2149338239336104e-46
2470.375	6.0602992240562505e-46
2470.5	6.789004926069609e-46
2470.625	5.37379809554116e-46
2470.75	5.278598609904009e-46
2470.875	6.587990983947239e-46
2471.0	6.664888324380248e-46
2471.125	6.127947760148639e-46
2471.25	5.61210509173924e-46
2471.375	5.32890031216921e-46
2471.5	6.28456164864784e-46
2471.625	5.75766887590449e-46
2471.75	5.371806993112809e-46
2471.875	6.12227183400625e-46
2472.0	5.4384226882147596e-46
2472.125	5.894144376238809e-46
2472.25	6.69968462295001e-46
2472.375	5.3068258982940096e-46
2472.5	4.60471471042801e-46
2472.625	5.35281205461025e-46
2472.75	5.310046435574439e-46
2472.875	6.59571236330161e-46
2473.0	6.51463141298176e-46
2473.125	7.485716793614441e-46
2473.25	7.280850952347037e-46
2473.375	6.4636345389504094e-46
2473.5	6.31731980849841e-46
2473.625	6.324031940263839e-46
2473.75	5.921759693315559e-46
2473.875	5.61276605890729e-46
2474.0	6.349444955910249e-46
2474.125	6.915388358598761e-46
2474.25	6.8770462711912896e-46
2474.375	6.265515116821209e-46
2474.5	5.05929740665924e-46
2474.625	5.15390702119524e-46
2474.75	5.1307600069476095e-46
2474.875	5.526838951928999e-46
2475.0	5.72568470130409e-46
2475.125	6.06629560282201e-46
2475.25	5.847650614310559e-46
2475.375	5.731116779420011e-46
2475.5	4.84717201494436e-46
2475.625	4.94215004516809e-46
2475.75	5.234540404579239e-46
2475.875	6.059698567670247e-46
2476.0	5.801962388311689e-46
2476.125	6.9388905746707594e-46
2476.25	6.93025842747456e-46
2476.375	6.138670237956e-46
2476.5	4.74711889197456e-46
2476.625	5.9400554642844095e-46
2476.75	5.9454931775792386e-46
2476.875	6.293276656512158e-46
2477.0	6.396532953114241e-46
2477.125	5.82388705518361e-46
2477.25	6.3746190796806394e-46
2477.375	5.901694293204089e-46
2477.5	5.954663399480409e-46
2477.625	5.973243536484001e-46
2477.75	6.22237908421809e-46
2477.875	5.85888076265625e-46
2478.0	5.568227980506491e-46
2478.125	6.004310686530249e-46
2478.25	5.823040027125759e-46
2478.375	5.700909292369289e-46
2478.5	5.67580403010916e-46
2478.625	6.049394564972892e-46
2478.75	5.8730459235942395e-46
2478.875	6.01962986384356e-46
2479.0	6.35843579651721e-46
2479.125	5.88818275674084e-46
2479.25	6.71815244521201e-46
2479.375	6.47445836731849e-46
2479.5	5.549734745156249e-46
2479.625	6.10232033265625e-46
2479.75	6.170364799679609e-46
2479.875	7.229641675680486e-46
2480.0	7.291468873984001e-46
2480.125	5.242885454331038e-46
2480.25	4.7251399358776894e-46
2480.375	5.32340856135169e-46
2480.5	5.885873870723999e-46
2480.625	5.396203558729e-46
2480.75	5.7852443992622495e-46
2480.875	7.36078029654564e-46
2481.0	6.750669741666011e-46
2481.125	6.30306064174609e-46
2481.25	5.918778585316001e-46
2481.375	6.528088364153759e-46
2481.5	7.00022324464225e-46
2481.625	6.801641049619361e-46
2481.75	6.1818214536636094e-46
2481.875	6.562797720897641e-46
2482.0	7.43551186378225e-46
2482.125	6.54517058427961e-46
2482.25	5.691821194214439e-46
2482.375	6.35461867640161e-46
2482.5	5.798860363573289e-46
2482.625	5.883594544788841e-46
2482.75	7.659674521976889e-46
2482.875	7.35282065727225e-46
2483.0	5.59947081566401e-46
2483.125	6.79249475632225e-46
2483.25	6.093798347844e-46
2483.375	5.980434545753289e-46
2483.5	6.47225603915641e-46
2483.625	5.3365430671968114e-46
2483.75	4.53094051432036e-46
2483.875	4.7510371617187595e-46
2484.0	5.71115551104576e-46
2484.125	5.49845189693284e-46
2484.25	5.48123523313444e-46
2484.375	6.47500849897444e-46
2484.5	6.0115071264062495e-46
2484.625	6.402057274303688e-46
2484.75	7.12795324943529e-46
2484.875	6.8548513269644095e-46
2485.0	6.141641776168959e-46
2485.125	6.0515370241638386e-46
2485.25	6.362755011480039e-46
2485.375	5.40399250827121e-46
2485.5	5.062789354134491e-46
2485.625	5.198358960081e-46
2485.75	5.1989531427136896e-46
2485.875	5.58388904104516e-46
2486.0	5.526432249732251e-46
2486.125	6.2494175135722495e-46
2486.25	6.29760078990441e-46
2486.375	5.93726858313121e-46
2486.5	6.9493258375747604e-46
2486.625	5.880068718156088e-46
2486.75	5.771723238969211e-46
2486.875	5.8810217366912405e-46
2487.0	6.59649158180496e-46
2487.125	5.77206967617424e-46
2487.25	5.2300515692163596e-46
2487.375	5.490010765159839e-46
2487.5	5.5610737536104105e-46
2487.625	5.83991786110084e-46
2487.75	5.2513755617439986e-46
2487.875	6.037379232242411e-46
2488.0	6.3349431689196896e-46
2488.125	6.0943606992408094e-46
2488.25	5.917677526807289e-46
2488.375	5.929410061444e-46
2488.5	6.8533114016889994e-46
2488.625	6.2718064878062495e-46
2488.75	6.037723723683998e-46
2488.875	6.4862060301696085e-46
2489.0	5.76189855642025e-46
2489.125	5.7493561217422496e-46
2489.25	5.60246887116225e-46
2489.375	5.31444451380241e-46
2489.5	5.5612336402382415e-46
2489.625	5.4600808997785595e-46
2489.75	5.1514041785702506e-46
2489.875	5.64800226056676e-46
2490.0	6.43384493250625e-46
2490.125	5.9508089671840015e-46
2490.25	6.33451278097764e-46
2490.375	6.44345628353296e-46
2490.5	5.3574287105439995e-46
2490.625	5.2484560262108095e-46
2490.75	5.08923324930241e-46
2490.875	4.8622309491808895e-46
2491.0	5.45434772157025e-46
2491.125	5.612241546289e-46
2491.25	6.0756260197622494e-46
2491.375	5.169938153000039e-46
2491.5	5.6730193524620095e-46
2491.625	5.535553023955359e-46
2491.75	5.840226705667209e-46
2491.875	6.0327980868002495e-46
2492.0	6.8467494169443604e-46
2492.125	7.094226923000999e-46
2492.25	6.27935188063225e-46
2492.375	6.0313539420422495e-46
2492.5	6.651498902499998e-46
2492.625	6.4517615450112394e-46
2492.75	5.78207182391721e-46
2492.875	5.1705052417502496e-46
2493.0	5.880930068956409e-46
2493.125	7.773992880981607e-46
2493.25	6.7179704922630396e-46
2493.375	6.04216023609636e-46
2493.5	5.17039154865025e-46
2493.625	4.77261435386596e-46
2493.75	4.8891339084099596e-46
2493.875	4.814657580595839e-46
2494.0	4.88899593433476e-46
2494.125	4.98769544256201e-46
2494.25	5.5449549396198396e-46
2494.375	6.2013495449508076e-46
2494.5	6.573218628475208e-46
2494.625	5.68178827596004e-46
2494.75	5.937882147729e-46
2494.875	6.423604584185609e-46
2495.0	5.97796680914161e-46
2495.125	5.62218397211025e-46
2495.25	6.29686904034969e-46
2495.375	6.326665170967689e-46
2495.5	5.999035709990409e-46
2495.625	5.5812333163395594e-46
2495.75	5.4962526215174395e-46
2495.875	6.4720270755204084e-46
2496.0	6.5258202211922504e-46
2496.125	5.79881268364176e-46
2496.25	5.21623392533776e-46
2496.375	5.894778045388961e-46
2496.5	5.757090127599689e-46
2496.625	5.72943872572516e-46
2496.75	5.42422050481936e-46
2496.875	6.2752880277562494e-46
2497.0	6.208281849477759e-46
2497.125	6.660647357329002e-46
2497.25	6.0827012937568905e-46
2497.375	5.4770312375136394e-46
2497.5	5.392382944650249e-46
2497.625	6.00643142352484e-46
2497.75	6.27587121752721e-46
2497.875	6.3697102974122486e-46
2498.0	5.98231380995361e-46
2498.125	5.61820310157001e-46
2498.25	5.049505599210249e-46
2498.375	6.044514815040249e-46
2498.5	6.6570310829572896e-46
2498.625	6.384031474228809e-46
2498.75	6.0893695651590395e-46
2498.875	5.8944502812312095e-46
2499.0	5.510437464110411e-46
2499.125	6.12727494608889e-46
2499.25	6.5580274995331585e-46
2499.375	5.3564200501148105e-46
2499.5	5.219926286769641e-46
2499.625	6.6290394098024094e-46
2499.75	6.046053479481761e-46
2499.875	5.6073894272532914e-46
2500.0	6.52404287346436e-46
2500.125	5.592225122689959e-46
2500.25	6.1930284255361595e-46
2500.375	5.886555619506248e-46
2500.5	5.96015320230625e-46
2500.625	6.125724990408041e-46
2500.75	5.03082559968004e-46
2500.875	6.753116952976001e-46
2501.0	8.051519750400002e-46
2501.125	7.121386998493291e-46
2501.25	5.5335406426344115e-46
2501.375	5.9005078630352096e-46
2501.5	6.51782533921024e-46
2501.625	6.478661029297959e-46
2501.75	6.1322726725747584e-46
2501.875	5.97070349010529e-46
2502.0	6.813123158416e-46
2502.125	5.7851361633609984e-46
2502.25	5.0503905500947594e-46
2502.375	4.6546768008999996e-46
2502.5	5.570284421024999e-46
2502.625	4.9024788213776395e-46
2502.75	5.5578387835476095e-46
2502.875	5.8771936406977595e-46
2503.0	5.7028878771840005e-46
2503.125	6.3246983699620895e-46
2503.25	7.571393363072247e-46
2503.375	8.29993801209769e-46
2503.5	7.663710784944641e-46
2503.625	7.38635476266801e-46
2503.75	6.68378901650625e-46
2503.875	6.220751299763559e-46
2504.0	5.465470149390249e-46
2504.125	5.31448600942561e-46
2504.25	6.01062547796929e-46
2504.375	5.633811758651039e-46
2504.5	4.6696124142979596e-46
2504.625	5.36823274285809e-46
2504.75	6.0082480954598394e-46
2504.875	4.8319227727322504e-46
2505.0	5.0968137486337594e-46
2505.125	6.10675233880336e-46
2505.25	5.69006780022769e-46
2505.375	5.906235117460089e-46
2505.5	6.3819405782500905e-46
2505.625	5.8191502809722485e-46
2505.75	5.725933080820839e-46
2505.875	6.3539622674248895e-46
2506.0	6.2031864900280896e-46
2506.125	6.73871653885444e-46
2506.25	6.732125075029209e-46
2506.375	6.2635553419321584e-46
2506.5	5.72887001463364e-46
2506.625	6.712905828441759e-46
2506.75	6.6742743553668895e-46
2506.875	5.96153605890049e-46
2507.0	5.6067955504092894e-46
2507.125	6.031318577400489e-46
2507.25	5.380469469139209e-46
2507.375	6.0487246016402495e-46
2507.5	6.78101807190544e-46
2507.625	6.66347727218944e-46
2507.75	5.990280725024999e-46
2507.875	5.53553420176656e-46
2508.0	6.09340535910976e-46
2508.125	6.105165447286892e-46
2508.25	5.157329267405159e-46
2508.375	6.153799557636089e-46
2508.5	6.636313364478489e-46
2508.625	5.932711458369641e-46
2508.75	6.381068546437289e-46
2508.875	6.171761892669609e-46
2509.0	4.68198543306816e-46
2509.125	5.021626087302249e-46
2509.25	4.962963628441e-46
2509.375	5.294419222560249e-46
2509.5	5.59164481862281e-46
2509.625	6.241629304620091e-46
2509.75	5.09432706619456e-46
2509.875	6.03143253050625e-46
2510.0	7.112198797144361e-46
2510.125	6.57169990396929e-46
2510.25	5.554525094416e-46
2510.375	5.8614070817764895e-46
2510.5	7.294962364193438e-46
2510.625	7.369614007030889e-46
2510.75	6.524403023539208e-46
2510.875	6.23713412805025e-46
2511.0	6.446997325198438e-46
2511.125	5.817029105163239e-46
2511.25	6.3815121333902515e-46
2511.375	6.431828571024999e-46
2511.5	6.050525027742249e-46
2511.625	5.1629873639526385e-46
2511.75	4.995667986820809e-46
2511.875	5.0550048762224396e-46
2512.0	6.3425093086692095e-46
2512.125	7.53947694939664e-46
2512.25	6.2843109608678406e-46
2512.375	5.86137609257841e-46
2512.5	5.919201422892809e-46
2512.625	6.002393180475241e-46
2512.75	5.5948233811764106e-46
2512.875	5.711590463363561e-46
2513.0	4.8839289474976905e-46
2513.125	5.3328905067470406e-46
2513.25	6.4536590882680906e-46
2513.375	6.16179789974961e-46
2513.5	6.136062061977761e-46
2513.625	6.2913948151840896e-46
2513.75	7.679562741765759e-46
2513.875	6.50855868063129e-46
2514.0	5.5619934868664095e-46
2514.125	5.70756611403169e-46
2514.25	6.051466668734412e-46
2514.375	6.272336921939561e-46
2514.5	6.82630632094401e-46
2514.625	6.5637020659672894e-46
2514.75	5.597803630636841e-46
2514.875	6.77038110241936e-46
2515.0	7.043445294601001e-46
2515.125	5.88076953088804e-46
2515.25	6.2428570420409995e-46
2515.375	6.231543645636e-46
2515.5	6.2590042407200385e-46
2515.625	5.68125911793664e-46
2515.75	4.60428726505609e-46
2515.875	5.448316443736409e-46
2516.0	7.110936889955998e-46
2516.125	6.4698170214722504e-46
2516.25	6.14399979390649e-46
2516.375	6.314863422896639e-46
2516.5	6.98964830071249e-46
2516.625	7.409621531844e-46
2516.75	6.814136996256038e-46
2516.875	6.631463446503841e-46
2517.0	6.6605317369603576e-46
2517.125	7.409125580446807e-46
2517.25	6.448670188698239e-46
2517.375	6.2637045043123596e-46
2517.5	6.10593341574969e-46
2517.625	5.6985037422852084e-46
2517.75	6.1677672830009996e-46
2517.875	6.8200215635924096e-46
2518.0	5.6872996576360015e-46
2518.125	5.653561909283999e-46
2518.25	6.742752215760999e-46
2518.375	7.339404320822249e-46
2518.5	6.831339869962239e-46
2518.625	6.1947516379056395e-46
2518.75	6.61785143284225e-46
2518.875	6.83117207253121e-46
2519.0	5.493075000361e-46
2519.125	5.15633826135184e-46
2519.25	5.464498588552888e-46
2519.375	5.634833862180251e-46
2519.5	6.1756345347897616e-46
2519.625	6.45547967108496e-46
2519.75	7.048244451608998e-46
2519.875	6.72209795686081e-46
2520.0	6.293744777515689e-46
2520.125	6.410339365479041e-46
2520.25	5.774303268484001e-46
2520.375	6.0666645635999994e-46
2520.5	6.0476154561000005e-46
2520.625	5.817175264300409e-46
2520.75	6.60579593238049e-46
2520.875	5.9655326931359986e-46
2521.0	6.91104002366449e-46
2521.125	6.82070109726784e-46
2521.25	6.231118282352639e-46
2521.375	6.7641975714104094e-46
2521.5	6.088610041618811e-46
2521.625	6.051905043844e-46
2521.75	5.47263000684409e-46
2521.875	5.98351968802756e-46
2522.0	6.78921754240129e-46
2522.125	6.8708032005508904e-46
2522.25	6.00148623280761e-46
2522.375	5.59141308376561e-46
2522.5	5.7774732314062496e-46
2522.625	6.9606263623400105e-46
2522.75	7.068274660955289e-46
2522.875	6.57076270983001e-46
2523.0	7.740267924675689e-46
2523.125	6.530392677646889e-46
2523.25	6.2513430721459596e-46
2523.375	5.7093589989022496e-46
2523.5	5.578362347622491e-46
2523.625	6.078539362336359e-46
2523.75	6.837989652024999e-46
2523.875	6.505087487353289e-46
2524.0	6.39624817548025e-46
2524.125	6.675340334223998e-46
2524.25	5.6719895045172094e-46
2524.375	5.695631403324839e-46
2524.5	6.07375679970049e-46
2524.625	5.839268782472409e-46
2524.75	6.139572129856001e-46
2524.875	5.4830427914640406e-46
2525.0	5.512674324372248e-46
2525.125	5.454167893055999e-46
2525.25	5.71333999928836e-46
2525.375	6.2936760384e-46
2525.5	6.8912754903512115e-46
2525.625	6.1569717705651595e-46
2525.75	6.436346167020248e-46
2525.875	5.390987422499999e-46
2526.0	5.83083597471376e-46
2526.125	6.281315127527039e-46
2526.25	5.885633691056248e-46
2526.375	5.711729078021761e-46
2526.5	5.657175672931241e-46
2526.625	6.230294556713639e-46
2526.75	7.252089036682092e-46
2526.875	6.7285911286278395e-46
2527.0	5.844856969473209e-46
2527.125	5.6181665993958395e-46
2527.25	5.79157579570249e-46
2527.375	5.843675299530249e-46
2527.5	6.070338034591359e-46
2527.625	6.3404927071222505e-46
2527.75	6.3543252543736895e-46
2527.875	6.33685920188161e-46
2528.0	5.757197141056e-46
2528.125	5.4916983790312895e-46
2528.25	5.879865514523561e-46
2528.375	5.7718544129985595e-46
2528.5	5.870094063887291e-46
2528.625	6.12871716012516e-46
2528.75	7.20785088248481e-46
2528.875	7.47823624020496e-46
2529.0	7.447818698388639e-46
2529.125	6.0608280232500104e-46
2529.25	6.139316421907358e-46
2529.375	7.134673174344813e-46
2529.5	5.891108092760252e-46
2529.625	5.417937297903691e-46
2529.75	5.700671006620839e-46
2529.875	6.361173029059559e-46
2530.0	7.296056277313687e-46
2530.125	6.49439454746404e-46
2530.25	7.278800384795038e-46
2530.375	6.3196258376595606e-46
2530.5	5.65644264858729e-46
2530.625	5.1129065015716884e-46
2530.75	5.606079056656e-46
2530.875	6.5410481917372896e-46
2531.0	6.219724253906249e-46
2531.125	5.9429107702339605e-46
2531.25	6.064631231667839e-46
2531.375	6.399824795156249e-46
2531.5	7.013921391484809e-46
2531.625	5.9936279108076894e-46
2531.75	7.053305509635999e-46
2531.875	7.09254102830625e-46
2532.0	7.77237079776784e-46
2532.125	7.209830748723838e-46
2532.25	7.098530191664891e-46
2532.375	7.0004068639152425e-46
2532.5	5.9236954308144894e-46
2532.625	5.990148070988408e-46
2532.75	6.31755004059169e-46
2532.875	6.667564209271289e-46
2533.0	6.104860052402248e-46
2533.125	6.8978104472448895e-46
2533.25	6.30497134528804e-46
2533.375	5.768571186225e-46
2533.5	5.63899729244329e-46
2533.625	5.829186359892639e-46
2533.75	6.09704444533636e-46
2533.875	6.6559583113273596e-46
2534.0	6.9612986173852894e-46
2534.125	6.6563638800490005e-46
2534.25	5.84577473173369e-46
2534.375	5.5172518174656096e-46
2534.5	6.377516870325159e-46
2534.625	6.4556117914681606e-46
2534.75	6.33668299127361e-46
2534.875	5.62886633453824e-46
2535.0	6.2175113306384395e-46
2535.125	5.675050265484961e-46
2535.25	6.0229209388959994e-46
2535.375	5.97579487902721e-46
2535.5	5.24360399772889e-46
2535.625	5.036175111477761e-46
2535.75	5.7018548440224915e-46
2535.875	5.59632263276304e-46
2536.0	6.478588742371839e-46
2536.125	6.952049782275998e-46
2536.25	6.57151584361024e-46
2536.375	5.89186102200336e-46
2536.5	5.2524847488999995e-46
2536.625	5.8629571303993596e-46
2536.75	5.613952106883999e-46
2536.875	6.0540100559040394e-46
2537.0	6.5821653314436096e-46
2537.125	6.115141923889689e-46
2537.25	6.479726035536358e-46
2537.375	6.02709128518225e-46
2537.5	6.292937492899839e-46
2537.625	6.32973419235369e-46
2537.75	5.686688686748409e-46
2537.875	5.939470057767839e-46
2538.0	6.25355150438404e-46
2538.125	6.4661466424716105e-46
2538.25	6.51347574766144e-46
2538.375	6.6872423924820895e-46
2538.5	6.153529662034809e-46
2538.625	5.20577111513281e-46
2538.75	5.7167877513802494e-46
2538.875	5.65857573393121e-46
2539.0	5.8167146039395584e-46
2539.125	6.477898982480889e-46
2539.25	5.9728241496704394e-46
2539.375	6.645995317095839e-46
2539.5	7.29917424456256e-46
2539.625	7.600722023316491e-46
2539.75	6.7330763014158396e-46
2539.875	6.21861649619716e-46
2540.0	6.61842048616681e-46
2540.125	6.58851973644544e-46
2540.25	6.052031491691289e-46
2540.375	5.9009587118832094e-46
2540.5	6.279958314240249e-46
2540.625	5.92769689247044e-46
2540.75	6.135743510074891e-46
2540.875	6.4801323085881586e-46
2541.0	7.339696910156251e-46
2541.125	6.8452302861888094e-46
2541.25	6.07520502580761e-46
2541.375	6.943155963171609e-46
2541.5	6.6974080818120096e-46
2541.625	7.30455107386489e-46
2541.75	6.811413587292249e-46
2541.875	6.3912253964212884e-46
2542.0	6.229500337070889e-46
2542.125	5.9263262433820895e-46
2542.25	5.536431585221289e-46
2542.375	6.208981522375839e-46
2542.5	6.61831912496836e-46
2542.625	6.609683635830249e-46
2542.75	6.825529842612251e-46
2542.875	7.614697860465641e-46
2543.0	6.51145664213136e-46
2543.125	5.780947971344039e-46
2543.25	6.559267528784892e-46
2543.375	7.457176885402238e-46
2543.5	5.666211324780251e-46
2543.625	5.4962990409096916e-46
2543.75	5.8002470202480415e-46
2543.875	5.898291278144041e-46
2544.0	5.80805806607569e-46
2544.125	5.90098154628096e-46
2544.25	6.43609703647296e-46
2544.375	5.74488848439009e-46
2544.5	5.306616728490249e-46
2544.625	6.14128590697924e-46
2544.75	6.690202104306249e-46
2544.875	7.051395583272963e-46
2545.0	6.969102104892489e-46
2545.125	6.0877602605176905e-46
2545.25	6.830648829601e-46
2545.375	7.128579069612011e-46
2545.5	6.737504306302088e-46
2545.625	6.121310350035241e-46
2545.75	5.71991605991716e-46
2545.875	5.999373717171609e-46
2546.0	5.7081753383694405e-46
2546.125	6.574024208195998e-46
2546.25	6.066499539702249e-46
2546.375	4.91368485249889e-46
2546.5	5.334677596802409e-46
2546.625	6.147780406995238e-46
2546.75	6.10091729001225e-46
2546.875	5.3057754836436094e-46
2547.0	5.176830365172011e-46
2547.125	6.02507490576784e-46
2547.25	6.636818805765761e-46
2547.375	6.42822577770916e-46
2547.5	6.472558786181761e-46
2547.625	6.5671796352708095e-46
2547.75	7.42344951936064e-46
2547.875	7.766416432606814e-46
2548.0	7.571262937011839e-46
2548.125	7.073460457764842e-46
2548.25	7.165911929468409e-46
2548.375	5.85179758059121e-46
2548.5	6.321186051969609e-46
2548.625	5.74739202690961e-46
2548.75	6.0187368253699585e-46
2548.875	6.222124152025959e-46
2549.0	7.172731136220251e-46
2549.125	6.948836575373161e-46
2549.25	6.7683246412801594e-46
2549.375	6.622574390157689e-46
2549.5	5.83542579703876e-46
2549.625	6.7621919776622494e-46
2549.75	6.744485352016089e-46
2549.875	5.219354209608361e-46
2550.0	4.594696853395361e-46
2550.125	5.625772515015209e-46
2550.25	6.285563948347289e-46
2550.375	5.449711895659242e-46
2550.5	5.46503251553281e-46
2550.625	5.62832683569025e-46
2550.75	5.08063140545536e-46
2550.875	4.78967319043684e-46
2551.0	4.54353567056041e-46
2551.125	6.431705824128641e-46
2551.25	6.923555500224998e-46
2551.375	6.1311286556545594e-46
2551.5	5.469221614586889e-46
2551.625	6.13266938907529e-46
2551.75	6.201502447298559e-46
2551.875	7.213269714159609e-46
2552.0	7.949991338414412e-46
2552.125	7.41553775305225e-46
2552.25	6.08265098106961e-46
2552.375	5.79938678231056e-46
2552.5	6.619465529356839e-46
2552.625	7.087671436277608e-46
2552.75	7.473908484025e-46
2552.875	7.75247016054564e-46
2553.0	6.5241762044608885e-46
2553.125	6.574651374128891e-46
2553.25	6.293570672601001e-46
2553.375	6.3343834157640096e-46
2553.5	7.11064516318849e-46
2553.625	5.8135112277817614e-46
2553.75	5.419360514304e-46
2553.875	5.1743510784e-46
2554.0	5.3995551998524905e-46
2554.125	5.5118178406212096e-46
2554.25	6.39461398805476e-46
2554.375	7.552724710928409e-46
2554.5	6.34009637484304e-46
2554.625	6.229991040025e-46
2554.75	6.456039667526439e-46
2554.875	7.040318228256037e-46
2555.0	6.396286111744e-46
2555.125	5.78831583448561e-46
2555.25	6.588858046504409e-46
2555.375	6.827877701232641e-46
2555.5	7.203391138699559e-46
2555.625	7.063905624040808e-46
2555.75	6.798888328036839e-46
2555.875	6.95201023222225e-46
2556.0	5.8195936685955606e-46
2556.125	5.41273393070089e-46
2556.25	5.943277909879212e-46
2556.375	7.35594096498244e-46
2556.5	7.21785663512761e-46
2556.625	7.34867356582969e-46
2556.75	8.77467801258889e-46
2556.875	7.465025035512042e-46
2557.0	6.911434887936639e-46
2557.125	6.481613938521959e-46
2557.25	5.510880198696961e-46
2557.375	6.940208252756251e-46
2557.5	8.069021994885759e-46
2557.625	6.791159905013159e-46
2557.75	6.3828106485062495e-46
2557.875	4.85884502812944e-46
2558.0	6.14821184265744e-46
2558.125	6.664529480625e-46
2558.25	5.85376152924304e-46
2558.375	6.319279428833289e-46
2558.5	6.5725300020691595e-46
2558.625	5.8281511236609594e-46
2558.75	5.3767903104064904e-46
2558.875	6.141236839473609e-46
2559.0	6.65715905763841e-46
2559.125	5.970556880867289e-46
2559.25	5.761605231823361e-46
2559.375	6.3936596706196895e-46
2559.5	6.612422474661611e-46
2559.625	5.73225780473956e-46
2559.75	6.3163345831776096e-46
2559.875	6.35091056226169e-46
2560.0	5.45100246253924e-46
2560.125	5.35028264739684e-46
2560.25	6.78349525980736e-46
2560.375	5.50136743540036e-46
2560.5	6.022671107591608e-46
2560.625	7.050230421528997e-46
2560.75	6.822988569642009e-46
2560.875	6.69202160199364e-46
2561.0	6.5299393463251595e-46
2561.125	5.4985588238803596e-46
2561.25	6.575900667033609e-46
2561.375	6.80177145002436e-46
2561.5	6.603075426024999e-46
2561.625	5.922300908652839e-46
2561.75	6.3610761793827585e-46
2561.875	6.103517492688041e-46
2562.0	6.8016566976019586e-46
2562.125	5.7670528776672095e-46
2562.25	5.1472642238188905e-46
2562.375	6.2227891817936094e-46
2562.5	6.467398299663999e-46
2562.625	5.99436043124689e-46
2562.75	5.88002216045049e-46
2562.875	5.83083983825424e-46
2563.0	6.16815868865284e-46
2563.125	6.7100649178684886e-46
2563.25	5.713682767627211e-46
2563.375	6.100453432172159e-46
2563.5	8.758637882400159e-46
2563.625	1.013083076629156e-45
2563.75	7.408904558058091e-46
2563.875	6.6324508006702496e-46
2564.0	6.9586066264724095e-46
2564.125	6.4933278267608096e-46
2564.25	6.79063090027921e-46
2564.375	6.95689314101929e-46
2564.5	7.405664182225e-46
2564.625	6.90791410633921e-46
2564.75	5.8625057986254396e-46
2564.875	6.629177414017211e-46
2565.0	7.10296109207161e-46
2565.125	6.71621640560896e-46
2565.25	6.055627689942251e-46
2565.375	6.6240032390532095e-46
2565.5	7.037448646760997e-46
2565.625	6.476348047689e-46
2565.75	6.41444822751121e-46
2565.875	6.659233141400998e-46
2566.0	6.673575288936959e-46
2566.125	6.118814703926439e-46
2566.25	6.693203347430761e-46
2566.375	7.569590061005437e-46
2566.5	7.09308006668569e-46
2566.625	6.44712072574761e-46
2566.75	6.224664228227289e-46
2566.875	6.54157914933121e-46
2567.0	6.3899689987854396e-46
2567.125	5.9023662678579595e-46
2567.25	5.98252073292864e-46
2567.375	6.536546148889e-46
2567.5	6.82971530108176e-46
2567.625	5.62735513870209e-46
2567.75	5.7031543891328386e-46
2567.875	6.6262518263104884e-46
2568.0	7.636272340456357e-46
2568.125	8.86658294668864e-46
2568.25	7.95613355411161e-46
2568.375	7.22766876936976e-46
2568.5	7.20683823258025e-46
2568.625	7.041536703792359e-46
2568.75	6.28417559154564e-46
2568.875	5.86010851090921e-46
2569.0	5.7134035803652896e-46
2569.125	5.54542072346089e-46
2569.25	5.80150425761344e-46
2569.375	6.227069570854091e-46
2569.5	6.86822311217025e-46
2569.625	6.73012891170064e-46
2569.75	5.86559670372036e-46
2569.875	5.81899686024409e-46
2570.0	6.13703064926961e-46
2570.125	6.061825123590762e-46
2570.25	6.517235608811289e-46
2570.375	7.308620274916001e-46
2570.5	6.550637902777959e-46
2570.625	7.144438780208889e-46
2570.75	6.45116363537881e-46
2570.875	5.5211817286802495e-46
2571.0	6.4874555519425596e-46
2571.125	6.45629426559121e-46
2571.25	6.330587613142811e-46
2571.375	6.498294710130091e-46
2571.5	5.50579616011489e-46
2571.625	5.168691303795359e-46
2571.75	5.48948686559716e-46
2571.875	5.590414787073639e-46
2572.0	5.9822404338716094e-46
2572.125	5.6422581681984405e-46
2572.25	5.69251833282001e-46
2572.375	5.87988248843961e-46
2572.5	6.01057105129156e-46
2572.625	6.329337693306249e-46
2572.75	7.324180932741761e-46
2572.875	6.9007575471984895e-46
2573.0	5.40188565189849e-46
2573.125	5.4218647487040404e-46
2573.25	6.079160183382088e-46
2573.375	6.675318114697689e-46
2573.5	6.761759794514561e-46
2573.625	6.556955565418092e-46
2573.75	6.1542292198296115e-46
2573.875	6.317249432713211e-46
2574.0	5.5615859649022494e-46
2574.125	4.859771310223209e-46
2574.25	5.4501815994937604e-46
2574.375	6.33053628550249e-46
2574.5	7.063650477458407e-46
2574.625	6.462050740780961e-46
2574.75	5.7319355481452094e-46
2574.875	5.160143389706009e-46
2575.0	5.27146492428241e-46
2575.125	5.4959450393862384e-46
2575.25	6.568090432977961e-46
2575.375	6.82161207022656e-46
2575.5	6.65436659931481e-46
2575.625	6.2636344278051594e-46
2575.75	7.12763127245376e-46
2575.875	7.169583530620839e-46
2576.0	7.146321166208162e-46
2576.125	6.831829682973609e-46
2576.25	6.6651330665256114e-46
2576.375	6.066678849356411e-46
2576.5	5.77227677466969e-46
2576.625	5.6686581439513585e-46
2576.75	5.176048613667609e-46
2576.875	6.3197374547174394e-46
2577.0	6.786692938435239e-46
2577.125	6.74100891683209e-46
2577.25	5.89563173170084e-46
2577.375	6.33702131780481e-46
2577.5	7.72799579328529e-46
2577.625	7.491958919022488e-46
2577.75	6.19118999938404e-46
2577.875	5.64397614758916e-46
2578.0	5.5445259083148894e-46
2578.125	5.6349976542249996e-46
2578.25	5.592681063225e-46
2578.375	6.3149734901132105e-46
2578.5	6.0592973260960005e-46
2578.625	6.682253435030249e-46
2578.75	7.010569471504e-46
2578.875	6.924773303212959e-46
2579.0	5.9238258866592085e-46
2579.125	6.88797610462116e-46
2579.25	7.125419278973613e-46
2579.375	7.445709277279289e-46
2579.5	8.170765558716008e-46
2579.625	7.07785692394564e-46
2579.75	5.93324635361536e-46
2579.875	6.6565032004e-46
2580.0	6.3739141747854395e-46
2580.125	6.435542471936411e-46
2580.25	7.035423630431293e-46
2580.375	7.01149303642176e-46
2580.5	6.2218088615091596e-46
2580.625	6.7549678568304095e-46
2580.75	6.97120996496401e-46
2580.875	6.225898779660009e-46
2581.0	7.45532116060356e-46
2581.125	8.215753080282249e-46
2581.25	6.404990651348889e-46
2581.375	6.20324078565636e-46
2581.5	7.690819053702759e-46
2581.625	1.0006115766780252e-45
2581.75	7.38722121790249e-46
2581.875	6.43786236481249e-46
2582.0	6.9056366170208394e-46
2582.125	6.24401493352729e-46
2582.25	6.23772003783184e-46
2582.375	6.65357055674256e-46
2582.5	6.63263313702201e-46
2582.625	5.98169452995009e-46
2582.75	7.1191311489e-46
2582.875	7.24566449443984e-46
2583.0	7.49256329267209e-46
2583.125	6.3588412752804905e-46
2583.25	5.225984825305692e-46
2583.375	5.945583884106242e-46
2583.5	7.170782077958564e-46
2583.625	7.154966965129e-46
2583.75	7.396648423683998e-46
2583.875	6.769862794815999e-46
2584.0	7.128112905726761e-46
2584.125	5.430548833174438e-46
2584.25	5.202970580204409e-46
2584.375	6.995124670968039e-46
2584.5	6.29120619504729e-46
2584.625	6.0674025188160384e-46
2584.75	5.71870691337124e-46
2584.875	5.6632662247392395e-46
2585.0	7.582675888822809e-46
2585.125	7.524082464637207e-46
2585.25	6.748026067033689e-46
2585.375	6.788367618140161e-46
2585.5	6.8900112886656096e-46
2585.625	5.9892841424419596e-46
2585.75	6.4174401733288895e-46
2585.875	6.2405900445592905e-46
2586.0	6.03291696628009e-46
2586.125	6.344889955742249e-46
2586.25	6.10226302212081e-46
2586.375	5.492288472394239e-46
2586.5	5.95241177929225e-46
2586.625	6.86249434427769e-46
2586.75	6.98801241652801e-46
2586.875	6.134814653993641e-46
2587.0	6.548503519219359e-46
2587.125	7.161594169340247e-46
2587.25	6.56342537587489e-46
2587.375	6.704285472432249e-46
2587.5	6.3035030154128396e-46
2587.625	6.3671418037441615e-46
2587.75	7.539860269456357e-46
2587.875	7.645948341108642e-46
2588.0	7.56831516746041e-46
2588.125	7.009711627396e-46
2588.25	6.431716475672409e-46
2588.375	5.4973897185916916e-46
2588.5	6.267141737476e-46
2588.625	6.80112363313296e-46
2588.75	6.2384688236332914e-46
2588.875	5.742073010401289e-46
2589.0	5.672238621974439e-46
2589.125	7.003021186212841e-46
2589.25	5.9907824740562505e-46
2589.375	5.843240664576159e-46
2589.5	7.028974911817959e-46
2589.625	7.396163785003209e-46
2589.75	6.23421148370409e-46
2589.875	6.9026700842248896e-46
2590.0	7.508497102797689e-46
2590.125	5.719332515958758e-46
2590.25	5.89484020021264e-46
2590.375	6.6986607009644094e-46
2590.5	6.79682337035524e-46
2590.625	6.276901385250248e-46
2590.75	6.983994368535041e-46
2590.875	7.162895891065689e-46
2591.0	7.942239403564409e-46
2591.125	6.5253394602553594e-46
2591.25	6.556000987867209e-46
2591.375	6.1006105194339605e-46
2591.5	5.7766036280835586e-46
2591.625	6.79806856487236e-46
2591.75	6.20509295680576e-46
2591.875	6.11577005186889e-46
2592.0	6.2168002065414394e-46
2592.125	5.865724580705639e-46
2592.25	6.0676641145164105e-46
2592.375	6.17742292954084e-46
2592.5	6.420752593536161e-46
2592.625	7.210555210355289e-46
2592.75	6.41500745458225e-46
2592.875	6.901759494400002e-46
2593.0	7.67171171601025e-46
2593.125	6.895492084143609e-46
2593.25	5.48295896286961e-46
2593.375	5.8209895573252895e-46
2593.5	6.6198833638995595e-46
2593.625	8.230860905335287e-46
2593.75	7.854134605024412e-46
2593.875	6.3001461840846396e-46
2594.0	6.4021883408211594e-46
2594.125	7.878778553822437e-46
2594.25	7.465922323456001e-46
2594.375	7.35413910042256e-46
2594.5	6.554567715720998e-46
2594.625	6.1776853950249984e-46
2594.75	6.624951429183611e-46
2594.875	6.966630844293761e-46
2595.0	7.83480462099841e-46
2595.125	6.581899027649442e-46
2595.25	5.8922479424620905e-46
2595.375	5.81241036141481e-46
2595.5	5.20113864060025e-46
2595.625	6.43355983278369e-46
2595.75	7.33217109192324e-46
2595.875	7.759488249161642e-46
2596.0	7.05308614176609e-46
2596.125	7.224676853800811e-46
2596.25	6.920830304158411e-46
2596.375	6.342618105480248e-46
2596.5	6.4129839177690005e-46
2596.625	5.278514061502889e-46
2596.75	7.005402019983997e-46
2596.875	7.808881500293757e-46
2597.0	7.175349043329641e-46
2597.125	7.385490532350809e-46
2597.25	6.32864988748864e-46
2597.375	6.0820728933588096e-46
2597.5	6.246812406533759e-46
2597.625	6.94559617541001e-46
2597.75	7.141958536602493e-46
2597.875	8.243744649340843e-46
2598.0	7.278053078696891e-46
2598.125	6.88855035618304e-46
2598.25	7.771733497532411e-46
2598.375	6.542473334710811e-46
2598.5	6.6361897120480895e-46
2598.625	6.62631103190884e-46
2598.75	5.750418388009e-46
2598.875	6.734136066457959e-46
2599.0	7.315653629262247e-46
2599.125	6.7900560544569595e-46
2599.25	6.569902477760411e-46
2599.375	6.559570255089639e-46
2599.5	7.70304887570689e-46
2599.625	7.700906942580638e-46
2599.75	6.9474100104359995e-46
2599.875	7.207429920756491e-46
2600.0	6.9427991905286386e-46
2600.125	5.983521644926439e-46
2600.25	6.36784885752409e-46
2600.375	6.34739248417024e-46
2600.5	5.3928450625e-46
2600.625	6.5014892192832405e-46
2600.75	6.7887037252988115e-46
2600.875	5.65803909476689e-46
2601.0	6.44424270273169e-46
2601.125	6.240657493908638e-46
2601.25	5.7825061017296404e-46
2601.375	5.3186396185497594e-46
2601.5	5.74523890915984e-46
2601.625	6.3277523244057605e-46
2601.75	7.221351258951843e-46
2601.875	6.963541988985761e-46
2602.0	6.380783608053691e-46
2602.125	6.099250151556e-46
2602.25	6.7608268252809995e-46
2602.375	6.05837230565121e-46
2602.5	5.856147838714409e-46
2602.625	5.12716498843536e-46
2602.75	5.358689322386489e-46
2602.875	5.316489979752249e-46
2603.0	4.89199863686769e-46
2603.125	5.20461348758884e-46
2603.25	6.294720210969609e-46
2603.375	6.5147074740562495e-46
2603.5	5.277775670280999e-46
2603.625	5.823443504033439e-46
2603.75	6.58142184935524e-46
2603.875	7.144048006359039e-46
2604.0	6.4565138032824086e-46
2604.125	6.6196564348824886e-46
2604.25	6.0330780940562496e-46
2604.375	5.837218356328958e-46
2604.5	6.5043825462348095e-46
2604.625	6.642720651225759e-46
2604.75	6.6267965277922496e-46
2604.875	7.079585773150809e-46
2605.0	5.78526845182225e-46
2605.125	5.8966962553699616e-46
2605.25	5.7853896774856914e-46
2605.375	6.98584862731536e-46
2605.5	7.197467349852161e-46
2605.625	6.69611624691025e-46
2605.75	7.821555500979359e-46
2605.875	6.850704238224998e-46
2606.0	6.3582855104088115e-46
2606.125	5.806727827054089e-46
2606.25	5.8222278067984895e-46
2606.375	6.522060948822761e-46
2606.5	7.19552888217289e-46
2606.625	6.757460038632248e-46
2606.75	7.281727927943287e-46
2606.875	7.100221061375999e-46
2607.0	7.064692886600999e-46
2607.125	6.5277787003232396e-46
2607.25	5.8702738390790394e-46
2607.375	6.639346816249001e-46
2607.5	6.799033825518489e-46
2607.625	6.748132573002239e-46
2607.75	6.458430851142489e-46
2607.875	5.864666246873291e-46
2608.0	5.578907004840998e-46
2608.125	5.01147009733969e-46
2608.25	6.630546720231038e-46
2608.375	7.055968472033293e-46
2608.5	6.82205869903041e-46
2608.625	6.202706805947559e-46
2608.75	6.558241077379689e-46
2608.875	6.997944872696408e-46
2609.0	6.72947050735729e-46
2609.125	7.226943448506251e-46
2609.25	7.33542405984144e-46
2609.375	6.956298112920249e-46
2609.5	6.2138329740872116e-46
2609.625	6.44424676441441e-46
2609.75	6.4009713461988096e-46
2609.875	6.78921597903376e-46
2610.0	7.72251530463396e-46
2610.125	7.287746214222759e-46
2610.25	5.587289006778089e-46
2610.375	6.2429689785235595e-46
2610.5	5.79721720462921e-46
2610.625	5.36973839908416e-46
2610.75	5.7567273449876095e-46
2610.875	5.87712721527369e-46
2611.0	6.637544799454889e-46
2611.125	6.0753627735900105e-46
2611.25	5.74543977304609e-46
2611.375	6.251199057504039e-46
2611.5	7.265188168041693e-46
2611.625	5.815579190221439e-46
2611.75	6.16330673216064e-46
2611.875	7.335144555747842e-46
2612.0	6.84525330999225e-46
2612.125	6.301314396515609e-46
2612.25	6.533642097801e-46
2612.375	6.7013951302480894e-46
2612.5	7.727854573623609e-46
2612.625	6.596500827917159e-46
2612.75	6.443000903264891e-46
2612.875	6.93803818104336e-46
2613.0	6.35206129263616e-46
2613.125	7.907011062704637e-46
2613.25	7.293992766564491e-46
2613.375	7.42449416805625e-46
2613.5	6.21647557645321e-46
2613.625	6.151570119648809e-46
2613.75	6.571931649368409e-46
2613.875	6.586998731922011e-46
2614.0	7.117665865341159e-46
2614.125	5.717611234717289e-46
2614.25	5.92238511074401e-46
2614.375	5.486908969191041e-46
2614.5	6.32179651371489e-46
2614.625	6.57071503160836e-46
2614.75	6.5729566077728395e-46
2614.875	6.527186986895998e-46
2615.0	6.627129125905209e-46
2615.125	7.39838585600676e-46
2615.25	6.7640846968531595e-46
2615.375	6.7563090239580095e-46
2615.5	6.6469141419209984e-46
2615.625	5.8321583461904406e-46
2615.75	6.1186786553736895e-46
2615.875	7.020337236545609e-46
2616.0	7.150096308328961e-46
2616.125	6.8205276849959995e-46
2616.25	7.279053991972839e-46
2616.375	7.38107342033161e-46
2616.5	6.878421008415359e-46
2616.625	6.992706447630758e-46
2616.75	6.811972110600249e-46
2616.875	6.1920340290480396e-46
2617.0	6.91378537870084e-46
2617.125	6.171791207481e-46
2617.25	5.58566854092361e-46
2617.375	7.606572825602559e-46
2617.5	7.797351438926439e-46
2617.625	6.37998995684164e-46
2617.75	6.101071913211041e-46
2617.875	5.734184829609639e-46
2618.0	5.383793018120039e-46
2618.125	6.4238240722969596e-46
2618.25	6.6576590995359976e-46
2618.375	6.5756642359136386e-46
2618.5	6.7817295139651596e-46
2618.625	7.56428595543009e-46
2618.75	6.666936242089211e-46
2618.875	5.90332157749504e-46
2619.0	5.91156250827025e-46
2619.125	5.4774726280800105e-46
2619.25	6.067332071220249e-46
2619.375	6.25756178584161e-46
2619.5	6.3526949192980904e-46
2619.625	6.376412824336e-46
2619.75	6.518289483454811e-46
2619.875	6.1387158265062395e-46
2620.0	6.4999130273532885e-46
2620.125	6.3835923475598395e-46
2620.25	6.4268754974608906e-46
2620.375	7.185512353096359e-46
2620.5	6.21376018582225e-46
2620.625	6.63996266015625e-46
2620.75	6.636479781859561e-46
2620.875	5.86072872759364e-46
2621.0	7.129237491994241e-46
2621.125	8.175191046286809e-46
2621.25	8.30951766622756e-46
2621.375	6.95349528209361e-46
2621.5	6.03867174016681e-46
2621.625	6.512035393161e-46
2621.75	6.67250583465636e-46
2621.875	6.883888797115558e-46
2622.0	6.0113139231636095e-46
2622.125	6.378481094790249e-46
2622.25	7.280427324592889e-46
2622.375	5.933098256343039e-46
2622.5	5.64417285771024e-46
2622.625	5.7143429961486404e-46
2622.75	5.989321341480999e-46
2622.875	6.480767708519041e-46
2623.0	6.29312764415449e-46
2623.125	7.233316655702761e-46
2623.25	6.9967270006092886e-46
2623.375	6.980249601062441e-46
2623.5	6.847193727824489e-46
2623.625	7.28831691715689e-46
2623.75	7.800872461217641e-46
2623.875	7.982400893784489e-46
2624.0	6.961703358015999e-46
2624.125	6.843002393116889e-46
2624.25	8.106428258041001e-46
2624.375	6.9985702504572095e-46
2624.5	6.953583356439039e-46
2624.625	7.09931884835209e-46
2624.75	5.9608949052313595e-46
2624.875	6.02124191691961e-46
2625.0	7.007751491769639e-46
2625.125	6.32616162067044e-46
2625.25	6.95933734869136e-46
2625.375	7.119344070458011e-46
2625.5	5.672275775716e-46
2625.625	5.7214405893808895e-46
2625.75	6.5780441269920395e-46
2625.875	7.781242744246412e-46
2626.0	7.67787849730225e-46
2626.125	6.28003299280036e-46
2626.25	7.027141446675363e-46
2626.375	7.525539620020889e-46
2626.5	7.138709748364963e-46
2626.625	6.94544121182025e-46
2626.75	5.67106977024064e-46
2626.875	5.887436371216e-46
2627.0	5.851159936672409e-46
2627.125	6.16298896335424e-46
2627.25	6.339105346564001e-46
2627.375	6.26928335100369e-46
2627.5	6.593297437918891e-46
2627.625	6.195379858703999e-46
2627.75	6.192520268006248e-46
2627.875	5.924515671475839e-46
2628.0	5.2351943101920895e-46
2628.125	6.1185826802136104e-46
2628.25	7.00749365532241e-46
2628.375	6.1929647180622384e-46
2628.5	5.30346677972049e-46
2628.625	5.407557712723359e-46
2628.75	6.163046061832889e-46
2628.875	6.34493025831025e-46
2629.0	5.829479468192249e-46
2629.125	6.29171587723849e-46
2629.25	6.7236712998184885e-46
2629.375	6.9138816153612084e-46
2629.5	7.217126433840997e-46
2629.625	7.209046180108892e-46
2629.75	6.77016201616225e-46
2629.875	7.133643242721608e-46
2630.0	7.395996259275607e-46
2630.125	7.251650089165439e-46
2630.25	6.952949444549159e-46
2630.375	5.9995397850576396e-46
2630.5	5.90805358894144e-46
2630.625	6.5065347256809996e-46
2630.75	6.95969560125225e-46
2630.875	6.6369033054734384e-46
2631.0	7.616569450856889e-46
2631.125	7.952084163135996e-46
2631.25	7.21465724092996e-46
2631.375	6.98384796234841e-46
2631.5	7.47674812511449e-46
2631.625	7.97877868679824e-46
2631.75	7.121561525525159e-46
2631.875	5.54640416148025e-46
2632.0	6.253147896270249e-46
2632.125	8.106770492568809e-46
2632.25	7.201325210312248e-46
2632.375	6.64213096718224e-46
2632.5	6.747586543976888e-46
2632.625	6.7628826672484894e-46
2632.75	6.2454043451124895e-46
2632.875	6.4024990598559995e-46
2633.0	6.97805108832001e-46
2633.125	6.99661167329881e-46
2633.25	6.6436474977507595e-46
2633.375	5.4555636269390395e-46
2633.5	6.332289091216e-46
2633.625	6.376951704011289e-46
2633.75	6.5536046080008095e-46
2633.875	7.168893259945211e-46
2634.0	7.197180292087207e-46
2634.125	6.3384099608760086e-46
2634.25	6.28404774408009e-46
2634.375	6.54594322971681e-46
2634.5	6.2111106841e-46
2634.625	5.2762080812000395e-46
2634.75	5.7454301851912885e-46
2634.875	6.138638028756249e-46
2635.0	5.69399005098889e-46
2635.125	5.54366365740196e-46
2635.25	6.326467471008999e-46
2635.375	5.4656202393955605e-46
2635.5	5.85767347322161e-46
2635.625	6.6901415793486394e-46
2635.75	7.20007474032025e-46
2635.875	7.47654195546756e-46
2636.0	7.33933009075204e-46
2636.125	6.213279096025e-46
2636.25	7.093411915716e-46
2636.375	7.177378022156408e-46
2636.5	6.012457496179689e-46
2636.625	6.89085442690969e-46
2636.75	6.5576428633102495e-46
2636.875	6.873734563248641e-46
2637.0	8.08254892670976e-46
2637.125	8.241256087777439e-46
2637.25	5.91492654466884e-46
2637.375	6.3024355204110396e-46
2637.5	7.703607303691287e-46
2637.625	7.27759176448144e-46
2637.75	7.022590630292407e-46
2637.875	5.599261634920809e-46
2638.0	5.9608162893708896e-46
2638.125	6.8296358547918405e-46
2638.25	6.568984890609608e-46
2638.375	6.501984910201001e-46
2638.5	6.535871206225e-46
2638.625	6.881244869441289e-46
2638.75	7.091175946646439e-46
2638.875	6.249179026961638e-46
2639.0	6.75429264516484e-46
2639.125	6.217007655091838e-46
2639.25	6.9800572636080396e-46
2639.375	6.4500654232644086e-46
2639.5	5.495912218630439e-46
2639.625	6.25216918818244e-46
2639.75	6.8117868036e-46
2639.875	6.094808525275559e-46
2640.0	6.8525244886492885e-46
2640.125	6.21652394629764e-46
2640.25	7.436047964979239e-46
2640.375	7.052337767126441e-46
2640.5	6.183245206414239e-46
2640.625	6.2572536033700895e-46
2640.75	5.98763673243904e-46
2640.875	6.848116935746489e-46
2641.0	6.5617904614406396e-46
2641.125	6.17094508083769e-46
2641.25	6.526084366248039e-46
2641.375	6.57954870698161e-46
2641.5	7.592846933246408e-46
2641.625	5.909865533462249e-46
2641.75	6.651367887405161e-46
2641.875	6.884548940037759e-46
2642.0	7.15826065265476e-46
2642.125	8.474938133920091e-46
2642.25	7.00416232682884e-46
2642.375	7.055183289440248e-46
2642.5	7.309958001203558e-46
2642.625	6.44161963079716e-46
2642.75	6.637718961404411e-46
2642.875	6.583961355113609e-46
2643.0	6.745380832406411e-46
2643.125	7.390792484641438e-46
2643.25	6.7937708320876904e-46
2643.375	6.6630074709120395e-46
2643.5	6.70514565335616e-46
2643.625	5.6955507381460915e-46
2643.75	5.3919538197756095e-46
2643.875	6.17523046700121e-46
2644.0	7.02452527600041e-46
2644.125	6.4955638106881586e-46
2644.25	6.322180707388089e-46
2644.375	6.24480208118404e-46
2644.5	6.41097487929409e-46
2644.625	7.35653928489481e-46
2644.75	7.589755012400999e-46
2644.875	6.8339318440409995e-46
2645.0	7.18681624664644e-46
2645.125	6.803494939201001e-46
2645.25	7.13493921648249e-46
2645.375	7.27959197756961e-46
2645.5	6.328431528278758e-46
2645.625	6.37595123417316e-46
2645.75	7.67542533975364e-46
2645.875	7.252219377030251e-46
2646.0	7.434022552832162e-46
2646.125	6.554028551005688e-46
2646.25	6.86195104246276e-46
2646.375	6.399425600913961e-46
2646.5	7.31797232166001e-46
2646.625	7.242255490507211e-46
2646.75	6.9737755212064876e-46
2646.875	6.82774077962916e-46
2647.0	7.01883075941776e-46
2647.125	7.328970282290409e-46
2647.25	8.046969578867608e-46
2647.375	7.359323989494759e-46
2647.5	6.967375713493691e-46
2647.625	6.56051177342016e-46
2647.75	6.7606864174239995e-46
2647.875	7.569225794750761e-46
2648.0	6.582015502827211e-46
2648.125	8.091254776071612e-46
2648.25	8.162547852499291e-46
2648.375	6.95109428445184e-46
2648.5	7.99807947327376e-46
2648.625	6.60895351173225e-46
2648.75	6.57628276101696e-46
2648.875	5.9945489547782404e-46
2649.0	6.11478533960464e-46
2649.125	6.2714623938054405e-46
2649.25	6.80565586873104e-46
2649.375	7.49286110894281e-46
2649.5	7.34869037307024e-46
2649.625	6.037495699718559e-46
2649.75	5.38759248371344e-46
2649.875	6.140437909286489e-46
2650.0	5.5130701888518405e-46
2650.125	5.61584824323961e-46
2650.25	7.135311576960159e-46
2650.375	6.78772721373289e-46
2650.5	6.74440172840196e-46
2650.625	6.267044104242249e-46
2650.75	5.9247352232684095e-46
2650.875	6.1335970921e-46
2651.0	6.606970040167289e-46
2651.125	7.000544976828489e-46
2651.25	7.114843511848958e-46
2651.375	7.25839626670921e-46
2651.5	7.05215346803881e-46
2651.625	8.371940058330248e-46
2651.75	7.62130602664369e-46
2651.875	7.445778585981161e-46
2652.0	7.89624949270756e-46
2652.125	7.00383045492001e-46
2652.25	6.7431064077006396e-46
2652.375	7.47414687720996e-46
2652.5	7.40233690759696e-46
2652.625	6.951972264276489e-46
2652.75	6.148761325164159e-46
2652.875	6.556054757824361e-46
2653.0	6.382184616361962e-46
2653.125	6.521011876579841e-46
2653.25	6.291077774444409e-46
2653.375	6.5634033433959985e-46
2653.5	6.57316940305249e-46
2653.625	7.03035838721329e-46
2653.75	6.45221063044804e-46
2653.875	6.1052133821289996e-46
2654.0	6.2600795606280086e-46
2654.125	6.457787907036839e-46
2654.25	5.813117739264639e-46
2654.375	5.4835364097030395e-46
2654.5	5.014140692447289e-46
2654.625	5.583946699013759e-46
2654.75	6.999455985552251e-46
2654.875	6.33211546053025e-46
2655.0	7.372819877259688e-46
2655.125	7.900866479104e-46
2655.25	6.396756530761002e-46
2655.375	6.213093146099289e-46
2655.5	5.481708634764009e-46
2655.625	5.65354574078596e-46
2655.75	7.182384992007843e-46
2655.875	7.08829761556449e-46
2656.0	6.84880624210176e-46
2656.125	6.18065044915396e-46
2656.25	5.6818488208364096e-46
2656.375	6.678499500408489e-46
2656.5	7.082791274281959e-46
2656.625	6.20471134110564e-46
2656.75	6.29471067704644e-46
2656.875	6.16206201897001e-46
2657.0	6.2031446476876885e-46
2657.125	6.68564590971456e-46
2657.25	7.11048996912004e-46
2657.375	7.37961891026116e-46
2657.5	7.090955990648009e-46
2657.625	7.040576137190559e-46
2657.75	6.6006170185555576e-46
2657.875	7.171917523500961e-46
2658.0	6.60953606524324e-46
2658.125	6.1673808566094394e-46
2658.25	6.27063500407696e-46
2658.375	6.0810494692665605e-46
2658.5	5.88943055886201e-46
2658.625	7.179221335767608e-46
2658.75	8.267683628164001e-46
2658.875	7.953736736169002e-46
2659.0	7.02806663271001e-46
2659.125	6.31704182643076e-46
2659.25	6.891139509603999e-46
2659.375	6.778272651334559e-46
2659.5	6.15240648362025e-46
2659.625	6.729902176230249e-46
2659.75	6.658057495169439e-46
2659.875	7.335363933511288e-46
2660.0	7.407635648487839e-46
2660.125	7.04959796064241e-46
2660.25	6.970990821379559e-46
2660.375	6.4331956042502485e-46
2660.5	6.82386312375625e-46
2660.625	7.69745294672656e-46
2660.75	6.3729129334764096e-46
2660.875	5.18937193117249e-46
2661.0	8.018327238558012e-46
2661.125	7.820920661962811e-46
2661.25	7.076953472719361e-46
2661.375	7.030147330806252e-46
2661.5	7.72301385476721e-46
2661.625	6.53066100404964e-46
2661.75	7.035472965851558e-46
2661.875	6.61049093265625e-46
2662.0	6.8692337026372905e-46
2662.125	7.291562303694488e-46
2662.25	8.074155779734806e-46
2662.375	6.7850564955588085e-46
2662.5	6.557953746840039e-46
2662.625	7.082427738345611e-46
2662.75	6.41401464069025e-46
2662.875	6.33595652598276e-46
2663.0	7.323368517287289e-46
2663.125	7.0026903998440885e-46
2663.25	6.43030598370304e-46
2663.375	6.287113934779239e-46
2663.5	5.96655758665444e-46
2663.625	5.9299263007360004e-46
2663.75	6.388347240323999e-46
2663.875	5.662494732240089e-46
2664.0	4.950288140730489e-46
2664.125	6.06331378697209e-46
2664.25	7.32324132774144e-46
2664.375	6.66052915616001e-46
2664.5	6.599141885520248e-46
2664.625	7.285936526406758e-46
2664.75	8.141825361254562e-46
2664.875	8.188337344034409e-46
2665.0	8.080369074801001e-46
2665.125	8.810974083912247e-46
2665.25	7.49448989636356e-46
2665.375	7.58086849024129e-46
2665.5	7.601238131376491e-46
2665.625	6.533901800040041e-46
2665.75	6.962148216896891e-46
2665.875	6.23291469229636e-46
2666.0	7.09801758831025e-46
2666.125	7.899847298488887e-46
2666.25	7.477207505372888e-46
2666.375	6.236153677332639e-46
2666.5	5.96609544550464e-46
2666.625	5.6922783138201595e-46
2666.75	7.250125994193641e-46
2666.875	7.513847403144039e-46
2667.0	6.3214530624999995e-46
2667.125	5.963473890506248e-46
2667.25	5.8111630317331615e-46
2667.375	6.262846094110411e-46
2667.5	6.860835166944161e-46
2667.625	6.08346242184976e-46
2667.75	5.503876936776491e-46
2667.875	6.218532208902249e-46
2668.0	7.01804446694464e-46
2668.125	7.872354832520887e-46
2668.25	6.984913538461689e-46
2668.375	7.191127121407287e-46
2668.5	7.31838243195081e-46
2668.625	6.521664600024999e-46
2668.75	6.04807730079921e-46
2668.875	6.545510337980249e-46
2669.0	6.62407684747524e-46
2669.125	7.349023268827239e-46
2669.25	5.731460559399611e-46
2669.375	5.82505368981904e-46
2669.5	6.3252642340608384e-46
2669.625	7.41697891325161e-46
2669.75	7.02007227985561e-46
2669.875	6.488150914788009e-46
2670.0	6.5072489667610006e-46
2670.125	8.01159042391009e-46
2670.25	8.34940847087649e-46
2670.375	7.794472767278889e-46
2670.5	5.6246445096688894e-46
2670.625	5.38636236097444e-46
2670.75	5.9186798118556886e-46
2670.875	6.15599714483524e-46
2671.0	6.986584478939041e-46
2671.125	7.722179612160998e-46
2671.25	7.35167694528576e-46
2671.375	6.5749790712528394e-46
2671.5	6.3392931727020886e-46
2671.625	6.309978209088998e-46
2671.75	7.009828121663999e-46
2671.875	6.2291499181022506e-46
2672.0	7.04194960835584e-46
2672.125	6.81015725453284e-46
2672.25	7.02477335395521e-46
2672.375	7.436669168460489e-46
2672.5	7.144332933432249e-46
2672.625	6.988185301509757e-46
2672.75	7.18940615572624e-46
2672.875	6.988605627128412e-46
2673.0	7.819806539828888e-46
2673.125	6.871581725448038e-46
2673.25	6.7097986295184095e-46
2673.375	6.885184449332249e-46
2673.5	6.544715205348809e-46
2673.625	6.1831765760803586e-46
2673.75	5.94370649759524e-46
2673.875	6.7666841714820095e-46
2674.0	5.96096863859025e-46
2674.125	7.17228977639161e-46
2674.25	7.385895464160159e-46
2674.375	7.10642352831376e-46
2674.5	6.467991366045159e-46
2674.625	7.91303932515625e-46
2674.75	7.666538075281959e-46
2674.875	6.762222142585289e-46
2675.0	6.6773283563772905e-46
2675.125	7.036740361910252e-46
2675.25	7.015158769610249e-46
2675.375	7.65929536386624e-46
2675.5	7.618267934641e-46
2675.625	6.839483395888361e-46
2675.75	6.998398824331688e-46
2675.875	5.8835096486680895e-46
2676.0	5.800778318880248e-46
2676.125	6.966626093306889e-46
2676.25	7.309932586507692e-46
2676.375	5.990994438740641e-46
2676.5	6.6388758051225586e-46
2676.625	8.516990853254559e-46
2676.75	7.916628010690089e-46
2676.875	7.014382217330411e-46
2677.0	7.83526591487025e-46
2677.125	6.89030527870881e-46
2677.25	6.927014466852839e-46
2677.375	6.60495294210609e-46
2677.5	6.92864109025344e-46
2677.625	7.02024556096516e-46
2677.75	7.530566132831288e-46
2677.875	7.867667647057692e-46
2678.0	7.023809691058409e-46
2678.125	6.965071551820841e-46
2678.25	6.547739422796009e-46
2678.375	7.94966257961316e-46
2678.5	8.384088768946812e-46
2678.625	8.35291442185281e-46
2678.75	6.550342037004959e-46
2678.875	7.071545676948839e-46
2679.0	6.7723785415443604e-46
2679.125	7.144757394430409e-46
2679.25	7.29575159401201e-46
2679.375	7.332744073216001e-46
2679.5	7.095618935856091e-46
2679.625	7.26596715989764e-46
2679.75	8.042686137369001e-46
2679.875	6.817819710120249e-46
2680.0	6.547843824500251e-46
2680.125	8.076617848108811e-46
2680.25	6.3888001795777606e-46
2680.375	5.47723578215025e-46
2680.5	7.51500914309289e-46
2680.625	6.9255232999932086e-46
2680.75	6.3309871707120906e-46
2680.875	8.530638614640491e-46
2681.0	7.52837313770161e-46
2681.125	6.422929922499999e-46
2681.25	6.506219961878489e-46
2681.375	6.58645053574561e-46
2681.5	6.51414698071929e-46
2681.625	6.464783231798438e-46
2681.75	7.217978607596161e-46
2681.875	7.238413584899997e-46
2682.0	7.07919039135504e-46
2682.125	7.272792805894562e-46
2682.25	6.21184192003489e-46
2682.375	6.92152273411369e-46
2682.5	7.164884028246012e-46
2682.625	7.307869276910408e-46
2682.75	6.4946111641372895e-46
2682.875	6.80085084990481e-46
2683.0	6.853308783806249e-46
2683.125	6.980443526398409e-46
2683.25	7.451379467562251e-46
2683.375	8.348758916199611e-46
2683.5	7.16760223774884e-46
2683.625	6.9025019384776894e-46
2683.75	7.390298794908159e-46
2683.875	6.4791507583897595e-46
2684.0	6.6092296173008406e-46
2684.125	6.21801901633936e-46
2684.25	5.93506654208064e-46
2684.375	6.415211092232889e-46
2684.5	6.425378337889e-46
2684.625	6.030083827004409e-46
2684.75	7.126554864896639e-46
2684.875	6.8222368322574386e-46
2685.0	7.591197022241289e-46
2685.125	6.6278072194278395e-46
2685.25	6.050891048764809e-46
2685.375	6.3173434347427605e-46
2685.5	6.4372534285804885e-46
2685.625	7.1261234704e-46
2685.75	6.77290006841616e-46
2685.875	6.220378181505959e-46
2686.0	6.39137708255929e-46
2686.125	6.651818192721611e-46
2686.25	6.5860399168496114e-46
2686.375	6.7009120865440015e-46
2686.5	6.277301750479359e-46
2686.625	7.455080883520358e-46
2686.75	8.021265076982441e-46
2686.875	8.28069859097209e-46
2687.0	7.185195511962249e-46
2687.125	6.6503512747562484e-46
2687.25	6.553398785544489e-46
2687.375	7.093652151559211e-46
2687.5	8.329743490770247e-46
2687.625	9.74297439932644e-46
2687.75	8.185251191748841e-46
2687.875	5.592180664752639e-46
2688.0	6.926504409720089e-46
2688.125	7.246061267830808e-46
2688.25	6.79379168399409e-46
2688.375	6.52946201107344e-46
2688.5	5.981723389838441e-46
2688.625	7.379154931599997e-46
2688.75	7.498425448620087e-46
2688.875	7.610073683950439e-46
2689.0	6.8885330338022506e-46
2689.125	6.5598314966022416e-46
2689.25	6.88402680530041e-46
2689.375	6.98170225713921e-46
2689.5	7.385121483363999e-46
2689.625	7.190758670481e-46
2689.75	6.6269659149523605e-46
2689.875	7.619956118158239e-46
2690.0	8.328020560561001e-46
2690.125	6.882025559682248e-46
2690.25	7.558542167968091e-46
2690.375	6.9126079800192085e-46
2690.5	7.378983795612247e-46
2690.625	6.1739080202249986e-46
2690.75	7.391169831304362e-46
2690.875	8.197792268133689e-46
2691.0	8.601620267333612e-46
2691.125	8.59209993296656e-46
2691.25	6.186163839999998e-46
2691.375	5.815717131768039e-46
2691.5	6.73298652104001e-46
2691.625	5.90783774929936e-46
2691.75	6.4370129067036086e-46
2691.875	6.21204031321225e-46
2692.0	7.038377164036e-46
2692.125	8.09124510472996e-46
2692.25	7.492200337094557e-46
2692.375	7.43667844035076e-46
2692.5	6.425219658322889e-46
2692.625	6.80199887132164e-46
2692.75	7.357620445043563e-46
2692.875	7.63976896977424e-46
2693.0	6.6665577202368405e-46
2693.125	7.123119020455842e-46
2693.25	7.53220065971025e-46
2693.375	8.34686702993025e-46
2693.5	8.91207221372836e-46
2693.625	7.868741974332837e-46
2693.75	6.9418970235039985e-46
2693.875	6.15925827529609e-46
2694.0	7.206890849964087e-46
2694.125	7.719866644839043e-46
2694.25	7.900917074449e-46
2694.375	6.16158293471296e-46
2694.5	6.702679189580889e-46
2694.625	6.691330401712358e-46
2694.75	6.169672770582759e-46
2694.875	6.2902611303444906e-46
2695.0	6.65662910597136e-46
2695.125	6.767074890144041e-46
2695.25	6.297635421081001e-46
2695.375	6.753948035128809e-46
2695.5	7.091039072900248e-46
2695.625	7.435341711593293e-46
2695.75	7.862805760830249e-46
2695.875	7.29449511272329e-46
2696.0	7.145773158332411e-46
2696.125	6.10760591572041e-46
2696.25	6.15342398761216e-46
2696.375	6.8233631477862396e-46
2696.5	6.418615156201959e-46
2696.625	6.313725112741291e-46
2696.75	6.50332724630884e-46
2696.875	5.767794475102889e-46
2697.0	5.916795488872959e-46
2697.125	6.4776169805256896e-46
2697.25	7.701233292012161e-46
2697.375	8.047247579642412e-46
2697.5	7.278734555568999e-46
2697.625	6.72881161642209e-46
2697.75	6.724515608522409e-46
2697.875	6.84002266912969e-46
2698.0	6.27622695655201e-46
2698.125	5.706053944731041e-46
2698.25	7.099992438477209e-46
2698.375	6.82831199219521e-46
2698.5	6.908267353178889e-46
2698.625	7.28719604967249e-46
2698.75	6.9971936097968114e-46
2698.875	6.845528552095209e-46
2699.0	7.568260696627839e-46
2699.125	7.993919331904e-46
2699.25	6.8635018933779595e-46
2699.375	6.8993390782764885e-46
2699.5	7.500444825635999e-46
2699.625	7.113085292554241e-46
2699.75	6.987359491009959e-46
2699.875	6.605501393689e-46
2700.0	7.678515817182252e-46
2700.125	8.706990479121e-46
2700.25	7.458090633450251e-46
2700.375	6.9201889428750385e-46
2700.5	5.995304547667209e-46
2700.625	6.382845513184359e-46
2700.75	6.78638605780249e-46
2700.875	6.4851542431315615e-46
2701.0	8.364671603145637e-46
2701.125	8.02902430394089e-46
2701.25	7.398056739981613e-46
2701.375	7.327263758285609e-46
2701.5	7.84169017108324e-46
2701.625	8.186975313778809e-46
2701.75	6.648574065592409e-46
2701.875	5.452407598528809e-46
2702.0	5.77211147997961e-46
2702.125	7.22537840644096e-46
2702.25	7.494652511077692e-46
2702.375	6.804580056480999e-46
2702.5	6.52550345854225e-46
2702.625	6.7038939815064086e-46
2702.75	7.225168205869289e-46
2702.875	7.715041205773688e-46
2703.0	7.725196660006437e-46
2703.125	9.301356285156248e-46
2703.25	7.82470043147556e-46
2703.375	7.411247236432358e-46
2703.5	7.149099488399998e-46
2703.625	6.9890978735760396e-46
2703.75	6.9016192069048916e-46
2703.875	7.063085982020888e-46
2704.0	7.709705255187361e-46
2704.125	7.251096441796e-46
2704.25	6.032775981240999e-46
2704.375	6.2621208709289995e-46
2704.5	6.105216347176959e-46
2704.625	6.366666419205158e-46
2704.75	7.400480946306249e-46
2704.875	7.172858083248637e-46
2705.0	6.382266973962011e-46
2705.125	6.254611350268411e-46
2705.25	8.190858543449759e-46
2705.375	8.438546843773288e-46
2705.5	7.103079957728163e-46
2705.625	6.985861314084e-46
2705.75	7.57880087462884e-46
2705.875	6.4805467405872394e-46
2706.0	6.137556344244639e-46
2706.125	7.71377745121344e-46
2706.25	8.274061251502241e-46
2706.375	6.55947190669156e-46
2706.5	6.9439923331993586e-46
2706.625	7.645804554983041e-46
2706.75	7.211574029318759e-46
2706.875	7.86640603728996e-46
2707.0	7.660456669008999e-46
2707.125	6.54543460898209e-46
2707.25	5.956648438125159e-46
2707.375	6.4650227463528096e-46
2707.5	7.483136417236838e-46
2707.625	7.73674280630001e-46
2707.75	8.388569909287837e-46
2707.875	7.95553163624704e-46
2708.0	7.993504847473692e-46
2708.125	7.53651945209284e-46
2708.25	7.03464914005569e-46
2708.375	6.85595152912384e-46
2708.5	6.643309845951609e-46
2708.625	6.99109823269225e-46
2708.75	7.15031076204225e-46
2708.875	7.759679898648039e-46
2709.0	7.987349916099997e-46
2709.125	7.634464091251558e-46
2709.25	7.715444518027211e-46
2709.375	7.415912463019289e-46
2709.5	6.390318856464001e-46
2709.625	6.533449369357689e-46
2709.75	6.963207386521e-46
2709.875	8.135488648372841e-46
2710.0	8.75651664153744e-46
2710.125	7.08664756494564e-46
2710.25	6.1337184465902495e-46
2710.375	5.49190694693124e-46
2710.5	6.11611627793089e-46
2710.625	6.00015165972849e-46
2710.75	7.122488102400999e-46
2710.875	8.007499211256251e-46
2711.0	8.540904547302758e-46
2711.125	7.70604608374756e-46
2711.25	7.483123833794012e-46
2711.375	7.533273791761004e-46
2711.5	6.851356506092159e-46
2711.625	6.36966688763601e-46
2711.75	7.48433243970064e-46
2711.875	7.36546163899456e-46
2712.0	7.86531223786896e-46
2712.125	7.507191197565158e-46
2712.25	7.18248522425281e-46
2712.375	7.535295110420641e-46
2712.5	6.954243140682008e-46
2712.625	6.713044184688491e-46
2712.75	7.508003881431687e-46
2712.875	7.80992441922564e-46
2713.0	7.94724080104201e-46
2713.125	7.464503190650491e-46
2713.25	7.905286874609638e-46
2713.375	7.23934665609156e-46
2713.5	6.99567639334281e-46
2713.625	7.601840279592246e-46
2713.75	7.05880463064921e-46
2713.875	6.547711275420159e-46
2714.0	7.52867715249225e-46
2714.125	7.62470810539876e-46
2714.25	7.61601308265625e-46
2714.375	6.951604191510249e-46
2714.5	7.38834268428036e-46
2714.625	6.9397899119736096e-46
2714.75	7.308021203559041e-46
2714.875	7.923140136133292e-46
2715.0	7.671091296602249e-46
2715.125	6.9582900800204104e-46
2715.25	6.796629405597159e-46
2715.375	6.812156898118809e-46
2715.5	6.333664632335289e-46
2715.625	6.5808123177283585e-46
2715.75	6.744968924820841e-46
2715.875	7.26066922205641e-46
2716.0	7.32848461738276e-46
2716.125	7.156787067175839e-46
2716.25	5.8778263980444095e-46
2716.375	6.10966868449536e-46
2716.5	6.8096990115999996e-46
2716.625	5.8124687051984405e-46
2716.75	5.8770089110684885e-46
2716.875	6.041302887998441e-46
2717.0	6.32472050106009e-46
2717.125	6.13547747850816e-46
2717.25	7.41625450305601e-46
2717.375	7.888447415044e-46
2717.5	7.562324001024002e-46
2717.625	6.71838468503409e-46
2717.75	6.1353362909132085e-46
2717.875	6.360623215161759e-46
2718.0	6.8536360230249984e-46
2718.125	6.87537327390489e-46
2718.25	7.110431305136642e-46
2718.375	6.94462372843716e-46
2718.5	6.142647484532251e-46
2718.625	6.44891651510089e-46
2718.75	7.162194167001761e-46
2718.875	6.66402711559729e-46
2719.0	7.084056004920998e-46
2719.125	7.322913887396891e-46
2719.25	7.09372939011136e-46
2719.375	6.9855848508604886e-46
2719.5	6.22315987772644e-46
2719.625	6.39222301859716e-46
2719.75	7.88549468941129e-46
2719.875	6.895504688598489e-46
2720.0	7.099098233216885e-46
2720.125	7.46478624141121e-46
2720.25	6.570457162074089e-46
2720.375	6.515836190904958e-46
2720.5	7.046248674424409e-46
2720.625	8.078068438952488e-46
2720.75	7.945138466428838e-46
2720.875	7.10529647800644e-46
2721.0	7.144153851025e-46
2721.125	6.744125410581159e-46
2721.25	6.66870402459556e-46
2721.375	6.378788712376959e-46
2721.5	6.40325210403904e-46
2721.625	6.528149684595359e-46
2721.75	7.91656948687201e-46
2721.875	7.491606378984011e-46
2722.0	6.5941653631744904e-46
2722.125	7.307349710521e-46
2722.25	7.23885374593924e-46
2722.375	7.21854872165449e-46
2722.5	8.036956244246758e-46
2722.625	7.977690094880252e-46
2722.75	6.43914832977529e-46
2722.875	6.33028518563364e-46
2723.0	6.23352037746361e-46
2723.125	6.52012477666225e-46
2723.25	7.15799203571776e-46
2723.375	7.332331936018407e-46
2723.5	6.76538203081104e-46
2723.625	6.18763933501156e-46
2723.75	6.8415427913364885e-46
2723.875	7.57260962640625e-46
2724.0	8.19552421486276e-46
2724.125	7.179257775747689e-46
2724.25	6.926956038303211e-46
2724.375	6.294164746542759e-46
2724.5	6.89290736396409e-46
2724.625	7.246276617502809e-46
2724.75	7.61218473875344e-46
2724.875	9.16536025727716e-46
2725.0	7.757249913855998e-46
2725.125	7.968527852735609e-46
2725.25	7.60933273230361e-46
2725.375	6.707695966084e-46
2725.5	6.7489758182168104e-46
2725.625	7.134071125411239e-46
2725.75	7.686403037557687e-46
2725.875	7.16147802639844e-46
2726.0	7.612945695154891e-46
2726.125	6.5814413466239995e-46
2726.25	6.732269856379241e-46
2726.375	6.63501301073361e-46
2726.5	6.615154164833639e-46
2726.625	5.75068984515216e-46
2726.75	6.557998305709211e-46
2726.875	6.282295111530489e-46
2727.0	7.04868622607044e-46
2727.125	7.977017882682249e-46
2727.25	7.82226699875856e-46
2727.375	7.69590211937121e-46
2727.5	8.400230418888007e-46
2727.625	7.29871604370496e-46
2727.75	7.209605201012641e-46
2727.875	6.9489404367064895e-46
2728.0	6.54521356468225e-46
2728.125	7.065072978420251e-46
2728.25	7.498435854259841e-46
2728.375	7.154231392860249e-46
2728.5	8.042882954405289e-46
2728.625	7.365349825156836e-46
2728.75	6.7054786581372105e-46
2728.875	6.11001424344249e-46
2729.0	7.18877123629456e-46
2729.125	7.500830438707359e-46
2729.25	7.386739606022487e-46
2729.375	5.821822924301159e-46
2729.5	6.41759470352784e-46
2729.625	7.115197742515837e-46
2729.75	7.75788717704256e-46
2729.875	7.424632043196841e-46
2730.0	6.973799288343041e-46
2730.125	7.681467230116003e-46
2730.25	8.198457111707042e-46
2730.375	7.10916208912144e-46
2730.5	7.112460152864159e-46
2730.625	6.857643111584038e-46
2730.75	6.40421928420481e-46
2730.875	7.572855092300411e-46
2731.0	7.52826942286864e-46
2731.125	6.745983912730239e-46
2731.25	6.666715737602559e-46
2731.375	7.037384979249e-46
2731.5	6.68953893124449e-46
2731.625	6.5925543544089985e-46
2731.75	6.770286910506251e-46
2731.875	6.984705279596491e-46
2732.0	7.13713558914724e-46
2732.125	7.599979872997211e-46
2732.25	8.387638484164e-46
2732.375	8.109644750438439e-46
2732.5	6.9411919828416414e-46
2732.625	7.05894916354489e-46
2732.75	7.145888104584359e-46
2732.875	7.004297830219558e-46
2733.0	6.9212464946064386e-46
2733.125	7.335980917202561e-46
2733.25	7.97657898294244e-46
2733.375	7.046797630980249e-46
2733.5	7.701849933708487e-46
2733.625	7.74807767366161e-46
2733.75	7.57209669258249e-46
2733.875	7.43332893713424e-46
2734.0	7.365287405179689e-46
2734.125	8.092304435445757e-46
2734.25	7.30310142111001e-46
2734.375	6.60186723421801e-46
2734.5	7.529739606176413e-46
2734.625	8.20684928464801e-46
2734.75	7.84674440985681e-46
2734.875	7.353043553180161e-46
2735.0	7.84452153173329e-46
2735.125	7.387785473913609e-46
2735.25	7.237151828220253e-46
2735.375	7.252707355842009e-46
2735.5	7.070401187310761e-46
2735.625	6.639577689948841e-46
2735.75	6.8130579036722506e-46
2735.875	7.823099917380253e-46
2736.0	8.325511230974441e-46
2736.125	7.074794042952251e-46
2736.25	7.193708687881001e-46
2736.375	7.693016165463691e-46
2736.5	8.414614532820249e-46
2736.625	8.345137129784011e-46
2736.75	7.71591506231296e-46
2736.875	7.283053475596886e-46
2737.0	6.4215056967609986e-46
2737.125	7.0021098225e-46
2737.25	7.723688618256249e-46
2737.375	6.805159168899999e-46
2737.5	6.2902756769808395e-46
2737.625	6.777037081040488e-46
2737.75	6.493639220644e-46
2737.875	6.82161781623529e-46
2738.0	7.71780460597969e-46
2738.125	6.68353255695841e-46
2738.25	6.28138630537636e-46
2738.375	7.24897037383744e-46
2738.5	7.531749473050891e-46
2738.625	6.8767918995504395e-46
2738.75	6.56730469323009e-46
2738.875	7.007044702973291e-46
2739.0	6.5387895609724894e-46
2739.125	7.091717063572839e-46
2739.25	7.969362311434813e-46
2739.375	7.039904840867611e-46
2739.5	6.962569869691238e-46
2739.625	7.466765014459243e-46
2739.75	7.748950058680962e-46
2739.875	8.01186951120516e-46
2740.0	7.680183503647361e-46
2740.125	8.660227220536958e-46
2740.25	9.061018675286758e-46
2740.375	7.17113287818841e-46
2740.5	7.31071343265561e-46
2740.625	7.631495755262441e-46
2740.75	6.996330236329289e-46
2740.875	6.5578651417224104e-46
2741.0	6.52202774904121e-46
2741.125	7.67477152610884e-46
2741.25	7.769120449521637e-46
2741.375	8.591213552359842e-46
2741.5	8.281678737448358e-46
2741.625	8.218834656201001e-46
2741.75	6.380494634488809e-46
2741.875	7.143820282614762e-46
2742.0	7.330917976462238e-46
2742.125	6.68469390300625e-46
2742.25	6.836149893450242e-46
2742.375	6.89323344681024e-46
2742.5	7.214212444297962e-46
2742.625	8.051911332920999e-46
2742.75	8.536194154987559e-46
2742.875	7.926539098920996e-46
2743.0	6.3626662215427595e-46
2743.125	5.87491163339089e-46
2743.25	7.023401028900001e-46
2743.375	7.364722923485291e-46
2743.5	7.274313347742249e-46
2743.625	8.457701108441291e-46
2743.75	7.88558679576369e-46
2743.875	7.929523152292809e-46
2744.0	8.75397255674769e-46
2744.125	8.299600366867291e-46
2744.25	7.041478324946561e-46
2744.375	7.474363402755239e-46
2744.5	7.200758996929e-46
2744.625	7.983750886030239e-46
2744.75	6.688129926935608e-46
2744.875	6.51539612775076e-46
2745.0	7.202645030095358e-46
2745.125	8.096498631964085e-46
2745.25	9.476690013982891e-46
2745.375	8.55412337089489e-46
2745.5	7.829670284763041e-46
2745.625	7.68199494153744e-46
2745.75	8.403755139713611e-46
2745.875	9.091016756239689e-46
2746.0	7.263755363360249e-46
2746.125	6.0662187579302495e-46
2746.25	6.75031431188689e-46
2746.375	8.29899538832529e-46
2746.5	9.14078913452644e-46
2746.625	8.184982833292813e-46
2746.75	7.133932769929289e-46
2746.875	7.130355224256249e-46
2747.0	8.229234866094486e-46
2747.125	7.81194562220164e-46
2747.25	7.681924542012247e-46
2747.375	7.421215514804639e-46
2747.5	7.260949998224998e-46
2747.625	7.062596451981159e-46
2747.75	6.605172936819612e-46
2747.875	7.433062296314491e-46
2748.0	7.770365313906253e-46
2748.125	6.44156531697121e-46
2748.25	5.723223690276001e-46
2748.375	6.2682027343164095e-46
2748.5	7.455792988688041e-46
2748.625	7.60235091114321e-46
2748.75	5.94988641127321e-46
2748.875	6.789742322939559e-46
2749.0	7.74163011726225e-46
2749.125	7.945337468756249e-46
2749.25	7.38569435569956e-46
2749.375	8.186815654625439e-46
2749.5	6.95135582699776e-46
2749.625	6.20389683510129e-46
2749.75	6.8864713011556886e-46
2749.875	7.40740866068025e-46
2750.0	7.592832604590249e-46
2750.125	7.49809028134881e-46
2750.25	7.18767949783104e-46
2750.375	6.665120158072361e-46
2750.5	7.48062158025625e-46
2750.625	8.15069268138724e-46
2750.75	7.748332647739291e-46
2750.875	7.0011852882100894e-46
2751.0	6.808077018132639e-46
2751.125	8.378831891489439e-46
2751.25	7.741957328431289e-46
2751.375	6.5131817431609605e-46
2751.5	7.890056846700251e-46
2751.625	8.09124510472996e-46
2751.75	7.017227490024999e-46
2751.875	7.995931402180839e-46
2752.0	7.728239316835213e-46
2752.125	8.715338411495039e-46
2752.25	8.35945319972961e-46
2752.375	6.742977090210489e-46
2752.5	7.352325525895836e-46
2752.625	7.69819373693161e-46
2752.75	7.255853220294811e-46
2752.875	7.181960486724e-46
2753.0	6.33785005457569e-46
2753.125	7.32796864988841e-46
2753.25	7.64302255964289e-46
2753.375	7.643472090489003e-46
2753.5	6.948448024882809e-46
2753.625	7.703982005783038e-46
2753.75	7.964460633333758e-46
2753.875	8.037413245102241e-46
2754.0	7.775868887100247e-46
2754.125	6.63060388501681e-46
2754.25	6.38227910027929e-46
2754.375	7.437660748056248e-46
2754.5	7.826251312918435e-46
2754.625	6.94806792019344e-46
2754.75	6.55927162655625e-46
2754.875	7.02080622214416e-46
2755.0	6.498396677542089e-46
2755.125	7.203640744808012e-46
2755.25	8.75975246540641e-46
2755.375	9.10169888436484e-46
2755.5	7.08290039010961e-46
2755.625	7.75435247903044e-46
2755.75	7.389391383992247e-46
2755.875	7.04878021112521e-46
2756.0	7.16091231134161e-46
2756.125	7.52061186502756e-46
2756.25	7.39517497553041e-46
2756.375	7.37271723951504e-46
2756.5	6.950588087050238e-46
2756.625	7.297664613561e-46
2756.75	8.054743495744e-46
2756.875	7.614305468289611e-46
2757.0	7.280244385971842e-46
2757.125	6.87492175685184e-46
2757.25	6.676466860995999e-46
2757.375	6.695566633788491e-46
2757.5	6.08379687945316e-46
2757.625	7.12679726307844e-46
2757.75	7.955294147271608e-46
2757.875	8.033165225799208e-46
2758.0	7.67800097150436e-46
2758.125	7.134891136210893e-46
2758.25	6.605691069685209e-46
2758.375	7.13836134514944e-46
2758.5	7.682314792261212e-46
2758.625	8.064606030625e-46
2758.75	7.879693635072637e-46
2758.875	5.9114195445492086e-46
2759.0	5.452484655091359e-46
2759.125	5.638342855880249e-46
2759.25	6.045888244385439e-46
2759.375	6.5415934721852115e-46
2759.5	7.15448977502884e-46
2759.625	7.254543617475999e-46
2759.75	8.94198858372964e-46
2759.875	7.574153485924001e-46
2760.0	6.3185092185602506e-46
2760.125	6.203736431046011e-46
2760.25	6.80955235624161e-46
2760.375	6.637929195440409e-46
2760.5	6.9325931591312386e-46
2760.625	6.72363707220529e-46
2760.75	7.050242104532636e-46
2760.875	6.967450149811839e-46
2761.0	7.837133622041609e-46
2761.125	7.507089272686239e-46
2761.25	6.1606397144449595e-46
2761.375	5.8075220963760105e-46
2761.5	5.4648310041248396e-46
2761.625	6.497751237319689e-46
2761.75	7.661764211316639e-46
2761.875	7.74453074026009e-46
2762.0	7.734720787859557e-46
2762.125	8.516982098091611e-46
2762.25	8.964688703880999e-46
2762.375	7.36213961027169e-46
2762.5	7.064578595256251e-46
2762.625	6.719704070016641e-46
2762.75	6.8450565623748105e-46
2762.875	6.6902150370250005e-46
2763.0	6.768058240020639e-46
2763.125	8.834222506564e-46
2763.25	7.084355170683037e-46
2763.375	7.429904411382009e-46
2763.5	8.252523645664357e-46
2763.625	7.872532158290891e-46
2763.75	7.969529434260251e-46
2763.875	6.901344415680999e-46
2764.0	6.717692124571211e-46
2764.125	7.16192922291961e-46
2764.25	7.027865154346409e-46
2764.375	6.659205787609687e-46
2764.5	6.7058619087104095e-46
2764.625	7.017786971032359e-46
2764.75	6.217173217476001e-46
2764.875	6.1998803839448096e-46
2765.0	6.713111031475841e-46
2765.125	6.3714139955560015e-46
2765.25	7.215102051273637e-46
2765.375	7.75013150327364e-46
2765.5	7.096989773109758e-46
2765.625	6.79283357194225e-46
2765.75	8.945257297561292e-46
2765.875	8.94614201650404e-46
2766.0	8.137690755830437e-46
2766.125	7.937534837241611e-46
2766.25	7.464772034102247e-46
2766.375	6.6463624269159995e-46
2766.5	6.296271325863841e-46
2766.625	7.124549631899042e-46
2766.75	7.98251616702409e-46
2766.875	6.3024450601824085e-46
2767.0	6.522553847826809e-46
2767.125	6.895387572649e-46
2767.25	8.557157768643999e-46
2767.375	7.79604633802801e-46
2767.5	7.90958194792441e-46
2767.625	7.756315234262443e-46
2767.75	6.80055877450161e-46
2767.875	7.768518958759688e-46
2768.0	7.127989559070247e-46
2768.125	6.1227968964979594e-46
2768.25	7.027410248031689e-46
2768.375	7.661996170567211e-46
2768.5	7.987494617683359e-46
2768.625	7.017373715862759e-46
2768.75	6.483226103524e-46
2768.875	6.36560014879881e-46
2769.0	6.2146152255690015e-46
2769.125	7.22571978728601e-46
2769.25	6.81830538253225e-46
2769.375	5.968967263608999e-46
2769.5	6.5205900241891595e-46
2769.625	6.560542509651361e-46
2769.75	7.141491400977609e-46
2769.875	7.48119376836441e-46
2770.0	8.049805979524e-46
2770.125	7.559312535936161e-46
2770.25	6.6654428731536095e-46
2770.375	6.822326160938891e-46
2770.5	8.03102491717969e-46
2770.625	8.341388472574444e-46
2770.75	8.331036526962251e-46
2770.875	8.128300785306247e-46
2771.0	7.65600510843169e-46
2771.125	7.13169095711076e-46
2771.25	6.055669031763608e-46
2771.375	6.9523187256250004e-46
2771.5	8.12272344153664e-46
2771.625	7.710023460910406e-46
2771.75	6.938927453203358e-46
2771.875	7.999592571696008e-46
2772.0	6.959700877500251e-46
2772.125	7.66420632595809e-46
2772.25	6.923498138766811e-46
2772.375	5.72043553474624e-46
2772.5	6.224281512200998e-46
2772.625	7.629408540754559e-46
2772.75	7.431766239227557e-46
2772.875	7.184183918755841e-46
2773.0	7.31737881827716e-46
2773.125	7.60716139452889e-46
2773.25	7.676355132876961e-46
2773.375	7.74639929181316e-46
2773.5	6.8390267825008915e-46
2773.625	6.84822736897924e-46
2773.75	6.989416177500158e-46
2773.875	6.763473005956839e-46
2774.0	7.543383096484001e-46
2774.125	7.656358728558763e-46
2774.25	7.31388050490969e-46
2774.375	7.206837695669161e-46
2774.5	8.743191966943211e-46
2774.625	8.747804730493439e-46
2774.75	8.325225002131559e-46
2774.875	6.69243758104516e-46
2775.0	7.806723784652249e-46
2775.125	7.525108383887607e-46
2775.25	7.035588082504887e-46
2775.375	7.45711353136656e-46
2775.5	7.953388722730092e-46
2775.625	8.49286122240196e-46
2775.75	7.38859275625156e-46
2775.875	8.76579482197225e-46
2776.0	9.244212760642086e-46
2776.125	8.855529074140807e-46
2776.25	7.456164345364841e-46
2776.375	5.96905668312409e-46
2776.5	6.08518512476224e-46
2776.625	6.644915701747561e-46
2776.75	6.981637785385211e-46
2776.875	6.8683043550250006e-46
2777.0	6.6255068880359985e-46
2777.125	6.96668521681441e-46
2777.25	7.786166411122093e-46
2777.375	6.6390613217337606e-46
2777.5	6.346230084756252e-46
2777.625	7.08237664180225e-46
2777.75	6.072360001812808e-46
2777.875	7.180200960346092e-46
2778.0	7.11347788578816e-46
2778.125	6.67221807825769e-46
2778.25	7.140150475236e-46
2778.375	7.017194112601691e-46
2778.5	9.075937106796159e-46
2778.625	9.677338571132409e-46
2778.75	7.714124070733439e-46
2778.875	7.377475168340641e-46
2779.0	7.713200880225e-46
2779.125	8.88097991746729e-46
2779.25	7.96388549207449e-46
2779.375	7.590739663822092e-46
2779.5	7.509577314176641e-46
2779.625	6.921012879211239e-46
2779.75	7.01520856365121e-46
2779.875	7.11099502269601e-46
2780.0	7.242455174760997e-46
2780.125	6.5254426614291586e-46
2780.25	5.87965407008004e-46
2780.375	7.178784599085157e-46
2780.5	6.601592310220958e-46
2780.625	5.9306047512588916e-46
2780.75	7.357999656506889e-46
2780.875	8.956228151337639e-46
2781.0	7.69925698576225e-46
2781.125	7.51058306026249e-46
2781.25	7.686879903997288e-46
2781.375	6.253199909472009e-46
2781.5	7.440149805830441e-46
2781.625	7.77421984114944e-46
2781.75	7.833113512900003e-46
2781.875	7.87826601926001e-46
2782.0	7.96001977239049e-46
2782.125	8.044518273795997e-46
2782.25	9.56027786250601e-46
2782.375	9.206863007529691e-46
2782.5	7.48177473125889e-46
2782.625	7.145018813082239e-46
2782.75	5.9526352630852894e-46
2782.875	5.9954940654720384e-46
2783.0	8.198300203902759e-46
2783.125	9.100874081990253e-46
2783.25	7.224079082566088e-46
2783.375	7.387507692009e-46
2783.5	7.63959594352761e-46
2783.625	7.884717984675998e-46
2783.75	9.005643884540251e-46
2783.875	8.477260828216962e-46
2784.0	6.3566899647552904e-46
2784.125	6.3371471856348094e-46
2784.25	7.384807880500089e-46
2784.375	8.811495330105691e-46
2784.5	8.810044427949608e-46
2784.625	9.422845054024091e-46
2784.75	8.507725740160359e-46
2784.875	7.416817688072249e-46
2785.0	7.057585193254558e-46
2785.125	6.86601296674084e-46
2785.25	6.309710938630439e-46
2785.375	6.908283649009959e-46
2785.5	8.210732066406249e-46
2785.625	7.942701594744008e-46
2785.75	7.32268820137156e-46
2785.875	6.86328287745424e-46
2786.0	8.035014985944039e-46
2786.125	8.197129169356411e-46
2786.25	7.906370515563609e-46
2786.375	6.454133136601959e-46
2786.5	7.239248718459039e-46
2786.625	7.752394983931286e-46
2786.75	8.126696311843213e-46
2786.875	7.644123463680639e-46
2787.0	8.01331314377616e-46
2787.125	8.67694464875716e-46
2787.25	7.953477276481001e-46
2787.375	8.82307773839556e-46
2787.5	7.43128372265161e-46
2787.625	7.739490616035997e-46
2787.75	6.9846920653062396e-46
2787.875	7.311078454680361e-46
2788.0	7.617017099151362e-46
2788.125	6.925436982506252e-46
2788.25	6.38110088027281e-46
2788.375	8.547040524436838e-46
2788.5	7.233827666421761e-46
2788.625	7.13029594432996e-46
2788.75	7.56873883618281e-46
2788.875	7.61766844815376e-46
2789.0	7.29878898745441e-46
2789.125	6.905167815145961e-46
2789.25	7.921342702143997e-46
2789.375	1.0304426138580638e-45
2789.5	8.507939251303841e-46
2789.625	7.15645641414916e-46
2789.75	6.60505368689401e-46
2789.875	7.47371383552836e-46
2790.0	7.02950940821284e-46
2790.125	7.429422500390889e-46
2790.25	9.101904034870439e-46
2790.375	8.36558555515684e-46
2790.5	7.399032685525692e-46
2790.625	7.651386660996e-46
2790.75	7.817192132145641e-46
2790.875	7.424267467050812e-46
2791.0	8.092275419556251e-46
2791.125	8.137894437300249e-46
2791.25	8.41884616501504e-46
2791.375	7.48274305287609e-46
2791.5	7.597147243039289e-46
2791.625	7.142021071936001e-46
2791.75	6.9437319832544395e-46
2791.875	6.8142278381377596e-46
2792.0	6.1246548384160005e-46
2792.125	7.132076585787038e-46
2792.25	7.538939878369e-46
2792.375	7.664309311911209e-46
2792.5	7.245411469592039e-46
2792.625	7.216565509595561e-46
2792.75	7.7004585009e-46
2792.875	7.36791687224649e-46
2793.0	8.89694908684516e-46
2793.125	8.208333870361e-46
2793.25	8.170831875008889e-46
2793.375	8.65128451520356e-46
2793.5	7.995515169009636e-46
2793.625	7.330281170580641e-46
2793.75	6.870549468632889e-46
2793.875	6.784510016564639e-46
2794.0	8.036187423489e-46
2794.125	7.089736974336e-46
2794.25	7.335771822369e-46
2794.375	8.746540077024997e-46
2794.5	8.474051995506249e-46
2794.625	8.24476395407809e-46
2794.75	6.44596090876609e-46
2794.875	7.557957132441209e-46
2795.0	8.28707547372961e-46
2795.125	8.21397147640729e-46
2795.25	7.435265907238562e-46
2795.375	6.992180227383609e-46
2795.5	7.687004113498087e-46
2795.625	8.03583307527025e-46
2795.75	7.442008006419362e-46
2795.875	8.073957443841001e-46
2796.0	8.11675370666889e-46
2796.125	7.998594193497957e-46
2796.25	6.977042561844638e-46
2796.375	7.318096219203997e-46
2796.5	6.9868329433392405e-46
2796.625	7.50181642629136e-46
2796.75	7.303673805961001e-46
2796.875	7.164590661630089e-46
2797.0	7.410729996943358e-46
2797.125	7.740954570500411e-46
2797.25	7.932129801373687e-46
2797.375	7.394425525922487e-46
2797.5	6.85284804423025e-46
2797.625	6.54186254014225e-46
2797.75	6.7665712761795595e-46
2797.875	6.6219861156839994e-46
2798.0	7.232653982368363e-46
2798.125	7.344213820441e-46
2798.25	6.8248359612576895e-46
2798.375	6.832714736494439e-46
2798.5	7.406232952160252e-46
2798.625	7.729206221024999e-46
2798.75	7.800909328916637e-46
2798.875	7.83296461904356e-46
2799.0	8.05976883031824e-46
2799.125	7.836489753003609e-46
2799.25	7.434848717525611e-46
2799.375	7.65980736791449e-46
2799.5	7.374617511250087e-46
2799.625	7.11261483504196e-46
2799.75	8.709340033512811e-46
2799.875	7.737061013183291e-46
2800.0	6.478253784273959e-46
2800.125	7.11772562632356e-46
2800.25	7.361100985598009e-46
2800.375	7.24619855287696e-46
2800.5	8.05489732084801e-46
2800.625	7.55207449557444e-46
2800.75	8.584958014098008e-46
2800.875	8.657521208795559e-46
2801.0	7.739221321359361e-46
2801.125	7.50904733774881e-46
2801.25	8.427968127073688e-46
2801.375	9.057447180216493e-46
2801.5	8.083826613490411e-46
2801.625	7.653961023188489e-46
2801.75	7.350428670822761e-46
2801.875	7.015146056266411e-46
2802.0	7.170490197284411e-46
2802.125	7.265837774275242e-46
2802.25	7.34025718082281e-46
2802.375	7.76766052293529e-46
2802.5	6.906415010434809e-46
2802.625	7.72226631349156e-46
2802.75	7.467532330897957e-46
2802.875	7.818232809766092e-46
2803.0	8.312974867728998e-46
2803.125	8.09435786842225e-46
2803.25	7.253790016453211e-46
2803.375	7.34319542985561e-46
2803.5	8.298268290912249e-46
2803.625	7.387499538020249e-46
2803.75	6.365293858571559e-46
2803.875	6.70700965431025e-46
2804.0	7.536305871428891e-46
2804.125	7.810704138837691e-46
2804.25	7.902365294333161e-46
2804.375	7.82407105914681e-46
2804.5	7.301827553472359e-46
2804.625	8.234514628723357e-46
2804.75	8.020574039019238e-46
2804.875	7.02503627896225e-46
2805.0	7.379375509800359e-46
2805.125	8.23867777391409e-46
2805.25	8.53750837570225e-46
2805.375	8.091525575984491e-46
2805.5	7.679506209340839e-46
2805.625	9.601176326352247e-46
2805.75	1.019319855850521e-45
2805.875	1.0162040787379358e-45
2806.0	8.998269683174559e-46
2806.125	7.859661030975689e-46
2806.25	7.14066139104256e-46
2806.375	7.464914654240162e-46
2806.5	7.19358209289316e-46
2806.625	8.034830170421762e-46
2806.75	7.829537652787209e-46
2806.875	7.723656935950239e-46
2807.0	6.9987988218904905e-46
2807.125	7.77167606931076e-46
2807.25	8.49103933014544e-46
2807.375	7.864417061706238e-46
2807.5	8.116525219142561e-46
2807.625	1.0194235566985692e-45
2807.75	8.182498580744887e-46
2807.875	7.761524088781439e-46
2808.0	7.656265757217639e-46
2808.125	7.56715866723961e-46
2808.25	8.126648419547289e-46
2808.375	8.887889722540957e-46
2808.5	7.606342810008009e-46
2808.625	8.458440392264038e-46
2808.75	8.573893176265211e-46
2808.875	9.097072751133162e-46
2809.0	7.78955205633361e-46
2809.125	7.453943442519209e-46
2809.25	7.382772069600489e-46
2809.375	7.823495974831691e-46
2809.5	9.564875555996886e-46
2809.625	8.787765778355557e-46
2809.75	7.693533733283997e-46
2809.875	7.96646617055041e-46
2810.0	8.704522047443289e-46
2810.125	8.10445300559041e-46
2810.25	8.28718544150784e-46
2810.375	7.708037698026089e-46
2810.5	7.69344053650704e-46
2810.625	7.634395015072811e-46
2810.75	8.181562077648997e-46
2810.875	8.59480684243801e-46
2811.0	9.676005932258407e-46
2811.125	8.296772137579241e-46
2811.25	8.243493709052247e-46
2811.375	8.108044966876411e-46
2811.5	8.92359923291236e-46
2811.625	9.96615398854656e-46
2811.75	8.730610794264489e-46
2811.875	7.514191146006249e-46
2812.0	7.94295242363536e-46
2812.125	7.97580571277961e-46
2812.25	9.972682939980247e-46
2812.375	8.776537192988409e-46
2812.5	8.528260725505963e-46
2812.625	8.41564318633984e-46
2812.75	8.901613565671841e-46
2812.875	9.014206401742237e-46
2813.0	9.29332054562704e-46
2813.125	9.39958828927504e-46
2813.25	9.318864950978562e-46
2813.375	9.920760646231207e-46
2813.5	1.0334616276600039e-45
2813.625	1.0280357766220093e-45
2813.75	8.152547928128889e-46
2813.875	7.013500834902252e-46
2814.0	8.61704987555344e-46
2814.125	9.572496900603038e-46
2814.25	8.530136841344043e-46
2814.375	8.943118360722088e-46
2814.5	7.899578601037207e-46
2814.625	7.963785027920409e-46
2814.75	8.230687048022761e-46
2814.875	8.21847630373225e-46
2815.0	8.374237599756249e-46
2815.125	7.995325153120361e-46
2815.25	9.768137661604e-46
2815.375	1.054417405578436e-45
2815.5	9.462145738812007e-46
2815.625	8.205734930877159e-46
2815.75	9.16149220953849e-46
2815.875	8.499077874996837e-46
2816.0	7.537506684304001e-46
2816.125	7.216689082988162e-46
2816.25	8.919280207468959e-46
2816.375	9.83278068280225e-46
2816.5	8.787351950670241e-46
2816.625	8.18872880562025e-46
2816.75	8.886246529968637e-46
2816.875	9.30200529657721e-46
2817.0	8.567700147619557e-46
2817.125	7.51876197370321e-46
2817.25	8.356141864880638e-46
2817.375	7.80013847697984e-46
2817.5	7.383065522092087e-46
2817.625	8.388938323048959e-46
2817.75	8.35652055076609e-46
2817.875	8.232883637720042e-46
2818.0	7.670894651044e-46
2818.125	7.343349349182249e-46
2818.25	7.59945333215236e-46
2818.375	1.006857693702441e-45
2818.5	9.143099742784812e-46
2818.625	7.375033550821691e-46
2818.75	7.522030287423998e-46
2818.875	7.705092287703039e-46
2819.0	7.706911102329761e-46
2819.125	8.989010756590413e-46
2819.25	8.138096409678009e-46
2819.375	6.458992500443041e-46
2819.5	8.077745000478757e-46
2819.625	8.176868356101759e-46
2819.75	7.37007008424129e-46
2819.875	7.419664441617207e-46
2820.0	7.482401671324412e-46
2820.125	8.926853230655999e-46
2820.25	9.15045197081796e-46
2820.375	9.824085354996092e-46
2820.5	8.925270970368641e-46
2820.625	8.75894863261441e-46
2820.75	8.679451591062808e-46
2820.875	8.32703825265664e-46
2821.0	8.340512232030251e-46
2821.125	8.406438017241643e-46
2821.25	9.242591674601612e-46
2821.375	6.4146082936392895e-46
2821.5	6.8900958101606395e-46
2821.625	6.493224879852489e-46
2821.75	6.797612814618238e-46
2821.875	8.089310383743692e-46
2822.0	8.170611202869612e-46
2822.125	6.191134761240809e-46
2822.25	7.06665937409721e-46
2822.375	8.24163847728516e-46
2822.5	8.202139722268837e-46
2822.625	7.003545167809441e-46
2822.75	7.165578388856039e-46
2822.875	8.40015680184576e-46
2823.0	8.205475976208037e-46
2823.125	9.250087803978488e-46
2823.25	7.294927792473762e-46
2823.375	6.26386017567025e-46
2823.5	6.633848261625639e-46
2823.625	8.121082471851691e-46
2823.75	6.644021759999999e-46
2823.875	6.03408519140625e-46
2824.0	6.80262012639889e-46
2824.125	8.675133748163999e-46
2824.25	8.271955236540491e-46
2824.375	6.6562539728008914e-46
2824.5	6.073368893704359e-46
2824.625	6.289893457156002e-46
2824.75	7.23088610554249e-46
2824.875	8.148793684724639e-46
2825.0	8.752347116219561e-46
2825.125	9.05500478656225e-46
2825.25	8.98166015258724e-46
2825.375	7.953437793855999e-46
2825.5	6.7688892003392095e-46
2825.625	7.29422557214976e-46
2825.75	7.660834748733688e-46
2825.875	6.614665494960639e-46
2826.0	6.629120255380838e-46
2826.125	6.502870775285288e-46
2826.25	7.029863099043208e-46
2826.375	7.29113620426816e-46
2826.5	7.92561510795961e-46
2826.625	7.353711718819839e-46
2826.75	7.28752916939776e-46
2826.875	7.71531619025764e-46
2827.0	7.235961734660491e-46
2827.125	7.856162641494091e-46
2827.25	7.85720030367204e-46
2827.375	7.29757384616484e-46
2827.5	6.598576744130249e-46
2827.625	6.730376924208998e-46
2827.75	8.142693955848359e-46
2827.875	7.520506009786809e-46
2828.0	6.99842527884369e-46
2828.125	7.091695759366437e-46
2828.25	6.9624521855868095e-46
2828.375	7.26251242004401e-46
2828.5	8.502550373116891e-46
2828.625	7.34414552807056e-46
2828.75	6.4512398330268095e-46
2828.875	9.10033167563536e-46
2829.0	8.703254626358407e-46
2829.125	7.03286213967936e-46
2829.25	8.085758403790241e-46
2829.375	8.11095191751289e-46
2829.5	8.591872471148157e-46
2829.625	7.693680186502562e-46
2829.75	6.47651550102001e-46
2829.875	6.90019487041284e-46
2830.0	7.702601481807211e-46
2830.125	8.573107286571609e-46
2830.25	7.687988952917288e-46
2830.375	7.686392502303357e-46
2830.5	8.431910992890089e-46
2830.625	8.55869828094009e-46
2830.75	7.473264950765289e-46
2830.875	6.618091193738009e-46
2831.0	6.85763735042281e-46
2831.125	6.916043172536409e-46
2831.25	6.9015897834912905e-46
2831.375	8.143376537064037e-46
2831.5	7.976225386529442e-46
2831.625	7.70104070061001e-46
2831.75	8.392440395446809e-46
2831.875	8.312993897011689e-46
2832.0	7.105727241649001e-46
2832.125	6.64439139298089e-46
2832.25	7.380923996367361e-46
2832.375	7.39907239927696e-46
2832.5	7.39056684246409e-46
2832.625	7.022953157310249e-46
2832.75	7.858844670441612e-46
2832.875	8.790007020189161e-46
2833.0	8.025802310434089e-46
2833.125	8.038465643873441e-46
2833.25	8.425395018939607e-46
2833.375	8.281746653445762e-46
2833.5	7.760428691421159e-46
2833.625	6.729307597462809e-46
2833.75	6.952622479662759e-46
2833.875	7.49359198829476e-46
2834.0	7.531332329525289e-46
2834.125	7.510716799419692e-46
2834.25	7.523793354571557e-46
2834.375	6.662871696265209e-46
2834.5	7.276717196028812e-46
2834.625	8.33610977671684e-46
2834.75	7.531505772009209e-46
2834.875	7.919980548516001e-46
2835.0	7.33547335278241e-46
2835.125	7.447536515306251e-46
2835.25	8.088058996771691e-46
2835.375	8.345872633221759e-46
2835.5	6.95227759277584e-46
2835.625	6.63830226599409e-46
2835.75	6.92079136915609e-46
2835.875	8.44327613123856e-46
2836.0	8.691385590963357e-46
2836.125	8.466409956332159e-46
2836.25	8.284053084849612e-46
2836.375	7.836761294546557e-46
2836.5	8.212659472766441e-46
2836.625	8.280999592790761e-46
2836.75	8.32373969195664e-46
2836.875	8.375486043466237e-46
2837.0	8.44251600896064e-46
2837.125	7.055700718797611e-46
2837.25	7.110630230352251e-46
2837.375	8.843045133585639e-46
2837.5	9.143705713507209e-46
2837.625	7.82018126080569e-46
2837.75	7.170764404280887e-46
2837.875	8.291215025808998e-46
2838.0	8.058092787683999e-46
2838.125	7.629473174930009e-46
2838.25	7.599756573343359e-46
2838.375	6.52852016838961e-46
2838.5	6.5400850548810014e-46
2838.625	9.063790635769002e-46
2838.75	8.677058351814089e-46
2838.875	7.707787829874092e-46
2839.0	8.305092275622491e-46
2839.125	7.66674186409924e-46
2839.25	6.9684595666559986e-46
2839.375	6.751326583892249e-46
2839.5	7.32546595097604e-46
2839.625	7.358733694441959e-46
2839.75	8.238457909657959e-46
2839.875	7.797878089517609e-46
2840.0	6.486917626471839e-46
2840.125	8.180638784978559e-46
2840.25	9.97894235807296e-46
2840.375	7.27092403551801e-46
2840.5	8.418879822736361e-46
2840.625	8.821151263789289e-46
2840.75	9.79673160672361e-46
2840.875	8.120591182158009e-46
2841.0	7.369876249702562e-46
2841.125	8.573187513600361e-46
2841.25	8.25834882699649e-46
2841.375	8.170018947300251e-46
2841.5	6.84551023733476e-46
2841.625	6.8204085959174396e-46
2841.75	7.275139760660887e-46
2841.875	7.29544259545929e-46
2842.0	7.698031703369287e-46
2842.125	1.7686702110247208e-45
2842.25	2.5890278903650808e-45
2842.375	8.957976569546407e-46
2842.5	7.796548931346007e-46
2842.625	6.9808303283012115e-46
2842.75	7.195010106022561e-46
2842.875	7.879704301977208e-46
2843.0	1.3397490701100902e-44
2843.125	7.048072418184362e-44
2843.25	2.49890903811844e-44
2843.375	8.148434578843686e-46
2843.5	3.1658884133479826e-45
2843.625	4.5059013527721205e-45
2843.75	1.1634114653571238e-45
2843.875	7.491132871643558e-46
2844.0	7.944018913384959e-46
2844.125	7.997820422547238e-46
2844.25	6.56981327932609e-46
2844.375	6.8647861934316894e-46
2844.5	6.7125332582224895e-46
2844.625	7.327460279955239e-46
2844.75	7.726547519022237e-46
2844.875	8.543116425321e-46
2845.0	7.799776524864003e-46
2845.125	7.746465532957289e-46
2845.25	7.6357163584e-46
2845.375	7.849066219542249e-46
2845.5	8.714706067037608e-46
2845.625	8.019083877321689e-46
2845.75	7.34305343528761e-46
2845.875	6.64392742017489e-46
2846.0	6.797405281235561e-46
2846.125	7.126436870797688e-46
2846.25	7.62862577081089e-46
2846.375	7.39632424161856e-46
2846.5	8.154960235858811e-46
2846.625	9.11863338555625e-46
2846.75	7.484609300241962e-46
2846.875	7.329508484942247e-46
2847.0	8.04878291122129e-46
2847.125	8.474284296693761e-46
2847.25	7.537315602055838e-46
2847.375	7.539670255716001e-46
2847.5	8.44128233593225e-46
2847.625	8.342259560209e-46
2847.75	8.405529374286811e-46
2847.875	8.588974355303039e-46
2848.0	7.67322187737561e-46
2848.125	7.766774265584891e-46
2848.25	7.896241062630009e-46
2848.375	7.673107751406247e-46
2848.5	8.421385190621292e-46
2848.625	8.70829063294969e-46
2848.75	7.223679686252157e-46
2848.875	6.4578524541302494e-46
2849.0	8.36538425004676e-46
2849.125	3.024466303541904e-45
2849.25	1.7618285554532102e-44
2849.375	7.8764435754489e-45
2849.5	8.29104168400561e-46
2849.625	9.61805052532324e-46
2849.75	8.687240445156249e-46
2849.875	7.60189487113156e-46
2850.0	7.855022469369688e-46
2850.125	7.616031296769639e-46
2850.25	8.179283687058087e-46
2850.375	8.353759520426411e-46
2850.5	8.209712575392161e-46
2850.625	8.083832299905606e-46
2850.75	7.54356162147025e-46
2850.875	7.443011945894561e-46
2851.0	8.935571919503291e-46
2851.125	9.261995047926757e-46
2851.25	8.591387073006238e-46
2851.375	8.02927989248256e-46
2851.5	7.912425537731562e-46
2851.625	8.449206608153609e-46
2851.75	7.483186751113959e-46
2851.875	7.01964994922884e-46
2852.0	7.24943024154756e-46
2852.125	7.392277459200491e-46
2852.25	7.813864777306806e-46
2852.375	8.204156058384038e-46
2852.5	9.24410148124996e-46
2852.625	8.418370901960411e-46
2852.75	7.397452382345641e-46
2852.875	7.18698192251209e-46
2853.0	8.026653928225001e-46
2853.125	7.75177910628289e-46
2853.25	8.117810716999837e-46
2853.375	8.225147527123242e-46
2853.5	7.12504183815076e-46
2853.625	7.027486064728359e-46
2853.75	8.31758635731076e-46
2853.875	8.84820411056761e-46
2854.0	7.183843520522487e-46
2854.125	7.80219472543281e-46
2854.25	7.352725208962811e-46
2854.375	6.69741688079424e-46
2854.5	7.450710700801003e-46
2854.625	8.357490141369759e-46
2854.75	1.1511158338976039e-45
2854.875	2.4945940256199208e-45
2855.0	1.217854699950625e-45
2855.125	9.60040169785225e-46
2855.25	7.81085785159744e-46
2855.375	6.107415622705962e-46
2855.5	6.91387477885504e-46
2855.625	7.30017606870244e-46
2855.75	7.614947870880251e-46
2855.875	8.575179840944637e-46
2856.0	8.657369971812812e-46
2856.125	8.48702847575025e-46
2856.25	4.145197343604849e-45
2856.375	3.525022153378609e-45
2856.5	7.315794817710762e-46
2856.625	6.029841213902249e-46
2856.75	7.142012520079359e-46
2856.875	8.16840064411396e-46
2857.0	7.946674175037159e-46
2857.125	7.317325799091361e-46
2857.25	1.3997210458197154e-45
2857.375	2.5411485409576362e-45
2857.5	1.1329178467340248e-45
2857.625	7.688407639684839e-46
2857.75	7.23536726255044e-46
2857.875	7.08313565733921e-46
2858.0	6.74411917791364e-46
2858.125	6.8096828324616094e-46
2858.25	7.89764332740516e-46
2858.375	7.96086902160144e-46
2858.5	9.013888153670438e-46
2858.625	9.89811698780529e-46
2858.75	1.36876311342225e-44
2858.875	2.301498350761e-44
2859.0	2.84144434704e-45
2859.125	7.659952392711607e-46
2859.25	7.475793315586088e-46
2859.375	7.001638815721e-46
2859.5	8.653185880248039e-46
2859.625	8.025086147878888e-46
2859.75	7.126999620664811e-46
2859.875	7.884676988308891e-46
2860.0	8.240159494396836e-46
2860.125	8.54279199083025e-46
2860.25	2.3520001346357762e-45
2860.375	3.206277942240026e-45
2860.5	5.912337834825983e-45
2860.625	1.0454033890300899e-44
2860.75	1.9474573413000246e-45
2860.875	7.009014270588488e-46
2861.0	7.502558150768043e-46
2861.125	1.427453907918921e-45
2861.25	1.1330026686110249e-45
2861.375	7.56172616979649e-46
2861.5	5.9928611626304094e-46
2861.625	1.2736298465784005e-45
2861.75	6.261132770382399e-45
2861.875	3.228208079251684e-45
2862.0	7.752281941264e-46
2862.125	7.66272141187641e-46
2862.25	8.296196065219241e-46
2862.375	9.296197937708892e-46
2862.5	7.914551110273439e-46
2862.625	7.534626980256251e-46
2862.75	7.74833654475556e-46
2862.875	7.375238316121001e-46
2863.0	7.22615096013001e-46
2863.125	8.115074597808997e-46
2863.25	9.38017049260096e-46
2863.375	9.133383973771213e-46
2863.5	9.28047619087876e-46
2863.625	1.011636521262756e-45
2863.75	8.694027892957691e-46
2863.875	6.9147062279724104e-46
2864.0	8.47989717189169e-46
2864.125	8.461294877730247e-46
2864.25	7.245513755700638e-46
2864.375	7.628630190006251e-46
2864.5	7.77117706602561e-46
2864.625	8.10971366598481e-46
2864.75	7.827669731887289e-46
2864.875	7.82807821562209e-46
2865.0	7.865059833417959e-46
2865.125	8.662812980796491e-46
2865.25	8.117424373168359e-46
2865.375	9.514904604451209e-46
2865.5	9.998693009040998e-46
2865.625	7.880575644037688e-46
2865.75	6.6772058728409996e-46
2865.875	7.825631389489e-46
2866.0	8.994885726756247e-46
2866.125	8.213159271320999e-46
2866.25	7.607999882556088e-46
2866.375	8.202642064650249e-46
2866.5	1.1286331628584957e-45
2866.625	5.794913617948902e-45
2866.75	5.73842110610269e-45
2866.875	9.080134787606439e-46
2867.0	7.698218153095689e-46
2867.125	7.781054176006809e-46
2867.25	2.0938778443881e-45
2867.375	1.8940717832742246e-45
2867.5	8.429736205440638e-46
2867.625	7.925971522224041e-46
2867.75	7.092198014547607e-46
2867.875	7.98052217033124e-46
2868.0	7.796112791103999e-46
2868.125	7.798729257020248e-46
2868.25	8.26911849405625e-46
2868.375	1.7451342638460901e-44
2868.5	3.8267739962816396e-44
2868.625	5.886507574569241e-45
2868.75	8.626606928193957e-46
2868.875	7.837808873115692e-46
2869.0	8.535103820100001e-46
2869.125	7.98368815887241e-46
2869.25	7.683732858852091e-46
2869.375	7.681193958110891e-46
2869.5	2.4460735851776157e-45
2869.625	1.9372998699086403e-44
2869.75	1.17786827585296e-44
2869.875	1.036393434094225e-45
2870.0	6.55906827619684e-46
2870.125	6.60880749175201e-46
2870.25	7.822748620573289e-46
2870.375	7.354859928240249e-46
2870.5	6.59654962695001e-46
2870.625	7.319943444952356e-46
2870.75	8.70417922099716e-46
2870.875	7.667508865312891e-46
2871.0	8.657012186856012e-46
2871.125	8.01847165412836e-46
2871.25	6.3792458589456086e-46
2871.375	6.363385135140009e-46
2871.5	7.98548530477201e-46
2871.625	8.325114782256247e-46
2871.75	7.117219266656888e-46
2871.875	7.06041211102096e-46
2872.0	8.223195141409959e-46
2872.125	8.36435751597601e-46
2872.25	8.431286692756839e-46
2872.375	8.09642237449369e-46
2872.5	9.171404618429289e-46
2872.625	8.622498402562807e-46
2872.75	7.745219244947557e-46
2872.875	6.757945116183041e-46
2873.0	7.05397425743761e-46
2873.125	8.461796367538889e-46
2873.25	7.909272587180409e-46
2873.375	7.57747895982841e-46
2873.5	7.89719818618116e-46
2873.625	7.758182978552251e-46
2873.75	7.093082197312811e-46
2873.875	8.537119182858012e-46
2874.0	8.850929642621437e-46
2874.125	8.274107850330009e-46
2874.25	8.10420305565924e-46
2874.375	8.832148003449e-46
2874.5	8.31293738587225e-46
2874.625	7.753746548025e-46
2874.75	7.00920700658649e-46
2874.875	7.810372124438489e-46
2875.0	7.9121251225e-46
2875.125	8.31270500024644e-46
2875.25	9.184745472590247e-46
2875.375	8.88540293242449e-46
2875.5	8.59235377922089e-46
2875.625	9.383072937672039e-46
2875.75	7.687629057774759e-46
2875.875	7.522460338268162e-46
2876.0	7.262005247796642e-46
2876.125	8.128428511392012e-46
2876.25	4.974547198420901e-45
2876.375	5.2029098691776003e-45
2876.5	9.757076871423997e-46
2876.625	8.497355592501759e-46
2876.75	6.78632770437561e-46
2876.875	7.155648005018491e-46
2877.0	8.945749600269161e-46
2877.125	8.796536116920247e-46
2877.25	7.823189980411561e-46
2877.375	7.816121888995839e-46
2877.5	7.59456977713009e-46
2877.625	7.072865784196002e-46
2877.75	8.191702273224999e-46
2877.875	7.926284024736491e-46
2878.0	7.795186382593211e-46
2878.125	8.61421091200576e-46
2878.25	6.915642391168809e-46
2878.375	7.624267410297757e-46
2878.5	7.933745936128359e-46
2878.625	8.357529458096641e-46
2878.75	8.104372725123999e-46
2878.875	8.95969881755536e-46
2879.0	8.857968822755999e-46
2879.125	9.509119346596001e-46
2879.25	9.643065092912249e-46
2879.375	8.497542154959362e-46
2879.5	7.406133347809439e-46
2879.625	8.29177479975364e-46
2879.75	7.766050247579558e-46
2879.875	8.285814638782811e-46
2880.0	8.330424054006757e-46
2880.125	7.22260572508836e-46
2880.25	7.859211354612251e-46
2880.375	7.068167784726759e-46
2880.5	7.83078846734116e-46
2880.625	8.631526698915998e-46
2880.75	7.91405710580356e-46
2880.875	8.064151665025001e-46
2881.0	7.824981839025611e-46
2881.125	7.280744639510251e-46
2881.25	8.270351025355242e-46
2881.375	8.30198016306649e-46
2881.5	8.994486844560997e-46
2881.625	8.386332954155561e-46
2881.75	6.6386001116136075e-46
2881.875	7.481812478216041e-46
2882.0	1.6135735462147212e-45
2882.125	9.809845466872895e-45
2882.25	7.054392163604042e-45
2882.375	1.2046322832429689e-45
2882.5	8.28138578095609e-46
2882.625	7.773393989712491e-46
2882.75	6.507706611828489e-46
2882.875	7.752131590225e-46
2883.0	7.813437656857291e-46
2883.125	8.553774160108959e-46
2883.25	8.512827405624999e-46
2883.375	8.44515798786916e-46
2883.5	8.22134907681025e-46
2883.625	8.17567254755689e-46
2883.75	8.449603675128039e-46
2883.875	4.303579237992241e-45
2884.0	5.071049674957808e-45
2884.125	8.836005941763997e-46
2884.25	6.12527998985809e-46
2884.375	6.80933785605264e-46
2884.5	8.365482588447359e-46
2884.625	8.01991418219209e-46
2884.75	7.22852371615396e-46
2884.875	6.8795236249171605e-46
2885.0	6.358900282596e-46
2885.125	7.165046239008159e-46
2885.25	7.935800563258092e-46
2885.375	9.227687511978809e-46
2885.5	8.30419027928064e-46
2885.625	7.614714969215288e-46
2885.75	6.831398416591359e-46
2885.875	6.31388944522116e-46
2886.0	7.614788923386491e-46
2886.125	8.547826387955557e-46
2886.25	8.00974449426064e-46
2886.375	8.40971406243049e-46
2886.5	8.347365695088641e-46
2886.625	6.8561358648217585e-46
2886.75	6.341276343358809e-46
2886.875	6.342204581827559e-46
2887.0	8.016957903782887e-46
2887.125	8.224908915264039e-46
2887.25	9.250523336969286e-46
2887.375	8.179107515413211e-46
2887.5	7.048505160584407e-46
2887.625	7.44761456541124e-46
2887.75	6.78589318764009e-46
2887.875	7.929644238213757e-46
2888.0	8.172552190809759e-46
2888.125	7.185326322006809e-46
2888.25	7.113804343846561e-46
2888.375	8.33641813596736e-46
2888.5	8.68882976266041e-46
2888.625	9.16411662933264e-46
2888.75	8.935372239206487e-46
2888.875	8.641522720820892e-46
2889.0	7.28958582588289e-46
2889.125	7.24978188325561e-46
2889.25	7.502947652970809e-46
2889.375	7.107082526285439e-46
2889.5	7.17005265518116e-46
2889.625	7.524828032164e-46
2889.75	8.349001629403209e-46
2889.875	1.9596420124083357e-45
2890.0	2.562651883060164e-45
2890.125	9.615079090924809e-46
2890.25	8.213719843297438e-46
2890.375	7.85973896871076e-46
2890.5	8.234700004918891e-46
2890.625	8.553183969139286e-46
2890.75	8.195918711052249e-46
2890.875	7.16360032599409e-46
2891.0	7.784033040143997e-46
2891.125	8.03948408672256e-46
2891.25	8.49955191228081e-46
2891.375	7.84090834630884e-46
2891.5	7.702643112204957e-46
2891.625	9.055155244862249e-46
2891.75	8.355008171109607e-46
2891.875	8.037831701448996e-46
2892.0	9.277659714810009e-46
2892.125	7.490496807879839e-46
2892.25	1.2042961976584898e-44
2892.375	3.234911599396e-44
2892.5	5.985730056250001e-45
2892.625	8.76783131554576e-46
2892.75	8.66030491132816e-46
2892.875	7.00999386290449e-46
2893.0	6.300965979756249e-46
2893.125	8.24168555888896e-46
2893.25	8.347870153677611e-46
2893.375	7.598482449690247e-46
2893.5	8.233281327530251e-46
2893.625	6.820383002347689e-46
2893.75	6.2999985964080395e-46
2893.875	6.45111029729296e-46
2894.0	7.157518490245212e-46
2894.125	7.519116248940491e-46
2894.25	7.30705938854329e-46
2894.375	8.46899222950089e-46
2894.5	1.35325851425296e-44
2894.625	3.0718924404422503e-44
2894.75	4.8198228494031346e-45
2894.875	9.424929472023042e-46
2895.0	7.19649781511521e-46
2895.125	7.59483929917696e-46
2895.25	8.498305333336087e-46
2895.375	7.29547176637161e-46
2895.5	7.49431195299081e-46
2895.625	8.292378363201002e-46
2895.75	8.680227019506248e-46
2895.875	9.854931372792247e-46
2896.0	1.1994060388833638e-45
2896.125	7.688181935600411e-46
2896.25	7.76562276395689e-46
2896.375	7.54079115171001e-46
2896.5	8.40527482389904e-46
2896.625	6.843575290119841e-46
2896.75	6.394819830563608e-46
2896.875	7.451082476822407e-46
2897.0	6.593142347232249e-46
2897.125	6.922520399264889e-46
2897.25	7.492508547678093e-46
2897.375	8.117987366947238e-46
2897.5	8.28906997655025e-46
2897.625	7.449824699306889e-46
2897.75	8.318441780406813e-46
2897.875	8.420404936283559e-46
2898.0	7.90023854813769e-46
2898.125	7.920523144437759e-46
2898.25	7.411576645725211e-46
2898.375	8.122301071218005e-46
2898.5	8.38690172181904e-46
2898.625	8.083285844544e-46
2898.75	8.918837013940836e-46
2898.875	1.0197586409956e-45
2899.0	9.408347693809e-46
2899.125	8.781363212232249e-46
2899.25	8.552512498130409e-46
2899.375	7.867767503106809e-46
2899.5	7.331409678837759e-46
2899.625	7.613665852083842e-46
2899.75	8.448505514139691e-46
2899.875	9.09238688352225e-46
2900.0	8.461565401128999e-46
2900.125	8.183752102785638e-46
2900.25	7.57870397066916e-46
2900.375	7.65328543943184e-46
2900.5	7.46706778276096e-46
2900.625	9.45876668091664e-46
2900.75	9.2711115225e-46
2900.875	7.395764010837159e-46
2901.0	7.737563370585759e-46
2901.125	8.461727135463041e-46
2901.25	8.017678800360357e-46
2901.375	8.297310207227037e-46
2901.5	7.423589564502252e-46
2901.625	7.56704203178049e-46
2901.75	8.356730421600998e-46
2901.875	7.364886295289759e-46
2902.0	6.1467400646439984e-46
2902.125	7.249320388918441e-46
2902.25	7.09948511129881e-46
2902.375	7.933793256600999e-46
2902.5	8.390175117084009e-46
2902.625	8.66198594287504e-46
2902.75	8.926778536212247e-46
2902.875	7.384080151848958e-46
2903.0	7.51521474587664e-46
2903.125	8.289193201396811e-46
2903.25	8.550199985256251e-46
2903.375	8.950239571364008e-46
2903.5	9.472957485489e-46
2903.625	8.101769803776642e-46
2903.75	8.748321147087211e-46
2903.875	8.72789026258009e-46
2904.0	9.135987438336159e-46
2904.125	8.786522546007611e-46
2904.25	8.06158076483929e-46
2904.375	8.577125540928999e-46
2904.5	8.140128254280998e-46
2904.625	7.984842151963689e-46
2904.75	9.093855422403997e-46
2904.875	8.824021152045159e-46
2905.0	7.305294873994809e-46
2905.125	7.464579143899241e-46
2905.25	7.675930125099609e-46
2905.375	7.130472182671359e-46
2905.5	7.654271436533161e-46
2905.625	8.222365849102237e-46
2905.75	7.621748292601959e-46
2905.875	6.6571327401639986e-46
2906.0	7.523917336576001e-46
2906.125	7.714764559662248e-46
2906.25	7.578189729341441e-46
2906.375	7.655871742085158e-46
2906.5	8.266568026896001e-46
2906.625	8.153971055152809e-46
2906.75	6.8957541541382385e-46
2906.875	6.7377072892483584e-46
2907.0	6.38228465817856e-46
2907.125	7.60920584174521e-46
2907.25	9.702724737448092e-46
2907.375	8.42567773972324e-46
2907.5	7.719449325066091e-46
2907.625	8.73750088221696e-46
2907.75	8.202373421257957e-46
2907.875	7.46007398154496e-46
2908.0	7.754707249256247e-46
2908.125	9.902118007521613e-46
2908.25	9.308466146288408e-46
2908.375	8.10757685073249e-46
2908.5	8.399698296662892e-46
2908.625	8.762710627193761e-46
2908.75	8.57047639941376e-46
2908.875	9.58478937594721e-46
2909.0	8.224409332893609e-46
2909.125	8.83467548205124e-46
2909.25	9.320976305150759e-46
2909.375	8.742767954215837e-46
2909.5	7.381841211679358e-46
2909.625	7.592094146000246e-46
2909.75	8.136642150400001e-46
2909.875	8.60924267763121e-46
2910.0	8.272033466664488e-46
2910.125	9.06187839526116e-46
2910.25	8.700891734310759e-46
2910.375	8.016711005572087e-46
2910.5	7.50843024295225e-46
2910.625	7.85519511548641e-46
2910.75	8.067884089684413e-46
2910.875	7.142313441614488e-46
2911.0	7.939255775892249e-46
2911.125	8.83769323714564e-46
2911.25	8.689116279722489e-46
2911.375	7.656845177100247e-46
2911.5	8.36650939156561e-46
2911.625	8.88829458177049e-46
2911.75	8.47767893534116e-46
2911.875	8.413226849469687e-46
2912.0	8.604001321260842e-46
2912.125	8.859704052150249e-46
2912.25	8.765514149053207e-46
2912.375	7.128948594082809e-46
2912.5	8.25232542913321e-46
2912.625	6.817571658304e-46
2912.75	8.878556071728357e-46
2912.875	7.907536341969638e-46
2913.0	7.573670221712038e-46
2913.125	7.530969533825439e-46
2913.25	7.47195719284161e-46
2913.375	8.67329417508849e-46
2913.5	8.983211436640362e-46
2913.625	9.114953941243237e-46
2913.75	8.56721543277636e-46
2913.875	7.716920086290251e-46
2914.0	7.039366234944157e-46
2914.125	6.89096992931649e-46
2914.25	6.96238674732225e-46
2914.375	7.908163438028489e-46
2914.5	7.67767345218225e-46
2914.625	9.176852366224e-46
2914.75	8.88876802237369e-46
2914.875	7.774178575417962e-46
2915.0	7.55485198460281e-46
2915.125	6.922499876947359e-46
2915.25	7.592078715905291e-46
2915.375	8.465799510262088e-46
2915.5	9.24821439909129e-46
2915.625	8.040746455640998e-46
2915.75	7.985769023646089e-46
2915.875	8.422126368100002e-46
2916.0	7.1468536896e-46
2916.125	8.265595100027039e-46
2916.25	7.467478223959692e-46
2916.375	7.55159138665281e-46
2916.5	7.54749849689521e-46
2916.625	8.014197503721639e-46
2916.75	9.124499808633688e-46
2916.875	9.71279289945316e-46
2917.0	8.336250096792249e-46
2917.125	9.357192232627838e-46
2917.25	8.079523139480043e-46
2917.375	8.513730158202091e-46
2917.5	8.41335621477796e-46
2917.625	8.911227988224e-46
2917.75	7.453999684561958e-46
2917.875	7.831833407805691e-46
2918.0	8.618212952448489e-46
2918.125	7.524824191765693e-46
2918.25	6.7200799499568904e-46
2918.375	8.183957504186888e-46
2918.5	7.47482380335376e-46
2918.625	8.866897988115687e-46
2918.75	9.64536130948324e-46
2918.875	8.801557501215611e-46
2919.0	8.68566129330916e-46
2919.125	8.403825293799042e-46
2919.25	7.23214516451904e-46
2919.375	7.83455270653441e-46
2919.5	7.84721165765625e-46
2919.625	9.43273503966564e-46
2919.75	8.963787499722249e-46
2919.875	8.631558428761959e-46
2920.0	8.12319655493284e-46
2920.125	7.266815203349609e-46
2920.25	7.55724786221601e-46
2920.375	8.313249929478488e-46
2920.5	9.072959667933162e-46
2920.625	8.591127965118759e-46
2920.75	7.68971090987584e-46
2920.875	7.87050313209889e-46
2921.0	7.095631189158758e-46
2921.125	6.551976548552408e-46
2921.25	8.586670397264413e-46
2921.375	8.950785264867687e-46
2921.5	8.383630702499999e-46
2921.625	6.973078898017441e-46
2921.75	7.339219017260491e-46
2921.875	8.483186915799211e-46
2922.0	8.24986084850041e-46
2922.125	7.86698830615104e-46
2922.25	8.24640473634916e-46
2922.375	7.849488709297209e-46
2922.5	7.499716350721e-46
2922.625	6.383093610962249e-46
2922.75	7.075707996412088e-46
2922.875	7.066637044236087e-46
2923.0	6.891585258452408e-46
2923.125	7.218099506434408e-46
2923.25	7.708670715470491e-46
2923.375	7.84858883100889e-46
2923.5	6.4477265735587596e-46
2923.625	7.671772097452958e-46
2923.75	8.391125222187207e-46
2923.875	8.529320834100009e-46
2924.0	8.061762480570489e-46
2924.125	7.61518022419456e-46
2924.25	8.218469996798759e-46
2924.375	8.72993830367961e-46
2924.5	8.892258396121e-46
2924.625	8.494674566406251e-46
2924.75	8.118781745625759e-46
2924.875	8.269867319201289e-46
2925.0	9.072848219265612e-46
2925.125	8.236032134861439e-46
2925.25	7.148932110751691e-46
2925.375	6.757412727605758e-46
2925.5	7.14435003992889e-46
2925.625	7.61926437090225e-46
2925.75	7.841817305300249e-46
2925.875	9.115268533990088e-46
2926.0	8.774622915601e-46
2926.125	8.260396202190248e-46
2926.25	8.137480801128999e-46
2926.375	8.98527422849809e-46
2926.5	8.565922926896036e-46
2926.625	8.702094084733442e-46
2926.75	6.92865898943716e-46
2926.875	7.608713737066093e-46
2927.0	9.410084480913207e-46
2927.125	8.041182580064409e-46
2927.25	8.936303701098011e-46
2927.375	8.950444204478489e-46
2927.5	8.28285464442601e-46
2927.625	7.24626746507664e-46
2927.75	8.057016396934561e-46
2927.875	7.956563428791611e-46
2928.0	7.322783454521639e-46
2928.125	7.34562797746761e-46
2928.25	8.221842831475359e-46
2928.375	9.793872271965692e-46
2928.5	7.762355438880161e-46
2928.625	8.078545366195242e-46
2928.75	7.089961704283239e-46
2928.875	7.332184089360362e-46
2929.0	6.89409673718544e-46
2929.125	6.985380810766408e-46
2929.25	8.438194771420411e-46
2929.375	7.984123298284814e-46
2929.5	8.622442610880161e-46
2929.625	8.70799199620249e-46
2929.75	7.50695611380625e-46
2929.875	7.932783220488091e-46
2930.0	9.842324386054408e-46
2930.125	9.66650840638081e-46
2930.25	8.40222689694025e-46
2930.375	8.571941401828841e-46
2930.5	8.90792311668736e-46
2930.625	7.867884750625001e-46
2930.75	8.975799690103211e-46
2930.875	1.007697471551001e-45
2931.0	9.631896598782087e-46
2931.125	7.747493141937607e-46
2931.25	8.59315168990084e-46
2931.375	9.800333910852252e-46
2931.5	8.31908323238041e-46
2931.625	9.87770789450041e-46
2931.75	9.360584918753292e-46
2931.875	7.776462296434809e-46
2932.0	9.095717350374491e-46
2932.125	8.322035268518441e-46
2932.25	7.507106260118008e-46
2932.375	7.976276222592039e-46
2932.5	8.622159544281959e-46
2932.625	8.218175867043213e-46
2932.75	8.46164161387801e-46
2932.875	8.842107840051242e-46
2933.0	7.58690335503556e-46
2933.125	6.782901964400251e-46
2933.25	8.05456810286041e-46
2933.375	6.690156581235689e-46
2933.5	6.42522523488784e-46
2933.625	8.865888565121641e-46
2933.75	1.0140502076640251e-45
2933.875	7.518039190358492e-46
2934.0	6.889381331121608e-46
2934.125	7.68913412986944e-46
2934.25	8.465826860568358e-46
2934.375	8.146616334292841e-46
2934.5	8.525877911992359e-46
2934.625	7.88442202699369e-46
2934.75	7.75873950176196e-46
2934.875	8.331626508062486e-46
2935.0	8.61144988753984e-46
2935.125	7.369576544172963e-46
2935.25	7.20969004949956e-46
2935.375	8.440788427112251e-46
2935.5	7.509924247860811e-46
2935.625	9.473083676406253e-46
2935.75	9.645053847811693e-46
2935.875	9.29246942536704e-46
2936.0	9.101840679320491e-46
2936.125	7.414892380899998e-46
2936.25	8.61343080730609e-46
2936.375	8.50050527451876e-46
2936.5	9.494605045424887e-46
2936.625	8.93457772503696e-46
2936.75	9.13186268736784e-46
2936.875	8.06306407936225e-46
2937.0	9.02270870654976e-46
2937.125	8.761421808906012e-46
2937.25	7.36515713825329e-46
2937.375	7.345530949696001e-46
2937.5	8.225473903275691e-46
2937.625	8.344833231306247e-46
2937.75	7.644921406014006e-46
2937.875	7.876171705723238e-46
2938.0	8.11709900813529e-46
2938.125	9.291825014250251e-46
2938.25	8.33173330726564e-46
2938.375	8.771707169166242e-46
2938.5	8.846497371358438e-46
2938.625	7.694619406373292e-46
2938.75	8.861381105971839e-46
2938.875	1.0593362411229158e-45
2939.0	8.268922378787559e-46
2939.125	7.90587957820816e-46
2939.25	9.57607631095696e-46
2939.375	9.198154859716001e-46
2939.5	8.50920228868369e-46
2939.625	8.14707244627929e-46
2939.75	9.29086605970084e-46
2939.875	8.916888168232809e-46
2940.0	9.341257595678409e-46
2940.125	9.12730804759225e-46
2940.25	9.98035951173849e-46
2940.375	9.018949564123559e-46
2940.5	8.92283272374321e-46
2940.625	7.194804102894239e-46
2940.75	7.299819424396841e-46
2940.875	7.558420100415611e-46
2941.0	8.202329316046809e-46
2941.125	7.707946079233441e-46
2941.25	8.621538810768491e-46
2941.375	8.883886346108007e-46
2941.5	1.034568247737025e-45
2941.625	9.860997349506247e-46
2941.75	8.173340086149161e-46
2941.875	8.907344707806248e-46
2942.0	9.901720260660013e-46
2942.125	9.619680016408812e-46
2942.25	8.058961446560998e-46
2942.375	7.25889846329649e-46
2942.5	6.852695165884088e-46
2942.625	6.682302550225e-46
2942.75	8.161929605662808e-46
2942.875	8.850701160163843e-46
2943.0	9.61103108765569e-46
2943.125	8.248660288713609e-46
2943.25	7.74257003324676e-46
2943.375	6.6219032549748105e-46
2943.5	8.261569447589158e-46
2943.625	8.203533373597212e-46
2943.75	8.386500918159358e-46
2943.875	8.74249119831616e-46
2944.0	9.399119216282891e-46
2944.125	8.831994060062411e-46
2944.25	7.938108462732011e-46
2944.375	7.649820567394807e-46
2944.5	7.949108836588961e-46
2944.625	6.627537419520158e-46
2944.75	7.93892949323236e-46
2944.875	9.195637769761e-46
2945.0	8.625450920979238e-46
2945.125	8.31503130953616e-46
2945.25	9.682771485911039e-46
2945.375	9.93398633223529e-46
2945.5	9.182155068890406e-46
2945.625	8.050115806710757e-46
2945.75	8.666619630091288e-46
2945.875	7.792810025160248e-46
2946.0	7.408452724517289e-46
2946.125	7.795547669780641e-46
2946.25	8.298219319569001e-46
2946.375	9.379137776428837e-46
2946.5	9.263611138647613e-46
2946.625	7.796160816192359e-46
2946.75	7.41271139427025e-46
2946.875	9.381206328500246e-46
2947.0	9.431168139828488e-46
2947.125	8.50421135844361e-46
2947.25	7.857437445166411e-46
2947.375	8.273281172093439e-46
2947.5	8.105162451674891e-46
2947.625	9.34428851528041e-46
2947.75	8.893392184476807e-46
2947.875	8.31199229436676e-46
2948.0	8.68815357754276e-46
2948.125	7.614732629880249e-46
2948.25	6.91092855936025e-46
2948.375	7.303726775664638e-46
2948.5	7.84587886166016e-46
2948.625	7.15997360548129e-46
2948.75	7.415078637321639e-46
2948.875	7.952782396596842e-46
2949.0	9.36140488466569e-46
2949.125	9.428856417122487e-46
2949.25	9.374839690896e-46
2949.375	8.581236718875039e-46
2949.5	7.709807435715998e-46
2949.625	8.48131247572249e-46
2949.75	9.09839989910916e-46
2949.875	9.39040333375225e-46
2950.0	8.31410224614225e-46
2950.125	8.488817305806249e-46
2950.25	8.208678249256811e-46
2950.375	7.952115182550249e-46
2950.5	8.113043034272159e-46
2950.625	8.801746780366444e-46
2950.75	8.140500301598437e-46
2950.875	8.47587497582736e-46
2951.0	7.17677953198144e-46
2951.125	9.302666530745287e-46
2951.25	8.219586361720405e-46
2951.375	9.10685670749761e-46
2951.5	7.221348571694887e-46
2951.625	6.7407752477800894e-46
2951.75	8.692421589655687e-46
2951.875	9.000960025600003e-46
2952.0	7.078094767867212e-46
2952.125	7.533054218880997e-46
2952.25	6.41565383797881e-46
2952.375	6.7534631010547605e-46
2952.5	8.24362980205284e-46
2952.625	7.974039589089641e-46
2952.75	8.52138301022464e-46
2952.875	8.195672507672249e-46
2953.0	7.877800654563997e-46
2953.125	8.16133252258116e-46
2953.25	7.7990057289e-46
2953.375	7.68284585894809e-46
2953.5	7.539962416560638e-46
2953.625	6.97619205400324e-46
2953.75	7.10035908957001e-46
2953.875	8.605710908820639e-46
2954.0	8.773791149833956e-46
2954.125	7.94391124653025e-46
2954.25	7.000641815430758e-46
2954.375	6.38462272731721e-46
2954.5	7.677928373556247e-46
2954.625	8.13207654105616e-46
2954.75	8.27861302311241e-46
2954.875	8.49838929088009e-46
2955.0	7.3313685225e-46
2955.125	8.186830533190439e-46
2955.25	9.20426038498576e-46
2955.375	9.747003885168639e-46
2955.5	9.985163924760999e-46
2955.625	8.252005989530251e-46
2955.75	7.995221097756839e-46
2955.875	7.353893951080959e-46
2956.0	7.480162095132252e-46
2956.125	7.66006254605124e-46
2956.25	7.203588139290007e-46
2956.375	7.58918364631729e-46
2956.5	8.72518728711184e-46
2956.625	8.25726776353444e-46
2956.75	7.422565140282249e-46
2956.875	7.52740900143376e-46
2957.0	8.03146814624025e-46
2957.125	8.253892841089211e-46
2957.25	8.349351836100248e-46
2957.375	7.353711176465289e-46
2957.5	8.181662189960249e-46
2957.625	8.35417803924025e-46
2957.75	8.232354547264e-46
2957.875	8.313614378889209e-46
2958.0	7.83972448242064e-46
2958.125	7.301617324650251e-46
2958.25	8.098672689998889e-46
2958.375	7.868643795166093e-46
2958.5	9.28284643159696e-46
2958.625	9.979281e-46
2958.75	8.583566315801759e-46
2958.875	9.305549029800038e-46
2959.0	8.416491452160999e-46
2959.125	7.842874743476891e-46
2959.25	9.054957241999362e-46
2959.375	7.92082146754116e-46
2959.5	7.76220499018756e-46
2959.625	8.205278898401642e-46
2959.75	7.13882624090724e-46
2959.875	6.374941753306089e-46
2960.0	7.649772995177291e-46
2960.125	8.283525230809956e-46
2960.25	9.042688900920958e-46
2960.375	9.667699228697759e-46
2960.5	8.105595764275838e-46
2960.625	8.261114740440248e-46
2960.75	9.50496484195129e-46
2960.875	9.32190750176401e-46
2961.0	8.81983023843601e-46
2961.125	7.552470227705639e-46
2961.25	7.93953360043684e-46
2961.375	9.508036386908162e-46
2961.5	8.699381539417958e-46
2961.625	7.851843989841639e-46
2961.75	8.306721756754562e-46
2961.875	8.372914015361437e-46
2962.0	8.497602205186091e-46
2962.125	8.031386527694007e-46
2962.25	8.121517349721761e-46
2962.375	8.507959669176489e-46
2962.5	8.978335653046412e-46
2962.625	8.375299668121e-46
2962.75	8.753018102499997e-46
2962.875	9.042009307643559e-46
2963.0	9.17300733502729e-46
2963.125	7.74891164375689e-46
2963.25	7.678744150392089e-46
2963.375	7.84218527225604e-46
2963.5	8.267306960556247e-46
2963.625	8.41537281784644e-46
2963.75	9.128311699052161e-46
2963.875	8.60069703033025e-46
2964.0	8.13462557200225e-46
2964.125	9.252670129128039e-46
2964.25	1.0226140372855686e-45
2964.375	9.358626324643839e-46
2964.5	8.649411592539239e-46
2964.625	9.493146399024999e-46
2964.75	8.768364905306249e-46
2964.875	1.022886574829604e-45
2965.0	9.212420828809e-46
2965.125	7.66830747340681e-46
2965.25	8.142807527160249e-46
2965.375	7.996711868577641e-46
2965.5	8.446737212194411e-46
2965.625	9.04488001135849e-46
2965.75	8.375215742012248e-46
2965.875	8.831553040490411e-46
2966.0	7.964650282109441e-46
2966.125	8.06398639271281e-46
2966.25	8.834844310531562e-46
2966.375	7.815118812251559e-46
2966.5	9.479915860387841e-46
2966.625	9.042733406150438e-46
2966.75	7.727244675180841e-46
2966.875	8.826044789956e-46
2967.0	8.84671985086096e-46
2967.125	8.10602510250724e-46
2967.25	8.59939320377284e-46
2967.375	8.80153376729641e-46
2967.5	9.374077921574559e-46
2967.625	8.20724577220681e-46
2967.75	8.02765575601924e-46
2967.875	7.884987552483998e-46
2968.0	6.7774421565744095e-46
2968.125	7.052631482176809e-46
2968.25	7.642131278040249e-46
2968.375	8.107429357083041e-46
2968.5	9.10483914699076e-46
2968.625	7.849668579076e-46
2968.75	7.750791859795361e-46
2968.875	7.64632495656121e-46
2969.0	7.327602123679359e-46
2969.125	7.719192048323561e-46
2969.25	7.743531711488037e-46
2969.375	7.52036779577521e-46
2969.5	7.854741643213437e-46
2969.625	8.464350589122491e-46
2969.75	6.889841197290491e-46
2969.875	7.48573485125041e-46
2970.0	7.925308249017759e-46
2970.125	8.00858134516969e-46
2970.25	9.637033004320411e-46
2970.375	9.473167393771207e-46
2970.5	8.64846226759824e-46
2970.625	8.733903890060412e-46
2970.75	9.750474006110009e-46
2970.875	9.292551731139688e-46
2971.0	7.79361457366116e-46
2971.125	7.044730395319209e-46
2971.25	8.019219804235289e-46
2971.375	9.186501506145636e-46
2971.5	8.250856402844159e-46
2971.625	8.76749435102025e-46
2971.75	8.701982577691293e-46
2971.875	9.588671447363998e-46
2972.0	8.00162968271104e-46
2972.125	8.24426664034561e-46
2972.25	9.94815630327204e-46
2972.375	9.021361260075611e-46
2972.5	8.416391073742891e-46
2972.625	7.45740791145025e-46
2972.75	7.78276141555201e-46
2972.875	8.94220747618576e-46
2973.0	7.292126675078442e-46
2973.125	8.721089016201002e-46
2973.25	8.798723897454488e-46
2973.375	8.17773195466756e-46
2973.5	7.775515306213207e-46
2973.625	7.70633423281225e-46
2973.75	7.164880280824359e-46
2973.875	7.97008614658281e-46
2974.0	8.102962472842089e-46
2974.125	7.547910043715999e-46
2974.25	9.121180384692641e-46
2974.375	9.834225051466238e-46
2974.5	8.015264802050489e-46
2974.625	8.417353686809763e-46
2974.75	9.977666184531358e-46
2974.875	9.270092134742762e-46
2975.0	8.082434070628841e-46
2975.125	7.766835019977639e-46
2975.25	9.23374144733184e-46
2975.375	8.97235286500996e-46
2975.5	8.268817133136008e-46
2975.625	7.577296180183208e-46
2975.75	7.261163413301158e-46
2975.875	7.85749462875729e-46
2976.0	7.29830486390625e-46
2976.125	7.306221974405757e-46
2976.25	9.645148259763212e-46
2976.375	9.64260364661764e-46
2976.5	8.104213873458011e-46
2976.625	7.786310952974439e-46
2976.75	8.249451269721639e-46
2976.875	8.58015464193801e-46
2977.0	9.16841398213321e-46
2977.125	9.353357922276e-46
2977.25	8.425039157427238e-46
2977.375	9.736454940438486e-46
2977.5	1.005979824324225e-45
2977.625	9.388976001420959e-46
2977.75	9.049866483360159e-46
2977.875	8.52281578475044e-46
2978.0	8.995137656910251e-46
2978.125	8.241288814460249e-46
2978.25	6.8867494700868894e-46
2978.375	6.69094704928225e-46
2978.5	7.497235419664001e-46
2978.625	8.25699707770081e-46
2978.75	9.52873676297104e-46
2978.875	9.166719625812812e-46
2979.0	7.94030567388304e-46
2979.125	7.351932361158092e-46
2979.25	8.15279062760464e-46
2979.375	7.31096272819264e-46
2979.5	8.009332995852252e-46
2979.625	8.163627269318437e-46
2979.75	9.12472152779716e-46
2979.875	9.13736095012624e-46
2980.0	1.0455343114867288e-45
2980.125	9.394377637620012e-46
2980.25	6.9463899956002504e-46
2980.375	7.25977249921225e-46
2980.5	8.624598650228889e-46
2980.625	8.928285034156957e-46
2980.75	8.24705029711684e-46
2980.875	8.46436106280625e-46
2981.0	8.01986547280689e-46
2981.125	7.894838922355359e-46
2981.25	8.300674402138811e-46
2981.375	8.858727183409959e-46
2981.5	8.049115415473692e-46
2981.625	8.666673798162251e-46
2981.75	8.847227876040997e-46
2981.875	9.998561467320038e-46
2982.0	9.961563721830251e-46
2982.125	9.19014867606564e-46
2982.25	6.948741677371561e-46
2982.375	7.354664666652247e-46
2982.5	9.01647513282916e-46
2982.625	8.150473423331559e-46
2982.75	7.96636794810025e-46
2982.875	7.318136256189161e-46
2983.0	7.182248848795242e-46
2983.125	8.00734866913081e-46
2983.25	9.034897964234487e-46
2983.375	9.566761585531238e-46
2983.5	8.913212041300087e-46
2983.625	8.59453537007844e-46
2983.75	7.802734947573758e-46
2983.875	8.768549089336959e-46
2984.0	8.71299277092841e-46
2984.125	9.104714829603998e-46
2984.25	9.4319623225e-46
2984.375	8.913964403251687e-46
2984.5	9.485077494096091e-46
2984.625	8.479703232049e-46
2984.75	7.559085985392639e-46
2984.875	7.97410736125444e-46
2985.0	7.82775366603129e-46
2985.125	8.64097066398784e-46
2985.25	9.22214027072529e-46
2985.375	6.96414788267584e-46
2985.5	7.794202517738011e-46
2985.625	9.303041687885439e-46
2985.75	7.935752673390243e-46
2985.875	7.816240987666809e-46
2986.0	9.041964804196e-46
2986.125	9.30200102669124e-46
2986.25	8.936620576607611e-46
2986.375	8.567988758501289e-46
2986.5	8.14189555476049e-46
2986.625	9.54257835052096e-46
2986.75	1.0968598150278758e-45
2986.875	1.0650709649306247e-45
2987.0	1.0272941009420412e-45
2987.125	9.67417883568964e-46
2987.25	9.668125828321e-46
2987.375	9.641711217210247e-46
2987.5	9.135794598775286e-46
2987.625	7.997443166220009e-46
2987.75	8.45748648370564e-46
2987.875	1.0163169298350759e-45
2988.0	8.607188307600999e-46
2988.125	6.879303304374758e-46
2988.25	7.874463230526759e-46
2988.375	8.371805225011839e-46
2988.5	9.25389419805796e-46
2988.625	8.30103627087361e-46
2988.75	8.012888532461159e-46
2988.875	7.16933451525769e-46
2989.0	9.753522501969001e-46
2989.125	9.45264494483716e-46
2989.25	7.983318017147557e-46
2989.375	9.349957372899998e-46
2989.5	9.024983313921e-46
2989.625	8.776024684147359e-46
2989.75	8.44201276640164e-46
2989.875	9.026442794335213e-46
2990.0	1.0620871121436839e-45
2990.125	9.884290814612642e-46
2990.25	9.07513757250961e-46
2990.375	8.39134653488041e-46
2990.5	8.298904355367611e-46
2990.625	8.872921179276011e-46
2990.75	8.70315550234321e-46
2990.875	9.74510828728336e-46
2991.0	1.1302666786747207e-45
2991.125	1.0064178863280998e-45
2991.25	8.394149115849641e-46
2991.375	8.47756072295001e-46
2991.5	8.517090078749159e-46
2991.625	8.57339364608164e-46
2991.75	8.266921675850251e-46
2991.875	9.165877955904014e-46
2992.0	1.0220406821356411e-45
2992.125	8.83426233465169e-46
2992.25	9.506027894314089e-46
2992.375	9.811696084351287e-46
2992.5	8.60531312414596e-46
2992.625	8.478962437209641e-46
2992.75	7.24797045423025e-46
2992.875	7.192353750220961e-46
2993.0	8.98435400583744e-46
2993.125	8.892926374201001e-46
2993.25	8.18203518522049e-46
2993.375	8.28603225549961e-46
2993.5	7.510663084369212e-46
2993.625	6.1954809146272914e-46
2993.75	7.009929260654409e-46
2993.875	7.739069427874891e-46
2994.0	7.703567891112041e-46
2994.125	6.8365180345369585e-46
2994.25	7.62409897756441e-46
2994.375	8.46228972700225e-46
2994.5	7.45537467739024e-46
2994.625	7.369257842261288e-46
2994.75	7.319533832017689e-46
2994.875	9.31962081026916e-46
2995.0	9.354330495225e-46
2995.125	8.01323444829649e-46
2995.25	8.510315472780249e-46
2995.375	1.0627996419696639e-45
2995.5	1.0461595644721e-45
2995.625	8.755913578944493e-46
2995.75	9.496016964096639e-46
2995.875	9.193395120545441e-46
2996.0	8.814171263688999e-46
2996.125	7.793236023114241e-46
2996.25	7.741448707246808e-46
2996.375	7.493855332586487e-46
2996.5	5.87667533841025e-46
2996.625	6.315227804336889e-46
2996.75	7.360556198190249e-46
2996.875	8.53081502738481e-46
2997.0	9.08143779659776e-46
2997.125	8.696430548635212e-46
2997.25	8.63501674389201e-46
2997.375	7.842692711168637e-46
2997.5	6.750595433204638e-46
2997.625	6.1256363850052896e-46
2997.75	8.733951766275999e-46
2997.875	9.14648484840336e-46
2998.0	6.971036233983999e-46
2998.125	7.508426954770809e-46
2998.25	7.50118812560209e-46
2998.375	7.32205121185521e-46
2998.5	8.259182230968489e-46
2998.625	7.964253489780807e-46
2998.75	9.85949135629929e-46
2998.875	9.037537258750093e-46
2999.0	7.57826791051716e-46
2999.125	8.325644536812489e-46
2999.25	8.353998837912248e-46
2999.375	7.047382181728359e-46
2999.5	6.72954936890625e-46
2999.625	9.19857157747609e-46
2999.75	1.025346042050625e-45
2999.875	8.694835818180489e-46
3000.0	8.325516424688409e-46
3000.125	7.559271844568999e-46
3000.25	7.727474843688959e-46
3000.375	7.12328609565225e-46
3000.5	8.199363083208998e-46
3000.625	8.813460531257291e-46
3000.75	8.064220954951837e-46
3000.875	7.545974387839691e-46
3001.0	7.937280149660409e-46
3001.125	9.553048348960359e-46
3001.25	4.024282657570756e-45
3001.375	3.353218564348324e-45
3001.5	9.98058570964225e-46
3001.625	9.275755500156246e-46
3001.75	8.655681150505209e-46
3001.875	8.04774458891209e-46
3002.0	8.681843981709611e-46
3002.125	9.31965683340769e-46
3002.25	7.75550592966681e-46
3002.375	9.19722925840356e-46
3002.5	9.191592345343213e-46
3002.625	9.30857964301225e-46
3002.75	9.16349605785289e-46
3002.875	9.1187692729e-46
3003.0	8.518508482822561e-46
3003.125	7.71209390211649e-46
3003.25	8.04728162088361e-46
3003.375	9.18315567053284e-46
3003.5	8.001911990978009e-46
3003.625	8.231613160609439e-46
3003.75	8.11738163658361e-46
3003.875	8.52797920911616e-46
3004.0	8.367108726620247e-46
3004.125	8.990234650384002e-46
3004.25	8.80928459232721e-46
3004.375	7.888867031141289e-46
3004.5	6.243830023496489e-46
3004.625	6.4103570885448905e-46
3004.75	7.953249970710489e-46
3004.875	9.188331669321211e-46
3005.0	1.0477333870641e-45
3005.125	9.193869947460249e-46
3005.25	7.610942679159687e-46
3005.375	8.123947864516e-46
3005.5	8.297114334029441e-46
3005.625	7.810516331846008e-46
3005.75	8.00591576004529e-46
3005.875	8.326146607339691e-46
3006.0	8.581362682453691e-46
3006.125	8.551795433632089e-46
3006.25	7.987607666707359e-46
3006.375	8.134960985536092e-46
3006.5	7.657230362334011e-46
3006.625	7.835741778360252e-46
3006.75	8.659001282447611e-46
3006.875	8.77116103893316e-46
3007.0	8.538490747244157e-46
3007.125	8.135092186588891e-46
3007.25	8.872626285981159e-46
3007.375	9.17083164791161e-46
3007.5	1.013892457855684e-45
3007.625	9.915838868306247e-46
3007.75	7.647084299030437e-46
3007.875	6.3995095875150394e-46
3008.0	7.94126771865025e-46
3008.125	8.896205198210493e-46
3008.25	7.422918231710887e-46
3008.375	8.982967466168007e-46
3008.5	9.32302072438884e-46
3008.625	9.180440657745642e-46
3008.75	9.693629435448358e-46
3008.875	8.291430985740249e-46
3009.0	7.420643990578809e-46
3009.125	8.79777768458304e-46
3009.25	9.846955508598813e-46
3009.375	7.96506232443364e-46
3009.5	8.011729117800039e-46
3009.625	7.48238416478809e-46
3009.75	7.920220324089958e-46
3009.875	9.97957605278089e-46
3010.0	1.0109271122064e-45
3010.125	9.31574720280681e-46
3010.25	8.53046103544209e-46
3010.375	8.565651911082248e-46
3010.5	9.763595730430088e-46
3010.625	9.576234132310807e-46
3010.75	8.6569527529e-46
3010.875	8.82627711320601e-46
3011.0	9.148044251987559e-46
3011.125	8.757047519514811e-46
3011.25	9.29569791389409e-46
3011.375	9.120389128003242e-46
3011.5	7.80032560057969e-46
3011.625	7.82480113339716e-46
3011.75	8.25453582181264e-46
3011.875	9.460775096071286e-46
3012.0	9.400355386800007e-46
3012.125	9.508989832224998e-46
3012.25	9.946386318036638e-46
3012.375	1.094324839297561e-45
3012.5	9.696578728488997e-46
3012.625	9.521819119280251e-46
3012.75	1.0106891082475692e-45
3012.875	9.228476118576492e-46
3013.0	7.538776783898891e-46
3013.125	8.173671150746887e-46
3013.25	9.45738828719689e-46
3013.375	8.962523495006761e-46
3013.5	8.304143019480997e-46
3013.625	7.971851267740891e-46
3013.75	8.907337544965689e-46
3013.875	9.990982205052252e-46
3014.0	8.959512038131355e-46
3014.125	8.866104737600249e-46
3014.25	1.000457153040016e-45
3014.375	9.043358295193287e-46
3014.5	9.955630328719359e-46
3014.625	9.28441985359716e-46
3014.75	8.07492186789649e-46
3014.875	8.13324577171716e-46
3015.0	9.39082009358025e-46
3015.125	9.968044442840998e-46
3015.25	8.100023370916e-46
3015.375	9.07107597623529e-46
3015.5	8.982136073249437e-46
3015.625	8.163464980812841e-46
3015.75	9.18507823927236e-46
3015.875	8.828267731848006e-46
3016.0	7.610593419884162e-46
3016.125	9.072933161160997e-46
3016.25	1.0032232716899997e-45
3016.375	8.525550885141159e-46
3016.5	7.854107700827612e-46
3016.625	7.759818623154011e-46
3016.75	9.05516547607204e-46
3016.875	8.851588926244002e-46
3017.0	8.879031040762087e-46
3017.125	9.222502260563287e-46
3017.25	1.0045417105840359e-45
3017.375	9.86807416807081e-46
3017.5	9.498982273355609e-46
3017.625	9.249584763969e-46
3017.75	8.422587226296359e-46
3017.875	8.690160986882409e-46
3018.0	8.39074169767729e-46
3018.125	8.164197577636e-46
3018.25	8.283683527693208e-46
3018.375	8.379359299771289e-46
3018.5	7.96098921800625e-46
3018.625	8.268928705050249e-46
3018.75	8.443625403788893e-46
3018.875	8.058051910772641e-46
3019.0	8.59179626038756e-46
3019.125	9.00731428547344e-46
3019.25	7.81017146595856e-46
3019.375	8.370318079760036e-46
3019.5	8.156466395827839e-46
3019.625	9.18643543211689e-46
3019.75	9.784945171246092e-46
3019.875	8.80591024960516e-46
3020.0	8.31407225861689e-46
3020.125	1.0281286331580248e-45
3020.25	1.021496252331025e-45
3020.375	9.42607830282561e-46
3020.5	8.622348059072252e-46
3020.625	8.402579957376162e-46
3020.75	8.505505616400001e-46
3020.875	9.561152910009959e-46
3021.0	9.13633020207769e-46
3021.125	7.799077779952408e-46
3021.25	6.730752583656359e-46
3021.375	8.464776524155209e-46
3021.5	9.07319702575504e-46
3021.625	8.45486700180516e-46
3021.75	7.865973556736489e-46
3021.875	8.465114603168998e-46
3022.0	1.0260273704822438e-45
3022.125	9.557303618823206e-46
3022.25	8.980040678246561e-46
3022.375	9.311838392430251e-46
3022.5	9.14854452326721e-46
3022.625	8.152268685436837e-46
3022.75	7.964303158834091e-46
3022.875	8.260468629429607e-46
3023.0	8.537914524840997e-46
3023.125	8.971536939705763e-46
3023.25	8.698525623871687e-46
3023.375	8.721819640565289e-46
3023.5	8.516734620680249e-46
3023.625	8.067169460341687e-46
3023.75	7.382765005075361e-46
3023.875	8.001997419912039e-46
3024.0	8.442889092225e-46
3024.125	8.328968871622087e-46
3024.25	1.0287856744467208e-45
3024.375	9.044973243190442e-46
3024.5	9.196932663380251e-46
3024.625	7.298240567455359e-46
3024.75	8.81637014371129e-46
3024.875	8.894452082506238e-46
3025.0	8.278840903506251e-46
3025.125	8.481886784950409e-46
3025.25	8.012909479688891e-46
3025.375	8.32647671253225e-46
3025.5	8.43260442868809e-46
3025.625	8.432047470881439e-46
3025.75	8.368342174795689e-46
3025.875	7.280327490547242e-46
3026.0	8.956212589326237e-46
3026.125	9.73398691638244e-46
3026.25	9.265459315730894e-46
3026.375	8.725768022269209e-46
3026.5	9.652150317681e-46
3026.625	9.78634097464384e-46
3026.75	9.067975870864e-46
3026.875	9.02334011265625e-46
3027.0	7.24403336926564e-46
3027.125	9.011089013625763e-46
3027.25	1.0123340885712042e-45
3027.375	8.912062660740841e-46
3027.5	8.94085289785081e-46
3027.625	8.93944759390281e-46
3027.75	9.994381041598809e-46
3027.875	1.0618754201449e-45
3028.0	1.0325733903423999e-45
3028.125	9.608243620258892e-46
3028.25	9.94497599350336e-46
3028.375	9.316574359480959e-46
3028.5	8.261639005664888e-46
3028.625	9.250867634271211e-46
3028.75	8.29254595961961e-46
3028.875	8.152551354449289e-46
3029.0	9.17499366223504e-46
3029.125	8.56508999130625e-46
3029.25	8.25788328860089e-46
3029.375	8.197015792457612e-46
3029.5	8.06343890478025e-46
3029.625	8.425682964587291e-46
3029.75	9.479280376335999e-46
3029.875	8.851152177849962e-46
3030.0	8.412938536643559e-46
3030.125	7.420867912128999e-46
3030.25	7.82099728874116e-46
3030.375	9.500008621030557e-46
3030.5	1.031495072908609e-45
3030.625	8.633993574609636e-46
3030.75	9.624604064141157e-46
3030.875	9.317652465288998e-46
3031.0	8.84297376431044e-46
3031.125	8.881930593946241e-46
3031.25	7.802023221384039e-46
3031.375	8.148598430625003e-46
3031.5	9.303726140400999e-46
3031.625	7.90666688489616e-46
3031.75	8.204809129454438e-46
3031.875	8.01221766951321e-46
3032.0	9.31555369617664e-46
3032.125	9.14082299634436e-46
3032.25	7.94810008140625e-46
3032.375	8.042581207080251e-46
3032.5	8.86336019788816e-46
3032.625	9.645661943411562e-46
3032.75	8.584124153529761e-46
3032.875	9.45673695268864e-46
3033.0	9.609183477344893e-46
3033.125	9.149678804460959e-46
3033.25	8.181888160000002e-46
3033.375	8.51934382047225e-46
3033.5	8.531208165658238e-46
3033.625	7.815955264209e-46
3033.75	9.056420347687688e-46
3033.875	8.934786961609957e-46
3034.0	7.833387794761001e-46
3034.125	7.387953450240999e-46
3034.25	7.757995246996837e-46
3034.375	8.399085623429761e-46
3034.5	9.156122855553959e-46
3034.625	1.067857500691921e-45
3034.75	9.87828870765025e-46
3034.875	1.0702032443095205e-45
3035.0	9.309618841422239e-46
3035.125	9.31795588456929e-46
3035.25	8.000620428954241e-46
3035.375	8.639247584044092e-46
3035.5	9.033629556640093e-46
3035.625	8.411064333672251e-46
3035.75	9.83966919853009e-46
3035.875	9.76649626943236e-46
3036.0	9.27615204314176e-46
3036.125	9.624825573534092e-46
3036.25	8.839610813792888e-46
3036.375	8.110700728212641e-46
3036.5	8.097075127295999e-46
3036.625	9.23026063246336e-46
3036.75	8.97558637874089e-46
3036.875	9.170382248043212e-46
3037.0	9.77030743615081e-46
3037.125	9.503230418360999e-46
3037.25	1.0573324621892006e-45
3037.375	1.001197052323204e-45
3037.5	1.0418452693063842e-45
3037.625	1.0355328990118086e-45
3037.75	8.58564599420529e-46
3037.875	8.683992700182251e-46
3038.0	9.971460217091611e-46
3038.125	8.55174922903876e-46
3038.25	9.573780930917288e-46
3038.375	8.782044200161961e-46
3038.5	7.170379337740959e-46
3038.625	7.648773459650559e-46
3038.75	8.6121706225e-46
3038.875	8.334369443988638e-46
3039.0	7.527381016613288e-46
3039.125	8.547792473456637e-46
3039.25	8.156166523540088e-46
3039.375	8.890282043637758e-46
3039.5	1.081878269718724e-45
3039.625	1.013006115651049e-45
3039.75	9.127066961932962e-46
3039.875	8.82254842700625e-46
3040.0	1.0735174404597759e-45
3040.125	1.0667662660865439e-45
3040.25	9.266029146634088e-46
3040.375	7.529121661700251e-46
3040.5	8.247354707312641e-46
3040.625	9.807223580211693e-46
3040.75	1.016270832274009e-45
3040.875	9.805902068981288e-46
3041.0	9.403043234419239e-46
3041.125	8.842112597760998e-46
3041.25	8.746692090872493e-46
3041.375	8.42468968899856e-46
3041.5	8.913242493429161e-46
3041.625	9.400711046152407e-46
3041.75	8.263071622224806e-46
3041.875	7.74714521685636e-46
3042.0	8.89105669515625e-46
3042.125	7.81735150063729e-46
3042.25	8.067314883143607e-46
3042.375	7.747575531740893e-46
3042.5	7.16648640846436e-46
3042.625	8.498523973639842e-46
3042.75	9.319916324174439e-46
3042.875	9.478323495769958e-46
3043.0	9.543728768414759e-46
3043.125	9.987736274244e-46
3043.25	9.748464420459609e-46
3043.375	1.0506278512921e-45
3043.5	8.370335438670238e-46
3043.625	8.064876384230763e-46
3043.75	8.290255621824157e-46
3043.875	8.793536665944043e-46
3044.0	7.704000324785609e-46
3044.125	8.97211083924324e-46
3044.25	8.780191548065437e-46
3044.375	7.207107227551361e-46
3044.5	8.097909459942759e-46
3044.625	9.282068301211689e-46
3044.75	9.061024695592959e-46
3044.875	1.0144532036323239e-45
3045.0	8.220744089856001e-46
3045.125	7.156494401406248e-46
3045.25	7.84038584474721e-46
3045.375	8.823292794247838e-46
3045.5	9.593099417074409e-46
3045.625	9.203344184361963e-46
3045.75	8.17596191262321e-46
3045.875	8.65220575695424e-46
3046.0	9.09183749350276e-46
3046.125	9.372960430146812e-46
3046.25	8.30594532681369e-46
3046.375	8.714674184731287e-46
3046.5	8.654700885901289e-46
3046.625	8.62312151983104e-46
3046.75	9.189554506612837e-46
3046.875	9.679299745343287e-46
3047.0	8.26109002220544e-46
3047.125	7.81656753515625e-46
3047.25	7.43116813908561e-46
3047.375	7.229047463245443e-46
3047.5	7.639641825696038e-46
3047.625	8.47001314204369e-46
3047.75	8.798906620284009e-46
3047.875	9.530759384371838e-46
3048.0	8.71855008350481e-46
3048.125	8.435725242624e-46
3048.25	9.68481038903184e-46
3048.375	8.281116426710407e-46
3048.5	7.20338147661456e-46
3048.625	8.27580850967025e-46
3048.75	7.390399923841002e-46
3048.875	7.972154508800161e-46
3049.0	9.411464945283208e-46
3049.125	8.904668393574809e-46
3049.25	9.291667725241687e-46
3049.375	9.84424635793764e-46
3049.5	9.80642753126656e-46
3049.625	9.46758376374721e-46
3049.75	8.200761080548411e-46
3049.875	7.66821886019401e-46
3050.0	9.040495049170559e-46
3050.125	9.488891267539357e-46
3050.25	7.928013879794409e-46
3050.375	8.351870535576088e-46
3050.5	8.817538280356001e-46
3050.625	1.023581354797764e-45
3050.75	9.47683100629444e-46
3050.875	7.344860987712159e-46
3051.0	7.701621257220249e-46
3051.125	7.685231450625e-46
3051.25	8.05243799805124e-46
3051.375	1.0543304479070247e-45
3051.5	9.18035521408201e-46
3051.625	7.50197364252361e-46
3051.75	8.047993666681958e-46
3051.875	8.36814777918001e-46
3052.0	1.1014831035828013e-45
3052.125	9.72659345375169e-46
3052.25	7.925569501025439e-46
3052.375	8.769040651043562e-46
3052.5	7.962328933248009e-46
3052.625	9.86609584556964e-46
3052.75	8.622732729601e-46
3052.875	8.528831365305689e-46
3053.0	8.96811249495249e-46
3053.125	8.55982113437584e-46
3053.25	7.99237849932025e-46
3053.375	8.481693987291041e-46
3053.5	8.780125766507287e-46
3053.625	9.048353371913609e-46
3053.75	9.653224054510439e-46
3053.875	9.29078071331524e-46
3054.0	9.394198028019361e-46
3054.125	9.611610207444086e-46
3054.25	1.0070268906139689e-45
3054.375	1.1776367911243688e-45
3054.5	9.379421982089638e-46
3054.625	9.31127630899456e-46
3054.75	9.135667652212887e-46
3054.875	8.987614264225e-46
3055.0	8.478237980473959e-46
3055.125	8.275051936321e-46
3055.25	8.688211939475292e-46
3055.375	8.755836052286438e-46
3055.5	8.841125400409e-46
3055.625	8.977474512043558e-46
3055.75	7.879702056312489e-46
3055.875	9.311630279212959e-46
3056.0	1.029659895362596e-45
3056.125	8.72359878276121e-46
3056.25	7.853330301544361e-46
3056.375	7.650385360488998e-46
3056.5	8.69778122984001e-46
3056.625	9.279311288894439e-46
3056.75	8.78608384886241e-46
3056.875	7.36013134311844e-46
3057.0	8.443778249124e-46
3057.125	8.946094160404839e-46
3057.25	9.91141383830404e-46
3057.375	8.80314181267921e-46
3057.5	8.070373610104091e-46
3057.625	8.601881879712248e-46
3057.75	8.764253544883238e-46
3057.875	8.435778684257438e-46
3058.0	8.26430370280804e-46
3058.125	8.936029279488637e-46
3058.25	8.834882951079608e-46
3058.375	7.962602646310557e-46
3058.5	9.575066903960249e-46
3058.625	1.0966219681700887e-45
3058.75	9.428979243294487e-46
3058.875	8.67497764489225e-46
3059.0	8.13765595336929e-46
3059.125	8.232971438540248e-46
3059.25	8.701170780760091e-46
3059.375	7.97430107828025e-46
3059.5	8.426797058709159e-46
3059.625	9.168701032987687e-46
3059.75	1.0524463804448996e-45
3059.875	9.162066704368359e-46
3060.0	8.579903319267842e-46
3060.125	8.998326077840999e-46
3060.25	9.31336971338596e-46
3060.375	1.0026486030491287e-45
3060.5	9.155670185222442e-46
3060.625	1.0005910789586407e-45
3060.75	9.822802198225e-46
3060.875	9.37645089822081e-46
3061.0	8.674658962950758e-46
3061.125	7.645582795186089e-46
3061.25	7.92634145830081e-46
3061.375	8.78503872668356e-46
3061.5	9.287483594891291e-46
3061.625	8.32652922987076e-46
3061.75	8.469764019738809e-46
3061.875	9.503974604192892e-46
3062.0	9.669913793552251e-46
3062.125	8.623312981684838e-46
3062.25	8.54127979819024e-46
3062.375	8.75910430574656e-46
3062.5	8.352989565685208e-46
3062.625	8.822499120468643e-46
3062.75	7.692222928104487e-46
3062.875	8.178588735258238e-46
3063.0	9.908880926406251e-46
3063.125	9.456670528900002e-46
3063.25	8.799049003024809e-46
3063.375	8.24711864533209e-46
3063.5	8.96181039856089e-46
3063.625	9.09942609215025e-46
3063.75	8.654528492164001e-46
3063.875	9.77188975440484e-46
3064.0	9.28380314403556e-46
3064.125	8.714028875771561e-46
3064.25	9.384620520115838e-46
3064.375	9.02600115236416e-46
3064.5	8.643581184010241e-46
3064.625	1.1012428312304409e-45
3064.75	1.0432911628003239e-45
3064.875	9.429118037831607e-46
3065.0	8.288107817774761e-46
3065.125	8.14510366378384e-46
3065.25	8.170710676470248e-46
3065.375	9.060731509004012e-46
3065.5	9.494664823353959e-46
3065.625	9.118905765206762e-46
3065.75	8.99219809156036e-46
3065.875	8.110654022241e-46
3066.0	1.0805645051074807e-45
3066.125	9.509101461225611e-46
3066.25	9.184316339757687e-46
3066.375	9.43060185211225e-46
3066.5	9.87730623825124e-46
3066.625	1.1071042411269759e-45
3066.75	1.0011388324452839e-45
3066.875	7.929054586649289e-46
3067.0	8.864786305116812e-46
3067.125	9.609654663102489e-46
3067.25	8.987964426443559e-46
3067.375	9.262826510516639e-46
3067.5	9.413093409852247e-46
3067.625	9.274290009309612e-46
3067.75	9.687196227961212e-46
3067.875	1.1045755278740248e-45
3068.0	1.0761642196233638e-45
3068.125	8.19933960291121e-46
3068.25	7.597420669695607e-46
3068.375	9.22044885196864e-46
3068.5	8.243729144910248e-46
3068.625	8.286730605691237e-46
3068.75	8.79268858491024e-46
3068.875	8.566291702599838e-46
3069.0	7.895638042756841e-46
3069.125	7.45495473960169e-46
3069.25	7.253193735165158e-46
3069.375	9.07875413402841e-46
3069.5	8.96006519823424e-46
3069.625	9.347209251184359e-46
3069.75	9.290208902643358e-46
3069.875	9.255502280424492e-46
3070.0	9.440033187817688e-46
3070.125	8.50170769505344e-46
3070.25	8.77470526492641e-46
3070.375	9.421553383134007e-46
3070.5	1.010615162950276e-45
3070.625	8.348279279053211e-46
3070.75	7.991450678757161e-46
3070.875	8.232264454379292e-46
3071.0	8.258250545575842e-46
3071.125	8.83320781228369e-46
3071.25	8.06950035941956e-46
3071.375	8.959922117306411e-46
3071.5	8.739700821102251e-46
3071.625	8.601244279828836e-46
3071.75	9.638220767942558e-46
3071.875	1.1022989639885437e-45
3072.0	1.016621850402064e-45
3072.125	1.0191751687775291e-45
3072.25	1.050447835035769e-45
3072.375	9.44617358298384e-46
3072.5	7.798486859444407e-46
3072.625	8.510005664233959e-46
3072.75	9.33798147888321e-46
3072.875	9.764846890500247e-46
3073.0	6.87865285478596e-46
3073.125	7.818294883537959e-46
3073.25	8.124934082328999e-46
3073.375	8.09860894383025e-46
3073.5	7.397208144004807e-46
3073.625	8.847346853600999e-46
3073.75	9.978946780598406e-46
3073.875	1.0289461182960998e-45
3074.0	9.52749341423044e-46
3074.125	8.54513448771844e-46
3074.25	7.679839864505763e-46
3074.375	8.029125745469442e-46
3074.5	1.0741834509686438e-45
3074.625	9.83197732608256e-46
3074.75	9.444876626203239e-46
3074.875	8.367359227265442e-46
3075.0	7.703546241991691e-46
3075.125	8.206813761663689e-46
3075.25	9.706038048852251e-46
3075.375	8.70652898621584e-46
3075.5	8.240104379587237e-46
3075.625	7.88546155372096e-46
3075.75	8.810619075399691e-46
3075.875	9.23738521666489e-46
3076.0	9.656966444356e-46
3076.125	8.87615281594129e-46
3076.25	9.718653493100247e-46
3076.375	9.527389085279607e-46
3076.5	8.693444676839037e-46
3076.625	7.79738829830416e-46
3076.75	9.080257731731558e-46
3076.875	9.008226078818492e-46
3077.0	8.871581986104009e-46
3077.125	8.93385318760704e-46
3077.25	1.0298064158164093e-45
3077.375	1.066094004699025e-45
3077.5	9.621563376360252e-46
3077.625	9.787671178445159e-46
3077.75	8.757992723368358e-46
3077.875	7.825924003716091e-46
3078.0	8.215902129260248e-46
3078.125	8.992309643524e-46
3078.25	1.005161623952656e-45
3078.375	9.932501248886411e-46
3078.5	9.689667651893611e-46
3078.625	9.840481652897639e-46
3078.75	1.092044130380281e-45
3078.875	1.0422396101176959e-45
3079.0	9.36069138991009e-46
3079.125	9.369433880399608e-46
3079.25	9.511172575557208e-46
3079.375	8.86266475171984e-46
3079.5	8.398157671806251e-46
3079.625	8.29103592517281e-46
3079.75	8.77427456445604e-46
3079.875	9.90153964090944e-46
3080.0	1.146648724288804e-45
3080.125	8.81899098729796e-46
3080.25	6.455555386062248e-46
3080.375	8.77496771895184e-46
3080.5	1.068508416674209e-45
3080.625	1.0422786092355999e-45
3080.75	1.063484625876544e-45
3080.875	9.652086939248641e-46
3081.0	8.955630220696809e-46
3081.125	8.17266597015625e-46
3081.25	8.56777508060644e-46
3081.375	8.58291416085321e-46
3081.5	9.036702743098809e-46
3081.625	9.60176940305284e-46
3081.75	8.757681990111607e-46
3081.875	7.939038253374009e-46
3082.0	8.75738842623225e-46
3082.125	1.0448259777178243e-45
3082.25	9.72912604253209e-46
3082.375	8.8907734276e-46
3082.5	8.531320909806248e-46
3082.625	9.476936905139558e-46
3082.75	7.888615934224e-46
3082.875	9.20273138688016e-46
3083.0	9.601651034139608e-46
3083.125	1.0127025016021686e-45
3083.25	9.629621225201606e-46
3083.375	8.192031419756251e-46
3083.5	9.099006196644806e-46
3083.625	8.63094323270089e-46
3083.75	8.449345551465638e-46
3083.875	7.716817303055997e-46
3084.0	7.958563457774757e-46
3084.125	7.88103603751489e-46
3084.25	7.49960845180569e-46
3084.375	8.621968095233441e-46
3084.5	1.0073867827734487e-45
3084.625	9.33900398126656e-46
3084.75	8.87200851530889e-46
3084.875	9.086609168640091e-46
3085.0	1.080922247173924e-45
3085.125	1.0443230157841689e-45
3085.25	8.782314469009e-46
3085.375	7.528510876494241e-46
3085.5	8.022388926876844e-46
3085.625	8.077318117081288e-46
3085.75	7.462223680190412e-46
3085.875	8.506058578619037e-46
3086.0	9.158481400582892e-46
3086.125	9.972326094200997e-46
3086.25	9.689448510386412e-46
3086.375	9.759762755031608e-46
3086.5	1.054836788019001e-45
3086.625	1.0055197240247611e-45
3086.75	1.0529636252588013e-45
3086.875	1.0273494224532637e-45
3087.0	7.868058660035999e-46
3087.125	8.90621241785284e-46
3087.25	9.276963429396643e-46
3087.375	9.19344909131401e-46
3087.5	1.0625116677084808e-45
3087.625	8.328623132973164e-46
3087.75	7.80429259034896e-46
3087.875	8.904686297998413e-46
3088.0	9.172417354280011e-46
3088.125	9.090797256006007e-46
3088.25	8.68333791990016e-46
3088.375	7.999174546273442e-46
3088.5	9.365337548599213e-46
3088.625	9.055872045365762e-46
3088.75	9.76705380225796e-46
3088.875	8.864287898861157e-46
3089.0	7.701970933806249e-46
3089.125	8.93088181545561e-46
3089.25	8.433685873744811e-46
3089.375	9.216581339453289e-46
3089.5	7.985988315790809e-46
3089.625	7.839156102710491e-46
3089.75	7.643503054969957e-46
3089.875	7.617198149299841e-46
3090.0	8.670169174128009e-46
3090.125	1.0625373536622246e-45
3090.25	1.0291532832155613e-45
3090.375	9.46412190298969e-46
3090.5	9.09068750688289e-46
3090.625	8.69232606528001e-46
3090.75	1.0163238796272248e-45
3090.875	9.019888975969e-46
3091.0	8.749055277552037e-46
3091.125	8.94512151292816e-46
3091.25	8.52179694941689e-46
3091.375	1.0488295486670439e-45
3091.5	9.795028975341213e-46
3091.625	7.785537474357762e-46
3091.75	8.986283829911608e-46
3091.875	9.270745535142011e-46
3092.0	8.898834897372251e-46
3092.125	9.741537996049687e-46
3092.25	9.65653822650841e-46
3092.375	7.717830720082561e-46
3092.5	7.22875708777104e-46
3092.625	8.480450465913691e-46
3092.75	9.722033753909759e-46
3092.875	9.521632124081636e-46
3093.0	8.46367621390404e-46
3093.125	7.77741771072484e-46
3093.25	9.43499747706481e-46
3093.375	9.491010087952889e-46
3093.5	8.468531267490808e-46
3093.625	8.47758518061849e-46
3093.75	1.0210069902399996e-45
3093.875	9.276527274416639e-46
3094.0	8.125818308840409e-46
3094.125	8.020154899348839e-46
3094.25	8.17341613320969e-46
3094.375	8.014964705683689e-46
3094.5	8.338374097950485e-46
3094.625	9.115334351585438e-46
3094.75	9.041503538426487e-46
3094.875	8.093490148836001e-46
3095.0	7.674399197224361e-46
3095.125	9.041965405593213e-46
3095.25	8.995568345677687e-46
3095.375	9.076167273156837e-46
3095.5	9.74075273212041e-46
3095.625	8.425336385449e-46
3095.75	7.230667757898009e-46
3095.875	9.741594176717293e-46
3096.0	1.062197137745956e-45
3096.125	9.990032075681442e-46
3096.25	8.17912067102244e-46
3096.375	8.60298233767281e-46
3096.5	1.0334718505896489e-45
3096.625	9.0555253776e-46
3096.75	7.628045210150559e-46
3096.875	9.978028811683237e-46
3097.0	7.951149661150887e-46
3097.125	6.3178315527820915e-46
3097.25	7.737353635778011e-46
3097.375	7.967079792322559e-46
3097.5	9.46351832660224e-46
3097.625	1.111394973683281e-45
3097.75	9.194832373723237e-46
3097.875	8.18345973922009e-46
3098.0	9.392774697979559e-46
3098.125	1.0248146899765287e-45
3098.25	1.1448262403489609e-45
3098.375	9.617993461521002e-46
3098.5	9.286991728883559e-46
3098.625	9.920575443330249e-46
3098.75	9.780805895184003e-46
3098.875	7.74113597472609e-46
3099.0	8.274004872848997e-46
3099.125	9.987395592712809e-46
3099.25	9.159763990704039e-46
3099.375	8.936103414758557e-46
3099.5	9.237046033150807e-46
3099.625	1.0501328274970088e-45
3099.75	1.0032811720489959e-45
3099.875	9.202531170342762e-46
3100.0	8.718763861678089e-46
3100.125	9.348144203202251e-46
3100.25	9.060093980001e-46
3100.375	7.996323327284407e-46
3100.5	8.650756264602237e-46
3100.625	9.693831188667238e-46
3100.75	1.0253491801134757e-45
3100.875	8.759800412415996e-46
3101.0	9.29056125298084e-46
3101.125	1.2808263951632246e-45
3101.25	1.3414585286093288e-45
3101.375	9.29961431382361e-46
3101.5	8.289445412116089e-46
3101.625	9.18695796900025e-46
3101.75	8.112289950547238e-46
3101.875	8.14237207964964e-46
3102.0	8.42374813405636e-46
3102.125	8.746865400100002e-46
3102.25	8.043933442252411e-46
3102.375	8.903066020560361e-46
3102.5	9.41143426719721e-46
3102.625	8.49974724514276e-46
3102.75	7.45867342967184e-46
3102.875	7.347833228307687e-46
3103.0	9.58381418245696e-46
3103.125	9.760477553481692e-46
3103.25	8.528579043203612e-46
3103.375	8.17168429200964e-46
3103.5	8.12077185193024e-46
3103.625	8.717795975353959e-46
3103.75	9.400226615245207e-46
3103.875	8.13666268826896e-46
3104.0	7.661432609798489e-46
3104.125	8.592720778356492e-46
3104.25	9.600549184710087e-46
3104.375	9.122621647276836e-46
3104.5	8.514407691737642e-46
3104.625	9.936136622030438e-46
3104.75	9.61049104627264e-46
3104.875	8.14893584488281e-46
3105.0	8.442060416901761e-46
3105.125	9.030820741529759e-46
3105.25	9.466230572175999e-46
3105.375	9.14199731461696e-46
3105.5	8.274480070368161e-46
3105.625	8.97260807393344e-46
3105.75	1.0047887527504088e-45
3105.875	1.0596694880792253e-45
3106.0	1.0012619188547287e-45
3106.125	9.93599477516569e-46
3106.25	8.72266961315556e-46
3106.375	9.187615707664e-46
3106.5	8.82805142689369e-46
3106.625	7.59007238607396e-46
3106.75	7.807670996841e-46
3106.875	1.0095124084806247e-45
3107.0	1.0053559806078011e-45
3107.125	1.009403049378816e-45
3107.25	8.027354294473959e-46
3107.375	8.35368206091169e-46
3107.5	7.39047441172329e-46
3107.625	7.484384419056087e-46
3107.75	7.512269685903998e-46
3107.875	7.68879084511561e-46
3108.0	7.35848467081729e-46
3108.125	8.104689863751687e-46
3108.25	8.290905200206242e-46
3108.375	9.529395511389611e-46
3108.5	1.0362527551744001e-45
3108.625	1.014457216797025e-45
3108.75	9.08363781577476e-46
3108.875	9.410838508680999e-46
3109.0	9.579804955875999e-46
3109.125	1.043525286464164e-45
3109.25	7.706282043564811e-46
3109.375	8.274749891982251e-46
3109.5	8.912162967365157e-46
3109.625	9.23226591006736e-46
3109.75	9.36991445619856e-46
3109.875	9.087324801360997e-46
3110.0	8.26947564836416e-46
3110.125	8.606619159615999e-46
3110.25	8.56552723354084e-46
3110.375	8.412919973411561e-46
3110.5	9.295802795823608e-46
3110.625	8.900763868859039e-46
3110.75	9.498311632875609e-46
3110.875	9.330791928590248e-46
3111.0	9.516235974696093e-46
3111.125	1.044615108096036e-45
3111.25	9.33463444337956e-46
3111.375	8.090920833679359e-46
3111.5	8.086398214476489e-46
3111.625	9.246969419689002e-46
3111.75	9.03063021714049e-46
3111.875	1.0985697460130408e-45
3112.0	9.55551373056036e-46
3112.125	8.392732412653693e-46
3112.25	9.12564105672976e-46
3112.375	9.38104338423121e-46
3112.5	8.02959895883209e-46
3112.625	8.383707721646891e-46
3112.75	8.659160184554008e-46
3112.875	9.16411481299521e-46
3113.0	9.532285753599999e-46
3113.125	9.918933890469208e-46
3113.25	9.258738338306246e-46
3113.375	8.255336278742008e-46
3113.5	1.0005016253198487e-45
3113.625	9.89790871527364e-46
3113.75	7.750872596713212e-46
3113.875	8.41630868265625e-46
3114.0	9.337432663273686e-46
3114.125	9.66928938621361e-46
3114.25	8.07603526109956e-46
3114.375	9.764893763689002e-46
3114.5	9.24329883006436e-46
3114.625	8.52192773060281e-46
3114.75	1.0649523058304491e-45
3114.875	1.0886599285534088e-45
3115.0	9.410621929671691e-46
3115.125	7.812785817523211e-46
3115.25	8.879656207575039e-46
3115.375	1.075217677222144e-45
3115.5	1.013452135266169e-45
3115.625	8.86056607490209e-46
3115.75	9.788789345356809e-46
3115.875	9.086506076442239e-46
3116.0	8.027167867140492e-46
3116.125	9.94334566691041e-46
3116.25	1.100094930247041e-45
3116.375	9.27059877684964e-46
3116.5	9.361275768248042e-46
3116.625	1.0313957056225004e-45
3116.75	1.145858787487296e-45
3116.875	1.020418561008081e-45
3117.0	9.457489156869613e-46
3117.125	8.104635773241641e-46
3117.25	8.06226107362641e-46
3117.375	8.703110070691557e-46
3117.5	9.859799077004891e-46
3117.625	8.404187664605287e-46
3117.75	9.663188171775606e-46
3117.875	1.1183077711498813e-45
3118.0	9.542561669353687e-46
3118.125	8.911187389985439e-46
3118.25	8.78456450002756e-46
3118.375	9.26185992356416e-46
3118.5	9.90034142476864e-46
3118.625	8.632073165521002e-46
3118.75	9.563927972112009e-46
3118.875	1.1059108544366441e-45
3119.0	9.556901111206437e-46
3119.125	9.357660870064359e-46
3119.25	1.055565790838784e-45
3119.375	9.81650547677809e-46
3119.5	9.760077663011292e-46
3119.625	8.957848470122249e-46
3119.75	9.070002594380247e-46
3119.875	8.720878753259559e-46
3120.0	9.06680872544164e-46
3120.125	8.62361838536004e-46
3120.25	8.51715720220561e-46
3120.375	9.97155242395225e-46
3120.5	1.0256362371091361e-45
3120.625	9.145646527329e-46
3120.75	9.618359417103998e-46
3120.875	8.92391409072241e-46
3121.0	9.523518823196007e-46
3121.125	1.2062618104384e-45
3121.25	1.1163598061048413e-45
3121.375	1.0473638984520042e-45
3121.5	9.62068308735076e-46
3121.625	8.146753337803239e-46
3121.75	7.103044244623689e-46
3121.875	8.73608091287044e-46
3122.0	9.256156991884891e-46
3122.125	8.824351477561002e-46
3122.25	7.77051472663449e-46
3122.375	8.565816393170561e-46
3122.5	9.372659790399996e-46
3122.625	7.664428355676157e-46
3122.75	7.442009643222088e-46
3122.875	8.237339689867559e-46
3123.0	9.93904186852516e-46
3123.125	9.14447620827225e-46
3123.25	9.82929218296804e-46
3123.375	9.72430816895329e-46
3123.5	9.435835440180249e-46
3123.625	7.98560286098481e-46
3123.75	7.64117425870276e-46
3123.875	8.249363381070249e-46
3124.0	8.423437583392812e-46
3124.125	8.962995914571689e-46
3124.25	9.573124362971561e-46
3124.375	9.701525530419836e-46
3124.5	9.30692180533504e-46
3124.625	9.53895084876864e-46
3124.75	8.45858464653316e-46
3124.875	7.961042827024e-46
3125.0	8.823127640625e-46
3125.125	7.889164757496493e-46
3125.25	8.239263327496891e-46
3125.375	8.535491214069689e-46
3125.5	8.56655277718276e-46
3125.625	8.212221015227291e-46
3125.75	6.9218410740966395e-46
3125.875	7.693659106029157e-46
3126.0	8.779233887719839e-46
3126.125	8.912361791092412e-46
3126.25	9.57861522638244e-46
3126.375	1.1686910057711294e-45
3126.5	1.0293371763912252e-45
3126.625	9.31229185538304e-46
3126.75	8.884004973783038e-46
3126.875	8.596899610208998e-46
3127.0	8.927809347135999e-46
3127.125	9.376881434296358e-46
3127.25	1.2222652280280997e-45
3127.375	1.0918004620992157e-45
3127.5	8.112924543744159e-46
3127.625	9.208297064709758e-46
3127.75	1.0674840881406245e-45
3127.875	1.0944086009314089e-45
3128.0	1.1441296102502251e-45
3128.125	9.9926164321e-46
3128.25	8.461457773022246e-46
3128.375	9.26924938575364e-46
3128.5	9.445448874356011e-46
3128.625	8.721595193284088e-46
3128.75	1.0682700033600004e-45
3128.875	1.121395108868644e-45
3129.0	1.0653109140882007e-45
3129.125	8.205498892385639e-46
3129.25	7.50228807993025e-46
3129.375	7.94079486101056e-46
3129.5	8.945883595089003e-46
3129.625	9.562392268419237e-46
3129.75	9.462575776899999e-46
3129.875	1.009282449870436e-45
3130.0	1.0442522449716638e-45
3130.125	8.499048138781288e-46
3130.25	8.954979043666409e-46
3130.375	9.521064978257287e-46
3130.5	8.836813302612841e-46
3130.625	8.558872058025001e-46
3130.75	9.324171266760362e-46
3130.875	9.633032524141289e-46
3131.0	8.254731191783042e-46
3131.125	8.748219992121e-46
3131.25	9.471365705410562e-46
3131.375	1.0145058850134809e-45
3131.5	9.09436989138129e-46
3131.625	8.980067048975998e-46
3131.75	9.11133500560144e-46
3131.875	9.604683615477759e-46
3132.0	1.0334677356936484e-45
3132.125	1.0104953811240997e-45
3132.25	9.86577671907556e-46
3132.375	8.475802192593609e-46
3132.5	7.748971771506249e-46
3132.625	8.52984770045409e-46
3132.75	1.1528968652922251e-45
3132.875	1.0408520652931206e-45
3133.0	9.34597902585636e-46
3133.125	8.297351110451289e-46
3133.25	7.541585330308091e-46
3133.375	1.0688556573161638e-45
3133.5	9.559640927315609e-46
3133.625	9.721077169641638e-46
3133.75	9.67033608842896e-46
3133.875	8.47644444263556e-46
3134.0	7.81671124057924e-46
3134.125	9.077108454976e-46
3134.25	9.783665198802007e-46
3134.375	8.564364205542247e-46
3134.5	9.899338352097959e-46
3134.625	8.86826065140625e-46
3134.75	8.303547672791291e-46
3134.875	9.727979475046807e-46
3135.0	8.578017637920088e-46
3135.125	8.72185035462841e-46
3135.25	8.935002178926759e-46
3135.375	1.008501840858724e-45
3135.5	9.26532721e-46
3135.625	9.002763212060248e-46
3135.75	8.584014576831212e-46
3135.875	9.987934112382487e-46
3136.0	8.93775898327225e-46
3136.125	9.714348736225e-46
3136.25	8.62352323978896e-46
3136.375	8.14352606954496e-46
3136.5	9.875381041641608e-46
3136.625	1.1588177309537439e-45
3136.75	1.017010240797604e-45
3136.875	8.127042965049611e-46
3137.0	7.887326808282248e-46
3137.125	7.58536811153209e-46
3137.25	8.803585682805691e-46
3137.375	9.05843735228644e-46
3137.5	9.22776649263121e-46
3137.625	9.408929876924413e-46
3137.75	9.326719323436838e-46
3137.875	8.778820260974759e-46
3138.0	8.280847652374441e-46
3138.125	7.80126572116516e-46
3138.25	8.801298803222888e-46
3138.375	9.71963801679556e-46
3138.5	1.024960737240064e-45
3138.625	9.95059770306624e-46
3138.75	9.679173432769002e-46
3138.875	1.0426919543290813e-45
3139.0	9.57576809888644e-46
3139.125	1.0222103826006253e-45
3139.25	9.931395072614559e-46
3139.375	8.470725605491211e-46
3139.5	1.0018706274756e-45
3139.625	1.0836225069700838e-45
3139.75	9.100449326364011e-46
3139.875	1.022526866196676e-45
3140.0	1.0869130248364959e-45
3140.125	1.0494276671066406e-45
3140.25	1.175988930363025e-45
3140.375	1.1566726178120998e-45
3140.5	1.003796901024516e-45
3140.625	8.75552358190756e-46
3140.75	9.034114666944157e-46
3140.875	1.086858166171024e-45
3141.0	9.979102833195238e-46
3141.125	9.943037906518887e-46
3141.25	9.394618550121642e-46
3141.375	9.576063313962248e-46
3141.5	9.32769845120961e-46
3141.625	1.2204475873590253e-45
3141.75	1.1996962070301614e-45
3141.875	9.60567660636676e-46
3142.0	9.780653902773689e-46
3142.125	1.044433862560804e-45
3142.25	8.645073002750251e-46
3142.375	1.0155119986758012e-45
3142.5	1.0042247905240358e-45
3142.625	9.519084728841962e-46
3142.75	9.274589067241e-46
3142.875	8.115231846645157e-46
3143.0	7.44029055394816e-46
3143.125	7.846371854133759e-46
3143.25	7.469020075220642e-46
3143.375	8.25426000931984e-46
3143.5	9.443228820465688e-46
3143.625	8.438420189836813e-46
3143.75	7.776260400868091e-46
3143.875	1.0366453279385286e-45
3144.0	8.704693758235238e-46
3144.125	8.175146442373689e-46
3144.25	1.079054698665024e-45
3144.375	1.0412635140182247e-45
3144.5	1.0640496558110759e-45
3144.625	9.001864896596639e-46
3144.75	8.892980648522008e-46
3144.875	1.0461531602926808e-45
3145.0	9.713913637911042e-46
3145.125	9.684064135544406e-46
3145.25	9.79687183002025e-46
3145.375	8.997529969496887e-46
3145.5	8.263787977080249e-46
3145.625	8.666141545327207e-46
3145.75	9.840849307363838e-46
3145.875	9.964872950929687e-46
3146.0	9.277266794632358e-46
3146.125	9.743054930936888e-46
3146.25	9.377970373347838e-46
3146.375	8.476728600916839e-46
3146.5	8.70806340887184e-46
3146.625	9.66898154340196e-46
3146.75	9.769544143129e-46
3146.875	8.04537542225641e-46
3147.0	8.183766406420892e-46
3147.125	8.220904079501613e-46
3147.25	7.86695857513801e-46
3147.375	8.90135041787161e-46
3147.5	1.0094118182225639e-45
3147.625	1.083920439164809e-45
3147.75	8.817293006813292e-46
3147.875	8.360010067971238e-46
3148.0	1.0192660918468088e-45
3148.125	9.080862821808998e-46
3148.25	9.923923221030809e-46
3148.375	1.0725844426122253e-45
3148.5	9.16213813912576e-46
3148.625	9.330305026203038e-46
3148.75	9.638202140661157e-46
3148.875	8.717899906880998e-46
3149.0	8.296616596071041e-46
3149.125	9.472858380040808e-46
3149.25	9.11808803453584e-46
3149.375	1.0067693564776409e-45
3149.5	9.970789519742489e-46
3149.625	9.329622040249001e-46
3149.75	9.950751641153437e-46
3149.875	1.0206236517344008e-45
3150.0	9.856233579403207e-46
3150.125	1.1342937666012839e-45
3150.25	1.1431004798333609e-45
3150.375	1.0652364329615998e-45
3150.5	1.044463013331409e-45
3150.625	1.1602285638883839e-45
3150.75	1.0393134674082247e-45
3150.875	1.0837820355140248e-45
3151.0	8.540552099537291e-46
3151.125	7.657637695189689e-46
3151.25	8.826930130225e-46
3151.375	8.69522328176896e-46
3151.5	1.0251798596649e-45
3151.625	1.1207717301290405e-45
3151.75	1.0508749206744012e-45
3151.875	9.921238150120087e-46
3152.0	9.355853071009207e-46
3152.125	9.13193219113569e-46
3152.25	1.014090268006656e-45
3152.375	9.30859611840064e-46
3152.5	9.606758293424408e-46
3152.625	9.179932243504087e-46
3152.75	1.0128350805049002e-45
3152.875	9.276634484746239e-46
3153.0	8.621717922686437e-46
3153.125	9.008317920996e-46
3153.25	9.900853678468838e-46
3153.375	9.38575647537124e-46
3153.5	8.343799671244963e-46
3153.625	7.626869242033691e-46
3153.75	9.677950794540251e-46
3153.875	8.793746616795039e-46
3154.0	9.047431729446011e-46
3154.125	9.796897496000161e-46
3154.25	9.59441022774025e-46
3154.375	9.951944701702089e-46
3154.5	1.0031229952616886e-45
3154.625	1.020220326228544e-45
3154.75	1.141430887334761e-45
3154.875	1.1019683079444639e-45
3155.0	9.575330545289607e-46
3155.125	1.098265432647744e-45
3155.25	9.141034634127359e-46
3155.375	7.76271206382736e-46
3155.5	8.653159405600087e-46
3155.625	8.495258071838757e-46
3155.75	8.956244910441961e-46
3155.875	8.45292010096836e-46
3156.0	8.433929818304407e-46
3156.125	8.792248547790758e-46
3156.25	1.0079381708337642e-45
3156.375	1.0509798901924e-45
3156.5	1.0091621117053439e-45
3156.625	1.1418659453310489e-45
3156.75	1.2570654633041607e-45
3156.875	1.180180757430081e-45
3157.0	9.90804110115681e-46
3157.125	8.738343341547211e-46
3157.25	9.42154478866225e-46
3157.375	8.00612457649216e-46
3157.5	9.204115367412252e-46
3157.625	1.055856461663025e-45
3157.75	1.138272414553849e-45
3157.875	1.1940986140558237e-45
3158.0	1.0697354203761003e-45
3158.125	8.863381633306239e-46
3158.25	8.541975963022809e-46
3158.375	9.08396814302884e-46
3158.5	1.0106228561870252e-45
3158.625	9.865529211135998e-46
3158.75	9.845989660224e-46
3158.875	9.748395106564e-46
3159.0	1.0215562117748487e-45
3159.125	9.605654291400997e-46
3159.25	1.0076306827536007e-45
3159.375	1.0590365003512807e-45
3159.5	8.774361651594009e-46
3159.625	1.0623527998125158e-45
3159.75	1.0683289014606007e-45
3159.875	1.0546423821665639e-45
3160.0	9.166535545063693e-46
3160.125	8.547712950067839e-46
3160.25	9.13250334081024e-46
3160.375	9.120846965476003e-46
3160.5	9.214711330820493e-46
3160.625	7.599260914970489e-46
3160.75	7.605008567524e-46
3160.875	1.170469360167129e-45
3161.0	1.0772967471956009e-45
3161.125	1.0529818619011238e-45
3161.25	1.0895318929313639e-45
3161.375	9.085778418906247e-46
3161.5	8.697804233616e-46
3161.625	9.152506041658813e-46
3161.75	9.913745561822011e-46
3161.875	9.333811984589439e-46
3162.0	8.090093687481001e-46
3162.125	7.60934873162304e-46
3162.25	8.859381399723692e-46
3162.375	1.040276586515761e-45
3162.5	1.0350712361855289e-45
3162.625	8.048584887207839e-46
3162.75	7.79413718952324e-46
3162.875	9.713544622335999e-46
3163.0	9.70712350250049e-46
3163.125	9.158933535128998e-46
3163.25	8.68277745701809e-46
3163.375	1.0401435135775359e-45
3163.5	9.940380518001613e-46
3163.625	9.583478603536357e-46
3163.75	1.0505022207483039e-45
3163.875	8.979742811559609e-46
3164.0	7.798725347352039e-46
3164.125	8.16012471028624e-46
3164.25	9.03268522189476e-46
3164.375	1.060811544290404e-45
3164.5	1.0669046242120363e-45
3164.625	9.357569099407359e-46
3164.75	9.817780075555692e-46
3164.875	9.079804530057961e-46
3165.0	8.362791217170809e-46
3165.125	8.68776921900484e-46
3165.25	7.98727587009361e-46
3165.375	9.851519296369002e-46
3165.5	9.76365509935104e-46
3165.625	9.728559612283212e-46
3165.75	1.053116986711696e-45
3165.875	9.863880912578557e-46
3166.0	8.229818362755999e-46
3166.125	1.0050378542382236e-45
3166.25	9.810869158022492e-46
3166.375	8.965018058896e-46
3166.5	8.392084071808359e-46
3166.625	9.629554196995291e-46
3166.75	1.035749157865249e-45
3166.875	8.90566927847424e-46
3167.0	9.254938249249e-46
3167.125	9.48175654436521e-46
3167.25	8.133138541209641e-46
3167.375	7.807677144128411e-46
3167.5	9.211733066005693e-46
3167.625	1.050989032319521e-45
3167.75	1.0252254544161639e-45
3167.875	9.64344643102201e-46
3168.0	8.749065925924002e-46
3168.125	8.469527124123041e-46
3168.25	7.765845143147561e-46
3168.375	7.46683332807049e-46
3168.5	9.20153012032576e-46
3168.625	9.246699999417692e-46
3168.75	9.245072614155208e-46
3168.875	9.08040839968656e-46
3169.0	9.955767267231211e-46
3169.125	1.065649343161225e-45
3169.25	9.835971856966093e-46
3169.375	9.592078583085609e-46
3169.5	1.0473215033484088e-45
3169.625	1.034016246391129e-45
3169.75	1.0282647191654887e-45
3169.875	9.72667454138689e-46
3170.0	1.0075824971536001e-45
3170.125	1.0329284980320248e-45
3170.25	9.812672152842254e-46
3170.375	8.601285925466007e-46
3170.5	7.902156148790761e-46
3170.625	8.675949631512249e-46
3170.75	9.381429919744e-46
3170.875	9.01844323902729e-46
3171.0	1.0240639369980008e-45
3171.125	1.2185106570375842e-45
3171.25	1.188615192737401e-45
3171.375	1.135575557683204e-45
3171.5	1.1450836736372248e-45
3171.625	1.1091510207585609e-45
3171.75	1.0046442132311287e-45
3171.875	1.1820147233544806e-45
3172.0	1.2791543951118236e-45
3172.125	1.2517403666832488e-45
3172.25	1.124181636477124e-45
3172.375	1.096700982658576e-45
3172.5	1.0630993278816161e-45
3172.625	9.562573478749207e-46
3172.75	1.0570956241820487e-45
3172.875	1.0996677056926442e-45
3173.0	1.000968359191056e-45
3173.125	9.499523487622094e-46
3173.25	9.476150681894489e-46
3173.375	8.936198475756246e-46
3173.5	1.0065439618099291e-45
3173.625	9.35399100647025e-46
3173.75	7.922074485924e-46
3173.875	8.669048527895039e-46
3174.0	9.695511301634559e-46
3174.125	1.050119800424704e-45
3174.25	1.009537191436225e-45
3174.375	8.222416890090491e-46
3174.5	8.38040374451329e-46
3174.625	8.83287494343409e-46
3174.75	9.065357426478238e-46
3174.875	8.71991606486016e-46
3175.0	1.047857103925641e-45
3175.125	1.185452857324836e-45
3175.25	1.0243275781939239e-45
3175.375	8.64517532377041e-46
3175.5	8.929258558782249e-46
3175.625	8.61590037945316e-46
3175.75	1.0155225148456962e-45
3175.875	1.0407523128402493e-45
3176.0	1.2143502077107836e-45
3176.125	1.052642725135936e-45
3176.25	9.41733642407041e-46
3176.375	9.203828976229687e-46
3176.5	8.960494447872247e-46
3176.625	8.944590347700638e-46
3176.75	9.10971172925401e-46
3176.875	8.99322547531849e-46
3177.0	8.208454774608009e-46
3177.125	8.57836968633316e-46
3177.25	9.029703467862248e-46
3177.375	9.06985442207601e-46
3177.5	8.75784948944896e-46
3177.625	6.55210146167329e-46
3177.75	6.182300826782891e-46
3177.875	8.568977565698559e-46
3178.0	1.0642571929320249e-45
3178.125	9.991434844113608e-46
3178.25	9.854415913615357e-46
3178.375	1.0214593698372838e-45
3178.5	1.0231852501292887e-45
3178.625	8.857965846522253e-46
3178.75	8.365963298006251e-46
3178.875	8.87365932761344e-46
3179.0	7.29610489757809e-46
3179.125	8.159198629047211e-46
3179.25	9.072999428164e-46
3179.375	8.328194865665439e-46
3179.5	7.603020382806248e-46
3179.625	8.764325779968157e-46
3179.75	9.64917859018129e-46
3179.875	1.031602281896356e-45
3180.0	1.0943440922803843e-45
3180.125	8.625726992897441e-46
3180.25	8.93015563489956e-46
3180.375	8.50938781431025e-46
3180.5	8.722423299950012e-46
3180.625	9.433896017639036e-46
3180.75	1.055583010329169e-45
3180.875	1.019385434529856e-45
3181.0	8.60772344122084e-46
3181.125	8.392831491074556e-46
3181.25	8.611797339064958e-46
3181.375	9.874309474153958e-46
3181.5	1.0703958727790248e-45
3181.625	9.84551397063844e-46
3181.75	8.618662704384809e-46
3181.875	9.672032824116639e-46
3182.0	1.0048058699609291e-45
3182.125	9.13438856368801e-46
3182.25	8.548706434252409e-46
3182.375	9.03138150794049e-46
3182.5	9.205576517202489e-46
3182.625	9.530820510887292e-46
3182.75	9.227040490899361e-46
3182.875	9.96333568821504e-46
3183.0	9.105060023664639e-46
3183.125	9.117645967936e-46
3183.25	9.903096675025958e-46
3183.375	9.984986969409e-46
3183.5	9.278160471653286e-46
3183.625	1.0415841596578888e-45
3183.75	1.2117072078722251e-45
3183.875	1.072448074552009e-45
3184.0	1.0007619629716839e-45
3184.125	1.0701843357235839e-45
3184.25	9.834201218208998e-46
3184.375	1.084763430448009e-45
3184.5	1.1310592277381759e-45
3184.625	8.00085746209369e-46
3184.75	7.51302782469409e-46
3184.875	8.588443907662088e-46
3185.0	8.605040312538008e-46
3185.125	8.951716931364e-46
3185.25	1.0826195831442245e-45
3185.375	8.591305588430409e-46
3185.5	8.837881120734761e-46
3185.625	1.1386821017644955e-45
3185.75	8.514901998930251e-46
3185.875	9.553476120552036e-46
3186.0	9.83853370074969e-46
3186.125	8.237302952928038e-46
3186.25	9.18875180206116e-46
3186.375	9.010226903615997e-46
3186.5	9.809874386769608e-46
3186.625	9.00745834455184e-46
3186.75	9.376912056015358e-46
3186.875	9.354529297806251e-46
3187.0	8.781384548268007e-46
3187.125	8.930033711182441e-46
3187.25	9.564250219588838e-46
3187.375	9.94743718835364e-46
3187.5	8.608512089507559e-46
3187.625	9.06183625117456e-46
3187.75	9.531160723660837e-46
3187.875	8.64568105724521e-46
3188.0	8.944097478758561e-46
3188.125	8.70170764803649e-46
3188.25	8.24984074271296e-46
3188.375	8.675652138916001e-46
3188.5	9.447585584556247e-46
3188.625	1.0661823603927043e-45
3188.75	1.1170353646822411e-45
3188.875	1.0461296137813287e-45
3189.0	8.394849689336887e-46
3189.125	7.48364359350001e-46
3189.25	8.574064765020162e-46
3189.375	9.339019261164813e-46
3189.5	8.106629270124492e-46
3189.625	9.182415668550007e-46
3189.75	9.594132695136089e-46
3189.875	9.75374611456144e-46
3190.0	1.090822890201664e-45
3190.125	1.0846145659791686e-45
3190.25	8.867374431907693e-46
3190.375	9.18956602604209e-46
3190.5	9.12370297099024e-46
3190.625	8.973277265740407e-46
3190.75	8.92521122008464e-46
3190.875	9.544201436034807e-46
3191.0	9.867822861742812e-46
3191.125	9.063764142393959e-46
3191.25	8.611045514438891e-46
3191.375	7.549157390329e-46
3191.5	8.349524052648488e-46
3191.625	1.128527206286481e-45
3191.75	1.0471138768213213e-45
3191.875	8.98526103930625e-46
3192.0	1.103552388018081e-45
3192.125	1.048410196580569e-45
3192.25	1.0783731245424639e-45
3192.375	1.0150431603065639e-45
3192.5	9.00315507646564e-46
3192.625	9.863232058430889e-46
3192.75	9.649143178249e-46
3192.875	1.0668609862142438e-45
3193.0	1.1429484761654407e-45
3193.125	9.786964144473758e-46
3193.25	8.912150429006253e-46
3193.375	9.916075670196007e-46
3193.5	9.163120697986092e-46
3193.625	9.375531678600999e-46
3193.75	9.56523431410369e-46
3193.875	1.1197489450225e-45
3194.0	1.0242309250176643e-45
3194.125	8.726052784514491e-46
3194.25	8.32220489525824e-46
3194.375	9.586995663398759e-46
3194.5	1.1001858115644013e-45
3194.625	1.1701382102420887e-45
3194.75	1.125755895825796e-45
3194.875	1.0633618811929e-45
3195.0	1.034190604239556e-45
3195.125	9.511603109467693e-46
3195.25	8.409676943102489e-46
3195.375	9.04795872030625e-46
3195.5	8.854615519704362e-46
3195.625	8.798426087038811e-46
3195.75	8.37714209683849e-46
3195.875	9.547978872384159e-46
3196.0	9.794373000973686e-46
3196.125	1.0207936818190436e-45
3196.25	1.051282574086144e-45
3196.375	1.044739868974096e-45
3196.5	1.0937362825958559e-45
3196.625	9.160812403835559e-46
3196.75	9.687157011432042e-46
3196.875	1.0387774766650406e-45
3197.0	1.0731839885031693e-45
3197.125	1.027171860428484e-45
3197.25	1.0063272209209208e-45
3197.375	1.0383806979272247e-45
3197.5	9.969524602989163e-46
3197.625	9.902924854015687e-46
3197.75	9.184992167895039e-46
3197.875	9.52495572825729e-46
3198.0	7.97999955725449e-46
3198.125	9.301872320588412e-46
3198.25	1.0281089456830439e-45
3198.375	8.144538018177689e-46
3198.5	8.554741672800999e-46
3198.625	9.097394274007689e-46
3198.75	1.1429139927541209e-45
3198.875	9.930883920230247e-46
3199.0	8.49774154584996e-46
3199.125	8.33789591422225e-46
3199.25	1.0468526901406087e-45
3199.375	1.0794929483870441e-45
3199.5	9.050895952758493e-46
3199.625	8.937827146476009e-46
3199.75	8.827275959758238e-46
3199.875	8.686444072550762e-46
3200.0	1.1186821422504359e-45
3200.125	1.1067501763010253e-45
3200.25	9.84112913089476e-46
3200.375	9.861048849222487e-46
3200.5	1.045999530551056e-45
3200.625	9.811723022688995e-46
3200.75	9.986868464280489e-46
3200.875	9.68285612474944e-46
3201.0	9.712027493438759e-46
3201.125	1.0193451420242247e-45
3201.25	1.2168249447883236e-45
3201.375	1.021523802773796e-45
3201.5	8.64483778431025e-46
3201.625	8.828298632772087e-46
3201.75	9.611512239487207e-46
3201.875	1.0131555843110248e-45
3202.0	9.779331681179287e-46
3202.125	9.44579001872016e-46
3202.25	9.908168898355359e-46
3202.375	1.0067163686944356e-45
3202.5	1.0544242246662007e-45
3202.625	1.0204414330338011e-45
3202.75	8.809562403426488e-46
3202.875	8.202022301239288e-46
3203.0	1.0026470831476088e-45
3203.125	1.176767915010601e-45
3203.25	1.1349866551309686e-45
3203.375	1.1180082257568996e-45
3203.5	8.833688699964839e-46
3203.625	1.022652475607844e-45
3203.75	9.54459131839684e-46
3203.875	8.488443209144887e-46
3204.0	1.0531831893506562e-45
3204.125	1.095978566391489e-45
3204.25	1.0321867298415686e-45
3204.375	1.0010949155270559e-45
3204.5	1.0590793922499997e-45
3204.625	1.057926819969369e-45
3204.75	1.0084683058321001e-45
3204.875	9.40992864818449e-46
3205.0	1.0169513716056247e-45
3205.125	9.870938658024997e-46
3205.25	9.28907630616196e-46
3205.375	1.1027740534737643e-45
3205.5	9.29904040171584e-46
3205.625	9.47087576444944e-46
3205.75	9.77002236991225e-46
3205.875	9.439376920977608e-46
3206.0	9.343329302596002e-46
3206.125	1.0127646846732957e-45
3206.25	9.71166349985764e-46
3206.375	9.362540657963608e-46
3206.5	9.007696644806246e-46
3206.625	8.825766124924809e-46
3206.75	8.20716040052164e-46
3206.875	8.19998961869376e-46
3207.0	9.875874422172159e-46
3207.125	1.0162573156216807e-45
3207.25	8.967913649256247e-46
3207.375	9.733895190544811e-46
3207.5	1.0366012829418487e-45
3207.625	9.62352261370809e-46
3207.75	9.859692316216092e-46
3207.875	9.95604745772025e-46
3208.0	9.16255222405264e-46
3208.125	8.502083833388889e-46
3208.25	1.0655439047289e-45
3208.375	9.79424781752169e-46
3208.5	7.830615529981691e-46
3208.625	9.091812165274237e-46
3208.75	1.0631023927730008e-45
3208.875	8.81643190395529e-46
3209.0	9.45212351421636e-46
3209.125	9.10832460360001e-46
3209.25	8.422041627285159e-46
3209.375	9.566962632770489e-46
3209.5	1.078789163945476e-45
3209.625	9.261838011598242e-46
3209.75	1.0079752528878758e-45
3209.875	9.559728118161002e-46
3210.0	1.0213821552648997e-45
3210.125	1.1247224542819238e-45
3210.25	1.0062446168068809e-45
3210.375	9.63742105286416e-46
3210.5	8.700892324256251e-46
3210.625	8.440098722151041e-46
3210.75	8.743288361787042e-46
3210.875	9.274916757435039e-46
3211.0	9.736612205670245e-46
3211.125	1.0006339725744013e-45
3211.25	9.895337264910253e-46
3211.375	1.0482166428782761e-45
3211.5	8.743006275306249e-46
3211.625	9.89712975767616e-46
3211.75	1.1111140222241286e-45
3211.875	1.0378676276982091e-45
3212.0	9.379426882225e-46
3212.125	8.026821650693159e-46
3212.25	7.947044030120039e-46
3212.375	9.85467583896964e-46
3212.5	1.0565275682328999e-45
3212.625	1.0502948625120088e-45
3212.75	9.19577665562521e-46
3212.875	9.630555299944957e-46
3213.0	8.630068364124838e-46
3213.125	7.79670362166084e-46
3213.25	1.0486174982284957e-45
3213.375	1.1342571912002246e-45
3213.5	9.35732682703504e-46
3213.625	9.487956695857292e-46
3213.75	9.816978585153642e-46
3213.875	1.0291563629380888e-45
3214.0	9.39343853746089e-46
3214.125	8.89138708028041e-46
3214.25	8.620158830514489e-46
3214.375	9.00916072989696e-46
3214.5	1.1468682973171359e-45
3214.625	1.2226948654389159e-45
3214.75	1.108077362537616e-45
3214.875	1.0933428972216959e-45
3215.0	1.0145642374506254e-45
3215.125	9.434257839661693e-46
3215.25	9.286220128899999e-46
3215.375	9.20575370770225e-46
3215.5	7.67965530020481e-46
3215.625	7.664060707216001e-46
3215.75	8.581033421468011e-46
3215.875	8.753402718225003e-46
3216.0	1.0391743311955291e-45
3216.125	9.419410411593639e-46
3216.25	8.284442798132639e-46
3216.375	9.282396123506252e-46
3216.5	1.116741603923856e-45
3216.625	1.2297759159219207e-45
3216.75	1.1859444367519356e-45
3216.875	1.0349027877090248e-45
3217.0	9.989157844856412e-46
3217.125	9.861490370601e-46
3217.25	1.0455101899225e-45
3217.375	8.920832068886437e-46
3217.5	8.97638810705641e-46
3217.625	1.0032327738224996e-45
3217.75	1.0185975444756247e-45
3217.875	1.0606773597137639e-45
3218.0	1.006109044285284e-45
3218.125	9.460262668516e-46
3218.25	9.88491269358961e-46
3218.375	9.857012809744e-46
3218.5	1.1414874442408362e-45
3218.625	1.0147114000662247e-45
3218.75	1.0948977375991208e-45
3218.875	1.1117283745932808e-45
3219.0	1.0526548593974491e-45
3219.125	1.0882059008171562e-45
3219.25	8.435669477621762e-46
3219.375	9.199655573123559e-46
3219.5	9.457219762236493e-46
3219.625	8.20617607987776e-46
3219.75	7.998777460520998e-46
3219.875	7.680660177120159e-46
3220.0	9.45253057321024e-46
3220.125	1.018731849221241e-45
3220.25	1.0404160545413612e-45
3220.375	1.072861069775364e-45
3220.5	9.820631616247689e-46
3220.625	8.468597617310248e-46
3220.75	8.352358367998092e-46
3220.875	9.547856509552361e-46
3221.0	1.0735184233972808e-45
3221.125	9.375984240124407e-46
3221.25	1.0283321241939238e-45
3221.375	8.958025654615207e-46
3221.5	9.732769556277689e-46
3221.625	9.296777860219236e-46
3221.75	8.70613064859409e-46
3221.875	9.45052487790436e-46
3222.0	8.518532415756251e-46
3222.125	9.00027720213444e-46
3222.25	8.758591122368892e-46
3222.375	9.621047233029692e-46
3222.5	1.1960960097136408e-45
3222.625	1.1134264271220248e-45
3222.75	8.790115532006407e-46
3222.875	7.89525758447001e-46
3223.0	9.553605319346492e-46
3223.125	1.1145011373810253e-45
3223.25	1.0699604550625003e-45
3223.375	9.29364734714256e-46
3223.5	1.0047273221843557e-45
3223.625	9.056185015020158e-46
3223.75	9.548765597599287e-46
3223.875	9.438894567106559e-46
3224.0	1.048166136655236e-45
3224.125	1.0237079888209689e-45
3224.25	9.87564124334089e-46
3224.375	9.882651637892247e-46
3224.5	9.20136025057536e-46
3224.625	1.104463262373156e-45
3224.75	9.69403730292001e-46
3224.875	8.557327434681e-46
3225.0	8.90930504674681e-46
3225.125	1.1096403759002252e-45
3225.25	1.1111216222470809e-45
3225.375	1.0363347791597156e-45
3225.5	1.0290118134297962e-45
3225.625	1.0545926306580638e-45
3225.75	9.109067650378242e-46
3225.875	8.572802193051041e-46
3226.0	9.12822105998916e-46
3226.125	1.036073974738609e-45
3226.25	1.1855812173529e-45
3226.375	1.322055272166084e-45
3226.5	1.2984740195790248e-45
3226.625	1.1576919146163838e-45
3226.75	9.407615236108961e-46
3226.875	9.657695493098888e-46
3227.0	1.0028996559252813e-45
3227.125	8.945969735145958e-46
3227.25	1.241103014821264e-45
3227.375	1.162172553785104e-45
3227.5	8.43956243355625e-46
3227.625	9.077831547135998e-46
3227.75	1.0000877486988962e-45
3227.875	1.1207292805170247e-45
3228.0	1.022182631071281e-45
3228.125	8.94193416006489e-46
3228.25	9.282191995560997e-46
3228.375	1.0179826261055998e-45
3228.5	9.430561315899607e-46
3228.625	8.98520288707584e-46
3228.75	9.762078447056246e-46
3228.875	9.485020210176e-46
3229.0	9.384395665495206e-46
3229.125	1.023637536080896e-45
3229.25	1.303007414673636e-45
3229.375	1.2074185697890407e-45
3229.5	9.599004347075998e-46
3229.625	1.0288077419510889e-45
3229.75	1.1274174136993687e-45
3229.875	1.171418802192016e-45
3230.0	1.0574608418161286e-45
3230.125	1.0548665383066807e-45
3230.25	1.110037548335076e-45
3230.375	1.1109960252024485e-45
3230.5	9.978803996700247e-46
3230.625	9.22821911904256e-46
3230.75	8.68197834248809e-46
3230.875	1.0133221262638411e-45
3231.0	9.24065883996304e-46
3231.125	9.176567005368009e-46
3231.25	1.0993620466436406e-45
3231.375	9.755566341456039e-46
3231.5	9.279590931812413e-46
3231.625	8.46901260058624e-46
3231.75	8.804237859880961e-46
3231.875	9.317584700289611e-46
3232.0	9.89437282123684e-46
3232.125	9.33533533395961e-46
3232.25	1.0111490540448999e-45
3232.375	1.0847518370960409e-45
3232.5	9.634819104000246e-46
3232.625	1.0157125163600247e-45
3232.75	9.80412662417764e-46
3232.875	8.829021254415607e-46
3233.0	8.078263983103692e-46
3233.125	9.425121655303212e-46
3233.25	1.0143530044902812e-45
3233.375	1.0450556183824001e-45
3233.5	9.938964314111294e-46
3233.625	8.076892381758762e-46
3233.75	9.22052537241124e-46
3233.875	1.0195109147079613e-45
3234.0	8.941826509347688e-46
3234.125	9.52154202144016e-46
3234.25	1.037081836100025e-45
3234.375	1.156524815552089e-45
3234.5	1.082044577646916e-45
3234.625	9.50644597875625e-46
3234.75	1.0305935559738811e-45
3234.875	1.0942638395562807e-45
3235.0	1.0936820457064957e-45
3235.125	1.1630995270200246e-45
3235.25	8.730724848400001e-46
3235.375	8.834073300645607e-46
3235.5	1.077809162640016e-45
3235.625	1.1137549263830887e-45
3235.75	1.1765131183135692e-45
3235.875	1.0197585771282807e-45
3236.0	1.0151283550442411e-45
3236.125	1.0354312780219241e-45
3236.25	1.0828039804441694e-45
3236.375	9.715531280440086e-46
3236.5	1.0380756243107611e-45
3236.625	1.1331428336229687e-45
3236.75	1.0145808006752247e-45
3236.875	8.878442247912247e-46
3237.0	9.405491024671286e-46
3237.125	9.494755415007212e-46
3237.25	1.045197022863049e-45
3237.375	1.1489751527992959e-45
3237.5	1.092881744972644e-45
3237.625	9.94936308697321e-46
3237.75	9.363880910106812e-46
3237.875	1.1057979225316e-45
3238.0	1.0686321772036002e-45
3238.125	9.834469030418486e-46
3238.25	9.85714404495921e-46
3238.375	1.0189156389297639e-45
3238.5	1.0379894075726487e-45
3238.625	9.383670267317288e-46
3238.75	1.0100192486400004e-45
3238.875	1.0730374275624999e-45
3239.0	9.956913927580837e-46
3239.125	9.37236833976976e-46
3239.25	9.295917434888492e-46
3239.375	8.859068277709688e-46
3239.5	9.028967270976e-46
3239.625	1.0108854610806246e-45
3239.75	1.1398797340310253e-45
3239.875	9.115002246878438e-46
3240.0	9.070948275402247e-46
3240.125	9.61415754957025e-46
3240.25	9.708943113173286e-46
3240.375	9.756122312832642e-46
3240.5	1.042661278350756e-45
3240.625	1.077105730465521e-45
3240.75	1.0134260309286089e-45
3240.875	9.476887034098088e-46
3241.0	9.640807651224996e-46
3241.125	1.1290899013364887e-45
3241.25	1.056723513056656e-45
3241.375	1.044299166721924e-45
3241.5	1.019561172802624e-45
3241.625	9.191742115089962e-46
3241.75	1.0087923740660639e-45
3241.875	1.0948001926952251e-45
3242.0	9.47748918951961e-46
3242.125	9.946118247760887e-46
3242.25	9.835651963566491e-46
3242.375	1.0126196998825957e-45
3242.5	1.082380258604304e-45
3242.625	1.1328805530406807e-45
3242.75	1.0254827123392806e-45
3242.875	8.540933187656251e-46
3243.0	8.431805876551837e-46
3243.125	9.203000165838088e-46
3243.25	9.833971667788959e-46
3243.375	1.0015312165324839e-45
3243.5	1.149080573444281e-45
3243.625	1.0501572615769e-45
3243.75	9.98951752015204e-46
3243.875	9.947746278423039e-46
3244.0	9.891992425654441e-46
3244.125	1.0166914235888008e-45
3244.25	9.916370416923609e-46
3244.375	1.0289085883260249e-45
3244.5	1.2007353923536412e-45
3244.625	1.1709735642990813e-45
3244.75	9.23064040316961e-46
3244.875	8.241095900214812e-46
3245.0	1.107978499988721e-45
3245.125	1.2270772198342442e-45
3245.25	1.2533373602750247e-45
3245.375	1.031894645795689e-45
3245.5	1.0301410195561e-45
3245.625	1.1473095387537639e-45
3245.75	1.0982132044899999e-45
3245.875	9.774153736314489e-46
3246.0	9.081527600383288e-46
3246.125	9.389809466976162e-46
3246.25	1.073349233716081e-45
3246.375	1.163659995476521e-45
3246.5	1.0564355831510251e-45
3246.625	1.1779009759958439e-45
3246.75	1.1689704598441001e-45
3246.875	1.1168787543096959e-45
3247.0	1.002328435904041e-45
3247.125	9.636058881680039e-46
3247.25	1.0405506287594886e-45
3247.375	9.699986293296011e-46
3247.5	9.133743008588886e-46
3247.625	1.0272254479281641e-45
3247.75	1.09445180625e-45
3247.875	9.99767421571801e-46
3248.0	9.47163345488361e-46
3248.125	1.047156914918416e-45
3248.25	1.0198955132548092e-45
3248.375	1.074887961114256e-45
3248.5	1.1210006638971042e-45
3248.625	1.0832441756556246e-45
3248.75	9.792953467530252e-46
3248.875	9.234445225328999e-46
3249.0	1.1823837230412488e-45
3249.125	1.0632963376506247e-45
3249.25	9.496264723201e-46
3249.375	1.0163405847294093e-45
3249.5	1.1357822050714238e-45
3249.625	8.89079251074624e-46
3249.75	8.631925088990441e-46
3249.875	9.902581216466889e-46
3250.0	1.0644440001691239e-45
3250.125	9.427804443728999e-46
3250.25	9.038053739827358e-46
3250.375	1.1198177452876838e-45
3250.5	1.1458145791136892e-45
3250.625	1.0501742424576637e-45
3250.75	9.94640650229776e-46
3250.875	9.290636844581158e-46
3251.0	1.0329229058179238e-45
3251.125	1.0317519598428157e-45
3251.25	9.96827681566084e-46
3251.375	9.917395136748159e-46
3251.5	1.055094096412944e-45
3251.625	1.1344746315333692e-45
3251.75	1.0797015917689688e-45
3251.875	1.0678831858243243e-45
3252.0	9.84115046289664e-46
3252.125	9.931738579449211e-46
3252.25	1.123638803401284e-45
3252.375	1.0310015594793693e-45
3252.5	9.872662955904359e-46
3252.625	1.087360847274025e-45
3252.75	1.000441970695696e-45
3252.875	8.62301815480576e-46
3253.0	9.684887567847039e-46
3253.125	9.124403147171291e-46
3253.25	9.894319347261689e-46
3253.375	1.0711989616389762e-45
3253.5	9.73393762149081e-46
3253.625	9.288932450625e-46
3253.75	1.2176979441898406e-45
3253.875	1.1308380796200958e-45
3254.0	8.968816857682893e-46
3254.125	1.021980133043776e-45
3254.25	1.0053578196348839e-45
3254.375	9.723469342204841e-46
3254.5	9.799243258100485e-46
3254.625	1.0694449382121609e-45
3254.75	1.1729000236263838e-45
3254.875	9.755576336307239e-46
3255.0	8.314186442175609e-46
3255.125	8.761437200756253e-46
3255.25	9.61360625825856e-46
3255.375	1.1511674730418812e-45
3255.5	9.88618669482249e-46
3255.625	9.121036627109158e-46
3255.75	9.710468726406253e-46
3255.875	1.0619401377809293e-45
3256.0	9.435746973109214e-46
3256.125	8.205358531300093e-46
3256.25	1.0636221187683999e-45
3256.375	1.1124265446574806e-45
3256.5	1.0445018601125159e-45
3256.625	9.787692452429442e-46
3256.75	9.04198946149801e-46
3256.875	1.0596702042357764e-45
3257.0	8.104125053850252e-46
3257.125	7.460466749610251e-46
3257.25	1.071321044943681e-45
3257.375	9.477914034608412e-46
3257.5	9.417314328954491e-46
3257.625	1.1053935964515999e-45
3257.75	1.1339659561969208e-45
3257.875	1.1467773365382012e-45
3258.0	1.0855627964944e-45
3258.125	1.0780887610846439e-45
3258.25	9.874019752402088e-46
3258.375	7.736747813000999e-46
3258.5	8.329454303104361e-46
3258.625	8.748316414678087e-46
3258.75	9.358350999820842e-46
3258.875	1.0517761174856039e-45
3259.0	1.095384402014464e-45
3259.125	9.915532163678439e-46
3259.25	1.0547064893000251e-45
3259.375	9.921801342298806e-46
3259.5	9.36082539757156e-46
3259.625	9.27565864993156e-46
3259.75	8.50383867240964e-46
3259.875	8.93040127785729e-46
3260.0	8.830214001369757e-46
3260.125	1.0398773287426412e-45
3260.25	1.1136781698814889e-45
3260.375	1.116598046167296e-45
3260.5	1.0089420397671042e-45
3260.625	9.62999422901824e-46
3260.75	9.244179924030487e-46
3260.875	9.74094373935225e-46
3261.0	9.82818487204096e-46
3261.125	9.966589017090252e-46
3261.25	1.0110687324522491e-45
3261.375	8.190987332498011e-46
3261.5	8.043104163746889e-46
3261.625	8.796130980259842e-46
3261.75	1.0469647712172249e-45
3261.875	1.177061850472225e-45
3262.0	1.0663558825610248e-45
3262.125	1.1262905814240088e-45
3262.25	1.1088158088409957e-45
3262.375	9.888687145160893e-46
3262.5	9.023518544455838e-46
3262.625	9.192521301272407e-46
3262.75	1.1341310341670441e-45
3262.875	1.103688593232481e-45
3263.0	1.0689320303646761e-45
3263.125	8.578906852324407e-46
3263.25	8.959283954359688e-46
3263.375	1.0084900273198239e-45
3263.5	9.341496603550439e-46
3263.625	9.424093835239689e-46
3263.75	9.73357571345041e-46
3263.875	9.513774431816487e-46
3264.0	8.394940088045288e-46
3264.125	8.834157117360999e-46
3264.25	1.013077729369924e-45
3264.375	1.012574195382841e-45
3264.5	1.0005840566400998e-45
3264.625	1.008749814115684e-45
3264.75	1.0226368699456362e-45
3264.875	1.2014679008668087e-45
3265.0	1.1658169698598439e-45
3265.125	1.0327498760534758e-45
3265.25	1.157155268490225e-45
3265.375	1.1821820932656249e-45
3265.5	9.98823182138896e-46
3265.625	1.0367830067832253e-45
3265.75	1.1453177843919361e-45
3265.875	1.092466301940484e-45
3266.0	9.894881774891607e-46
3266.125	9.738216758054559e-46
3266.25	9.227959085331359e-46
3266.375	7.772250361075357e-46
3266.5	8.314212969781287e-46
3266.625	9.1401614929e-46
3266.75	9.52692177266944e-46
3266.875	9.179849226067558e-46
3267.0	9.268047438670239e-46
3267.125	9.332499547396e-46
3267.25	8.35466882949136e-46
3267.375	8.656709134657956e-46
3267.5	9.764285670924491e-46
3267.625	1.0170885656142759e-45
3267.75	9.990529576244013e-46
3267.875	9.492339169295998e-46
3268.0	1.0161241941502089e-45
3268.125	1.092515418474841e-45
3268.25	1.1033359386830013e-45
3268.375	9.757362373477291e-46
3268.5	1.0166380477966439e-45
3268.625	1.087620641060836e-45
3268.75	9.4698590888664e-45
3268.875	3.70498477265569e-44
3269.0	1.0939116211452899e-44
3269.125	8.33112311779225e-46
3269.25	9.16592700179524e-46
3269.375	1.0438150056318762e-45
3269.5	1.038491937860881e-45
3269.625	1.1413041292752492e-45
3269.75	9.316818545592959e-46
3269.875	1.011133536402276e-45
3270.0	1.2133929257641e-45
3270.125	1.0548306821166491e-45
3270.25	9.800241246835687e-46
3270.375	1.0708238526680252e-45
3270.5	9.647280726451836e-46
3270.625	9.756835728523562e-46
3270.75	1.0959289086034891e-45
3270.875	1.049994070646544e-45
3271.0	1.0279445273574761e-45
3271.125	1.003274140297009e-45
3271.25	1.0334123139863611e-45
3271.375	9.89447284941361e-46
3271.5	8.629679417318563e-46
3271.625	8.388522989248089e-46
3271.75	8.762875214397159e-46
3271.875	9.378642264357613e-46
3272.0	9.308508860028011e-46
3272.125	1.0249734152224357e-45
3272.25	1.073071036764169e-45
3272.375	1.0199125031727608e-45
3272.5	9.683843812656246e-46
3272.625	9.52963197490404e-46
3272.75	9.26704891981584e-46
3272.875	1.1292376874734241e-45
3273.0	1.107835706315556e-45
3273.125	1.0759361061462247e-45
3273.25	9.97538885977921e-46
3273.375	1.0098258399510487e-45
3273.5	9.899809676653688e-46
3273.625	1.1176292871073693e-45
3273.75	1.3223484233638806e-45
3273.875	1.4520588526921e-45
3274.0	1.1032269248196001e-45
3274.125	1.0262809487843999e-45
3274.25	1.004601170357136e-45
3274.375	8.843397226225e-46
3274.5	9.233399292070807e-46
3274.625	1.0314744539637758e-45
3274.75	9.740500555506246e-46
3274.875	1.0163106176591287e-45
3275.0	1.0668502075049291e-45
3275.125	1.1641129848099998e-45
3275.25	1.2304864994806813e-45
3275.375	1.1059910675251359e-45
3275.5	8.885324238441208e-46
3275.625	8.796604925830412e-46
3275.75	9.218348307632889e-46
3275.875	1.0542947307090249e-45
3276.0	1.087852826272996e-45
3276.125	1.1454767144916638e-45
3276.25	1.2360455873535999e-45
3276.375	1.2238236525424807e-45
3276.5	1.005242851969225e-45
3276.625	8.197568941716089e-46
3276.75	8.02614170558916e-46
3276.875	9.202117396400638e-46
3277.0	1.0390870373261286e-45
3277.125	1.2389983939492811e-45
3277.25	1.2077627378001606e-45
3277.375	9.462073759142555e-46
3277.5	9.452703975625002e-46
3277.625	9.993160150415999e-46
3277.75	1.1350555850233957e-45
3277.875	1.1420109154971038e-45
3278.0	1.022091578007889e-45
3278.125	9.840881304920406e-46
3278.25	1.050538910832324e-45
3278.375	1.0527774388270242e-45
3278.5	1.0126900270296808e-45
3278.625	1.1198051629801003e-45
3278.75	1.1773425093806249e-45
3278.875	1.112152266008809e-45
3279.0	1.045612498308624e-45
3279.125	1.0742726656578006e-45
3279.25	9.07937062416036e-46
3279.375	9.433780530916e-46
3279.5	1.0770589306677756e-45
3279.625	9.733142680602251e-46
3279.75	1.0523175919080247e-45
3279.875	1.125312378296976e-45
3280.0	1.102454681652289e-45
3280.125	1.0232617011254442e-45
3280.25	1.0646938633446089e-45
3280.375	1.122121966651921e-45
3280.5	1.1416930745246006e-45
3280.625	9.99023499372889e-46
3280.75	9.614997849636e-46
3280.875	9.74370106869604e-46
3281.0	1.056652778390416e-45
3281.125	9.4542105529e-46
3281.25	9.017732726116e-46
3281.375	9.79447878161424e-46
3281.5	9.92529361660356e-46
3281.625	3.106141206010756e-45
3281.75	8.498798630167041e-45
3281.875	2.399686097801281e-45
3282.0	9.558803049745959e-46
3282.125	1.0394171486400493e-45
3282.25	1.0851793170436e-45
3282.375	1.0534033605429758e-45
3282.5	1.160910451602496e-45
3282.625	1.1649020202969208e-45
3282.75	1.0023013354944487e-45
3282.875	1.1052698528688008e-45
3283.0	1.5267949030537287e-45
3283.125	1.3195763870486757e-45
3283.25	1.1239043702504886e-45
3283.375	8.36334183430249e-46
3283.5	1.2820502292214413e-45
3283.625	1.2392723497212099e-44
3283.75	2.30149804734721e-44
3283.875	3.7672922737059836e-45
3284.0	9.806565945009688e-46
3284.125	1.2408512790669612e-45
3284.25	4.3741548851112373e-45
3284.375	5.1459871252072967e-45
3284.5	1.464452911685241e-45
3284.625	1.0838274667562248e-45
3284.75	9.917427258508092e-46
3284.875	9.76192472558241e-46
3285.0	9.961246842422486e-46
3285.125	1.483871832397249e-45
3285.25	4.200401299113009e-45
3285.375	2.1557253994440996e-45
3285.5	1.1316312999139841e-45
3285.625	1.0523821473935997e-45
3285.75	1.0880827272378011e-45
3285.875	1.0824578371285288e-45
3286.0	1.089710077713049e-45
3286.125	9.73376103448576e-46
3286.25	9.149917768665609e-46
3286.375	9.445389866226088e-46
3286.5	9.851796760551839e-46
3286.625	8.99378567308881e-46
3286.75	9.90258436330384e-46
3286.875	1.009753197304996e-45
3287.0	9.463521402885689e-46
3287.125	9.156379454401e-46
3287.25	9.23050429245025e-46
3287.375	9.91919025604516e-46
3287.5	9.742639166664011e-46
3287.625	1.0795219272542408e-45
3287.75	1.200212625487225e-45
3287.875	1.103739954746724e-45
3288.0	1.1219516688292089e-45
3288.125	1.1813374569481e-45
3288.25	1.2929907808287609e-45
3288.375	1.3051067338401212e-45
3288.5	1.095855880593796e-45
3288.625	1.0606680452742007e-45
3288.75	8.8093801636e-46
3288.875	1.2703903012262251e-45
3289.0	1.2785342290204092e-45
3289.125	1.1621536676406254e-45
3289.25	1.1281644250092813e-45
3289.375	1.0937750429528999e-45
3289.5	1.0159029181258242e-45
3289.625	8.56796534161569e-46
3289.75	8.701338918730238e-46
3289.875	1.020167943844624e-45
3290.0	1.1510770204806757e-45
3290.125	1.178034280830016e-45
3290.25	1.1334971895025e-45
3290.375	9.752530017796812e-46
3290.5	1.243589050935364e-45
3290.625	1.6804366252106408e-45
3290.75	1.091103907187044e-45
3290.875	1.1621923264473638e-45
3291.0	1.1684615597762886e-45
3291.125	1.0487680816267211e-45
3291.25	1.0756693155704039e-45
3291.375	1.0567871632771689e-45
3291.5	9.61989216434401e-46
3291.625	8.552166244635689e-46
3291.75	8.762185497781212e-46
3291.875	9.366354202500003e-46
3292.0	9.987267917643213e-46
3292.125	1.0863085350480251e-45
3292.25	2.474409624059844e-45
3292.375	3.3657990524670476e-45
3292.5	1.2912274897917157e-45
3292.625	1.0810254188604008e-45
3292.75	9.951419771486412e-46
3292.875	1.0147503266813162e-45
3293.0	9.660894807203998e-46
3293.125	1.001365456520881e-45
3293.25	9.921532973562249e-46
3293.375	1.0083874556836887e-45
3293.5	1.0876211027682006e-45
3293.625	1.1317043665825959e-45
3293.75	1.1774610961074091e-45
3293.875	1.0234298393881002e-45
3294.0	1.0636802363203212e-45
3294.125	1.0419532084899997e-45
3294.25	1.0358079893288406e-45
3294.375	1.1806365383936637e-45
3294.5	1.1757383326996807e-45
3294.625	9.35154870411204e-46
3294.75	1.0810385047225e-45
3294.875	1.0669321270613285e-45
3295.0	1.0410562307524086e-45
3295.125	9.964063584690249e-46
3295.25	9.930016693010409e-46
3295.375	1.125947219088769e-45
3295.5	1.1608902128419213e-45
3295.625	1.0393141121760249e-45
3295.75	1.1117997955702436e-45
3295.875	1.1369744003406012e-45
3296.0	1.1861713221422438e-45
3296.125	1.1945308762641958e-45
3296.25	1.1485973730673693e-45
3296.375	9.71842841267236e-46
3296.5	9.587959252249e-46
3296.625	1.1204539801514888e-45
3296.75	9.68221325225025e-46
3296.875	9.146075965504002e-46
3297.0	1.0113905468026886e-45
3297.125	9.556110341356807e-46
3297.25	1.2487439241800407e-45
3297.375	1.2753295571640095e-44
3297.5	1.52433543574404e-44
3297.625	1.6035629413181438e-45
3297.75	9.191637821857957e-46
3297.875	9.752828569713609e-46
3298.0	1.058506313673636e-45
3298.125	1.0195893357580807e-45
3298.25	1.1253521638203613e-45
3298.375	3.2746350454783286e-45
3298.5	6.510885137283136e-45
3298.625	2.052405571931289e-45
3298.75	1.3368589653387242e-45
3298.875	1.2400038225613439e-45
3299.0	1.038763617780736e-45
3299.125	1.1108908331408413e-45
3299.25	1.0604430781580248e-45
3299.375	9.907432344534762e-46
3299.5	1.049775163254756e-45
3299.625	1.0702730570407839e-45
3299.75	1.0182720964613759e-45
3299.875	3.452438753106849e-45
3300.0	8.778019408477222e-45
3300.125	2.3268689480168998e-45
3300.25	1.0092609740014239e-45
3300.375	9.879396951540639e-46
3300.5	1.0375567026101289e-45
3300.625	1.0396121452622887e-45
3300.75	1.0050616945332643e-45
3300.875	9.70530406235569e-46
3301.0	1.1276622707464887e-45
3301.125	1.120516308084996e-45
3301.25	1.0655301948516e-45
3301.375	1.110081194330161e-45
3301.5	1.1052257031542249e-45
3301.625	1.0828193146883999e-45
3301.75	9.43170926143744e-46
3301.875	8.76131643429441e-46
3302.0	9.74714999621476e-46
3302.125	1.0395653289286811e-45
3302.25	1.1325462162489759e-45
3302.375	1.1239812771889e-45
3302.5	9.30571192720225e-46
3302.625	9.955540088648011e-46
3302.75	9.766541896520888e-46
3302.875	1.0178700654137759e-45
3303.0	1.0871535753281441e-45
3303.125	1.1164994725117209e-45
3303.25	1.0247614214910251e-45
3303.375	1.0413878164326808e-45
3303.5	1.1353024156740009e-45
3303.625	1.202544680531076e-45
3303.75	1.179770540492944e-45
3303.875	9.528614523501159e-46
3304.0	8.856534931247611e-46
3304.125	9.423196840950759e-46
3304.25	8.581423614004892e-46
3304.375	1.1533347819730891e-45
3304.5	1.1132308989632249e-45
3304.625	9.06185912938084e-46
3304.75	8.697228558520961e-46
3304.875	1.1577664983370238e-45
3305.0	9.343233322902088e-46
3305.125	8.08035429329296e-46
3305.25	9.958697472192162e-46
3305.375	1.1433623176768807e-45
3305.5	1.1077631480217756e-45
3305.625	1.131967251167841e-45
3305.75	1.2769088934350438e-45
3305.875	1.107110363399824e-45
3306.0	1.0028209926878009e-45
3306.125	1.0456293130608638e-45
3306.25	9.788846287854242e-46
3306.375	9.236321489944886e-46
3306.5	9.899568664164e-46
3306.625	1.123672994797824e-45
3306.75	1.2226503877507241e-45
3306.875	1.110395270888836e-45
3307.0	9.475519633582239e-46
3307.125	9.686111266603239e-46
3307.25	1.0452388576637158e-45
3307.375	1.0536616626240251e-45
3307.5	8.712185773537442e-46
3307.625	9.618722278242253e-46
3307.75	1.0098499911907686e-45
3307.875	1.0089565241337762e-45
3308.0	1.185954699162249e-45
3308.125	1.0166372187930009e-45
3308.25	1.1505479475939838e-45
3308.375	1.199205525425209e-45
3308.5	1.1590975001614409e-45
3308.625	1.3740772508283038e-45
3308.75	1.064653990289296e-45
3308.875	1.0415211625764493e-45
3309.0	1.0461840816633613e-45
3309.125	9.642167052819208e-46
3309.25	1.0187463398536362e-45
3309.375	1.113574385948644e-45
3309.5	1.1388228876025e-45
3309.625	1.0710939035600405e-45
3309.75	1.167664280236609e-45
3309.875	1.3102118775288009e-45
3310.0	1.130069946279169e-45
3310.125	1.1532963386870891e-45
3310.25	1.189250675844196e-45
3310.375	1.1456403265414807e-45
3310.5	1.0853051593609002e-45
3310.625	1.0133201526360997e-45
3310.75	1.216341444431569e-45
3310.875	1.1272968753585638e-45
3311.0	8.96004783688921e-46
3311.125	9.489077940964091e-46
3311.25	1.040964276384484e-45
3311.375	9.535241897809692e-46
3311.5	1.086401547887236e-45
3311.625	1.1879296959187358e-45
3311.75	1.0335821199943844e-45
3311.875	1.0728346697640251e-45
3312.0	9.363132437836959e-46
3312.125	9.118440125300253e-46
3312.25	1.023472963831696e-45
3312.375	1.0658533144132807e-45
3312.5	1.0484941898116e-45
3312.625	9.663303810810253e-46
3312.75	9.60605534487769e-46
3312.875	1.031693243680324e-45
3313.0	1.0021662821400998e-45
3313.125	1.0374850018801957e-45
3313.25	1.049852471636329e-45
3313.375	8.672542026723999e-46
3313.5	8.312180270459039e-46
3313.625	9.543051607488999e-46
3313.75	1.1068007440182251e-45
3313.875	1.104811908941521e-45
3314.0	9.206210041771686e-46
3314.125	8.992728269428839e-46
3314.25	9.507954365708406e-46
3314.375	9.575769336676002e-46
3314.5	9.56217580781824e-46
3314.625	1.0722935083674487e-45
3314.75	1.0842437007567362e-45
3314.875	1.0949813226120039e-45
3315.0	1.016631033161104e-45
3315.125	1.0531011503103998e-45
3315.25	9.18207022328761e-46
3315.375	8.80863638346409e-46
3315.5	1.035552078200025e-45
3315.625	9.594913265816489e-46
3315.75	1.0290071300158811e-45
3315.875	1.0201883217097687e-45
3316.0	1.1446007054747039e-45
3316.125	1.0890138600440998e-45
3316.25	1.066392587214889e-45
3316.375	1.147465151805025e-45
3316.5	1.077438675058321e-45
3316.625	9.717115391549442e-46
3316.75	1.173053321017956e-45
3316.875	1.0846692362564892e-45
3317.0	9.83431160406436e-46
3317.125	1.0210282711820893e-45
3317.25	1.0140532647052092e-45
3317.375	1.0154791120958888e-45
3317.5	9.408410880356888e-46
3317.625	9.54073733191056e-46
3317.75	1.059417090521344e-45
3317.875	1.003482886128804e-45
3318.0	1.0008050500630091e-45
3318.125	1.1872576281260249e-45
3318.25	1.273253580617041e-45
3318.375	9.889640619444009e-46
3318.5	9.966211444602492e-46
3318.625	9.98989300531264e-46
3318.75	9.659365634304e-46
3318.875	9.632501175854409e-46
3319.0	1.1304430531318439e-45
3319.125	1.200214842709689e-45
3319.25	1.0565204173056002e-45
3319.375	1.0484953555084838e-45
3319.5	9.479430008744886e-46
3319.625	9.122085237841001e-46
3319.75	1.1995386848034489e-45
3319.875	1.2459803606118091e-45
3320.0	1.1879963547863291e-45
3320.125	1.2710184003090247e-45
3320.25	1.114323474042256e-45
3320.375	1.0147680382197759e-45
3320.5	1.069856831499556e-45
3320.625	1.1658152626573688e-45
3320.75	1.4326922205482408e-45
3320.875	1.2994924056317293e-45
3321.0	1.0301050083720013e-45
3321.125	1.037467608545536e-45
3321.25	1.028013781523716e-45
3321.375	9.033094567814488e-46
3321.5	9.202512362234487e-46
3321.625	8.077447715642007e-46
3321.75	7.62593913700609e-46
3321.875	9.566037832961436e-46
3322.0	1.2469127669691041e-45
3322.125	2.014853272571689e-45
3322.25	2.6319295764522246e-45
3322.375	1.1634991266706092e-45
3322.5	1.0093407789753763e-45
3322.625	9.592938979008997e-46
3322.75	8.91278511986944e-46
3322.875	9.71424089576329e-46
3323.0	1.1544687394206759e-45
3323.125	1.1710151755698009e-45
3323.25	1.0011273785164087e-45
3323.375	9.34453550981889e-46
3323.5	9.437880128036892e-46
3323.625	1.066129986509316e-45
3323.75	1.386884483846404e-45
3323.875	1.2743640535116955e-45
3324.0	1.1134263603859362e-45
3324.125	9.153330759987839e-46
3324.25	9.282363219148412e-46
3324.375	9.10782965830761e-46
3324.5	9.51286824471844e-46
3324.625	1.0137670692046807e-45
3324.75	1.025682674690961e-45
3324.875	1.212472234407184e-45
3325.0	1.0725862766317689e-45
3325.125	9.859540968088361e-46
3325.25	9.123092830737641e-46
3325.375	1.1500261856652959e-45
3325.5	1.212372858531025e-45
3325.625	1.018151223544324e-45
3325.75	1.0230376662016e-45
3325.875	1.0532329725096012e-45
3326.0	9.986115718658557e-46
3326.125	1.1376096885408999e-45
3326.25	1.021422807606436e-45
3326.375	1.0579728769850245e-45
3326.5	9.693476253851039e-46
3326.625	9.201524660202252e-46
3326.75	1.1950497771380638e-45
3326.875	1.2630773840399999e-45
3327.0	1.1865010816406247e-45
3327.125	1.102241792800729e-45
3327.25	1.0720238301506248e-45
3327.375	9.08933559675625e-46
3327.5	8.477620702533161e-46
3327.625	1.2396644562591611e-45
3327.75	1.1624238836582442e-45
3327.875	1.154559461058481e-45
3328.0	1.1727556400703999e-45
3328.125	1.3288812842229759e-45
3328.25	1.0694417333824001e-45
3328.375	6.543125123251397e-45
3328.5	1.7453591112961598e-44
3328.625	3.840750894859264e-45
3328.75	1.007142277605025e-45
3328.875	1.182562535997649e-45
3329.0	1.2058855610947687e-45
3329.125	1.2420224581909212e-45
3329.25	1.2559385977221762e-45
3329.375	1.1175511937420248e-45
3329.5	1.1007298512080007e-45
3329.625	1.1437554012192092e-45
3329.75	9.564060334142245e-46
3329.875	9.25490539359376e-46
3330.0	1.0060492861584e-45
3330.125	1.1197534290220891e-45
3330.25	1.2394123031629439e-45
3330.375	1.4102655875710087e-45
3330.5	1.1823058060862758e-45
3330.625	9.993590077696e-46
3330.75	1.106265051076969e-45
3330.875	1.1586158741718091e-45
3331.0	1.025559249117316e-45
3331.125	9.963175339920039e-46
3331.25	1.047805052613489e-45
3331.375	1.032878618588041e-45
3331.5	1.0524631202893441e-45
3331.625	1.1054870902859559e-45
3331.75	1.2010136610547361e-45
3331.875	1.266211377170496e-45
3332.0	1.221281346410896e-45
3332.125	1.2179492049586407e-45
3332.25	1.081125504703729e-45
3332.375	1.0374702497462248e-45
3332.5	9.813146421873637e-46
3332.625	1.0504757083478489e-45
3332.75	1.0919054072960638e-45
3332.875	1.2319390990200998e-45
3333.0	1.3887029567430248e-45
3333.125	1.2643725018562556e-45
3333.25	1.3606794672373213e-45
3333.375	1.2606615495936162e-45
3333.5	1.1379392395560249e-45
3333.625	1.1513716659694239e-45
3333.75	1.078828315452484e-45
3333.875	1.0698483272632957e-45
3334.0	1.0271323116990251e-45
3334.125	9.141727613841002e-46
3334.25	1.219248077859289e-45
3334.375	1.3121440532138414e-45
3334.5	1.1595918938339609e-45
3334.625	1.1658097996178491e-45
3334.75	1.165936067389636e-45
3334.875	1.2600546155735043e-45
3335.0	1.159016609414889e-45
3335.125	1.1643727821306492e-45
3335.25	1.1082065895291693e-45
3335.375	1.026600945496996e-45
3335.5	9.898983450225e-46
3335.625	9.370156279255212e-46
3335.75	1.0850113190401e-45
3335.875	1.2642038913660253e-45
3336.0	1.029973101121636e-45
3336.125	1.2682884043633691e-45
3336.25	1.846397352515076e-45
3336.375	1.4537979924622087e-45
3336.5	1.2251752162650093e-45
3336.625	1.058954298730084e-45
3336.75	1.2331630940820838e-45
3336.875	1.1267058271407209e-45
3337.0	1.1599556060506411e-45
3337.125	1.064913211128064e-45
3337.25	9.82542627127296e-46
3337.375	1.067257876601569e-45
3337.5	1.1093946856109286e-45
3337.625	1.2073295472359038e-45
3337.75	1.1741649238881e-45
3337.875	1.101473744417764e-45
3338.0	1.029650974830625e-45
3338.125	1.0245425358425757e-45
3338.25	1.0360869787730251e-45
3338.375	1.1862394470979293e-45
3338.5	3.407398723293184e-45
3338.625	4.916589738086403e-45
3338.75	1.688095716219364e-45
3338.875	1.1763683067470757e-45
3339.0	1.0340639023144955e-45
3339.125	1.1965542306500247e-45
3339.25	1.0210441841035237e-45
3339.375	1.0309134536812812e-45
3339.5	1.0636982393857689e-45
3339.625	1.087678223321089e-45
3339.75	1.4512151584531238e-45
3339.875	6.692853684078771e-45
3340.0	8.088677819303929e-45
3340.125	1.592585649427369e-45
3340.25	1.0638222428989438e-45
3340.375	1.0907849087830892e-45
3340.5	1.1787099818637159e-45
3340.625	1.3863306180385209e-45
3340.75	1.2597942212164004e-45
3340.875	1.1161197874076412e-45
3341.0	1.1041186582149609e-45
3341.125	1.0696187910707291e-45
3341.25	1.1605117737012247e-45
3341.375	1.132102910747169e-45
3341.5	1.1649327380943207e-45
3341.625	1.3181961431948409e-45
3341.75	1.249946256267241e-45
3341.875	1.072638874359556e-45
3342.0	1.1090385895773613e-45
3342.125	1.1039477385526813e-45
3342.25	1.050152789535721e-45
3342.375	1.10612117056e-45
3342.5	1.0786550294374562e-45
3342.625	1.0898185537599997e-45
3342.75	1.1218091163095611e-45
3342.875	1.153572451775524e-45
3343.0	1.0977508273763286e-45
3343.125	1.166633224056169e-45
3343.25	1.1166846609162239e-45
3343.375	9.667977201436411e-46
3343.5	9.45911667728329e-46
3343.625	9.304863290078759e-46
3343.75	1.0233682894563843e-45
3343.875	1.0158929737017758e-45
3344.0	1.081739536056481e-45
3344.125	9.589078339401687e-46
3344.25	1.0534582121944412e-45
3344.375	1.1167285710651206e-45
3344.5	1.1961238850805757e-45
3344.625	9.704431788519686e-46
3344.75	8.898003230894412e-46
3344.875	9.544750115872406e-46
3345.0	1.1441301514500491e-45
3345.125	1.113434568939889e-45
3345.25	1.0561044050176003e-45
3345.375	1.0611706926282247e-45
3345.5	1.0226886121270087e-45
3345.625	1.1007301166260087e-45
3345.75	9.913297204813209e-46
3345.875	1.0359441319993959e-45
3346.0	9.949693025419559e-46
3346.125	1.0605836960928158e-45
3346.25	1.0039913791873291e-45
3346.375	1.0231330475754013e-45
3346.5	1.0414103413921e-45
3346.625	1.023394713472681e-45
3346.75	1.2348788467506488e-45
3346.875	9.769596653733157e-46
3347.0	8.082825266961e-46
3347.125	9.918380857585209e-46
3347.25	9.57181871982736e-46
3347.375	1.1648166952069212e-45
3347.5	1.0932569279980958e-45
3347.625	1.0806674624790492e-45
3347.75	1.0010573907390807e-45
3347.875	1.1841690198270488e-45
3348.0	1.1664839670535839e-45
3348.125	1.1393256977022009e-45
3348.25	1.2411040012416358e-45
3348.375	2.0252916104976e-45
3348.5	3.059208600072769e-45
3348.625	1.3671252602676489e-45
3348.75	1.1549196645238813e-45
3348.875	1.0378354764261157e-45
3349.0	1.115381717923561e-45
3349.125	1.0006838264865692e-45
3349.25	9.874342154531559e-46
3349.375	1.1280657451561001e-45
3349.5	1.1325165342116891e-45
3349.625	1.079058246356484e-45
3349.75	1.125474745225216e-45
3349.875	1.2237574652400245e-45
3350.0	1.0411126959732839e-45
3350.125	1.035883429930449e-45
3350.25	1.124929118041369e-45
3350.375	1.1435043393790808e-45
3350.5	1.1417236199388013e-45
3350.625	9.828513422116e-46
3350.75	1.196040190786596e-45
3350.875	1.1291287455051205e-45
3351.0	9.591024356456407e-46
3351.125	8.856581356800806e-46
3351.25	1.017454078773136e-45
3351.375	9.694346167050252e-46
3351.5	1.098668386791889e-45
3351.625	1.1157889353443288e-45
3351.75	9.25246085308164e-46
3351.875	1.1119423109484007e-45
3352.0	1.1398785861197437e-45
3352.125	1.0221899206070247e-45
3352.25	9.222357099355558e-46
3352.375	9.87973515746116e-46
3352.5	1.2601822669101159e-45
3352.625	1.166325088856004e-45
3352.75	1.3181292666024998e-45
3352.875	1.131768823299984e-45
3353.0	1.0579326095673758e-45
3353.125	1.0490934434429441e-45
3353.25	1.1841800316148888e-45
3353.375	1.177492596710544e-45
3353.5	1.2374867590849e-45
3353.625	1.0930013548460411e-45
3353.75	9.079461020367359e-46
3353.875	1.0309822940415692e-45
3354.0	1.2823296007368997e-45
3354.125	1.1628477831069161e-45
3354.25	1.0433604151881e-45
3354.375	1.0119979995910562e-45
3354.5	1.1056301980363238e-45
3354.625	9.637261486357209e-46
3354.75	9.25242435168804e-46
3354.875	9.365228602809213e-46
3355.0	9.247114166286239e-46
3355.125	8.257237303972812e-46
3355.25	8.553870090000001e-46
3355.375	1.1400072908320358e-45
3355.5	1.057295978823744e-45
3355.625	1.086549348271104e-45
3355.75	1.005296244849649e-45
3355.875	9.864275386131359e-46
3356.0	1.0009395054663837e-45
3356.125	9.65485403652121e-46
3356.25	1.128891725832256e-45
3356.375	1.3185281550408491e-45
3356.5	1.1265240386403606e-45
3356.625	1.0748440945842252e-45
3356.75	8.39310381489316e-46
3356.875	9.331850083979292e-46
3357.0	1.0417975635183206e-45
3357.125	1.0395762268516e-45
3357.25	1.0447460102459611e-45
3357.375	1.0042577478806759e-45
3357.5	1.098354647576356e-45
3357.625	1.1010244848927208e-45
3357.75	9.990229936556252e-46
3357.875	9.778964552248958e-46
3358.0	8.815592220699689e-46
3358.125	1.074527351040256e-45
3358.25	1.1770820924768998e-45
3358.375	1.1666779688622238e-45
3358.5	1.265066476179529e-45
3358.625	1.1463852914893442e-45
3358.75	1.159626968463616e-45
3358.875	9.535200519744001e-46
3359.0	9.22803745959225e-46
3359.125	1.112066827647556e-45
3359.25	1.2320757782779686e-45
3359.375	1.2875229474849e-45
3359.5	1.351393545303025e-45
3359.625	1.0991786318227689e-45
3359.75	1.1394701014574438e-45
3359.875	1.2783394345001288e-45
3360.0	1.1707091310031286e-45
3360.125	9.97789614244864e-46
3360.25	1.0132403178220959e-45
3360.375	1.0539966780492252e-45
3360.5	1.1986042241064962e-45
3360.625	1.155614948069569e-45
3360.75	1.1794743437625758e-45
3360.875	1.1775265684214494e-45
3361.0	1.1485455204792038e-45
3361.125	1.0885698544843237e-45
3361.25	9.437550800364089e-46
3361.375	9.40283901074401e-46
3361.5	1.4540144190346812e-45
3361.625	1.74885839762481e-44
3361.75	2.39129234150416e-44
3361.875	2.7596420179670253e-45
3362.0	9.768245800812487e-46
3362.125	1.0241997537406411e-45
3362.25	1.0420390086356408e-45
3362.375	1.1935430916222492e-45
3362.5	1.225558523648484e-45
3362.625	1.1481142065395558e-45
3362.75	1.0965217636129001e-45
3362.875	9.545980377648999e-46
3363.0	1.0576143352862892e-45
3363.125	1.1722009967312409e-45
3363.25	1.1540388964379038e-45
3363.375	1.3896245315182237e-45
3363.5	1.2084573392141288e-45
3363.625	1.0829030297300642e-45
3363.75	9.10207841461801e-46
3363.875	9.096300033653291e-46
3364.0	1.076168812320144e-45
3364.125	1.0343547494409958e-45
3364.25	9.829573096224999e-46
3364.375	8.162899269409441e-46
3364.5	1.018441419954841e-45
3364.625	1.1701723493595237e-45
3364.75	1.0738690331434814e-45
3364.875	9.997167684168039e-46
3365.0	1.054811520091044e-45
3365.125	1.045081157121225e-45
3365.25	1.1320923456963998e-45
3365.375	1.1358092337293612e-45
3365.5	1.084183114348096e-45
3365.625	1.211396795875876e-45
3365.75	1.3009563135879837e-45
3365.875	1.4325302988835238e-45
3366.0	1.5265589038672085e-45
3366.125	3.0878459671921e-45
3366.25	2.225211641278201e-45
3366.375	1.150757241832969e-45
3366.5	1.134644731822144e-45
3366.625	1.207249214322064e-45
3366.75	1.1892013620704013e-45
3366.875	1.0973889197133208e-45
3367.0	1.3118375476128037e-45
3367.125	1.1341188431757606e-45
3367.25	1.203775222175296e-45
3367.375	1.0698999419556252e-45
3367.5	1.137456971154436e-45
3367.625	1.3430506169990254e-45
3367.75	1.2391459542650249e-45
3367.875	1.0278128226304e-45
3368.0	9.13476635698176e-46
3368.125	9.786035653696e-46
3368.25	1.0172033794278759e-45
3368.375	8.582418469352249e-46
3368.5	1.0497806065011242e-45
3368.625	1.1358909956923241e-45
3368.75	9.95290689939984e-46
3368.875	1.0741246538932807e-45
3369.0	1.1908140037979291e-45
3369.125	1.180500750029056e-45
3369.25	1.7749559428110762e-45
3369.375	4.535921206165504e-45
3369.5	2.5141709247970808e-45
3369.625	1.217657884452025e-45
3369.75	1.174329681028036e-45
3369.875	1.0956625634304359e-45
3370.0	1.1647895966121959e-45
3370.125	1.2127083990253688e-45
3370.25	1.1870916909148092e-45
3370.375	1.1016642544035839e-45
3370.5	1.1565499133833959e-45
3370.625	1.284066454180129e-45
3370.75	1.1930971916551213e-45
3370.875	1.0763628955208997e-45
3371.0	1.0775856019068009e-45
3371.125	1.0172677417832248e-45
3371.25	9.88257116014249e-46
3371.375	1.044226134702144e-45
3371.5	9.401996994809759e-46
3371.625	1.0693012488295839e-45
3371.75	1.047104104384144e-45
3371.875	1.074288004926889e-45
3372.0	9.625261154060249e-46
3372.125	8.89890589509156e-46
3372.25	1.2468143906470813e-45
3372.375	1.1823359272525441e-45
3372.5	1.0483839696225639e-45
3372.625	1.150424347424836e-45
3372.75	1.2413395555572011e-45
3372.875	1.0988078039928997e-45
3373.0	1.0889743261513213e-45
3373.125	1.1553607523976041e-45
3373.25	1.1000344332322893e-45
3373.375	1.1915890453988007e-45
3373.5	1.1825166623076e-45
3373.625	1.2006659514931294e-45
3373.75	1.2626780193407609e-45
3373.875	1.1264998057569001e-45
3374.0	1.0721270347092011e-45
3374.125	1.1818774806180248e-45
3374.25	9.8064175104e-46
3374.375	8.927146035889003e-46
3374.5	9.889084630172253e-46
3374.625	1.040493146568976e-45
3374.75	1.0783272166794486e-45
3374.875	1.0914053767806246e-45
3375.0	2.426369774658025e-45
3375.125	2.2729485184260097e-44
3375.25	1.9407925290028902e-44
3375.375	1.7550003241401754e-45
3375.5	1.1919576720676e-45
3375.625	1.083137080458304e-45
3375.75	8.60486548070601e-46
3375.875	1.054983334977049e-45
3376.0	1.0582862604413437e-45
3376.125	1.1762654143190759e-45
3376.25	1.310936131749904e-45
3376.375	1.145299712544729e-45
3376.5	9.351259416692407e-46
3376.625	9.948037710600999e-46
3376.75	1.221143380199044e-45
3376.875	1.1913081430702235e-45
3377.0	1.2429471072570246e-45
3377.125	1.2312302014321e-45
3377.25	1.1201556200630764e-45
3377.375	1.0720805396548811e-45
3377.5	1.1511393122611363e-45
3377.625	1.1863061962976161e-45
3377.75	1.217651812737424e-45
3377.875	1.0959402304801439e-45
3378.0	9.849213105039358e-46
3378.125	9.479923865652252e-46
3378.25	9.484408576522894e-46
3378.375	9.256451497898893e-46
3378.5	1.086046788890176e-45
3378.625	1.2325887967635361e-45
3378.75	1.2188281235349607e-45
3378.875	1.032834396583081e-45
3379.0	1.0602668467041211e-45
3379.125	8.641144686389757e-46
3379.25	8.50090471128721e-46
3379.375	9.564730817562007e-46
3379.5	1.1932780564364488e-45
3379.625	1.3133864519742758e-45
3379.75	1.1393406169743999e-45
3379.875	1.019414297479824e-45
3380.0	1.1454970215168642e-45
3380.125	1.2229611190813206e-45
3380.25	1.222697243199744e-45
3380.375	1.211114751553476e-45
3380.5	1.1726942044121288e-45
3380.625	1.154677370535936e-45
3380.75	1.070742438284401e-45
3380.875	1.1170013412648999e-45
3381.0	1.015725710684304e-45
3381.125	9.838001733169212e-46
3381.25	1.1756329991250246e-45
3381.375	1.1779878086179288e-45
3381.5	1.124899670146576e-45
3381.625	1.0146996776312013e-45
3381.75	1.0849714625990247e-45
3381.875	1.0566734524321962e-45
3382.0	1.0566312593982251e-45
3382.125	1.118154616114761e-45
3382.25	1.1889539809889439e-45
3382.375	1.1307528680355608e-45
3382.5	1.063544305048729e-45
3382.625	1.2796522960839841e-45
3382.75	1.1695590158018562e-45
3382.875	1.094037520232644e-45
3383.0	1.130950063419201e-45
3383.125	1.1299217695474808e-45
3383.25	1.071631750509369e-45
3383.375	8.928007747719842e-46
3383.5	9.34725939130944e-46
3383.625	1.1790443339562252e-45
3383.75	1.2141576479052249e-45
3383.875	1.1472342087557162e-45
3384.0	1.0203743510034007e-45
3384.125	8.788141077504009e-46
3384.25	9.83488298620689e-46
3384.375	1.2088753641432249e-45
3384.5	1.1647203839999999e-45
3384.625	9.90773514668025e-46
3384.75	1.1181007802641964e-45
3384.875	1.3424995660984959e-45
3385.0	1.217861051353956e-45
3385.125	1.1490637600526492e-45
3385.25	1.3056768684908014e-45
3385.375	1.2218857917632887e-45
3385.5	1.1265857296225003e-45
3385.625	1.1181564218117162e-45
3385.75	1.0381251780025002e-45
3385.875	1.1013059499649e-45
3386.0	1.2435114701177638e-45
3386.125	1.0236994140618092e-45
3386.25	8.937358978130557e-46
3386.375	1.018975841802801e-45
3386.5	9.769837329141211e-46
3386.625	1.2372195619534241e-45
3386.75	1.2297957645811355e-45
3386.875	9.933460615164489e-46
3387.0	1.0764109925422086e-45
3387.125	1.1083176468740252e-45
3387.25	1.1112470930491293e-45
3387.375	1.2017423024840251e-45
3387.5	1.1173928758403291e-45
3387.625	1.2116305583782561e-45
3387.75	1.1131262016941156e-45
3387.875	1.034103391320484e-45
3388.0	1.0338083996578809e-45
3388.125	1.045043915925321e-45
3388.25	1.1943356090239209e-45
3388.375	1.2005355300750252e-45
3388.5	1.3842626986737607e-45
3388.625	5.836038652360899e-45
3388.75	4.812446912727204e-45
3388.875	1.0961779371820836e-45
3389.0	1.0370876971917158e-45
3389.125	1.0992841299461156e-45
3389.25	1.1523027409922246e-45
3389.375	1.3169273021970489e-45
3389.5	1.2847332657669763e-45
3389.625	1.1306056552703997e-45
3389.75	1.030564021555201e-45
3389.875	9.788039096489639e-46
3390.0	9.897588445474887e-46
3390.125	9.852074228641959e-46
3390.25	1.3092133244008093e-45
3390.375	1.3251289013823998e-45
3390.5	1.1808824341608998e-45
3390.625	1.1742971261843608e-45
3390.75	1.2465292413008407e-45
3390.875	1.068621847207524e-45
3391.0	1.009596798867409e-45
3391.125	1.0509477958056247e-45
3391.25	1.0716673018689e-45
3391.375	1.1515349519070759e-45
3391.5	1.3911566183969439e-45
3391.625	1.3651367473310487e-45
3391.75	1.197830918773636e-45
3391.875	1.2071406023570406e-45
3392.0	1.0270357826652007e-45
3392.125	1.1129357039974811e-45
3392.25	1.1774740668929638e-45
3392.375	1.040788832265081e-45
3392.5	1.2525821970182435e-45
3392.625	1.2449224790046807e-45
3392.75	1.153336140404809e-45
3392.875	1.5267531720687212e-45
3393.0	2.899588472621929e-45
3393.125	1.3022582419240899e-44
3393.25	1.9562316130622494e-44
3393.375	6.126693212054416e-45
3393.5	2.0785249654506492e-45
3393.625	1.425330613109601e-45
3393.75	1.1201906955624999e-45
3393.875	1.0206453120516e-45
3394.0	1.0945764646594558e-45
3394.125	1.1345030592882248e-45
3394.25	9.63953527855201e-46
3394.375	1.0814627531312008e-45
3394.5	1.1079320327857689e-45
3394.625	1.2040010308435239e-45
3394.75	1.3007837663043999e-45
3394.875	1.2632388109690408e-45
3395.0	1.1483177896382439e-45
3395.125	1.047719921724004e-45
3395.25	1.0965603083799039e-45
3395.375	1.7136322104736805e-45
3395.5	5.2543125435697695e-45
3395.625	3.306774650811845e-45
3395.75	1.0651796436680998e-45
3395.875	9.895663160611286e-46
3396.0	9.454978646046012e-46
3396.125	9.335523546199209e-46
3396.25	9.00935162798724e-46
3396.375	9.476923359905442e-46
3396.5	1.1952166153290253e-45
3396.625	1.4045518379772007e-45
3396.75	1.3589401190780252e-45
3396.875	1.1718828842006252e-45
3397.0	9.769474754332813e-46
3397.125	9.64679743778436e-46
3397.25	1.1089237664570491e-45
3397.375	1.331207545004089e-45
3397.5	1.2930278899378093e-45
3397.625	1.2295065370623997e-45
3397.75	9.48870274772644e-46
3397.875	9.24349036865881e-46
3398.0	1.0574430216858008e-45
3398.125	1.1443608495304091e-45
3398.25	1.132319942601444e-45
3398.375	1.1332836805898413e-45
3398.5	9.894404905691286e-46
3398.625	9.80908699969444e-46
3398.75	1.1224225986357757e-45
3398.875	9.170493688493288e-46
3399.0	8.291658466576e-46
3399.125	1.0426209804881641e-45
3399.25	1.2669489957275287e-45
3399.375	1.1439811910296812e-45
3399.5	1.1899215826576002e-45
3399.625	1.1464001891950238e-45
3399.75	1.2033505871503358e-45
3399.875	1.173274585585216e-45
3400.0	1.2217728881614243e-45
3400.125	1.308116050044769e-45
3400.25	1.087425083824641e-45
3400.375	9.91907435571844e-46
3400.5	9.211951593328085e-46
3400.625	1.0132640642124812e-45
3400.75	1.015934154133284e-45
3400.875	9.343599515592039e-46
3401.0	9.61003224002704e-46
3401.125	1.0350585602502758e-45
3401.25	1.181510622325881e-45
3401.375	1.1092190284036001e-45
3401.5	1.2573140159733759e-45
3401.625	1.2049944517808998e-45
3401.75	1.1328600215761959e-45
3401.875	1.1969219638335996e-45
3402.0	1.0233909385923241e-45
3402.125	1.109663893777924e-45
3402.25	1.093992272406916e-45
3402.375	1.258238946928896e-45
3402.5	1.1123979946221606e-45
3402.625	9.42025811768721e-46
3402.75	1.0228665538212248e-45
3402.875	1.0059886417209758e-45
3403.0	1.1335484992769438e-45
3403.125	1.3161516922280247e-45
3403.25	1.2708150531710486e-45
3403.375	1.0967447630767691e-45
3403.5	1.0713482773428493e-45
3403.625	1.0882559771256253e-45
3403.75	1.0257893249789161e-45
3403.875	8.996818481218089e-46
3404.0	9.53602871572521e-46
3404.125	1.006881174794881e-45
3404.25	1.0957918589460087e-45
3404.375	1.104767236565521e-45
3404.5	1.1756472627703689e-45
3404.625	1.213264392483025e-45
3404.75	1.1013167686046491e-45
3404.875	1.1574157852225959e-45
3405.0	1.3920452036548841e-45
3405.125	1.3478146316340247e-45
3405.25	1.286269891806025e-45
3405.375	1.321181393067481e-45
3405.5	1.1777221726538485e-45
3405.625	1.057657263419449e-45
3405.75	1.060935249144001e-45
3405.875	1.0222959415297691e-45
3406.0	9.42832151847184e-46
3406.125	1.056616306753225e-45
3406.25	1.1764419804899995e-45
3406.375	1.1447259547724007e-45
3406.5	1.058967055067076e-45
3406.625	1.1672010343769758e-45
3406.75	1.0622846147732639e-45
3406.875	1.1971442224519837e-45
3407.0	1.0877325090240998e-45
3407.125	1.1576755146861613e-45
3407.25	1.0326932524470253e-45
3407.375	1.1442497597511212e-45
3407.5	1.0924768787590439e-45
3407.625	1.0900314941406247e-45
3407.75	1.107691390872004e-45
3407.875	1.047510443250756e-45
3408.0	1.1109466283099561e-45
3408.125	1.3025998370363035e-45
3408.25	1.1848892297283998e-45
3408.375	1.066435627818276e-45
3408.5	1.2833482288224998e-45
3408.625	1.4006555501608887e-45
3408.75	1.2633448707349687e-45
3408.875	1.1576659197601002e-45
3409.0	1.1588032293576015e-45
3409.125	1.3274769437862487e-45
3409.25	1.1912667940612891e-45
3409.375	1.0449657503649e-45
3409.5	1.2130157747973762e-45
3409.625	1.1073993273121e-45
3409.75	1.1562508656087215e-45
3409.875	1.1070490748884089e-45
3410.0	1.1668687074915997e-45
3410.125	1.0679108319990251e-45
3410.25	1.1783970976285212e-45
3410.375	1.035937372932361e-45
3410.5	1.004040112574464e-45
3410.625	9.899725982689003e-46
3410.75	1.0441855480995998e-45
3410.875	1.0410315156003998e-45
3411.0	1.0970905332354486e-45
3411.125	1.312232874810025e-45
3411.25	1.3275335636915559e-45
3411.375	1.154980428910009e-45
3411.5	1.1510813632080999e-45
3411.625	1.2531225470798406e-45
3411.75	1.187610007511524e-45
3411.875	1.1632047751009441e-45
3412.0	1.184277625822225e-45
3412.125	1.066036604846656e-45
3412.25	1.048001028648336e-45
3412.375	1.0888552008136356e-45
3412.5	1.058883098954256e-45
3412.625	1.3685729793044407e-45
3412.75	1.1463699198672249e-45
3412.875	9.896437027116091e-46
3413.0	9.620331975556002e-46
3413.125	1.0997334985729002e-45
3413.25	1.371333843825625e-45
3413.375	1.237860095431696e-45
3413.5	1.0791912889962088e-45
3413.625	1.147509053259409e-45
3413.75	1.090793693991556e-45
3413.875	1.1835880829892252e-45
3414.0	1.2062495155966088e-45
3414.125	1.1837019607008999e-45
3414.25	1.1626787869017758e-45
3414.375	1.1744025369762491e-45
3414.5	1.1633262630897608e-45
3414.625	1.2431890419609957e-45
3414.75	1.058016072611281e-45
3414.875	1.084743537348025e-45
3415.0	1.0781828004616361e-45
3415.125	1.067776787337316e-45
3415.25	1.1284281074630559e-45
3415.375	1.2040992302176891e-45
3415.5	1.2202872414121e-45
3415.625	1.2433706318545209e-45
3415.75	1.1615273754913434e-45
3415.875	1.1870522756406251e-45
3416.0	1.129269409996816e-45
3416.125	1.3306061823756247e-45
3416.25	1.2292226727139846e-45
3416.375	1.131220663373376e-45
3416.5	1.0723548095552407e-45
3416.625	1.054376621399556e-45
3416.75	1.1839755648309158e-45
3416.875	1.2658115172800247e-45
3417.0	1.4554823961162253e-45
3417.125	1.223542403847241e-45
3417.25	1.0943344988485292e-45
3417.375	1.1892655736328998e-45
3417.5	1.0118137533603998e-45
3417.625	1.1182897130239206e-45
3417.75	1.3391564056041958e-45
3417.875	1.2379134337920358e-45
3418.0	1.0660181902043559e-45
3418.125	1.0073947176283239e-45
3418.25	1.0728032915129761e-45
3418.375	1.1994022293177692e-45
3418.5	1.0369531538870488e-45
3418.625	1.1936962119082808e-45
3418.75	1.2907491852920039e-45
3418.875	1.0659229851225758e-45
3419.0	1.1590386021583361e-45
3419.125	1.1586001484626557e-45
3419.25	1.206579830996164e-45
3419.375	1.1779460736459606e-45
3419.5	1.1220259631823356e-45
3419.625	1.2286267203399838e-45
3419.75	1.1432000855825642e-45
3419.875	1.0359728421870242e-45
3420.0	1.174158893064004e-45
3420.125	1.227406801021956e-45
3420.25	1.1259195027161758e-45
3420.375	1.117350089143369e-45
3420.5	1.1557315515867039e-45
3420.625	1.0968808787328642e-45
3420.75	1.208208102266944e-45
3420.875	1.2881348812352159e-45
3421.0	1.1389478878832038e-45
3421.125	1.0185755867471609e-45
3421.25	1.1873040071692839e-45
3421.375	1.2953233603412008e-45
3421.5	1.2435012437359692e-45
3421.625	1.0893172190976362e-45
3421.75	1.0374205184341688e-45
3421.875	1.0761684186600358e-45
3422.0	1.147950824504929e-45
3422.125	1.0784473410372843e-45
3422.25	1.045707632784409e-45
3422.375	1.0558446339001686e-45
3422.5	1.1171869723764087e-45
3422.625	1.221596447406336e-45
3422.75	1.150395585220324e-45
3422.875	1.2301913684390564e-45
3423.0	1.4468047726507685e-45
3423.125	1.1861635385256248e-45
3423.25	1.052313958693321e-45
3423.375	1.1061185098895996e-45
3423.5	1.049549280975504e-45
3423.625	1.0227607591581614e-45
3423.75	1.0212924161675559e-45
3423.875	1.1611108725559293e-45
3424.0	1.1917318219179607e-45
3424.125	1.1338942308357158e-45
3424.25	1.1962415462256253e-45
3424.375	1.2744722928615038e-45
3424.5	1.2472236701309159e-45
3424.625	1.0517816307794889e-45
3424.75	9.41860939201009e-46
3424.875	1.0780040503527838e-45
3425.0	1.1121051777940807e-45
3425.125	1.1195815041819038e-45
3425.25	1.215579591016569e-45
3425.375	1.166465319138025e-45
3425.5	1.0265478228462247e-45
3425.625	1.2208199519747561e-45
3425.75	1.4172189819489606e-45
3425.875	1.455827223332416e-45
3426.0	1.1109519612549158e-45
3426.125	9.132404823771609e-46
3426.25	1.0090896200012408e-45
3426.375	1.2277568192883211e-45
3426.5	1.153548880684225e-45
3426.625	1.1385361958088038e-45
3426.75	1.1822210837673638e-45
3426.875	1.155924045247689e-45
3427.0	1.1405558191174562e-45
3427.125	1.3215105088873958e-45
3427.25	1.2368027132584359e-45
3427.375	1.1057535627541289e-45
3427.5	9.85309185433225e-46
3427.625	1.0099926165051613e-45
3427.75	9.886031370435999e-46
3427.875	1.1799830254761609e-45
3428.0	1.0825670044929955e-45
3428.125	1.1456629366554486e-45
3428.25	9.717173372091607e-46
3428.375	1.0874927518940248e-45
3428.5	1.1341114343180411e-45
3428.625	1.311659209850896e-45
3428.75	1.1713004516872892e-45
3428.875	1.2038475286080362e-45
3429.0	1.1172768188274808e-45
3429.125	9.670397660911693e-46
3429.25	9.71263208689216e-46
3429.375	1.2535640173584358e-45
3429.5	1.2655940012353438e-45
3429.625	1.0763438013670413e-45
3429.75	1.1920675323215607e-45
3429.875	9.737929039790248e-46
3430.0	9.118768065008043e-46
3430.125	1.0268581195691291e-45
3430.25	9.150741765372487e-46
3430.375	9.062165579717612e-46
3430.5	1.124202424440384e-45
3430.625	1.314916108579984e-45
3430.75	1.0936241724601207e-45
3430.875	1.0482718773587291e-45
3431.0	1.1426244878474413e-45
3431.125	1.2086991618552009e-45
3431.25	1.3002228503116091e-45
3431.375	1.128166574652481e-45
3431.5	1.025540098643025e-45
3431.625	1.100342176016836e-45
3431.75	1.1402697872301608e-45
3431.875	1.3423157854663837e-45
3432.0	1.312196505408009e-45
3432.125	1.0759691702769607e-45
3432.25	1.1755610650399359e-45
3432.375	1.232527007028496e-45
3432.5	1.0888114461624486e-45
3432.625	9.577839032710559e-46
3432.75	1.039799485630084e-45
3432.875	1.1671810141689608e-45
3433.0	1.1555813619086492e-45
3433.125	1.0267469918094485e-45
3433.25	1.1368136335888889e-45
3433.375	1.2705351566174886e-45
3433.5	1.087415059104529e-45
3433.625	9.024845123044e-46
3433.75	1.1450048299264e-45
3433.875	1.168761498619716e-45
3434.0	1.016143192754001e-45
3434.125	1.1034889391904159e-45
3434.25	9.800576216803839e-46
3434.375	1.1737681560900001e-45
3434.5	1.0403532863220641e-45
3434.625	1.0139125182120488e-45
3434.75	9.127982379276006e-46
3434.875	1.2136728662448641e-45
3435.0	1.2986565759868842e-45
3435.125	1.036682612373136e-45
3435.25	1.0626833261829758e-45
3435.375	1.3680329908248998e-45
3435.5	1.3519097233056249e-45
3435.625	1.2720307434916e-45
3435.75	1.3029905212415997e-45
3435.875	1.198818744577444e-45
3436.0	1.1400987930918007e-45
3436.125	1.144037675787876e-45
3436.25	1.06065508329e-45
3436.375	1.2060365538733692e-45
3436.5	1.0904468042233957e-45
3436.625	1.052850899056896e-45
3436.75	1.101282786307561e-45
3436.875	9.538645087818092e-46
3437.0	8.988331984192087e-46
3437.125	9.80938892163136e-46
3437.25	1.147987552261225e-45
3437.375	1.1502742316702491e-45
3437.5	1.0879941943490491e-45
3437.625	1.0125975521102439e-45
3437.75	1.0088726051900247e-45
3437.875	1.0145686330624357e-45
3438.0	1.1620914876283694e-45
3438.125	1.1816197938418088e-45
3438.25	1.1635608667760638e-45
3438.375	1.069715861793121e-45
3438.5	1.087729936524001e-45
3438.625	1.1157036246224998e-45
3438.75	1.354239116800144e-45
3438.875	1.2277881446768637e-45
3439.0	1.243884232800049e-45
3439.125	1.2798667238006246e-45
3439.25	1.2058072208202248e-45
3439.375	1.154449236432969e-45
3439.5	1.1729147501526488e-45
3439.625	1.2511719463042809e-45
3439.75	1.1216969831450251e-45
3439.875	1.2657904550466011e-45
3440.0	1.2149212167184e-45
3440.125	1.190264628044944e-45
3440.25	1.2338747256618088e-45
3440.375	1.125190275348736e-45
3440.5	1.5052272283185638e-45
3440.625	1.154514541509904e-45
3440.75	1.0237380647526491e-45
3440.875	1.0381805970561004e-45
3441.0	1.0592190735573164e-45
3441.125	1.0976765459648038e-45
3441.25	9.353505334170007e-46
3441.375	1.1345854478976639e-45
3441.5	1.2188351757124e-45
3441.625	1.1181137542512639e-45
3441.75	1.1759807687157761e-45
3441.875	9.895381304556251e-46
3442.0	1.0404584386750438e-45
3442.125	1.1587998933225e-45
3442.25	1.161707876474896e-45
3442.375	1.1563814434608812e-45
3442.5	1.1198006788769289e-45
3442.625	1.3160778296173691e-45
3442.75	1.1495142387331689e-45
3442.875	9.02124892735236e-46
3443.0	9.887357641005611e-46
3443.125	9.993527484766806e-46
3443.25	1.0395425015119689e-45
3443.375	1.1152777210590757e-45
3443.5	1.0057698040878758e-45
3443.625	1.093303681610449e-45
3443.75	1.2290787895684003e-45
3443.875	1.225560694144081e-45
3444.0	1.2844848845635211e-45
3444.125	1.2540947342399998e-45
3444.25	1.259207651619856e-45
3444.375	1.2523713413218811e-45
3444.5	1.331074375467664e-45
3444.625	1.402842941157025e-45
3444.75	1.2469717381251692e-45
3444.875	1.104873733808881e-45
3445.0	1.0670607614828158e-45
3445.125	1.038596222653081e-45
3445.25	1.0988111188223999e-45
3445.375	1.2628426190310085e-45
3445.5	1.0439240807145959e-45
3445.625	1.1597615509939838e-45
3445.75	1.0267448128938813e-45
3445.875	1.1083693823211238e-45
3446.0	1.0308223336420838e-45
3446.125	1.0807219016922251e-45
3446.25	1.186695500711809e-45
3446.375	1.371405389665081e-45
3446.5	1.332982509661089e-45
3446.625	1.0767855036481e-45
3446.75	1.2161965037320811e-45
3446.875	1.1518294523637691e-45
3447.0	1.0898667523969002e-45
3447.125	1.0315880855390253e-45
3447.25	1.0541675823948091e-45
3447.375	1.0127587017768999e-45
3447.5	1.1270424565312088e-45
3447.625	1.097868516541801e-45
3447.75	1.192769901323001e-45
3447.875	1.2734035950179614e-45
3448.0	1.0925671143240087e-45
3448.125	1.0547123999848957e-45
3448.25	1.0128622592970087e-45
3448.375	1.143716509178884e-45
3448.5	1.106910799332361e-45
3448.625	1.1492920394641e-45
3448.75	1.334317285342864e-45
3448.875	1.2401077755468962e-45
3449.0	1.1233071738506246e-45
3449.125	1.1047728870393757e-45
3449.25	1.1433464929476492e-45
3449.375	1.2221362256742252e-45
3449.5	1.254267839934736e-45
3449.625	1.1220242213568997e-45
3449.75	1.1744752581019241e-45
3449.875	1.1485816477143611e-45
3450.0	1.1762137640167288e-45
3450.125	1.060567347720609e-45
3450.25	1.136956866501681e-45
3450.375	1.0131091765493761e-45
3450.5	1.0531537873335611e-45
3450.625	1.0856412138649e-45
3450.75	1.2964460063656356e-45
3450.875	1.3906553010030806e-45
3451.0	1.210374437070096e-45
3451.125	1.1288895754983038e-45
3451.25	1.032186408564964e-45
3451.375	1.1241245040971559e-45
3451.5	1.265485499237569e-45
3451.625	1.3107186824148012e-45
3451.75	1.3146345872521e-45
3451.875	1.2702736102464038e-45
3452.0	1.3324934661222251e-45
3452.125	1.1666563819479039e-45
3452.25	1.0611912153648998e-45
3452.375	1.2404539647662413e-45
3452.5	1.2094832701958758e-45
3452.625	1.222876700879716e-45
3452.75	1.1021729370200998e-45
3452.875	1.1286918879201e-45
3453.0	1.1584460966182091e-45
3453.125	1.2213042716428959e-45
3453.25	1.104028279140241e-45
3453.375	1.2574146495618493e-45
3453.5	1.3343459236899999e-45
3453.625	1.2281795004336642e-45
3453.75	1.2559691465190253e-45
3453.875	1.1154363566262011e-45
3454.0	1.1499856272278438e-45
3454.125	1.2115025361560247e-45
3454.25	1.1951121413152361e-45
3454.375	1.2946173209856806e-45
3454.5	1.1715923344179606e-45
3454.625	1.226773321304976e-45
3454.75	1.325073352024249e-45
3454.875	1.3849691758502761e-45
3455.0	1.3450404415928487e-45
3455.125	1.4047967256619234e-45
3455.25	1.1930520121422252e-45
3455.375	1.278545599643536e-45
3455.5	1.3699632053641961e-45
3455.625	1.1692658819209e-45
3455.75	1.1960621861934241e-45
3455.875	1.1739279515674239e-45
3456.0	1.475629019282889e-45
3456.125	1.2331720136694006e-45
3456.25	1.0804791054921635e-45
3456.375	1.081338120294436e-45
3456.5	1.2239384000985607e-45
3456.625	1.1174410787099041e-45
3456.75	1.3483252053243041e-45
3456.875	1.4065369646382758e-45
3457.0	1.2227353576226886e-45
3457.125	1.421919433472409e-45
3457.25	1.2431762782770254e-45
3457.375	1.2005533395960037e-45
3457.5	1.210344169580001e-45
3457.625	1.196032928196681e-45
3457.75	1.2186354184636812e-45
3457.875	1.1079867550092248e-45
3458.0	1.142983230561225e-45
3458.125	1.1447233157375996e-45
3458.25	1.0694251206683559e-45
3458.375	1.3091454458732252e-45
3458.5	1.2521522230921687e-45
3458.625	1.255951214117604e-45
3458.75	1.2316698342837162e-45
3458.875	1.1069702873725689e-45
3459.0	1.1450168085814093e-45
3459.125	1.3851738668697758e-45
3459.25	1.553275475731456e-45
3459.375	1.2064593700473756e-45
3459.5	1.3682845135089002e-45
3459.625	1.6314282764292485e-45
3459.75	1.3439499543659292e-45
3459.875	1.226790413722624e-45
3460.0	1.1422252448933291e-45
3460.125	1.0671694763535997e-45
3460.25	1.3238052796982251e-45
3460.375	1.2219252218662087e-45
3460.5	1.2663419021472039e-45
3460.625	1.258809537846436e-45
3460.75	1.0222114696497642e-45
3460.875	1.042484464350784e-45
3461.0	1.0057807136901159e-45
3461.125	1.2340656107329e-45
3461.25	1.156118051013696e-45
3461.375	9.643782437136e-46
3461.5	8.36384561858596e-46
3461.625	9.973880472654006e-46
3461.75	1.1216842563180251e-45
3461.875	1.1947751037393609e-45
3462.0	1.2325387329159611e-45
3462.125	1.3029095209222442e-45
3462.25	1.339225570075761e-45
3462.375	1.2246857201601002e-45
3462.5	1.1298169625625e-45
3462.625	1.1821368458350889e-45
3462.75	1.114417678581025e-45
3462.875	1.1737733636613758e-45
3463.0	1.0405497255478091e-45
3463.125	1.1067874366122248e-45
3463.25	1.3251625373395238e-45
3463.375	1.366538535425284e-45
3463.5	1.0646716100416354e-45
3463.625	1.043772359341156e-45
3463.75	9.858457073124e-46
3463.875	1.160862410387761e-45
3464.0	1.246005846220864e-45
3464.125	1.2727206085441002e-45
3464.25	1.0888191015130812e-45
3464.375	1.0545704831708008e-45
3464.5	9.95094028002321e-46
3464.625	9.059659341358239e-46
3464.75	1.1264473132577441e-45
3464.875	1.2259012757141289e-45
3465.0	1.384759141371904e-45
3465.125	1.1809332246546806e-45
3465.25	9.406988927642253e-46
3465.375	9.76325451886849e-46
3465.5	1.1027757138764888e-45
3465.625	1.1199712149728408e-45
3465.75	1.0285045910742492e-45
3465.875	1.091223287601561e-45
3466.0	1.0396524494241639e-45
3466.125	1.0989574403777292e-45
3466.25	1.1676111106056251e-45
3466.375	1.3245425976787558e-45
3466.5	1.3949272591256253e-45
3466.625	1.247571133666729e-45
3466.75	1.046658115593216e-45
3466.875	1.113997694572816e-45
3467.0	1.070270374410169e-45
3467.125	1.161334552132881e-45
3467.25	1.1920589007544359e-45
3467.375	1.361324630353689e-45
3467.5	1.378428088787344e-45
3467.625	1.2066308237744638e-45
3467.75	1.3563060770197209e-45
3467.875	1.2135009129155998e-45
3468.0	1.2784590697581159e-45
3468.125	1.1477392786466008e-45
3468.25	1.3166925922150809e-45
3468.375	9.971141285689958e-46
3468.5	1.035784237694404e-45
3468.625	1.2307044856344037e-45
3468.75	1.3039131784286437e-45
3468.875	1.1742778676366439e-45
3469.0	1.1301991046123557e-45
3469.125	1.268900595100161e-45
3469.25	1.476282819725476e-45
3469.375	1.286437456697481e-45
3469.5	1.047075499234116e-45
3469.625	1.3001164074941291e-45
3469.75	1.1211631212830758e-45
3469.875	1.178626006441129e-45
3470.0	1.1032182889728995e-45
3470.125	1.0669201720975361e-45
3470.25	1.2295095525957686e-45
3470.375	1.3078152228579841e-45
3470.5	1.210855079859649e-45
3470.625	1.0041076695249642e-45
3470.75	9.499961155080493e-46
3470.875	1.1452351423903288e-45
3471.0	1.2210174421635999e-45
3471.125	1.0562872453283288e-45
3471.25	1.098217048652164e-45
3471.375	1.1320460484756641e-45
3471.5	1.1254846754835359e-45
3471.625	1.180280041881616e-45
3471.75	1.2545830589688357e-45
3471.875	1.2685464695556e-45
3472.0	1.2361043712921756e-45
3472.125	1.3483812399367205e-45
3472.25	1.4285612763939688e-45
3472.375	1.2133375406700247e-45
3472.5	1.2217318526649607e-45
3472.625	1.2795904108777689e-45
3472.75	1.1193169169656359e-45
3472.875	1.083835894685569e-45
3473.0	1.2031212321374439e-45
3473.125	1.1279424853710246e-45
3473.25	1.0904234908767209e-45
3473.375	1.114818910321216e-45
3473.5	1.264515093520441e-45
3473.625	1.0842074804176358e-45
3473.75	1.1917280245593962e-45
3473.875	1.2580472653574441e-45
3474.0	1.1742027539561638e-45
3474.125	1.0328174922004839e-45
3474.25	1.021533135490624e-45
3474.375	1.1674226346994887e-45
3474.5	1.3395857665239037e-45
3474.625	1.174805444439225e-45
3474.75	1.086749178242641e-45
3474.875	1.0267478249248358e-45
3475.0	1.2673748096432635e-45
3475.125	1.371952562254884e-45
3475.25	1.1936510901535356e-45
3475.375	1.2337015578317437e-45
3475.5	1.2870524330131688e-45
3475.625	1.2273192166694558e-45
3475.75	1.293560277277801e-45
3475.875	1.4762952686177442e-45
3476.0	1.4000804566872007e-45
3476.125	1.2065004261312253e-45
3476.25	1.1979026311328999e-45
3476.375	1.3238820513360996e-45
3476.5	1.214415303765444e-45
3476.625	1.052693858219536e-45
3476.75	1.200356125576336e-45
3476.875	1.1518672602889e-45
3477.0	9.81913873605025e-46
3477.125	1.020427313680384e-45
3477.25	1.163851033098121e-45
3477.375	1.2521010558016002e-45
3477.5	1.266795162148356e-45
3477.625	1.336644494902201e-45
3477.75	1.318937926324225e-45
3477.875	1.1468876684329001e-45
3478.0	1.2090521356163287e-45
3478.125	1.1466103248732247e-45
3478.25	1.1544995911731838e-45
3478.375	1.1773103245459361e-45
3478.5	1.380446838553225e-45
3478.625	1.2454220017483686e-45
3478.75	1.177525676228836e-45
3478.875	1.0781518037892836e-45
3479.0	1.064889062839044e-45
3479.125	1.3470635965932249e-45
3479.25	1.2020365668192009e-45
3479.375	1.254471417316324e-45
3479.5	1.3125167473409286e-45
3479.625	1.212190204176484e-45
3479.75	1.1572267732972958e-45
3479.875	1.2062229811798405e-45
3480.0	1.2633942056820491e-45
3480.125	1.227141254891776e-45
3480.25	1.166783242087681e-45
3480.375	1.072039349808144e-45
3480.5	1.089144676804864e-45
3480.625	1.3071277684252839e-45
3480.75	1.3388877423642247e-45
3480.875	1.264132354420321e-45
3481.0	1.1449667287454489e-45
3481.125	1.156269431697444e-45
3481.25	1.1297833500624999e-45
3481.375	9.796540053306247e-46
3481.5	1.0396444530163239e-45
3481.625	1.1825949300988837e-45
3481.75	1.2826350750710254e-45
3481.875	1.1729316686481e-45
3482.0	1.2667745188341762e-45
3482.125	1.3692262273452485e-45
3482.25	1.196386607347684e-45
3482.375	1.173207998511376e-45
3482.5	9.50846314953616e-46
3482.625	1.004101712254096e-45
3482.75	1.1014246924229608e-45
3482.875	1.151432472679696e-45
3483.0	1.1638210118620405e-45
3483.125	1.2945527722512357e-45
3483.25	1.1007701951124486e-45
3483.375	1.1227783571732249e-45
3483.5	1.0793101473567359e-45
3483.625	1.0882204155705964e-45
3483.75	1.171194427307524e-45
3483.875	1.3405458925331562e-45
3484.0	1.1854669738333212e-45
3484.125	1.2329793015780252e-45
3484.25	1.3237354230806253e-45
3484.375	1.0634291224881212e-45
3484.5	1.0935000973807691e-45
3484.625	9.786518037949209e-46
3484.75	1.159055964997921e-45
3484.875	1.2007819645946005e-45
3485.0	1.0733268901422238e-45
3485.125	1.0519423009955998e-45
3485.25	1.1530451146843242e-45
3485.375	1.1390260502916e-45
3485.5	1.2856520188800998e-45
3485.625	1.1580444391227038e-45
3485.75	1.157892738119329e-45
3485.875	1.1962636818320248e-45
3486.0	1.2259640195853609e-45
3486.125	1.1450254711506245e-45
3486.25	1.207626371344561e-45
3486.375	1.300522226064516e-45
3486.5	1.330125525624996e-45
3486.625	1.3103973567469212e-45
3486.75	1.2816880440502406e-45
3486.875	1.1182434313816089e-45
3487.0	1.1329078164204159e-45
3487.125	1.3509103243918241e-45
3487.25	1.3369381621472251e-45
3487.375	1.2895484969606558e-45
3487.5	1.2804441294904358e-45
3487.625	1.092235211236324e-45
3487.75	1.045953670216849e-45
3487.875	1.1705290952960159e-45
3488.0	1.364059711046041e-45
3488.125	1.1768852377891206e-45
3488.25	1.1820112853128808e-45
3488.375	1.0628840140176041e-45
3488.5	9.401386817457612e-46
3488.625	1.1627640336542758e-45
3488.75	1.2212837926906411e-45
3488.875	1.118920094769169e-45
3489.0	9.900987093155558e-46
3489.125	1.0923396485158439e-45
3489.25	1.122433721518564e-45
3489.375	1.1626624198828961e-45
3489.5	1.1373021056881e-45
3489.625	1.170019582391401e-45
3489.75	1.2083335865546491e-45
3489.875	1.2376168504888411e-45
3490.0	1.1984650522733162e-45
3490.125	1.0978657995473638e-45
3490.25	9.81831274950969e-46
3490.375	1.0724011795663687e-45
3490.5	1.2734911669760642e-45
3490.625	1.195834564267281e-45
3490.75	1.190492271327121e-45
3490.875	1.267862152130704e-45
3491.0	1.1650745913097207e-45
3491.125	1.1960336890383998e-45
3491.25	1.111138555725025e-45
3491.375	1.139275742479281e-45
3491.5	1.265669990977536e-45
3491.625	1.203802839923044e-45
3491.75	1.2968458499685158e-45
3491.875	1.2262035954961002e-45
3492.0	1.0282468260989439e-45
3492.125	1.0252143758229608e-45
3492.25	1.3287771012360246e-45
3492.375	1.113573518322001e-45
3492.5	9.70781518372689e-46
3492.625	1.0475278558362249e-45
3492.75	1.232593711922596e-45
3492.875	1.286259778007296e-45
3493.0	1.3024665904488038e-45
3493.125	1.140033829485769e-45
3493.25	1.1516956702361638e-45
3493.375	1.3826210013665439e-45
3493.5	1.3913998133667837e-45
3493.625	1.2759236151253291e-45
3493.75	1.2948127760190491e-45
3493.875	1.2584938592160488e-45
3494.0	1.1244510902028959e-45
3494.125	1.302131843884096e-45
3494.25	1.2734885975847838e-45
3494.375	1.2626225866268008e-45
3494.5	1.0853238057280091e-45
3494.625	9.627302060752362e-46
3494.75	1.181697138175684e-45
3494.875	1.2932090561986562e-45
3495.0	1.2519728236999839e-45
3495.125	1.1393198920389687e-45
3495.25	1.2267352140484002e-45
3495.375	1.2720971535938407e-45
3495.5	1.2965903232072039e-45
3495.625	1.0656451646968408e-45
3495.75	1.063290924692164e-45
3495.875	1.0807864678504891e-45
3496.0	1.0357678884891043e-45
3496.125	8.769704577339689e-46
3496.25	1.1071878914714893e-45
3496.375	1.1264081124960159e-45
3496.5	1.241504943120016e-45
3496.625	1.2135754616881e-45
3496.75	1.1535309477962407e-45
3496.875	1.2473198729170558e-45
3497.0	1.258097702726929e-45
3497.125	1.3215829969378887e-45
3497.25	1.285174246352929e-45
3497.375	1.148406574869904e-45
3497.5	1.067112962223025e-45
3497.625	1.541485170109504e-45
3497.75	1.377772203669316e-45
3497.875	1.2647889205046408e-45
3498.0	1.1847578781773442e-45
3498.125	1.1347240938635561e-45
3498.25	1.0235187765504002e-45
3498.375	9.36792489128356e-46
3498.5	9.87914110072201e-46
3498.625	1.237748074542736e-45
3498.75	1.347063816807424e-45
3498.875	1.3209108319695689e-45
3499.0	1.3337626241112253e-45
3499.125	1.3234047934341607e-45
3499.25	1.1624772078144e-45
3499.375	1.1514621301064008e-45
3499.5	1.103063646609604e-45
3499.625	1.070018156721424e-45
3499.75	1.232501800070025e-45
3499.875	1.1940174094662489e-45
3500.0	1.200716472638736e-45
3500.125	1.2617942257580492e-45
3500.25	1.1619821312038806e-45
3500.375	1.0772320227913693e-45
3500.5	1.043865794623744e-45
3500.625	1.177592728877041e-45
3500.75	1.2273920165640247e-45
3500.875	1.1728448855933285e-45
3501.0	1.031100072898009e-45
3501.125	1.0528775712056248e-45
3501.25	9.671418921990249e-46
3501.375	1.157263513067776e-45
3501.5	1.3274242599395564e-45
3501.625	1.262267135503201e-45
3501.75	1.3094015554077157e-45
3501.875	1.2558388028498558e-45
3502.0	1.265104320573025e-45
3502.125	1.376943994982416e-45
3502.25	1.2421706214024812e-45
3502.375	1.287758201081104e-45
3502.5	1.3769835515374407e-45
3502.625	1.2200214885856359e-45
3502.75	1.138705722941796e-45
3502.875	1.2011764787880485e-45
3503.0	1.1245477339127289e-45
3503.125	1.155487948715961e-45
3503.25	1.2543283305840041e-45
3503.375	1.1961600612892087e-45
3503.5	1.014068104158096e-45
3503.625	1.0942648319462759e-45
3503.75	1.1703847893267694e-45
3503.875	1.1852055221905964e-45
3504.0	1.0473193027099687e-45
3504.125	1.0936692803902408e-45
3504.25	1.264775264015041e-45
3504.375	1.1899005406542244e-45
3504.5	1.1588835679796407e-45
3504.625	1.0991702107576962e-45
3504.75	1.105399913478025e-45
3504.875	1.2583398303633962e-45
3505.0	1.3175719550438758e-45
3505.125	1.164638409986401e-45
3505.25	1.1192417756150411e-45
3505.375	1.547975909705625e-45
3505.5	1.4221051908560997e-45
3505.625	1.1121489311166089e-45
3505.75	1.1605990531643558e-45
3505.875	1.0002642825720252e-45
3506.0	1.1180024077908487e-45
3506.125	1.3963283373455289e-45
3506.25	1.213810131089284e-45
3506.375	1.229487462146304e-45
3506.5	1.3103530490424008e-45
3506.625	1.080137277855364e-45
3506.75	1.0333737382691608e-45
3506.875	9.921409499963611e-46
3507.0	1.0744798861475999e-45
3507.125	1.217757616275456e-45
3507.25	1.321749210745161e-45
3507.375	1.3961602634919838e-45
3507.5	1.2276938894023687e-45
3507.625	1.1879083268741158e-45
3507.75	1.2247399638012247e-45
3507.875	1.1532391503906245e-45
3508.0	1.086896342908321e-45
3508.125	1.0299721383260407e-45
3508.25	1.252400572689984e-45
3508.375	1.325372662526224e-45
3508.5	1.3435149829201002e-45
3508.625	1.171799836959844e-45
3508.75	1.0832240990169e-45
3508.875	1.2299542089142094e-45
3509.0	1.2135172159094759e-45
3509.125	1.1813299641713608e-45
3509.25	1.0738114243598439e-45
3509.375	1.013472891637921e-45
3509.5	1.1883306423975842e-45
3509.625	1.275735948762916e-45
3509.75	1.191039905010916e-45
3509.875	1.1945122819880887e-45
3510.0	9.832799497170252e-46
3510.125	8.72110260069169e-46
3510.25	1.154159089488889e-45
3510.375	1.0793821620183038e-45
3510.5	1.021545025177924e-45
3510.625	1.1730741450288999e-45
3510.75	1.2814983791124838e-45
3510.875	1.3686549597435686e-45
3511.0	1.1769941954078013e-45
3511.125	1.136303827319236e-45
3511.25	1.027503599761809e-45
3511.375	1.2803827976589688e-45
3511.5	1.3966124193532845e-45
3511.625	1.084817248126096e-45
3511.75	9.62092812499641e-46
3511.875	1.1171884430481614e-45
3512.0	1.1084396965246439e-45
3512.125	1.1491995588237158e-45
3512.25	1.2376074926853158e-45
3512.375	1.287389182602436e-45
3512.5	1.2175808376102009e-45
3512.625	1.3635689132531557e-45
3512.75	1.3796542268278092e-45
3512.875	1.326864840936336e-45
3513.0	1.1526531539565159e-45
3513.125	1.201308598690201e-45
3513.25	1.3465868016651612e-45
3513.375	1.363199303697841e-45
3513.5	1.2593186521343999e-45
3513.625	1.0977304179602247e-45
3513.75	1.297679511775761e-45
3513.875	1.2432666832401689e-45
3514.0	1.2484845598778008e-45
3514.125	1.1584297594183692e-45
3514.25	1.1155481764313292e-45
3514.375	1.0921708327680638e-45
3514.5	1.284908903331876e-45
3514.625	1.3138839385663694e-45
3514.75	1.3170585282726007e-45
3514.875	1.3395919153900964e-45
3515.0	1.3042074893989691e-45
3515.125	1.298004966842896e-45
3515.25	1.0649218915258807e-45
3515.375	9.77101761925129e-46
3515.5	1.2312733611450246e-45
3515.625	1.2031344128679842e-45
3515.75	1.1095719556166438e-45
3515.875	1.2206453269302251e-45
3516.0	1.1302374299520161e-45
3516.125	1.146725525048896e-45
3516.25	1.3508529141104013e-45
3516.375	1.1674496955693687e-45
3516.5	1.1446187718062249e-45
3516.625	1.2166326771886438e-45
3516.75	1.2375448033500246e-45
3516.875	1.1454312950968408e-45
3517.0	1.1958418262549162e-45
3517.125	1.126205004404484e-45
3517.25	1.0939571464505285e-45
3517.375	9.56545390212624e-46
3517.5	1.1116616904112813e-45
3517.625	1.2569230086720997e-45
3517.75	1.1483601485763686e-45
3517.875	1.2150152592707607e-45
3518.0	1.1178847811266557e-45
3518.125	1.1965679288222485e-45
3518.25	1.2410493259609e-45
3518.375	1.1049439370458087e-45
3518.5	1.2945089491112247e-45
3518.625	1.136586192330436e-45
3518.75	1.1503240204463286e-45
3518.875	1.0350158358422439e-45
3519.0	1.0588017493067559e-45
3519.125	1.3276293903492009e-45
3519.25	1.3122224421013214e-45
3519.375	1.331916629857489e-45
3519.5	1.2821913792899998e-45
3519.625	1.3326361249735207e-45
3519.75	1.297023393952521e-45
3519.875	1.3018141703582438e-45
3520.0	1.3186692654721959e-45
3520.125	1.3330680905520251e-45
3520.25	1.5308295559174888e-45
3520.375	1.1619085025948409e-45
3520.5	8.307646948941211e-46
3520.625	1.0511194902667293e-45
3520.75	1.2540279458340489e-45
3520.875	1.242687781657729e-45
3521.0	1.1491218616899997e-45
3521.125	1.3630189110753959e-45
3521.25	1.4715159917983357e-45
3521.375	1.3347082399282808e-45
3521.5	1.3139029323444006e-45
3521.625	1.2072551210629286e-45
3521.75	1.1638231952116091e-45
3521.875	1.0705828253366439e-45
3522.0	1.0952580428704886e-45
3522.125	1.3052871546225639e-45
3522.25	1.2616124320258556e-45
3522.375	1.2505797491503691e-45
3522.5	1.1237003482896e-45
3522.625	1.2303813370112634e-45
3522.75	1.1310888234088955e-45
3522.875	1.0420290662256252e-45
3523.0	1.1309218819891238e-45
3523.125	1.2483218878968007e-45
3523.25	1.236638061198225e-45
3523.375	1.2842009063910013e-45
3523.5	1.1014567519928039e-45
3523.625	1.105497663450625e-45
3523.75	1.2341803455954088e-45
3523.875	1.515757075925625e-45
3524.0	1.3868530527065756e-45
3524.125	1.2626316831938412e-45
3524.25	1.247549093476921e-45
3524.375	1.271605003904041e-45
3524.5	1.1559564804096e-45
3524.625	1.1975828493321e-45
3524.75	1.4406184620304e-45
3524.875	1.4483297687971834e-45
3525.0	1.3915032895738808e-45
3525.125	1.2064970221315558e-45
3525.25	1.2477330502602249e-45
3525.375	1.2207577591503359e-45
3525.5	1.069126833225025e-45
3525.625	1.2516343706180248e-45
3525.75	1.3932358002534762e-45
3525.875	1.5334069183876e-45
3526.0	1.1165529356493206e-45
3526.125	1.156663911296644e-45
3526.25	1.2798288023430247e-45
3526.375	1.2755705109168998e-45
3526.5	1.2557534700385442e-45
3526.625	1.4433526285733607e-45
3526.75	1.4798745015247687e-45
3526.875	1.2516793016464e-45
3527.0	1.2208577576006253e-45
3527.125	1.1259541314575998e-45
3527.25	1.0714276853288999e-45
3527.375	1.0624755514357691e-45
3527.5	1.2064258865841634e-45
3527.625	1.5145179449088643e-45
3527.75	1.533337059991104e-45
3527.875	1.2604987962780159e-45
3528.0	1.207091474941284e-45
3528.125	1.1251848412506247e-45
3528.25	1.0909493896075288e-45
3528.375	1.1651605402647039e-45
3528.5	1.2275383936275355e-45
3528.625	1.2577264335847209e-45
3528.75	1.3381949483344092e-45
3528.875	1.4110865514826238e-45
3529.0	1.4170952047056247e-45
3529.125	1.2826339290266407e-45
3529.25	1.065910709330944e-45
3529.375	1.1130718865038242e-45
3529.5	1.2349042888520251e-45
3529.625	1.164906320764176e-45
3529.75	1.1562510016234808e-45
3529.875	1.094355472129936e-45
3530.0	1.1075670528169e-45
3530.125	1.2720643406521213e-45
3530.25	1.1577361473724841e-45
3530.375	1.1278733687982762e-45
3530.5	1.1188920636243357e-45
3530.625	1.2224687089923999e-45
3530.75	1.2346281647001756e-45
3530.875	1.0623117972656244e-45
3531.0	1.2200577449556245e-45
3531.125	1.281748189883121e-45
3531.25	1.1141605115958486e-45
3531.375	1.1557824782336011e-45
3531.5	1.3150312784896002e-45
3531.625	1.3287103212874413e-45
3531.75	1.2386008133251208e-45
3531.875	1.1220309206929002e-45
3532.0	1.3272010756544411e-45
3532.125	1.3114277944768807e-45
3532.25	1.2938253610066561e-45
3532.375	1.2244305461944959e-45
3532.5	1.2535420659168158e-45
3532.625	1.1836029452679607e-45
3532.75	1.1869021314909157e-45
3532.875	1.287075967457281e-45
3533.0	1.1474413722012162e-45
3533.125	1.1635950462570806e-45
3533.25	1.300927675140625e-45
3533.375	1.3781887773212252e-45
3533.5	1.282155285382416e-45
3533.625	1.1553970546414238e-45
3533.75	1.077135464946564e-45
3533.875	1.2614408801993609e-45
3534.0	1.2733439307630251e-45
3534.125	1.0887835307584e-45
3534.25	1.092224833880625e-45
3534.375	1.0048233043067039e-45
3534.5	9.79592221239844e-46
3534.625	9.684315580546887e-46
3534.75	9.663878907683999e-46
3534.875	1.2362774263831692e-45
3535.0	1.2122805895523998e-45
3535.125	1.015660823480356e-45
3535.25	1.161953224879225e-45
3535.375	1.242775701144576e-45
3535.5	1.0973782528900002e-45
3535.625	1.2423923893225687e-45
3535.75	1.2755412246783998e-45
3535.875	1.2771780550663836e-45
3536.0	1.0783616967427238e-45
3536.125	1.3681882663628407e-45
3536.25	1.2677521287270487e-45
3536.375	1.3853760420096e-45
3536.5	1.3904498324776962e-45
3536.625	1.2064044212888887e-45
3536.75	1.1854387409004008e-45
3536.875	1.2883177144184488e-45
3537.0	1.378985424204249e-45
3537.125	1.1942434069619288e-45
3537.25	1.056418291702921e-45
3537.375	1.202203822641721e-45
3537.5	1.1106986605053159e-45
3537.625	1.233571250906289e-45
3537.75	1.2423995093453439e-45
3537.875	1.326859012757776e-45
3538.0	1.3071590781690248e-45
3538.125	1.1925369294643839e-45
3538.25	1.2570848218736638e-45
3538.375	1.3120065523001612e-45
3538.5	1.079878445142016e-45
3538.625	1.1680915947960248e-45
3538.75	1.3687357587520406e-45
3538.875	1.1666670387540637e-45
3539.0	1.1314912956966085e-45
3539.125	1.058198753021089e-45
3539.25	1.232320233327561e-45
3539.375	1.345849829302276e-45
3539.5	1.318898050356496e-45
3539.625	1.2192424910284091e-45
3539.75	1.0664511722860958e-45
3539.875	1.230792681849025e-45
3540.0	1.485210663941761e-45
3540.125	1.4542870723334563e-45
3540.25	1.2833969497208999e-45
3540.375	1.138142930667876e-45
3540.5	1.2277448358561e-45
3540.625	1.3371964638838087e-45
3540.75	1.2586039768224808e-45
3540.875	1.3012103944224359e-45
3541.0	1.2472506517420957e-45
3541.125	1.3147707754138243e-45
3541.25	1.3698868855922888e-45
3541.375	1.3377146051979608e-45
3541.5	1.2882139135398087e-45
3541.625	1.3685870371475612e-45
3541.75	1.4006136341015284e-45
3541.875	1.3271296723036813e-45
3542.0	1.1966126213839211e-45
3542.125	1.1936948990120999e-45
3542.25	1.2259694117117162e-45
3542.375	1.1787060679795209e-45
3542.5	1.2001193654221208e-45
3542.625	1.258843527634225e-45
3542.75	1.2345575397854409e-45
3542.875	1.1329909549247612e-45
3543.0	1.264132283311044e-45
3543.125	1.2460533588693607e-45
3543.25	1.1697268012103607e-45
3543.375	1.121831824962564e-45
3543.5	1.1976064508154012e-45
3543.625	1.2778128341940638e-45
3543.75	1.3074050136991357e-45
3543.875	1.3353629302939238e-45
3544.0	1.3489017638504038e-45
3544.125	1.1795362315181288e-45
3544.25	1.0637630125444e-45
3544.375	9.366766143599287e-46
3544.5	9.60130894588441e-46
3544.625	9.668614004160247e-46
3544.75	1.135033753628644e-45
3544.875	1.2266449218270808e-45
3545.0	1.1709513901738893e-45
3545.125	1.0702379213890811e-45
3545.25	1.192394173785721e-45
3545.375	1.209803245515076e-45
3545.5	1.340335739475216e-45
3545.625	1.1658168332836e-45
3545.75	1.220881727089924e-45
3545.875	1.101608759202064e-45
3546.0	9.76432754309776e-46
3546.125	1.092437744786116e-45
3546.25	1.3271529146121002e-45
3546.375	1.0855550208086439e-45
3546.5	1.179342193768704e-45
3546.625	1.3348969794825638e-45
3546.75	1.4023402712915558e-45
3546.875	1.1542843170576003e-45
3547.0	1.2231770387067039e-45
3547.125	1.3339689741315996e-45
3547.25	1.3233770730624999e-45
3547.375	1.3496234802772839e-45
3547.5	1.2844359279847841e-45
3547.625	1.2352932623341209e-45
3547.75	1.1837378797620634e-45
3547.875	1.071343760406544e-45
3548.0	1.0589984906540488e-45
3548.125	1.2975441396735999e-45
3548.25	1.3262754583442246e-45
3548.375	1.289495493926116e-45
3548.5	1.3231946788020487e-45
3548.625	1.1529230102783998e-45
3548.75	1.2950657524284837e-45
3548.875	1.3286575400700252e-45
3549.0	1.3002799677660249e-45
3549.125	1.253571948249124e-45
3549.25	1.3016501528353208e-45
3549.375	1.2557794806464407e-45
3549.5	1.1423653032210248e-45
3549.625	1.3484709124270238e-45
3549.75	1.5128782011902245e-45
3549.875	1.2420175947528998e-45
3550.0	1.251432792355216e-45
3550.125	1.2561741378472087e-45
3550.25	1.4122337017712042e-45
3550.375	1.2443012148197159e-45
3550.5	1.2568038181420407e-45
3550.625	1.2614055057454407e-45
3550.75	1.2805270049403037e-45
3550.875	1.349929812614881e-45
3551.0	1.393534574165776e-45
3551.125	1.2151760951093759e-45
3551.25	1.3228830297886811e-45
3551.375	1.3268392698980246e-45
3551.5	1.3186803047950437e-45
3551.625	1.2576712515229211e-45
3551.75	1.2595278204899285e-45
3551.875	1.2852092355342253e-45
3552.0	1.249281890613124e-45
3552.125	1.1659607890842242e-45
3552.25	1.2350966592993642e-45
3552.375	1.3455800552582008e-45
3552.5	1.388023171729489e-45
3552.625	1.3614474234532087e-45
3552.75	1.1311369844644e-45
3552.875	1.0353198160209957e-45
3553.0	1.1835385427340247e-45
3553.125	1.2303684989388807e-45
3553.25	1.4519171784489608e-45
3553.375	1.441891390340025e-45
3553.5	1.301841736129936e-45
3553.625	1.176941911588569e-45
3553.75	1.1698807803904002e-45
3553.875	1.2391433493550238e-45
3554.0	1.3084397726590441e-45
3554.125	1.2772591807701692e-45
3554.25	1.4461740376740247e-45
3554.375	1.518383680072249e-45
3554.5	1.5282024463729e-45
3554.625	1.2197877562116e-45
3554.75	1.1260010421717206e-45
3554.875	1.1706495965690493e-45
3555.0	1.2113021973902889e-45
3555.125	1.2897442154340812e-45
3555.25	1.374215742413056e-45
3555.375	1.5601017995193757e-45
3555.5	1.3978628431040158e-45
3555.625	1.2622385708320088e-45
3555.75	1.276392448423225e-45
3555.875	1.2132059451832358e-45
3556.0	1.2194348250456489e-45
3556.125	1.342643858831025e-45
3556.25	1.463310982549504e-45
3556.375	1.3500091751858409e-45
3556.5	1.3412808254970007e-45
3556.625	1.0585471125730407e-45
3556.75	1.2778676699256247e-45
3556.875	1.3480912385150438e-45
3557.0	1.154914838785444e-45
3557.125	1.186410766930596e-45
3557.25	1.1416671247592252e-45
3557.375	1.2133605305556248e-45
3557.5	1.1460856650087687e-45
3557.625	1.1899462813776041e-45
3557.75	1.381379050280464e-45
3557.875	1.519654095873081e-45
3558.0	1.350918851503104e-45
3558.125	1.3659004164480999e-45
3558.25	1.3213240267004408e-45
3558.375	1.297234085642496e-45
3558.5	1.3892235272995208e-45
3558.625	1.4856804845646757e-45
3558.75	1.6457277357048997e-45
3558.875	1.4045532621169002e-45
3559.0	1.3137739658404e-45
3559.125	1.415862395434809e-45
3559.25	1.2009184985414413e-45
3559.375	1.2708402924294088e-45
3559.5	1.2486051220584492e-45
3559.625	1.0963638828409958e-45
3559.75	1.150809822793744e-45
3559.875	1.4179105474534085e-45
3560.0	1.2874513278691841e-45
3560.125	1.1787793342227358e-45
3560.25	1.4687242238278436e-45
3560.375	1.4751217686945956e-45
3560.5	1.2898014614056363e-45
3560.625	1.2486376310284893e-45
3560.75	1.2376534377294008e-45
3560.875	1.1221384477722251e-45
3561.0	1.0517060674803237e-45
3561.125	1.2177869294144162e-45
3561.25	1.1900200341088893e-45
3561.375	1.330794923523844e-45
3561.5	1.268473313990689e-45
3561.625	1.1795144572835998e-45
3561.75	1.2088495657681961e-45
3561.875	1.2488297959537956e-45
3562.0	1.2198668985876489e-45
3562.125	1.1715682376560407e-45
3562.25	1.2348441981225e-45
3562.375	1.0508605274864408e-45
3562.5	1.1384332169369761e-45
3562.625	1.5144627613778007e-45
3562.75	1.4463327733851237e-45
3562.875	1.2150860898672252e-45
3563.0	1.2794984085859287e-45
3563.125	1.1167629245080088e-45
3563.25	1.2908418786109441e-45
3563.375	1.3211821927248999e-45
3563.5	1.1432101613548806e-45
3563.625	1.2575959987599997e-45
3563.75	1.0833663509499607e-45
3563.875	1.1038653403319612e-45
3564.0	1.3371282294316961e-45
3564.125	1.416010201867921e-45
3564.25	1.3609576123632813e-45
3564.375	1.3945720953608999e-45
3564.5	1.3409087565332408e-45
3564.625	1.2880044581108406e-45
3564.75	1.2093446505506889e-45
3564.875	1.1923147536679212e-45
3565.0	1.3125401511680161e-45
3565.125	1.2765956696114412e-45
3565.25	1.1143505799721e-45
3565.375	1.223261187472801e-45
3565.5	1.1880017316948013e-45
3565.625	1.2954572488365209e-45
3565.75	1.3095220564077606e-45
3565.875	1.2011671904638813e-45
3566.0	1.2845649517255843e-45
3566.125	1.4117969091409954e-45
3566.25	1.3885617248281002e-45
3566.375	1.2636950701831209e-45
3566.5	1.1487269079798758e-45
3566.625	7.37039803419529e-46
3566.75	1.075200626223504e-45
3566.875	1.2351746097926013e-45
3567.0	1.357534055083441e-45
3567.125	1.2096835280550247e-45
3567.25	1.0855590404393292e-45
3567.375	1.372287349093609e-45
3567.5	1.5186753189342245e-45
3567.625	1.3731834511200997e-45
3567.75	1.1959437730564e-45
3567.875	1.4040040474817635e-45
3568.0	1.351978186793536e-45
3568.125	1.5248184655577756e-45
3568.25	1.618649791607809e-45
3568.375	1.1559137776078239e-45
3568.5	1.0651713538633687e-45
3568.625	1.344765614734116e-45
3568.75	1.329930559413369e-45
3568.875	1.227604963393636e-45
3569.0	1.4140247163904e-45
3569.125	1.2336131872089004e-45
3569.25	1.242031621215961e-45
3569.375	1.4836358617840357e-45
3569.5	1.4209510972050245e-45
3569.625	1.2474819144841001e-45
3569.75	1.2039637647087613e-45
3569.875	1.1953847098408959e-45
3570.0	1.2712104970135209e-45
3570.125	1.1593774393354239e-45
3570.25	1.2303104127599608e-45
3570.375	1.2411013942743606e-45
3570.5	1.2091992927728492e-45
3570.625	1.2056717981562248e-45
3570.75	1.0592158840864089e-45
3570.875	9.841109681148489e-46
3571.0	1.1023402662800999e-45
3571.125	1.230132655123009e-45
3571.25	1.3103524698616806e-45
3571.375	1.4766158072440812e-45
3571.5	1.5121104967982248e-45
3571.625	1.4768315429483565e-45
3571.75	1.3408495085825443e-45
3571.875	1.3203672493121639e-45
3572.0	1.2049716801408039e-45
3572.125	1.2792982470638406e-45
3572.25	1.024075713399489e-45
3572.375	1.2044965795161639e-45
3572.5	1.3876886313662488e-45
3572.625	1.3249383784882087e-45
3572.75	1.1554572877123235e-45
3572.875	1.0285176116600998e-45
3573.0	1.2141587629379611e-45
3573.125	1.2276169461432252e-45
3573.25	1.2439996348036405e-45
3573.375	1.1350291043772491e-45
3573.5	1.3807538992990094e-45
3573.625	1.4888025336800157e-45
3573.75	1.221788687360836e-45
3573.875	1.2900387907521001e-45
3574.0	1.3041682700928998e-45
3574.125	1.1604645583104642e-45
3574.25	1.162851465969664e-45
3574.375	1.1873836048154886e-45
3574.5	1.3126692744852842e-45
3574.625	1.177868303047396e-45
3574.75	1.2512472188587292e-45
3574.875	1.405527542813956e-45
3575.0	1.313129808059689e-45
3575.125	1.0993328026913437e-45
3575.25	1.3146471325119686e-45
3575.375	1.3417402700315287e-45
3575.5	1.4125200735860642e-45
3575.625	1.4841871054722008e-45
3575.75	1.287349571159716e-45
3575.875	1.359466142741721e-45
3576.0	1.618560235419556e-45
3576.125	1.458639328626769e-45
3576.25	1.1618752341366811e-45
3576.375	1.199025943318116e-45
3576.5	1.1870966523243609e-45
3576.625	1.3644266299173159e-45
3576.75	1.6275953295800887e-45
3576.875	1.5070503199965158e-45
3577.0	1.2723385557210252e-45
3577.125	1.2197021204867555e-45
3577.25	1.313130460328164e-45
3577.375	1.3144475757067208e-45
3577.5	1.3532441543420887e-45
3577.625	1.4661288479638434e-45
3577.75	1.4886271314183614e-45
3577.875	1.3911415499600998e-45
3578.0	1.2194462091248997e-45
3578.125	1.0656960902900011e-45
3578.25	1.0868128692540249e-45
3578.375	1.208117034648484e-45
3578.5	1.1973931461501614e-45
3578.625	1.0016631887779693e-45
3578.75	1.0833516711188639e-45
3578.875	1.2752013860414439e-45
3579.0	1.2199129322715042e-45
3579.125	1.3969994631199358e-45
3579.25	1.257521599325601e-45
3579.375	1.2112664193820087e-45
3579.5	1.212089168735041e-45
3579.625	1.1437930764000998e-45
3579.75	1.2550273371132248e-45
3579.875	1.2982816753689758e-45
3580.0	1.2343936696557207e-45
3580.125	1.3180011093612247e-45
3580.25	1.2496606782916e-45
3580.375	1.3178515399506252e-45
3580.5	1.3535310304139563e-45
3580.625	1.3141360160281962e-45
3580.75	1.3172164727495286e-45
3580.875	1.5077176448355994e-45
3581.0	1.3009009846800251e-45
3581.125	1.1543364349277293e-45
3581.25	1.2789564062499999e-45
3581.375	1.495140833036601e-45
3581.5	1.5163827893776e-45
3581.625	1.4754354194916083e-45
3581.75	1.2320510673422246e-45
3581.875	1.2589056187235998e-45
3582.0	1.4195720780296808e-45
3582.125	1.1997095768069759e-45
3582.25	1.1195134472751606e-45
3582.375	1.239050841623716e-45
3582.5	1.3336906062334411e-45
3582.625	1.2912288552709289e-45
3582.75	1.2775741301625612e-45
3582.875	1.362624348442564e-45
3583.0	1.4762237266256492e-45
3583.125	1.1684256681465638e-45
3583.25	1.200245191148025e-45
3583.375	1.440441822641409e-45
3583.5	1.2419341424593958e-45
3583.625	1.3250285056854807e-45
3583.75	1.4755908360964e-45
3583.875	1.3394329278136962e-45
3584.0	1.434958720960801e-45
3584.125	1.272639199016761e-45
3584.25	1.2957953840769642e-45
3584.375	1.3837659729900247e-45
3584.5	1.358098796121664e-45
3584.625	1.249899730074241e-45
3584.75	1.3472181913898414e-45
3584.875	1.2312763788443039e-45
3585.0	1.168830420938244e-45
3585.125	1.3552219283289208e-45
3585.25	1.2709229991000486e-45
3585.375	1.2977651766420642e-45
3585.5	1.2968387916759037e-45
3585.625	1.2472567968095288e-45
3585.75	1.3245601397730492e-45
3585.875	1.3030430067499686e-45
3586.0	1.2826957445265642e-45
3586.125	1.2969335760652959e-45
3586.25	1.287163290735364e-45
3586.375	1.079650201196961e-45
3586.5	9.303138680962091e-46
3586.625	1.186021440350244e-45
3586.75	1.3137496811192251e-45
3586.875	1.2897021975557761e-45
3587.0	1.136096323536784e-45
3587.125	1.0783908574550442e-45
3587.25	1.2591721665538559e-45
3587.375	1.4403309256628638e-45
3587.5	1.4790556069140634e-45
3587.625	1.551897163303876e-45
3587.75	1.692166546946304e-45
3587.875	1.625285921077225e-45
3588.0	1.6385478218403998e-45
3588.125	1.312260985370449e-45
3588.25	1.2031235214170407e-45
3588.375	1.3164825757232247e-45
3588.5	1.2806784492186238e-45
3588.625	1.225311029740249e-45
3588.75	1.1870884522225002e-45
3588.875	1.457766081574209e-45
3589.0	1.3493873437440635e-45
3589.125	1.1891208069441607e-45
3589.25	1.184552397824929e-45
3589.375	1.213327578453904e-45
3589.5	1.2454423997622763e-45
3589.625	1.5412852557504358e-45
3589.75	1.257789064563684e-45
3589.875	1.2550288250209961e-45
3590.0	1.2676737266128355e-45
3590.125	1.3566096308811244e-45
3590.25	1.297093046371684e-45
3590.375	1.4974518496679288e-45
3590.5	1.3626737394769207e-45
3590.625	1.2826317801948011e-45
3590.75	1.2158012738289642e-45
3590.875	1.168171707889729e-45
3591.0	1.2315969778214558e-45
3591.125	1.0318307217828839e-45
3591.25	1.356268954588249e-45
3591.375	1.3411514011667558e-45
3591.5	9.396165858235561e-46
3591.625	1.2292353645652091e-45
3591.75	1.3470729924150493e-45
3591.875	1.1685314987641003e-45
3592.0	1.2500282095246443e-45
3592.125	1.3703244021594493e-45
3592.25	1.3545380227944008e-45
3592.375	1.3876624062982805e-45
3592.5	1.3353257301678814e-45
3592.625	1.3205588968550245e-45
3592.75	1.459426727573136e-45
3592.875	1.3063298219442252e-45
3593.0	9.724351826354487e-46
3593.125	1.0347319082280007e-45
3593.25	1.2899683223446409e-45
3593.375	1.4108617748736e-45
3593.5	1.4664586971081612e-45
3593.625	1.3828406908723557e-45
3593.75	1.3347105050161e-45
3593.875	1.171987159552804e-45
3594.0	1.149699364685089e-45
3594.125	1.044479366380836e-45
3594.25	1.0305294796633207e-45
3594.375	1.0659161289536407e-45
3594.5	1.3526538695042488e-45
3594.625	1.4341744672860158e-45
3594.75	1.1865307050630246e-45
3594.875	1.438034246502084e-45
3595.0	1.446901540109281e-45
3595.125	1.3872923761478758e-45
3595.25	1.1996853311526758e-45
3595.375	1.091035466242276e-45
3595.5	1.312593190953984e-45
3595.625	1.292621948114704e-45
3595.75	1.5483014617654438e-45
3595.875	1.3061311142700961e-45
3596.0	1.1400360579364e-45
3596.125	1.2138648301569687e-45
3596.25	1.2955272191254886e-45
3596.375	1.267299124731025e-45
3596.5	1.2848833096823605e-45
3596.625	1.274241397324324e-45
3596.75	1.2779679787476842e-45
3596.875	1.2919592026195558e-45
3597.0	1.5009848705621155e-45
3597.125	1.3165637065772889e-45
3597.25	1.3744853316987039e-45
3597.375	1.269623389650625e-45
3597.5	1.2175906776960637e-45
3597.625	1.2353107654721441e-45
3597.75	1.3508602649106014e-45
3597.875	1.3871272306406488e-45
3598.0	1.1481844826866412e-45
3598.125	1.1994786988470809e-45
3598.25	1.074329172395521e-45
3598.375	1.2781975670683211e-45
3598.5	1.399772451542089e-45
3598.625	1.2716406637250406e-45
3598.75	1.2445337562025004e-45
3598.875	1.2064340837376e-45
3599.0	1.2971693996726435e-45
3599.125	1.450063247452416e-45
3599.25	1.3929540772899999e-45
3599.375	1.356301731312004e-45
3599.5	1.2643121250658885e-45
3599.625	1.3319334908008958e-45
3599.75	1.2733347243218556e-45
3599.875	1.4662680739343998e-45
3600.0	1.4792675207950087e-45
3600.125	1.386393543301636e-45
3600.25	1.146327462221764e-45
3600.375	1.2484738890624998e-45
3600.5	1.1015853268393213e-45
3600.625	1.303166319366025e-45
3600.75	1.3068458530043286e-45
3600.875	1.2422112938203239e-45
3601.0	1.2083597965609e-45
3601.125	1.343513663376784e-45
3601.25	1.3562100311370493e-45
3601.375	1.1557317555630248e-45
3601.5	1.1275509871086755e-45
3601.625	1.334858616704089e-45
3601.75	1.4302710881556247e-45
3601.875	1.137274587144004e-45
3602.0	1.1772928255134011e-45
3602.125	1.3525697217354013e-45
3602.25	1.3338325987189293e-45
3602.375	1.6394968674714013e-45
3602.5	1.3802615931043838e-45
3602.625	1.1097447092345611e-45
3602.75	1.1666641696091558e-45
3602.875	1.2865187324694756e-45
3603.0	1.590471747956961e-45
3603.125	1.3965798317889637e-45
3603.25	1.3368119456287211e-45
3603.375	1.484350456598361e-45
3603.5	1.2993069068100001e-45
3603.625	1.3761965348771292e-45
3603.75	1.465118164567044e-45
3603.875	1.6010945871424e-45
3604.0	1.4469652927660088e-45
3604.125	1.352223669488836e-45
3604.25	1.4162453233112248e-45
3604.375	1.3175713016732247e-45
3604.5	1.5431369616595237e-45
3604.625	1.467517191226969e-45
3604.75	1.2601795689840638e-45
3604.875	1.1905659719672411e-45
3605.0	1.439535264499264e-45
3605.125	1.619644409977636e-45
3605.25	1.3533693783725611e-45
3605.375	1.0403942499504491e-45
3605.5	1.0805545778041e-45
3605.625	1.3238585466076893e-45
3605.75	1.311525717990049e-45
3605.875	1.4851523944056252e-45
3606.0	1.3817505956728359e-45
3606.125	1.2946005539913638e-45
3606.25	1.5670380951322243e-45
3606.375	1.6461672741021686e-45
3606.5	1.5139221093591035e-45
3606.625	6.669648830454723e-45
3606.75	1.477535060521e-44
3606.875	5.3023559753292837e-45
3607.0	1.8594672119716e-45
3607.125	1.310148823376484e-45
3607.25	1.4927122918532247e-45
3607.375	1.6476274138145288e-45
3607.5	1.5011316309135998e-45
3607.625	1.1517186793943612e-45
3607.75	1.2729240367197206e-45
3607.875	1.240481366139024e-45
3608.0	1.3781927867123611e-45
3608.125	1.5023140340124154e-45
3608.25	1.5385802280675998e-45
3608.375	1.3742970019661442e-45
3608.5	2.393530280790961e-45
3608.625	1.5550748422969599e-44
3608.75	1.52327160883921e-44
3608.875	2.3655473606934492e-45
3609.0	1.579201552810561e-45
3609.125	1.5575800741837212e-45
3609.25	1.493103851052804e-45
3609.375	1.287075608698896e-45
3609.5	1.2343921237628891e-45
3609.625	1.3430795688024996e-45
3609.75	1.3562501725992038e-45
3609.875	1.3313148881473436e-45
3610.0	1.3492891922595839e-45
3610.125	1.337772028220356e-45
3610.25	1.2663290201572893e-45
3610.375	1.2988315769616361e-45
3610.5	1.273381684656676e-45
3610.625	1.3375160115083559e-45
3610.75	1.289471650097796e-45
3610.875	1.372473095985216e-45
3611.0	1.0940523384374439e-45
3611.125	1.069767538704601e-45
3611.25	1.2314140038970806e-45
3611.375	1.1298529284912254e-45
3611.5	1.3967703548388813e-45
3611.625	1.492111877202496e-45
3611.75	1.4624475046416e-45
3611.875	1.3874088107559688e-45
3612.0	1.257595502283649e-45
3612.125	1.4462718488741612e-45
3612.25	1.3250592282577691e-45
3612.375	1.1938635775335607e-45
3612.5	1.271183970546889e-45
3612.625	1.2582681757497763e-45
3612.75	1.2447582046391611e-45
3612.875	1.292317946982976e-45
3613.0	1.3115220964932491e-45
3613.125	1.205269602962049e-45
3613.25	1.5463150806433692e-45
3613.375	1.533495888335376e-45
3613.5	1.4509198624473638e-45
3613.625	1.3287190696568014e-45
3613.75	1.123910337651984e-45
3613.875	1.2521433766670444e-45
3614.0	1.3929463889068087e-45
3614.125	1.2979044511264812e-45
3614.25	1.3778037544508413e-45
3614.375	1.3614439550625e-45
3614.5	1.474113365025856e-45
3614.625	1.4244916261838434e-45
3614.75	1.1767271621508485e-45
3614.875	1.1121187839180249e-45
3615.0	1.241795648852641e-45
3615.125	1.2707326351915691e-45
3615.25	1.4551958215268413e-45
3615.375	1.546068769846561e-45
3615.5	1.4830660042752157e-45
3615.625	1.417160857168809e-45
3615.75	1.3999384977255041e-45
3615.875	1.710037609465201e-45
3616.0	1.517010345699489e-45
3616.125	1.3170392213712249e-45
3616.25	1.1762071791991291e-45
3616.375	1.183358486400484e-45
3616.5	1.3395505572166407e-45
3616.625	1.3244430976242009e-45
3616.75	1.5444630403176487e-45
3616.875	1.486154234550241e-45
3617.0	1.2327540216964093e-45
3617.125	1.3251941351426559e-45
3617.25	1.3312953310863998e-45
3617.375	1.4669567959603836e-45
3617.5	1.517199331245049e-45
3617.625	1.4786177509344012e-45
3617.75	1.5011534053678406e-45
3617.875	1.5596817257536356e-45
3618.0	1.375148963166001e-45
3618.125	1.399229484188176e-45
3618.25	1.5489676241694754e-45
3618.375	1.811489624313604e-45
3618.5	2.3843888226816164e-45
3618.625	2.4281856728373758e-45
3618.75	3.0810732309970564e-45
3618.875	4.795931471096894e-45
3619.0	2.4461300953188097e-44
3619.125	1.40275930066596e-42
3619.25	2.043021829640401e-41
3619.375	1.478178575679744e-41
3619.5	3.0478195842577206e-43
3619.625	1.6358356282044097e-44
3619.75	4.3356713530142244e-45
3619.875	2.910080395315921e-45
3620.0	2.3185235198004012e-45
3620.125	1.8636879258843037e-45
3620.25	1.5477920197921442e-45
3620.375	1.7683126727160996e-45
3620.5	1.911212898891241e-45
3620.625	1.6302938921024038e-45
3620.75	1.418996277967489e-45
3620.875	1.6013667717605608e-45
3621.0	1.463842062315721e-45
3621.125	1.2498359524143609e-45
3621.25	1.265730898260544e-45
3621.375	1.336262029986724e-45
3621.5	1.4299206038326808e-45
3621.625	1.2729610708163998e-45
3621.75	1.3120356022090241e-45
3621.875	1.4760593633523238e-45
3622.0	1.3519439180640994e-45
3622.125	1.2871354502889e-45
3622.25	1.3471375161703842e-45
3622.375	1.2522988659872247e-45
3622.5	1.201833753540676e-45
3622.625	1.452560826850576e-45
3622.75	1.1627274112665206e-45
3622.875	1.1084759864510893e-45
3623.0	1.2688527913216e-45
3623.125	1.3566838855761e-45
3623.25	1.234593027674176e-45
3623.375	1.4103799027506252e-45
3623.5	1.5415937700282253e-45
3623.625	1.4584040745492488e-45
3623.75	1.3912514320672891e-45
3623.875	1.3831855805872091e-45
3624.0	1.4304725188417442e-45
3624.125	1.4781093717313438e-45
3624.25	1.3320259724187611e-45
3624.375	1.1714431712279038e-45
3624.5	1.0582553559205693e-45
3624.625	1.0635778957017639e-45
3624.75	1.040339094386944e-45
3624.875	1.3631259785272959e-45
3625.0	1.6132371859353765e-45
3625.125	1.4377359720651208e-45
3625.25	1.3219632100513439e-45
3625.375	1.440366145048336e-45
3625.5	1.3519632585168093e-45
3625.625	1.1532803774403239e-45
3625.75	1.082227412700625e-45
3625.875	1.1177473015219842e-45
3626.0	1.257421812500736e-45
3626.125	1.288689666008976e-45
3626.25	1.403377318575684e-45
3626.375	1.4261447714062238e-45
3626.5	1.1540075752519691e-45
3626.625	1.3350771823092641e-45
3626.75	1.3739945892094887e-45
3626.875	1.150543402354921e-45
3627.0	1.217274628428369e-45
3627.125	1.303188195691204e-45
3627.25	1.3028805000300961e-45
3627.375	1.5101036414427038e-45
3627.5	1.4580664264524958e-45
3627.625	1.3473807971025962e-45
3627.75	1.382914916254096e-45
3627.875	1.1872145577604002e-45
3628.0	1.391788148782329e-45
3628.125	1.4577637907329288e-45
3628.25	1.383778471883929e-45
3628.375	1.3308328630587241e-45
3628.5	1.1802702850238439e-45
3628.625	1.1293063753637159e-45
3628.75	1.2607164421517613e-45
3628.875	1.3255744304167209e-45
3629.0	1.1513369199987358e-45
3629.125	1.2525739861252838e-45
3629.25	1.574841682275625e-45
3629.375	1.431267185096464e-45
3629.5	1.3875680130054761e-45
3629.625	1.3423814408985761e-45
3629.75	1.413777747255696e-45
3629.875	1.3242706008998413e-45
3630.0	1.3322527740014439e-45
3630.125	1.445745030886116e-45
3630.25	1.251496893756004e-45
3630.375	1.279783511979844e-45
3630.5	1.2720848130248038e-45
3630.625	1.3475831319513643e-45
3630.75	1.219035507966721e-45
3630.875	1.1462045629434489e-45
3631.0	1.3026407651732247e-45
3631.125	1.2652669440892809e-45
3631.25	1.4526256950089288e-45
3631.375	1.4238489449699288e-45
3631.5	1.1491104717550239e-45
3631.625	1.3599625446288995e-45
3631.75	1.3421038085202245e-45
3631.875	1.1664049364342411e-45
3632.0	1.3117358457952359e-45
3632.125	1.3202655080697637e-45
3632.25	1.1682730836000998e-45
3632.375	1.0490124059485213e-45
3632.5	1.2848866074492251e-45
3632.625	1.228633450289424e-45
3632.75	1.1997379791707562e-45
3632.875	1.317477871338084e-45
3633.0	1.5595629336552034e-45
3633.125	1.473827111887936e-45
3633.25	1.1886336031523559e-45
3633.375	1.2984952078603211e-45
3633.5	1.3261526594716408e-45
3633.625	1.3690917615376006e-45
3633.75	1.2057456893748009e-45
3633.875	1.1154737628666811e-45
3634.0	1.2287663004601688e-45
3634.125	1.187807894938921e-45
3634.25	1.1706090182188957e-45
3634.375	1.2832320905284405e-45
3634.5	1.3833298118321642e-45
3634.625	1.4013858884379208e-45
3634.75	1.4708828840722808e-45
3634.875	1.305887539088356e-45
3635.0	1.479937283822209e-45
3635.125	1.3218012001490557e-45
3635.25	1.2848023723395998e-45
3635.375	1.266754018054144e-45
3635.5	1.418475732299649e-45
3635.625	1.2947590172175999e-45
3635.75	1.4084303444836e-45
3635.875	1.2140823146918557e-45
3636.0	1.2367299161432409e-45
3636.125	1.1991828085499608e-45
3636.25	1.2794645703168158e-45
3636.375	1.1110422232900002e-45
3636.5	1.0564611955560007e-45
3636.625	1.191297788493124e-45
3636.75	1.2862770647370251e-45
3636.875	1.3131052393984362e-45
3637.0	1.4953279874198408e-45
3637.125	1.470227749915401e-45
3637.25	1.4248948194328412e-45
3637.375	1.2826481113619293e-45
3637.5	1.3399666568580249e-45
3637.625	1.5119728439690247e-45
3637.75	1.481816598685641e-45
3637.875	1.3935746669557694e-45
3638.0	1.2143959280978564e-45
3638.125	1.1179070488036893e-45
3638.25	1.153990386148356e-45
3638.375	1.2862465081898409e-45
3638.5	1.2149815875753959e-45
3638.625	1.244695052215696e-45
3638.75	1.316628003466161e-45
3638.875	3.9733873978057204e-45
3639.0	8.572454044652304e-45
3639.125	3.041293411213928e-45
3639.25	1.1830018543024359e-45
3639.375	1.137183535511104e-45
3639.5	1.121147852734116e-45
3639.625	1.2614973524940959e-45
3639.75	1.502965034856649e-45
3639.875	1.457216483985025e-45
3640.0	1.2073171774608999e-45
3640.125	1.187480641745281e-45
3640.25	1.3378864390369002e-45
3640.375	1.4098462963264e-45
3640.5	1.2839281391552487e-45
3640.625	1.4576399352606008e-45
3640.75	1.445394100318921e-45
3640.875	1.3475168355145212e-45
3641.0	1.1775446182369e-45
3641.125	1.2158717786386088e-45
3641.25	1.4824732314042008e-45
3641.375	1.3359359069088491e-45
3641.5	1.3779125888600255e-45
3641.625	1.2712398761114011e-45
3641.75	1.3597798587872489e-45
3641.875	1.4293923869776362e-45
3642.0	1.2613224700704038e-45
3642.125	1.270369699924516e-45
3642.25	1.208005881191641e-45
3642.375	1.4526401018822555e-45
3642.5	1.640699013724849e-45
3642.625	1.3559307513912248e-45
3642.75	1.2409584380176e-45
3642.875	1.0579934338297211e-45
3643.0	1.2524944267976038e-45
3643.125	1.2114153818844491e-45
3643.25	1.1950091928990247e-45
3643.375	1.3072168539461161e-45
3643.5	1.4781472799157612e-45
3643.625	1.2991962482532248e-45
3643.75	1.2418725418049438e-45
3643.875	1.1616348018796958e-45
3644.0	1.3318322537527292e-45
3644.125	1.352649014754129e-45
3644.25	1.279518010663201e-45
3644.375	1.4234820439417212e-45
3644.5	1.3592492027920088e-45
3644.625	1.3700243515455998e-45
3644.75	1.6176414017275685e-45
3644.875	1.580870164184963e-45
3645.0	1.4555573252222892e-45
3645.125	1.3328042006232806e-45
3645.25	1.0951338089536358e-45
3645.375	1.3506841452390245e-45
3645.5	1.2080059507044002e-45
3645.625	1.0553415604124409e-45
3645.75	1.361556347928529e-45
3645.875	1.476505908758241e-45
3646.0	1.380893618782129e-45
3646.125	1.3126969549455998e-45
3646.25	1.2996244184924162e-45
3646.375	1.2409585084720813e-45
3646.5	1.230939401884516e-45
3646.625	1.3487386991316837e-45
3646.75	1.2954284550277211e-45
3646.875	1.2498894067506252e-45
3647.0	1.2837662555398561e-45
3647.125	1.1562357680200886e-45
3647.25	1.1676290159245688e-45
3647.375	1.403194511540644e-45
3647.5	1.4900935589929e-45
3647.625	1.4049467270991612e-45
3647.75	1.4439406446099607e-45
3647.875	1.2332156990432412e-45
3648.0	1.136611275159556e-45
3648.125	1.3231521195249639e-45
3648.25	1.3587496136108411e-45
3648.375	1.3264255050156249e-45
3648.5	1.2126661927494487e-45
3648.625	1.2586799692944001e-45
3648.75	1.455793189000164e-45
3648.875	1.1818420710848998e-45
3649.0	1.2929336798677686e-45
3649.125	1.4571496811169002e-45
3649.25	1.327371722870769e-45
3649.375	1.176454877062144e-45
3649.5	1.3900220144340007e-45
3649.625	1.5255037730592038e-45
3649.75	1.3036770314350242e-45
3649.875	1.1865455169128999e-45
3650.0	1.3520063521903207e-45
3650.125	1.2171049319949605e-45
3650.25	1.0907718301172246e-45
3650.375	1.2194764505260086e-45
3650.5	1.4802702984669612e-45
3650.625	1.423562936197689e-45
3650.75	1.6015621411084838e-45
3650.875	1.541371784254864e-45
3651.0	1.2918600714270253e-45
3651.125	1.2335458225406409e-45
3651.25	1.227826899010321e-45
3651.375	1.3447816767002251e-45
3651.5	1.2372096428680812e-45
3651.625	1.1487055555684812e-45
3651.75	1.2288057012056249e-45
3651.875	1.2996696980686238e-45
3652.0	2.376450863811025e-45
3652.125	3.0513652394188964e-45
3652.25	1.4378390336471038e-45
3652.375	1.307395323358084e-45
3652.5	1.3825696140922409e-45
3652.625	1.2067311451372957e-45
3652.75	1.164055597191081e-45
3652.875	1.2748190324336638e-45
3653.0	1.291929872617476e-45
3653.125	1.2304242713792157e-45
3653.25	1.2062916795241e-45
3653.375	1.3024924308036e-45
3653.5	1.3034148394485691e-45
3653.625	1.3518603071284089e-45
3653.75	1.316387515023025e-45
3653.875	1.2758915387013759e-45
3654.0	1.3292664832374489e-45
3654.125	1.565286120307809e-45
3654.25	1.3703260309472251e-45
3654.375	1.182829267521225e-45
3654.5	1.1766566353000411e-45
3654.625	1.2758489612647838e-45
3654.75	1.3568967160942412e-45
3654.875	1.5047191823040994e-45
3655.0	1.3833705014287204e-45
3655.125	1.473907579382016e-45
3655.25	1.4303461975267238e-45
3655.375	1.335886783546225e-45
3655.5	1.2742349719591837e-45
3655.625	1.1101557609999997e-45
3655.75	1.0752582066768998e-45
3655.875	1.1844361389470437e-45
3656.0	1.3672892847656251e-45
3656.125	1.4531093171482412e-45
3656.25	1.6056309456056252e-45
3656.375	1.5669027145108834e-45
3656.5	1.3866031803686407e-45
3656.625	1.2272200749534004e-45
3656.75	1.2022551389496007e-45
3656.875	1.3238387533140253e-45
3657.0	1.363901124585024e-45
3657.125	1.540050330075625e-45
3657.25	1.7173224995481006e-45
3657.375	1.809255063844921e-45
3657.5	1.501310790549504e-45
3657.625	1.5357423727254012e-45
3657.75	1.5903688573660407e-45
3657.875	1.2918327553056253e-45
3658.0	1.491257860108864e-45
3658.125	1.5617757838374808e-45
3658.25	1.6555019513795997e-45
3658.375	1.6917073363369e-45
3658.5	1.4564044176596888e-45
3658.625	1.1975037410710891e-45
3658.75	1.2869943870876158e-45
3658.875	1.293479642540484e-45
3659.0	1.1726505086802246e-45
3659.125	1.058679860844321e-45
3659.25	1.325344193446729e-45
3659.375	1.2968755958412808e-45
3659.5	1.4242004958935607e-45
3659.625	1.618115146543204e-45
3659.75	1.538076702059041e-45
3659.875	1.576621945476601e-45
3660.0	1.4922230502658087e-45
3660.125	1.4382777123354238e-45
3660.25	1.2022407147956492e-45
3660.375	1.222160487385744e-45
3660.5	1.3233027897184413e-45
3660.625	1.3433257083824639e-45
3660.75	1.2326444088492959e-45
3660.875	1.166570719389604e-45
3661.0	1.2989066839611038e-45
3661.125	1.566438110532009e-45
3661.25	1.6408543966665212e-45
3661.375	1.297901208748816e-45
3661.5	1.1898014042760044e-45
3661.625	1.3347137199827557e-45
3661.75	1.196696958382864e-45
3661.875	1.2561848415192038e-45
3662.0	1.538762942330761e-45
3662.125	1.467026734186225e-45
3662.25	1.2830195302246439e-45
3662.375	1.4288337252068892e-45
3662.5	1.2614346292557613e-45
3662.625	1.2855638863671207e-45
3662.75	1.209090384488529e-45
3662.875	1.2394480719936157e-45
3663.0	1.3949661767685157e-45
3663.125	1.3883558148586086e-45
3663.25	1.372765115214025e-45
3663.375	1.290620426142436e-45
3663.5	1.2735097951403611e-45
3663.625	1.1624191104558238e-45
3663.75	1.208788930240164e-45
3663.875	1.2649251337977959e-45
3664.0	1.2789167101830248e-45
3664.125	1.3578602979123364e-45
3664.25	1.3300278583852085e-45
3664.375	1.4507945459542084e-45
3664.5	1.3993142480932807e-45
3664.625	1.3055325526797158e-45
3664.75	1.483580473425625e-45
3664.875	1.3835594518204409e-45
3665.0	1.4115509611957687e-45
3665.125	1.543118813067601e-45
3665.25	1.4593333622932835e-45
3665.375	1.2476563999524e-45
3665.5	1.3235884391340249e-45
3665.625	1.1727284492851286e-45
3665.75	1.3407379004237441e-45
3665.875	1.1515075331769001e-45
3666.0	1.3734323337831039e-45
3666.125	1.292274449271961e-45
3666.25	1.3748437128432251e-45
3666.375	1.623642459035809e-45
3666.5	1.416849699052096e-45
3666.625	1.3882210836279211e-45
3666.75	1.476017947402441e-45
3666.875	1.538035679968804e-45
3667.0	1.6078218563037162e-45
3667.125	1.3861314261777962e-45
3667.25	1.272553297308225e-45
3667.375	1.580046282041616e-45
3667.5	1.496932195083264e-45
3667.625	1.474719517913929e-45
3667.75	1.4450099125177962e-45
3667.875	1.2251907574256253e-45
3668.0	1.4374375010838092e-45
3668.125	1.453282843070809e-45
3668.25	1.419849998724609e-45
3668.375	1.4648546784964e-45
3668.5	1.2505105083033638e-45
3668.625	1.1459951415024999e-45
3668.75	1.0605447467920359e-45
3668.875	1.2270754683517689e-45
3669.0	1.347850463364889e-45
3669.125	1.3794740114954413e-45
3669.25	1.3481574022111691e-45
3669.375	1.457230379173969e-45
3669.5	1.516702509868225e-45
3669.625	1.3167290964446438e-45
3669.75	1.233935916875776e-45
3669.875	9.936784087022246e-46
3670.0	1.1414334550014488e-45
3670.125	1.3805266472827206e-45
3670.25	1.3662699484219208e-45
3670.375	1.4029281889964892e-45
3670.5	1.1433481836186238e-45
3670.625	1.2568603283550759e-45
3670.75	1.374914311946569e-45
3670.875	1.2136704275995293e-45
3671.0	1.4471024646400002e-45
3671.125	1.6500479302915238e-45
3671.25	1.379196951526681e-45
3671.375	1.4381806269159038e-45
3671.5	1.4372896420296095e-45
3671.625	1.2644475303830408e-45
3671.75	1.274089620249664e-45
3671.875	1.2244256473384362e-45
3672.0	1.3231272390338562e-45
3672.125	1.407797075266884e-45
3672.25	1.4291231360250252e-45
3672.375	1.099172863058176e-45
3672.5	1.4752119504461442e-45
3672.625	1.600687193770921e-45
3672.75	1.492768236776881e-45
3672.875	1.3995597262760996e-45
3673.0	1.272294539500644e-45
3673.125	1.2428094032640041e-45
3673.25	1.4044056051600002e-45
3673.375	1.5795692410020252e-45
3673.5	1.308466685034756e-45
3673.625	1.3884160287170252e-45
3673.75	1.3829673512163613e-45
3673.875	1.353458039311876e-45
3674.0	1.3968453268672354e-45
3674.125	1.4828567450786404e-45
3674.25	1.4166640594056038e-45
3674.375	1.2929837330348892e-45
3674.5	1.275678230023044e-45
3674.625	1.428473514703104e-45
3674.75	1.5483918071521002e-45
3674.875	1.3477108838371241e-45
3675.0	1.162900366755625e-45
3675.125	1.1267945114176e-45
3675.25	1.2976288634834558e-45
3675.375	1.322368714614544e-45
3675.5	1.4570513500809642e-45
3675.625	1.2744278827569e-45
3675.75	1.2465797297080962e-45
3675.875	1.2878932052984411e-45
3676.0	1.4774641613376154e-45
3676.125	1.4614528474762092e-45
3676.25	1.3087711324713638e-45
3676.375	1.4169249821800962e-45
3676.5	1.2235810211567287e-45
3676.625	1.2150545783626887e-45
3676.75	1.3436591835858487e-45
3676.875	1.079738722546884e-45
3677.0	1.2600531246895293e-45
3677.125	1.473654359898436e-45
3677.25	1.4643091799618493e-45
3677.375	1.3564671677415039e-45
3677.5	1.384467114231184e-45
3677.625	1.2860167001556252e-45
3677.75	1.402554106574721e-45
3677.875	1.413480119453284e-45
3678.0	1.435038953720464e-45
3678.125	1.493072938651204e-45
3678.25	1.2374068361184359e-45
3678.375	1.139499671938576e-45
3678.5	1.15030183921e-45
3678.625	1.309223600408025e-45
3678.75	1.497133700467344e-45
3678.875	1.7104385877876008e-45
3679.0	1.6326461289922557e-45
3679.125	1.3039147672576e-45
3679.25	1.1146750755625e-45
3679.375	1.2859279813862439e-45
3679.5	1.490215079716416e-45
3679.625	1.5326502299519284e-45
3679.75	1.462148008945936e-45
3679.875	1.4385582924455605e-45
3680.0	1.667077630939044e-45
3680.125	1.5656691203203687e-45
3680.25	1.3719441912552252e-45
3680.375	1.2958372131121208e-45
3680.5	1.3243986986595207e-45
3680.625	1.1695837074773291e-45
3680.75	1.425869256147856e-45
3680.875	1.3812600444042484e-45
3681.0	1.427940803914816e-45
3681.125	1.447556479152289e-45
3681.25	1.3066852059062008e-45
3681.375	1.535031182916676e-45
3681.5	1.3235668288161638e-45
3681.625	1.1202030122803562e-45
3681.75	1.2641613671722091e-45
3681.875	1.3152599651791685e-45
3682.0	1.3080823417912412e-45
3682.125	1.3700409337960958e-45
3682.25	1.3971670641752037e-45
3682.375	1.3418589531204489e-45
3682.5	1.2757640942656001e-45
3682.625	1.1397188970367291e-45
3682.75	9.651054894256088e-46
3682.875	1.173255129907344e-45
3683.0	1.280485781583376e-45
3683.125	1.2779128548806487e-45
3683.25	1.3406398443330008e-45
3683.375	1.3318711569361e-45
3683.5	1.3287814026221157e-45
3683.625	1.2286106666808489e-45
3683.75	1.008494282726401e-45
3683.875	1.1302202843250013e-45
3684.0	1.3032370029398757e-45
3684.125	1.409383143229504e-45
3684.25	1.2875138334552487e-45
3684.375	1.2668758862399998e-45
3684.5	1.3499443622449205e-45
3684.625	1.2101275071507692e-45
3684.75	1.2041578047545288e-45
3684.875	1.2810419233893163e-45
3685.0	1.3430923956506248e-45
3685.125	1.3931998928016488e-45
3685.25	1.493036694267889e-45
3685.375	1.5044957561089e-45
3685.5	1.3806410884064413e-45
3685.625	1.417191124068801e-45
3685.75	1.4581381380806247e-45
3685.875	1.410226081562529e-45
3686.0	1.411377465436416e-45
3686.125	1.3809643730462412e-45
3686.25	1.3750850328153206e-45
3686.375	1.559269211181889e-45
3686.5	1.494803752686864e-45
3686.625	1.3079389057318437e-45
3686.75	1.4062151252162252e-45
3686.875	1.403728056716881e-45
3687.0	1.4528153531142246e-45
3687.125	1.5768099225923558e-45
3687.25	1.436420536219321e-45
3687.375	1.3489755134736039e-45
3687.5	1.541199671869456e-45
3687.625	1.2383722755841958e-45
3687.75	1.0202122132591211e-45
3687.875	1.1391557194071608e-45
3688.0	1.1468124877444002e-45
3688.125	1.2748220316225e-45
3688.25	1.5892636714249e-45
3688.375	1.1894070383039608e-45
3688.5	1.2812208162810246e-45
3688.625	1.435329674205025e-45
3688.75	1.472985636455025e-45
3688.875	1.3635392244814238e-45
3689.0	1.275747378371236e-45
3689.125	1.3137841872379212e-45
3689.25	1.1567261499983287e-45
3689.375	1.3496592625686811e-45
3689.5	1.3441701428814755e-45
3689.625	1.2932653720760012e-45
3689.75	1.1163018704988157e-45
3689.875	1.0799809754680958e-45
3690.0	1.3502042847558759e-45
3690.125	1.4745768960483998e-45
3690.25	1.5150239835094806e-45
3690.375	1.5261226659844e-45
3690.5	1.4053242024237163e-45
3690.625	1.3196372700833437e-45
3690.75	1.3759988143137644e-45
3690.875	1.126337096414916e-45
3691.0	1.1268552027448958e-45
3691.125	1.3577796731558442e-45
3691.25	1.6749797937512895e-45
3691.375	1.7901590320934406e-45
3691.5	1.4713224318680405e-45
3691.625	1.4797909477386012e-45
3691.75	1.541050730175961e-45
3691.875	1.4454714306547365e-45
3692.0	1.385296093228356e-45
3692.125	1.4562324608569958e-45
3692.25	1.573034185635025e-45
3692.375	1.4586045739891242e-45
3692.5	1.4442355336038012e-45
3692.625	1.3787891372025002e-45
3692.75	1.4127258883725157e-45
3692.875	1.5031174748634812e-45
3693.0	1.4205906002627288e-45
3693.125	1.286351018821696e-45
3693.25	1.2129996841410247e-45
3693.375	1.2851485783629608e-45
3693.5	1.203098616946944e-45
3693.625	1.3077319029557762e-45
3693.75	1.4194325250774493e-45
3693.875	1.5367256139924642e-45
3694.0	1.4534894713676493e-45
3694.125	1.4113593575719688e-45
3694.25	1.3690196100702251e-45
3694.375	1.406863791961489e-45
3694.5	1.3262970179263215e-45
3694.625	1.2568747929049e-45
3694.75	1.3243797747368412e-45
3694.875	1.2672232284902409e-45
3695.0	1.4797536339643563e-45
3695.125	1.3419114830521003e-45
3695.25	1.457954165783556e-45
3695.375	1.2110219040676e-45
3695.5	1.598192750624409e-45
3695.625	1.5790561108009207e-45
3695.75	1.4824138605283834e-45
3695.875	1.425079940553361e-45
3696.0	1.3404511385575841e-45
3696.125	1.2134359110416493e-45
3696.25	1.3366496133279609e-45
3696.375	1.5149584373660886e-45
3696.5	1.2197395595528998e-45
3696.625	1.2435845370760356e-45
3696.75	1.2796701822604835e-45
3696.875	1.1281104830707358e-45
3697.0	1.224807157590025e-45
3697.125	1.6719022249878008e-45
3697.25	1.240934976786649e-45
3697.375	1.1837792355246491e-45
3697.5	1.181533171192969e-45
3697.625	1.2519591658112248e-45
3697.75	1.3610226891456813e-45
3697.875	1.720466708863081e-45
3698.0	1.585864479451396e-45
3698.125	1.4266841725897288e-45
3698.25	1.2412931193600999e-45
3698.375	1.0655490622770011e-45
3698.5	1.274024942832196e-45
3698.625	1.3936477612544636e-45
3698.75	1.305141704295025e-45
3698.875	1.319295965428996e-45
3699.0	1.4072347723443838e-45
3699.125	1.423564747244649e-45
3699.25	1.362078227446336e-45
3699.375	1.2700126609941687e-45
3699.5	1.290067955610256e-45
3699.625	1.2758601770642253e-45
3699.75	1.192504952002225e-45
3699.875	1.2875930620042086e-45
3700.0	1.3543458388678438e-45
3700.125	1.4181490652224002e-45
3700.25	1.3048035798642253e-45
3700.375	1.4175260391022086e-45
3700.5	1.3602369283320998e-45
3700.625	1.3655269435233692e-45
3700.75	1.575762492015625e-45
3700.875	1.426600472233225e-45
3701.0	1.561800048787456e-45
3701.125	1.6931301703615692e-45
3701.25	1.2457634257998762e-45
3701.375	1.2988952952361001e-45
3701.5	1.3324643366200959e-45
3701.625	1.4233953438797442e-45
3701.75	1.5729606540826237e-45
3701.875	1.266869906589456e-45
3702.0	1.183881148565476e-45
3702.125	1.4814941873734887e-45
3702.25	1.3633675972208642e-45
3702.375	1.406129627576025e-45
3702.5	1.1396834496032039e-45
3702.625	1.2909518933727608e-45
3702.75	1.4450419959092637e-45
3702.875	1.544377368253489e-45
3703.0	1.3593584079924838e-45
3703.125	1.409979068897344e-45
3703.25	1.3429916882162004e-45
3703.375	1.5678520855165438e-45
3703.5	1.6449542030612245e-45
3703.625	1.5320616409504808e-45
3703.75	1.5527511878412962e-45
3703.875	1.610814612852025e-45
3704.0	1.634186122804624e-45
3704.125	1.6668136355036408e-45
3704.25	1.6053660115463607e-45
3704.375	1.7203742959860248e-45
3704.5	1.6174929936526237e-45
3704.625	1.4565965358674557e-45
3704.75	1.558336732899076e-45
3704.875	1.4970952400592253e-45
3705.0	1.391795237059984e-45
3705.125	1.3183444250341687e-45
3705.25	1.4364801916574757e-45
3705.375	1.1688751394818559e-45
3705.5	1.2073104366551291e-45
3705.625	1.3751919056164001e-45
3705.75	1.4160345861552244e-45
3705.875	1.401462631420996e-45
3706.0	1.101200620341649e-45
3706.125	1.1098915570512253e-45
3706.25	1.3468599795672806e-45
3706.375	1.510915226063049e-45
3706.5	1.5166103677171235e-45
3706.625	1.256537875591684e-45
3706.75	1.390179129431236e-45
3706.875	1.3881882960432005e-45
3707.0	1.307516961436816e-45
3707.125	1.2465975244673441e-45
3707.25	1.221523889493636e-45
3707.375	1.2434106891968409e-45
3707.5	1.4692253137256245e-45
3707.625	1.546441232083489e-45
3707.75	1.4052100923214235e-45
3707.875	1.3750829562163211e-45
3708.0	1.3093613896398011e-45
3708.125	1.454605365425521e-45
3708.25	1.2379352479644158e-45
3708.375	1.155795669030025e-45
3708.5	1.0485684071392358e-45
3708.625	1.2027421436083294e-45
3708.75	1.2215645020867688e-45
3708.875	1.5662796432150008e-45
3709.0	1.4862747463907562e-45
3709.125	1.4543705131640994e-45
3709.25	1.5231281939256247e-45
3709.375	1.5493240609941155e-45
3709.5	1.478225404603809e-45
3709.625	1.405948666144324e-45
3709.75	1.540569094007056e-45
3709.875	1.4430073826419693e-45
3710.0	1.339527645795364e-45
3710.125	1.458873914163264e-45
3710.25	1.4878808806174812e-45
3710.375	1.5231266328350252e-45
3710.5	1.5361425138717162e-45
3710.625	1.6823276780513443e-45
3710.75	1.5085035754126808e-45
3710.875	1.4196115640192892e-45
3711.0	1.4726232795510758e-45
3711.125	1.4139313859938408e-45
3711.25	1.372913989545316e-45
3711.375	1.3518300842865638e-45
3711.5	1.3409409809373211e-45
3711.625	1.1803106869224998e-45
3711.75	1.2185748172642809e-45
3711.875	1.1998503449887359e-45
3712.0	1.328818511479369e-45
3712.125	1.5450709086121003e-45
3712.25	1.3128045636960247e-45
3712.375	1.317237087525121e-45
3712.5	1.403504016830161e-45
3712.625	1.2984665244460805e-45
3712.75	1.6048048018002246e-45
3712.875	1.3976261122862442e-45
3713.0	1.3371399308217757e-45
3713.125	1.455755034392164e-45
3713.25	1.602322922508676e-45
3713.375	1.4520199087336415e-45
3713.5	1.5307408198504892e-45
3713.625	1.4068262090131243e-45
3713.75	1.2622382866080493e-45
3713.875	1.3727768233060091e-45
3714.0	1.4405688166902763e-45
3714.125	1.256523696560484e-45
3714.25	1.2927848205704887e-45
3714.375	1.536259078009881e-45
3714.5	1.5386377320737285e-45
3714.625	1.4334370720560812e-45
3714.75	1.3551181903249e-45
3714.875	1.3005620396496357e-45
3715.0	1.2728085851322487e-45
3715.125	1.6057618179537638e-45
3715.25	1.7599379172049954e-45
3715.375	1.6233110944122253e-45
3715.5	1.3591327024178891e-45
3715.625	1.3537257320321439e-45
3715.75	1.3699281172516e-45
3715.875	1.263837552543049e-45
3716.0	1.3279840154952247e-45
3716.125	1.4374570645437212e-45
3716.25	1.3673815066468835e-45
3716.375	1.511323704808009e-45
3716.5	1.2674701487932092e-45
3716.625	1.1473035095531607e-45
3716.75	1.141255684690576e-45
3716.875	1.3795475521921205e-45
3717.0	1.388894581551376e-45
3717.125	1.2882343001043608e-45
3717.25	1.3424195452339355e-45
3717.375	1.4119922249552247e-45
3717.5	1.4417559085525212e-45
3717.625	1.3618418156658809e-45
3717.75	1.1544453630369001e-45
3717.875	1.3350217902024999e-45
3718.0	1.3033507215986012e-45
3718.125	1.356309759828321e-45
3718.25	1.505268353692944e-45
3718.375	1.2936166008019243e-45
3718.5	1.2860054398027239e-45
3718.625	1.3928739847855291e-45
3718.75	1.519872874889209e-45
3718.875	1.607974070600704e-45
3719.0	1.3933628611061756e-45
3719.125	1.4973757724835997e-45
3719.25	1.2848283953170093e-45
3719.375	1.2747812572382413e-45
3719.5	1.3769535686556245e-45
3719.625	1.3855490489452963e-45
3719.75	1.3849066550635562e-45
3719.875	1.504757895681681e-45
3720.0	1.2729681351850412e-45
3720.125	1.1433749640135835e-45
3720.25	1.4311988611537213e-45
3720.375	1.441790234053569e-45
3720.5	1.2870380828479692e-45
3720.625	1.3025817913248039e-45
3720.75	1.250126712551161e-45
3720.875	1.1118997621159212e-45
3721.0	1.029172274911225e-45
3721.125	1.2769776463109758e-45
3721.25	1.4556514090000003e-45
3721.375	1.534466345230225e-45
3721.5	1.4152947218824088e-45
3721.625	1.5091689687045762e-45
3721.75	1.4684489942004093e-45
3721.875	1.5718809614781154e-45
3722.0	1.5613904153114892e-45
3722.125	1.4616033969700835e-45
3722.25	1.296262381278736e-45
3722.375	1.3751622389123998e-45
3722.5	1.4544901870528405e-45
3722.625	1.3646573553303613e-45
3722.75	1.4925895875982088e-45
3722.875	1.5141298135360408e-45
3723.0	1.2501034476672037e-45
3723.125	1.3583731391809954e-45
3723.25	1.472551135859556e-45
3723.375	1.650992336084025e-45
3723.5	1.700298999641123e-45
3723.625	1.4061091535268838e-45
3723.75	1.5540806017052405e-45
3723.875	1.7825557586649756e-45
3724.0	1.649318949028864e-45
3724.125	1.344971493865609e-45
3724.25	1.235068966028304e-45
3724.375	1.423566105530625e-45
3724.5	1.2968972032266808e-45
3724.625	1.219628920390596e-45
3724.75	1.3684247104506244e-45
3724.875	1.490879439400464e-45
3725.0	1.3060347656446089e-45
3725.125	1.049389052775625e-45
3725.25	1.1554529367381159e-45
3725.375	1.2105333649984e-45
3725.5	1.3268831269296492e-45
3725.625	1.3110448269726088e-45
3725.75	1.2448824678836641e-45
3725.875	1.3815052719832353e-45
3726.0	1.3782810690432638e-45
3726.125	1.3595996188170007e-45
3726.25	1.3206129705771208e-45
3726.375	1.2563122966940157e-45
3726.5	1.1207472913740958e-45
3726.625	1.1758809794366408e-45
3726.75	1.3879152054107562e-45
3726.875	1.6153186513147284e-45
3727.0	1.3298312218562013e-45
3727.125	1.1952095626708094e-45
3727.25	1.2128631616542249e-45
3727.375	1.5136855509565443e-45
3727.5	1.4171210288302235e-45
3727.625	1.3490255380208892e-45
3727.75	1.4195766746529006e-45
3727.875	1.2906430591214408e-45
3728.0	1.2095639556337959e-45
3728.125	1.1783650356916842e-45
3728.25	1.1874120676517158e-45
3728.375	1.3095577373473439e-45
3728.5	1.3862944273506247e-45
3728.625	1.3879256367558758e-45
3728.75	1.6184337505766438e-45
3728.875	1.6230116704511607e-45
3729.0	1.123811911076416e-45
3729.125	1.249974752220324e-45
3729.25	1.5681082036277154e-45
3729.375	1.5121083191905687e-45
3729.5	1.4793219824220252e-45
3729.625	1.4515546031285292e-45
3729.75	1.3273477499906559e-45
3729.875	1.3909552153421438e-45
3730.0	1.2597190469354409e-45
3730.125	1.3958489537678443e-45
3730.25	1.5104148487711358e-45
3730.375	1.3389910036350758e-45
3730.5	1.2555721828749158e-45
3730.625	1.367668397964001e-45
3730.75	1.2992482968375693e-45
3730.875	1.2234557269966236e-45
3731.0	1.281177792079936e-45
3731.125	1.1807233343390247e-45
3731.25	1.2051634407352961e-45
3731.375	1.2053981286963358e-45
3731.5	1.325713004556964e-45
3731.625	1.686069201903529e-45
3731.75	1.4062849502171562e-45
3731.875	1.4636848171619558e-45
3732.0	1.469045012703129e-45
3732.125	1.1705119888605161e-45
3732.25	1.111170023003089e-45
3732.375	1.3259282712368038e-45
3732.5	1.4225116670076005e-45
3732.625	1.6216729805400005e-45
3732.75	1.4270288958732957e-45
3732.875	1.3784633598415683e-45
3733.0	1.600800740160064e-45
3733.125	1.804670705365056e-45
3733.25	1.5847130894870252e-45
3733.375	1.4011883130024995e-45
3733.5	1.392682757382225e-45
3733.625	1.427388168585681e-45
3733.75	1.464972103702116e-45
3733.875	1.3108495988016484e-45
3734.0	1.236370815064225e-45
3734.125	1.3354115324180885e-45
3734.25	1.293971474394225e-45
3734.375	1.236387763237636e-45
3734.5	1.6082433102622805e-45
3734.625	1.6668159217956488e-45
3734.75	1.5390482147970252e-45
3734.875	1.3624998781471358e-45
3735.0	1.4040065954457762e-45
3735.125	1.4653505143306088e-45
3735.25	1.3661190692583036e-45
3735.375	1.5189792236390563e-45
3735.5	1.428557799135289e-45
3735.625	1.3573310482166758e-45
3735.75	1.2493826971056636e-45
3735.875	1.355320221726276e-45
3736.0	1.3232601559494493e-45
3736.125	1.4664267597783043e-45
3736.25	1.462110688853136e-45
3736.375	1.242204667765776e-45
3736.5	1.1575098887068088e-45
3736.625	1.3614452095862888e-45
3736.75	1.539837323859121e-45
3736.875	1.5859712066565162e-45
3737.0	1.6858290812048007e-45
3737.125	1.4009215820587693e-45
3737.25	1.2504377332178409e-45
3737.375	1.367033416762225e-45
3737.5	1.577465984590276e-45
3737.625	1.4913342451332084e-45
3737.75	1.3178434082647689e-45
3737.875	1.496942331934921e-45
3738.0	1.3941284842808999e-45
3738.125	1.3186155946860092e-45
3738.25	1.1681062911048997e-45
3738.375	1.3589696102820246e-45
3738.5	1.6583063688468638e-45
3738.625	1.425215240592529e-45
3738.75	1.3219141261107688e-45
3738.875	1.1954936214799208e-45
3739.0	1.2808968281651607e-45
3739.125	1.5643628398087286e-45
3739.25	1.5886565767820252e-45
3739.375	1.456514634104721e-45
3739.5	1.3874552220735996e-45
3739.625	1.435217079979081e-45
3739.75	1.3442212514861287e-45
3739.875	1.401391353966244e-45
3740.0	1.483253556806961e-45
3740.125	1.823838736280625e-45
3740.25	1.580826269275236e-45
3740.375	1.7004866226198488e-45
3740.5	1.590690860173156e-45
3740.625	1.6397635500720354e-45
3740.75	1.6417135103080957e-45
3740.875	1.325163483812025e-45
3741.0	1.4237178603385962e-45
3741.125	1.4555402332808487e-45
3741.25	1.4505548979948015e-45
3741.375	1.4703153278854805e-45
3741.5	1.4707778012198408e-45
3741.625	1.9915174512692403e-45
3741.75	4.37316367401e-45
3741.875	6.687243031069225e-45
3742.0	2.1010218599790247e-45
3742.125	1.4166922132167838e-45
3742.25	1.709461864318321e-45
3742.375	1.6490657035160996e-45
3742.5	1.4544512867783612e-45
3742.625	1.4279592445691042e-45
3742.75	1.4829688051235555e-45
3742.875	1.479447063343561e-45
3743.0	1.423604666030596e-45
3743.125	1.8520974681440038e-45
3743.25	6.206119339271328e-45
3743.375	8.230006633339456e-45
3743.5	2.5159737348272892e-45
3743.625	1.7403019148894758e-45
3743.75	1.991742107007844e-45
3743.875	1.9997369978595606e-45
3744.0	1.5325752995344e-45
3744.125	1.2920826366936006e-45
3744.25	1.2389469329476839e-45
3744.375	1.4832959984707243e-45
3744.5	1.382923097530276e-45
3744.625	1.6545897738692008e-45
3744.75	2.692630736019225e-45
3744.875	1.789476801675264e-45
3745.0	1.4004015185197212e-45
3745.125	1.1247355337039288e-45
3745.25	1.2126580440976002e-45
3745.375	1.5022093846557157e-45
3745.5	1.608293359082089e-45
3745.625	1.7163073551555996e-45
3745.75	1.4154413700119038e-45
3745.875	1.481523901943761e-45
3746.0	1.531345903732225e-45
3746.125	1.157021245450225e-45
3746.25	1.2188473250560358e-45
3746.375	1.2668086159850246e-45
3746.5	1.389061024871881e-45
3746.625	1.3146329193896887e-45
3746.75	1.402564967295556e-45
3746.875	1.4491123249152638e-45
3747.0	1.1910853225068161e-45
3747.125	1.4114577876131285e-45
3747.25	1.458659876068836e-45
3747.375	1.7128887354436003e-45
3747.5	1.658681523963396e-45
3747.625	1.6016031213611558e-45
3747.75	1.4985703221223838e-45
3747.875	1.911780043344649e-45
3748.0	2.486263820277601e-45
3748.125	1.5318390901286556e-45
3748.25	1.262421973014084e-45
3748.375	1.4275160972102554e-45
3748.5	1.450970447659236e-45
3748.625	1.2543985270651212e-45
3748.75	1.474791637896256e-45
3748.875	1.6834220037846752e-45
3749.0	3.807621180105625e-45
3749.125	6.252960953343555e-45
3749.25	2.2457245241337756e-45
3749.375	1.6756097939293687e-45
3749.5	1.7722836180530012e-45
3749.625	1.823885542822729e-45
3749.75	1.7686948556693162e-45
3749.875	1.1933320145510441e-45
3750.0	1.1935678278986013e-45
3750.125	1.3112862029625959e-45
3750.25	1.4711995359759608e-45
3750.375	1.514659683239641e-45
3750.5	1.4809069623629158e-45
3750.625	1.426891016672521e-45
3750.75	1.4605970265465646e-45
3750.875	1.4947988811916408e-45
3751.0	1.5272478850403607e-45
3751.125	1.482805530041796e-45
3751.25	1.6089387698732407e-45
3751.375	1.488964209235801e-45
3751.5	1.4320196886252955e-45
3751.625	1.4961843294137635e-45
3751.75	1.4281220414120034e-45
3751.875	1.2173478276221437e-45
3752.0	1.4675162718306248e-45
3752.125	1.5256403218269157e-45
3752.25	1.6249063387561288e-45
3752.375	1.5640420102168412e-45
3752.5	1.862814172029561e-45
3752.625	1.8050286715256407e-45
3752.75	1.6740274054143998e-45
3752.875	1.6200872135942487e-45
3753.0	1.6027523026033207e-45
3753.125	1.549570316034724e-45
3753.25	1.1540077111347211e-45
3753.375	1.2677347532991686e-45
3753.5	1.507372238811664e-45
3753.625	1.576682459066521e-45
3753.75	1.450072995870976e-45
3753.875	1.4903109718661166e-45
3754.0	1.6249141589301762e-45
3754.125	1.4724627238731234e-45
3754.25	1.4833147931582765e-45
3754.375	1.380361830674841e-45
3754.5	1.5207699866966006e-45
3754.625	1.550513792446096e-45
3754.75	1.3863031398804638e-45
3754.875	1.3759112727852841e-45
3755.0	1.499093358388129e-45
3755.125	1.6414273031790234e-45
3755.25	1.6219856518976888e-45
3755.375	1.3716002615548841e-45
3755.5	1.464843655772176e-45
3755.625	1.4342713416506248e-45
3755.75	1.6021050119004155e-45
3755.875	1.370454782279716e-45
3756.0	1.3992585864222245e-45
3756.125	1.5207841816562893e-45
3756.25	1.5721651636894437e-45
3756.375	1.4353890796678408e-45
3756.5	1.4152666572009e-45
3756.625	1.628935573285475e-45
3756.75	1.5367613655963038e-45
3756.875	1.4870375616398763e-45
3757.0	1.3669249389147034e-45
3757.125	1.3861635193010891e-45
3757.25	1.946773474529536e-45
3757.375	1.4830521404930562e-45
3757.5	1.3847982146171288e-45
3757.625	1.549603382460004e-45
3757.75	1.520212146050404e-45
3757.875	1.657653654489849e-45
3758.0	1.7169088644888006e-45
3758.125	1.5690502551151205e-45
3758.25	1.4535948498295206e-45
3758.375	1.3091306836119214e-45
3758.5	1.3484452809194889e-45
3758.625	1.483216969653136e-45
3758.75	1.3033871126172088e-45
3758.875	1.3520273845056248e-45
3759.0	1.543796354298276e-45
3759.125	1.3931276313906247e-45
3759.25	1.5503330592843605e-45
3759.375	1.6081243672334762e-45
3759.5	1.6374222138254763e-45
3759.625	1.585057769830656e-45
3759.75	1.669471364497225e-45
3759.875	1.8609283704334407e-45
3760.0	1.6499330567194238e-45
3760.125	1.4155880257386012e-45
3760.25	1.4267489891735607e-45
3760.375	1.544115729476644e-45
3760.5	1.502884088168401e-45
3760.625	1.5993887783848808e-45
3760.75	1.7327913107760998e-45
3760.875	1.4902980007668838e-45
3761.0	1.585573148393536e-45
3761.125	1.546531837788961e-45
3761.25	1.594457528174281e-45
3761.375	1.4881686495505204e-45
3761.5	1.496074556049129e-45
3761.625	1.4250199183180958e-45
3761.75	1.5837721573232253e-45
3761.875	1.4841652232682252e-45
3762.0	1.3949858225410813e-45
3762.125	1.386386692197796e-45
3762.25	1.581587121103929e-45
3762.375	1.512405266019025e-45
3762.5	1.4610075905506412e-45
3762.625	1.4697644429750487e-45
3762.75	1.6421444887179238e-45
3762.875	1.355359245561616e-45
3763.0	1.523875735996201e-45
3763.125	1.6690354256689e-45
3763.25	7.453550577266703e-45
3763.375	5.816634696928225e-45
3763.5	1.5823224590258888e-45
3763.625	1.641410692262929e-45
3763.75	1.8343069660160998e-45
3763.875	1.7710285472881e-45
3764.0	1.4004474730378093e-45
3764.125	1.343190761287489e-45
3764.25	1.526720662932529e-45
3764.375	1.6535986324072962e-45
3764.5	1.5116455353729957e-45
3764.625	1.7306762323516088e-45
3764.75	2.244770114790025e-45
3764.875	1.9451343249203288e-45
3765.0	1.424831026400356e-45
3765.125	1.3066510823216409e-45
3765.25	1.3973057425858093e-45
3765.375	1.9096122147921006e-45
3765.5	1.5703755307852955e-45
3765.625	1.4195562536460007e-45
3765.75	1.528013402195344e-45
3765.875	1.483609284487201e-45
3766.0	1.4628695733604842e-45
3766.125	1.6507857673987688e-45
3766.25	1.824601809068164e-45
3766.375	1.564966857554244e-45
3766.5	2.2486052815305206e-45
3766.625	3.1564937567131237e-45
3766.75	1.9458003474455286e-45
3766.875	1.7865563499056248e-45
3767.0	1.6748647103623208e-45
3767.125	1.736908397070289e-45
3767.25	1.6351371395752408e-45
3767.375	1.6552291098330492e-45
3767.5	1.7641449869790758e-45
3767.625	1.9032824961438758e-45
3767.75	1.7981465391753638e-45
3767.875	1.748017064778436e-45
3768.0	1.8878243777082005e-45
3768.125	1.7276808145443997e-45
3768.25	1.63290344464e-45
3768.375	1.470155281500816e-45
3768.5	1.419460781735823e-45
3768.625	1.3847558666868638e-45
3768.75	1.3303492474462088e-45
3768.875	1.4880146549928487e-45
3769.0	1.6069382254499565e-45
3769.125	1.612977890314816e-45
3769.25	1.6503638126089003e-45
3769.375	1.370097269780625e-45
3769.5	1.3900929276025e-45
3769.625	1.576287394580196e-45
3769.75	1.5964919250156247e-45
3769.875	1.5801045557798408e-45
3770.0	1.6207390926272154e-45
3770.125	1.5286066867599998e-45
3770.25	1.5594577306009e-45
3770.375	1.8006862810360365e-45
3770.5	2.137281690793536e-45
3770.625	1.6947928616510442e-45
3770.75	1.6466870550896638e-45
3770.875	1.669335796540036e-45
3771.0	1.5346325184769956e-45
3771.125	1.6338477824996888e-45
3771.25	1.620430325375761e-45
3771.375	1.7754064277671834e-45
3771.5	1.913018329944225e-45
3771.625	1.890416397408561e-45
3771.75	1.6986993879089612e-45
3771.875	1.9159197002883998e-45
3772.0	1.9260516531080248e-45
3772.125	1.7429908577361635e-45
3772.25	1.907604244424641e-45
3772.375	1.678834667752225e-45
3772.5	1.611139561834009e-45
3772.625	1.8149835716853766e-45
3772.75	2.1311397323043604e-45
3772.875	1.9784913946156962e-45
3773.0	1.7308708491576955e-45
3773.125	1.6208612389262412e-45
3773.25	1.7129769737918758e-45
3773.375	1.666580360307984e-45
3773.5	1.6144629369444002e-45
3773.625	1.6507553764011212e-45
3773.75	1.6402832101680997e-45
3773.875	1.7878544568487838e-45
3774.0	1.7019658664023206e-45
3774.125	1.622960345704324e-45
3774.25	1.680247406254041e-45
3774.375	1.9712018503719608e-45
3774.5	2.0588569568876413e-45
3774.625	1.926938092991409e-45
3774.75	1.966092444290881e-45
3774.875	2.010398536651024e-45
3775.0	1.971623656014961e-45
3775.125	1.9525961354760997e-45
3775.25	1.9628403400341158e-45
3775.375	1.887007970487025e-45
3775.5	1.8159761780899842e-45
3775.625	2.2417675748468642e-45
3775.75	8.535750048709129e-45
3775.875	7.792115290615681e-45
3776.0	1.7325603729292958e-45
3776.125	1.4945362188298242e-45
3776.25	1.6142126228802248e-45
3776.375	1.6436435474318762e-45
3776.5	1.718421928545609e-45
3776.625	1.864616465252025e-45
3776.75	1.713628816e-45
3776.875	1.9034943529349162e-45
3777.0	2.0320799976456037e-45
3777.125	1.8042318140624997e-45
3777.25	1.615115612627001e-45
3777.375	1.5579429474577966e-45
3777.5	1.8964264749844406e-45
3777.625	1.7949474369123998e-45
3777.75	1.6505558916371558e-45
3777.875	1.429132435761424e-45
3778.0	1.8273509791206756e-45
3778.125	1.9261567195520042e-45
3778.25	1.6539790296778807e-45
3778.375	1.8784747002078758e-45
3778.5	1.613181678211489e-45
3778.625	1.6186738507005163e-45
3778.75	1.562046660925696e-45
3778.875	1.3267673663331238e-45
3779.0	1.8515622250270888e-45
3779.125	2.104624625411344e-45
3779.25	1.7161535766022557e-45
3779.375	1.756272166225801e-45
3779.5	2.0294266365089638e-45
3779.625	1.7983213350111607e-45
3779.75	1.5332761309849e-45
3779.875	1.7677314872712008e-45
3780.0	1.5431360188729005e-45
3780.125	1.7109482322320997e-45
3780.25	1.6489172414870442e-45
3780.375	1.4991714151482247e-45
3780.5	1.861460651043904e-45
3780.625	1.7668115073708492e-45
3780.75	1.6062771846785444e-45
3780.875	1.8863241177398887e-45
3781.0	1.7411800000476007e-45
3781.125	1.5909506716787295e-45
3781.25	1.7092634936976e-45
3781.375	1.7158071858238087e-45
3781.5	2.091154062223044e-45
3781.625	1.8420693168422245e-45
3781.75	1.531643011436521e-45
3781.875	1.5302673695514235e-45
3782.0	1.572117821303481e-45
3782.125	1.7038703945412252e-45
3782.25	1.772244466665156e-45
3782.375	1.924133048933481e-45
3782.5	1.9881395936964805e-45
3782.625	2.094089438933284e-45
3782.75	2.0540350991032962e-45
3782.875	2.112178391067364e-45
3783.0	1.849373344844281e-45
3783.125	1.7729468998533757e-45
3783.25	1.8122782914230438e-45
3783.375	1.8448659713214087e-45
3783.5	1.9423393329764405e-45
3783.625	1.8898414759022486e-45
3783.75	2.0400761365088038e-45
3783.875	2.0986835453548808e-45
3784.0	1.9445762770225e-45
3784.125	1.8143898248790248e-45
3784.25	1.530003486637081e-45
3784.375	1.8124832333463607e-45
3784.5	1.891585465354321e-45
3784.625	1.8459700003510087e-45
3784.75	1.9232005932847208e-45
3784.875	1.870470465132096e-45
3785.0	1.7441661271362248e-45
3785.125	1.759174564525225e-45
3785.25	1.7958097899840162e-45
3785.375	1.808491124744164e-45
3785.5	1.833957927820225e-45
3785.625	1.8509822289798493e-45
3785.75	1.788408830313889e-45
3785.875	1.929412477306084e-45
3786.0	1.948535145106225e-45
3786.125	1.9856943068769e-45
3786.25	2.135633235519744e-45
3786.375	2.140104731922756e-45
3786.5	1.993935598092036e-45
3786.625	1.9417806286095998e-45
3786.75	1.8991225298399287e-45
3786.875	1.8047950930944e-45
3787.0	1.8979967045280162e-45
3787.125	1.7461506110590888e-45
3787.25	2.0528236537614086e-45
3787.375	2.3852684334241007e-45
3787.5	1.958223927326976e-45
3787.625	1.8910478509923996e-45
3787.75	1.8719701197128997e-45
3787.875	1.6162923854533212e-45
3788.0	1.922717173742401e-45
3788.125	1.764051324373321e-45
3788.25	1.7663545491764413e-45
3788.375	2.0151785377476002e-45
3788.5	1.8359050855363687e-45
3788.625	1.850757913630096e-45
3788.75	2.109948524798976e-45
3788.875	1.8885758612315038e-45
3789.0	1.9427455215685685e-45
3789.125	1.7222690070524412e-45
3789.25	1.7761684049197694e-45
3789.375	2.0010174016492884e-45
3789.5	1.7264161284268957e-45
3789.625	1.385881097675776e-45
3789.75	1.3304666961669684e-45
3789.875	1.5405276461971357e-45
3790.0	1.4457737763822238e-45
3790.125	1.7400504543437437e-45
3790.25	1.651728677346225e-45
3790.375	1.581603108351876e-45
3790.5	1.671798777668495e-45
3790.625	1.4984310418423288e-45
3790.75	1.5491574877982435e-45
3790.875	1.5730206214329754e-45
3791.0	1.609588883781124e-45
3791.125	1.962429398067856e-45
3791.25	1.835022533888569e-45
3791.375	2.351251103069401e-45
3791.5	2.4270677149478412e-45
3791.625	1.8875227660969e-45
3791.75	1.8332641470899558e-45
3791.875	1.7537659626841212e-45
3792.0	1.8921523872588836e-45
3792.125	1.6788004140098892e-45
3792.25	1.7192401591658412e-45
3792.375	1.7915577442792088e-45
3792.5	2.1450344849432888e-45
3792.625	1.807467575119684e-45
3792.75	1.605411688272921e-45
3792.875	1.866597799547881e-45
3793.0	1.8949387324392363e-45
3793.125	1.8516024150625e-45
3793.25	1.6182787087872247e-45
3793.375	1.7454494961449286e-45
3793.5	1.791174199374756e-45
3793.625	1.844826455782249e-45
3793.75	1.7860857726036634e-45
3793.875	1.721740251724164e-45
3794.0	1.73209121856e-45
3794.125	1.5264752144974242e-45
3794.25	1.6691499000633608e-45
3794.375	1.7760873196098008e-45
3794.5	1.93585920256e-45
3794.625	1.9074809050300884e-45
3794.75	1.7558689515481003e-45
3794.875	1.7706143006542237e-45
3795.0	1.8741340582129e-45
3795.125	1.8142402320222007e-45
3795.25	1.6694664614010252e-45
3795.375	1.370352832048729e-45
3795.5	1.3339609389649e-45
3795.625	1.6033153156164e-45
3795.75	1.5284306753322008e-45
3795.875	1.549790135655876e-45
3796.0	1.622362073445136e-45
3796.125	1.7199420457298562e-45
3796.25	1.7968306273435212e-45
3796.375	1.8282963346507238e-45
3796.5	1.8068469193084838e-45
3796.625	1.9410839252147556e-45
3796.75	1.9798505881421437e-45
3796.875	1.7220732975326408e-45
3797.0	1.4761511874283693e-45
3797.125	1.4146275650562252e-45
3797.25	1.4466781125892838e-45
3797.375	1.5522953846724e-45
3797.5	1.5079375822375837e-45
3797.625	1.39596387876e-45
3797.75	1.5031760957642248e-45
3797.875	1.4466503470104487e-45
3798.0	1.4094146784775837e-45
3798.125	1.3067306083154404e-45
3798.25	1.7087182198560252e-45
3798.375	1.6847973481160888e-45
3798.5	1.4885272809849693e-45
3798.625	1.463161645679616e-45
3798.75	1.3129659488563844e-45
3798.875	1.766580078735616e-45
3799.0	1.773044251131024e-45
3799.125	1.453127919607225e-45
3799.25	1.523898143231044e-45
3799.375	1.6205519769664e-45
3799.5	1.436593138637056e-45
3799.625	1.351553755818256e-45
3799.75	1.5061982474529e-45
3799.875	1.5360578567454754e-45
3800.0	1.592171838512784e-45
3800.125	1.573899083725609e-45
3800.25	1.512243178280041e-45
3800.375	1.5423017656224998e-45
3800.5	1.5329951527243238e-45
3800.625	1.3535436863294439e-45
3800.75	1.295867163404025e-45
3800.875	1.3808353519256489e-45
3801.0	1.524600424161424e-45
3801.125	1.593393873006244e-45
3801.25	1.7379239452122244e-45
3801.375	1.737763615266064e-45
3801.5	1.6613424650657608e-45
3801.625	1.7033412521180248e-45
3801.75	1.792809820312225e-45
3801.875	1.684237933723024e-45
3802.0	1.551121983729796e-45
3802.125	1.3369707775813207e-45
3802.25	1.4575829726730247e-45
3802.375	1.4141442229018808e-45
3802.5	1.5735981433088166e-45
3802.625	1.677700137028644e-45
3802.75	1.769925960558144e-45
3802.875	1.693346120182369e-45
3803.0	1.5610747899727205e-45
3803.125	1.8621612997562888e-45
3803.25	3.0140054982016804e-45
3803.375	2.1204118572848997e-45
3803.5	1.40739773409e-45
3803.625	1.193447672801344e-45
3803.75	1.551827200124644e-45
3803.875	1.565840694197025e-45
3804.0	1.4914194372099995e-45
3804.125	1.6006132587522256e-45
3804.25	1.630371255156736e-45
3804.375	1.6882059940306557e-45
3804.5	1.6738604768656e-45
3804.625	1.5916661603674808e-45
3804.75	1.558700483905161e-45
3804.875	1.766725255769761e-45
3805.0	1.7143582911360996e-45
3805.125	1.3967160892022248e-45
3805.25	1.796071096046241e-45
3805.375	1.832316394969225e-45
3805.5	1.474935038243689e-45
3805.625	1.600406185775929e-45
3805.75	1.414470654083601e-45
3805.875	1.5229056685317762e-45
3806.0	1.4581961807322248e-45
3806.125	1.4534926738406008e-45
3806.25	1.7112598798601288e-45
3806.375	1.5644095906539242e-45
3806.5	1.6172678607423612e-45
3806.625	1.7447810193717762e-45
3806.75	1.842312419975889e-45
3806.875	1.584176198527521e-45
3807.0	1.601439043424256e-45
3807.125	1.4387753265408636e-45
3807.25	1.6152057165028837e-45
3807.375	1.432198308604816e-45
3807.5	1.4815978817409e-45
3807.625	1.478860628785849e-45
3807.75	1.652768530913536e-45
3807.875	1.5717944530147685e-45
3808.0	1.4198880566856035e-45
3808.125	1.4790813742159292e-45
3808.25	1.6983622636384805e-45
3808.375	1.7817142380674493e-45
3808.5	1.619536636180089e-45
3808.625	1.644232187051689e-45
3808.75	1.4955102808615837e-45
3808.875	1.308307023457729e-45
3809.0	1.4595616617241002e-45
3809.125	1.6223130950907042e-45
3809.25	1.4710245601078435e-45
3809.375	1.457268247717489e-45
3809.5	1.3629361397412249e-45
3809.625	1.4390854686784e-45
3809.75	1.4022179693324008e-45
3809.875	1.1439791616631209e-45
3810.0	1.3598719008264806e-45
3810.125	1.3698910309375209e-45
3810.25	1.4955777252899994e-45
3810.375	1.464167980744704e-45
3810.5	1.5499776874995358e-45
3810.625	1.6590184341024994e-45
3810.75	1.568057516874436e-45
3810.875	1.760321711491344e-45
3811.0	1.6606181649664892e-45
3811.125	1.5737481735450244e-45
3811.25	1.619386290076801e-45
3811.375	1.490375982630544e-45
3811.5	1.4491819887431285e-45
3811.625	1.7463812827345288e-45
3811.75	1.6186056971462008e-45
3811.875	1.580083011066564e-45
3812.0	1.532228075379225e-45
3812.125	1.5728008260538086e-45
3812.25	1.789973802518724e-45
3812.375	1.5261514965481212e-45
3812.5	1.322292059595556e-45
3812.625	1.4370172221601003e-45
3812.75	1.6009690266763213e-45
3812.875	1.7361491390971286e-45
3813.0	1.697028684120064e-45
3813.125	1.6966162647600043e-45
3813.25	1.556004430073284e-45
3813.375	1.5545205804532812e-45
3813.5	1.5487098470298007e-45
3813.625	1.497145385719369e-45
3813.75	1.5751515523360405e-45
3813.875	1.3834327643646759e-45
3814.0	1.5028957958399998e-45
3814.125	1.619052302027601e-45
3814.25	1.4617400374786805e-45
3814.375	1.5794257691601003e-45
3814.5	1.6236884756203242e-45
3814.625	1.6165432627750806e-45
3814.75	1.297316061939076e-45
3814.875	1.3010700769818009e-45
3815.0	1.429324259024025e-45
3815.125	1.5535059634116e-45
3815.25	1.6418610804132253e-45
3815.375	1.4750488725132244e-45
3815.5	1.526815612462144e-45
3815.625	1.3234452467809686e-45
3815.75	1.2413229258025689e-45
3815.875	2.473894408351081e-45
3816.0	8.106137722264465e-45
3816.125	4.246927396750116e-45
3816.25	1.6108192685101688e-45
3816.375	1.4912978673902756e-45
3816.5	1.5472131959061608e-45
3816.625	1.7962369755052965e-45
3816.75	1.6932130427689e-45
3816.875	1.587609601142761e-45
3817.0	1.550386372502916e-45
3817.125	1.737270332330625e-45
3817.25	1.5171944233924002e-45
3817.375	1.4146423088163612e-45
3817.5	1.3348217158849439e-45
3817.625	1.7907623427600003e-45
3817.75	1.8152473767183998e-45
3817.875	1.636360663322025e-45
3818.0	1.5569801669537443e-45
3818.125	1.3862415570302247e-45
3818.25	1.3933795093440007e-45
3818.375	1.4711802812170238e-45
3818.5	1.4168519575168357e-45
3818.625	1.5176014126112158e-45
3818.75	1.558674821763136e-45
3818.875	1.4536479980136962e-45
3819.0	1.5453040888467358e-45
3819.125	1.5481689389812846e-45
3819.25	1.5883025781481962e-45
3819.375	1.735052633605369e-45
3819.5	1.600399544940036e-45
3819.625	1.638384857519089e-45
3819.75	2.666028545692801e-45
3819.875	3.64781947274676e-45
3820.0	1.587889881968896e-45
3820.125	1.2944805975898808e-45
3820.25	1.6652578509200408e-45
3820.375	1.5908113902905287e-45
3820.5	1.6392006508838492e-45
3820.625	1.5672608921133155e-45
3820.75	1.5327744133395695e-45
3820.875	1.5495494528764892e-45
3821.0	1.553572417036689e-45
3821.125	1.5403264595420487e-45
3821.25	1.7595370504108956e-45
3821.375	1.6717265708830088e-45
3821.5	1.417604502885921e-45
3821.625	1.380242422804996e-45
3821.75	1.6081594962744963e-45
3821.875	1.5557861423370247e-45
3822.0	1.5118040139417758e-45
3822.125	1.3807416370222238e-45
3822.25	1.3602348629750438e-45
3822.375	1.5490802657394486e-45
3822.5	1.534182594461449e-45
3822.625	1.4287229735963035e-45
3822.75	1.6140432399746493e-45
3822.875	1.423294310324329e-45
3823.0	3.457443410400841e-45
3823.125	4.1971214911880245e-45
3823.25	1.48093359241e-45
3823.375	1.7429658918386487e-45
3823.5	1.724847882938944e-45
3823.625	1.563363915123609e-45
3823.75	1.469082727818225e-45
3823.875	1.7130025517492247e-45
3824.0	1.7054000863201e-45
3824.125	1.7514268524027038e-45
3824.25	1.821431742715225e-45
3824.375	1.528963432249444e-45
3824.5	1.3880189245278758e-45
3824.625	1.4283939948100002e-45
3824.75	1.4519332583945638e-45
3824.875	1.5283574119009437e-45
3825.0	1.560100298591025e-45
3825.125	1.3686139692170887e-45
3825.25	1.3454865907656245e-45
3825.375	1.2547348740841687e-45
3825.5	1.601231917036816e-45
3825.625	1.5255834518035237e-45
3825.75	1.840967227372036e-45
3825.875	1.6997155789464492e-45
3826.0	1.3527444195462757e-45
3826.125	1.241518684806481e-45
3826.25	1.354344734824929e-45
3826.375	1.6508283477697688e-45
3826.5	1.632972868383481e-45
3826.625	1.4488338386025e-45
3826.75	1.313499307857361e-45
3826.875	1.2635014805267562e-45
3827.0	1.4033817390571688e-45
3827.125	1.441946830350625e-45
3827.25	1.484567989528464e-45
3827.375	1.6777861535809446e-45
3827.5	1.617838324414321e-45
3827.625	1.6208173559093757e-45
3827.75	1.5544940853473288e-45
3827.875	1.5835615605321212e-45
3828.0	1.3788578323506245e-45
3828.125	1.5537418289710238e-45
3828.25	1.468180917288801e-45
3828.375	1.475724440995281e-45
3828.5	1.258660385580816e-45
3828.625	1.5232771256474886e-45
3828.75	1.7865112928481634e-45
3828.875	1.831097152925041e-45
3829.0	1.5879252674884e-45
3829.125	1.2514680974490247e-45
3829.25	1.451204110976929e-45
3829.375	1.818178298570404e-45
3829.5	1.5142105955538804e-45
3829.625	1.376100751772224e-45
3829.75	1.5822557911012412e-45
3829.875	1.5669786377765612e-45
3830.0	1.493899955604004e-45
3830.125	1.3842876265922558e-45
3830.25	1.3697567545506254e-45
3830.375	1.4805084638453757e-45
3830.5	1.7066862188194807e-45
3830.625	1.551080079132516e-45
3830.75	1.5140042866032638e-45
3830.875	1.522510688925769e-45
3831.0	1.4609735721638557e-45
3831.125	1.7052358128390008e-45
3831.25	1.5706106126648997e-45
3831.375	1.619946340582249e-45
3831.5	1.5082927621950248e-45
3831.625	1.5257512526699562e-45
3831.75	1.4769996386530092e-45
3831.875	1.575604585780996e-45
3832.0	1.660104094140625e-45
3832.125	1.5406187850140893e-45
3832.25	1.6035860070399997e-45
3832.375	1.5192762986310247e-45
3832.5	1.3823860109243037e-45
3832.625	1.3294233349425638e-45
3832.75	1.3734768800816008e-45
3832.875	1.488919448537361e-45
3833.0	1.571080115743609e-45
3833.125	1.741639032236601e-45
3833.25	1.613202804772416e-45
3833.375	1.361173655563569e-45
3833.5	1.3186952660563359e-45
3833.625	1.619328101247376e-45
3833.75	1.9551422046601e-45
3833.875	1.847991443569441e-45
3834.0	1.8253039462277757e-45
3834.125	1.5993185525733608e-45
3834.25	1.441423913955921e-45
3834.375	1.4306592879392487e-45
3834.5	1.5052010014864e-45
3834.625	1.5374556250016046e-45
3834.75	1.6210651215772087e-45
3834.875	1.4883600737329e-45
3835.0	1.6654108828269158e-45
3835.125	1.610991853688569e-45
3835.25	1.0747928853131559e-45
3835.375	1.353189784489984e-45
3835.5	1.5317900888480998e-45
3835.625	1.430689925589444e-45
3835.75	1.4373791906306562e-45
3835.875	1.3920446813132249e-45
3836.0	1.1849324644311038e-45
3836.125	1.308314763961956e-45
3836.25	1.594670924755561e-45
3836.375	1.2803427216431288e-45
3836.5	1.3236971482572007e-45
3836.625	1.746577449221476e-45
3836.75	1.8287305310682806e-45
3836.875	1.6912703132532488e-45
3837.0	1.4379926849238765e-45
3837.125	1.419565522202884e-45
3837.25	1.3499383366310491e-45
3837.375	1.424039281238025e-45
3837.5	1.2681208861692251e-45
3837.625	1.3007866516163998e-45
3837.75	1.719556127235961e-45
3837.875	1.8148014926371686e-45
3838.0	1.7008984398024995e-45
3838.125	1.5931420843858562e-45
3838.25	1.641932072019121e-45
3838.375	1.6341620295528998e-45
3838.5	1.3074214295080891e-45
3838.625	1.348862759635689e-45
3838.75	1.418418109019664e-45
3838.875	1.4115022701012247e-45
3839.0	1.5748630324879354e-45
3839.125	1.3863968199225002e-45
3839.25	1.265989841724001e-45
3839.375	1.5525287153838808e-45
3839.5	1.673873650826001e-45
3839.625	1.8880874277283837e-45
3839.75	1.796329115233129e-45
3839.875	1.9466607879184406e-45
3840.0	1.8333634830264363e-45
3840.125	1.6926261490054434e-45
3840.25	1.627734598207249e-45
3840.375	1.6205006106153637e-45
3840.5	1.525923828455625e-45
3840.625	1.4621661338349608e-45
3840.75	1.5534781368709684e-45
3840.875	1.575846648394225e-45
3841.0	1.555496483087089e-45
3841.125	1.659375583168356e-45
3841.25	1.6222818395536e-45
3841.375	1.4953839813380248e-45
3841.5	1.5028719928734488e-45
3841.625	1.4237515931126892e-45
3841.75	1.291526043844864e-45
3841.875	1.4380934045288042e-45
3842.0	1.6381119731712158e-45
3842.125	1.610195630781049e-45
3842.25	1.2502987662700959e-45
3842.375	1.3575100324264089e-45
3842.5	1.4997680589319212e-45
3842.625	1.3598930679859839e-45
3842.75	1.403882722106929e-45
3842.875	1.5136242355449757e-45
3843.0	1.3342572334801956e-45
3843.125	1.3455017033285607e-45
3843.25	1.410146620582561e-45
3843.375	1.404664796984164e-45
3843.5	1.6578993336360995e-45
3843.625	1.652908059264784e-45
3843.75	1.5144627613778007e-45
3843.875	1.480222898532225e-45
3844.0	1.3991682881897639e-45
3844.125	1.9150446384557288e-45
3844.25	5.16114666653664e-45
3844.375	3.709312807440385e-45
3844.5	1.522549552459321e-45
3844.625	1.5533091334338488e-45
3844.75	1.5249578734026806e-45
3844.875	1.428279934493281e-45
3845.0	1.4847022314035556e-45
3845.125	1.5234946820809e-45
3845.25	1.5339818225663998e-45
3845.375	1.4425777823635243e-45
3845.5	1.3080064636423841e-45
3845.625	1.2064281790056251e-45
3845.75	1.3302828656798491e-45
3845.875	1.517131089434689e-45
3846.0	1.6669151320483842e-45
3846.125	1.5535925977783208e-45
3846.25	1.578055285865536e-45
3846.375	1.5214950282717157e-45
3846.5	1.495700165564089e-45
3846.625	1.445671799604081e-45
3846.75	1.4336816629921212e-45
3846.875	1.7415558177303038e-45
3847.0	1.586404444474249e-45
3847.125	1.2441407203196408e-45
3847.25	1.5123467765434088e-45
3847.375	1.4219148330577955e-45
3847.5	1.3971006056404809e-45
3847.625	1.4427692143752036e-45
3847.75	1.7217140277057638e-45
3847.875	1.5502323415400998e-45
3848.0	1.3236504333480491e-45
3848.125	1.3806468849012486e-45
3848.25	1.2479465532063691e-45
3848.375	1.3826651758504362e-45
3848.5	1.52180350609e-45
3848.625	1.5563073129037205e-45
3848.75	1.475799889331881e-45
3848.875	1.4673681761625642e-45
3849.0	1.6187952754050247e-45
3849.125	1.666078184099641e-45
3849.25	1.5908489621607042e-45
3849.375	1.3432869314726408e-45
3849.5	1.462916006167225e-45
3849.625	1.548385668619024e-45
3849.75	1.650485038850244e-45
3849.875	1.4799685985295996e-45
3850.0	1.4690938431376e-45
3850.125	1.6861603602716888e-45
3850.25	1.424249028122176e-45
3850.375	1.451963056064689e-45
3850.5	1.777829543747856e-45
3850.625	1.7340948912762248e-45
3850.75	1.5940379644140248e-45
3850.875	1.6569629677561e-45
3851.0	1.9782544999703286e-45
3851.125	1.6361832458566442e-45
3851.25	1.2208213495845159e-45
3851.375	1.2338865984652843e-45
3851.5	1.4070625173322242e-45
3851.625	1.5832783195848998e-45
3851.75	1.687208037107044e-45
3851.875	1.6119703054224995e-45
3852.0	1.3831732331353685e-45
3852.125	1.434390488729104e-45
3852.25	1.4174855279410807e-45
3852.375	1.796507213530176e-45
3852.5	1.805945967794929e-45
3852.625	1.685247491718756e-45
3852.75	1.780337686626304e-45
3852.875	1.526522099015824e-45
3853.0	1.5452606118988092e-45
3853.125	1.502275429603204e-45
3853.25	1.8596740286278436e-45
3853.375	1.806849639758916e-45
3853.5	1.7057760702857637e-45
3853.625	3.4715057126652244e-45
3853.75	2.8627051960965156e-45
3853.875	1.475232614285049e-45
3854.0	1.1502161687365689e-45
3854.125	1.1736801087702251e-45
3854.25	1.284496711695376e-45
3854.375	1.2457484606062438e-45
3854.5	1.4987176612256248e-45
3854.625	1.6284123873024644e-45
3854.75	1.4137206706735285e-45
3854.875	1.478854398927376e-45
3855.0	1.576407933632016e-45
3855.125	1.522703138505241e-45
3855.25	1.494737562890896e-45
3855.375	1.6455338284324e-45
3855.5	1.6163084667489208e-45
3855.625	1.8128455499705757e-45
3855.75	1.6157525023877758e-45
3855.875	1.7502929832690087e-45
3856.0	1.5126592261264e-45
3856.125	1.6357137387057634e-45
3856.25	1.5517507781838238e-45
3856.375	1.4084085777129e-45
3856.5	1.6219322491684006e-45
3856.625	1.6144940367082888e-45
3856.75	1.773971832917025e-45
3856.875	1.6626576289386007e-45
3857.0	1.675516547089476e-45
3857.125	1.6529879085581163e-45
3857.25	1.5721068779388088e-45
3857.375	1.5594485689413157e-45
3857.5	1.7744182333363357e-45
3857.625	1.8508590130353212e-45
3857.75	1.6515418131755565e-45
3857.875	1.4375262959961764e-45
3858.0	1.4569221047832015e-45
3858.125	1.361656051589376e-45
3858.25	1.3005740848217293e-45
3858.375	1.623678885420201e-45
3858.5	1.5575076940339833e-45
3858.625	1.2946463936280246e-45
3858.75	1.330784855045776e-45
3858.875	1.4144693753626236e-45
3859.0	1.500736851029025e-45
3859.125	1.5107823696386555e-45
3859.25	1.608806725264489e-45
3859.375	1.7223735892171207e-45
3859.5	1.6502381222731285e-45
3859.625	1.3767445139220639e-45
3859.75	1.6013831788057958e-45
3859.875	1.7909235756830247e-45
3860.0	1.567699169060761e-45
3860.125	1.5447353203406407e-45
3860.25	1.6420883237907205e-45
3860.375	1.649140018256025e-45
3860.5	1.31487462544e-45
3860.625	1.5065879227440998e-45
3860.75	1.4838389355968998e-45
3860.875	1.5407962818684846e-45
3861.0	1.5866457419292845e-45
3861.125	1.4368251107865757e-45
3861.25	1.4841892628813292e-45
3861.375	1.3686576234091288e-45
3861.5	1.495346084787025e-45
3861.625	1.6580745041305207e-45
3861.75	1.9493850636892807e-45
3861.875	1.941547880874001e-45
3862.0	1.734907764146176e-45
3862.125	1.4854426743564812e-45
3862.25	1.4932961333760997e-45
3862.375	1.391198094317824e-45
3862.5	1.758393346106401e-45
3862.625	1.6796423542335998e-45
3862.75	1.5231417754476003e-45
3862.875	1.5348903751163295e-45
3863.0	1.5549919314249957e-45
3863.125	1.7266366837411237e-45
3863.25	1.5455344561177958e-45
3863.375	1.5180466390459243e-45
3863.5	1.5238348256509288e-45
3863.625	1.613913075090369e-45
3863.75	1.7346505295464962e-45
3863.875	1.6617094844930412e-45
3864.0	1.693086636413956e-45
3864.125	1.613848637380225e-45
3864.25	1.422398822378209e-45
3864.375	1.3485429610351686e-45
3864.5	1.7413878924035997e-45
3864.625	1.7618255744992358e-45
3864.75	1.532816931254436e-45
3864.875	1.5376435269888042e-45
3865.0	1.5161133312900002e-45
3865.125	1.237899008396521e-45
3865.25	1.4087796866337958e-45
3865.375	1.6090421791854243e-45
3865.5	1.3941675401338091e-45
3865.625	1.3159881524556014e-45
3865.75	1.7583098161620252e-45
3865.875	1.6871460134636887e-45
3866.0	1.815042278575969e-45
3866.125	1.90150939969e-45
3866.25	1.8651154142683237e-45
3866.375	1.6642117091520013e-45
3866.5	1.5559200163031042e-45
3866.625	1.4674441767307562e-45
3866.75	1.460905460134849e-45
3866.875	1.4680891115538006e-45
3867.0	1.505378851820944e-45
3867.125	1.466403477147904e-45
3867.25	1.4441026018224994e-45
3867.375	1.6031978362422088e-45
3867.5	1.674818710853401e-45
3867.625	1.3263824567771558e-45
3867.75	1.4427960310640252e-45
3867.875	1.426984396049809e-45
3868.0	1.2688701744096159e-45
3868.125	1.4308918396911608e-45
3868.25	1.4899765980462247e-45
3868.375	1.3577455520648011e-45
3868.5	1.5699112838752362e-45
3868.625	1.712904048690025e-45
3868.75	1.5188909875943036e-45
3868.875	1.5631902629144008e-45
3869.0	1.4393035289277163e-45
3869.125	1.2751676046411208e-45
3869.25	1.263344159863809e-45
3869.375	1.60582128529e-45
3869.5	1.7366696004634243e-45
3869.625	1.508228992933776e-45
3869.75	1.3843460406536009e-45
3869.875	1.7748386541995558e-45
3870.0	1.6124078827304007e-45
3870.125	1.6708561234754493e-45
3870.25	1.5182943702982086e-45
3870.375	1.4391188519184e-45
3870.5	1.464305659465009e-45
3870.625	1.3877335572716158e-45
3870.75	1.521106549865956e-45
3870.875	1.7236953331080997e-45
3871.0	1.629607476349609e-45
3871.125	1.5018898778421762e-45
3871.25	1.581500823175744e-45
3871.375	1.540835378082576e-45
3871.5	1.6125363003344037e-45
3871.625	1.5607856659684e-45
3871.75	1.393304107806121e-45
3871.875	1.651142598136516e-45
3872.0	1.785233532096576e-45
3872.125	1.7688156421441e-45
3872.25	1.8503162061512037e-45
3872.375	1.5084806602188956e-45
3872.5	1.619204242199569e-45
3872.625	1.5164974331418246e-45
3872.75	1.536201304915216e-45
3872.875	1.7342972795610248e-45
3873.0	1.693149921297409e-45
3873.125	1.4434322598158408e-45
3873.25	1.4338241865886408e-45
3873.375	1.7392193621946013e-45
3873.5	1.895839754902564e-45
3873.625	1.6413218860593605e-45
3873.75	1.4579309505110435e-45
3873.875	1.324637370042624e-45
3874.0	1.4713316377594813e-45
3874.125	1.5100945482042248e-45
3874.25	1.459996763689216e-45
3874.375	1.484465270080081e-45
3874.5	1.4796593129956e-45
3874.625	1.6602947832912252e-45
3874.75	1.5753438871224037e-45
3874.875	1.2307811747650813e-45
3875.0	1.2759604785069208e-45
3875.125	1.4773800606368038e-45
3875.25	1.5027246822900488e-45
3875.375	1.5123914213335292e-45
3875.5	1.6252600390561955e-45
3875.625	1.7813871228163238e-45
3875.75	1.716198151788484e-45
3875.875	1.518929649008704e-45
3876.0	1.7061981104348008e-45
3876.125	1.7686195764916813e-45
3876.25	1.518632685851044e-45
3876.375	1.6944273107500835e-45
3876.5	1.7232075380562248e-45
3876.625	1.744896057434209e-45
3876.75	1.7013004900869758e-45
3876.875	1.8086222784099997e-45
3877.0	1.6584017418634406e-45
3877.125	1.6130043169506248e-45
3877.25	1.6544249561921284e-45
3877.375	1.7272008508752362e-45
3877.5	1.7136665693599355e-45
3877.625	1.7653970284903836e-45
3877.75	1.596662302478049e-45
3877.875	1.662538402932169e-45
3878.0	1.495241601069316e-45
3878.125	1.5721795965184002e-45
3878.25	1.494934667428225e-45
3878.375	1.4799537490078892e-45
3878.5	1.291192849981584e-45
3878.625	1.2990824947273688e-45
3878.75	1.5086275535130253e-45
3878.875	1.7612582981531034e-45
3879.0	1.697291600843601e-45
3879.125	1.536414059505924e-45
3879.25	1.6706437379730805e-45
3879.375	1.6474407817876838e-45
3879.5	1.3251396764910234e-45
3879.625	1.4221045120616008e-45
3879.75	1.6722862755984092e-45
3879.875	1.6478872874956838e-45
3880.0	1.486956428033476e-45
3880.125	1.3190774606392361e-45
3880.25	1.4236812603534007e-45
3880.375	1.3739320942280998e-45
3880.5	1.315086254317924e-45
3880.625	1.3260091828192808e-45
3880.75	1.3287499807925289e-45
3880.875	1.4817041202680998e-45
3881.0	1.5938344311967362e-45
3881.125	1.453867616307456e-45
3881.25	1.471512309207616e-45
3881.375	1.4178462331814005e-45
3881.5	1.4190004216228838e-45
3881.625	1.3752938131821161e-45
3881.75	1.4236728084649212e-45
3881.875	1.447344870768196e-45
3882.0	1.5467015733281285e-45
3882.125	1.651186402152849e-45
3882.25	1.5553074145129957e-45
3882.375	1.5692060895984362e-45
3882.5	1.7924783010289002e-45
3882.625	1.647533162913856e-45
3882.75	1.824305718219664e-45
3882.875	1.6565481201097963e-45
3883.0	1.496324743075449e-45
3883.125	1.2972551917700413e-45
3883.25	1.3400684222330252e-45
3883.375	1.353542950518784e-45
3883.5	1.3476791655624999e-45
3883.625	1.508128254229129e-45
3883.75	1.5999256808630407e-45
3883.875	1.8286504783747287e-45
3884.0	1.6672525506560166e-45
3884.125	1.3509697942026813e-45
3884.25	1.550247224566041e-45
3884.375	1.8144233052183044e-45
3884.5	1.732130090363689e-45
3884.625	1.647463511525764e-45
3884.75	1.7910233659942557e-45
3884.875	1.8512309965723558e-45
3885.0	1.534151494716516e-45
3885.125	1.246788614291236e-45
3885.25	1.4866707813169e-45
3885.375	1.6828036635601e-45
3885.5	1.733168719983649e-45
3885.625	1.518078198525529e-45
3885.75	1.480053465360369e-45
3885.875	1.3391943177600156e-45
3886.0	1.279506134934225e-45
3886.125	1.1816683314124088e-45
3886.25	1.4018506461596162e-45
3886.375	1.657835489508676e-45
3886.5	1.723835498733604e-45
3886.625	1.684958089194081e-45
3886.75	1.6330098842072892e-45
3886.875	1.3486962451599996e-45
3887.0	1.409018786536201e-45
3887.125	1.516056716984329e-45
3887.25	1.5934604558215835e-45
3887.375	1.5564954953829155e-45
3887.5	1.5086956038087608e-45
3887.625	1.6029757823524003e-45
3887.75	1.832670585328804e-45
3887.875	1.6914548875446013e-45
3888.0	1.6268922995710087e-45
3888.125	1.6054470280809002e-45
3888.25	1.6056556290206888e-45
3888.375	1.548500335278121e-45
3888.5	1.3245872902143997e-45
3888.625	1.3132636714403997e-45
3888.75	1.382125462594704e-45
3888.875	1.551495526784784e-45
3889.0	1.8388478278405205e-45
3889.125	1.8980035879628888e-45
3889.25	1.795719189109329e-45
3889.375	1.468838354732329e-45
3889.5	1.3164601526991358e-45
3889.625	1.621233100882521e-45
3889.75	1.6058816353432085e-45
3889.875	1.5713609950368163e-45
3890.0	1.8296729924543282e-45
3890.125	1.655935305444225e-45
3890.25	1.5696672211886754e-45
3890.375	1.4403751017710754e-45
3890.5	1.7316292851225e-45
3890.625	1.870326881420176e-45
3890.75	1.724159944230025e-45
3890.875	1.586463552289225e-45
3891.0	1.2696086381386238e-45
3891.125	1.5011166755970088e-45
3891.25	1.7075122294230246e-45
3891.375	1.403429690490129e-45
3891.5	1.476266451817369e-45
3891.625	1.6035189727453688e-45
3891.75	1.9703787933246013e-45
3891.875	1.803681278913361e-45
3892.0	1.687170740633856e-45
3892.125	1.578523436964496e-45
3892.25	1.512421910837161e-45
3892.375	1.7327708304460957e-45
3892.5	1.782439063599364e-45
3892.625	1.5616488503962093e-45
3892.75	1.6524520120317688e-45
3892.875	1.854824543770276e-45
3893.0	1.7697023209088995e-45
3893.125	2.1284098982042493e-45
3893.25	1.8451346023009003e-45
3893.375	1.587543618808081e-45
3893.5	1.4579268267648638e-45
3893.625	1.5860103143150255e-45
3893.75	1.7766359880255997e-45
3893.875	1.7966862531768958e-45
3894.0	1.7128166399437212e-45
3894.125	1.6646812082550248e-45
3894.25	1.4240815463700253e-45
3894.375	1.4589367077609002e-45
3894.5	1.6887368077430492e-45
3894.625	1.595731011346404e-45
3894.75	1.4030947968206493e-45
3894.875	1.4792995207255687e-45
3895.0	1.6481285881224993e-45
3895.125	1.692019859320561e-45
3895.25	1.771999464575376e-45
3895.375	1.648958335887424e-45
3895.5	1.5454296486742088e-45
3895.625	1.496588413635225e-45
3895.75	1.6963015877371246e-45
3895.875	1.6868988338718755e-45
3896.0	1.6300568883253688e-45
3896.125	1.689306257571241e-45
3896.25	1.590331291165764e-45
3896.375	1.661684292392644e-45
3896.5	1.4160002675888407e-45
3896.625	1.493288559320464e-45
3896.75	1.744548949768804e-45
3896.875	1.5120296152806247e-45
3897.0	1.3625848510248487e-45
3897.125	1.7680394338597204e-45
3897.25	1.7513678443264087e-45
3897.375	1.532718663302401e-45
3897.5	1.5586167076623997e-45
3897.625	1.594869159970969e-45
3897.75	1.659567045230656e-45
3897.875	1.628416341956881e-45
3898.0	1.7110729044236893e-45
3898.125	1.8129767762742246e-45
3898.25	1.513614664850401e-45
3898.375	1.6065041165259605e-45
3898.5	1.795741224658969e-45
3898.625	1.632796119568384e-45
3898.75	1.6035460425786015e-45
3898.875	1.4419532857635995e-45
3899.0	1.407062817418896e-45
3899.125	1.4998996556174437e-45
3899.25	1.7865602385338406e-45
3899.375	1.652342176576144e-45
3899.5	1.434921067643904e-45
3899.625	1.366743412677049e-45
3899.75	1.4348397775598407e-45
3899.875	1.5902537674161962e-45
3900.0	1.622962198860025e-45
3900.125	1.5746394577025287e-45
3900.25	1.678857776933689e-45
3900.375	1.586660480070649e-45
3900.5	1.7055324028404646e-45
3900.625	1.992061484490256e-45
3900.75	2.150823624642729e-45
3900.875	1.656294889945609e-45
3901.0	1.583380105140681e-45
3901.125	1.704607368445881e-45
3901.25	1.4518406665627293e-45
3901.375	1.2179599539140891e-45
3901.5	1.2815227218830438e-45
3901.625	1.3852576084644006e-45
3901.75	1.4591742203413208e-45
3901.875	1.703026612314049e-45
3902.0	1.580177697599601e-45
3902.125	1.5516420574285438e-45
3902.25	1.443854995640464e-45
3902.375	1.5757855950995562e-45
3902.5	1.4460276312889e-45
3902.625	1.4932210892439608e-45
3902.75	1.6755442998285688e-45
3902.875	1.761961405324175e-45
3903.0	1.602095565706596e-45
3903.125	1.4364068922016807e-45
3903.25	1.757041260389776e-45
3903.375	1.605645050391001e-45
3903.5	1.5502536030276002e-45
3903.625	1.458989036791225e-45
3903.75	1.5372662445921692e-45
3903.875	1.6999425857295995e-45
3904.0	1.976055517499716e-45
3904.125	1.825113916707904e-45
3904.25	1.6511139917456043e-45
3904.375	1.2869443782360486e-45
3904.5	1.3636553965670249e-45
3904.625	1.5804087414660248e-45
3904.75	1.4994059073985692e-45
3904.875	1.332483318214416e-45
3905.0	1.4301152784282252e-45
3905.125	1.6759106739005443e-45
3905.25	1.5630660394969e-45
3905.375	1.486963986013584e-45
3905.5	1.5248447065475998e-45
3905.625	1.443098856635881e-45
3905.75	1.4345314567936807e-45
3905.875	1.3790804906567291e-45
3906.0	1.510928286576921e-45
3906.125	1.351095795135025e-45
3906.25	1.4498536643791358e-45
3906.375	1.7526827464229157e-45
3906.5	1.709374460754724e-45
3906.625	1.4808106036152038e-45
3906.75	1.4283078255616003e-45
3906.875	1.537189711554121e-45
3907.0	1.638015080815201e-45
3907.125	1.6398683502029435e-45
3907.25	1.524114728967744e-45
3907.375	1.6753911304977642e-45
3907.5	1.590971492616256e-45
3907.625	1.6450030352977686e-45
3907.75	1.541466088957081e-45
3907.875	1.483839628968321e-45
3908.0	1.590814581090289e-45
3908.125	1.6290941922375213e-45
3908.25	1.6813949351938556e-45
3908.375	1.606733068605625e-45
3908.5	1.557371305039936e-45
3908.625	1.7082590005881e-45
3908.75	1.542537250421904e-45
3908.875	1.367943779804176e-45
3909.0	1.7974818667584e-45
3909.125	1.9656524323910407e-45
3909.25	1.5491078954292637e-45
3909.375	1.466862653927449e-45
3909.5	1.4442192683232253e-45
3909.625	1.2655607030783998e-45
3909.75	1.410453736896064e-45
3909.875	1.461725203225225e-45
3910.0	1.5841839996724807e-45
3910.125	1.7411892635535997e-45
3910.25	1.766199637287684e-45
3910.375	1.4464466394880408e-45
3910.5	1.4732080156416643e-45
3910.625	1.3904179880794807e-45
3910.75	1.511358459925636e-45
3910.875	1.5534471574744358e-45
3911.0	1.5285253652496e-45
3911.125	1.521234321024016e-45
3911.25	1.6748255043354238e-45
3911.375	1.6878687623424002e-45
3911.5	1.707180098897295e-45
3911.625	1.5204520993506245e-45
3911.75	1.5005661703281642e-45
3911.875	1.4262277030849003e-45
3912.0	1.4199430720654234e-45
3912.125	1.604080037737024e-45
3912.25	1.8332236427779206e-45
3912.375	1.5973359098892247e-45
3912.5	1.569020626048225e-45
3912.625	1.7150793074822558e-45
3912.75	1.6326887980239355e-45
3912.875	1.542227385067209e-45
3913.0	1.6071038676900002e-45
3913.125	1.460164357137409e-45
3913.25	1.682156890979236e-45
3913.375	1.642156159472676e-45
3913.5	1.573788875736064e-45
3913.625	1.854716273217889e-45
3913.75	1.6012929010809643e-45
3913.875	1.4599166004110248e-45
3914.0	1.3882181029224012e-45
3914.125	1.446852851675361e-45
3914.25	1.3701562720468838e-45
3914.375	1.452025700757025e-45
3914.5	1.3869248532736e-45
3914.625	1.488637008613881e-45
3914.75	1.490526161372889e-45
3914.875	1.491721375050481e-45
3915.0	1.580047315536481e-45
3915.125	1.7331550649300408e-45
3915.25	1.6472495334876846e-45
3915.375	1.4129359281216e-45
3915.5	1.7311025065104e-45
3915.625	1.782199183642201e-45
3915.75	1.3946452905025e-45
3915.875	1.272691426389601e-45
3916.0	1.6523580297288486e-45
3916.125	1.698856256889856e-45
3916.25	1.5713545732992248e-45
3916.375	1.6300216824197288e-45
3916.5	1.4979483723422435e-45
3916.625	1.8064072534224998e-45
3916.75	2.0695227918720638e-45
3916.875	1.8134717491051288e-45
3917.0	1.5550616504329e-45
3917.125	1.5703168026917292e-45
3917.25	1.601262248850625e-45
3917.375	1.491220015877124e-45
3917.5	1.4904154375982008e-45
3917.625	1.690452434772544e-45
3917.75	1.3563261115588887e-45
3917.875	1.5900614815806247e-45
3918.0	1.8573164144008355e-45
3918.125	1.7111207228330247e-45
3918.25	1.6770846505461762e-45
3918.375	1.6383459189081958e-45
3918.5	1.6947964020890255e-45
3918.625	1.640304918459684e-45
3918.75	1.582408381573009e-45
3918.875	1.5876908856139207e-45
3919.0	1.6153017711274888e-45
3919.125	1.229578279707649e-45
3919.25	1.4269089972536013e-45
3919.375	1.6317695977482238e-45
3919.5	1.609945888505161e-45
3919.625	1.5064166767570562e-45
3919.75	1.5423362467629212e-45
3919.875	1.5411632405531042e-45
3920.0	1.5934176638284963e-45
3920.125	1.459771868855521e-45
3920.25	1.5271433086997608e-45
3920.375	1.741083694427025e-45
3920.5	1.682001943255089e-45
3920.625	1.7046668220873212e-45
3920.75	1.5272084144761958e-45
3920.875	1.573065121753225e-45
3921.0	1.5022312444423842e-45
3921.125	1.369610197980025e-45
3921.25	1.5910621969106407e-45
3921.375	1.627046462648896e-45
3921.5	1.6002020063756246e-45
3921.625	1.590685515793201e-45
3921.75	1.3221103946188958e-45
3921.875	1.537338858641569e-45
3922.0	1.584577186335504e-45
3922.125	1.6003188158802244e-45
3922.25	1.539020518043904e-45
3922.375	1.5068266431582247e-45
3922.5	1.6464635513830435e-45
3922.625	1.565130084975625e-45
3922.75	1.464274051715556e-45
3922.875	1.6153853691084492e-45
3923.0	1.6821625509306252e-45
3923.125	1.8119481268562558e-45
3923.25	1.5030484649505604e-45
3923.375	1.4962661785600003e-45
3923.5	1.5974275148445607e-45
3923.625	1.4093369672527692e-45
3923.75	1.5440110487368358e-45
3923.875	1.635964581749481e-45
3924.0	1.591390413295225e-45
3924.125	1.7024258069743688e-45
3924.25	1.586518598427876e-45
3924.375	1.546292351909776e-45
3924.5	1.6135778845032248e-45
3924.625	1.3999158238716008e-45
3924.75	1.4781102944399995e-45
3924.875	1.781957715724081e-45
3925.0	1.854065682852769e-45
3925.125	1.5475051513089637e-45
3925.25	1.777149245437504e-45
3925.375	1.521909069792409e-45
3925.5	1.4897517988738088e-45
3925.625	1.7961962042180247e-45
3925.75	1.9974015899054008e-45
3925.875	1.9019064121659038e-45
3926.0	1.7661741695156245e-45
3926.125	1.7674442516062888e-45
3926.25	1.620447554377089e-45
3926.375	1.3791737035239841e-45
3926.5	1.5726424337811358e-45
3926.625	1.5853833754981288e-45
3926.75	1.716489478969444e-45
3926.875	1.724359011261604e-45
3927.0	1.6201764900050562e-45
3927.125	1.513622990574864e-45
3927.25	1.4728673532261158e-45
3927.375	1.402711328972944e-45
3927.5	1.393405564409104e-45
3927.625	1.531306693303396e-45
3927.75	1.6567044959432248e-45
3927.875	1.752473594853136e-45
3928.0	1.7907948426706553e-45
3928.125	1.6842059230900837e-45
3928.25	1.553052177541089e-45
3928.375	1.4636266653758758e-45
3928.5	1.6485760802809208e-45
3928.625	1.558221623667856e-45
3928.75	1.9754818507104484e-45
3928.875	1.8842914477974758e-45
3929.0	1.7872397990260804e-45
3929.125	1.7471652623992358e-45
3929.25	1.3918337379149439e-45
3929.375	1.3315789225296357e-45
3929.5	1.2730656825621157e-45
3929.625	1.3925369944909438e-45
3929.75	1.4793935994489962e-45
3929.875	1.573243605298225e-45
3930.0	1.531416499422489e-45
3930.125	1.5204044503084965e-45
3930.25	1.6486735281073208e-45
3930.375	1.8932226109476846e-45
3930.5	1.6615723569873207e-45
3930.625	1.524471965093169e-45
3930.75	1.497442407633601e-45
3930.875	1.445673396528144e-45
3931.0	1.601673317269921e-45
3931.125	1.5677511962462435e-45
3931.25	1.531084353839329e-45
3931.375	1.5825013078422248e-45
3931.5	1.638988505642929e-45
3931.625	1.4149657129608994e-45
3931.75	1.418824434605796e-45
3931.875	1.933184672256016e-45
3932.0	1.878323615216161e-45
3932.125	1.6532199052772492e-45
3932.25	1.402976731981561e-45
3932.375	1.4600642431593692e-45
3932.5	1.5612979529071688e-45
3932.625	1.8190576437697437e-45
3932.75	2.1123917355421688e-45
3932.875	1.824613427664036e-45
3933.0	1.8791937157102238e-45
3933.125	1.7957397838688997e-45
3933.25	1.6139828974528365e-45
3933.375	1.502768021864704e-45
3933.5	1.488902393344804e-45
3933.625	1.4946273013681e-45
3933.75	1.3425642000763237e-45
3933.875	1.4726066249462488e-45
3934.0	1.4667102253084092e-45
3934.125	1.4533228713907834e-45
3934.25	1.6201280276625955e-45
3934.375	1.517020160817249e-45
3934.5	1.5169131310097608e-45
3934.625	1.568332264730625e-45
3934.75	1.700286794197156e-45
3934.875	1.789086288998464e-45
3935.0	1.6165896611308958e-45
3935.125	1.5557658684672038e-45
3935.25	1.4737884913422086e-45
3935.375	1.5132129564014445e-45
3935.5	1.5910005304731038e-45
3935.625	1.807304068735201e-45
3935.75	1.8177974571244958e-45
3935.875	1.4845294596864643e-45
3936.0	1.291580238627844e-45
3936.125	1.459185680105521e-45
3936.25	1.5408816975323562e-45
3936.375	1.7442382111900842e-45
3936.5	1.624802823998649e-45
3936.625	1.4795374541395363e-45
3936.75	1.3789478441509694e-45
3936.875	1.7117659230210488e-45
3937.0	1.7050360358947238e-45
3937.125	1.4681539423510088e-45
3937.25	1.531044051159364e-45
3937.375	1.4684970483086758e-45
3937.5	1.4328092579860888e-45
3937.625	1.6570140946478435e-45
3937.75	1.521997315430656e-45
3937.875	1.672030455039961e-45
3938.0	1.5000472924371357e-45
3938.125	1.749039284181289e-45
3938.25	1.7791850474697685e-45
3938.375	1.533386712544324e-45
3938.5	1.4861141421228007e-45
3938.625	1.3723083903917613e-45
3938.75	1.4372016126353635e-45
3938.875	1.3981968874858407e-45
3939.0	1.4604926939304488e-45
3939.125	1.6636302715653762e-45
3939.25	1.570407471086689e-45
3939.375	1.599928960788544e-45
3939.5	1.5547738724456412e-45
3939.625	1.7852528835760085e-45
3939.75	1.893731638918729e-45
3939.875	1.692729251269681e-45
3940.0	1.6788979315634488e-45
3940.125	1.699802487852921e-45
3940.25	1.686801330651969e-45
3940.375	1.679381217904516e-45
3940.5	1.642745505455209e-45
3940.625	1.680772293711729e-45
3940.75	1.6454465333228157e-45
3940.875	1.5305008384514554e-45
3941.0	1.6948346061201612e-45
3941.125	1.806870383260804e-45
3941.25	1.4676232302040413e-45
3941.375	1.246755705687184e-45
3941.5	1.5397190544765158e-45
3941.625	1.8307365254294487e-45
3941.75	1.7892282425329e-45
3941.875	1.533202281640129e-45
3942.0	1.384857532578276e-45
3942.125	1.359041201510976e-45
3942.25	1.5696359223141608e-45
3942.375	1.5652404641343994e-45
3942.5	1.5374896598188963e-45
3942.625	1.7500306782234238e-45
3942.75	1.8157551019756843e-45
3942.875	1.4799340523479208e-45
3943.0	1.4149386295489e-45
3943.125	1.508290198970944e-45
3943.25	1.2912401384688997e-45
3943.375	1.2898877996400638e-45
3943.5	1.541931451479225e-45
3943.625	1.847850616676689e-45
3943.75	1.6837765175517164e-45
3943.875	1.646756040778564e-45
3944.0	1.4573617759664638e-45
3944.125	1.320255334161124e-45
3944.25	1.4753877129221766e-45
3944.375	1.6253038209132487e-45
3944.5	2.021280029987904e-45
3944.625	2.0066128995242885e-45
3944.75	1.3761616638024087e-45
3944.875	1.4012174355999213e-45
3945.0	1.4126350814614445e-45
3945.125	1.6445693298241003e-45
3945.25	1.8398509696582558e-45
3945.375	1.8826499251561957e-45
3945.5	1.918207516643716e-45
3945.625	1.873533742960896e-45
3945.75	1.6175784179569e-45
3945.875	1.659801295754281e-45
3946.0	1.6039798317800887e-45
3946.125	1.7956663043418088e-45
3946.25	1.8451239494688358e-45
3946.375	2.0505010025217638e-45
3946.5	1.7415556508024998e-45
3946.625	1.670419676909824e-45
3946.75	1.867247646378921e-45
3946.875	1.7222913342480034e-45
3947.0	1.456602489673444e-45
3947.125	1.650521277585664e-45
3947.25	1.6794244113699613e-45
3947.375	1.745439636414681e-45
3947.5	1.638238981777225e-45
3947.625	1.4723922724716957e-45
3947.75	1.674976192219729e-45
3947.875	1.625085643147201e-45
3948.0	1.6439670875064957e-45
3948.125	1.6438430195035554e-45
3948.25	1.469437595563536e-45
3948.375	1.4817989683161636e-45
3948.5	1.6370149177216807e-45
3948.625	1.5749423232048486e-45
3948.75	1.6920867441403242e-45
3948.875	1.7617433062118757e-45
3949.0	1.5949245913610488e-45
3949.125	1.6176080193720037e-45
3949.25	1.683447360127225e-45
3949.375	1.5432288061704013e-45
3949.5	1.370220605953081e-45
3949.625	1.565564502856225e-45
3949.75	1.3379909785164809e-45
3949.875	1.715712412903281e-45
3950.0	1.629236108257209e-45
3950.125	1.5396667882337434e-45
3950.25	1.567910054760336e-45
3950.375	1.5364855558808997e-45
3950.5	1.803919457240329e-45
3950.625	1.809495566643556e-45
3950.75	1.6922146763523693e-45
3950.875	1.8556735909008998e-45
3951.0	1.90561933156e-45
3951.125	1.7452956708136962e-45
3951.25	1.533940150140304e-45
3951.375	1.6762574357471287e-45
3951.5	1.6107339426025e-45
3951.625	1.358581163052096e-45
3951.75	1.368817004115729e-45
3951.875	1.489622963861956e-45
3952.0	1.598801984340484e-45
3952.125	1.714412531866225e-45
3952.25	1.6612308672399997e-45
3952.375	1.648867051787536e-45
3952.5	1.5368071533454238e-45
3952.625	1.554429741030049e-45
3952.75	1.830370200546276e-45
3952.875	1.9587169236712357e-45
3953.0	1.695409859376025e-45
3953.125	1.3967732699649e-45
3953.25	1.332624224275876e-45
3953.375	1.616559586557444e-45
3953.5	1.462149767896489e-45
3953.625	1.42935412624e-45
3953.75	1.4979616863201003e-45
3953.875	1.5053777654432045e-45
3954.0	1.633204992010761e-45
3954.125	2.0237872516295288e-45
3954.25	1.754608649026401e-45
3954.375	1.6366282234886442e-45
3954.5	1.56787489296e-45
3954.625	1.4410302324972158e-45
3954.75	1.486868432964489e-45
3954.875	1.588225502387209e-45
3955.0	1.802473810713601e-45
3955.125	1.9860195273188403e-45
3955.25	1.898564324860324e-45
3955.375	1.5675030256236167e-45
3955.5	1.5813160660352245e-45
3955.625	1.5474849314672252e-45
3955.75	1.5993860589056245e-45
3955.875	1.4001935351055999e-45
3956.0	1.3372203792645759e-45
3956.125	1.3551715681490249e-45
3956.25	1.565059903262244e-45
3956.375	1.736285309925049e-45
3956.5	1.7559846059808996e-45
3956.625	1.8380950722061206e-45
3956.75	1.639618665762025e-45
3956.875	1.6684439146280998e-45
3957.0	1.7521815738286236e-45
3957.125	1.649924526663169e-45
3957.25	1.896384320775025e-45
3957.375	2.001663304962304e-45
3957.5	1.5337987657700492e-45
3957.625	1.7039922492724807e-45
3957.75	1.9191170325219837e-45
3957.875	1.998505552803904e-45
3958.0	1.889304109447876e-45
3958.125	1.943202093678756e-45
3958.25	1.5886343361209756e-45
3958.375	1.5698001854556155e-45
3958.5	2.0479597237633207e-45
3958.625	2.0033997704973157e-45
3958.75	1.7750380977024008e-45
3958.875	1.665801697006756e-45
3959.0	1.5566720106304892e-45
3959.125	1.540410370755844e-45
3959.25	1.5662330227382437e-45
3959.375	1.4256871044259836e-45
3959.5	1.5631861510482012e-45
3959.625	1.8349874075830086e-45
3959.75	1.841904424447396e-45
3959.875	1.553933955960961e-45
3960.0	1.27596126436e-45
3960.125	1.7239804864723355e-45
3960.25	1.8625546148409758e-45
3960.375	1.6967713898532252e-45
3960.5	1.7736443342276492e-45
3960.625	1.5020482317752887e-45
3960.75	1.6167389123508646e-45
3960.875	1.800051432102169e-45
3961.0	1.6055900741342252e-45
3961.125	1.6017262253511838e-45
3961.25	1.550874896560201e-45
3961.375	1.636501600967809e-45
3961.5	1.841905111126084e-45
3961.625	1.8686049119337693e-45
3961.75	1.8498601e-45
3961.875	1.873405190688201e-45
3962.0	1.7165609888228005e-45
3962.125	1.627163441076996e-45
3962.25	1.5268859473505438e-45
3962.375	1.3422881608370011e-45
3962.5	1.2930741332355998e-45
3962.625	1.3376086867288893e-45
3962.75	1.3677947313966809e-45
3962.875	1.4724928849556247e-45
3963.0	1.6661285534246443e-45
3963.125	1.728233345744676e-45
3963.25	1.5088080144508838e-45
3963.375	1.7559163023590247e-45
3963.5	1.676259237201025e-45
3963.625	1.649840202150625e-45
3963.75	1.795894714488004e-45
3963.875	1.728600612532249e-45
3964.0	1.6274968930090083e-45
3964.125	1.5354895386143292e-45
3964.25	1.7214563624509692e-45
3964.375	1.799169397724689e-45
3964.5	1.6777357721899288e-45
3964.625	1.769194514498436e-45
3964.75	1.856299043174521e-45
3964.875	1.8469408736024998e-45
3965.0	1.6227128380681002e-45
3965.125	1.491232836522256e-45
3965.25	1.5926828648817612e-45
3965.375	1.6998592189638013e-45
3965.5	1.761130132204041e-45
3965.625	1.3536092478620409e-45
3965.75	1.2993124578845287e-45
3965.875	1.6794371973979693e-45
3966.0	1.808586044820676e-45
3966.125	1.8531870416982807e-45
3966.25	1.659456484726329e-45
3966.375	1.7805383671734757e-45
3966.5	1.7842064486574243e-45
3966.625	1.7684976192130808e-45
3966.75	1.785560746762816e-45
3966.875	1.4453807939308962e-45
3967.0	1.4383374063255612e-45
3967.125	1.759055198152464e-45
3967.25	1.8021726436160163e-45
3967.375	1.815473875790884e-45
3967.5	1.6871434668219046e-45
3967.625	1.6131747699364086e-45
3967.75	1.51551375616e-45
3967.875	1.722264774031684e-45
3968.0	1.551532237576036e-45
3968.125	1.6541350401814805e-45
3968.25	1.702280490724804e-45
3968.375	1.690032593320036e-45
3968.5	1.5898920149024998e-45
3968.625	1.5663622795170253e-45
3968.75	1.5374155522318808e-45
3968.875	1.4262110863441e-45
3969.0	1.4664668155256248e-45
3969.125	1.739299351288464e-45
3969.25	1.9736135884876407e-45
3969.375	1.6943536290257292e-45
3969.5	1.7213934635230413e-45
3969.625	1.7799676640535693e-45
3969.75	1.5938124737015608e-45
3969.875	1.7869759234790437e-45
3970.0	2.1557543717304042e-45
3970.125	2.0392494798025e-45
3970.25	1.855656187619584e-45
3970.375	1.4796207699739207e-45
3970.5	1.6917986469903998e-45
3970.625	1.5509846931468492e-45
3970.75	1.514845564314289e-45
3970.875	1.816400129608516e-45
3971.0	1.8483565179952885e-45
3971.125	1.495782310869025e-45
3971.25	1.3380742326118088e-45
3971.375	1.4957372931061688e-45
3971.5	1.6354629148944488e-45
3971.625	1.625731672451769e-45
3971.75	1.486677336077025e-45
3971.875	1.4518626139892247e-45
3972.0	1.647690655163536e-45
3972.125	1.5360025173294234e-45
3972.25	1.7704963140347558e-45
3972.375	1.9981225417324958e-45
3972.5	1.5199008666408358e-45
3972.625	1.5001218107368358e-45
3972.75	1.722438581161984e-45
3972.875	1.7156007432757212e-45
3973.0	1.6986803465024995e-45
3973.125	1.656547713102681e-45
3973.25	1.9776805140544e-45
3973.375	1.7879915410532007e-45
3973.5	1.6658098598635558e-45
3973.625	1.9801461383618888e-45
3973.75	1.798223461866225e-45
3973.875	1.637031506380516e-45
3974.0	1.5808432069127604e-45
3974.125	1.338782143354384e-45
3974.25	1.3253428100465638e-45
3974.375	1.431803921464225e-45
3974.5	1.5529492435055292e-45
3974.625	1.520421451026724e-45
3974.75	1.5031336807918246e-45
3974.875	1.3046151017359359e-45
3975.0	1.6681253264360995e-45
3975.125	1.899308877885721e-45
3975.25	1.6890415763984007e-45
3975.375	1.8814244576521003e-45
3975.5	1.6488310748516007e-45
3975.625	1.438626412534441e-45
3975.75	1.454342216233921e-45
3975.875	1.456699965894121e-45
3976.0	1.426771728207424e-45
3976.125	1.424609460512001e-45
3976.25	1.578744744363241e-45
3976.375	1.580069575507921e-45
3976.5	1.5733610926594562e-45
3976.625	1.7075182624483843e-45
3976.75	1.698892363334884e-45
3976.875	1.814412571030084e-45
3977.0	1.7057732618160634e-45
3977.125	1.7219144473458492e-45
3977.25	1.6619124142336003e-45
3977.375	1.600561169196196e-45
3977.5	1.8030490444056248e-45
3977.625	1.794938878824961e-45
3977.75	1.915105029419569e-45
3977.875	1.5246203377537688e-45
3978.0	1.7589806276812092e-45
3978.125	1.675534312090681e-45
3978.25	1.593197964733456e-45
3978.375	1.6996868846530807e-45
3978.5	1.5772587463900888e-45
3978.625	1.362672558216025e-45
3978.75	1.3817292590811613e-45
3978.875	1.4329308426893292e-45
3979.0	1.626764118250896e-45
3979.125	1.6564116941254438e-45
3979.25	1.528093850087281e-45
3979.375	1.6135087939350252e-45
3979.5	1.527005989301776e-45
3979.625	1.5911584882915837e-45
3979.75	1.737622967888025e-45
3979.875	1.8922047602704002e-45
3980.0	1.7933516641682888e-45
3980.125	1.625205614917921e-45
3980.25	1.9267057975820488e-45
3980.375	1.7256516069673692e-45
3980.5	1.8093485577278437e-45
3980.625	1.8342598546276e-45
3980.75	1.945733740062784e-45
3980.875	1.9233811018641606e-45
3981.0	1.6462097137201e-45
3981.125	1.5905795074849e-45
3981.25	1.9316227170529003e-45
3981.375	1.962692544825796e-45
3981.5	1.651145117461225e-45
3981.625	1.665308697541636e-45
3981.75	1.742210152723681e-45
3981.875	1.6770907933854012e-45
3982.0	1.686383667622404e-45
3982.125	1.603775584725889e-45
3982.25	1.7711079178280888e-45
3982.375	1.763849559207681e-45
3982.5	1.4604889487263362e-45
3982.625	1.561993938040761e-45
3982.75	1.7891686856563558e-45
3982.875	1.7740302097006435e-45
3983.0	1.7682340376406252e-45
3983.125	1.5406928127556006e-45
3983.25	1.6605233802304002e-45
3983.375	1.6779354180120998e-45
3983.5	1.4268623084165612e-45
3983.625	1.511414364409569e-45
3983.75	1.7909841774404412e-45
3983.875	1.6987113403614762e-45
3984.0	1.799956481699236e-45
3984.125	1.7819220879267608e-45
3984.25	1.8393402295009e-45
3984.375	1.806427229347225e-45
3984.5	1.785040107570225e-45
3984.625	1.8318609720600247e-45
3984.75	2.1593827381672808e-45
3984.875	2.011538107830276e-45
3985.0	1.8778964840982087e-45
3985.125	1.680063362507776e-45
3985.25	1.6052600760958092e-45
3985.375	1.6656985202209002e-45
3985.5	1.6223458815060248e-45
3985.625	1.9326865469535607e-45
3985.75	1.632354895417744e-45
3985.875	1.4548312350625002e-45
3986.0	1.4101436164306407e-45
3986.125	1.8963659437766557e-45
3986.25	2.048458095411025e-45
3986.375	1.9156533179033288e-45
3986.5	1.686405925252129e-45
3986.625	1.988863599442329e-45
3986.75	1.672405768823364e-45
3986.875	1.528283993852529e-45
3987.0	1.3521351960748808e-45
3987.125	1.423020051351844e-45
3987.25	1.781418777818449e-45
3987.375	1.6711258349128357e-45
3987.5	1.6569170519205158e-45
3987.625	1.569032984662441e-45
3987.75	1.4510904386987612e-45
3987.875	1.6160609844681205e-45
3988.0	1.7178974944157292e-45
3988.125	1.676661476961249e-45
3988.25	1.560428782121169e-45
3988.375	1.5143497511346092e-45
3988.5	1.5111455813839354e-45
3988.625	1.5310306692217693e-45
3988.75	1.5207111797122087e-45
3988.875	1.6303704475997162e-45
3989.0	1.7913252084025e-45
3989.125	1.705394717780625e-45
3989.25	1.461059727363721e-45
3989.375	1.6705659974633634e-45
3989.5	1.743710269671049e-45
3989.625	1.716204448701604e-45
3989.75	1.694631734469025e-45
3989.875	2.034682316147209e-45
3990.0	1.9335901663764493e-45
3990.125	2.290624492899961e-45
3990.25	2.2680950957284837e-45
3990.375	1.788155609254921e-45
3990.5	1.5274780750252955e-45
3990.625	1.460818162863801e-45
3990.75	1.5312476829455998e-45
3990.875	1.3525770772052012e-45
3991.0	1.7425654599382084e-45
3991.125	1.551714616292481e-45
3991.25	1.6606289231642248e-45
3991.375	1.8258273475494006e-45
3991.5	1.5333583619344e-45
3991.625	1.6359415270070758e-45
3991.75	1.6372606812340834e-45
3991.875	1.716433382479321e-45
3992.0	1.6268389774644638e-45
3992.125	1.7865581251484163e-45
3992.25	1.553285801592009e-45
3992.375	1.5222811076492408e-45
3992.5	1.706747774342416e-45
3992.625	1.6799956500625e-45
3992.75	1.5592437023076003e-45
3992.875	1.7345717302760997e-45
3993.0	1.638925188616881e-45
3993.125	1.5333780976903836e-45
3993.25	1.4447795611855358e-45
3993.375	1.5563357959780842e-45
3993.5	1.6783525252254007e-45
3993.625	1.540809156872164e-45
3993.75	1.4488752520408356e-45
3993.875	1.5590604078337208e-45
3994.0	1.5637427254909688e-45
3994.125	1.5504905603603607e-45
3994.25	1.5058310517915207e-45
3994.375	1.5866506811906554e-45
3994.5	1.418104704068361e-45
3994.625	1.7122263582092487e-45
3994.75	1.554224731253649e-45
3994.875	1.844458809748569e-45
3995.0	2.1086509001624013e-45
3995.125	1.879144730904609e-45
3995.25	1.733822976639999e-45
3995.375	1.9710109426527603e-45
3995.5	1.945032711375625e-45
3995.625	1.6359140233163558e-45
3995.75	1.623555101849769e-45
3995.875	1.712962653530209e-45
3996.0	1.630156209787249e-45
3996.125	1.572711595575184e-45
3996.25	1.6661571263137442e-45
3996.375	1.869310622025625e-45
3996.5	1.5476443334923208e-45
3996.625	1.540006220725569e-45
3996.75	1.9486742838516805e-45
3996.875	1.6774463600895998e-45
3997.0	1.5717116735427604e-45
3997.125	1.7544604522384e-45
3997.25	2.1327202281554557e-45
3997.375	2.1798370421256244e-45
3997.5	2.156642392432896e-45
3997.625	1.8414006084639363e-45
3997.75	1.6430443120772888e-45
3997.875	1.6325827729738238e-45
3998.0	1.562921263372401e-45
3998.125	1.6246120881515288e-45
3998.25	1.2706153581588636e-45
3998.375	1.455881938552441e-45
3998.5	1.7404151364680892e-45
3998.625	1.6239589470438755e-45
3998.75	1.6775646449510558e-45
3998.875	2.0016235760820636e-45
3999.0	1.930971078009856e-45
3999.125	1.710634958591329e-45
3999.25	1.713075147833344e-45
3999.375	1.7817524808560998e-45
3999.5	1.933746712025769e-45
3999.625	1.688576872736209e-45
3999.75	1.7891156436477208e-45
3999.875	1.9250013217765687e-45
4000.0	1.6259395708894807e-45
