0.0	1.0
0.025	1.0
0.05	1.0
0.075	1.0
0.1	1.0
0.125	1.0
0.15	1.0
0.175	1.0
0.2	1.0
0.225	1.0
0.25	1.0
0.275	1.0
0.3	1.0
0.325	1.0
0.35	1.0
0.375	1.0
0.4	1.0
0.425	1.0
0.45	1.0
0.475	1.0
0.5	1.0
0.525	1.0
0.55	1.0
0.575	1.0
0.6	1.0
0.625	1.0
0.65	1.0
0.675	1.0
0.7	1.0
0.725	1.0
0.75	1.0
0.775	1.0
0.8	1.0
0.825	1.0
0.85	1.0
0.875	1.0
0.9	1.0
0.925	1.0
0.95	1.0
0.975	1.0
1.0	1.0
1.025	1.0
1.05	1.0
1.075	1.0
1.1	1.0
1.125	1.0
1.15	1.0
1.175	1.0
1.2	1.0
1.225	1.0
1.25	1.0
1.275	1.0
1.3	1.0
1.325	1.0
1.35	1.0
1.375	1.0
1.4	1.0
1.425	1.0
1.45	1.0
1.475	1.0
1.5	1.0
1.525	1.0
1.55	1.0
1.575	1.0
1.6	1.0
1.625	1.0
1.65	1.0
1.675	1.0
1.7	1.0
1.725	1.0
1.75	1.0
1.775	1.0
1.8	1.0
1.825	1.0
1.85	1.0
1.875	1.0
1.9	1.0
1.925	1.0
1.95	1.0
1.975	1.0
2.0	1.0
2.025	1.0
2.05	1.0
2.075	1.0
2.1	1.0
2.125	1.0
2.15	1.0
2.175	1.0
2.2	1.0
2.225	1.0
2.25	1.0
2.275	1.0
2.3	1.0
2.325	1.0
2.35	1.0
2.375	1.0
2.4	1.0
2.425	1.0
2.45	1.0
2.475	1.0
2.5	1.0
2.525	1.0
2.55	1.0
2.575	1.0
2.6	1.0
2.625	1.0
2.65	1.0
2.675	1.0
2.7	1.0
2.725	1.0
2.75	1.0
2.775	1.0
2.8	1.0
2.825	1.0
2.85	1.0
2.875	1.0
2.9	1.0
2.925	1.0
12.95	1.0
2.975	1.0
3.0	1.0
3.025	1.0
3.05	1.0
3.075	1.0
3.1	1.0
3.125	1.0
3.15	1.0
3.175	1.0
3.2	1.0
3.225	1.0
3.25	1.0
3.275	1.0
3.3	1.0
3.325	1.0
3.35	1.0
3.375	1.0
3.4	1.0
3.425	1.0
3.45	1.0
3.475	1.0
3.5	1.0
3.525	1.0
3.55	1.0
3.575	1.0
3.6	1.0
3.625	1.0
3.65	1.0
3.675	1.0
3.7	1.0
3.725	1.0
3.75	1.0
3.775	1.0
3.8	1.0
3.825	1.0
3.85	1.0
3.875	1.0
3.9	1.0
3.925	1.0
3.95	1.0
3.975	1.0
4.0	1.0
4.025	1.0
4.05	1.0
4.075	1.0
4.1	1.0
4.125	1.0
4.15	1.0
4.175	1.0
4.2	1.0
4.225	1.0
4.25	1.0
4.275	1.0
4.3	1.0
4.325	1.0
4.35	1.0
4.375	1.0
4.4	1.0
4.425	1.0
4.45	1.0
4.475	1.0
4.5	1.0
4.525	1.0
4.55	1.0
4.575	1.0
4.6	1.0
4.625	1.0
4.65	1.0
4.675	1.0
4.7	1.0
4.725	1.0
4.75	1.0
4.775	1.0
4.8	1.0
4.825	1.0
4.85	1.0
4.875	1.0
4.9	1.0
4.925	1.0
4.95	1.0
4.975	1.0
5.0	1.0
5.025	1.0
5.05	1.0
5.075	1.0
5.1	1.0
5.125	1.0
5.15	1.0
5.175	1.0
5.2	1.0
5.225	1.0
5.25	1.0
5.275	1.0
5.3	1.0
5.325	1.0
5.35	1.0
5.375	1.0
5.4	1.0
5.425	1.0
5.45	1.0
5.475	1.0
5.5	1.0
5.525	1.0
5.55	1.0
5.575	1.0
5.6	1.0
5.625	1.0
5.65	1.0
5.675	1.0
5.7	1.0
5.725	1.0
5.75	1.0
5.775	1.0
5.8	1.0
5.825	1.0
5.85	1.0
5.875	1.0
5.9	1.0
5.925	1.0
5.95	1.0
5.975	1.0
6.0	1.0
6.025	1.0
6.05	1.0
6.075	1.0
6.1	1.0
6.125	1.0
6.15	1.0
6.175	1.0
6.2	1.0
6.225	1.0
6.25	1.0
6.275	1.0
6.3	1.0
6.325	1.0
6.35	1.0
6.375	1.0
6.4	1.0
6.425	1.0
6.45	1.0
6.475	1.0
6.5	1.0
6.525	1.0
6.55	1.0
6.575	1.0
6.6	1.0
6.625	1.0
6.65	1.0
6.675	1.0
6.7	1.0
6.725	1.0
6.75	1.0
6.775	1.0
6.8	1.0
6.825	1.0
6.85	1.0
6.875	1.0
6.9	1.0
6.925	1.0
6.95	1.0
6.975	1.0
7.0	1.0
7.025	1.0
7.05	1.0
7.075	1.0
7.1	1.0
7.125	1.0
7.15	1.0
7.175	1.0
7.2	1.0
7.225	1.0
7.25	1.0
7.275	1.0
7.3	1.0
7.325	1.0
7.35	1.0
7.375	1.0
7.4	1.0
7.425	1.0
7.45	1.0
7.475	1.0
7.5	1.0
7.525	1.0
7.55	1.0
7.575	1.0
7.6	1.0
7.625	1.0
7.65	1.0
7.675	1.0
7.7	1.0
7.725	1.0
7.75	1.0
7.775	1.0
7.8	1.0
7.825	1.0
7.85	1.0
7.875	1.0
7.9	1.0
7.925	1.0
7.95	1.0
7.975	1.0
8.0	1.0
8.025	1.0
8.05	1.0
8.075	1.0
8.1	1.0
8.125	1.0
8.15	1.0
8.175	1.0
8.2	1.0
8.225	1.0
8.25	1.0
8.275	1.0
8.3	1.0
8.325	1.0
8.35	1.0
8.375	1.0
8.4	1.0
8.425	1.0
8.45	1.0
8.475	1.0
8.5	1.0
8.525	1.0
8.55	1.0
8.575	1.0
8.6	1.0
8.625	1.0
8.65	1.0
8.675	1.0
8.7	1.0
8.725	1.0
8.75	1.0
8.775	1.0
8.8	1.0
8.825	1.0
8.85	1.0
8.875	1.0
8.9	1.0
8.925	1.0
8.95	1.0
8.975	1.0
9.0	1.0
9.025	1.0
9.05	1.0
9.075	1.0
9.1	1.0
9.125	1.0
9.15	1.0
9.175	1.0
9.2	1.0
9.225	1.0
9.25	1.0
9.275	1.0
9.3	1.0
9.325	1.0
9.35	1.0
9.375	1.0
9.4	1.0
9.425	1.0
9.45	1.0
9.475	1.0
9.5	1.0
9.525	1.0
9.55	1.0
9.575	1.0
9.6	1.0
9.625	1.0
9.65	1.0
9.675	1.0
9.7	1.0
9.725	1.0
9.75	1.0
9.775	1.0
9.8	1.0
9.825	1.0
9.85	1.0
9.875	1.0
9.9	1.0
9.925	1.0
995.0	1.0
9.975	1.0
10.0	1.0
10.125	4.5647600135940095e-40
10.25	2.00755516867684e-40
10.375	1.05447534625225e-40
10.5	5.849553685640625e-41
10.625	3.717462962942001e-41
10.75	2.819268789723369e-41
10.875	2.558226237945921e-41
11.0	1.867666217982016e-41
11.125	1.676908478705329e-41
11.25	1.312403064226816e-41
11.375	9.618152248173161e-42
11.5	8.986398942463288e-42
11.625	8.03068428525444e-42
11.75	7.46435565666729e-42
11.875	1.1600432051916487e-41
12.0	9.418859822059209e-42
12.125	8.12779958415616e-42
12.25	6.85472722593156e-42
12.375	6.94477183114225e-42
12.5	6.45159441200121e-42
12.625	6.54107427874576e-42
12.75	5.139897027382809e-42
12.875	3.86402917093956e-42
13.0	2.7648749073556897e-42
13.125	3.05089346775249e-42
13.25	2.8898538018489995e-42
13.375	2.3630299562249997e-42
13.5	1.7093541164752898e-42
13.625	2.4191612164440905e-42
13.75	2.621614287696804e-41
13.875	1.4045665377648099e-40
14.0	1.32588270031204e-40
14.125	1.5143498289639035e-41
14.25	2.8368425729904098e-42
14.375	1.93544884785681e-42
14.5	1.6768178063999998e-42
14.625	1.3801515156022497e-42
14.75	1.40944075328169e-42
14.875	1.27249702811001e-42
15.0	1.1013717487987599e-42
15.125	8.77015748947616e-43
15.25	7.447975137929104e-43
15.375	7.2718769606406e-43
15.5	7.33252104767988e-43
15.625	6.6262880460602256e-43
15.75	5.9504558680832036e-43
15.875	5.6344104325441e-43
16.0	4.897703009255281e-43
16.125	4.584218213991025e-43
16.25	4.55724905476e-43
16.375	4.2304371781597214e-43
16.5	4.0066668073081675e-43
16.625	4.162252062808324e-43
16.75	3.5671562542056237e-43
16.875	2.6267357278560994e-43
17.0	2.801110138015225e-43
17.125	2.419598843178724e-43
17.25	2.753031430158244e-43
17.375	2.847597922426321e-43
17.5	3.0358876792321e-43
17.625	3.1654092682809e-43
17.75	2.629875729194596e-43
17.875	1.889401474824516e-43
18.0	1.915595194205169e-43
18.125	1.704122694802441e-43
18.25	1.879058207091025e-43
18.375	1.7711042143911209e-43
18.5	1.4934973938904359e-43
18.625	1.437533348143489e-43
18.75	1.455292411407025e-43
18.875	1.433795863057009e-43
19.0	1.254558548383504e-43
19.125	1.066653456634921e-43
19.25	9.876336388363213e-44
19.375	1.002377002274244e-43
19.5	9.64325513995281e-44
19.625	8.940498272435558e-44
19.75	7.474272636614557e-44
19.875	6.642447455189158e-44
20.0	7.055993441343998e-44
20.125	7.129821713790761e-44
20.25	6.764624110498808e-44
20.375	5.44657343031025e-44
20.5	4.936396573080091e-44
20.625	5.558298506899361e-44
20.75	5.301555063112362e-44
20.875	5.49972477026064e-44
21.0	4.854930576846491e-44
21.125	4.456270758341609e-44
21.25	4.09806701404489e-44
21.375	4.934782789256409e-44
21.5	5.400771025144812e-44
21.625	3.61650206512609e-44
21.75	3.0485687294280097e-44
21.875	2.7333830343891603e-44
22.0	2.8156105040796096e-44
22.125	2.9119036861860093e-44
22.25	2.7626438916720897e-44
22.375	2.1222091338241599e-44
22.5	2.70473119768489e-44
22.625	2.48214132664969e-44
22.75	2.282660772595289e-44
22.875	2.2512475728896405e-44
23.0	2.0362790553062497e-44
23.125	1.8270517985510397e-44
23.25	1.8910097445720104e-44
23.375	1.7681688415700098e-44
23.5	1.7880516895802494e-44
23.625	1.9998900821200897e-44
23.75	1.99476896129641e-44
23.875	1.8944604432360002e-44
24.0	1.95983032367236e-44
24.125	1.6726569639937599e-44
24.25	1.7172440826195595e-44
24.375	1.4920920547488403e-44
24.5	1.32739524157696e-44
24.625	1.50181789697424e-44
24.75	1.49576446721025e-44
24.875	1.5362372940601597e-44
25.0	1.29407051021284e-44
25.125	1.01396703185649e-44
25.25	1.1641072078440002e-44
25.375	1.0901383365896098e-44
25.5	8.35576012856341e-45
25.625	6.531929297403903e-45
25.75	6.315780982284544e-45
25.875	6.219577499032803e-45
26.0	6.027500818794362e-45
26.125	5.6366295047001e-45
26.25	4.247956077911715e-45
26.375	4.394248358422129e-45
26.5	3.5130526264201e-45
26.625	3.4427783909376365e-45
26.75	3.689577565223449e-45
26.875	3.5646738899120986e-45
27.0	3.2730788404455844e-45
27.125	3.524886311787009e-45
27.25	3.3224277013740155e-45
27.375	3.244980122184529e-45
27.5	3.1136502672084636e-45
27.625	3.872194426387682e-45
27.75	3.2578338144889684e-45
27.875	2.718168648051481e-45
28.0	2.4603949112074243e-45
28.125	2.288851031595844e-45
28.25	2.263717373374521e-45
28.375	2.0472936333268405e-45
28.5	2.0897014084155043e-45
28.625	2.348702884242724e-45
28.75	2.014097264903025e-45
28.875	1.7620509826576808e-45
29.0	1.8397270095775208e-45
29.125	1.7419647313962013e-45
29.25	1.8988799772996006e-45
29.375	1.530195783292089e-45
29.5	1.452448930776064e-45
29.625	1.5019904854924833e-45
29.75	1.402324543245376e-45
29.875	1.6834193778960362e-45
30.0	1.4337726137361e-45
30.125	1.376005268757025e-45
30.25	1.3889576395132839e-45
30.375	1.286170190136225e-45
30.5	1.274865948720225e-45
30.625	1.0559462768369287e-45
30.75	1.1859544925361e-45
30.875	1.7193315464213288e-45
31.0	2.0295157447216093e-45
31.125	1.9718378617551606e-45
31.25	1.5982037044516e-45
31.375	1.2431679572365685e-45
31.5	1.069595112762225e-45
31.625	9.358027957192355e-46
31.75	9.96895690059025e-46
31.875	8.128052178481211e-46
32.0	7.438412385432091e-46
32.125	8.078684638427287e-46
32.25	8.455674787214488e-46
32.375	7.79201668385856e-46
32.5	8.580221427602251e-46
32.625	8.011293226759838e-46
32.75	8.455201393532411e-46
32.875	6.478823421820891e-46
33.0	6.6764994179992894e-46
33.125	6.20292348337561e-46
33.25	5.4507862679256106e-46
33.375	5.659587234727691e-46
33.5	6.7270540399922504e-46
33.625	6.1183298832656384e-46
33.75	4.33297862692864e-46
33.875	4.6908784996609594e-46
34.0	6.937617271734489e-46
34.125	8.53354264723984e-46
34.25	6.9732024813968385e-46
34.375	4.687559714975291e-46
34.5	4.8570539962562514e-46
34.625	5.11886507258281e-46
34.75	5.6753666308878406e-46
34.875	6.3589476903811595e-46
35.0	5.7407613713299616e-46
35.125	5.5082536296956105e-46
35.25	5.099323619491241e-46
35.375	5.20604628164644e-46
35.5	5.0067257700979606e-46
35.625	2.4762862027162087e-45
35.75	3.852565229969296e-45
35.875	2.3735394994302247e-45
36.0	1.0878187225174089e-45
36.125	5.13305029687696e-46
36.25	5.4498477621828096e-46
36.375	5.036290909891239e-46
36.5	5.9317805643100896e-46
36.625	1.0783195983017289e-45
36.75	1.167538602301696e-45
36.875	4.7667705071422516e-46
37.0	5.01141637033249e-46
37.125	6.655390742259359e-46
37.25	9.731541041947239e-46
37.375	8.26999902851236e-46
37.5	4.6978486057944095e-46
37.625	4.08562579610761e-46
37.75	4.032035888049e-46
37.875	3.809860128127689e-46
38.0	5.01465931099225e-46
38.125	5.013945881529641e-46
38.25	3.74559742774116e-46
38.375	3.3045731689522496e-46
38.5	3.889627272910438e-46
38.625	4.40256745431616e-46
38.75	3.7585255076488894e-46
38.875	3.4502668711123595e-46
39.0	3.66687418039056e-46
39.125	3.875456829924e-46
39.25	3.5287614986000396e-46
39.375	3.19931818943044e-46
39.5	3.4766086058355595e-46
39.625	3.5912235987457596e-46
39.75	3.31676689032049e-46
39.875	2.99142760513536e-46
40.0	3.15790279299121e-46
40.125	3.5069337532248106e-46
40.25	3.2410365228864106e-46
40.375	3.3799910610150394e-46
40.5	3.423207106519209e-46
40.625	3.200162136660089e-46
40.75	3.5993408998104095e-46
40.875	1.5726921634954885e-45
41.0	1.4803169296627688e-45
41.125	3.233309257740249e-46
41.25	2.81114717458576e-46
41.375	3.0061189621456903e-46
41.5	2.98728428872644e-46
41.625	2.7732917015920894e-46
41.75	2.7791827331616106e-46
41.875	2.68733891541025e-46
42.0	2.2705655801281595e-46
42.125	2.3317555698756897e-46
42.25	2.3285969538708094e-46
42.375	2.6950370489862398e-46
42.5	2.9103967621322493e-46
42.625	2.9568570172419597e-46
42.75	3.42082299548089e-46
42.875	5.0497923345804895e-46
43.0	4.403867613352361e-46
43.125	2.71232934660801e-46
43.25	3.0745918121619597e-46
43.375	3.352565028201209e-46
43.5	2.9683527087246393e-46
43.625	3.1992505782960107e-46
43.75	3.1613017800249996e-46
43.875	3.516026636470411e-46
44.0	3.802188006399999e-46
44.125	4.543744565557209e-46
44.25	5.1326918814802515e-46
44.375	3.93580921587876e-46
44.5	3.1453217585302493e-46
44.625	3.066847141570559e-46
44.75	2.82131683994176e-46
44.875	2.5055413852560394e-46
45.0	2.3189384181972097e-46
45.125	2.25949990646689e-46
45.25	2.2212382078476093e-46
45.375	2.0472158252902502e-46
45.5	2.0253934938342396e-46
45.625	1.8537958008388903e-46
45.75	1.74572058855184e-46
45.875	1.85425276239025e-46
46.0	4.86749890883281e-46
46.125	7.20152164593801e-46
46.25	2.6098732063040404e-46
46.375	2.0489322978446398e-46
46.5	1.9403768432708096e-46
46.625	2.0188792296052897e-46
46.75	2.2142377449922497e-46
46.875	1.90778056691049e-46
47.0	1.9455125107456904e-46
47.125	1.87061641994304e-46
47.25	1.86348080977969e-46
47.375	2.1154227662704897e-46
47.5	1.77588752495049e-46
47.625	2.0444009604502493e-46
47.75	1.90766205970596e-46
47.875	1.83876962895376e-46
48.0	1.6688986423939594e-46
48.125	1.7640241266564902e-46
48.25	1.54209033756649e-46
48.375	1.41162960964804e-46
48.5	1.5123386800752397e-46
48.625	1.92563552232529e-46
48.75	1.6487643713808397e-46
48.875	1.6971289021209995e-46
49.0	1.872608875489e-46
49.125	1.877483665369e-46
49.25	1.96991807532129e-46
49.375	1.771994932569e-46
49.5	1.5460947885043602e-46
49.625	1.79837460301801e-46
49.75	1.98482479201161e-46
49.875	1.79492550735289e-46
50.0	1.76692310864356e-46
50.125	1.6980435481000002e-46
50.25	1.7962204735922496e-46
50.375	1.81782579086329e-46
50.5	1.8521144059608096e-46
50.625	1.8022042214439996e-46
50.75	1.5236021479118397e-46
50.875	1.8186024760024897e-46
51.0	1.7468626057344896e-46
51.125	1.91808788745025e-46
51.25	1.6471874311839999e-46
51.375	1.6813349355689997e-46
51.5	1.7124567297156902e-46
51.625	1.8264992715841598e-46
51.75	1.8153811253766403e-46
51.875	1.73374286805889e-46
52.0	1.6529553200636101e-46
52.125	1.3452262739532098e-46
52.25	1.51902962811664e-46
52.375	1.42877651484736e-46
52.5	1.3000275351562495e-46
52.625	1.18078279502689e-46
52.75	1.27114959073729e-46
52.875	1.1499619748238397e-46
53.0	1.22836901078761e-46
53.125	1.4816264759526399e-46
53.25	1.63473485205625e-46
53.375	1.5966488212444897e-46
53.5	1.36399998679681e-46
53.625	1.4413409520339598e-46
53.75	1.4329215202089998e-46
53.875	1.2234499097508899e-46
54.0	1.29658713221284e-46
54.125	1.5463223428464097e-46
54.25	1.5394131662148101e-46
54.375	1.54203520172641e-46
54.5	1.5156805844480397e-46
54.625	1.52238853697121e-46
54.75	1.235930252176e-46
54.875	1.18605277266025e-46
55.0	1.3963825116076902e-46
55.125	1.26245853302724e-46
55.25	1.3244223480602498e-46
55.375	1.4667673277428903e-46
55.5	1.2859006613953598e-46
55.625	1.30509238276096e-46
55.75	1.34676442780324e-46
55.875	1.3050784454400902e-46
56.0	1.19375968216761e-46
56.125	1.24018781322384e-46
56.25	1.52794592942121e-46
56.375	1.5757452013116098e-46
56.5	1.2899839420051599e-46
56.625	1.2029632204902398e-46
56.75	1.16374945949284e-46
56.875	1.2286492095802498e-46
57.0	1.36470315566601e-46
57.125	1.36266516555625e-46
57.25	1.4103213173302504e-46
57.375	1.5588741059814398e-46
57.5	1.70850831864064e-46
57.625	1.6041595415376404e-46
57.75	2.0444747401116902e-46
57.875	2.02690517511364e-46
58.0	1.7540316516819595e-46
58.125	3.8778663990540114e-46
58.25	4.880268611689e-46
58.375	1.95020135731521e-46
58.5	1.59000473792521e-46
58.625	1.45181678346496e-46
58.75	1.2968419808260901e-46
58.875	1.34620698043456e-46
59.0	1.5318859425584401e-46
59.125	1.6299874027321605e-46
59.25	1.887845772121e-46
59.375	3.2913082149336906e-46
59.5	5.7352787422736395e-46
59.625	4.54143291967044e-46
59.75	3.01724438627089e-46
59.875	3.212769097916009e-46
60.0	6.5620317663036905e-46
60.125	3.380210946225e-46
60.25	1.5656861225664396e-46
60.375	1.81529516477521e-46
60.5	1.9711356920179603e-46
60.625	1.54977625898001e-46
60.75	1.235307765136e-46
60.875	1.27645007364081e-46
61.0	1.4723679536968901e-46
61.125	1.4159821924502502e-46
61.25	1.2480873539908897e-46
61.375	1.2809841425524898e-46
61.5	1.23736990906369e-46
61.625	1.3815357751562498e-46
61.75	2.47627109213584e-46
61.875	3.3421795889364088e-46
62.0	1.6162741207872902e-46
62.125	1.30273711890001e-46
62.25	1.2287166039300099e-46
62.375	1.1281209866041599e-46
62.5	1.02067153803241e-46
62.625	9.29258963489024e-47
62.75	1.13219133640704e-46
62.875	1.09903709349009e-46
63.0	9.408573592831204e-47
63.125	8.946792129450254e-47
63.25	9.206845218622247e-47
63.375	1.09959614462569e-46
63.5	1.1795523891840002e-46
63.625	1.2389700159540898e-46
63.75	1.3529381613856897e-46
63.875	1.19528368007409e-46
64.0	1.3190058510080399e-46
64.125	1.34811907387609e-46
64.25	1.45841634873081e-46
64.375	1.4051456588545601e-46
64.5	1.1911072485379598e-46
64.625	1.02528241138129e-46
64.75	1.2311036435112102e-46
64.875	1.3916345212353602e-46
65.0	1.23615105042289e-46
65.125	1.2676055492240101e-46
65.25	1.5891474048732104e-46
65.375	2.0851692121322497e-46
65.5	2.8054702321344396e-46
65.625	3.8191962475969595e-46
65.75	4.080100237505639e-46
65.875	3.4091796659329605e-46
66.0	2.6076898164564897e-46
66.125	2.0308470210684102e-46
66.25	1.4831011405369596e-46
66.375	1.3078392576639998e-46
66.5	1.11221638391889e-46
66.625	1.0757458788148898e-46
66.75	1.03599256570384e-46
66.875	9.56791566601273e-47
67.0	1.02039009262096e-46
67.125	9.904545880912223e-47
67.25	1.23706291362889e-46
67.375	1.18333755809424e-46
67.5	9.757381125214848e-47
67.625	8.719107443097921e-47
67.75	9.277713079824995e-47
67.875	9.581734971277572e-47
68.0	9.428023934352143e-47
68.125	1.0570523250302498e-46
68.25	9.709243380753048e-47
68.375	1.01472742863424e-46
68.5	1.10619993900816e-46
68.625	1.2237541052496399e-46
68.75	1.2316411687248899e-46
68.875	1.1314487549376399e-46
69.0	1.06976014812241e-46
69.125	1.1093918067628899e-46
69.25	1.0338909844984899e-46
69.375	1.1108093377603599e-46
69.5	1.2686212962948097e-46
69.625	1.23521084912016e-46
69.75	1.3656883639528902e-46
69.875	2.0443045913472404e-46
70.0	3.1944802532588105e-46
70.125	2.8150433760428102e-46
70.25	3.1365465524880404e-46
70.375	2.5493260295888094e-46
70.5	1.82271681644809e-46
70.625	1.6931987321620899e-46
70.75	1.4208573248078398e-46
70.875	1.21746022364164e-46
71.0	1.13144769124209e-46
71.125	1.16116809614001e-46
71.25	1.1368830915078398e-46
71.375	1.0370507757776098e-46
71.5	1.0607908228089999e-46
71.625	1.0253820499322502e-46
71.75	9.294828133076722e-47
71.875	1.0601527636238399e-46
72.0	1.0450232767904399e-46
72.125	1.05286253506281e-46
72.25	1.1376477192724898e-46
72.375	9.85491231359192e-47
72.5	8.671942298013695e-47
72.625	8.328477582603049e-47
72.75	9.1849508037462e-47
72.875	8.995353037507225e-47
73.0	8.959704382161226e-47
73.125	1.00207327350321e-46
73.25	8.688453081744384e-47
73.375	7.952691070891043e-47
73.5	8.545657220540177e-47
73.625	8.260698891461769e-47
73.75	7.57307406207492e-47
73.875	8.312920742048398e-47
74.0	8.013560409954064e-47
74.125	8.363494642196733e-47
74.25	8.959789761819553e-47
74.375	9.692180988765623e-47
74.5	9.374475284871872e-47
74.625	1.1003739359664096e-46
74.75	9.472136549309603e-47
74.875	1.1719255445360102e-46
75.0	1.40600140245049e-46
75.125	1.2103099998528097e-46
75.25	1.0943915337448898e-46
75.375	9.665535040783209e-47
75.5	1.0016963187648399e-46
75.625	1.31661763564816e-46
75.75	1.4733929795559998e-46
75.875	1.4810855924019599e-46
76.0	1.39332173249025e-46
76.125	1.21333639674025e-46
76.25	1.09384468442209e-46
76.375	8.45041539915188e-47
76.5	8.38588520412144e-47
76.625	9.45544431911388e-47
76.75	1.14019833492049e-46
76.875	1.20426964062084e-46
77.0	9.854847191325887e-47
77.125	8.988932307600397e-47
77.25	8.846051833116306e-47
77.375	7.648046973390769e-47
77.5	7.00047294623124e-47
77.625	6.875862886997329e-47
77.75	7.751884517875369e-47
77.875	1.05391885263025e-46
78.0	1.07078599798641e-46
78.125	9.5921006081329e-47
78.25	9.1515301047769e-47
78.375	8.621706536391028e-47
78.5	9.548678732110279e-47
78.625	9.972224114328572e-47
78.75	8.712671838789636e-47
78.875	7.763495983154209e-47
79.0	8.4735872733681e-47
79.125	8.354210437876898e-47
79.25	7.477320485193e-47
79.375	8.821024442655482e-47
79.5	9.406508234994025e-47
79.625	8.263864291828402e-47
79.75	7.480850668431922e-47
79.875	8.776221193894142e-47
80.0	1.1194145729712099e-46
80.125	1.25168099501025e-46
80.25	9.35796649051589e-47
80.375	9.219322283359205e-47
80.5	8.599624059968964e-47
80.625	8.486465094928143e-47
80.75	8.768873981614757e-47
80.875	9.350839909467078e-47
81.0	7.3853295314436e-47
81.125	8.524534185187217e-47
81.25	9.042851528900279e-47
81.375	1.0080236304144398e-46
81.5	1.02344685068025e-46
81.625	8.693603427855024e-47
81.75	6.436198239846401e-47
81.875	7.801337775333122e-47
82.0	8.326144215253261e-47
82.125	7.19607952902468e-47
82.25	7.424495113560099e-47
82.375	6.16295165297196e-47
82.5	7.10529619354056e-47
82.625	8.017345519616159e-47
82.75	8.495781001298722e-47
82.875	8.551707373095364e-47
83.0	8.010446901209999e-47
83.125	7.947177624539136e-47
83.25	7.70022045081e-47
83.375	8.590254528507875e-47
83.5	7.447592136121489e-47
83.625	6.9260111374756e-47
83.75	8.082108350899209e-47
83.875	6.910728578547264e-47
84.0	7.065905730159363e-47
84.125	8.635324737896704e-47
84.25	8.602068520591567e-47
84.375	8.878350248100003e-47
84.5	7.954353789849853e-47
84.625	8.176980296195649e-47
84.75	7.809975541372357e-47
84.875	8.074906584714255e-47
85.0	8.419909895844488e-47
85.125	7.018325352498913e-47
85.25	7.764770644900096e-47
85.375	7.615865445193475e-47
85.5	6.938205290892099e-47
85.625	7.800232159879928e-47
85.75	7.979647908765623e-47
85.875	1.9411806725587603e-46
86.0	4.5855335727188085e-46
86.125	1.6723452902256097e-46
86.25	6.545258193672902e-47
86.375	6.561627927023376e-47
86.5	6.80150163346109e-47
86.625	6.2705873039616e-47
86.75	6.973650198291455e-47
86.875	8.746567053824888e-47
87.0	7.652293586257319e-47
87.125	7.191672452305441e-47
87.25	7.962808483084901e-47
87.375	8.100440465987807e-47
87.5	8.148655387629408e-47
87.625	7.488209306113599e-47
87.75	6.104255647429696e-47
87.875	6.731469813436225e-47
88.0	8.2470440144181695e-47
88.125	8.355136176596355e-47
88.25	7.048040054191236e-47
88.375	7.344203250598928e-47
88.5	8.863228115588958e-47
88.625	8.674403161698577e-47
88.75	8.136806176837011e-47
88.875	8.027511667489923e-47
89.0	8.471459714924088e-47
89.125	7.58927986795973e-47
89.25	7.324611812930916e-47
89.375	7.990374549321022e-47
89.5	7.760715634565777e-47
89.625	6.667868751966362e-47
89.75	7.289060692992015e-47
89.875	7.060843598938277e-47
90.0	7.326455920688962e-47
90.125	7.909878016875025e-47
90.25	7.781486086903824e-47
90.375	8.417592379563845e-47
90.5	8.443712371605624e-47
90.625	8.168837595350883e-47
90.75	5.917826717017744e-47
90.875	5.502774027069223e-47
91.0	7.200131905595278e-47
91.125	7.061825593939562e-47
91.25	8.206686703285224e-47
91.375	8.272824212974487e-47
91.5	8.227565011517476e-47
91.625	8.274739837566409e-47
91.75	8.025515046687119e-47
91.875	8.145051670003596e-47
92.0	8.715494720230595e-47
92.125	8.807740662990094e-47
92.25	8.581043319834241e-47
92.375	8.235957630239328e-47
92.5	7.377999813440657e-47
92.625	8.260447496096016e-47
92.75	7.77325113827785e-47
92.875	6.531457315074624e-47
93.0	7.309511982627857e-47
93.125	8.176496882432256e-47
93.25	7.735416571781089e-47
93.375	8.34912728432648e-47
93.5	8.970624540451158e-47
93.625	9.026269814662486e-47
93.75	9.337293510827585e-47
93.875	9.77355406729637e-47
94.0	8.112313796371455e-47
94.125	7.175227735504655e-47
94.25	6.205065164439696e-47
94.375	6.134765522665536e-47
94.5	6.929961614524881e-47
94.625	6.551482066383075e-47
94.75	7.012571996692198e-47
94.875	7.2752404368004025e-47
95.0	8.315930708475624e-47
95.125	7.415204210096398e-47
95.25	7.275332896895844e-47
95.375	6.478320075712145e-47
95.5	6.000539607922499e-47
95.625	5.087153916058369e-47
95.75	5.759333991356176e-47
95.875	6.819286781734729e-47
96.0	7.326615641305103e-47
96.125	6.461190686667025e-47
96.25	5.568736898560899e-47
96.375	6.078714308532101e-47
96.5	7.485255138682159e-47
96.625	7.4550238525504e-47
96.75	6.453549467316167e-47
96.875	6.459182108307368e-47
97.0	6.665987506959e-47
97.125	7.330063497324102e-47
97.25	7.331030645187843e-47
97.375	7.357456471730686e-47
97.5	7.294316703459985e-47
97.625	7.377655033798729e-47
97.75	6.987197488733764e-47
97.875	6.317193912523728e-47
98.0	5.614093691689537e-47
98.125	5.492695858700175e-47
98.25	5.906739443749225e-47
98.375	6.551985530480897e-47
98.5	5.540565205510729e-47
98.625	5.661594976832041e-47
98.75	7.153776738320005e-47
98.875	6.4444468219453435e-47
99.0	6.057714839930328e-47
99.125	7.215101232829504e-47
99.25	7.796467048736024e-47
99.375	7.530995244628247e-47
99.5	6.974673046482064e-47
99.625	5.808820274690688e-47
99.75	6.246542764115327e-47
99.875	8.395465347139983e-47
100.0	1.2952666023648397e-46
100.125	8.383687560625441e-47
100.25	7.154600232916899e-47
100.375	6.571263957068889e-47
100.5	6.535453054938202e-47
100.625	5.946612025689842e-47
100.75	5.734863720427688e-47
100.875	7.171075335568804e-47
101.0	5.98012269055001e-47
101.125	6.041392946054403e-47
101.25	5.725548764030735e-47
101.375	5.3054262504594485e-47
101.5	6.108532124095802e-47
101.625	6.347715860882917e-47
101.75	7.183248652386305e-47
101.875	7.128615206490129e-47
102.0	6.44110049532209e-47
102.125	6.414492194775625e-47
102.25	5.76028888238549e-47
102.375	6.349289969434625e-47
102.5	6.848116605209104e-47
102.625	5.924603191445135e-47
102.75	5.662883220041161e-47
102.875	6.556939126555041e-47
103.0	6.949040982584465e-47
103.125	7.5591328938390775e-47
103.25	5.614539667573824e-47
103.375	5.561176774596802e-47
103.5	6.122343560104835e-47
103.625	7.0949742309889e-47
103.75	6.471997515023075e-47
103.875	5.472609253051396e-47
104.0	5.788430857100642e-47
104.125	5.636453674589761e-47
104.25	6.354829106021124e-47
104.375	6.745917243062091e-47
104.5	5.801009124894736e-47
104.625	5.472823936660368e-47
104.75	5.886489621265443e-47
104.875	5.795390775071296e-47
105.0	5.164167884001027e-47
105.125	5.385925799543688e-47
105.25	6.177525664034169e-47
105.375	6.902060258092321e-47
105.5	6.495496641486735e-47
105.625	7.180919460973638e-47
105.75	9.272304487353635e-47
105.875	1.1924209755880898e-46
106.0	9.175524283147847e-47
106.125	5.511150876739876e-47
106.25	5.673089595607224e-47
106.375	5.139096222500099e-47
106.5	4.879534094810243e-47
106.625	5.598606284107225e-47
106.75	5.5337655740326545e-47
106.875	5.61509191696289e-47
107.0	5.9130609467449e-47
107.125	6.967934386015717e-47
107.25	6.877249227189122e-47
107.375	6.121889901645046e-47
107.5	6.204852638766768e-47
107.625	6.084271911038048e-47
107.75	6.732134398672225e-47
107.875	5.901423021318399e-47
108.0	5.708431395522243e-47
108.125	6.2195872782096e-47
108.25	5.87917631206937e-47
108.375	5.250581449122815e-47
108.5	5.167360925072164e-47
108.625	5.634765334625478e-47
108.75	6.077539104196328e-47
108.875	6.503449090921225e-47
109.0	6.009550403264101e-47
109.125	6.026363490678335e-47
109.25	5.8152949178025605e-47
109.375	6.714679504149904e-47
109.5	4.906983726617953e-47
109.625	5.666455249291319e-47
109.75	5.996500894303928e-47
109.875	6.692500433751615e-47
110.0	7.292293728125183e-47
110.125	5.867755025220528e-47
110.25	5.238333578526887e-47
110.375	5.359292814110482e-47
110.5	5.387893387957441e-47
110.625	4.509278423647921e-47
110.75	6.253233451057321e-47
110.875	6.1329541617124e-47
111.0	4.697418240345795e-47
111.125	4.953818631790161e-47
111.25	5.763187736898243e-47
111.375	7.121019611465955e-47
111.5	7.043038038296098e-47
111.625	7.154976640539026e-47
111.75	6.668064240302656e-47
111.875	6.740154343024248e-47
112.0	5.956239009702276e-47
112.125	6.296839729211639e-47
112.25	6.254174191055568e-47
112.375	6.507815726629155e-47
112.5	5.5519497731196505e-47
112.625	5.570131707889225e-47
112.75	5.487325333649289e-47
112.875	6.064042621473368e-47
113.0	5.455129871040202e-47
113.125	5.207169943882728e-47
113.25	5.687133540043397e-47
113.375	6.020718963397265e-47
113.5	5.523133761848521e-47
113.625	5.448650238990729e-47
113.75	6.049856270995686e-47
113.875	5.894947429230722e-47
114.0	4.983916218278448e-47
114.125	6.025723994538369e-47
114.25	6.345230320558115e-47
114.375	7.181926380585007e-47
114.5	7.543192953324248e-47
114.625	7.424802727617022e-47
114.75	6.062647859082049e-47
114.875	6.476139195138367e-47
115.0	6.623226056072024e-47
115.125	5.984497964854368e-47
115.25	5.670205058983695e-47
115.375	4.839170130452736e-47
115.5	4.7561818456159295e-47
115.625	5.317393194929765e-47
115.75	6.441415425548042e-47
115.875	6.819687956285604e-47
116.0	6.172080233257742e-47
116.125	7.555608798230024e-47
116.25	9.697809537186847e-47
116.375	8.468095231240514e-47
116.5	6.621797044080625e-47
116.625	7.325433099497535e-47
116.75	7.318509750827522e-47
116.875	6.90634179798641e-47
117.0	6.22182612337381e-47
117.125	5.390919894877454e-47
117.25	5.144289572032208e-47
117.375	4.927427313444494e-47
117.5	5.150142168489081e-47
117.625	5.64251155792241e-47
117.75	6.123083471017955e-47
117.875	5.403098664327527e-47
118.0	5.213748315564099e-47
118.125	5.323646211349041e-47
118.25	5.271162211672901e-47
118.375	4.771217614148001e-47
118.5	5.194262193712901e-47
118.625	5.46825597578965e-47
118.75	6.359774446261636e-47
118.875	6.509690333753104e-47
119.0	6.32062699462164e-47
119.125	6.126485789840641e-47
119.25	6.065309352969214e-47
119.375	6.183363044415767e-47
119.5	6.99720756537197e-47
119.625	7.575345717477444e-47
119.75	7.084479311083801e-47
119.875	7.103781867652097e-47
120.0	1.1481919709838396e-46
120.125	9.74673086613409e-47
120.25	6.551860876796356e-47
120.375	7.074451390818565e-47
120.5	5.8933381068864e-47
120.625	5.619595598737444e-47
120.75	6.0510698682361285e-47
120.875	6.530965307814543e-47
121.0	6.625318746315722e-47
121.125	6.627303819328516e-47
121.25	6.117874372452962e-47
121.375	6.035221026289225e-47
121.5	6.571545249844622e-47
121.625	4.942107715615875e-47
121.75	4.74423439983041e-47
121.875	5.876237543137639e-47
122.0	6.169842973529104e-47
122.125	6.558594196581903e-47
122.25	5.443750174587077e-47
122.375	5.658207717081481e-47
122.5	4.76673051732917e-47
122.625	5.461560143812161e-47
122.75	5.728619000144879e-47
122.875	5.821174833797376e-47
123.0	5.602560823265535e-47
123.125	5.124275928066302e-47
123.25	5.848625532358249e-47
123.375	6.160792812155525e-47
123.5	5.6541632019889e-47
123.625	5.434479165966401e-47
123.75	5.851604357808398e-47
123.875	5.92804169672573e-47
124.0	5.916138434607843e-47
124.125	5.272831481490225e-47
124.25	4.991556029393025e-47
124.375	5.610850709094544e-47
124.5	6.080691533906521e-47
124.625	5.851614455255717e-47
124.75	5.938320506129001e-47
124.875	5.966262453312223e-47
125.0	6.05921676622284e-47
125.125	6.4073539513106e-47
125.25	5.571634774971454e-47
125.375	5.096923895849537e-47
125.5	5.557276082179601e-47
125.625	5.214257237914596e-47
125.75	5.350885193565025e-47
125.875	4.265171959024656e-47
126.0	5.6430169540802885e-47
126.125	5.952562108816801e-47
126.25	4.450848260643682e-47
126.375	5.251040426467967e-47
126.5	5.573494894040649e-47
126.625	5.33754982858037e-47
126.75	6.065617762069775e-47
126.875	6.408306053194815e-47
127.0	5.937278231557696e-47
127.125	5.542878141458064e-47
127.25	5.636953543803904e-47
127.375	5.803170565959936e-47
127.5	6.135856634860682e-47
127.625	6.398653190862721e-47
127.75	5.953094012439615e-47
127.875	5.145823282547235e-47
128.0	4.6544800640625e-47
128.125	4.3728541915536007e-47
128.25	4.660650353329936e-47
128.375	5.504562223551168e-47
128.5	4.852580105374371e-47
128.625	4.563228525098929e-47
128.75	5.384861126481771e-47
128.875	5.919008688788834e-47
129.0	4.90730778264804e-47
129.125	5.456968077234436e-47
129.25	5.165419942172735e-47
129.375	5.212457924601316e-47
129.5	5.233817400646128e-47
129.625	5.590824916568762e-47
129.75	5.681779265146085e-47
129.875	5.4977449843684e-47
130.0	5.232406476390626e-47
130.125	5.474676811941479e-47
130.25	5.563636623064522e-47
130.375	5.669899492600224e-47
130.5	4.7743926451204e-47
130.625	5.471729848784162e-47
130.75	6.037513933476479e-47
130.875	5.568404379114563e-47
131.0	6.163507320128063e-47
131.125	5.73923986688844e-47
131.25	4.685844971245823e-47
131.375	4.754927591496289e-47
131.5	5.996110308048024e-47
131.625	6.1039125064516e-47
131.75	6.071082887459717e-47
131.875	5.810085827718562e-47
132.0	5.367126941019685e-47
132.125	4.908808835403663e-47
132.25	4.921977568435249e-47
132.375	4.713549256915849e-47
132.5	6.1715180521800995e-47
132.625	6.245958708578883e-47
132.75	5.057407513164302e-47
132.875	5.156862089577025e-47
133.0	6.379710346401921e-47
133.125	5.891371012241289e-47
133.25	5.310803665818121e-47
133.375	4.686746269834223e-47
133.5	5.2212142285209e-47
133.625	4.524970639481603e-47
133.75	4.899234509899024e-47
133.875	5.008079252270656e-47
134.0	5.198855299135745e-47
134.125	4.6998439660464625e-47
134.25	4.376585375046755e-47
134.375	5.415146794957759e-47
134.5	5.183407888908543e-47
134.625	5.745226745831075e-47
134.75	6.848698373600769e-47
134.875	6.094742373706561e-47
135.0	5.304737221975128e-47
135.125	5.368357351355625e-47
135.25	6.273957323555856e-47
135.375	5.440900652776522e-47
135.5	5.214489900530625e-47
135.625	6.2716589087656355e-47
135.75	5.458426393994896e-47
135.875	5.128674279546171e-47
136.0	6.280796131172675e-47
136.125	5.86345327362972e-47
136.25	5.430922220533681e-47
136.375	5.112158909405768e-47
136.5	5.305888784107024e-47
136.625	5.281402573681082e-47
136.75	4.867873551941904e-47
136.875	4.795108092264961e-47
137.0	5.149618013983921e-47
137.125	4.042507828556961e-47
137.25	4.568484882562624e-47
137.375	5.833746141713296e-47
137.5	5.308649400109441e-47
137.625	5.417120596390279e-47
137.75	5.397535416062241e-47
137.875	5.274984423711743e-47
138.0	4.762783817055624e-47
138.125	5.3928344931182385e-47
138.25	5.071813801022225e-47
138.375	5.019253483956099e-47
138.5	5.115899296015225e-47
138.625	4.500206571449239e-47
138.75	4.275445122324544e-47
138.875	4.3787043360248406e-47
139.0	4.546897414430597e-47
139.125	5.140868776821903e-47
139.25	4.6012753249554e-47
139.375	5.25496958298656e-47
139.5	5.745252365338248e-47
139.625	6.217483355040399e-47
139.75	5.852414935162086e-47
139.875	5.963415050368801e-47
140.0	5.415788940097936e-47
140.125	5.727592418977882e-47
140.25	5.348286791248322e-47
140.375	6.588295846949125e-47
140.5	8.657423944187841e-47
140.625	7.013311617597288e-47
140.75	5.7238121785743995e-47
140.875	5.2629657887826e-47
141.0	4.838465749564562e-47
141.125	6.761163918332208e-47
141.25	1.05131063182336e-46
141.375	1.00472697290449e-46
141.5	6.818242693167799e-47
141.625	7.289754645603599e-47
141.75	6.666031269018288e-47
141.875	5.772673503084545e-47
142.0	6.328836370272257e-47
142.125	6.134986713736335e-47
142.25	5.641657814340899e-47
142.375	5.372173736272997e-47
142.5	5.03316564026725e-47
142.625	5.769466608570024e-47
142.75	8.139320543821491e-47
142.875	7.514253857561617e-47
143.0	5.333484603104101e-47
143.125	5.5137768081360985e-47
143.25	5.851453203123265e-47
143.375	5.316777034910287e-47
143.5	5.184205778042041e-47
143.625	4.878252923049082e-47
143.75	5.120217773155807e-47
143.875	5.55698102851592e-47
144.0	5.584281157890302e-47
144.125	5.074890970116359e-47
144.25	4.959064284549376e-47
144.375	5.7356160358225e-47
144.5	5.801773535551876e-47
144.625	5.189301994976101e-47
144.75	5.165521136833601e-47
144.875	5.011227639500624e-47
145.0	5.100305616947776e-47
145.125	5.720506494040899e-47
145.25	6.081259856599488e-47
145.375	5.774894100940176e-47
145.5	5.657770540731409e-47
145.625	5.214241640606435e-47
145.75	5.426777679555553e-47
145.875	6.697737805525264e-47
146.0	5.238327064658942e-47
146.125	4.599014738753295e-47
146.25	5.140110937317489e-47
146.375	5.516551316780099e-47
146.5	5.353099958073925e-47
146.625	5.488068197761008e-47
146.75	5.392922175964324e-47
146.875	6.064794264950521e-47
147.0	5.90945367036684e-47
147.125	4.966476710418756e-47
147.25	4.93449784665236e-47
147.375	5.083918305163202e-47
147.5	5.216779253925623e-47
147.625	5.25084477532037e-47
147.75	5.026102868270168e-47
147.875	4.898157913159281e-47
148.0	5.155041690307161e-47
148.125	4.772700195511825e-47
148.25	4.8017848290877435e-47
148.375	4.887934256820167e-47
148.5	4.906216850649663e-47
148.625	5.435879325869056e-47
148.75	5.520170068835408e-47
148.875	5.348549777088398e-47
149.0	5.338084338218025e-47
149.125	5.57673453238637e-47
149.25	6.214712523568702e-47
149.375	5.336817514925625e-47
149.5	5.074931291056703e-47
149.625	5.2508917312633685e-47
149.75	5.803773153885002e-47
149.875	5.578466737669955e-47
150.0	4.861723722027843e-47
150.125	4.961743587726026e-47
150.25	5.202912177376225e-47
150.375	4.976522670847728e-47
150.5	5.335104108989208e-47
150.625	5.535253757309796e-47
150.75	4.960739028360196e-47
150.875	4.2606385489034887e-47
151.0	3.7839774862058485e-47
151.125	4.185149185467441e-47
151.25	4.445524821203362e-47
151.375	5.0746446311716e-47
151.5	5.5600213959336e-47
151.625	4.3234195298712247e-47
151.75	4.590383098597954e-47
151.875	4.838246362710015e-47
152.0	5.752504071229696e-47
152.125	6.027077704673536e-47
152.25	5.85510089011416e-47
152.375	5.199118190317921e-47
152.5	4.767076697760399e-47
152.625	4.382904868727121e-47
152.75	5.231002974902928e-47
152.875	4.948055348032225e-47
153.0	4.365434258673488e-47
153.125	5.432104938924224e-47
153.25	5.25216744804192e-47
153.375	4.744865346978288e-47
153.5	5.206873078899556e-47
153.625	4.029938423385615e-47
153.75	4.994743178209009e-47
153.875	5.504040957722177e-47
154.0	6.034982064411608e-47
154.125	5.583039993986049e-47
154.25	4.961416330531683e-47
154.375	4.797864092091457e-47
154.5	4.551527979090168e-47
154.625	4.784935748632901e-47
154.75	4.943660204901889e-47
154.875	4.751563686338567e-47
155.0	4.490816017629602e-47
155.125	4.9697157653565215e-47
155.25	4.6732033517322245e-47
155.375	4.2461370705121006e-47
155.5	4.692213284071823e-47
155.625	5.287185749763368e-47
155.75	5.469661811094243e-47
155.875	5.088270773037455e-47
156.0	4.88781316693261e-47
156.125	4.6568736608641e-47
156.25	4.3679638394683284e-47
156.375	5.420493964992016e-47
156.5	4.668058701715249e-47
156.625	3.7762670648929205e-47
156.75	4.234963737406801e-47
156.875	4.1967316229385964e-47
157.0	4.766117862629776e-47
157.125	5.221131132186024e-47
157.25	4.414664010071845e-47
157.375	4.0889354008066556e-47
157.5	4.7977924706778015e-47
157.625	5.329341645475601e-47
157.75	4.958225892038239e-47
157.875	4.7495652940681e-47
158.0	4.577957063002404e-47
158.125	4.633590519712322e-47
158.25	4.314696839067903e-47
158.375	5.277670443970928e-47
158.5	4.841022800896679e-47
158.625	5.274308994815842e-47
158.75	5.937327854267364e-47
158.875	5.099918690101223e-47
159.0	4.912151964868516e-47
159.125	4.674949040212801e-47
159.25	3.5218748394889972e-47
159.375	4.429815613059599e-47
159.5	5.715702775539289e-47
159.625	5.819300834372963e-47
159.75	5.1422366141721e-47
159.875	5.26879606257973e-47
160.0	4.950314019307023e-47
160.125	4.626833449930561e-47
160.25	5.189165558154769e-47
160.375	5.376937801691235e-47
160.5	4.32627261620165e-47
160.625	4.721426346068495e-47
160.75	5.071314442038244e-47
160.875	4.350511190144025e-47
161.0	4.464688956715585e-47
161.125	4.687286981047698e-47
161.25	4.918409058076899e-47
161.375	4.64447170443032e-47
161.5	4.439497866016249e-47
161.625	5.108692921964643e-47
161.75	5.007233471428865e-47
161.875	4.649911422487079e-47
162.0	4.9989887302397295e-47
162.125	4.979189468010384e-47
162.25	5.326249568983281e-47
162.375	5.816091231943203e-47
162.5	5.2211087324176e-47
162.625	4.602478213015489e-47
162.75	5.199901856019023e-47
162.875	5.19932152815504e-47
163.0	4.911038770070415e-47
163.125	5.17212119668652e-47
163.25	5.189432238345795e-47
163.375	5.33009753850529e-47
163.5	4.646758294108225e-47
163.625	5.229870705444025e-47
163.75	4.471308828679715e-47
163.875	4.596532193152899e-47
164.0	4.715364540294144e-47
164.125	5.416344132705857e-47
164.25	4.263043305240225e-47
164.375	4.755044541562562e-47
164.5	5.439236256387685e-47
164.625	4.205711604725764e-47
164.75	4.2687432407843997e-47
164.875	4.726695188431226e-47
165.0	5.085751919833764e-47
165.125	4.686533909893695e-47
165.25	5.118411151197186e-47
165.375	5.265360959719247e-47
165.5	5.08899339302676e-47
165.625	4.87433152418657e-47
165.75	4.593154317478595e-47
165.875	4.985919393547849e-47
166.0	5.030060013943055e-47
166.125	4.99488933206996e-47
166.25	4.5720699134288885e-47
166.375	3.865563251711715e-47
166.5	4.485790201985764e-47
166.625	5.196861118990565e-47
166.75	4.796092138622975e-47
166.875	4.717340889775799e-47
167.0	4.944178974300735e-47
167.125	5.253394757853637e-47
167.25	5.1367222070649005e-47
167.375	4.496726143562689e-47
167.5	4.373993775902976e-47
167.625	4.698101997460805e-47
167.75	4.922379294508901e-47
167.875	5.114944904058649e-47
168.0	5.242741500341284e-47
168.125	4.81200557944164e-47
168.25	4.495130849873169e-47
168.375	4.391952270501635e-47
168.5	4.3733379941635245e-47
168.625	3.578973552177529e-47
168.75	3.461153863991183e-47
168.875	4.0477866232395243e-47
169.0	4.513980498662569e-47
169.125	4.85066546746496e-47
169.25	4.3432495641222247e-47
169.375	4.044264373109961e-47
169.5	3.834731261992849e-47
169.625	4.264717294868809e-47
169.75	4.774440460350276e-47
169.875	4.801781225752995e-47
170.0	4.750264414754242e-47
170.125	4.866999929348769e-47
170.25	5.85799824382872e-47
170.375	5.008090575122496e-47
170.5	4.448129252324209e-47
170.625	4.815555132428401e-47
170.75	4.677711194502024e-47
170.875	4.995723609067489e-47
171.0	5.436922190598143e-47
171.125	5.964443861555342e-47
171.25	5.646818667030488e-47
171.375	5.410779805348008e-47
171.5	5.000919264283683e-47
171.625	5.135852445479044e-47
171.75	4.595253481313399e-47
171.875	4.815467002196355e-47
172.0	5.122773489043809e-47
172.125	4.3942449113882015e-47
172.25	4.557968171951074e-47
172.375	4.790486987662336e-47
172.5	6.091004542932543e-47
172.625	5.388230896884899e-47
172.75	5.15635741214396e-47
172.875	4.65238583056e-47
173.0	4.142094782555664e-47
173.125	4.385816982701e-47
173.25	4.5376397176200245e-47
173.375	4.621374484798863e-47
173.5	5.42843191691945e-47
173.625	5.422833251932322e-47
173.75	5.075886075034009e-47
173.875	4.9269202332165775e-47
174.0	4.133422303139807e-47
174.125	4.936079491388643e-47
174.25	4.870599574081761e-47
174.375	4.388076622868482e-47
174.5	5.397836050981088e-47
174.625	4.6097378145025e-47
174.75	4.049536423297024e-47
174.875	4.000181617566121e-47
175.0	4.186799271441361e-47
175.125	4.84962806541144e-47
175.25	4.944691020339009e-47
175.375	4.683465975837608e-47
175.5	5.293561986683161e-47
175.625	4.811181099331684e-47
175.75	5.0001090196796e-47
175.875	4.555133078459074e-47
176.0	4.730487702088681e-47
176.125	5.512005230694399e-47
176.25	4.777180147653904e-47
176.375	4.575954934098025e-47
176.5	4.108082881771585e-47
176.625	4.272466353179236e-47
176.75	4.773409445718224e-47
176.875	5.40178240311876e-47
177.0	4.629204551674564e-47
177.125	4.527756228268817e-47
177.25	4.490663094008099e-47
177.375	4.563474956929009e-47
177.5	4.932750702799935e-47
177.625	4.247431554871685e-47
177.75	4.412116955317824e-47
177.875	4.396518258612518e-47
178.0	4.3644033409041607e-47
178.125	4.4656009398231035e-47
178.25	4.3474480935027603e-47
178.375	4.314636670579236e-47
178.5	4.746107112864015e-47
178.625	5.467219722422499e-47
178.75	5.744077413454865e-47
178.875	4.890051754499024e-47
179.0	4.674399742854724e-47
179.125	5.214143002614529e-47
179.25	4.644791471427849e-47
179.375	5.947495171200025e-47
179.5	7.509172214030399e-47
179.625	7.801756265657601e-47
179.75	1.06565113549444e-46
179.875	1.2469655123112098e-46
180.0	2.0284986019636897e-46
180.125	2.0096699969608898e-46
180.25	1.16387352160209e-46
180.375	7.968374658657008e-47
180.5	7.643754677387758e-47
180.625	6.044937012151248e-47
180.75	4.73459054350632e-47
180.875	4.961483950591204e-47
181.0	4.737610473411204e-47
181.125	3.929709868010404e-47
181.25	3.8108035256704357e-47
181.375	5.002315318794303e-47
181.5	5.569999159910328e-47
181.625	4.736013744964802e-47
181.75	4.416938910603026e-47
181.875	5.016566628675625e-47
182.0	5.363756746454929e-47
182.125	4.448193145690176e-47
182.25	4.948345444403529e-47
182.375	4.793889012023056e-47
182.5	4.217722356672036e-47
182.625	4.850349694380304e-47
182.75	4.64948319752016e-47
182.875	4.6351290402955235e-47
183.0	4.775968877308225e-47
183.125	4.483126424559409e-47
183.25	4.46961776704e-47
183.375	4.514504834704224e-47
183.5	4.4496143914849005e-47
183.625	4.816209819570724e-47
183.75	4.054410749805025e-47
183.875	4.8684908977831845e-47
184.0	5.07502361664e-47
184.125	4.530361883209369e-47
184.25	4.732836092863322e-47
184.375	4.261797233483364e-47
184.5	4.657300724647561e-47
184.625	5.625217652105401e-47
184.75	4.943949188021284e-47
184.875	5.239082845117082e-47
185.0	4.180473207983241e-47
185.125	4.600788706024996e-47
185.25	5.562536627232225e-47
185.375	4.5442495272803995e-47
185.5	4.644086799166369e-47
185.625	4.916294684294436e-47
185.75	4.357025832388441e-47
185.875	4.298389743155236e-47
186.0	4.90096002701845e-47
186.125	5.073443654172098e-47
186.25	5.089722770497851e-47
186.375	4.486683171013263e-47
186.5	4.607448270406968e-47
186.625	5.048425924780175e-47
186.75	5.794672610826009e-47
186.875	5.283488066011236e-47
187.0	4.418025599332899e-47
187.125	4.47731035806785e-47
187.25	5.212131453278649e-47
187.375	5.520986780975648e-47
187.5	5.748161081290382e-47
187.625	5.327285221968515e-47
187.75	4.652746523569936e-47
187.875	4.234687556823529e-47
188.0	4.0922937027974445e-47
188.125	4.620914810790719e-47
188.25	4.71992358289e-47
188.375	4.634363560345601e-47
188.5	5.668287461280901e-47
188.625	5.371541364640001e-47
188.75	4.298974839298624e-47
188.875	4.869453694923839e-47
189.0	5.714007293648807e-47
189.125	5.686254709893082e-47
189.25	4.971662215300226e-47
189.375	5.460978547652356e-47
189.5	5.517176717289999e-47
189.625	4.092643759803076e-47
189.75	4.0261390450744957e-47
189.875	4.413865003455626e-47
190.0	4.523013624249315e-47
190.125	4.938026792499025e-47
190.25	5.657905482902501e-47
190.375	4.803571418071205e-47
190.5	4.568812567512063e-47
190.625	4.582648497248645e-47
190.75	4.900177941615442e-47
190.875	5.320100346804324e-47
191.0	4.898720203576163e-47
191.125	3.909140909673129e-47
191.25	3.6172172566096355e-47
191.375	3.6347752170754086e-47
191.5	4.0546862093107243e-47
191.625	4.429764630651529e-47
191.75	4.2129496746031217e-47
191.875	4.595279918788037e-47
192.0	4.6374383895876e-47
192.125	4.089960116217615e-47
192.25	3.984154724665921e-47
192.375	4.3688455322010485e-47
192.5	4.82841023221817e-47
192.625	4.386784988030481e-47
192.75	4.711643029505282e-47
192.875	4.76012470623365e-47
193.0	4.674875060271363e-47
193.125	4.3585485006444155e-47
193.25	4.625513259787877e-47
193.375	5.088615883666224e-47
193.5	4.743320840676442e-47
193.625	4.740688651370279e-47
193.75	4.397921145446977e-47
193.875	4.1878051138420093e-47
194.0	4.638280673045775e-47
194.125	4.780832719196355e-47
194.25	4.802264916237375e-47
194.375	5.569343458705154e-47
194.5	5.165972931338208e-47
194.625	5.541739851636768e-47
194.75	5.677771844682079e-47
194.875	4.38604201984e-47
195.0	3.124929179936356e-47
195.125	4.302069351186244e-47
195.25	4.381872949144088e-47
195.375	4.679967504242946e-47
195.5	4.658190947385482e-47
195.625	4.445916877488679e-47
195.75	4.1159594881935366e-47
195.875	3.887979538932225e-47
196.0	4.412630691693225e-47
196.125	4.252779974808964e-47
196.25	4.44574231696e-47
196.375	4.3414584961650245e-47
196.5	4.640604567852288e-47
196.625	4.517018227242755e-47
196.75	4.941002378245697e-47
196.875	5.350617761438888e-47
197.0	5.026424453192962e-47
197.125	4.876962840915024e-47
197.25	4.643314174529424e-47
197.375	5.364072405469585e-47
197.5	5.685127125647523e-47
197.625	4.742022834348409e-47
197.75	3.9508187829805204e-47
197.875	4.886893855567684e-47
198.0	4.888935892697475e-47
198.125	4.60897484150376e-47
198.25	8.562321296627345e-47
198.375	1.1002877109159999e-46
198.5	6.506176271800382e-47
198.625	4.90706848732184e-47
198.75	5.311841605993922e-47
198.875	4.849313997384257e-47
199.0	4.3061006794249976e-47
199.125	4.41563479475905e-47
199.25	4.4385281923984e-47
199.375	4.789814257578257e-47
199.5	4.1352482603628157e-47
199.625	3.597135809920129e-47
199.75	3.8711387557625753e-47
199.875	4.2752755104192814e-47
200.0	4.721418512831239e-47
200.125	4.637621304606888e-47
200.25	3.7594766169140403e-47
200.375	4.3781977395383996e-47
200.5	4.950372557725453e-47
200.625	4.4616615307489e-47
200.75	4.752360017393768e-47
200.875	4.94258731471037e-47
201.0	4.995017536491842e-47
201.125	4.779616146413824e-47
201.25	5.540092851240001e-47
201.375	5.3827921105401965e-47
201.5	4.873227928803082e-47
201.625	4.3646387948605687e-47
201.75	4.420673159588447e-47
201.875	4.565905449962258e-47
202.0	4.3301407524780254e-47
202.125	4.269245817165156e-47
202.25	5.061960637566847e-47
202.375	4.8970629602443245e-47
202.5	4.758535501015321e-47
202.625	4.932634677667524e-47
202.75	5.138993423153529e-47
202.875	5.082230736334756e-47
203.0	4.3337072631482006e-47
203.125	3.4654511960948893e-47
203.25	4.4407697820882e-47
203.375	4.416667624824195e-47
203.5	4.2780228003072157e-47
203.625	4.6010817324630755e-47
203.75	4.913590951134121e-47
203.875	5.092418724604224e-47
204.0	5.108251787041224e-47
204.125	5.103072378667263e-47
204.25	4.521343205192355e-47
204.375	4.633006221116099e-47
204.5	4.091004276199681e-47
204.625	4.957373347852686e-47
204.75	5.864557357838403e-47
204.875	5.626683575955728e-47
205.0	4.830141441609961e-47
205.125	4.654819142275224e-47
205.25	5.668590273781681e-47
205.375	4.658535347999295e-47
205.5	4.428346425655686e-47
205.625	5.240248107435362e-47
205.75	4.430459640643202e-47
205.875	5.213656758390336e-47
206.0	5.072484541776129e-47
206.125	4.639130797657225e-47
206.25	4.549946871450434e-47
206.375	4.369089434431743e-47
206.5	3.9537182122028004e-47
206.625	4.381759225640165e-47
206.75	5.137561794643368e-47
206.875	4.368239573690281e-47
207.0	4.427959004353921e-47
207.125	5.191905155375377e-47
207.25	5.065892867107395e-47
207.375	4.476010204746083e-47
207.5	4.672480395535936e-47
207.625	5.132566993828097e-47
207.75	5.394962141564836e-47
207.875	4.848980859621376e-47
208.0	4.618555347682116e-47
208.125	4.7161527504109985e-47
208.25	4.987385386544929e-47
208.375	5.65905082611557e-47
208.5	3.966251408025124e-47
208.625	3.7065531458350235e-47
208.75	4.925371497742082e-47
208.875	4.649117994482479e-47
209.0	4.3595655213240356e-47
209.125	5.064198899344224e-47
209.25	4.994870532662404e-47
209.375	4.529361742084088e-47
209.5	4.766464296972225e-47
209.625	4.568516515003203e-47
209.75	4.441514438617343e-47
209.875	4.961528467381925e-47
210.0	4.3695193534755995e-47
210.125	4.18549478116e-47
210.25	4.457069575418944e-47
210.375	4.683638162026321e-47
210.5	5.096315647818255e-47
210.625	5.417454750496321e-47
210.75	4.892567980247236e-47
210.875	4.3309101647418e-47
211.0	4.518443837635641e-47
211.125	4.636581883187403e-47
211.25	4.554776864093568e-47
211.375	4.731774498531026e-47
211.5	4.935923240527876e-47
211.625	4.957305896627044e-47
211.75	4.589864265640369e-47
211.875	5.141966560155048e-47
212.0	5.333642642731265e-47
212.125	4.813034509825371e-47
212.25	4.660859122135225e-47
212.375	4.692254247000961e-47
212.5	4.99924354899824e-47
212.625	4.878774395954175e-47
212.75	5.452647166729764e-47
212.875	4.9865488402499995e-47
213.0	4.65638520251952e-47
213.125	4.851695457816769e-47
213.25	5.1470652233025e-47
213.375	5.1597132483487345e-47
213.5	5.198485849476676e-47
213.625	5.6348345448362255e-47
213.75	5.475363914472804e-47
213.875	4.600342401278975e-47
214.0	4.2364042653275563e-47
214.125	4.724624361225409e-47
214.25	4.732816830111839e-47
214.375	4.546789525972996e-47
214.5	4.2839997790574407e-47
214.625	4.481439556038024e-47
214.75	4.867456614465599e-47
214.875	5.203399507275649e-47
215.0	5.167652204595456e-47
215.125	4.956748279855684e-47
215.25	5.116123316380559e-47
215.375	4.720490526342277e-47
215.5	4.454425686522255e-47
215.625	4.839953732690176e-47
215.75	4.1090062765439607e-47
215.875	4.7852222684406e-47
216.0	5.066775761338943e-47
216.125	5.315192829026161e-47
216.25	4.844358501233474e-47
216.375	5.033738606834025e-47
216.5	5.156236057708096e-47
216.625	3.939260070425626e-47
216.75	3.887322109682449e-47
216.875	4.4729278457624e-47
217.0	4.916627602094224e-47
217.125	4.442646137499683e-47
217.25	4.475026249635767e-47
217.375	3.926288257330201e-47
217.5	4.3529013232634407e-47
217.625	4.99684551188016e-47
217.75	5.435668169736256e-47
217.875	4.98898438370405e-47
218.0	5.144773431509775e-47
218.125	5.079277202826304e-47
218.25	4.584470764038398e-47
218.375	4.2819064784932843e-47
218.5	4.684684213231009e-47
218.625	4.981463702865224e-47
218.75	4.895058266584249e-47
218.875	5.601385137129604e-47
219.0	5.132925639624721e-47
219.125	5.34091455819672e-47
219.25	5.426171272502499e-47
219.375	4.955018177772101e-47
219.5	5.326515223714438e-47
219.625	5.641194088741689e-47
219.75	5.647133981182225e-47
219.875	5.324414396902225e-47
220.0	4.692859258775807e-47
220.125	5.183545257972966e-47
220.25	4.690759421396162e-47
220.375	5.055406806715456e-47
220.5	5.305511763035137e-47
220.625	4.918152801388846e-47
220.75	4.1024665502500005e-47
220.875	4.612191189003225e-47
221.0	5.804794806153614e-47
221.125	5.530840676422883e-47
221.25	4.513752740443024e-47
221.375	4.377414081396841e-47
221.5	4.849052165738494e-47
221.625	5.251235066744836e-47
221.75	4.584976832976849e-47
221.875	4.18197234048524e-47
222.0	4.3870683365627035e-47
222.125	4.929404922897842e-47
222.25	4.699768966729321e-47
222.375	4.1148550570024956e-47
222.5	4.1338840590029434e-47
222.625	5.09044249699157e-47
222.75	5.182961667998519e-47
222.875	5.14466627181624e-47
223.0	4.597300780346405e-47
223.125	4.490129154997476e-47
223.25	4.774567876669503e-47
223.375	4.798714308199009e-47
223.5	4.652475729665482e-47
223.625	4.677023998890441e-47
223.75	4.59571201280576e-47
223.875	4.674299240109409e-47
224.0	5.252204553689025e-47
224.125	5.7624996578769e-47
224.25	5.334218879133169e-47
224.375	5.4666075109801e-47
224.5	5.150637642451247e-47
224.625	4.863705957075626e-47
224.75	4.1404285641302433e-47
224.875	4.434511777936901e-47
225.0	4.1002039581372245e-47
225.125	4.1285655928272246e-47
225.25	4.460086894989925e-47
225.375	4.686345651558321e-47
225.5	4.0776418643650553e-47
225.625	4.575847919060195e-47
225.75	4.365295509766689e-47
225.875	4.160093266476225e-47
226.0	4.878650625686246e-47
226.125	4.946018160052488e-47
226.25	4.458479418247715e-47
226.375	4.774531116472322e-47
226.5	5.447045176810001e-47
226.625	4.543625187590723e-47
226.75	4.692698411712528e-47
226.875	4.974532104911767e-47
227.0	4.903659723090496e-47
227.125	4.862196476220304e-47
227.25	4.87737571568052e-47
227.375	4.604119446810244e-47
227.5	4.704788659297445e-47
227.625	5.093085545344449e-47
227.75	4.516734745115647e-47
227.875	3.9039179731582794e-47
228.0	4.730471332810084e-47
228.125	4.7350885915204e-47
228.25	4.434914669474026e-47
228.375	4.287185278513201e-47
228.5	5.208638518126403e-47
228.625	5.926851740630402e-47
228.75	4.977231244755026e-47
228.875	4.7525334653816395e-47
229.0	5.172898653653957e-47
229.125	5.111178414160036e-47
229.25	6.373508431073536e-47
229.375	5.907395191495559e-47
229.5	5.781049174970521e-47
229.625	5.112118011851927e-47
229.75	5.327306826513603e-47
229.875	5.516492195240464e-47
230.0	4.393052451371236e-47
230.125	3.9819781339088887e-47
230.25	4.407873630128761e-47
230.375	5.001866353567876e-47
230.5	5.302097768405024e-47
230.625	4.990228303836303e-47
230.75	4.386541916988674e-47
230.875	4.819422970020097e-47
231.0	5.135822919598337e-47
231.125	4.2213016596870255e-47
231.25	4.075898515159696e-47
231.375	4.1278344156506254e-47
231.5	4.761628472738914e-47
231.625	4.776272544378724e-47
231.75	5.065967601223321e-47
231.875	4.613669911847999e-47
232.0	3.8826158572096e-47
232.125	4.457621040714724e-47
232.25	4.973897916101689e-47
232.375	5.03519855611169e-47
232.5	4.951239417121935e-47
232.625	4.788090844545023e-47
232.75	4.09247192804976e-47
232.875	4.877271936651023e-47
233.0	5.246120110311026e-47
233.125	4.947335208591615e-47
233.25	5.324385355444995e-47
233.375	5.326159656574846e-47
233.5	4.929680008422399e-47
233.625	4.973850663883022e-47
233.75	4.5165402511441e-47
233.875	5.402709384765625e-47
234.0	5.435877261473605e-47
234.125	4.9284106629695995e-47
234.25	4.721685808546574e-47
234.375	5.154000950059641e-47
234.5	5.092620821485201e-47
234.625	4.1653403481447036e-47
234.75	4.948035230121985e-47
234.875	5.79200146704e-47
235.0	5.627483524068024e-47
235.125	4.6556112825616e-47
235.25	4.456588239528489e-47
235.375	4.651602421859648e-47
235.5	4.702081743762529e-47
235.625	5.168828476539224e-47
235.75	5.017073909665636e-47
235.875	5.457453126928928e-47
236.0	5.789447658096401e-47
236.125	5.639283205615922e-47
236.25	4.992813412784649e-47
236.375	4.5782006444096025e-47
236.5	5.060920230621024e-47
236.625	5.61554932290696e-47
236.75	6.091347008714722e-47
236.875	5.574323604700448e-47
237.0	4.709525130960399e-47
237.125	4.0018263348000996e-47
237.25	4.859750814119569e-47
237.375	4.838614746263104e-47
237.5	4.470794897184009e-47
237.625	5.100305759780625e-47
237.75	5.98398121430281e-47
237.875	5.242782772285967e-47
238.0	4.730551253674007e-47
238.125	4.587452057255826e-47
238.25	5.624697454068287e-47
238.375	5.351159216017924e-47
238.5	4.304848986377104e-47
238.625	4.903434661671839e-47
238.75	4.221205892172865e-47
238.875	4.491095736547042e-47
239.0	4.751061739778918e-47
239.125	4.2802686342326437e-47
239.25	4.524728612806609e-47
239.375	4.9077101706126e-47
239.5	4.570782439583844e-47
239.625	4.160863288600516e-47
239.75	4.316445061316964e-47
239.875	4.4009550000136355e-47
240.0	4.723774961116175e-47
240.125	4.89677507079552e-47
240.25	4.987706154205636e-47
240.375	4.970966023786085e-47
240.5	4.840051826571361e-47
240.625	5.558425658522501e-47
240.75	5.17292555284081e-47
240.875	4.565365164360197e-47
241.0	4.0867517222778493e-47
241.125	4.359092120543241e-47
241.25	5.098277592146177e-47
241.375	4.94618357273388e-47
241.5	5.013188573407875e-47
241.625	4.855135866228026e-47
241.75	5.397149716367618e-47
241.875	5.019106974070336e-47
242.0	4.0898689200388886e-47
242.125	4.3901570182275995e-47
242.25	5.195662632093026e-47
242.375	5.333277782138436e-47
242.5	4.903216887804677e-47
242.625	4.1926859144082095e-47
242.75	4.939562616408485e-47
242.875	5.991486653233637e-47
243.0	5.858778646790282e-47
243.125	4.6747046761633435e-47
243.25	5.4083613413998435e-47
243.375	5.267958883458435e-47
243.5	4.632765814451775e-47
243.625	4.528319855155262e-47
243.75	5.366816759790722e-47
243.875	5.668373892268815e-47
244.0	4.813540968217969e-47
244.125	4.538490539622399e-47
244.25	5.036835290542225e-47
244.375	5.414704247686276e-47
244.5	5.231621811662401e-47
244.625	4.935806194515849e-47
244.75	4.853150641335365e-47
244.875	4.733899044728896e-47
245.0	4.277418987920401e-47
245.125	4.571371590862561e-47
245.25	4.2134235107703207e-47
245.375	4.688609794283777e-47
245.5	5.163666442126335e-47
245.625	4.804317753470596e-47
245.75	5.132488331283769e-47
245.875	4.948267643717778e-47
246.0	4.955465598724625e-47
246.125	5.493135948870249e-47
246.25	5.023602003381128e-47
246.375	5.156785539020644e-47
246.5	5.572449164047922e-47
246.625	4.980682700898304e-47
246.75	5.003633757831424e-47
246.875	4.952351247227135e-47
247.0	5.004701933990724e-47
247.125	5.243425332249999e-47
247.25	5.0304038541156e-47
247.375	4.87731872786681e-47
247.5	5.135784507414546e-47
247.625	5.848211191065604e-47
247.75	5.227303158608281e-47
247.875	4.851876002957281e-47
248.0	4.64299650257437e-47
248.125	4.3576739207824e-47
248.25	4.55971192235832e-47
248.375	4.83120761845832e-47
248.5	5.206399584498226e-47
248.625	4.912883417377296e-47
248.75	4.879135238551247e-47
248.875	5.352750235650065e-47
249.0	5.34549570773261e-47
249.125	5.3427649974084e-47
249.25	5.357148350806849e-47
249.375	4.74061704487532e-47
249.5	5.128266083519568e-47
249.625	4.990782431520899e-47
249.75	5.011511086768729e-47
249.875	5.201666257366086e-47
250.0	5.37967693653096e-47
250.125	5.205152669801536e-47
250.25	4.874276509008359e-47
250.375	5.269327554137954e-47
250.5	5.343794505992643e-47
250.625	4.789812873408676e-47
250.75	5.0921835208543685e-47
250.875	4.514749544236997e-47
251.0	5.022720044064801e-47
251.125	5.512371699641105e-47
251.25	4.955111799428023e-47
251.375	5.457800047455625e-47
251.5	5.900835050173449e-47
251.625	5.957782797555625e-47
251.75	5.359495892782086e-47
251.875	5.345826036904336e-47
252.0	5.73380719971665e-47
252.125	5.1515332017691245e-47
252.25	4.898150774504098e-47
252.375	5.093368586265599e-47
252.5	4.897834999197156e-47
252.625	5.02385829923076e-47
252.75	5.048720653922501e-47
252.875	5.585904966943744e-47
253.0	4.860925112512224e-47
253.125	4.7114674464169e-47
253.25	4.676212806465601e-47
253.375	4.3280694964442255e-47
253.5	4.758538122336963e-47
253.625	5.719695120939557e-47
253.75	5.198024127960977e-47
253.875	5.134929013579562e-47
254.0	4.405516902868624e-47
254.125	4.5311517092689e-47
254.25	4.951158919838784e-47
254.375	4.912999910912026e-47
254.5	5.316532914164478e-47
254.625	6.038798251187023e-47
254.75	5.534804692327825e-47
254.875	4.2179026431259237e-47
255.0	4.393064514358809e-47
255.125	5.015478773802026e-47
255.25	5.430189424252761e-47
255.375	5.784754410650327e-47
255.5	5.00660668294964e-47
255.625	5.458274495378496e-47
255.75	5.437704257305678e-47
255.875	5.4308043095080795e-47
256.0	5.445949536242328e-47
256.125	4.6095595238251685e-47
256.25	4.461825582422404e-47
256.375	4.512041714223289e-47
256.5	4.959465408534784e-47
256.625	5.134149829492324e-47
256.75	5.325286407193599e-47
256.875	4.575786768171844e-47
257.0	4.446891358920254e-47
257.125	4.592675718334088e-47
257.25	4.801714009948801e-47
257.375	5.127932377433889e-47
257.5	5.452587502523046e-47
257.625	4.812508237595536e-47
257.75	5.724849316354754e-47
257.875	5.110597339587365e-47
258.0	4.686431086145169e-47
258.125	5.456248446814929e-47
258.25	5.94456743924244e-47
258.375	5.4275974731729e-47
258.5	5.702876343446881e-47
258.625	5.58714943913417e-47
258.75	4.68151657814888e-47
258.875	4.9489874289216e-47
259.0	6.429026918151369e-47
259.125	6.220243762464483e-47
259.25	5.748509994707039e-47
259.375	5.264541612379921e-47
259.5	4.2523323622081003e-47
259.625	4.2398035645230753e-47
259.75	4.94628906695988e-47
259.875	5.9903126363521e-47
260.0	5.5691383827556e-47
260.125	5.2426737278161e-47
260.25	5.896826196732024e-47
260.375	6.48756774370272e-47
260.5	5.12389811442528e-47
260.625	4.3491145670654887e-47
260.75	4.875141009284099e-47
260.875	6.220570124689279e-47
261.0	5.438613224278116e-47
261.125	5.8289554149792145e-47
261.25	6.304420185343639e-47
261.375	5.000035762886761e-47
261.5	4.890335250388622e-47
261.625	4.973142189619082e-47
261.75	5.314593563785079e-47
261.875	5.509640700118115e-47
262.0	5.3424711626841e-47
262.125	4.7032369740225e-47
262.25	4.791393863811024e-47
262.375	5.334983444622841e-47
262.5	6.187252282309921e-47
262.625	5.75815380625e-47
262.75	5.75696205737461e-47
262.875	5.543065311615224e-47
263.0	4.937939656725626e-47
263.125	5.820596519751558e-47
263.25	6.116396476271235e-47
263.375	4.565292597168601e-47
263.5	4.892191813082024e-47
263.625	5.740132479650242e-47
263.75	5.560554701542128e-47
263.875	6.282180413682849e-47
264.0	5.21932225274513e-47
264.125	5.053670944358977e-47
264.25	4.85493881656688e-47
264.375	4.45779076002272e-47
264.5	4.93874386478281e-47
264.625	4.803324962688575e-47
264.75	5.097007854062223e-47
264.875	4.937544322946243e-47
265.0	5.062640687799694e-47
265.125	5.182055462385024e-47
265.25	5.681510321130434e-47
265.375	5.390642800474008e-47
265.5	4.777728400600995e-47
265.625	6.076224637820163e-47
265.75	5.5922518034496e-47
265.875	5.273588875470399e-47
266.0	5.9062658707907545e-47
266.125	5.792753410819599e-47
266.25	5.77388085840725e-47
266.375	5.7791407468356e-47
266.5	5.283615270087361e-47
266.625	5.78952572507849e-47
266.75	5.363818412752837e-47
266.875	4.474354776421923e-47
267.0	4.954229538418945e-47
267.125	5.189352564939922e-47
267.25	4.557152789715967e-47
267.375	4.864417752362884e-47
267.5	5.728562385929287e-47
267.625	5.790175847172024e-47
267.75	4.959134564581128e-47
267.875	4.602883236080703e-47
268.0	5.064673284244323e-47
268.125	4.779007779815425e-47
268.25	4.737179467863241e-47
268.375	5.094766920948496e-47
268.5	5.4852377606368805e-47
268.625	4.656525227355168e-47
268.75	4.1997677355282246e-47
268.875	5.611037375432164e-47
269.0	6.484532663347213e-47
269.125	5.0866821881604e-47
269.25	4.9421930603372875e-47
269.375	6.7599547524751355e-47
269.5	6.239784091228415e-47
269.625	5.798349313553449e-47
269.75	5.115301646267568e-47
269.875	6.047835382908899e-47
270.0	5.358330036378223e-47
270.125	4.843460545250625e-47
270.25	4.749558264527521e-47
270.375	4.4672044864482e-47
270.5	4.588717896485776e-47
270.625	4.812178447597689e-47
270.75	4.696855151363236e-47
270.875	4.958447982397504e-47
271.0	5.163783141243022e-47
271.125	4.825448326909808e-47
271.25	5.365345828687439e-47
271.375	5.663043508214415e-47
271.5	5.103056805676487e-47
271.625	6.0190156007592255e-47
271.75	5.660287770493455e-47
271.875	5.66047074321e-47
272.0	6.018351824773369e-47
272.125	5.616808334546159e-47
272.25	5.7420997759027355e-47
272.375	5.744516547322922e-47
272.5	6.074059219935e-47
272.625	5.329915021275288e-47
272.75	4.833480761051122e-47
272.875	4.692427553679615e-47
273.0	4.814368703465105e-47
273.125	5.191894923588025e-47
273.25	5.305156606288035e-47
273.375	5.0015151449748805e-47
273.5	5.072466166677503e-47
273.625	5.318137447164721e-47
273.75	5.668422227655624e-47
273.875	7.004494647593879e-47
274.0	6.314988036676202e-47
274.125	5.766126503050224e-47
274.25	6.059337887379e-47
274.375	6.836178849091346e-47
274.5	5.7481067967129e-47
274.625	4.936509053487026e-47
274.75	5.142444573505598e-47
274.875	6.061983238670121e-47
275.0	6.079489004482084e-47
275.125	5.382545011588899e-47
275.25	4.3578549294306e-47
275.375	5.356946634057225e-47
275.5	6.901335000627077e-47
275.625	1.20567844554921e-46
275.75	1.61667766538496e-46
275.875	1.5194030952964902e-46
276.0	1.11404921851609e-46
276.125	7.523094664850622e-47
276.25	5.964604191722499e-47
276.375	5.222521023408145e-47
276.5	5.461419139002223e-47
276.625	5.278355242244099e-47
276.75	5.270354319006437e-47
276.875	5.072830113782811e-47
277.0	5.607029076489604e-47
277.125	6.10000722306685e-47
277.25	5.327421418920968e-47
277.375	5.350420410178624e-47
277.5	6.333424920821124e-47
277.625	7.074743759358017e-47
277.75	6.636308023477446e-47
277.875	6.015412596746282e-47
278.0	5.35273370093964e-47
278.125	4.662072640714383e-47
278.25	4.954014721796643e-47
278.375	5.128853747712257e-47
278.5	6.164688608211962e-47
278.625	6.114638187607103e-47
278.75	5.094418746788807e-47
278.875	5.0386118429124e-47
279.0	5.282885648305446e-47
279.125	6.323590236210023e-47
279.25	5.989295371929443e-47
279.375	6.689318165215505e-47
279.5	1.01879368047961e-46
279.625	1.1064757277722499e-46
279.75	1.253582533225e-46
279.875	1.3358149260051598e-46
280.0	7.895730657589777e-47
280.125	4.899207492046921e-47
280.25	5.582216612778288e-47
280.375	6.1292259247331295e-47
280.5	7.028101830750625e-47
280.625	6.352509228916901e-47
280.75	6.867194755994521e-47
280.875	9.09381778020312e-47
281.0	1.3196284005006397e-46
281.125	1.5831653811209996e-46
281.25	1.3021763075443597e-46
281.375	7.101593856612026e-47
281.5	6.0487966314801e-47
281.625	6.214894787836816e-47
281.75	7.700676060222015e-47
281.875	6.662910643235716e-47
282.0	6.246339329493796e-47
282.125	7.025167116712899e-47
282.25	8.838280587136899e-47
282.375	1.2365522288136899e-46
282.5	1.3624237718868098e-46
282.625	1.09871380622025e-46
282.75	8.239019530212025e-47
282.875	6.864245449950563e-47
283.0	5.9689595707577625e-47
283.125	6.463670694859849e-47
283.25	7.0715070146160095e-47
283.375	7.141261669832194e-47
283.5	5.748802356214449e-47
283.625	5.479117471565721e-47
283.75	6.050562852612497e-47
283.875	5.66847914622581e-47
284.0	5.06001622203168e-47
284.125	5.305446499542016e-47
284.25	5.786987524351504e-47
284.375	5.225850461521935e-47
284.5	4.944873287562849e-47
284.625	4.902904870396515e-47
284.75	4.9077660747025e-47
284.875	5.084818599031395e-47
285.0	4.994030108076303e-47
285.125	5.248760664685561e-47
285.25	6.206133834602362e-47
285.375	8.098042258309131e-47
285.5	8.317606349631743e-47
285.625	6.294251036451856e-47
285.75	7.151546368377856e-47
285.875	5.964585038487074e-47
286.0	6.09282546624181e-47
286.125	6.670322281105682e-47
286.25	6.354271097997124e-47
286.375	5.934621561885024e-47
286.5	6.338413835592335e-47
286.625	6.367753840414849e-47
286.75	6.381206137532304e-47
286.875	5.822900943964224e-47
287.0	5.422190836567729e-47
287.125	5.445054714496997e-47
287.25	6.638816359860623e-47
287.375	7.136574216193009e-47
287.5	5.696390640466971e-47
287.625	4.91705014626576e-47
287.75	5.4179507012929e-47
287.875	5.029004310813729e-47
288.0	5.562444742076401e-47
288.125	6.044440205016004e-47
288.25	5.6306053957696e-47
288.375	5.554533831275026e-47
288.5	4.7262778792849e-47
288.625	4.89053735287013e-47
288.75	5.449140529070436e-47
288.875	6.299381015449601e-47
289.0	5.758537322790728e-47
289.125	5.419424849928048e-47
289.25	5.380809756124009e-47
289.375	5.487562973579567e-47
289.5	5.986555905428569e-47
289.625	6.130443698122499e-47
289.75	5.27725054932797e-47
289.875	5.187268018881478e-47
290.0	5.062687506079224e-47
290.125	6.150282211350224e-47
290.25	6.344461176319878e-47
290.375	4.826551084411456e-47
290.5	5.181662423575226e-47
290.625	5.432317942147601e-47
290.75	6.657039878769225e-47
290.875	6.261208416328804e-47
291.0	5.5904088939073705e-47
291.125	5.915085956883216e-47
291.25	6.708547460152729e-47
291.375	6.401441841198119e-47
291.5	5.376137680622499e-47
291.625	4.9593172386564e-47
291.75	5.040318991001617e-47
291.875	5.217140252091076e-47
292.0	6.798285141537796e-47
292.125	5.932031877499225e-47
292.25	5.045613925275226e-47
292.375	4.855192584940946e-47
292.5	5.820567986266609e-47
292.625	5.712024258864224e-47
292.75	5.405632264230026e-47
292.875	5.103986226227342e-47
293.0	4.8373751246400815e-47
293.125	5.213318841395855e-47
293.25	5.4771811036804e-47
293.375	5.208569522976401e-47
293.5	5.562711897288099e-47
293.625	5.555154076804835e-47
293.75	6.816554517255184e-47
293.875	7.536531867866399e-47
294.0	6.548653152215e-47
294.125	6.054461771818082e-47
294.25	5.383011041428035e-47
294.375	5.783981843620036e-47
294.5	5.130506348767807e-47
294.625	5.398356230879049e-47
294.75	5.115739652311201e-47
294.875	4.54489831437132e-47
295.0	5.153575092444024e-47
295.125	5.691860207358724e-47
295.25	6.151661134740675e-47
295.375	6.180895744280929e-47
295.5	6.173550698226917e-47
295.625	6.549427453532088e-47
295.75	6.071501621465283e-47
295.875	6.032961021491042e-47
296.0	5.687228862583522e-47
296.125	5.650104949152399e-47
296.25	5.832165815229922e-47
296.375	6.568780573344194e-47
296.5	5.7700081947249e-47
296.625	5.988058734972304e-47
296.75	6.669684111041955e-47
296.875	6.346808104258449e-47
297.0	5.838649479035135e-47
297.125	5.3029418793326005e-47
297.25	5.892817477266722e-47
297.375	6.011937365715856e-47
297.5	5.458463186876569e-47
297.625	4.64479228926037e-47
297.75	5.127217881904836e-47
297.875	5.584885425232281e-47
298.0	5.433893263782916e-47
298.125	6.309243568978008e-47
298.25	6.07993797023785e-47
298.375	6.190973259176645e-47
298.5	6.265734711083236e-47
298.625	5.754269429323802e-47
298.75	5.470444453777207e-47
298.875	6.438801834201025e-47
299.0	6.847547274008464e-47
299.125	5.634715191267598e-47
299.25	5.880554563431075e-47
299.375	1.34154190425025e-46
299.5	1.0039784514131609e-45
299.625	1.737903434572561e-45
299.75	1.6903808952345637e-45
299.875	1.94056935706624e-46
300.0	7.189141962060866e-47
300.125	6.810549588810914e-47
300.25	5.8409093254089655e-47
300.375	6.076821126945024e-47
300.5	5.6873350455940845e-47
300.625	5.007608091447026e-47
300.75	4.590338111137157e-47
300.875	5.86020579502436e-47
301.0	7.8979906540096e-47
301.125	7.352979494234256e-47
301.25	5.911522964372043e-47
301.375	6.154503857817316e-47
301.5	5.7638798048484e-47
301.625	5.162687342496649e-47
301.75	6.486376209193764e-47
301.875	6.668376178335874e-47
302.0	5.763800999929402e-47
302.125	6.942155758168411e-46
302.25	1.269336427551504e-45
302.375	1.7264921955602499e-46
302.5	5.629825634522895e-47
302.625	6.393108256317225e-47
302.75	5.910356347260964e-47
302.875	5.92579831034885e-47
303.0	7.11082654756409e-47
303.125	3.0901438522802506e-46
303.25	3.602686340953924e-45
303.375	2.7333494912880248e-45
303.5	1.22279828436441e-46
303.625	7.223963037209998e-47
303.75	5.20783052409e-47
303.875	4.812102002307854e-47
304.0	5.5047867330625e-47
304.125	5.7973468068961e-47
304.25	5.340804497932864e-47
304.375	6.404668531063927e-47
304.5	6.580181515149122e-47
304.625	6.563931555392837e-47
304.75	5.831524641936399e-47
304.875	5.417647740227585e-47
305.0	5.33320314646109e-47
305.125	6.037828162192367e-47
305.25	5.782947575941635e-47
305.375	5.802905772361635e-47
305.5	7.065781659705615e-47
305.625	6.947831635151715e-47
305.75	5.592777827905128e-47
305.875	5.504726635884025e-47
306.0	5.679669642597889e-47
306.125	5.790881252665601e-47
306.25	5.969566687746842e-47
306.375	5.437722102591746e-47
306.5	5.943852271682688e-47
306.625	6.24416213844012e-47
306.75	6.327703254047042e-47
306.875	6.042622173833023e-47
307.0	6.044791000048515e-47
307.125	5.907786259515624e-47
307.25	4.784236709503328e-47
307.375	5.554480468821769e-47
307.5	6.489148302562501e-47
307.625	6.923562443954807e-47
307.75	6.678186184828899e-47
307.875	5.558476057715345e-47
308.0	5.825681631779411e-47
308.125	5.475389960990885e-47
308.25	5.620851765075599e-47
308.375	4.61511707823041e-47
308.5	5.608382541048225e-47
308.625	6.746012025492099e-47
308.75	6.026565795259681e-47
308.875	5.86160677999916e-47
309.0	6.714823397088675e-47
309.125	5.608214790640226e-47
309.25	5.146031601335715e-47
309.375	6.433256210286724e-47
309.5	6.914226333437931e-47
309.625	6.407580163159044e-47
309.75	7.035543208641024e-47
309.875	6.374613544745329e-47
310.0	5.812271830398049e-47
310.125	6.0523427126144165e-47
310.25	5.608302409959998e-47
310.375	5.693221306019844e-47
310.5	5.55912366293996e-47
310.625	5.342321617068967e-47
310.75	6.320522687941224e-47
310.875	6.372142699792803e-47
311.0	6.396120588062499e-47
311.125	6.01358079049296e-47
311.25	6.682012707729239e-47
311.375	5.5950660304302755e-47
311.5	6.098849329716899e-47
311.625	7.074444157381223e-47
311.75	6.726440541414402e-47
311.875	6.605634890353249e-47
312.0	5.264072323121329e-47
312.125	4.832325492904901e-47
312.25	5.166943429154115e-47
312.375	5.683815395912888e-47
312.5	6.605521105763449e-47
312.625	7.479602469243023e-47
312.75	6.866202855402915e-47
312.875	6.235028397142415e-47
313.0	6.500932436289601e-47
313.125	6.520253554159569e-47
313.25	6.548485802971224e-47
313.375	6.120833829834564e-47
313.5	6.7047971937462755e-47
313.625	7.08360195695477e-47
313.75	6.960729591794167e-47
313.875	6.474825596622603e-47
314.0	6.04100603024028e-47
314.125	5.265386792110226e-47
314.25	6.307312914099649e-47
314.375	7.0431285073758e-47
314.5	6.115977291821797e-47
314.625	6.719271399630246e-47
314.75	6.7292898759979985e-47
314.875	5.929976554208279e-47
315.0	6.332081474938128e-47
315.125	7.24892330089088e-47
315.25	6.170986690474382e-47
315.375	5.97533498868468e-47
315.5	6.573918887205849e-47
315.625	6.402133297742222e-47
315.75	6.295112499645025e-47
315.875	6.288003107424901e-47
316.0	6.872597189474639e-47
316.125	6.136335720944288e-47
316.25	6.298915923804099e-47
316.375	5.956028010544247e-47
316.5	5.606143579414225e-47
316.625	5.8898056158147605e-47
316.75	5.918573551894755e-47
316.875	6.52203077914628e-47
317.0	6.1695510913201e-47
317.125	5.5498192493578815e-47
317.25	5.181883128148804e-47
317.375	5.489827626143641e-47
317.5	5.353469300768836e-47
317.625	5.3267722728676e-47
317.75	4.725930846104835e-47
317.875	5.17533381688285e-47
318.0	5.460798975933961e-47
318.125	5.651763860229796e-47
318.25	7.207539831467361e-47
318.375	6.846390313668888e-47
318.5	6.317096151546243e-47
318.625	6.354894952584026e-47
318.75	6.287376042936573e-47
318.875	6.645755614422017e-47
319.0	6.34936311811788e-47
319.125	7.021764588240898e-47
319.25	7.578525667153983e-47
319.375	7.131719739240098e-47
319.5	5.854615465980682e-47
319.625	7.066383697386225e-47
319.75	6.604553813780836e-47
319.875	6.817999106022977e-47
320.0	6.873627357504962e-47
320.125	7.488925482262085e-47
320.25	6.877547277898439e-47
320.375	6.3998499208798435e-47
320.5	6.312920477224321e-47
320.625	6.462760794124803e-47
320.75	6.091336862598289e-47
320.875	6.746712811917375e-47
321.0	6.924619225204211e-47
321.125	6.808354242613503e-47
321.25	6.554090576046245e-47
321.375	7.213453796658914e-47
321.5	6.160639599226564e-47
321.625	5.952428943744194e-47
321.75	6.509696142905343e-47
321.875	6.072770378592325e-47
322.0	6.424311684454414e-47
322.125	6.11090176447405e-47
322.25	5.725207055349602e-47
322.375	5.668036303195043e-47
322.5	6.138454702620681e-47
322.625	5.954861948733504e-47
322.75	5.049332876760964e-47
322.875	6.064040285314704e-47
323.0	7.22450989831169e-47
323.125	6.756413388734025e-47
323.25	6.3099565595052255e-47
323.375	5.60069915267676e-47
323.5	6.342260260379481e-47
323.625	7.17233529270888e-47
323.75	6.39165120452681e-47
323.875	6.2586800637124005e-47
324.0	5.819820189760515e-47
324.125	6.522570584079489e-47
324.25	6.227241682939876e-47
324.375	5.546271072370681e-47
324.5	5.942951357491601e-47
324.625	5.898262425621315e-47
324.75	5.637282697785601e-47
324.875	7.192772568346227e-47
325.0	5.931808676551695e-47
325.125	6.433072054996356e-47
325.25	6.751097742124095e-47
325.375	7.214066679378243e-47
325.5	7.069916919508804e-47
325.625	6.813698816897424e-47
325.75	6.827011258032901e-47
325.875	6.227010154719647e-47
326.0	6.324176796744248e-47
326.125	6.040780166671935e-47
326.25	6.808325858256399e-47
326.375	5.823833616890115e-47
326.5	5.559037472456209e-47
326.625	6.25170450413384e-47
326.75	6.765996563239683e-47
326.875	5.958477034733582e-47
327.0	5.594684855235875e-47
327.125	5.741095173100226e-47
327.25	7.528464046625283e-47
327.375	7.3104432312769e-47
327.5	6.624660919680399e-47
327.625	5.785442295789025e-47
327.75	6.73714757665664e-47
327.875	8.11494454684217e-47
328.0	7.965400779820833e-47
328.125	7.325424027093481e-47
328.25	6.72931743886189e-47
328.375	6.172378774702142e-47
328.5	7.368663889810083e-47
328.625	8.078728264008517e-47
328.75	7.263651585789479e-47
328.875	5.908085103236761e-47
329.0	5.9769754134318e-47
329.125	6.64028224675733e-47
329.25	6.306780344257601e-47
329.375	6.633714966559641e-47
329.5	6.918880458916863e-47
329.625	7.376190282562499e-47
329.75	7.556585322818884e-47
329.875	7.160093382502225e-47
330.0	8.011656822763881e-47
330.125	8.157605577247293e-47
330.25	6.631458896412898e-47
330.375	5.959703511181456e-47
330.5	6.198621221330328e-47
330.625	6.921813190579226e-47
330.75	7.381066593701956e-47
330.875	7.224758942010722e-47
331.0	7.095289597865762e-47
331.125	7.5861016691329e-47
331.25	7.29132247855608e-47
331.375	7.62747715861404e-47
331.5	7.275384927281687e-47
331.625	7.434747693350287e-47
331.75	1.02123211993609e-46
331.875	2.68950422485264e-46
332.0	1.5437326948761602e-46
332.125	7.551533354394482e-47
332.25	7.582837404501119e-47
332.375	7.881233927426595e-47
332.5	7.596169556184048e-47
332.625	7.108134113682001e-47
332.75	7.8879230434404e-47
332.875	6.811874031310084e-47
333.0	6.987852511077375e-47
333.125	6.215686943178385e-47
333.25	7.411425082253956e-47
333.375	8.418589520248384e-47
333.5	8.031067424785729e-47
333.625	6.903332084481847e-47
333.75	6.462362220214762e-47
333.875	7.205255937320841e-47
334.0	7.224192182581505e-47
334.125	7.427378836146564e-47
334.25	7.566307589475625e-47
334.375	7.024739995493283e-47
334.5	6.502509461383322e-47
334.625	6.474301932524207e-47
334.75	6.477137921726223e-47
334.875	5.869334802989056e-47
335.0	5.804834729365154e-47
335.125	5.769297985251025e-47
335.25	6.061010977725024e-47
335.375	5.4672892268544e-47
335.5	5.846357312098575e-47
335.625	6.989428669456809e-47
335.75	7.256946275794944e-47
335.875	6.5551611996025e-47
336.0	5.386122630283264e-47
336.125	5.6092175859841e-47
336.25	6.971395153204161e-47
336.375	6.913340462249999e-47
336.5	6.392857194069025e-47
336.625	5.953598933946623e-47
336.75	7.6380013868356e-47
336.875	7.752579206807823e-47
337.0	6.868400711914225e-47
337.125	6.704992731360401e-47
337.25	5.7756497973084145e-47
337.375	6.204196022024961e-47
337.5	8.625990941221369e-47
337.625	7.374200123624569e-47
337.75	6.899645207194609e-47
337.875	7.874016290807714e-47
338.0	6.464325785862962e-47
338.125	6.017306893975204e-47
338.25	6.447893427098175e-47
338.375	7.737884151979535e-47
338.5	8.448187072560398e-47
338.625	7.1291832704290795e-47
338.75	6.727714620886606e-47
338.875	6.990480432282651e-47
339.0	6.473081687455295e-47
339.125	7.177997573548096e-47
339.25	6.97458368624473e-47
339.375	7.663637306093208e-47
339.5	7.824478973527223e-47
339.625	6.695440270948899e-47
339.75	7.01643332780741e-47
339.875	7.680135099504402e-47
340.0	6.581559625283342e-47
340.125	6.729869528351524e-47
340.25	7.388931801538817e-47
340.375	8.937042439108627e-47
340.5	8.516383167199505e-47
340.625	7.531126284971843e-47
340.75	6.976046760743823e-47
340.875	6.816806995497849e-47
341.0	6.002615025137025e-47
341.125	7.118357309048165e-47
341.25	7.577840213725681e-47
341.375	7.224894770383159e-47
341.5	7.930033938344645e-47
341.625	8.128640773050627e-47
341.75	6.9518225142081e-47
341.875	6.070986582239295e-47
342.0	6.775414494164834e-47
342.125	6.976758893730024e-47
342.25	6.395802608432644e-47
342.375	6.489863008418597e-47
342.5	6.3852644916225e-47
342.625	6.445600297974015e-47
342.75	6.4020625661521e-47
342.875	6.806131860512657e-47
343.0	7.021736432823203e-47
343.125	7.145706700127524e-47
343.25	7.405379896103287e-47
343.375	7.008827929500048e-47
343.5	6.355513097846782e-47
343.625	6.97370297569e-47
343.75	6.848664608842281e-47
343.875	6.7701124405602495e-47
344.0	6.53361483374684e-47
344.125	6.786912884129283e-47
344.25	8.0388331130116e-47
344.375	7.578612722131982e-47
344.5	6.6224212006276e-47
344.625	6.526377311284007e-47
344.75	6.481159359899903e-47
344.875	5.965786191204003e-47
345.0	6.691851714380122e-47
345.125	7.800056406213185e-47
345.25	6.76291150450793e-47
345.375	6.517585264422969e-47
345.5	7.244768353602023e-47
345.625	7.150690408680027e-47
345.75	6.5883425999832355e-47
345.875	6.780334241556225e-47
346.0	5.947379183278008e-47
346.125	5.827567040281007e-47
346.25	7.332453057505535e-47
346.375	7.145115662633795e-47
346.5	6.84240103150325e-47
346.625	6.56438315801616e-47
346.75	7.721647257393215e-47
346.875	8.50855132759248e-47
347.0	7.3248709634115985e-47
347.125	6.927868125921855e-47
347.25	8.360852249788412e-47
347.375	8.165306405547224e-47
347.5	7.773158035215224e-47
347.625	7.921961763192407e-47
347.75	7.73575501176588e-47
347.875	6.334544859741315e-47
348.0	6.168391642513882e-47
348.125	6.39837946259664e-47
348.25	6.190207227736899e-47
348.375	7.7514483501361e-47
348.5	7.232801704974398e-47
348.625	7.119691604410225e-47
348.75	6.915442565539599e-47
348.875	6.497830710829128e-47
349.0	6.159951263417449e-47
349.125	6.515231828924197e-47
349.25	6.9711111065124e-47
349.375	7.040324403902882e-47
349.5	7.313750104857156e-47
349.625	7.187814230636484e-47
349.75	6.981854803560035e-47
349.875	6.618676051720515e-47
350.0	6.6445781699755245e-47
350.125	6.82917126544e-47
350.25	6.829738014088439e-47
350.375	6.87524397990228e-47
350.5	6.559429018051203e-47
350.625	7.139643302888099e-47
350.75	6.390916025672024e-47
350.875	6.262738050076368e-47
351.0	7.571853172828816e-47
351.125	8.21978301419436e-47
351.25	6.806337945284087e-47
351.375	7.500634917714433e-47
351.5	6.6356028938241e-47
351.625	6.337411055348163e-47
351.75	6.847164974769603e-47
351.875	6.216129714414097e-47
352.0	6.350527657279203e-47
352.125	6.851539380248675e-47
352.25	6.877193664749407e-47
352.375	6.307298301087002e-47
352.5	6.871959860371225e-47
352.625	7.1310171366225e-47
352.75	7.057589201472681e-47
352.875	7.071436040932562e-47
353.0	6.362514889359875e-47
353.125	6.4804126110201e-47
353.25	7.08189622092401e-47
353.375	7.205430968736098e-47
353.5	7.71481665037284e-47
353.625	7.173929748494916e-47
353.75	6.383481712129637e-47
353.875	6.903310315890243e-47
354.0	7.255076525967169e-47
354.125	7.612213329503999e-47
354.25	7.524379276512398e-47
354.375	6.998538321909289e-47
354.5	6.071142883816522e-47
354.625	6.062913686301796e-47
354.75	6.483988314982658e-47
354.875	6.479091173811204e-47
355.0	7.3136828859253295e-47
355.125	8.451442980792898e-47
355.25	7.129949111828677e-47
355.375	6.516490913296225e-47
355.5	6.87158085921e-47
355.625	7.1747066292496e-47
355.75	8.307841234969599e-47
355.875	8.238590379755761e-47
356.0	8.357331537707362e-47
356.125	6.7206767867107555e-47
356.25	6.753991412694242e-47
356.375	7.70263958209049e-47
356.5	7.137362926897223e-47
356.625	7.1039376252195995e-47
356.75	5.884003736707599e-47
356.875	6.929175790872241e-47
357.0	6.93535203369512e-47
357.125	5.688723358987876e-47
357.25	6.827204438356201e-47
357.375	8.093165222404441e-47
357.5	8.440479083526397e-47
357.625	7.89192533130708e-47
357.75	7.633757868361641e-47
357.875	7.100264965824898e-47
358.0	7.412387939991073e-47
358.125	8.290580519390625e-47
358.25	6.961362346778839e-47
358.375	7.275896029092769e-47
358.5	7.215115842818245e-47
358.625	6.334728872820098e-47
358.75	6.57534434571901e-47
358.875	7.612392537948676e-47
359.0	7.048242549331344e-47
359.125	6.38096920837896e-47
359.25	6.329538214976024e-47
359.375	7.083055237270322e-47
359.5	6.126893906172481e-47
359.625	5.735675865720025e-47
359.75	6.813160468180641e-47
359.875	6.620717249484099e-47
360.0	7.308854706585602e-47
360.125	8.338464655257635e-47
360.25	7.890852045099024e-47
360.375	8.057683054101605e-47
360.5	7.396437058456679e-47
360.625	7.55562896438064e-47
360.75	7.188078241026227e-47
360.875	5.877237034659602e-47
361.0	6.563669869557441e-47
361.125	6.960005596515902e-47
361.25	7.497359135893264e-47
361.375	7.359870738716721e-47
361.5	7.2607183666028e-47
361.625	8.707075969617796e-47
361.75	7.227837918622866e-47
361.875	7.001940239694408e-47
362.0	6.927722467509482e-47
362.125	6.3011342319398565e-47
362.25	6.801000382639684e-47
362.375	7.358040100602359e-47
362.5	7.7923912343284835e-47
362.625	9.16976137519464e-47
362.75	9.213682129757327e-47
362.875	8.098089232699456e-47
363.0	7.465606113180122e-47
363.125	7.389824769528099e-47
363.25	7.523768790394919e-47
363.375	6.552895700201765e-47
363.5	5.851627765540489e-47
363.625	5.618915696168328e-47
363.75	6.603757244885024e-47
363.875	8.010607108980025e-47
364.0	8.326345691411343e-47
364.125	8.1507907717929e-47
364.25	7.1192354628158445e-47
364.375	6.206194652154024e-47
364.5	6.915260614538117e-47
364.625	6.811060764780801e-47
364.75	5.451605157620196e-47
364.875	5.553875612900241e-47
365.0	6.611047779722498e-47
365.125	7.106872389943823e-47
365.25	5.988568232505598e-47
365.375	7.053661969710724e-47
365.5	7.413381167788034e-47
365.625	6.452032368807934e-47
365.75	6.23235549748236e-47
365.875	7.117548557769228e-47
366.0	7.995483047026226e-47
366.125	8.186017499951767e-47
366.25	7.763420560575625e-47
366.375	7.771377017511395e-47
366.5	6.445010220434039e-47
366.625	7.0674168544849e-47
366.75	7.144926826573559e-47
366.875	6.5644445719876e-47
367.0	6.9057717135467285e-47
367.125	8.323814276803597e-47
367.25	7.778303520585481e-47
367.375	8.257380526216901e-47
367.5	7.8671938200232085e-47
367.625	7.310724703706175e-47
367.75	7.034079946614085e-47
367.875	7.9929141108038e-47
368.0	7.594319346833665e-47
368.125	8.140674775073343e-47
368.25	7.387207050992767e-47
368.375	7.129263314551224e-47
368.5	7.622483786944569e-47
368.625	6.488244020831767e-47
368.75	6.540187219787776e-47
368.875	7.639179001345608e-47
369.0	8.455354760718007e-47
369.125	7.436316725914563e-47
369.25	5.260123373317265e-47
369.375	6.873356087358435e-47
369.5	6.9121134406526405e-47
369.625	7.003585437880328e-47
369.75	7.698303388480575e-47
369.875	7.387338209539878e-47
370.0	7.140247127000289e-47
370.125	7.816038648339768e-47
370.25	7.066853274318083e-47
370.375	6.9932993461506e-47
370.5	7.9858905377161e-47
370.625	7.892465999560704e-47
370.75	7.500546926067202e-47
370.875	7.324348730243282e-47
371.0	6.684121204425622e-47
371.125	7.12707020058853e-47
371.25	6.202519979454239e-47
371.375	5.647692490579162e-47
371.5	6.541497887743729e-47
371.625	6.765402361268354e-47
371.75	8.996684694231024e-47
371.875	8.372609781865156e-47
372.0	7.757672957988408e-47
372.125	6.498908660724481e-47
372.25	6.242380680352644e-47
372.375	6.704121677447399e-47
372.5	5.656759052222039e-47
372.625	6.588303963783424e-47
372.75	7.042629507981377e-47
372.875	7.7387823031818e-47
373.0	6.884530677117185e-47
373.125	6.709222707924024e-47
373.25	6.919127505151849e-47
373.375	6.109255098652175e-47
373.5	6.488918722130624e-47
373.625	7.207525738533902e-47
373.75	8.167522414927715e-47
373.875	7.227085540479291e-47
374.0	6.605590514246656e-47
374.125	6.34822657222608e-47
374.25	6.871424188554913e-47
374.375	7.967127486360288e-47
374.5	6.92943084569921e-47
374.625	7.107997026687843e-47
374.75	6.691499144909056e-47
374.875	7.279139111972641e-47
375.0	7.449788963865602e-47
375.125	6.401833571308683e-47
375.25	6.238336088327046e-47
375.375	5.097691967923129e-47
375.5	5.814825025e-47
375.625	6.302318632476735e-47
375.75	6.351989100200689e-47
375.875	7.224174163600161e-47
376.0	6.48565058173037e-47
376.125	6.617395907474883e-47
376.25	6.849737673712165e-47
376.375	7.800585616213776e-47
376.5	8.10074035691677e-47
376.625	8.023856909568256e-47
376.75	8.050603978124962e-47
376.875	7.7188287276282235e-47
377.0	6.984229542320208e-47
377.125	6.7988217478810255e-47
377.25	6.294585998834329e-47
377.375	6.358937915216602e-47
377.5	6.851850448569025e-47
377.625	7.687287191334976e-47
377.75	7.468278819993617e-47
377.875	7.855452388380101e-47
378.0	7.583263751671969e-47
378.125	8.566526503803023e-47
378.25	7.849615349783022e-47
378.375	7.131278750716199e-47
378.5	6.10313172478685e-47
378.625	7.39550000445065e-47
378.75	7.829261109204544e-47
378.875	6.989848361827966e-47
379.0	7.082308918167023e-47
379.125	7.437916799116165e-47
379.25	6.4689609318822e-47
379.375	6.347968903436164e-47
379.5	6.336075942678782e-47
379.625	6.574295751084961e-47
379.75	7.122303013612645e-47
379.875	6.266770911117722e-47
380.0	6.373693488222225e-47
380.125	6.015870979706113e-47
380.25	6.340968433519204e-47
380.375	7.223987005509684e-47
380.5	6.521366956310362e-47
380.625	7.302423032174656e-47
380.75	7.518766651915683e-47
380.875	8.372110920577599e-47
381.0	8.792255539952784e-47
381.125	7.819995423224643e-47
381.25	7.548512158966275e-47
381.375	7.151059102684223e-47
381.5	5.862976691785929e-47
381.625	6.499886244784384e-47
381.75	6.831314422918754e-47
381.875	6.295842623551717e-47
382.0	6.528361242975624e-47
382.125	8.037025857590524e-47
382.25	8.240921796107527e-47
382.375	6.854358953595135e-47
382.5	6.991191127635648e-47
382.625	7.883440528365082e-47
382.75	7.04235005590152e-47
382.875	7.869055507043808e-47
383.0	7.404599918500224e-47
383.125	6.365850157093285e-47
383.25	6.860400388521157e-47
383.375	7.78891695993528e-47
383.5	7.7281955279443355e-47
383.625	7.582330436190083e-47
383.75	7.314562058695367e-47
383.875	7.393380671952897e-47
384.0	7.950713228899982e-47
384.125	7.4720067181929e-47
384.25	7.966250632361027e-47
384.375	6.183986630635585e-47
384.5	7.714899565919001e-47
384.625	8.054313643405584e-47
384.75	6.457300002584928e-47
384.875	6.86334688021176e-47
385.0	7.636313695088016e-47
385.125	6.630022482502501e-47
385.25	6.646385464484689e-47
385.375	6.5782210314502885e-47
385.5	5.418203028101137e-47
385.625	6.279893013842177e-47
385.75	6.663828158411076e-47
385.875	6.411579152641568e-47
386.0	5.7134473288478e-47
386.125	6.795071718450624e-47
386.25	7.349656218578494e-47
386.375	6.565752320248899e-47
386.5	6.654486824701445e-47
386.625	7.287209346713408e-47
386.75	8.399577327027265e-47
386.875	7.606019981825002e-47
387.0	6.754628343410115e-47
387.125	8.056025187261768e-47
387.25	7.513171550173808e-47
387.375	7.313628324220515e-47
387.5	6.774940050880574e-47
387.625	6.821344970176355e-47
387.75	6.65402919660629e-47
387.875	7.054583831064899e-47
388.0	6.807462143963715e-47
388.125	6.354775376754025e-47
388.25	6.5276374720896155e-47
388.375	5.849912546447839e-47
388.5	7.213227539441284e-47
388.625	7.6301675016889e-47
388.75	7.239893887804356e-47
388.875	7.904937777020089e-47
389.0	7.949960857477809e-47
389.125	8.594228520423842e-47
389.25	9.807827238525624e-47
389.375	8.667833255237601e-47
389.5	8.046668395994178e-47
389.625	8.771395387209982e-47
389.75	7.798773905984887e-47
389.875	7.300459084540176e-47
390.0	7.097293318339225e-47
390.125	7.791679934463048e-47
390.25	7.99809746971889e-47
390.375	7.245483177123218e-47
390.5	7.341832683405023e-47
390.625	8.138030835771222e-47
390.75	8.336478668053762e-47
390.875	6.956644575876004e-47
391.0	6.355068738129225e-47
391.125	5.910819320713609e-47
391.25	5.420334643818084e-47
391.375	5.314372529466046e-47
391.5	7.432084442173444e-47
391.625	7.571701068932484e-47
391.75	6.713161838928769e-47
391.875	7.762191118476805e-47
392.0	7.532672473540901e-47
392.125	6.598474711152014e-47
392.25	6.57370224401364e-47
392.375	7.783519523202049e-47
392.5	7.345849950548354e-47
392.625	7.223496598216336e-47
392.75	8.43303779965433e-47
392.875	7.295414392587203e-47
393.0	6.682698390459528e-47
393.125	6.472716746614415e-47
393.25	6.849137819592325e-47
393.375	7.447678608404356e-47
393.5	6.503218935081446e-47
393.625	6.628066636617721e-47
393.75	7.767008825503225e-47
393.875	7.518802723660901e-47
394.0	6.426496006754039e-47
394.125	7.804212671517025e-47
394.25	7.068907457472025e-47
394.375	5.717474576352255e-47
394.5	5.845830504396962e-47
394.625	7.1638193991438e-47
394.75	8.011748658090385e-47
394.875	7.797323559027023e-47
395.0	7.941889594598397e-47
395.125	8.486688031661282e-47
395.25	7.049944563746703e-47
395.375	7.314623808029475e-47
395.5	8.652130663248897e-47
395.625	7.260271703443983e-47
395.75	6.819860387342914e-47
395.875	7.60021064598097e-47
396.0	7.401688273294225e-47
396.125	7.3687493876164e-47
396.25	8.116330622862397e-47
396.375	8.827979672814241e-47
396.5	7.847760393307395e-47
396.625	8.433827569672127e-47
396.75	8.572357198350627e-47
396.875	7.615238169070223e-47
397.0	8.069398537488563e-47
397.125	8.738312971355136e-47
397.25	8.217611596987847e-47
397.375	7.619001515019665e-47
397.5	6.377914765975105e-47
397.625	6.832421836156224e-47
397.75	7.974665386164324e-47
397.875	7.403316624630783e-47
398.0	7.871578378711054e-47
398.125	8.842819511295288e-47
398.25	7.823820874093225e-47
398.375	7.781751609492169e-47
398.5	7.43196116304533e-47
398.625	6.932226600880037e-47
398.75	7.372396554000921e-47
398.875	8.128257782236203e-47
399.0	9.825112402107023e-47
399.125	9.82377549403152e-47
399.25	8.324648549998145e-47
399.375	7.088681836376101e-47
399.5	7.577641739221802e-47
399.625	8.183624387511769e-47
399.75	8.837950043578382e-47
399.875	8.464867030202943e-47
400.0	8.207651885672463e-47
400.125	7.532630987514362e-47
400.25	6.734262933128026e-47
400.375	7.646887214176323e-47
400.5	8.190557159879809e-47
400.625	7.972340336689367e-47
400.75	7.481059980320643e-47
400.875	8.320787011849104e-47
401.0	7.108718392262656e-47
401.125	7.785926643458402e-47
401.25	7.449201017032516e-47
401.375	7.4808831894258e-47
401.5	7.375219129777216e-47
401.625	7.737025459091769e-47
401.75	7.816577595010921e-47
401.875	8.531113483656727e-47
402.0	8.608622553371569e-47
402.125	7.543831152063362e-47
402.25	8.073350096423332e-47
402.375	8.12925639018732e-47
402.5	7.0602239839693195e-47
402.625	7.165018281037759e-47
402.75	7.451307790037762e-47
402.875	7.489889726134202e-47
403.0	8.1439466872171225e-47
403.125	8.159643672916514e-47
403.25	7.402498210723985e-47
403.375	7.806709930825744e-47
403.5	8.099349493060995e-47
403.625	8.830643188136005e-47
403.75	8.686106724511225e-47
403.875	7.907054859110882e-47
404.0	7.939307185784097e-47
404.125	8.426520486958562e-47
404.25	8.757163059481222e-47
404.375	8.294927941485023e-47
404.5	8.5792164908836e-47
404.625	8.1557507015480225e-47
404.75	6.647016485802168e-47
404.875	7.262035088880627e-47
405.0	8.305056369654723e-47
405.125	8.832328553459964e-47
405.25	8.167062054496401e-47
405.375	7.840112188070463e-47
405.5	7.943027128290243e-47
405.625	8.008088362853929e-47
405.75	7.596930098536899e-47
405.875	8.37173266699193e-47
406.0	9.080794919172025e-47
406.125	7.265639387238399e-47
406.25	6.425176230896811e-47
406.375	7.93061830005236e-47
406.5	8.853104237356098e-47
406.625	7.141018632684302e-47
406.75	6.754528240567969e-47
406.875	6.8766750375184e-47
407.0	7.534688589077055e-47
407.125	7.00314257101796e-47
407.25	8.044700965754048e-47
407.375	1.0364315035878401e-46
407.5	1.02240713302225e-46
407.625	8.203235376897797e-47
407.75	9.384586794601928e-47
407.875	8.774403117742657e-47
408.0	7.232604910146729e-47
408.125	8.051096397321604e-47
408.25	8.22177482004401e-47
408.375	8.031067962483075e-47
408.5	8.496136606760102e-47
408.625	8.379221188543396e-47
408.75	7.570153315930385e-47
408.875	7.2908712887868e-47
409.0	7.548946576086275e-47
409.125	8.38704494341772e-47
409.25	7.884599796782362e-47
409.375	7.805504630420289e-47
409.5	8.546794673663376e-47
409.625	8.5931997104371665e-47
409.75	8.528753561265e-47
409.875	8.542527396530436e-47
410.0	9.344812039170624e-47
410.125	8.905306778692487e-47
410.25	8.3732049212275245e-47
410.375	7.689729019209998e-47
410.5	7.294353257604196e-47
410.625	8.213791099681024e-47
410.75	1.0071501356196899e-46
410.875	9.435663987923715e-47
411.0	8.698761642191104e-47
411.125	8.289822978856227e-47
411.25	7.491867909802928e-47
411.375	7.612526378542848e-47
411.5	9.037899716201158e-47
411.625	8.906274831255844e-47
411.75	8.094821687885528e-47
411.875	7.661696618329924e-47
412.0	7.947704135110609e-47
412.125	8.720946303404051e-47
412.25	8.610037361542368e-47
412.375	6.908212937235601e-47
412.5	5.775317692151121e-47
412.625	6.808143671698576e-47
412.75	7.796956225140622e-47
412.875	8.075934801102024e-47
413.0	7.035836617451237e-47
413.125	6.873026789838401e-47
413.25	7.565759422927873e-47
413.375	8.477312478471684e-47
413.5	8.953191170660415e-47
413.625	9.57451897497984e-47
413.75	9.343765341227714e-47
413.875	8.967524649910226e-47
414.0	7.84198076349168e-47
414.125	8.077108855871166e-47
414.25	8.113593898740101e-47
414.375	6.884892278513e-47
414.5	7.635076359397774e-47
414.625	8.436046286594304e-47
414.75	8.494741510954084e-47
414.875	8.4096340702592475e-47
415.0	8.357349090057444e-47
415.125	7.646022043156226e-47
415.25	6.898505780875535e-47
415.375	7.285802596889568e-47
415.5	9.7415991962116e-47
415.625	9.676494786918976e-47
415.75	8.096116965480621e-47
415.875	7.983760961387236e-47
416.0	8.132178635459649e-47
416.125	8.747847244625331e-47
416.25	8.775818555476921e-47
416.375	7.905453106138224e-47
416.5	7.47437832243317e-47
416.625	7.805768265367079e-47
416.75	7.5138632609468485e-47
416.875	8.502896737589409e-47
417.0	7.882212805457929e-47
417.125	6.662805508520099e-47
417.25	7.870048887183617e-47
417.375	8.780707049252328e-47
417.5	7.226498457686595e-47
417.625	9.630671551920223e-47
417.75	1.06064333952516e-46
417.875	8.562167692848325e-47
418.0	7.814083177673809e-47
418.125	7.108158057671449e-47
418.25	6.3945403648569e-47
418.375	6.730490717626622e-47
418.5	7.351150056367104e-47
418.625	8.338463742105721e-47
418.75	7.018629460662122e-47
418.875	6.438716296358545e-47
419.0	6.468179016500099e-47
419.125	8.9388345520681e-47
419.25	1.0115366832032398e-46
419.375	9.260470028344894e-47
419.5	7.399451582604223e-47
419.625	6.929968107744899e-47
419.75	7.546361978300402e-47
419.875	9.16897004095812e-47
420.0	8.170980503362576e-47
420.125	7.199205334193163e-47
420.25	7.945344155955601e-47
420.375	9.581294683591742e-47
420.5	8.30605429592825e-47
420.625	7.650999150600101e-47
420.75	7.836039851345281e-47
420.875	8.474048092395647e-47
421.0	7.247277285807362e-47
421.125	7.893453926292545e-47
421.25	7.737554109903423e-47
421.375	9.115176790699226e-47
421.5	8.632643832128483e-47
421.625	7.235859597588736e-47
421.75	7.65239296089385e-47
421.875	8.015395823160047e-47
422.0	7.738617975442225e-47
422.125	8.626224990865727e-47
422.25	8.29433012614337e-47
422.375	8.36590787252357e-47
422.5	8.536436328908568e-47
422.625	9.236668086747394e-47
422.75	9.268528653147206e-47
422.875	7.05118107105872e-47
423.0	6.996241114583296e-47
423.125	8.072171642920225e-47
423.25	8.960319844189155e-47
423.375	8.608490616930304e-47
423.5	8.393602494959232e-47
423.625	7.686241764233794e-47
423.75	7.335174280679425e-47
423.875	7.556693114694563e-47
424.0	8.598596039818225e-47
424.125	9.419790461916021e-47
424.25	8.865875474453285e-47
424.375	7.707263894968577e-47
424.5	6.225988293924624e-47
424.625	6.287285014929603e-47
424.75	7.491460757900625e-47
424.875	7.885983465363599e-47
425.0	9.151404977176577e-47
425.125	9.22280976948252e-47
425.25	7.329846034830399e-47
425.375	7.736789903032574e-47
425.5	8.82627893916528e-47
425.625	7.186639383854399e-47
425.75	9.939930879436803e-47
425.875	9.506972293719616e-47
426.0	7.234161992731129e-47
426.125	7.035000192008462e-47
426.25	7.831885561239482e-47
426.375	7.852586678091684e-47
426.5	1.03163145769476e-46
426.625	1.0724507904639999e-46
426.75	9.88664566378177e-47
426.875	9.180208960947649e-47
427.0	8.435607626478096e-47
427.125	8.849216450435078e-47
427.25	7.551950825645523e-47
427.375	6.632830149111721e-47
427.5	9.687592436122623e-47
427.625	9.375674171644223e-47
427.75	9.251513442604944e-47
427.875	7.770235623123599e-47
428.0	8.051540018179874e-47
428.125	8.261883391379409e-47
428.25	8.834583288791296e-47
428.375	8.818288380570564e-47
428.5	7.920424002471695e-47
428.625	9.70604675837144e-47
428.75	1.0278441721022498e-46
428.875	9.727941206866276e-47
429.0	8.175487420233603e-47
429.125	8.200175063013126e-47
429.25	6.91416746206973e-47
429.375	7.012608507859761e-47
429.5	7.774802409025598e-47
429.625	8.958186547403808e-47
429.75	8.588936432545223e-47
429.875	9.651000146166014e-47
430.0	9.332799998790723e-47
430.125	8.918424218633281e-47
430.25	8.921932724496288e-47
430.375	8.4871969279682535e-47
430.5	9.845527397086164e-47
430.625	8.724631517701693e-47
430.75	8.351235770929215e-47
430.875	7.478704612086014e-47
431.0	7.34444389347236e-47
431.125	8.262102085963236e-47
431.25	7.916461472300999e-47
431.375	7.572039911165961e-47
431.5	8.675779028275043e-47
431.625	8.776627776260962e-47
431.75	8.4199568770643295e-47
431.875	9.711322985142028e-47
432.0	1.0216521519776098e-46
432.125	8.672014375569802e-47
432.25	8.244910223014142e-47
432.375	8.92689121887953e-47
432.5	9.265853799083022e-47
432.625	8.837912063428897e-47
432.75	9.342908538673285e-47
432.875	8.864410424396005e-47
433.0	8.843612819035223e-47
433.125	7.2918500228288985e-47
433.25	7.823760726600623e-47
433.375	1.0007975589616898e-46
433.5	8.903396496711723e-47
433.625	7.529287138246226e-47
433.75	9.062298026386608e-47
433.875	1.01487349772649e-46
434.0	8.087463354605624e-47
434.125	8.872872851781183e-47
434.25	1.0291692646080399e-46
434.375	9.395832979731027e-47
434.5	8.338765998120337e-47
434.625	1.0720858788896402e-46
434.75	1.1050685342617598e-46
434.875	1.11476495247049e-46
435.0	8.551634317652208e-47
435.125	9.011293098364559e-47
435.25	9.603520785978026e-47
435.375	1.0703315673648897e-46
435.5	9.209944547023935e-47
435.625	7.59679953286364e-47
435.75	9.691721041078522e-47
435.875	1.07260799909041e-46
436.0	9.207194296423876e-47
436.125	7.686100263545649e-47
436.25	8.816112530952333e-47
436.375	9.807377429097616e-47
436.5	8.598257027343367e-47
436.625	8.156916273659904e-47
436.75	9.089518247271223e-47
436.875	9.207915501757456e-47
437.0	8.276551789509135e-47
437.125	8.9154576197334e-47
437.25	1.0032634582041598e-46
437.375	9.45778209177464e-47
437.5	8.999740668843368e-47
437.625	8.528539861808838e-47
437.75	9.416638553681955e-47
437.875	8.898831673637159e-47
438.0	1.0352350262250002e-46
438.125	9.416112801735649e-47
438.25	9.059638632793956e-47
438.375	8.770048294943294e-47
438.5	7.337656501054884e-47
438.625	8.083060785352337e-47
438.75	1.0454111596622498e-46
438.875	9.5499313140625e-47
439.0	1.0011995595201598e-46
439.125	1.0220051426832898e-46
439.25	9.836157860888836e-47
439.375	9.180700681936728e-47
439.5	8.848081623034564e-47
439.625	8.975982139555598e-47
439.75	9.594794518932485e-47
439.875	9.702124708404496e-47
440.0	1.02747476692249e-46
440.125	1.0341877092800399e-46
440.25	9.937075699353923e-47
440.375	8.5484083525056095e-47
440.5	1.03103655076009e-46
440.625	8.33464154377056e-47
440.75	8.770650652669506e-47
440.875	8.988880351806435e-47
441.0	9.716448646914304e-47
441.125	8.681074505776656e-47
441.25	9.009181457557263e-47
441.375	9.874896141190143e-47
441.5	8.911939814231042e-47
441.625	1.037698755625e-46
441.75	1.0327630462502501e-46
441.875	9.811224415140623e-47
442.0	9.736895941355525e-47
442.125	9.027208505094126e-47
442.25	9.37583587521e-47
442.375	1.07102753110116e-46
442.5	1.04491655517456e-46
442.625	1.0736238154272397e-46
442.75	1.07121920400784e-46
442.875	1.1783604006336102e-46
443.0	1.23065853185025e-46
443.125	1.15352819699049e-46
443.25	1.0998132189120399e-46
443.375	9.337883347660177e-47
443.5	9.689476589949318e-47
443.625	9.82948574180017e-47
443.75	9.842664180880806e-47
443.875	9.06747686289e-47
444.0	1.00676660818176e-46
444.125	8.963532668124226e-47
444.25	9.465091342267405e-47
444.375	9.038774932190785e-47
444.5	1.08365830631881e-46
444.625	1.1582964120672399e-46
444.75	1.12864850221369e-46
444.875	1.11824787676176e-46
445.0	9.948642908637457e-47
445.125	8.698849126999642e-47
445.25	1.1096757883322496e-46
445.375	1.05267702600025e-46
445.5	9.505993186734487e-47
445.625	1.0883526186739597e-46
445.75	1.0603634378602501e-46
445.875	1.0033017208502501e-46
446.0	1.0532001460291598e-46
446.125	1.09004186417049e-46
446.25	1.0235656224816402e-46
446.375	9.237434080088041e-47
446.5	9.818463848538243e-47
446.625	8.7216035665046785e-47
446.75	9.5263417048804e-47
446.875	9.629194858228522e-47
447.0	9.84031998340177e-47
447.125	1.0257812602339599e-46
447.25	1.0384718701593599e-46
447.375	8.961832558305934e-47
447.5	1.0335312704307602e-46
447.625	1.1819399135043601e-46
447.75	1.057341249441e-46
447.875	1.02509894330089e-46
448.0	9.599716897641023e-47
448.125	1.02698685649296e-46
448.25	1.1690602591148096e-46
448.375	9.413916602115602e-47
448.5	8.371611342180099e-47
448.625	9.496907896326402e-47
448.75	8.872051859064899e-47
448.875	9.83053847846118e-47
449.0	8.927979876288143e-47
449.125	7.913959351230968e-47
449.25	8.646193115768464e-47
449.375	9.474379826453475e-47
449.5	8.907825636913283e-47
449.625	8.627867328506597e-47
449.75	1.0633674590484101e-46
449.875	8.892277260472382e-47
450.0	8.850875175228102e-47
450.125	7.696615363886735e-47
450.25	7.465418791049027e-47
450.375	9.556083623779731e-47
450.5	9.693165699423374e-47
450.625	7.639372861092034e-47
450.75	8.315602421505625e-47
450.875	1.0741363604302499e-46
451.0	1.0108768165216899e-46
451.125	1.1083444650643602e-46
451.25	1.0744910476675599e-46
451.375	9.7681399868778e-47
451.5	9.810983126865648e-47
451.625	9.654842282529249e-47
451.75	1.1125138057092898e-46
451.875	1.1805726485305598e-46
452.0	1.1709464697678401e-46
452.125	1.18717956433729e-46
452.25	1.2241373347747602e-46
452.375	1.0198673092710398e-46
452.5	1.06732949594896e-46
452.625	1.1369703122016098e-46
452.75	1.41774243796201e-46
452.875	2.72725341302404e-46
453.0	1.43029927278144e-46
453.125	9.5373076255396e-47
453.25	1.1022706919246398e-46
453.375	1.0755936259288899e-46
453.5	1.0037951940576401e-46
453.625	9.81741374027677e-47
453.75	9.352268025765622e-47
453.875	9.815265939456572e-47
454.0	9.135686270054657e-47
454.125	9.391609541040486e-47
454.25	8.632779112562499e-47
454.375	8.121796263178081e-47
454.5	1.0247604007202499e-46
454.625	9.99681765322357e-47
454.75	1.1290607427852899e-46
454.875	1.06102525169664e-46
455.0	1.0058770095296399e-46
455.125	1.0698213790908898e-46
455.25	1.03481892486025e-46
455.375	8.132710878223933e-47
455.5	9.165586955133185e-47
455.625	1.0190742999624098e-46
455.75	1.2076702225402501e-46
455.875	1.5539452415875602e-46
456.0	1.7975188563696393e-46
456.125	2.1280154562296104e-46
456.25	3.1917094500673602e-46
456.375	4.772129378016161e-46
456.5	5.42611321172361e-46
456.625	5.136903939381209e-46
456.75	5.06057823241441e-46
456.875	3.7947133504057585e-46
457.0	2.5404448474552895e-46
457.125	1.84862419273744e-46
457.25	1.56083944142736e-46
457.375	1.1614541021808399e-46
457.5	1.2254348304409599e-46
457.625	1.2559830591422498e-46
457.75	9.136676704981224e-47
457.875	9.885830142510143e-47
458.0	1.015747512649e-46
458.125	1.01074792531216e-46
458.25	9.69069564905156e-47
458.375	1.05338323794916e-46
458.5	1.119336492169e-46
458.625	9.375665650776441e-47
458.75	9.148241484673598e-47
458.875	7.878749451782399e-47
459.0	7.9567509651868825e-47
459.125	9.479644511533155e-47
459.25	1.03573812202884e-46
459.375	1.11979591725681e-46
459.5	1.17527389410025e-46
459.625	1.02057253270921e-46
459.75	8.685235705830543e-47
459.875	8.257982642674249e-47
460.0	7.950498516762623e-47
460.125	1.0089360746556101e-46
460.25	1.01166019329424e-46
460.375	9.649531521456845e-47
460.5	7.788423270177934e-47
460.625	7.905925239172899e-47
460.75	9.327778493180624e-47
460.875	9.05837522919701e-47
461.0	7.905089279903759e-47
461.125	1.03451661712161e-46
461.25	1.10494176047641e-46
461.375	1.0818980845348897e-46
461.5	1.01789817740836e-46
461.625	1.0169310649e-46
461.75	1.0585158609639999e-46
461.875	9.676346840243776e-47
462.0	1.0647488865688899e-46
462.125	9.367128719109185e-47
462.25	8.746699295964101e-47
462.375	8.605793656851888e-47
462.5	8.86182767407296e-47
462.625	8.688012381602066e-47
462.75	9.944184901245156e-47
462.875	1.0044607635384098e-46
463.0	9.8521106623244e-47
463.125	8.615386438639236e-47
463.25	9.644786319184129e-47
463.375	9.151852111387967e-47
463.5	9.516115268134085e-47
463.625	9.9924354311089e-47
463.75	1.09648354058721e-46
463.875	9.9612815506884e-47
464.0	9.453799299422501e-47
464.125	9.706694040773136e-47
464.25	9.499534801320248e-47
464.375	1.10024869047076e-46
464.5	1.0117806933036099e-46
464.625	9.691458584382437e-47
464.75	8.51326553683488e-47
464.875	8.69304847523736e-47
465.0	1.01103748961296e-46
465.125	1.14157364958025e-46
465.25	1.0313261630892898e-46
465.375	1.0305713471043601e-46
465.5	1.03363435901961e-46
465.625	9.003428715187202e-47
465.75	9.207890168893505e-47
465.875	9.85342368823457e-47
466.0	1.0636939611091599e-46
466.125	1.12055943579904e-46
466.25	1.2681113449202498e-46
466.375	1.1239797240768101e-46
466.5	1.0266435440496399e-46
466.625	9.857761821932642e-47
466.75	1.00636268888169e-46
466.875	9.550760615808048e-47
467.0	9.949424110239998e-47
467.125	1.00194814789696e-46
467.25	1.04595394841721e-46
467.375	1.00233636305625e-46
467.5	1.01500829356644e-46
467.625	1.03205037184144e-46
467.75	9.461833424065935e-47
467.875	8.615202472153221e-47
468.0	9.730819058067396e-47
468.125	1.03661129950921e-46
468.25	1.11831957453969e-46
468.375	1.18988936322025e-46
468.5	1.1754441040409998e-46
468.625	1.2080269649678399e-46
468.75	1.01430922549264e-46
468.875	9.776090814781455e-47
469.0	1.09819375316676e-46
469.125	1.11365260244676e-46
469.25	9.768457048605026e-47
469.375	8.155924276744333e-47
469.5	8.644299674775075e-47
469.625	1.1112971590886399e-46
469.75	9.831353897337856e-47
469.875	9.4065790357504e-47
470.0	9.818938882932479e-47
470.125	1.01979762841009e-46
470.25	1.00642970217409e-46
470.375	1.1298897015912901e-46
470.5	1.08957417963289e-46
470.625	1.04721370355716e-46
470.75	9.50149259536e-47
470.875	9.76121730607013e-47
471.0	1.2046768075372896e-46
471.125	1.16736852897289e-46
471.25	1.1226519240772902e-46
471.375	1.17865937265664e-46
471.5	9.862677104464143e-47
471.625	9.926663750430737e-47
471.75	1.0553572067136398e-46
471.875	1.1028845435256099e-46
472.0	1.0412290170796898e-46
472.125	1.11751643700225e-46
472.25	1.02564716875776e-46
472.375	8.418078097507222e-47
472.5	9.739315422720898e-47
472.625	9.941736713394566e-47
472.75	9.214446209496648e-47
472.875	1.015715261929e-46
473.0	8.99413035233732e-47
473.125	9.089588798242223e-47
473.25	1.07524643009281e-46
473.375	1.09847944220569e-46
473.5	1.1041110781356101e-46
473.625	1.11493874792356e-46
473.75	1.03992799754596e-46
473.875	9.202895477748726e-47
474.0	9.967487269988415e-47
474.125	1.11065272640001e-46
474.25	1.0836322817475598e-46
474.375	8.7661930212025e-47
474.5	8.858668332009e-47
474.625	1.03503479879556e-46
474.75	1.08556686254916e-46
474.875	9.184802638565374e-47
475.0	8.456698431375482e-47
475.125	9.749905742875325e-47
475.25	9.534026170106244e-47
475.375	1.08737615519289e-46
475.5	1.00210330481121e-46
475.625	1.03941368986896e-46
475.75	9.248632355436099e-47
475.875	8.385027356342024e-47
476.0	8.60957787017172e-47
476.125	1.05891611833225e-46
476.25	1.1615937773107597e-46
476.375	1.1818922959116899e-46
476.5	1.0928624144803599e-46
476.625	9.382360179157058e-47
476.75	9.296151113902499e-47
476.875	7.399498721674922e-47
477.0	8.000647739395601e-47
477.125	8.696875696075679e-47
477.25	9.62215013116848e-47
477.375	9.658295807603641e-47
477.5	1.0373807496572102e-46
477.625	9.77879758216681e-47
477.75	9.020543150371597e-47
477.875	8.729115382170225e-47
478.0	9.167536648540516e-47
478.125	8.122380798559504e-47
478.25	8.7846849202225e-47
478.375	9.07115114039328e-47
478.5	8.423890000189505e-47
478.625	9.751147359418404e-47
478.75	8.892678035194009e-47
478.875	9.370252584004222e-47
479.0	1.10234922515524e-46
479.125	9.253177129486095e-47
479.25	8.126737808793239e-47
479.375	8.429724474687963e-47
479.5	1.03321288725264e-46
479.625	1.0628954294112399e-46
479.75	9.7087402650436e-47
479.875	1.05839116898596e-46
480.0	1.0344315883140102e-46
480.125	1.0223654744168102e-46
480.25	9.951808600597505e-47
480.375	1.0162107700998399e-46
480.5	9.775448539073423e-47
480.625	8.040711052080144e-47
480.75	8.622253635800279e-47
480.875	9.7245436888362e-47
481.0	1.02080388938256e-46
481.125	9.4971556211292e-47
481.25	9.588206154616995e-47
481.375	1.02076206138729e-46
481.5	9.51352118487296e-47
481.625	1.02132832754241e-46
481.75	1.0696542392328101e-46
481.875	1.0078852834380101e-46
482.0	9.138337873379713e-47
482.125	9.486558577869156e-47
482.25	8.840100943719722e-47
482.375	7.884847537528894e-47
482.5	8.714469505850327e-47
482.625	9.773627027062338e-47
482.75	1.02897145055329e-46
482.875	9.897365705105024e-47
483.0	9.219273506634305e-47
483.125	1.0253536970062499e-46
483.25	9.80618056239792e-47
483.375	9.670207657281792e-47
483.5	9.37996298334368e-47
483.625	1.09321955249796e-46
483.75	1.0658681367992099e-46
483.875	9.905510467597758e-47
484.0	9.639599480457443e-47
484.125	8.445294418348086e-47
484.25	8.903598234854398e-47
484.375	9.245117298250092e-47
484.5	8.299814003989223e-47
484.625	8.175369153391504e-47
484.75	8.486450355412625e-47
484.875	8.279267632611361e-47
485.0	8.7420140075926435e-47
485.125	9.051480125297288e-47
485.25	8.522282444131678e-47
485.375	9.7997308610881e-47
485.5	1.0257905780942399e-46
485.625	9.465146796908194e-47
485.75	1.117991137201e-46
485.875	1.08658796146209e-46
486.0	1.1170627643616098e-46
486.125	1.17041932862464e-46
486.25	1.08726875219524e-46
486.375	9.7452042342756e-47
486.5	8.628777266828942e-47
486.625	8.751108750064321e-47
486.75	7.996130442577224e-47
486.875	9.363008112719044e-47
487.0	9.960952991321476e-47
487.125	8.8324264813801e-47
487.25	9.43755728976228e-47
487.375	8.341102777211046e-47
487.5	9.194207841690624e-47
487.625	9.055124325945889e-47
487.75	1.0111000329040902e-46
487.875	1.0059195343891598e-46
488.0	1.02059415182916e-46
488.125	9.852591075927962e-47
488.25	1.01627125536784e-46
488.375	9.058059439650243e-47
488.5	8.740378230200101e-47
488.625	9.524570878712463e-47
488.75	1.0102808892052899e-46
488.875	9.72457485060108e-47
489.0	1.09062285137521e-46
489.125	1.0203224141220098e-46
489.25	8.9984746188841e-47
489.375	9.314349379309128e-47
489.5	8.527191419040851e-47
489.625	8.282699239160895e-47
489.75	1.02633331517721e-46
489.875	9.809198319711607e-47
490.0	1.0451355243696899e-46
490.125	9.160488133572722e-47
490.25	8.640248682831845e-47
490.375	9.503928666729022e-47
490.5	1.00833509644921e-46
490.625	9.520050279855025e-47
490.75	1.0170228341002502e-46
490.875	1.0617126195513598e-46
491.0	8.777410989114244e-47
491.125	8.414453992290888e-47
491.25	9.504054816742562e-47
491.375	8.724684385428358e-47
491.5	7.987282529073603e-47
491.625	7.860600210320677e-47
491.75	9.16218994421024e-47
491.875	1.0093595986272101e-46
492.0	9.959846788137025e-47
492.125	9.530016811458022e-47
492.25	1.0162456497180098e-46
492.375	1.02319273859401e-46
492.5	1.07520039040969e-46
492.625	9.918368276910023e-47
492.75	9.210170842033226e-47
492.875	1.0900214008728098e-46
493.0	9.225236745225216e-47
493.125	8.4703068544329015e-47
493.25	8.774498475877848e-47
493.375	8.714311556127526e-47
493.5	9.781458438377537e-47
493.625	1.1376809976136902e-46
493.75	9.912599012465294e-47
493.875	8.942311324802022e-47
494.0	9.117209151510083e-47
494.125	8.305506932778915e-47
494.25	8.258166753295937e-47
494.375	9.436027285094655e-47
494.5	8.882010889625242e-47
494.625	6.642770958214417e-47
494.75	7.794274773336098e-47
494.875	9.403727430861124e-47
495.0	9.266049976584975e-47
495.125	9.676298443039679e-47
495.25	9.429321208414864e-47
495.375	7.773002335695424e-47
495.5	8.513401908537604e-47
495.625	9.429845775256447e-47
495.75	1.0288992278008898e-46
495.875	1.06709251220289e-46
496.0	1.0938766882873599e-46
496.125	1.1189575533024097e-46
496.25	1.0988060493602499e-46
496.375	9.801272845898884e-47
496.5	1.0319242010668899e-46
496.625	9.082118971223106e-47
496.75	9.664028544135678e-47
496.875	9.153163347131556e-47
497.0	1.0602209267020899e-46
497.125	1.13895746118025e-46
497.25	9.9881437163714e-47
497.375	8.992130343000333e-47
497.5	9.800674490702735e-47
497.625	1.0142171759722499e-46
497.75	7.915032606327958e-47
497.875	8.650665896209933e-47
498.0	9.212620149936022e-47
498.125	1.18691328648025e-46
498.25	1.19111510647684e-46
498.375	1.0389678012252898e-46
498.5	9.231987855898755e-47
498.625	8.340411243525902e-47
498.75	9.359457260626943e-47
498.875	1.04523694084489e-46
499.0	9.596437653265282e-47
499.125	1.01583680950129e-46
499.25	1.0414833178548099e-46
499.375	1.0521480866032899e-46
499.5	9.171343379971158e-47
499.625	9.498906548727557e-47
499.75	1.1204902067304099e-46
499.875	1.14580711160644e-46
500.0	3.4956064536468106e-46
500.125	5.18147294596801e-46
500.25	4.7150561307240006e-46
500.375	1.22175462996601e-46
500.5	9.44240671817021e-47
500.625	1.00872374338576e-46
500.75	1.04483498428089e-46
500.875	1.1011049915602501e-46
501.0	2.7124261860802487e-46
501.125	7.35979005718489e-46
501.25	8.08978024766521e-46
501.375	2.8977231528999997e-46
501.5	3.803960307472517e-45
501.625	1.0518087982752903e-44
501.75	4.6681964422884013e-45
501.875	9.547142741994008e-46
502.0	1.1194899055402499e-46
502.125	1.08746208141025e-46
502.25	1.11157548024384e-46
502.375	1.20234097847161e-46
502.5	1.26784176983104e-46
502.625	2.3915706980761603e-46
502.75	3.8187968039456396e-46
502.875	4.169783653595043e-45
503.0	2.0298125462820098e-44
503.125	8.589820403888658e-45
503.25	7.42938488582404e-46
503.375	1.04472377495929e-46
503.5	8.969655269893694e-47
503.625	8.603521190708222e-47
503.75	8.0236734590016e-47
503.875	1.03232041540489e-46
504.0	1.08602951783076e-46
504.125	1.0554143256889602e-46
504.25	1.1090320366148099e-46
504.375	9.700688837805624e-47
504.5	1.0236253144896902e-46
504.625	9.4697325821276e-47
504.75	1.9903721588302496e-46
504.875	4.500517007940839e-46
505.0	1.8476948588403597e-46
505.125	9.469470229307208e-47
505.25	1.0959625500532899e-46
505.375	1.14376501143025e-46
505.5	6.57720342231481e-46
505.625	4.1789906347827677e-45
505.75	5.313360874982417e-45
505.875	5.792210666081439e-46
506.0	1.27840130702881e-46
506.125	1.0277908455200399e-46
506.25	1.0987884390072099e-46
506.375	1.1485723981960898e-46
506.5	1.1276955372860098e-46
506.625	9.635601160565605e-47
506.75	2.317105017616e-46
506.875	2.1923976367181163e-45
507.0	1.666557009192196e-45
507.125	8.219127650984409e-46
507.25	1.7444890552605607e-45
507.375	7.333189491793936e-45
507.5	2.7479926936900002e-45
507.625	9.937204293267728e-47
507.75	1.1062041460537599e-46
507.875	2.4207762661633596e-46
508.0	8.950065455555997e-46
508.125	2.8608454763443835e-45
508.25	2.5698880234479687e-45
508.375	2.9601106152078393e-46
508.5	6.80739028632576e-46
508.625	1.089313786600516e-45
508.75	2.17141974404644e-46
508.875	9.864765526968675e-47
509.0	1.0434851317254398e-46
509.125	1.11036524787769e-46
509.25	9.90189997774068e-47
509.375	1.04710625618041e-46
509.5	9.701218732405226e-47
509.625	9.423315657127695e-47
509.75	9.501826939609227e-47
509.875	9.418610690923729e-47
510.0	8.157015259910416e-47
510.125	9.956301443687825e-47
510.25	1.23467743452816e-46
510.375	1.17860574162321e-46
510.5	1.1115185480816399e-46
510.625	9.910876863171769e-47
510.75	8.915673657894025e-47
510.875	8.38372308690493e-47
511.0	8.360641212917762e-47
511.125	8.360641578663938e-47
511.25	8.108301926132099e-47
511.375	8.627796177736763e-47
511.5	9.36792410631337e-47
511.625	9.135135541877407e-47
511.75	1.0852380621057602e-46
511.875	1.1191122101609998e-46
512.0	9.643010802561891e-47
512.125	9.162019756033599e-47
512.25	8.95418150461237e-47
512.375	1.0014080953344399e-46
512.5	8.43303853430693e-47
512.625	9.10563805430009e-47
512.75	1.0056088428002501e-46
512.875	1.024449646801e-46
513.0	1.0988104519705601e-46
513.125	1.0051568311400098e-46
513.25	1.04686211530384e-46
513.375	1.036963402596e-46
513.5	1.0365964347024401e-46
513.625	1.0594078490451599e-46
513.75	1.00913556989476e-46
513.875	1.01040653402404e-46
514.0	9.98478399257988e-47
514.125	9.424556494824026e-47
514.25	8.445022769208022e-47
514.375	9.508627978693637e-47
514.5	9.874723233776164e-47
514.625	1.0488539320144898e-46
514.75	9.69986782524065e-47
514.875	9.851718994942275e-47
515.0	9.882005337292177e-47
515.125	8.998601162955849e-47
515.25	9.507617974210224e-47
515.375	9.48537287990864e-47
515.5	9.895950474905664e-47
515.625	9.442696098743296e-47
515.75	8.871627436926487e-47
515.875	9.345181510089439e-47
516.0	9.044329919229123e-47
516.125	9.763663521807503e-47
516.25	1.0515286292164898e-46
516.375	1.07272337559696e-46
516.5	9.76973325432552e-47
516.625	9.916859928898623e-47
516.75	1.09441161956569e-46
516.875	1.1040532867123602e-46
517.0	9.99084989406912e-47
517.125	8.612782873806401e-47
517.25	1.0233365832009999e-46
517.375	1.02666441678025e-46
517.5	9.341583201281955e-47
517.625	9.269234541674497e-47
517.75	9.176655968778496e-47
517.875	9.537755300290622e-47
518.0	9.224988558614417e-47
518.125	1.0097092536804099e-46
518.25	1.0166793763470399e-46
518.375	9.8479325505625e-47
518.5	1.0301425836483599e-46
518.625	9.979982427619043e-47
518.75	8.876951062010328e-47
518.875	9.1092383558289e-47
519.0	1.12141809628209e-46
519.125	1.01544296532561e-46
519.25	9.42994676721557e-47
519.375	8.048736367562499e-47
519.5	8.063170041064337e-47
519.625	1.0093417155999999e-46
519.75	9.421773218140757e-47
519.875	8.896362190839839e-47
520.0	9.460429258208644e-47
520.125	1.11218558932441e-46
520.25	1.080743209744e-46
520.375	9.898291339884649e-47
520.5	9.699311770487057e-47
520.625	9.828633917044088e-47
520.75	9.932507267661224e-47
520.875	1.01597751544041e-46
521.0	9.317973715241103e-47
521.125	9.080336183476804e-47
521.25	7.595757662478734e-47
521.375	8.705929206413759e-47
521.5	1.112577724944e-46
521.625	1.106988058225e-46
521.75	1.12574391771664e-46
521.875	1.0689303931028098e-46
522.0	1.04186748110481e-46
522.125	1.13124623632036e-46
522.25	9.942467388934083e-47
522.375	8.649882778524516e-47
522.5	1.0141851509697598e-46
522.625	9.67889258573777e-47
522.75	1.1538444114122499e-46
522.875	1.11747140386704e-46
523.0	1.15456249933249e-46
523.125	1.1412691632040001e-46
523.25	1.0609758093542399e-46
523.375	9.887978291162592e-47
523.5	7.913232916973315e-47
523.625	9.324318723750142e-47
523.75	1.0703197733187598e-46
523.875	1.0490876528000398e-46
524.0	1.0408784349902498e-46
524.125	1.0715156477121597e-46
524.25	9.493937399438243e-47
524.375	8.492331885514802e-47
524.5	8.93602923170833e-47
524.625	9.659293341143616e-47
524.75	9.9017328045174e-47
524.875	1.04212226816721e-46
525.0	9.493793972954405e-47
525.125	9.636825071998223e-47
525.25	9.62926668839593e-47
525.375	1.0374766963559999e-46
525.5	9.311176564935843e-47
525.625	1.05384863398369e-46
525.75	1.0643887955408402e-46
525.875	1.00134505198729e-46
526.0	1.1381520663324098e-46
526.125	1.1503727264484899e-46
526.25	1.1743701449089596e-46
526.375	1.00691170181001e-46
526.5	1.19280538362969e-46
526.625	1.21495021260484e-46
526.75	1.00381463093025e-46
526.875	8.566202932718656e-47
527.0	8.996413233131778e-47
527.125	1.1058692902502399e-46
527.25	1.1537962890308099e-46
527.375	1.1494747447873598e-46
527.5	1.1091044914840899e-46
527.625	1.01424678444324e-46
527.75	1.0023677999622398e-46
527.875	9.930669785340515e-47
528.0	1.1141484363432897e-46
528.125	1.1111957492092899e-46
528.25	8.830517642655556e-47
528.375	8.24671781649648e-47
528.5	1.0075375503868901e-46
528.625	1.2455718434936099e-46
528.75	1.1819531770228899e-46
528.875	1.22273812947001e-46
529.0	1.1500368269652901e-46
529.125	1.09981196044864e-46
529.25	1.04543610767649e-46
529.375	1.08367163102025e-46
529.5	9.349210203046594e-47
529.625	1.02103810157449e-46
529.75	1.1424411775801597e-46
529.875	1.05392295905625e-46
530.0	1.0591188482249999e-46
530.125	1.03515098532169e-46
530.25	1.2083281379040399e-46
530.375	1.0452596375443599e-46
530.5	9.736594982762595e-47
530.625	1.0941408949416098e-46
530.75	1.017709721856e-46
530.875	8.811045603808901e-47
531.0	1.0698379283020902e-46
531.125	1.06254843384001e-46
531.25	9.659737382985369e-47
531.375	9.077255883833956e-47
531.5	1.1111641254532899e-46
531.625	1.14431884976656e-46
531.75	1.1315898053964102e-46
531.875	1.109611531161e-46
532.0	1.0551158036568898e-46
532.125	1.06400689735041e-46
532.25	1.0733117472577601e-46
532.375	1.08559811993616e-46
532.5	1.20881097224836e-46
532.625	1.15289654239204e-46
532.75	1.05560356902049e-46
532.875	1.0349845414956099e-46
533.0	1.0010842937639998e-46
533.125	1.0375915937817601e-46
533.25	9.146798619376608e-47
533.375	9.231721707258801e-47
533.5	9.423274692043806e-47
533.625	1.1571907299840002e-46
533.75	1.11442605863044e-46
533.875	1.0884554847064899e-46
534.0	1.0076570015694401e-46
534.125	1.14176533656964e-46
534.25	1.24894437681924e-46
534.375	1.17076208670976e-46
534.5	1.13451171611716e-46
534.625	1.0368799025289998e-46
534.75	1.2528947238528394e-46
534.875	1.31286382732729e-46
535.0	1.174214966544e-46
535.125	9.981615457561223e-47
535.25	9.842384211681678e-47
535.375	1.09872177252049e-46
535.5	1.1932376982576398e-46
535.625	1.0010932986622498e-46
535.75	9.664217488789505e-47
535.875	1.0783173425043599e-46
536.0	1.13407739580249e-46
536.125	1.1977242739548099e-46
536.25	1.13557028066596e-46
536.375	1.10789981565124e-46
536.5	1.19570375910976e-46
536.625	1.24993831044096e-46
536.75	1.140045217441e-46
536.875	1.00364832150625e-46
537.0	1.0589169415616102e-46
537.125	1.2474618125428899e-46
537.25	1.13796452321764e-46
537.375	1.06650873950481e-46
537.5	1.1626795634864399e-46
537.625	1.0765625031700898e-46
537.75	1.05761787243025e-46
537.875	1.02569254011904e-46
538.0	9.749165787282494e-47
538.125	9.48830521651662e-47
538.25	1.15156850605456e-46
538.375	1.2268623820992398e-46
538.5	1.1007438398995602e-46
538.625	9.888599392624969e-47
538.75	9.054090173798288e-47
538.875	1.07140778879689e-46
539.0	1.2742808744402502e-46
539.125	1.1951848486740098e-46
539.25	9.838351589056226e-47
539.375	1.08579505182201e-46
539.5	1.13073767968225e-46
539.625	1.1197601502438398e-46
539.75	1.0238980987622502e-46
539.875	1.04407585308009e-46
540.0	1.1647455950624399e-46
540.125	1.26238123109476e-46
540.25	1.1670699121620096e-46
540.375	1.11072607731801e-46
540.5	1.16125042433689e-46
540.625	1.15130131676641e-46
540.75	1.09866936318049e-46
540.875	1.09134669136516e-46
541.0	1.03747649264281e-46
541.125	1.00256984891281e-46
541.25	1.1406240000000002e-46
541.375	8.808164868126978e-47
541.5	8.854982768442723e-47
541.625	9.38922027224412e-47
541.75	1.0077945297660902e-46
541.875	1.0529655571092099e-46
542.0	1.03445925280569e-46
542.125	1.0675053396022497e-46
542.25	1.1402923033180898e-46
542.375	1.161340299025e-46
542.5	1.1295480912040001e-46
542.625	9.794796256007568e-47
542.75	9.2779450219681e-47
542.875	9.968247246032101e-47
543.0	1.3222686301203599e-46
543.125	1.22750312367076e-46
543.25	1.067917626801e-46
543.375	9.791329690517904e-47
543.5	1.12751756482369e-46
543.625	1.0660256882190397e-46
543.75	9.841494328941635e-47
543.875	1.01050464292996e-46
544.0	1.10347587585316e-46
544.125	1.20385837314304e-46
544.25	1.04602922188249e-46
544.375	1.07324482221009e-46
544.5	1.00132904129449e-46
544.625	1.08572690511684e-46
544.75	1.0468625245689999e-46
544.875	1.00161124850809e-46
545.0	9.660199716279229e-47
545.125	1.16479265013136e-46
545.25	1.2248550557848902e-46
545.375	1.0965522334632098e-46
545.5	9.260677119337744e-47
545.625	8.628088956675049e-47
545.75	1.0819971084428101e-46
545.875	9.604417484536899e-47
546.0	1.125723122001e-46
546.125	1.2173774711128901e-46
546.25	1.0531599172016398e-46
546.375	1.0578599729382402e-46
546.5	9.705142963619855e-47
546.625	1.08951739620025e-46
546.75	1.0816033280025599e-46
546.875	1.0873920054048099e-46
547.0	1.2405664787718398e-46
547.125	1.0976660702593599e-46
547.25	1.0228019207668898e-46
547.375	1.147270205449e-46
547.5	1.0973119777075598e-46
547.625	1.0292098442000399e-46
547.75	1.12164239740644e-46
547.875	1.1513197722184899e-46
548.0	1.0535688092249998e-46
548.125	1.16891602736164e-46
548.25	9.957853901168208e-47
548.375	1.0566651665408399e-46
548.5	1.0541707966752398e-46
548.625	1.0053711931239998e-46
548.75	1.0147213846224398e-46
548.875	1.20637030613121e-46
549.0	1.2179334014400396e-46
549.125	1.2422943722227599e-46
549.25	1.1830079736468901e-46
549.375	1.16751979663489e-46
549.5	1.14750714654976e-46
549.625	1.15734908256256e-46
549.75	1.0922087187264097e-46
549.875	1.05361294639225e-46
550.0	9.82814734656217e-47
550.125	9.336419612522499e-47
550.25	8.564759339620221e-47
550.375	1.08393606000625e-46
550.5	1.2625230280202499e-46
550.625	1.21291257059361e-46
550.75	1.21797555933249e-46
550.875	1.2530279274012896e-46
551.0	1.2474939794212896e-46
551.125	1.15755715194289e-46
551.25	1.27079897712784e-46
551.375	1.3885018880784096e-46
551.5	1.2179263384090002e-46
551.625	1.137531035601e-46
551.75	1.0853249455944901e-46
551.875	1.14608458225156e-46
552.0	1.0571627491296402e-46
552.125	9.867344479602066e-47
552.25	1.09287433207969e-46
552.375	1.1722029115622401e-46
552.5	1.21173356047129e-46
552.625	1.19801452798225e-46
552.75	1.2032345833202499e-46
552.875	1.0690104177561599e-46
553.0	9.899904340017168e-47
553.125	1.22583116619076e-46
553.25	1.3815689212825599e-46
553.375	1.0688685673209998e-46
553.5	1.0367108761e-46
553.625	1.39612137114564e-46
553.75	1.3841578972057599e-46
553.875	1.4038209440702498e-46
554.0	1.20581416635849e-46
554.125	9.762043479726915e-47
554.25	1.2182861375999998e-46
554.375	1.3427078197572899e-46
554.5	1.1557428230030398e-46
554.625	9.701307574886656e-47
554.75	9.970120353240098e-47
554.875	1.0996812939176098e-46
555.0	1.10106490730896e-46
555.125	1.09882533705169e-46
555.25	1.0021411449e-46
555.375	1.0506098300547599e-46
555.5	1.28269079452836e-46
555.625	1.0838461088884899e-46
555.75	1.2891790305680402e-46
555.875	1.34012087696881e-46
556.0	1.22374237919521e-46
556.125	1.1403358717980099e-46
556.25	9.661943394184223e-47
556.375	1.02121756791961e-46
556.5	1.25593150717225e-46
556.625	1.15869271819081e-46
556.75	9.675001993881745e-47
556.875	9.27206510498297e-47
557.0	1.11700569184801e-46
557.125	1.0149939874548098e-46
557.25	1.0927932100562498e-46
557.375	1.1118348563216402e-46
557.5	1.1380409040999999e-46
557.625	9.85393907580608e-47
557.75	9.015484649408837e-47
557.875	1.1023977323716899e-46
558.0	1.0329014640697598e-46
558.125	1.1310335262003598e-46
558.25	1.1877538412174402e-46
558.375	1.27666881246529e-46
558.5	1.1011937671328398e-46
558.625	1.1089168298214398e-46
558.75	1.2871394877708898e-46
558.875	1.25548618703104e-46
559.0	1.1702525118804098e-46
559.125	1.4135992490214399e-46
559.25	1.3209281873089599e-46
559.375	1.447555484736e-46
559.5	1.54641113088484e-46
559.625	1.4799333189300099e-46
559.75	1.26527289949225e-46
559.875	1.2851469049062402e-46
560.0	1.1591080405134397e-46
560.125	1.2676069002802499e-46
560.25	1.20853568328964e-46
560.375	1.2170325888639998e-46
560.5	1.36597562750016e-46
560.625	1.4311513952947599e-46
560.75	1.3769832596704902e-46
560.875	1.4314703486164896e-46
561.0	1.28033004237889e-46
561.125	1.2986407530726401e-46
561.25	1.19107210640625e-46
561.375	1.122474561961e-46
561.5	1.4136903239664102e-46
561.625	1.3051367085056398e-46
561.75	1.4092322888988104e-46
561.875	1.54398045341401e-46
562.0	1.293735630625e-46
562.125	1.4464670847105599e-46
562.25	1.44033409937664e-46
562.375	1.44441529934689e-46
562.5	1.6617764896208098e-46
562.625	1.5417145889639997e-46
562.75	1.2969877500036902e-46
562.875	1.27509286584001e-46
563.0	1.3603088737998397e-46
563.125	1.37587926524944e-46
563.25	1.28134068615424e-46
563.375	1.0708255272489999e-46
563.5	1.22851398307225e-46
563.625	1.47327960964129e-46
563.75	1.3615879306409999e-46
563.875	1.3767760363209997e-46
564.0	1.3903098249960002e-46
564.125	1.3756784586062399e-46
564.25	1.3392900547289998e-46
564.375	1.18355143183225e-46
564.5	1.1556499401345602e-46
564.625	1.3323590864179597e-46
564.75	1.3932825438012099e-46
564.875	1.34510959668996e-46
565.0	1.74472423857601e-46
565.125	1.5759129121036899e-46
565.25	1.50486575686209e-46
565.375	1.3592715108839998e-46
565.5	1.3632241416696098e-46
565.625	1.4408698913337599e-46
565.75	1.51376678211529e-46
565.875	1.38435320349316e-46
566.0	1.2454959531204098e-46
566.125	1.1179837357562502e-46
566.25	1.36457932873441e-46
566.375	1.3673284393152399e-46
566.5	1.14981785377936e-46
566.625	1.22069484832036e-46
566.75	1.52922803510416e-46
566.875	1.61799010560576e-46
567.0	1.2462580866964898e-46
567.125	1.2256050919702498e-46
567.25	1.26525445212609e-46
567.375	1.4473471076947604e-46
567.5	1.4942893863676898e-46
567.625	1.277903637136e-46
567.75	1.18708085064976e-46
567.875	1.2426060290617598e-46
568.0	1.26753011639296e-46
568.125	1.27667401e-46
568.25	1.4984117516736894e-46
568.375	1.3992826924038398e-46
568.5	1.2756496222515596e-46
568.625	1.8463431469644094e-46
568.75	1.53607344308649e-46
568.875	1.3521482593248103e-46
569.0	1.4246601914356897e-46
569.125	1.34429230187044e-46
569.25	1.502002215844e-46
569.375	1.63754609528896e-46
569.5	1.50771655345921e-46
569.625	1.32663817208484e-46
569.75	1.5280255353688902e-46
569.875	1.700551618704e-46
570.0	1.72221081629809e-46
570.125	1.59531374308329e-46
570.25	1.556133997401e-46
570.375	1.6227085991936401e-46
570.5	1.65742219076281e-46
570.625	1.51104400757209e-46
570.75	1.7195609291920895e-46
570.875	1.5112994555406398e-46
571.0	1.4397410516424098e-46
571.125	1.7936419900686393e-46
571.25	1.87728279751609e-46
571.375	1.4298565659092098e-46
571.5	1.23576883512196e-46
571.625	1.5650643012400894e-46
571.75	1.6063851420562498e-46
571.875	1.4704433840185598e-46
572.0	1.6523457100959996e-46
572.125	1.4586412216608399e-46
572.25	1.49589631107856e-46
572.375	1.4519305295366396e-46
572.5	1.67180581407889e-46
572.625	1.5974813800080102e-46
572.75	1.6137248434300904e-46
572.875	1.79721184556169e-46
573.0	1.82003897137924e-46
573.125	1.8818453913336902e-46
573.25	1.59789672950436e-46
573.375	1.6636789706342395e-46
573.5	1.6878673732202496e-46
573.625	1.5150156010840899e-46
573.75	1.79897141305476e-46
573.875	1.8574658811654397e-46
574.0	1.64740998511609e-46
574.125	1.6933317204486402e-46
574.25	1.59232144913284e-46
574.375	1.5659749298766397e-46
574.5	1.4993466173796102e-46
574.625	1.4498334505540896e-46
574.75	1.67124522352225e-46
574.875	1.57000849880004e-46
575.0	1.6071791598684902e-46
575.125	1.49635426293136e-46
575.25	1.57263437982784e-46
575.375	1.247966031376e-46
575.5	1.5694076175999994e-46
575.625	1.6222176923016098e-46
575.75	1.41124135866624e-46
575.875	1.59404588555809e-46
576.0	1.5588626193536405e-46
576.125	1.42323754722304e-46
576.25	1.5042914568193598e-46
576.375	1.7631603934402502e-46
576.5	2.004628390801e-46
576.625	1.8882283100352404e-46
576.75	1.6240859294536899e-46
576.875	1.46519694939024e-46
577.0	1.4888560709316096e-46
577.125	1.47798776191504e-46
577.25	1.26337487600025e-46
577.375	1.5182618843772904e-46
577.5	1.4993659641959999e-46
577.625	1.60835203854724e-46
577.75	1.4642735191408898e-46
577.875	1.6851949802803596e-46
578.0	1.83250314852004e-46
578.125	1.5380211328320396e-46
578.25	1.229291082756e-46
578.375	1.5107504780508097e-46
578.5	1.3977727568953596e-46
578.625	1.3194324308902498e-46
578.75	1.3583811591152099e-46
578.875	1.2051626444009998e-46
579.0	1.2155344741638398e-46
579.125	1.3120669279340099e-46
579.25	1.40031935253081e-46
579.375	1.36026711976401e-46
579.5	1.3453243981134401e-46
579.625	1.3536580197176099e-46
579.75	1.33827161320161e-46
579.875	1.2635553967680401e-46
580.0	1.40024574907204e-46
580.125	1.34599605313849e-46
580.25	1.3630100173920399e-46
580.375	1.4937655068090001e-46
580.5	1.5126731965008401e-46
580.625	1.3828243001602502e-46
580.75	1.4629463713382401e-46
580.875	1.4245666154144099e-46
581.0	1.3687186560062499e-46
581.125	1.1952322959822399e-46
581.25	1.2807442109800902e-46
581.375	1.54373145240601e-46
581.5	1.5718133369120398e-46
581.625	1.5625135000291598e-46
581.75	1.3603832862120898e-46
581.875	1.4451723162702396e-46
582.0	1.2332346811209999e-46
582.125	1.2603731096995598e-46
582.25	1.26053590114881e-46
582.375	1.29776160260356e-46
582.5	1.26990068006169e-46
582.625	1.460034805761e-46
582.75	1.65634120091664e-46
582.875	1.41951640607716e-46
583.0	1.4298857427508901e-46
583.125	1.2823379132929602e-46
583.25	1.2705956208489999e-46
583.375	1.4212206687801601e-46
583.5	1.4184967212435599e-46
583.625	1.34169618751921e-46
583.75	1.343478037225e-46
583.875	1.4308382191522498e-46
584.0	1.4663989337401597e-46
584.125	1.2126291065913601e-46
584.25	1.1593696736440902e-46
584.375	1.09155292003081e-46
584.5	1.1525561950408899e-46
584.625	1.23350032965636e-46
584.75	1.392860238025e-46
584.875	1.3067445965184898e-46
585.0	1.44561762811456e-46
585.125	1.45297614170916e-46
585.25	1.44630616905009e-46
585.375	1.5076927324659596e-46
585.5	1.5347478358803598e-46
585.625	1.3878762562585597e-46
585.75	1.56521417765904e-46
585.875	1.37216812025764e-46
586.0	1.3599366090342398e-46
586.125	1.42780130476096e-46
586.25	1.47184744608784e-46
586.375	1.6138783023020099e-46
586.5	1.6794501160959996e-46
586.625	1.3178863208592897e-46
586.75	1.2599694322689598e-46
586.875	1.4466104491014397e-46
587.0	1.38866096949316e-46
587.125	1.35712504484041e-46
587.25	1.5707230405680097e-46
587.375	1.45405830532356e-46
587.5	1.5668943352922498e-46
587.625	1.63984748756409e-46
587.75	1.4154815055480096e-46
587.875	1.3860209269772098e-46
588.0	1.48131001544464e-46
588.125	1.51342599371044e-46
588.25	1.34193087262276e-46
588.375	1.3606611260864399e-46
588.5	1.5834422058009999e-46
588.625	1.4778722702772898e-46
588.75	1.45415573910244e-46
588.875	1.41935652005625e-46
589.0	1.2896003058724898e-46
589.125	1.68100611791044e-46
589.25	2.0924114312889994e-46
589.375	1.89305568074896e-46
589.5	1.5027670638759999e-46
589.625	1.5894529923720098e-46
589.75	1.6774360581856896e-46
589.875	1.5658778235801594e-46
590.0	1.63133895222544e-46
590.125	1.35750857581089e-46
590.25	1.5932308840562496e-46
590.375	1.49100510691584e-46
590.5	1.3717651896864401e-46
590.625	1.3436481962905599e-46
590.75	1.5823114036801597e-46
590.875	1.4225363910216899e-46
591.0	1.28063805974784e-46
591.125	1.3823965279129598e-46
591.25	1.35887957095801e-46
591.375	1.3305638649004899e-46
591.5	1.2915981552249998e-46
591.625	1.33925232776449e-46
591.75	1.51377317995401e-46
591.875	1.4101450875220898e-46
592.0	1.2091865767520398e-46
592.125	1.40048549992521e-46
592.25	1.3432724234136897e-46
592.375	1.2449094431760099e-46
592.5	1.25632153530625e-46
592.625	1.5909541256980899e-46
592.75	1.7758089009870394e-46
592.875	1.3447486946889997e-46
593.0	1.3029587833728399e-46
593.125	1.2586757654118401e-46
593.25	1.3236757912232098e-46
593.375	1.3555923942608098e-46
593.5	1.4598098254308098e-46
593.625	1.53367691357241e-46
593.75	1.32713256975376e-46
593.875	1.29693672985969e-46
594.0	1.25611216784881e-46
594.125	1.0743082033345598e-46
594.25	1.3005726019022497e-46
594.375	1.5048490733844102e-46
594.5	1.5031988477100098e-46
594.625	1.28594329923136e-46
594.75	1.190320276324e-46
594.875	1.3665532846108898e-46
595.0	1.2929557021404098e-46
595.125	1.4227126777350402e-46
595.25	1.3765854890880398e-46
595.375	1.29879642425625e-46
595.5	1.3742821318848399e-46
595.625	1.4730810407302504e-46
595.75	1.23925075322896e-46
595.875	1.17123367746025e-46
596.0	1.1358633482072098e-46
596.125	1.266635451601e-46
596.25	1.23609879528004e-46
596.375	1.0152438551676099e-46
596.5	1.1144043120622498e-46
596.625	1.2337166899839999e-46
596.75	1.33966596467236e-46
596.875	1.4778406628260902e-46
597.0	1.32181836785296e-46
597.125	1.279129332196e-46
597.25	1.4477198388712904e-46
597.375	1.6040027459592899e-46
597.5	1.21721263645696e-46
597.625	1.16401938394729e-46
597.75	1.4727895230931596e-46
597.875	1.35381253269025e-46
598.0	1.37727288218529e-46
598.125	1.366352925921e-46
598.25	1.5298946456988098e-46
598.375	1.46776011463225e-46
598.5	1.7497662410412899e-46
598.625	1.8077246187722503e-46
598.75	1.51567590615841e-46
598.875	1.4464391824e-46
599.0	4.03460853732225e-46
599.125	1.8780825679224997e-45
599.25	9.082273169760999e-46
599.375	1.254314234857401e-45
599.5	1.163113305175809e-45
599.625	1.8635517953280893e-46
599.75	1.38544552545025e-46
599.875	1.18269888038416e-46
600.0	1.116181685025e-46
600.125	1.30934719614241e-46
600.25	1.4884854012249998e-46
600.375	1.38877881345316e-46
600.5	1.15013784904704e-46
600.625	1.1563526745145597e-46
600.75	1.1125625360486399e-46
600.875	1.0918454763788099e-46
601.0	1.2248778545639999e-46
601.125	1.32284180208196e-46
601.25	1.24890705053401e-46
601.375	1.19461468004649e-46
601.5	1.2474662801400901e-46
601.625	1.2128105902182396e-46
601.75	1.0520321808704399e-46
601.875	1.15734305808144e-46
602.0	1.4836453152800399e-46
602.125	1.4283677465635604e-46
602.25	1.23871067948644e-46
602.375	1.36271886338025e-46
602.5	1.3901237670320098e-46
602.625	1.32457518342361e-46
602.75	1.3982646263097599e-46
602.875	1.49460038398225e-46
603.0	1.2039569041500899e-46
603.125	1.0793067688296099e-46
603.25	1.0068187844929598e-46
603.375	1.10853060427684e-46
603.5	1.19351189491209e-46
603.625	1.32135185930049e-46
603.75	1.37280191855569e-46
603.875	1.2635614668062499e-46
604.0	1.4674078282292104e-46
604.125	1.2916177028409598e-46
604.25	1.37761276980625e-46
604.375	4.2492223650416405e-46
604.5	7.443916094986807e-46
604.625	2.20671114130009e-46
604.75	1.387547355364e-46
604.875	1.19118626565904e-46
605.0	1.07909463650704e-46
605.125	1.23362961044544e-46
605.25	1.1358831715952398e-46
605.375	1.17716966565025e-46
605.5	1.1890456540956898e-46
605.625	1.09715715873729e-46
605.75	1.28268014849209e-46
605.875	1.56280401478656e-46
606.0	1.4342057604388894e-46
606.125	1.3095385245904902e-46
606.25	1.35349327764729e-46
606.375	1.3212799015363599e-46
606.5	1.81494137344576e-46
606.625	8.203805473057959e-46
606.75	4.78157598244225e-46
606.875	1.24707762911169e-46
607.0	1.2526704206017599e-46
607.125	1.6100757414337602e-46
607.25	1.4364703256065597e-46
607.375	1.4332344453772898e-46
607.5	1.40690817251856e-46
607.625	1.3902275240568097e-46
607.75	1.2256265692320398e-46
607.875	1.1556621952992901e-46
608.0	1.3599664629759998e-46
608.125	1.26569295091204e-46
608.25	1.27752700095076e-46
608.375	1.2952240378568096e-46
608.5	1.3213937014572097e-46
608.625	1.4463749600008897e-46
608.75	1.5484748647552899e-46
608.875	1.47778693093476e-46
609.0	1.6356307391568396e-46
609.125	1.37146677809296e-46
609.25	1.17794728675584e-46
609.375	1.237019981796e-46
609.5	1.24228657015681e-46
609.625	1.25103307831681e-46
609.75	1.1736253389320098e-46
609.875	1.20447222774025e-46
610.0	1.2933311939078398e-46
610.125	1.3032795568012897e-46
610.25	1.2025352884428898e-46
610.375	1.35735198797025e-46
610.5	1.34692829564176e-46
610.625	1.28982243991225e-46
610.75	1.3973091073308898e-46
610.875	1.414091992336e-46
611.0	1.3155711492722496e-46
611.125	1.53608955512464e-46
611.25	1.2990369010090001e-46
611.375	1.1366365885185599e-46
611.5	1.2982056981768899e-46
611.625	1.7070695054716897e-46
611.75	1.6682039531460906e-46
611.875	1.3363420112067602e-46
612.0	1.3450279488115601e-46
612.125	1.08091516443849e-46
612.25	1.23226961383696e-46
612.375	1.33254539349649e-46
612.5	1.13919930595584e-46
612.625	1.07253902471716e-46
612.75	1.2701211110122502e-46
612.875	1.2213865827649598e-46
613.0	1.34381604766864e-46
613.125	1.3395754544400897e-46
613.25	1.21071686614564e-46
613.375	1.4428288279196093e-46
613.5	1.28986968561049e-46
613.625	1.3920356398393599e-46
613.75	1.34920699798369e-46
613.875	1.13019968277225e-46
614.0	1.39025181319236e-46
614.125	1.48116104727616e-46
614.25	1.26097268324416e-46
614.375	9.608112128076483e-47
614.5	9.768577232948769e-47
614.625	1.2019638075492098e-46
614.75	1.27838253807364e-46
614.875	1.25396794121041e-46
615.0	1.38774549228121e-46
615.125	1.4254428173448096e-46
615.25	1.3863491759488899e-46
615.375	1.19877403913316e-46
615.5	1.20524651770384e-46
615.625	1.34208216619929e-46
615.75	1.3172065674944398e-46
615.875	1.4791609262977599e-46
616.0	1.4629033126291598e-46
616.125	1.33600401742096e-46
616.25	1.30934078825449e-46
616.375	1.4201984651526396e-46
616.5	1.2484638714702399e-46
616.625	1.35695752917904e-46
616.75	1.3492425417609998e-46
616.875	1.42697192121649e-46
617.0	1.46591410960036e-46
617.125	1.56877954658649e-46
617.25	1.41530780882241e-46
617.375	1.1353139042232099e-46
617.5	1.1677791354268902e-46
617.625	1.21917195558544e-46
617.75	1.3187858114559997e-46
617.875	1.3614390419718402e-46
618.0	1.4371219195200398e-46
618.125	1.3572667073204098e-46
618.25	1.3187977546766402e-46
618.375	1.26072969281284e-46
618.5	1.3509894096484899e-46
618.625	1.42429784016025e-46
618.75	1.33380463510116e-46
618.875	1.3455299369120399e-46
619.0	1.33644166048849e-46
619.125	1.3014018240999999e-46
619.25	1.2161839409332899e-46
619.375	1.26432595850625e-46
619.5	1.495075989289e-46
619.625	1.69616084458276e-46
619.75	1.7455741963232396e-46
619.875	1.4102854529593598e-46
620.0	1.08966332425636e-46
620.125	8.832625346274303e-47
620.25	9.62723199653468e-47
620.375	1.47471829864804e-46
620.5	1.54571954693809e-46
620.625	1.4940070226976396e-46
620.75	1.42191363057604e-46
620.875	1.3380076360398398e-46
621.0	1.3595011985522499e-46
621.125	1.3987710111122498e-46
621.25	1.53148569853041e-46
621.375	1.3723560185759997e-46
621.5	1.26221539946896e-46
621.625	1.3469946812009997e-46
621.75	1.29336531154884e-46
621.875	1.3018294273107598e-46
622.0	1.1755011325480899e-46
622.125	1.37700860629201e-46
622.25	1.31462207695809e-46
622.375	1.2621257470696898e-46
622.5	1.2826726736419598e-46
622.625	1.2841247887792902e-46
622.75	1.25133732769761e-46
622.875	1.26632552190769e-46
623.0	1.4509811756622398e-46
623.125	1.3308088797276098e-46
623.25	1.5354468742922501e-46
623.375	1.6284304443400898e-46
623.5	1.38728680682596e-46
623.625	1.3315292893448098e-46
623.75	1.4236548875340097e-46
623.875	1.36539785880576e-46
624.0	1.2934895035622402e-46
624.125	1.2655892252528098e-46
624.25	1.1383515745473602e-46
624.375	1.18406106442849e-46
624.5	1.3066494898912902e-46
624.625	1.3702617504912398e-46
624.75	1.40515253411569e-46
624.875	1.4104225000664094e-46
625.0	1.3962685993716104e-46
625.125	1.34130030428304e-46
625.25	1.32945442858809e-46
625.375	1.19091233629449e-46
625.5	1.18889408864164e-46
625.625	1.4540334650556101e-46
625.75	1.3566213641328098e-46
625.875	1.36482839012569e-46
626.0	1.30741409876841e-46
626.125	1.4849445278889999e-46
626.25	1.39062537380484e-46
626.375	1.13346663380721e-46
626.5	1.3810134823240899e-46
626.625	1.5747459003654395e-46
626.75	1.51565349971344e-46
626.875	1.3755102708622499e-46
627.0	1.3865441657592096e-46
627.125	1.23741796397041e-46
627.25	1.396904156649e-46
627.375	1.2742255618559997e-46
627.5	1.2782247033959999e-46
627.625	1.4634108651110398e-46
627.75	1.3768760084929597e-46
627.875	1.28041354967296e-46
628.0	1.44487972699225e-46
628.125	1.48728293367241e-46
628.25	1.3186298655192098e-46
628.375	1.4556545563260097e-46
628.5	1.33469844997225e-46
628.625	1.3529921324876098e-46
628.75	1.1758890932096399e-46
628.875	1.3455935040078399e-46
629.0	1.3278750303571597e-46
629.125	1.16015367307849e-46
629.25	1.2760065523411597e-46
629.375	1.50072814677241e-46
629.5	1.3029151794996099e-46
629.625	1.2078711172176098e-46
629.75	1.36571898214404e-46
629.875	1.4966689008096398e-46
630.0	1.351724793769e-46
630.125	1.25277719719009e-46
630.25	1.38033220552516e-46
630.375	1.3422478343376399e-46
630.5	1.2110465461953599e-46
630.625	1.4424230984846396e-46
630.75	1.53279231598801e-46
630.875	1.2389150299033598e-46
631.0	1.37896710301249e-46
631.125	1.3017020973465598e-46
631.25	1.00212052296409e-46
631.375	1.08076649664064e-46
631.5	1.26751075190884e-46
631.625	1.4358919740264097e-46
631.75	1.42106402463921e-46
631.875	1.29521766462169e-46
632.0	1.1118723945529599e-46
632.125	1.17369879052644e-46
632.25	1.29012728074129e-46
632.375	1.25569236469824e-46
632.5	1.19123494325641e-46
632.625	1.24931878807849e-46
632.75	1.1361711631168898e-46
632.875	1.2071678392016099e-46
633.0	1.4285295735632098e-46
633.125	1.5091056180835602e-46
633.25	1.5100111263900101e-46
633.375	1.29409940470801e-46
633.5	1.1325829387494399e-46
633.625	1.05995199387609e-46
633.75	1.25931668037184e-46
633.875	1.2530742704639998e-46
634.0	1.41190740581641e-46
634.125	1.4558792162432399e-46
634.25	1.3597609905264097e-46
634.375	1.4493720798616897e-46
634.5	1.26659020895521e-46
634.625	1.22582806610944e-46
634.75	1.5846267853441598e-46
634.875	1.6911821666611598e-46
635.0	1.49911226142976e-46
635.125	1.4087698284392099e-46
635.25	1.5168457032884099e-46
635.375	1.2035399853640899e-46
635.5	1.35911272293801e-46
635.625	1.42937662567716e-46
635.75	1.42281692819721e-46
635.875	1.50823476802441e-46
636.0	1.5726173248321599e-46
636.125	1.5629945391248404e-46
636.25	1.2979520827289999e-46
636.375	1.2488659252128898e-46
636.5	1.2960827470096902e-46
636.625	1.26267045133321e-46
636.75	1.2452457544736398e-46
636.875	1.4194882883598397e-46
637.0	1.5442856437104099e-46
637.125	1.4926962758402499e-46
637.25	1.36113428898756e-46
637.375	1.25014671552016e-46
637.5	1.35364312736689e-46
637.625	1.2792401712249999e-46
637.75	1.2793874362200098e-46
637.875	1.3092384930241597e-46
638.0	1.35701740493881e-46
638.125	1.3526980960802497e-46
638.25	1.4870926911888099e-46
638.375	1.4613642591609997e-46
638.5	1.4342100717420097e-46
638.625	1.3825260989956898e-46
638.75	1.0478515427744398e-46
638.875	1.0389429305102499e-46
639.0	9.910007382960399e-47
639.125	1.20869707093776e-46
639.25	1.40124204483649e-46
639.375	1.4525390984968897e-46
639.5	1.44400069488964e-46
639.625	1.3738034071609602e-46
639.75	1.42527734496004e-46
639.875	1.5407775279363597e-46
640.0	1.6250885242681602e-46
640.125	1.55201639420025e-46
640.25	1.63988180689369e-46
640.375	1.5790641683072398e-46
640.5	1.5266398969852899e-46
640.625	1.5103117119667598e-46
640.75	1.59991154835121e-46
640.875	1.5100681444128901e-46
641.0	1.3349789694864099e-46
641.125	1.3983123990067598e-46
641.25	1.35918104025664e-46
641.375	1.5199230676225596e-46
641.5	1.4101624250067601e-46
641.625	1.3648550265540096e-46
641.75	1.48000533809209e-46
641.875	1.1196270342504898e-46
642.0	1.5039014564995599e-46
642.125	1.57653763800625e-46
642.25	1.3190079182724896e-46
642.375	1.2892158184449598e-46
642.5	1.3509178116420098e-46
642.625	1.30041910502464e-46
642.75	1.3133969088460897e-46
642.875	1.3118174597159999e-46
643.0	1.40754662096049e-46
643.125	1.5444203545584099e-46
643.25	1.29668460486436e-46
643.375	1.2124874971260099e-46
643.5	1.2029952471699599e-46
643.625	1.2974588226602499e-46
643.75	1.2849471647360098e-46
643.875	1.4710451468222498e-46
644.0	1.249259996209e-46
644.125	1.1161288609e-46
644.25	1.51755863879929e-46
644.375	1.39874735728225e-46
644.5	1.2032889911920899e-46
644.625	1.5002496834702401e-46
644.75	1.5157615938712906e-46
644.875	1.457993460676e-46
645.0	1.4214395558739596e-46
645.125	1.54459310123556e-46
645.25	1.57891639464036e-46
645.375	1.3536328889232899e-46
645.5	1.43177067098244e-46
645.625	1.33494962216004e-46
645.75	1.4793285244522499e-46
645.875	1.4227288995239999e-46
646.0	1.23935628839044e-46
646.125	1.3152062044353598e-46
646.25	1.3882902650032898e-46
646.375	1.20076076473929e-46
646.5	1.2979090184156097e-46
646.625	1.28005532486209e-46
646.75	1.359357787225e-46
646.875	1.2881993491276898e-46
647.0	1.3756861997122497e-46
647.125	1.3671479010009996e-46
647.25	1.3762300082608899e-46
647.375	1.3321667905420899e-46
647.5	1.3869949555562499e-46
647.625	1.3711133639702499e-46
647.75	1.2231798158451597e-46
647.875	1.2179486311704097e-46
648.0	1.2061003470759998e-46
648.125	1.4549524550388096e-46
648.25	1.28129744552481e-46
648.375	1.36609250496016e-46
648.5	1.60158364526161e-46
648.625	1.45596705791716e-46
648.75	1.6727839696822499e-46
648.875	1.42088188005625e-46
649.0	1.4006812446144398e-46
649.125	1.40100459651216e-46
649.25	1.4345650579288894e-46
649.375	1.49829252706576e-46
649.5	1.5509123139496894e-46
649.625	1.4366592198918396e-46
649.75	1.52715121977616e-46
649.875	1.5387499429249598e-46
650.0	1.5420642596814402e-46
650.125	1.4524554578979602e-46
650.25	1.37937696217344e-46
650.375	1.5066509323404099e-46
650.5	1.22702609648641e-46
650.625	1.29499688722849e-46
650.75	1.43696847719044e-46
650.875	1.4859112652161597e-46
651.0	1.2678564076756899e-46
651.125	1.23768829020736e-46
651.25	1.26057048165169e-46
651.375	1.5854403389632899e-46
651.5	1.80945434947216e-46
651.625	1.4329538406602502e-46
651.75	1.3596359887764902e-46
651.875	1.291545877444e-46
652.0	1.67727727548676e-46
652.125	1.86031541078244e-46
652.25	1.49958123656121e-46
652.375	1.1856803432102498e-46
652.5	1.3684325079200399e-46
652.625	1.47770256654241e-46
652.75	1.49703006561124e-46
652.875	1.6349366162329598e-46
653.0	1.5401877278490002e-46
653.125	1.5782610464899599e-46
653.25	1.80822104834121e-46
653.375	1.75445786904025e-46
653.5	1.3331254067102501e-46
653.625	1.6005172283402499e-46
653.75	1.54545946585801e-46
653.875	1.6231249219686405e-46
654.0	1.5432317714534401e-46
654.125	1.4217218926560401e-46
654.25	1.5330478622016096e-46
654.375	1.8347366211002496e-46
654.5	1.52817486391969e-46
654.625	1.5736337633593598e-46
654.75	1.633296780025e-46
654.875	1.518509069284e-46
655.0	1.32595109850025e-46
655.125	1.26931340837161e-46
655.25	1.4008495439100098e-46
655.375	1.3829959920722498e-46
655.5	1.5701854273561603e-46
655.625	1.5449612454460898e-46
655.75	1.40525756174736e-46
655.875	1.4716754197516895e-46
656.0	1.4590528492387596e-46
656.125	1.19890192515844e-46
656.25	1.3507492848627599e-46
656.375	1.39320157132816e-46
656.5	1.41539774908401e-46
656.625	1.32715330605796e-46
656.75	1.136701410244e-46
656.875	1.36206452245504e-46
657.0	1.36559020107409e-46
657.125	1.28153222148484e-46
657.25	1.2025190587924898e-46
657.375	1.5193809078448897e-46
657.5	1.542566484001e-46
657.625	1.4365585386510402e-46
657.75	1.5209230747004101e-46
657.875	1.4138684398440002e-46
658.0	1.14960340465936e-46
658.125	1.4346695021736098e-46
658.25	1.4123045425776402e-46
658.375	1.38196553024209e-46
658.5	1.2730793941872399e-46
658.625	1.37353454204521e-46
658.75	1.54012592452761e-46
658.875	1.69355841115041e-46
659.0	1.56535004846025e-46
659.125	1.3960658376352897e-46
659.25	1.5228525003288096e-46
659.375	1.5691385362867601e-46
659.5	1.4998472258062496e-46
659.625	1.4038114654502502e-46
659.75	1.26394570741156e-46
659.875	1.4297044685062496e-46
660.0	1.52169667189849e-46
660.125	1.409109069481e-46
660.25	1.35145786549284e-46
660.375	1.44254392254025e-46
660.5	1.26733670336025e-46
660.625	1.30715066758761e-46
660.75	1.2618941036083598e-46
660.875	1.4785954438200098e-46
661.0	1.55579246405881e-46
661.125	1.26764585604484e-46
661.25	1.13367850784356e-46
661.375	1.3127446665504902e-46
661.5	1.48638256009441e-46
661.625	1.5469013762760098e-46
661.75	1.4365261775728902e-46
661.875	1.5628972752492096e-46
662.0	1.6908887968272404e-46
662.125	1.6575040709928102e-46
662.25	1.3929336471212098e-46
662.375	1.3085280290628098e-46
662.5	1.50973956825316e-46
662.625	1.5964436215202499e-46
662.75	1.4787975457872399e-46
662.875	1.6315801038222398e-46
663.0	1.4342955805926399e-46
663.125	1.49455930697089e-46
663.25	1.4346982489632099e-46
663.375	1.41992700412761e-46
663.5	1.5287359001043599e-46
663.625	1.5405608079648899e-46
663.75	1.31029527856969e-46
663.875	1.3225984418318399e-46
664.0	1.342778041089e-46
664.125	1.0573381646302499e-46
664.25	1.3557397985337598e-46
664.375	1.4277869659201597e-46
664.5	1.3661927898062501e-46
664.625	1.43193867380496e-46
664.75	1.5264985507402498e-46
664.875	1.3166906138179597e-46
665.0	1.35227896335009e-46
665.125	1.5530483368249604e-46
665.25	1.5429095437488094e-46
665.375	1.5157204733160002e-46
665.5	1.47519656018289e-46
665.625	1.40030657237025e-46
665.75	1.5634774028028095e-46
665.875	1.60139786983225e-46
666.0	1.5793187673902498e-46
666.125	1.3717347380366396e-46
666.25	1.2783011321520398e-46
666.375	1.4377012381472398e-46
666.5	1.5992559037656097e-46
666.625	1.5321528009625599e-46
666.75	1.36441719403929e-46
666.875	1.512663849216e-46
667.0	1.59133128580804e-46
667.125	1.5156946193602501e-46
667.25	1.3580473815384098e-46
667.375	1.37353618281616e-46
667.5	1.2169723553260898e-46
667.625	1.26593956954404e-46
667.75	1.3172267670249999e-46
667.875	1.32906404478016e-46
668.0	1.28773881188164e-46
668.125	1.164141734116e-46
668.25	1.2713629137372902e-46
668.375	1.49257361370649e-46
668.5	1.2733294395610001e-46
668.625	1.48267103544004e-46
668.75	1.5711058170937599e-46
668.875	1.33584197126769e-46
669.0	1.2948539609722498e-46
669.125	1.53240012370225e-46
669.25	1.65414452436025e-46
669.375	1.6299889347840398e-46
669.5	1.64461311117009e-46
669.625	2.0185592617520093e-46
669.75	1.5233950322292098e-46
669.875	1.4625610426232099e-46
670.0	1.4812786146684098e-46
670.125	1.5614029426332104e-46
670.25	1.32756391824016e-46
670.375	1.3771508333284903e-46
670.5	1.35666678940816e-46
670.625	1.2874197298830401e-46
670.75	1.1003995314004898e-46
670.875	1.1563591265539598e-46
671.0	1.3321143905907602e-46
671.125	1.50744593840481e-46
671.25	1.7050232798371604e-46
671.375	1.7772950549952902e-46
671.5	1.6698105607322498e-46
671.625	1.5760482421377598e-46
671.75	1.5608184526598401e-46
671.875	1.4845684969836901e-46
672.0	1.4217734030659598e-46
672.125	1.26565132513689e-46
672.25	1.08061472048644e-46
672.375	1.3884580539122498e-46
672.5	1.4272395150436898e-46
672.625	1.759656902224359e-46
672.75	1.7271652717155601e-46
672.875	1.5532100995622497e-46
673.0	1.6038398791840002e-46
673.125	1.73536175395969e-46
673.25	1.65316694862916e-46
673.375	1.5113828065656097e-46
673.5	1.4327168324822504e-46
673.625	1.6322857789683597e-46
673.75	1.5952089110496403e-46
673.875	1.5506647469976101e-46
674.0	1.4447720269768897e-46
674.125	1.46578359372025e-46
674.25	1.40042822292961e-46
674.375	1.3704640344912399e-46
674.5	1.4478955131960898e-46
674.625	1.46966595588484e-46
674.75	1.47100536507001e-46
674.875	1.7076705707736899e-46
675.0	1.6589056178220097e-46
675.125	1.4927551652289595e-46
675.25	1.32820669296225e-46
675.375	1.4364437183992902e-46
675.5	1.4712222306602502e-46
675.625	1.4983463856441599e-46
675.75	1.5590154449091599e-46
675.875	1.5838869375604897e-46
676.0	1.7176204606320397e-46
676.125	1.8678702567002494e-46
676.25	1.5432660582627599e-46
676.375	1.4025897023760401e-46
676.5	1.6198253619969599e-46
676.625	1.6093355574968102e-46
676.75	1.7009485952976397e-46
676.875	1.734038615241e-46
677.0	1.6691213662470401e-46
677.125	1.4824099828147602e-46
677.25	1.75325802334225e-46
677.375	1.72025416295716e-46
677.5	1.4732638304486394e-46
677.625	1.5753997652904897e-46
677.75	1.5326108217795604e-46
677.875	1.58776254416025e-46
678.0	1.66728188554929e-46
678.125	1.81505319256881e-46
678.25	1.8230881074368402e-46
678.375	1.7079923148432397e-46
678.5	1.5691999168644097e-46
678.625	1.72106298107041e-46
678.75	1.5215365586336404e-46
678.875	1.3972596968947597e-46
679.0	1.8953805366752404e-46
679.125	1.81149499354041e-46
679.25	1.93239691540624e-46
679.375	1.9255317258060898e-46
679.5	1.93943697818689e-46
679.625	1.796221813824e-46
679.75	1.49020175293924e-46
679.875	1.39334486824009e-46
680.0	1.647313209529e-46
680.125	1.7191906322768097e-46
680.25	1.6784327012835601e-46
680.375	1.63023177410809e-46
680.5	1.64684246380096e-46
680.625	1.60750245127824e-46
680.75	1.5685721379022497e-46
680.875	1.64461516305025e-46
681.0	1.7425430909376397e-46
681.125	1.8645801453136905e-46
681.25	1.7304402734439996e-46
681.375	2.022374098404e-46
681.5	1.84161890031876e-46
681.625	2.02227796545124e-46
681.75	1.8400157441952403e-46
681.875	1.43348394806761e-46
682.0	1.78181170796304e-46
682.125	1.69673862395664e-46
682.25	1.8257238744422504e-46
682.375	2.0111085799873602e-46
682.5	2.0723695585852898e-46
682.625	2.14796049670084e-46
682.75	2.0754640667384097e-46
682.875	1.91488112953929e-46
683.0	1.81608047297209e-46
683.125	1.7286727441000004e-46
683.25	1.6029436266908101e-46
683.375	1.7551904268959993e-46
683.5	1.77090753927025e-46
683.625	1.7521091519907593e-46
683.75	1.894253989761e-46
683.875	1.7089932868540895e-46
684.0	1.8347271394409997e-46
684.125	1.7324145554288397e-46
684.25	1.92690156538944e-46
684.375	1.8297448056163597e-46
684.5	1.6815040246752401e-46
684.625	1.8231901853313597e-46
684.75	1.8490383626422498e-46
684.875	1.752073148281e-46
685.0	1.6571639465574404e-46
685.125	1.948472599129e-46
685.25	1.9523927956802503e-46
685.375	1.79141333528161e-46
685.5	1.6299138650886398e-46
685.625	1.65178145187225e-46
685.75	1.87045421367025e-46
685.875	2.0097096907492897e-46
686.0	1.56933821546329e-46
686.125	1.49881622038225e-46
686.25	1.71324957661456e-46
686.375	1.7873545516320397e-46
686.5	1.5368226182822499e-46
686.625	1.6897293508368097e-46
686.75	1.6268737197081602e-46
686.875	1.91941517655616e-46
687.0	2.06929289491369e-46
687.125	1.8469992348922497e-46
687.25	1.6964786371123598e-46
687.375	1.4952997578002494e-46
687.5	1.79484539129856e-46
687.625	2.02985414817025e-46
687.75	1.6310727865171597e-46
687.875	1.7435081841480897e-46
688.0	1.83632284107801e-46
688.125	2.0582576366364094e-46
688.25	2.01964003651216e-46
688.375	1.82747571149056e-46
688.5	1.7368319434766399e-46
688.625	1.6495754721639999e-46
688.75	1.6075658455632394e-46
688.875	2.00032680310681e-46
689.0	1.9856673665964103e-46
689.125	1.819959376045689e-46
689.25	2.3924052462960395e-46
689.375	2.61055079525601e-46
689.5	2.2843674428737596e-46
689.625	1.7854940436864402e-46
689.75	1.67728634118081e-46
689.875	1.6836100515999997e-46
690.0	1.71782544149056e-46
690.125	1.89128918332225e-46
690.25	1.8013773597159995e-46
690.375	1.7960272174083595e-46
690.5	2.227224628843209e-46
690.625	2.5998356948803597e-46
690.75	1.9965398923060903e-46
690.875	1.95280110238756e-46
691.0	2.31700820645284e-46
691.125	2.0316611071322502e-46
691.25	2.0316953160002497e-46
691.375	2.02352588054761e-46
691.5	2.00974428137025e-46
691.625	1.9262966663388096e-46
691.75	1.9297488357160004e-46
691.875	1.775916043225e-46
692.0	2.2457201371852896e-46
692.125	2.28721341143296e-46
692.25	1.86390155540484e-46
692.375	2.2543052575033596e-46
692.5	2.42106815887524e-46
692.625	2.19213371892736e-46
692.75	1.7780358315860098e-46
692.875	1.6331158195296398e-46
693.0	2.0620678544960397e-46
693.125	2.3484820775856397e-46
693.25	2.22158249940676e-46
693.375	2.00746505598016e-46
693.5	2.24511595331521e-46
693.625	2.2406045288520102e-46
693.75	1.79367734694976e-46
693.875	1.7218767132089996e-46
694.0	2.523958157809e-46
694.125	2.61724998458889e-46
694.25	2.5759039844212895e-46
694.375	2.78325758877604e-46
694.5	2.43199783178496e-46
694.625	2.2487509733889597e-46
694.75	2.14416511849024e-46
694.875	1.88383640485264e-46
695.0	2.22310664527396e-46
695.125	2.57047405159204e-46
695.25	2.3605876455361594e-46
695.375	2.38702716300049e-46
695.5	2.4772742173088096e-46
695.625	2.2193699600250007e-46
695.75	1.9912517521358396e-46
695.875	2.3006033670759998e-46
696.0	2.4003239829444095e-46
696.125	2.6683578604188096e-46
696.25	2.23282370628496e-46
696.375	2.1657796236174397e-46
696.5	2.0231179261322502e-46
696.625	1.77129347910025e-46
696.75	1.8217195135788103e-46
696.875	2.0676636787312903e-46
697.0	2.01156297629764e-46
697.125	2.02620449339361e-46
697.25	2.04111311283009e-46
697.375	2.03495018068224e-46
697.5	2.0535560649475603e-46
697.625	2.0719048905676894e-46
697.75	1.9961035849260898e-46
697.875	2.0180946999315597e-46
698.0	2.113659468649e-46
698.125	2.2051522356002502e-46
698.25	2.5308902654798403e-46
698.375	2.27290932021241e-46
698.5	2.1901220648172095e-46
698.625	2.35389421868836e-46
698.75	1.96358956198596e-46
698.875	2.3159105458945597e-46
699.0	2.08105263629316e-46
699.125	2.02335006251401e-46
699.25	2.1652139549155597e-46
699.375	2.28301492903201e-46
699.5	2.3282298189744403e-46
699.625	2.2380124096014395e-46
699.75	2.06454137094144e-46
699.875	1.8303787266420104e-46
700.0	1.9520745081555598e-46
700.125	1.7153549528833597e-46
700.25	2.07103903121025e-46
700.375	2.24877946556761e-46
700.5	2.1437375651406397e-46
700.625	2.14783328518144e-46
700.75	1.92430275461776e-46
700.875	1.98384267161025e-46
701.0	1.77282727339536e-46
701.125	2.1412430854216898e-46
701.25	1.84126608094276e-46
701.375	2.1785134180494395e-46
701.5	2.2221522040322497e-46
701.625	2.2357094633952094e-46
701.75	2.29463358210304e-46
701.875	2.2337750558076103e-46
702.0	2.160394349584e-46
702.125	2.19682079448976e-46
702.25	2.21037650002225e-46
702.375	2.2929206576644903e-46
702.5	2.28059862925801e-46
702.625	1.9598518827984097e-46
702.75	2.2699219038759996e-46
702.875	2.2412287649875597e-46
703.0	1.98942054321124e-46
703.125	1.92541599876096e-46
703.25	1.9191336675839997e-46
703.375	2.07510478490176e-46
703.5	2.1451290269508097e-46
703.625	2.2800601361742402e-46
703.75	2.1099796504136096e-46
703.875	1.89160357659364e-46
704.0	2.1127445189008896e-46
704.125	2.20311027322884e-46
704.25	2.0565470132355597e-46
704.375	1.93163354415684e-46
704.5	2.1493550874104098e-46
704.625	2.5024098246604896e-46
704.75	2.4044391311251597e-46
704.875	2.42144160804324e-46
705.0	2.43361123201296e-46
705.125	2.24544770493124e-46
705.25	1.94050806364944e-46
705.375	1.9394319646980096e-46
705.5	2.060651637009e-46
705.625	1.8599414389308894e-46
705.75	2.00197568476161e-46
705.875	1.7980645691124904e-46
706.0	2.21953562387236e-46
706.125	1.98799932727449e-46
706.25	2.16824977100484e-46
706.375	2.3296185529574403e-46
706.5	1.8666666608520103e-46
706.625	1.89642506655625e-46
706.75	2.05766516350096e-46
706.875	1.8934979155624897e-46
707.0	2.20497790292224e-46
707.125	2.1648325675689997e-46
707.25	2.28381157921225e-46
707.375	1.7968603570880402e-46
707.5	1.8820802514544893e-46
707.625	2.2090005936784904e-46
707.75	2.24199263691225e-46
707.875	2.031867790096e-46
708.0	1.98367985356489e-46
708.125	2.1402206543704898e-46
708.25	2.0432709825580896e-46
708.375	1.8999504460916097e-46
708.5	1.7642573602622496e-46
708.625	1.74337139135041e-46
708.75	1.7223549131790399e-46
708.875	1.89495074649841e-46
709.0	1.94901256175616e-46
709.125	1.8788703028172105e-46
709.25	2.0216963813776898e-46
709.375	1.85753211815161e-46
709.5	1.81274664413584e-46
709.625	1.7768490102249998e-46
709.75	1.9357104030636097e-46
709.875	1.7876973543039994e-46
710.0	2.11477500414756e-46
710.125	1.9731455679689996e-46
710.25	1.9443987698889997e-46
710.375	1.8885080929000002e-46
710.5	1.91326326469776e-46
710.625	2.0292392814876898e-46
710.75	2.3476212115860098e-46
710.875	2.08627778266209e-46
711.0	1.9529173700112398e-46
711.125	1.9301350398489998e-46
711.25	2.09438378784196e-46
711.375	1.8693449441520093e-46
711.5	1.8947461934048403e-46
711.625	1.7446893675156102e-46
711.75	1.7805435637740094e-46
711.875	1.87752532007524e-46
712.0	1.7415653319824396e-46
712.125	1.9494288921802498e-46
712.25	2.0397001118524895e-46
712.375	1.6168355878522496e-46
712.5	1.51344764555076e-46
712.625	1.62082282171716e-46
712.75	1.40456606370721e-46
712.875	1.63248841410769e-46
713.0	1.6745760137268099e-46
713.125	1.74001874214529e-46
713.25	1.7269076948659598e-46
713.375	1.7756852383425597e-46
713.5	1.909224772009e-46
713.625	1.71637353889936e-46
713.75	2.039406774084e-46
713.875	1.99339468650169e-46
714.0	1.6814091055105596e-46
714.125	1.5369788227502497e-46
714.25	1.7471171723673595e-46
714.375	1.84655621328025e-46
714.5	1.9577707142529597e-46
714.625	2.0005443328360003e-46
714.75	2.1878018908839995e-46
714.875	2.01907673574084e-46
715.0	2.0259129817084897e-46
715.125	1.9832815690740894e-46
715.25	1.88882830206225e-46
715.375	1.849251856384e-46
715.5	1.7038877142302497e-46
715.625	1.5606575434638396e-46
715.75	1.5562178272371599e-46
715.875	1.64964431447104e-46
716.0	1.87632409618404e-46
716.125	1.7571074578164897e-46
716.25	1.62108331159329e-46
716.375	1.9426625507124903e-46
716.5	2.06294102895364e-46
716.625	1.6927003978592396e-46
716.75	1.6490494410702396e-46
716.875	1.81653977100649e-46
717.0	1.7391226625639997e-46
717.125	1.51162943087556e-46
717.25	1.6515673417422397e-46
717.375	1.6907951735136404e-46
717.5	1.6655079456793602e-46
717.625	1.5586184136729602e-46
717.75	1.5086648800398398e-46
717.875	1.6421545965696398e-46
718.0	1.6468863527344897e-46
718.125	1.6679668257044097e-46
718.25	1.79759071945476e-46
718.375	1.85763924466576e-46
718.5	1.68230264470321e-46
718.625	1.7349265349892096e-46
718.75	1.77765662428641e-46
718.875	1.6435027188688898e-46
719.0	1.7800074542286397e-46
719.125	1.70305475412996e-46
719.25	1.7990398178324096e-46
719.375	1.77237167172025e-46
719.5	1.82402960080896e-46
719.625	1.7056958153244096e-46
719.75	1.6559631050692896e-46
719.875	1.89461432721001e-46
720.0	1.6564027195716102e-46
720.125	1.74287285607681e-46
720.25	2.1236104964776904e-46
720.375	1.8332466758553597e-46
720.5	1.7197891064932894e-46
720.625	1.7737708825340103e-46
720.75	1.6921553067436897e-46
720.875	1.6514676169113596e-46
721.0	1.70725974426225e-46
721.125	1.6863788418422494e-46
721.25	1.51569240331716e-46
721.375	1.62932741069121e-46
721.5	1.6500784650944402e-46
721.625	1.59796777155625e-46
721.75	1.3291666504460099e-46
721.875	1.42290424388025e-46
722.0	1.81518818843664e-46
722.125	1.81583009375076e-46
722.25	1.42820688479121e-46
722.375	1.81828396109376e-46
722.5	1.71694584019984e-46
722.625	1.9089547881904898e-46
722.75	1.85679540039184e-46
722.875	1.7343307002120098e-46
723.0	1.971151416529e-46
723.125	2.1047437483022494e-46
723.25	1.72178144858889e-46
723.375	1.75307768467456e-46
723.5	1.51980767490304e-46
723.625	1.40519734226404e-46
723.75	1.3936813026318398e-46
723.875	1.5745099901070399e-46
724.0	1.5183055037811597e-46
724.125	1.5697691849584897e-46
724.25	1.52580155247556e-46
724.375	1.6844691326409994e-46
724.5	1.6667310911763598e-46
724.625	1.4450357548929599e-46
724.75	1.5239961756057598e-46
724.875	1.72376916719121e-46
725.0	2.0103573219184902e-46
725.125	2.03088606839056e-46
725.25	2.0160393361290002e-46
725.375	1.7933982513552397e-46
725.5	1.55911533494116e-46
725.625	1.4908624896774401e-46
725.75	1.6240726757592099e-46
725.875	1.93362568707169e-46
726.0	1.7952537606926403e-46
726.125	1.63930738959936e-46
726.25	1.86382237187344e-46
726.375	2.069408839936e-46
726.5	1.8532667434867596e-46
726.625	1.66841733058729e-46
726.75	1.97103938075641e-46
726.875	1.983632812225e-46
727.0	1.9082289386595603e-46
727.125	1.60159427578921e-46
727.25	1.6129076200090001e-46
727.375	1.9902908972628896e-46
727.5	1.8533889944992897e-46
727.625	1.62294376149361e-46
727.75	1.6565432643832898e-46
727.875	1.6001050802467598e-46
728.0	1.7931178384022497e-46
728.125	1.6748076574209596e-46
728.25	1.97200905894976e-46
728.375	1.80546895527076e-46
728.5	1.4759513946787602e-46
728.625	1.5884722917852098e-46
728.75	1.5758345790062499e-46
728.875	1.9484876746297596e-46
729.0	1.65137252129476e-46
729.125	1.6221356694348102e-46
729.25	1.698476201536e-46
729.375	1.86861736988644e-46
729.5	1.80329231683584e-46
729.625	1.59174987232849e-46
729.75	1.7371216276008098e-46
729.875	1.90406495073796e-46
730.0	1.7647254678420898e-46
730.125	1.7865091835329602e-46
730.25	1.7907618434422506e-46
730.375	1.81681095661569e-46
730.5	1.9164761437922502e-46
730.625	2.0062767777610006e-46
730.75	1.7006220382410002e-46
730.875	1.5066212280249999e-46
731.0	1.7110876753102502e-46
731.125	1.6419918544452902e-46
731.25	1.62342483994161e-46
731.375	1.7493905896120902e-46
731.5	1.66552162549081e-46
731.625	1.5546027539364098e-46
731.75	1.46618702521641e-46
731.875	1.49538731331609e-46
732.0	1.8018490235020904e-46
732.125	1.86754007645209e-46
732.25	1.7086769385976899e-46
732.375	1.7464066526822398e-46
732.5	1.90706101691044e-46
732.625	1.60699280665284e-46
732.75	1.75556802546225e-46
732.875	2.11138394482404e-46
733.0	1.6801315883612096e-46
733.125	1.4535562354790401e-46
733.25	1.6707622808520901e-46
733.375	1.7330013725120099e-46
733.5	1.9849177764152096e-46
733.625	1.8527440229491603e-46
733.75	1.70652315052816e-46
733.875	1.8046142088964896e-46
734.0	1.76938654745241e-46
734.125	1.52307907833481e-46
734.25	1.71821289395844e-46
734.375	1.6388925810177603e-46
734.5	1.7083383999696396e-46
734.625	1.87377906846025e-46
734.75	2.0037073452616898e-46
734.875	1.93922586020881e-46
735.0	1.7315570177049597e-46
735.125	1.5203728451559997e-46
735.25	1.59611436922564e-46
735.375	1.79148427313956e-46
735.5	1.28401192530625e-46
735.625	1.5248646482868097e-46
735.75	1.69313757491844e-46
735.875	1.57354645515664e-46
736.0	1.8163014894252898e-46
736.125	1.91554513063684e-46
736.25	1.7261999831104902e-46
736.375	1.5404394216513596e-46
736.5	1.6152800954068899e-46
736.625	1.57148011585161e-46
736.75	1.6874820585734401e-46
736.875	1.73699931943729e-46
737.0	1.53357957553284e-46
737.125	1.7951931990432396e-46
737.25	1.7483297244336398e-46
737.375	1.74905491833856e-46
737.5	1.62792872058961e-46
737.625	1.72573780186756e-46
737.75	1.6550601222739597e-46
737.875	1.6270382620268099e-46
738.0	1.5875410325475596e-46
738.125	1.65647788198929e-46
738.25	1.636414042176e-46
738.375	1.6901391028622496e-46
738.5	1.79590687311025e-46
738.625	1.8085088258256097e-46
738.75	2.016175646241e-46
738.875	1.93751895631441e-46
739.0	1.8456260408592397e-46
739.125	1.90403983703025e-46
739.25	1.5892926309122496e-46
739.375	1.54534758302401e-46
739.5	1.4202601969608894e-46
739.625	1.4642977206748904e-46
739.75	1.7471599984832396e-46
739.875	1.7456555833027596e-46
740.0	1.6636660722912399e-46
740.125	1.6837631648010002e-46
740.25	1.62392918249104e-46
740.375	1.79901406529289e-46
740.5	1.8588404724489997e-46
740.625	1.7816707510977603e-46
740.75	1.5717005041550398e-46
740.875	1.5854909569038401e-46
741.0	1.70005689736129e-46
741.125	1.7011217980243596e-46
741.25	1.6046646831129601e-46
741.375	1.3974197520500097e-46
741.5	1.6566598747689998e-46
741.625	1.6913894654764901e-46
741.75	1.75035334328464e-46
741.875	1.672565398729e-46
742.0	1.6557911874002498e-46
742.125	1.7112498817562499e-46
742.25	1.9597057310460103e-46
742.375	1.90904874149889e-46
742.5	1.6193636507808396e-46
742.625	1.5325518941838397e-46
742.75	1.9436321949924097e-46
742.875	2.1391569298444903e-46
743.0	1.7730421800696894e-46
743.125	1.6121777048833602e-46
743.25	1.77533586133929e-46
743.375	1.96318993686544e-46
743.5	1.65249765212401e-46
743.625	1.7208683016696897e-46
743.75	1.54498958517121e-46
743.875	1.6540267164460898e-46
744.0	1.96518846916324e-46
744.125	1.9543835892532896e-46
744.25	1.56558702324964e-46
744.375	1.3695522356736898e-46
744.5	1.63259446399204e-46
744.625	1.98206527445056e-46
744.75	1.7995170779366398e-46
744.875	2.0616482795048102e-46
745.0	1.6825394918307598e-46
745.125	1.3576288190328897e-46
745.25	1.4121155926300896e-46
745.375	1.48972057678921e-46
745.5	1.7161117900202497e-46
745.625	2.1956867862249997e-46
745.75	1.83825682082289e-46
745.875	1.8966016158465596e-46
746.0	1.8671555407209996e-46
746.125	1.82991281240329e-46
746.25	1.62715918680225e-46
746.375	1.5637332432462399e-46
746.5	1.5240070392462398e-46
746.625	1.6354020766465598e-46
746.75	1.48903959269641e-46
746.875	1.44713080605625e-46
747.0	1.58794475471424e-46
747.125	1.7744917421002497e-46
747.25	2.06500779918225e-46
747.375	1.9438173414722494e-46
747.5	1.7367402195993599e-46
747.625	1.8253317791425597e-46
747.75	1.9122456358960903e-46
747.875	1.7392658826312895e-46
748.0	1.70417985971776e-46
748.125	1.5783389373441598e-46
748.25	1.773097306929e-46
748.375	2.0123388589024897e-46
748.5	1.73447451303025e-46
748.625	1.48713586053124e-46
748.75	1.6104244506250001e-46
748.875	1.7436539615300102e-46
749.0	2.02678985752369e-46
749.125	1.94637292855009e-46
749.25	1.9019686645134395e-46
749.375	1.7834285721304896e-46
749.5	1.77912727822449e-46
749.625	1.8578949433344403e-46
749.75	1.88711817766564e-46
749.875	1.8921771434344897e-46
750.0	1.7670158919722503e-46
750.125	1.7210498621664104e-46
750.25	1.7423625122016401e-46
750.375	1.5608227003752098e-46
750.5	1.8139276141336896e-46
750.625	1.7400055511932898e-46
750.75	1.6789470714156097e-46
750.875	1.7230027674240003e-46
751.0	1.99480116330049e-46
751.125	2.11019667098256e-46
751.25	1.88090006297281e-46
751.375	1.6836074565209996e-46
751.5	1.51432319854656e-46
751.625	1.46595382244964e-46
751.75	1.5834749230439999e-46
751.875	1.72748306390625e-46
752.0	1.60858666562049e-46
752.125	1.3735291509475602e-46
752.25	1.732069198561e-46
752.375	1.9359107551740097e-46
752.5	1.6775800829244894e-46
752.625	1.6554975582499599e-46
752.75	1.7666862430562498e-46
752.875	1.8590198992974403e-46
753.0	1.7509730956435602e-46
753.125	1.6664827082982401e-46
753.25	1.84420338221025e-46
753.375	1.77034680371844e-46
753.5	1.996481394961e-46
753.625	1.86355124928025e-46
753.75	1.6264558961456404e-46
753.875	1.8653831435740897e-46
754.0	2.0796763489288897e-46
754.125	1.85451421983025e-46
754.25	1.7456830650490001e-46
754.375	1.79433338744529e-46
754.5	1.7161429682689602e-46
754.625	1.81951151611329e-46
754.75	1.65338939179561e-46
754.875	1.65955018816609e-46
755.0	1.64496554035641e-46
755.125	1.7465462076441606e-46
755.25	1.861590088801e-46
755.375	1.87379878010329e-46
755.5	1.6428251279107598e-46
755.625	1.9157923267622497e-46
755.75	1.77652217733376e-46
755.875	1.96079360031556e-46
756.0	2.1170369310168096e-46
756.125	1.61988161686849e-46
756.25	1.7007008055246396e-46
756.375	1.78302315234121e-46
756.5	1.56356793241441e-46
756.625	1.6974697157520397e-46
756.75	1.72370483452036e-46
756.875	1.50237530008164e-46
757.0	1.831001391025e-46
757.125	1.80783298842624e-46
757.25	1.5796807204622497e-46
757.375	1.49562847108921e-46
757.5	1.5863447842032401e-46
757.625	2.1141703799496896e-46
757.75	2.0577239766336097e-46
757.875	1.5763864670892898e-46
758.0	1.7805331557024402e-46
758.125	1.7669956867992103e-46
758.25	1.6470044194348899e-46
758.375	1.84041104130625e-46
758.5	1.77431404434244e-46
758.625	1.4818636000512399e-46
758.75	1.4577328994292099e-46
758.875	1.5466730331396096e-46
759.0	1.6066175975856399e-46
759.125	1.8925100446360898e-46
759.25	1.9263749453088098e-46
759.375	1.64374989616161e-46
759.5	1.6102130379988898e-46
759.625	1.45900912313025e-46
759.75	1.4611988905603598e-46
759.875	1.5682232312838399e-46
760.0	1.98919600300996e-46
760.125	1.8419353809126398e-46
760.25	1.7164956428010001e-46
760.375	1.8917672474740904e-46
760.5	1.7773545140851604e-46
760.625	1.5618178244744098e-46
760.75	1.73666431201536e-46
760.875	1.5390518865760901e-46
761.0	1.5949212090236102e-46
761.125	1.5931803951562498e-46
761.25	1.6651417089736901e-46
761.375	1.7774603697244896e-46
761.5	2.061184240806249e-46
761.625	1.8822613451980897e-46
761.75	1.8590899817402497e-46
761.875	2.0507841007248103e-46
762.0	1.9431085904884893e-46
762.125	2.0641557380889995e-46
762.25	1.9440379115137598e-46
762.375	1.8300296912388102e-46
762.5	1.9203457438371604e-46
762.625	1.8090354910152092e-46
762.75	1.6424352495700897e-46
762.875	1.6232767886094396e-46
763.0	1.8437240342439995e-46
763.125	2.053703955625e-46
763.25	1.8080795885522493e-46
763.375	1.5209174017230403e-46
763.5	1.4878671516985598e-46
763.625	1.485824475136e-46
763.75	1.5553646647347598e-46
763.875	1.8591175242291597e-46
764.0	1.72594116450064e-46
764.125	1.87210614695049e-46
764.25	1.8350554900208397e-46
764.375	1.6235909916444098e-46
764.5	1.75819193260489e-46
764.625	1.8578371506249995e-46
764.75	1.54749793383409e-46
764.875	1.55801846807721e-46
765.0	1.6990322160424897e-46
765.125	1.85231065641444e-46
765.25	1.8495850400302497e-46
765.375	1.5987207626680894e-46
765.5	1.79866266884929e-46
765.625	1.6944379897536399e-46
765.75	1.8212668486662402e-46
765.875	2.07603316134916e-46
766.0	1.5058666893337596e-46
766.125	1.5769012814572904e-46
766.25	1.76036533551376e-46
766.375	1.4933174829876896e-46
766.5	1.6511682034884097e-46
766.625	1.9608806989102498e-46
766.75	1.9559882549222503e-46
766.875	1.944845008929e-46
767.0	2.0611127444377598e-46
767.125	1.84201789833216e-46
767.25	1.81234652124964e-46
767.375	1.84982549487241e-46
767.5	1.84177822291369e-46
767.625	2.06104641759025e-46
767.75	1.8595099586822496e-46
767.875	1.4908768976160899e-46
768.0	1.67270197156804e-46
768.125	2.0268744234355597e-46
768.25	2.00643655435876e-46
768.375	2.079606263056e-46
768.5	1.9471902783897598e-46
768.625	1.7660081668737596e-46
768.75	1.42433507571601e-46
768.875	1.5701543513639999e-46
769.0	1.76413994460649e-46
769.125	1.53017469020529e-46
769.25	1.8439125069747603e-46
769.375	2.1387111569488897e-46
769.5	2.0183646223105596e-46
769.625	1.92318567202609e-46
769.75	1.8941865507302496e-46
769.875	1.6072886949632097e-46
770.0	1.77939085463161e-46
770.125	1.7944938664038397e-46
770.25	1.6876093660320399e-46
770.375	1.85626509768324e-46
770.5	1.933709955241e-46
770.625	1.64479727251225e-46
770.75	1.7014825783992102e-46
770.875	1.9400470010224896e-46
771.0	1.9135105902089998e-46
771.125	1.57368268711801e-46
771.25	1.4683375778000399e-46
771.375	1.7836294295708102e-46
771.5	1.92155764824676e-46
771.625	1.82560470112036e-46
771.75	1.6140802998531596e-46
771.875	1.4811902561305596e-46
772.0	1.69969209626176e-46
772.125	1.84642331715856e-46
772.25	1.86314282790601e-46
772.375	1.69244592435216e-46
772.5	1.836545085825609e-46
772.625	1.9150208951118405e-46
772.75	1.62840109417924e-46
772.875	1.8150661260872096e-46
773.0	2.05242785732209e-46
773.125	2.28759091046656e-46
773.25	1.8104544792796897e-46
773.375	1.86297412144561e-46
773.5	2.07314671277476e-46
773.625	1.6846438306068897e-46
773.75	1.523528581969e-46
773.875	1.6653763126291599e-46
774.0	1.60194991257856e-46
774.125	1.4354309101680897e-46
774.25	1.5802843191609598e-46
774.375	1.9534258020300096e-46
774.5	2.1167494319680905e-46
774.625	1.8653361606836103e-46
774.75	1.6445528377614398e-46
774.875	1.682426903056e-46
775.0	1.91286409180689e-46
775.125	1.6957782306202499e-46
775.25	2.0647342008748897e-46
775.375	1.82445694504516e-46
775.5	1.8065093801602497e-46
775.625	1.7417949645326398e-46
775.75	1.82628331140025e-46
775.875	1.6801888808410003e-46
776.0	1.5314594629622498e-46
776.125	1.6671643854438402e-46
776.25	1.8502417036488098e-46
776.375	2.0009055884356897e-46
776.5	1.90296479450401e-46
776.625	1.8227043957304887e-46
776.75	2.0001166393230395e-46
776.875	1.8494835858318403e-46
777.0	1.77009267897289e-46
777.125	1.819318090041e-46
777.25	1.8762402659846403e-46
777.375	2.08384353154576e-46
777.5	1.64273156314281e-46
777.625	1.4877827440089997e-46
777.75	1.77069489108516e-46
777.875	2.1436154567028103e-46
778.0	1.9684794312300096e-46
778.125	1.93532225035396e-46
778.25	2.2939244052984898e-46
778.375	2.09823829178209e-46
778.5	1.7312796399610004e-46
778.625	1.83420297725625e-46
778.75	1.71068742455625e-46
778.875	1.70992420029649e-46
779.0	1.8188624868344102e-46
779.125	1.7151503814062498e-46
779.25	1.9983647614060894e-46
779.375	1.9791636147562503e-46
779.5	1.96598956890625e-46
779.625	2.035743972025e-46
779.75	1.91023247485456e-46
779.875	1.8510255545759994e-46
780.0	1.7439582122180094e-46
780.125	1.7035875014402501e-46
780.25	1.8060005531750403e-46
780.375	1.75135103435044e-46
780.5	2.07073682903025e-46
780.625	1.7292326270084098e-46
780.75	1.5387598666497602e-46
780.875	1.8561402995257596e-46
781.0	1.9735807639956096e-46
781.125	1.8536408606310396e-46
781.25	2.1467788057209995e-46
781.375	2.17540464058009e-46
781.5	1.86886780787716e-46
781.625	2.07323627195169e-46
781.75	2.0053700810988096e-46
781.875	1.87332983537296e-46
782.0	1.5601846084022499e-46
782.125	1.81392438176401e-46
782.25	1.88385891439876e-46
782.375	1.7587234208596904e-46
782.5	1.8293076453610003e-46
782.625	2.09543603335641e-46
782.75	1.77251172772041e-46
782.875	1.6182104239209999e-46
783.0	1.5630112918202497e-46
783.125	1.5517694865601602e-46
783.25	1.52882170889809e-46
783.375	1.59597337977856e-46
783.5	1.8082942008208897e-46
783.625	2.060268951277689e-46
783.75	2.1422713225e-46
783.875	2.0248797644992903e-46
784.0	1.9257612475239997e-46
784.125	1.8344492022585602e-46
784.25	2.0360259164784403e-46
784.375	1.64940568440561e-46
784.5	1.7324745752249999e-46
784.625	1.8365862838904094e-46
784.75	2.17708018324624e-46
784.875	2.09462258241721e-46
785.0	1.85631550860889e-46
785.125	1.92587976046449e-46
785.25	1.92257525564416e-46
785.375	1.8792267066312097e-46
785.5	1.9357051161344397e-46
785.625	1.7064450323140897e-46
785.75	1.7235562175118402e-46
785.875	1.9022646349212103e-46
786.0	1.94876406914596e-46
786.125	2.1353105974080396e-46
786.25	1.78216786245796e-46
786.375	1.8626045226652904e-46
786.5	2.0110651852720896e-46
786.625	1.8444062751566403e-46
786.75	1.73561363684361e-46
786.875	2.1325491056250003e-46
787.0	2.1071170119174397e-46
787.125	1.83236480301169e-46
787.25	1.99864778121316e-46
787.375	2.1268911833822498e-46
787.5	1.6702109118489597e-46
787.625	1.65674559760369e-46
787.75	1.7550918604814398e-46
787.875	1.91212560729369e-46
788.0	1.8503663033548896e-46
788.125	2.18635584441561e-46
788.25	1.9623773604614398e-46
788.375	2.01262712250681e-46
788.5	1.88028350549649e-46
788.625	1.6974999424659601e-46
788.75	1.72010726861796e-46
788.875	1.9637605220377604e-46
789.0	2.027793088036e-46
789.125	1.612201575625e-46
789.25	2.13687795108096e-46
789.375	2.10504464947984e-46
789.5	1.8130191622560002e-46
789.625	1.918643292801e-46
789.75	1.8340946326562496e-46
789.875	1.901914051801e-46
790.0	1.8048885332899603e-46
790.125	1.96201988012944e-46
790.25	1.9784152532822496e-46
790.375	1.9322276041068097e-46
790.5	1.6921984945320896e-46
790.625	1.89573024176704e-46
790.75	1.9437710540256097e-46
790.875	1.8109227544480897e-46
791.0	1.6389990947559998e-46
791.125	1.61241819798609e-46
791.25	1.6813271555999996e-46
791.375	1.8270618010322498e-46
791.5	2.14474121154225e-46
791.625	2.05798018218244e-46
791.75	2.0403034199856094e-46
791.875	2.1851065779523602e-46
792.0	2.1314627622090003e-46
792.125	1.96027832988036e-46
792.25	2.14492984245241e-46
792.375	2.1894537902080897e-46
792.5	1.95665598754704e-46
792.625	1.75924543959025e-46
792.75	2.23317277990416e-46
792.875	1.9821322890768394e-46
793.0	1.7536762011073597e-46
793.125	1.6545864700332899e-46
793.25	1.6919104996371599e-46
793.375	2.00525027990596e-46
793.5	2.09795178238864e-46
793.625	2.0412205506264104e-46
793.75	1.9499005636545603e-46
793.875	2.1242808895756897e-46
794.0	1.7237429088132097e-46
794.125	1.8849321169408902e-46
794.25	1.83995171928324e-46
794.375	1.82044237110129e-46
794.5	2.04647358861001e-46
794.625	2.0652745174996894e-46
794.75	1.8574378057622502e-46
794.875	1.8224130610368403e-46
795.0	1.4870683020068097e-46
795.125	1.7212891588368094e-46
795.25	2.1949394374758395e-46
795.375	1.958004108369e-46
795.5	1.802127701922249e-46
795.625	1.9801206544897597e-46
795.75	1.7990502798542402e-46
795.875	1.75916081848896e-46
796.0	2.1245053491648894e-46
796.125	1.8720760455868903e-46
796.25	1.6342326693152097e-46
796.375	1.91615969021764e-46
796.5	2.1205717372548897e-46
796.625	1.79029083030625e-46
796.75	1.7159456854692101e-46
796.875	2.0755873879620094e-46
797.0	2.13404357189956e-46
797.125	1.77567297891844e-46
797.25	2.0252915966307604e-46
797.375	2.09861811345664e-46
797.5	1.7841789072385602e-46
797.625	1.9004166451359998e-46
797.75	1.80780717302784e-46
797.875	1.7558767590250006e-46
798.0	1.843740328336e-46
798.125	1.80146486921956e-46
798.25	1.9240808102337605e-46
798.375	1.9235254505088397e-46
798.5	2.0023633893912102e-46
798.625	2.24770498553104e-46
798.75	2.138294968681e-46
798.875	2.06504200024516e-46
799.0	1.992735677120409e-46
799.125	1.8064752410832402e-46
799.25	2.1170252910000103e-46
799.375	2.051099451556e-46
799.5	1.6637261789960099e-46
799.625	1.8084370137859597e-46
799.75	1.76778909247329e-46
799.875	1.9450868360976898e-46
800.0	2.08118333658249e-46
800.125	1.77914488494681e-46
800.25	1.8761717786496396e-46
800.375	1.95730816486689e-46
800.5	2.0010391226448105e-46
800.625	1.83189349284516e-46
800.75	1.7836518664764894e-46
800.875	1.6194074265283601e-46
801.0	1.6570050964584098e-46
801.125	2.0477962027512902e-46
801.25	1.94623760380644e-46
801.375	2.026531614969e-46
801.5	1.7850691497990398e-46
801.625	1.91847624722649e-46
801.75	2.1346305764062493e-46
801.875	2.02016447136001e-46
802.0	2.0001565215072093e-46
802.125	2.1730863809766403e-46
802.25	1.97693892053956e-46
802.375	2.0701195416809998e-46
802.5	1.7600193263118396e-46
802.625	1.7495963992736098e-46
802.75	1.84325207996164e-46
802.875	1.91329812168804e-46
803.0	1.8401261626562496e-46
803.125	2.0160061112376898e-46
803.25	2.1435601137360402e-46
803.375	2.0545214629440395e-46
803.5	1.80989343619984e-46
803.625	1.81282688943876e-46
803.75	1.84220519801796e-46
803.875	1.8216657954810002e-46
804.0	2.00910326912656e-46
804.125	1.84897771634944e-46
804.25	1.9384132468148103e-46
804.375	1.6974428767402503e-46
804.5	1.83076026852481e-46
804.625	1.95585902951209e-46
804.75	2.08457807572624e-46
804.875	2.246493767028639e-46
805.0	2.54493933613956e-46
805.125	2.64792986996521e-46
805.25	2.047308828964e-46
805.375	1.77852149998884e-46
805.5	1.7752836309652902e-46
805.625	1.9159011202566397e-46
805.75	1.9908005024232896e-46
805.875	2.121403902016e-46
806.0	2.29925757869809e-46
806.125	2.1081431214691596e-46
806.25	1.9807947451304097e-46
806.375	1.63013933471481e-46
806.5	1.7552558744044896e-46
806.625	1.874924979841e-46
806.75	1.9973210694092094e-46
806.875	1.9783843090502504e-46
807.0	1.99707601658436e-46
807.125	2.0546433003672903e-46
807.25	1.9355434508916103e-46
807.375	1.7764528691649602e-46
807.5	2.0345801590464094e-46
807.625	2.2351804827039998e-46
807.75	2.2062964091044898e-46
807.875	2.2122724916410003e-46
808.0	2.3649620153548887e-46
808.125	1.72888863935841e-46
808.25	1.91299161236836e-46
808.375	2.3396192592259597e-46
808.5	2.00005724106244e-46
808.625	1.90023026893456e-46
808.75	2.13629180691481e-46
808.875	2.113022733376001e-46
809.0	2.0273473986502497e-46
809.125	2.1331437914179598e-46
809.25	2.0532723361153598e-46
809.375	2.17042165987201e-46
809.5	2.32616549139984e-46
809.625	2.00263084256356e-46
809.75	1.87900299074929e-46
809.875	2.0540524942515603e-46
810.0	1.94408113466961e-46
810.125	1.98159451455744e-46
810.25	2.01164665662009e-46
810.375	1.8196693399814398e-46
810.5	2.02294354812484e-46
810.625	1.72481809032289e-46
810.75	1.67586539852484e-46
810.875	1.7048663304480897e-46
811.0	1.5047148728912404e-46
811.125	1.6346660658483599e-46
811.25	2.1394599883344896e-46
811.375	1.9859455400016406e-46
811.5	2.00275254674496e-46
811.625	1.9422572564712103e-46
811.75	1.86895584792576e-46
811.875	1.91161207123236e-46
812.0	1.9717593854422502e-46
812.125	2.24541144181809e-46
812.25	1.9575779087440902e-46
812.375	1.90958376675361e-46
812.5	2.25181596626704e-46
812.625	2.4017957316198403e-46
812.75	2.2348838742278397e-46
812.875	2.2801250660688896e-46
813.0	2.01705950191684e-46
813.125	1.6409960995876904e-46
813.25	2.01000627245961e-46
813.375	2.0930462110849598e-46
813.5	2.3793164305108896e-46
813.625	2.0041903510524897e-46
813.75	1.7699766657820903e-46
813.875	1.7696901082090003e-46
814.0	2.0424574318284897e-46
814.125	1.8163233222681596e-46
814.25	1.75721615536009e-46
814.375	1.97192704971024e-46
814.5	2.03408380661161e-46
814.625	2.17270931252769e-46
814.75	1.80456154959609e-46
814.875	1.7532935095760098e-46
815.0	2.0334055562100896e-46
815.125	2.1824406996339596e-46
815.25	1.810921947025e-46
815.375	1.8652023173208102e-46
815.5	2.03993034107769e-46
815.625	2.08812268314244e-46
815.75	2.2035549882937596e-46
815.875	2.1356426109024404e-46
816.0	2.05409061745801e-46
816.125	2.1293443130652887e-46
816.25	1.83042445545124e-46
816.375	1.8601580161512105e-46
816.5	1.80424238619681e-46
816.625	1.7794199346009996e-46
816.75	1.5879422344416404e-46
816.875	1.6603458976448099e-46
817.0	1.8927582264002498e-46
817.125	2.2397962947060096e-46
817.25	2.038964093929e-46
817.375	2.09078528364304e-46
817.5	2.0454728981200904e-46
817.625	2.14995093869521e-46
817.75	2.37311929924624e-46
817.875	1.9759989562252893e-46
818.0	2.02101081683076e-46
818.125	2.34620016270721e-46
818.25	1.99808996015161e-46
818.375	1.7153950304148094e-46
818.5	1.5784638179824898e-46
818.625	1.5089434661683598e-46
818.75	1.89516274453081e-46
818.875	2.0804418904516895e-46
819.0	1.7453657169044098e-46
819.125	1.8819639170396103e-46
819.25	2.16533373395329e-46
819.375	1.7180962341868894e-46
819.5	1.7673607270094397e-46
819.625	1.8752040492848097e-46
819.75	2.0671926373022496e-46
819.875	1.8858130906508095e-46
820.0	1.84184363674116e-46
820.125	1.9991986104720402e-46
820.25	2.0124702205633603e-46
820.375	1.69170238850116e-46
820.5	2.05739951075044e-46
820.625	2.22781565405161e-46
820.75	2.3400989605392397e-46
820.875	1.80142326167521e-46
821.0	1.8979652607555598e-46
821.125	2.02026339678409e-46
821.25	2.04662265464484e-46
821.375	2.08057026369124e-46
821.5	1.8992858460576403e-46
821.625	1.999497526488809e-46
821.75	1.6901474232148898e-46
821.875	2.0601914423668898e-46
822.0	2.2047115168944096e-46
822.125	2.0079425629572094e-46
822.25	2.0173441264897597e-46
822.375	2.51156980372489e-46
822.5	2.41248087458569e-46
822.625	2.10818958395236e-46
822.75	2.02969116238729e-46
822.875	1.9854390929472103e-46
823.0	2.0875842982562496e-46
823.125	1.84318256820996e-46
823.25	2.07612018927504e-46
823.375	2.21994981054016e-46
823.5	2.1598046948307597e-46
823.625	1.9676298509172897e-46
823.75	2.22493141769616e-46
823.875	2.288034390625e-46
824.0	1.9954483656915595e-46
824.125	2.0586869101562497e-46
824.25	1.80781389577009e-46
824.375	1.7112456956868103e-46
824.5	1.8549486612250004e-46
824.625	2.0581859041164096e-46
824.75	1.9721157858561604e-46
824.875	1.85913606780196e-46
825.0	1.92451111655625e-46
825.125	2.25370472374336e-46
825.25	1.90912777460161e-46
825.375	1.76443481939209e-46
825.5	2.02970768861961e-46
825.625	2.32562469500001e-46
825.75	2.279130683041e-46
825.875	1.80785208118321e-46
826.0	1.9835922500803597e-46
826.125	2.2303495926602506e-46
826.25	2.48279330361924e-46
826.375	2.3136353878832103e-46
826.5	2.23128249000484e-46
826.625	2.0183038171680397e-46
826.75	1.87887386668804e-46
826.875	1.8935458022068896e-46
827.0	2.0056547294899605e-46
827.125	1.91910429874276e-46
827.25	2.1741272478608397e-46
827.375	2.4620120463999997e-46
827.5	2.2293323804060097e-46
827.625	1.97749265652225e-46
827.75	2.0975494276056094e-46
827.875	2.19123361529856e-46
828.0	2.2835510508492903e-46
828.125	2.1957499107196893e-46
828.25	2.61310199368464e-46
828.375	2.21657427290896e-46
828.5	1.7903673657252104e-46
828.625	2.018485098756e-46
828.75	1.9721009000880097e-46
828.875	1.94171154189961e-46
829.0	2.1411122685159997e-46
829.125	2.03889412630225e-46
829.25	1.737290071969e-46
829.375	1.78755990841156e-46
829.5	2.44224788502249e-46
829.625	2.2855304715684097e-46
829.75	1.86376694440225e-46
829.875	1.82394802751044e-46
830.0	1.96832650446436e-46
830.125	1.5630975571209996e-46
830.25	1.8323983736532104e-46
830.375	2.19684332349504e-46
830.5	2.03649025419225e-46
830.625	2.0891366419171604e-46
830.75	2.3574611440867597e-46
830.875	2.2371319513202497e-46
831.0	2.3035195302249995e-46
831.125	2.37786176380489e-46
831.25	2.1485347541016097e-46
831.375	1.7484312742627602e-46
831.5	1.91847652424464e-46
831.625	2.0115981501872397e-46
831.75	2.0936431770832902e-46
831.875	2.34226342847025e-46
832.0	2.183347565840249e-46
832.125	2.2038195230128897e-46
832.25	1.9912057499808104e-46
832.375	1.98109481568769e-46
832.5	2.0488844890562494e-46
832.625	1.8670186260432097e-46
832.75	1.8419731106876098e-46
832.875	1.763368870561e-46
833.0	1.93454800892809e-46
833.125	2.1154120033593604e-46
833.25	2.20208237542225e-46
833.375	2.42461428595929e-46
833.5	2.1462537140960403e-46
833.625	2.0031632548922497e-46
833.75	1.94546257664256e-46
833.875	2.1206302776345604e-46
834.0	2.062650333249e-46
834.125	1.88764490027281e-46
834.25	1.6767559097952102e-46
834.375	1.8964396639238398e-46
834.5	2.24648597311524e-46
834.625	2.08326643925625e-46
834.75	2.1870828008652102e-46
834.875	2.0922456637240898e-46
835.0	1.8072771913700098e-46
835.125	2.5686985766560002e-46
835.25	2.3853949943617597e-46
835.375	2.1812891417934397e-46
835.5	2.3233411110009998e-46
835.625	2.1149242104284106e-46
835.75	2.0172932789102505e-46
835.875	1.888925881924e-46
836.0	1.99422439133401e-46
836.125	2.06847533018025e-46
836.25	2.1933861770722498e-46
836.375	2.3224053151359994e-46
836.5	2.23155585422449e-46
836.625	2.0867538825120098e-46
836.75	1.97393423804329e-46
836.875	1.9443209621988103e-46
837.0	2.2067108442000403e-46
837.125	2.21722880491044e-46
837.25	1.9727357015892102e-46
837.375	1.8599081624402502e-46
837.5	1.76870077161001e-46
837.625	2.13146801804304e-46
837.75	2.4159687943176895e-46
837.875	2.0477564208025604e-46
838.0	1.97380638805284e-46
838.125	1.9981812757561605e-46
838.25	1.77774888900625e-46
838.375	1.4853498562504898e-46
838.5	1.8777494961e-46
838.625	2.0574577463328097e-46
838.75	2.0444936141924102e-46
838.875	2.56127023752961e-46
839.0	2.619063195904e-46
839.125	2.3830328455562497e-46
839.25	2.331481632561e-46
839.375	1.9875419611644096e-46
839.5	2.02915096259929e-46
839.625	2.0387576214904896e-46
839.75	2.0399460519822397e-46
839.875	2.3014264422520903e-46
840.0	1.9705738627036898e-46
840.125	2.34693361287025e-46
840.25	2.50522671656464e-46
840.375	2.1345212922000097e-46
840.5	1.9930168863062502e-46
840.625	1.91857458992644e-46
840.75	2.31516461392225e-46
840.875	2.08687753868841e-46
841.0	2.09499628706404e-46
841.125	2.0703195384602507e-46
841.25	1.96046734785561e-46
841.375	1.8171687045759998e-46
841.5	2.0987302413002496e-46
841.625	2.27565823531225e-46
841.75	2.296993345472249e-46
841.875	2.0103091146036894e-46
842.0	2.10022150763881e-46
842.125	2.1378715101744397e-46
842.25	2.2258542297420898e-46
842.375	2.2472309524828896e-46
842.5	2.0020447330576898e-46
842.625	2.1716121970488096e-46
842.75	3.1201696665600395e-46
842.875	2.6756901670636903e-46
843.0	2.2142865526944093e-46
843.125	2.11115204278416e-46
843.25	2.22334730057449e-46
843.375	2.31927740722276e-46
843.5	2.13066365884849e-46
843.625	1.94134647434841e-46
843.75	2.2498689019096904e-46
843.875	2.2472849195680904e-46
844.0	2.32020434735089e-46
844.125	2.1927153315240004e-46
844.25	1.9778701076032903e-46
844.375	2.2164629108409994e-46
844.5	2.3845236826140897e-46
844.625	2.30763351664609e-46
844.75	1.94001273692356e-46
844.875	2.17379608952401e-46
845.0	2.4630157322400398e-46
845.125	2.1191635167840903e-46
845.25	2.01102207464601e-46
845.375	1.92829188827025e-46
845.5	2.0823442390889997e-46
845.625	2.2953416564822497e-46
845.75	1.90581144942769e-46
845.875	2.2467887466126404e-46
846.0	2.345271719184e-46
846.125	2.4000178514408098e-46
846.25	2.127006397476e-46
846.375	2.280498657424e-46
846.5	2.330743578335289e-46
846.625	2.19675439388304e-46
846.75	2.0072709521676097e-46
846.875	1.99208214004996e-46
847.0	2.14332000966724e-46
847.125	1.8294924041212902e-46
847.25	2.18155499527744e-46
847.375	2.2910076640562504e-46
847.5	2.37832192832481e-46
847.625	2.3876427309600097e-46
847.75	2.3393515901372098e-46
847.875	2.28977787168144e-46
848.0	2.3597976842668897e-46
848.125	2.3045580815444097e-46
848.25	2.24963671466521e-46
848.375	2.06486180119129e-46
848.5	2.00978766183204e-46
848.625	2.1783554911800898e-46
848.75	2.285182469124e-46
848.875	2.31247556994276e-46
849.0	2.0965114204222504e-46
849.125	2.07425928439521e-46
849.25	2.1672594820822497e-46
849.375	1.8302618366608896e-46
849.5	1.92757569968656e-46
849.625	2.20728101600241e-46
849.75	2.2005577411272896e-46
849.875	2.0050591152012103e-46
850.0	1.80646932726016e-46
850.125	2.19208012205625e-46
850.25	2.61901820591161e-46
850.375	2.1306811750360893e-46
850.5	2.3110712807526402e-46
850.625	2.2180955086598398e-46
850.75	2.0239563540272403e-46
850.875	2.07095815398976e-46
851.0	2.2493997400400093e-46
851.125	2.04213074218596e-46
851.25	1.85483098931524e-46
851.375	1.71639476265625e-46
851.5	2.2387194744720104e-46
851.625	2.3545398714009997e-46
851.75	2.4068934667555596e-46
851.875	2.3568798764968897e-46
852.0	2.21120052451236e-46
852.125	2.2015357253032902e-46
852.25	2.34972017467209e-46
852.375	2.50237439021025e-46
852.5	2.2026445283348096e-46
852.625	2.14685382405316e-46
852.75	2.3096513086636896e-46
852.875	2.3027501028422503e-46
853.0	2.11168067014129e-46
853.125	1.7440881607044905e-46
853.25	1.7967751041945598e-46
853.375	2.02044505063696e-46
853.5	2.1729315991168893e-46
853.625	2.1741549684025598e-46
853.75	1.9550980288032397e-46
853.875	1.8094341721344103e-46
854.0	1.7502805785348899e-46
854.125	1.98214073637904e-46
854.25	2.1994061585602497e-46
854.375	2.4503093519929598e-46
854.5	2.5492481131322502e-46
854.625	2.2247879261272897e-46
854.75	2.3384618152090004e-46
854.875	2.2682760627520896e-46
855.0	2.26801822923481e-46
855.125	2.16889330028569e-46
855.25	2.4214092413088402e-46
855.375	2.3981458545870397e-46
855.5	2.2915053652296103e-46
855.625	2.34859027162321e-46
855.75	2.48358530766025e-46
855.875	2.28898320736996e-46
856.0	2.0139024258720896e-46
856.125	2.0017510030562504e-46
856.25	2.475815708256249e-46
856.375	2.54562471740196e-46
856.5	2.26759837751209e-46
856.625	2.44778103088996e-46
856.75	2.4065859858062503e-46
856.875	2.384664823696e-46
857.0	2.056878009124e-46
857.125	2.04337647587584e-46
857.25	2.1345063900249998e-46
857.375	2.2181473375491598e-46
857.5	2.17231960141681e-46
857.625	2.2413434422768897e-46
857.75	2.0555983442016395e-46
857.875	2.2060982664359998e-46
858.0	2.26326780193921e-46
858.125	2.1819118551961596e-46
858.25	2.2497330079209998e-46
858.375	2.335939310884e-46
858.5	2.3022608927920897e-46
858.625	2.3131994715043597e-46
858.75	2.29616257772836e-46
858.875	2.2576646162772902e-46
859.0	2.4323000696388896e-46
859.125	2.24454720766969e-46
859.25	2.0099671428356096e-46
859.375	1.95568254023184e-46
859.5	2.29236102897025e-46
859.625	2.3616103977102397e-46
859.75	2.163885130225e-46
859.875	2.28691972179225e-46
860.0	2.3245725640940094e-46
860.125	2.4671820519475595e-46
860.25	2.57918332346896e-46
860.375	2.58456231577476e-46
860.5	2.40826387290724e-46
860.625	2.1330094249027598e-46
860.75	2.26813027657969e-46
860.875	2.340795961156e-46
861.0	2.3660358594177595e-46
861.125	2.01245007627225e-46
861.25	2.4779107578716097e-46
861.375	2.7893021504961603e-46
861.5	1.92397372664644e-46
861.625	1.9331276246041595e-46
861.75	2.3536539627412902e-46
861.875	2.31523856264464e-46
862.0	2.018874398641e-46
862.125	1.8240350030785596e-46
862.25	1.9635971289128097e-46
862.375	2.17044316915776e-46
862.5	2.40745728456289e-46
862.625	2.4157863184e-46
862.75	2.4738231490566397e-46
862.875	2.2107267883116902e-46
863.0	1.98571330473156e-46
863.125	2.44486153418809e-46
863.25	2.0912454117732103e-46
863.375	2.0247269390409995e-46
863.5	2.3254157747059603e-46
863.625	2.4951149934048897e-46
863.75	2.3628587135764898e-46
863.875	2.4381748199833596e-46
864.0	2.7440018577084094e-46
864.125	2.56230227739249e-46
864.25	1.9293543361439996e-46
864.375	2.1644397384122502e-46
864.5	2.3608024419940896e-46
864.625	1.87984638141001e-46
864.75	1.6823210626662397e-46
864.875	2.04981986764864e-46
865.0	2.70597104426896e-46
865.125	2.2821824632723597e-46
865.25	2.0285886157960893e-46
865.375	2.186748882756e-46
865.5	2.26613522401344e-46
865.625	2.2420201878412902e-46
865.75	2.41758402210724e-46
865.875	2.0116679315558397e-46
866.0	2.10361142684224e-46
866.125	2.4786194855142396e-46
866.25	2.78261666105329e-46
866.375	2.32299237545956e-46
866.5	2.18808500399329e-46
866.625	2.4646337351910396e-46
866.75	2.2170462528300105e-46
866.875	2.1063242273876098e-46
867.0	2.4035562860764903e-46
867.125	2.3846966350636897e-46
867.25	2.09253699084816e-46
867.375	2.1318616400281604e-46
867.5	1.96850833365316e-46
867.625	2.0292127856193595e-46
867.75	2.39628325684489e-46
867.875	2.50115711612209e-46
868.0	2.3630865260755604e-46
868.125	2.0990214399999995e-46
868.25	2.23437143378596e-46
868.375	2.5773037016428892e-46
868.5	2.48335301960964e-46
868.625	2.35560060337156e-46
868.75	2.23749362728516e-46
868.875	2.0559404477960097e-46
869.0	2.0937936618280904e-46
869.125	2.6057962826544102e-46
869.25	2.16391513903504e-46
869.375	2.0635107025562498e-46
869.5	2.4771133636710396e-46
869.625	2.4504752815203602e-46
869.75	2.2474054483980094e-46
869.875	2.3826827455548102e-46
870.0	2.28647755936609e-46
870.125	2.0714794224322496e-46
870.25	2.2316475768999996e-46
870.375	2.260809952801001e-46
870.5	2.13981719196996e-46
870.625	2.0962203958889998e-46
870.75	2.3429708537875603e-46
870.875	2.617248043239209e-46
871.0	2.1022198693315602e-46
871.125	2.18375747561764e-46
871.25	2.0882001376723603e-46
871.375	2.07011781513216e-46
871.5	2.19739561668225e-46
871.625	2.3647442617562492e-46
871.75	2.1656524741633596e-46
871.875	2.0622812481602502e-46
872.0	2.39536197979849e-46
872.125	2.2803648616912892e-46
872.25	2.69917199730649e-46
872.375	2.5325565062406394e-46
872.5	2.4879080979481604e-46
872.625	2.1501943465868094e-46
872.75	1.8908133796922503e-46
872.875	2.18913537458529e-46
873.0	2.24308282455625e-46
873.125	2.0548935801000004e-46
873.25	2.2250415006432897e-46
873.375	2.35411208589456e-46
873.5	2.14061683937409e-46
873.625	1.9540863873049603e-46
873.75	2.2332149216302504e-46
873.875	2.152925271225e-46
874.0	2.6874723569414394e-46
874.125	2.52277090532289e-46
874.25	2.4477400401502496e-46
874.375	2.0519087051522496e-46
874.5	1.936297297081e-46
874.625	1.97142716725504e-46
874.75	2.2147237627470397e-46
874.875	2.6655620224940096e-46
875.0	2.63112146615824e-46
875.125	2.0699923545102404e-46
875.25	2.29472477425801e-46
875.375	2.48926413869604e-46
875.5	2.8469296588540903e-46
875.625	2.2217801437576892e-46
875.75	2.18160314603001e-46
875.875	2.3037344465136397e-46
876.0	2.15927654303529e-46
876.125	2.30255192402244e-46
876.25	2.25212270041476e-46
876.375	2.2762423750284094e-46
876.5	2.6482120419558402e-46
876.625	2.8284714216359994e-46
876.75	2.20723644546441e-46
876.875	2.42013217287076e-46
877.0	2.8102495691240097e-46
877.125	2.15072255976964e-46
877.25	2.1719511472668098e-46
877.375	2.12862380758416e-46
877.5	2.11294045905849e-46
877.625	2.2392494723088402e-46
877.75	2.12090143789225e-46
877.875	2.1458171633766403e-46
878.0	2.05234333304004e-46
878.125	2.2270697215689998e-46
878.25	2.29785397438276e-46
878.375	2.1891821293322502e-46
878.5	2.64756440310244e-46
878.625	2.4811699799289997e-46
878.75	2.113208801344e-46
878.875	2.3323621371732897e-46
879.0	2.2884885031800096e-46
879.125	2.5828057663209998e-46
879.25	2.4908288716959995e-46
879.375	2.8363487598036893e-46
879.5	2.47168832332816e-46
879.625	2.42374518097924e-46
879.75	2.27404711043136e-46
879.875	2.23839061407504e-46
880.0	2.4488825899683598e-46
880.125	2.26746315377604e-46
880.25	2.1412919598771596e-46
880.375	2.40055762275289e-46
880.5	2.49753077602084e-46
880.625	2.61698143805569e-46
880.75	3.0368551623062503e-46
880.875	2.48650228210609e-46
881.0	2.58312784140544e-46
881.125	2.597987567390759e-46
881.25	2.50778832656004e-46
881.375	2.0870471385145602e-46
881.5	2.1937899185670396e-46
881.625	2.32509494020644e-46
881.75	2.50821750046609e-46
881.875	2.81305552331556e-46
882.0	2.72896655533056e-46
882.125	2.527549889929e-46
882.25	2.29814806206736e-46
882.375	2.4038871401667597e-46
882.5	2.0351872746800098e-46
882.625	2.2619964480422502e-46
882.75	2.373228059312249e-46
882.875	2.1992050630008906e-46
883.0	2.6299206202090004e-46
883.125	2.7889303940828095e-46
883.25	2.7775868921683596e-46
883.375	2.5226088989472905e-46
883.5	2.53693506762081e-46
883.625	2.2731770808948102e-46
883.75	1.9969912267203602e-46
883.875	2.3430599400124902e-46
884.0	2.2365076878176397e-46
884.125	2.26964559707649e-46
884.25	2.6608167024009996e-46
884.375	2.4157194848222496e-46
884.5	2.32673868829801e-46
884.625	2.31541598353081e-46
884.75	2.74022268889924e-46
884.875	2.6134275687780096e-46
885.0	2.1359404513044898e-46
885.125	1.87420699868224e-46
885.25	2.37420762839296e-46
885.375	2.711960120809e-46
885.5	2.6399181723062498e-46
885.625	2.58540318897721e-46
885.75	2.65958528815225e-46
885.875	3.04767658099216e-46
886.0	2.4931045762662394e-46
886.125	2.2986717059964102e-46
886.25	2.6261122952065595e-46
886.375	2.56085991219969e-46
886.5	2.5822969800372902e-46
886.625	2.56408290664516e-46
886.75	2.881389123690251e-46
886.875	2.88124178556841e-46
887.0	2.7380155430250003e-46
887.125	2.3247329605562502e-46
887.25	2.66651884411441e-46
887.375	2.4951506923411597e-46
887.5	2.5919357826010003e-46
887.625	3.0547377248486405e-46
887.75	2.80614896446096e-46
887.875	2.5691803756756893e-46
888.0	2.4922217017998397e-46
888.125	2.599233981796e-46
888.25	2.65529534435929e-46
888.375	2.7063793445992906e-46
888.5	2.4643681126963607e-46
888.625	2.9712285651150387e-46
888.75	3.2925448872764096e-46
888.875	2.86357773007881e-46
889.0	2.83952224177924e-46
889.125	2.36149114716736e-46
889.25	2.4632586813198396e-46
889.375	2.7930224142624397e-46
889.5	2.5615602376562496e-46
889.625	2.094353107344e-46
889.75	2.5572676094868102e-46
889.875	2.8881034512524106e-46
890.0	2.9706514899408403e-46
890.125	2.8403035024e-46
890.25	2.9894517198096106e-46
890.375	2.3016006023472896e-46
890.5	2.0260678446800097e-46
890.625	2.21109227146564e-46
890.75	2.259387771876e-46
890.875	2.1191346933350404e-46
891.0	2.1705442347628903e-46
891.125	2.2577977444090004e-46
891.25	2.6584982922960395e-46
891.375	2.28725878226596e-46
891.5	2.3949998326936902e-46
891.625	2.1701897788609597e-46
891.75	2.594946939279209e-46
891.875	3.0087684702320395e-46
892.0	3.25621050570729e-46
892.125	2.7944200747736096e-46
892.25	2.65221321070689e-46
892.375	3.057926508771841e-46
892.5	3.0751732841358397e-46
892.625	2.737267671961e-46
892.75	2.60294597787904e-46
892.875	2.4261096604867603e-46
893.0	2.49420238785936e-46
893.125	2.4028989865636887e-46
893.25	2.5314499670196096e-46
893.375	2.39961228825124e-46
893.5	2.58403760303364e-46
893.625	2.2918502154416403e-46
893.75	2.50711724186641e-46
893.875	2.54527371919396e-46
894.0	2.2550527334988896e-46
894.125	2.2498566022848403e-46
894.25	2.5008376623736896e-46
894.375	2.6184414619680102e-46
894.5	2.66296999694881e-46
894.625	2.620312712644e-46
894.75	2.809403061030759e-46
894.875	2.7119390417715595e-46
895.0	2.4407434824864096e-46
895.125	1.9016680284960404e-46
895.25	2.0395767189062502e-46
895.375	2.76987718130704e-46
895.5	2.74545215192836e-46
895.625	2.6820527739667592e-46
895.75	2.5933504767768896e-46
895.875	3.0156854370144104e-46
896.0	2.81296260628321e-46
896.125	2.865733335395291e-46
896.25	2.630163881284e-46
896.375	2.8240335322932103e-46
896.5	2.9203573243680892e-46
896.625	2.608649116239689e-46
896.75	2.86106500990489e-46
896.875	3.2056087895779597e-46
897.0	2.851341253872251e-46
897.125	2.383324615204e-46
897.25	2.44368334321225e-46
897.375	2.560508825281e-46
897.5	2.68473566536569e-46
897.625	2.75862966829129e-46
897.75	2.6559328460308905e-46
897.875	2.8522322243380896e-46
898.0	2.6178722242560003e-46
898.125	2.55157334586025e-46
898.25	2.9482751257376404e-46
898.375	3.018368691432089e-46
898.5	3.18895413515449e-46
898.625	2.61775378916676e-46
898.75	3.47984624687716e-46
898.875	3.2999331045552397e-46
899.0	2.81997057101824e-46
899.125	2.42605452185209e-46
899.25	2.240730566649e-46
899.375	2.5570699588728104e-46
899.5	2.87297008226244e-46
899.625	2.4917137093656898e-46
899.75	2.5777163055182397e-46
899.875	2.5368825062883598e-46
900.0	2.56540380866884e-46
900.125	2.8178446715496892e-46
900.25	3.0937471508060104e-46
900.375	3.22828433000329e-46
900.5	2.63175605945344e-46
900.625	2.10839315374249e-46
900.75	2.6879854983592897e-46
900.875	2.9299672141960896e-46
901.0	3.08239259881536e-46
901.125	3.3657193673460896e-46
901.25	2.3169744143532098e-46
901.375	2.3917160685027603e-46
901.5	2.66151033426496e-46
901.625	2.39831155709289e-46
901.75	2.3941803051332097e-46
901.875	2.45258620740225e-46
902.0	2.4835361385912093e-46
902.125	2.5307279986064395e-46
902.25	2.70735201965089e-46
902.375	2.6975112650640396e-46
902.5	2.5288187310760003e-46
902.625	2.863919905344e-46
902.75	2.8457257397984106e-46
902.875	2.6065243593075604e-46
903.0	2.08432628342416e-46
903.125	2.1822566308636896e-46
903.25	2.30956164406564e-46
903.375	2.36587035280996e-46
903.5	2.6147158422688897e-46
903.625	2.25664930533904e-46
903.75	2.60774181438016e-46
903.875	2.7138513096044088e-46
904.0	2.4923568384000004e-46
904.125	2.54996856641641e-46
904.25	2.5979401798812895e-46
904.375	2.5374667640718396e-46
904.5	2.3985661616302503e-46
904.625	2.34562242930625e-46
904.75	2.3659863298816898e-46
904.875	2.196647087881e-46
905.0	2.7892022781902497e-46
905.125	3.25086453263716e-46
905.25	3.069454944196e-46
905.375	2.5850710036033598e-46
905.5	2.48978513576809e-46
905.625	2.5190105227488088e-46
905.75	2.6746410974890005e-46
905.875	2.67784488830884e-46
906.0	2.39683623194961e-46
906.125	2.2390839721776092e-46
906.25	2.40880519146276e-46
906.375	2.4939885546268897e-46
906.5	2.25907152523264e-46
906.625	2.4843714484832097e-46
906.75	2.2594379765632897e-46
906.875	2.7421508623248095e-46
907.0	3.028395928303689e-46
907.125	2.6206546012609597e-46
907.25	2.4827444575252898e-46
907.375	3.0575652395102493e-46
907.5	2.58200355880996e-46
907.625	2.22378600068496e-46
907.75	2.08564316363536e-46
907.875	2.4647781695054403e-46
908.0	2.5440999655522502e-46
908.125	2.57970047610916e-46
908.25	2.6979192551833595e-46
908.375	2.7355866587288093e-46
908.5	3.1183611348992403e-46
908.625	3.1906729862702507e-46
908.75	2.5457622514802497e-46
908.875	2.16142276361284e-46
909.0	2.6077967195827595e-46
909.125	2.6347834342425594e-46
909.25	2.28358278494784e-46
909.375	2.4708271688822496e-46
909.5	2.44414514272644e-46
909.625	2.1430854819696096e-46
909.75	2.4792624971427598e-46
909.875	3.10641400500484e-46
910.0	3.19549552650601e-46
910.125	3.258891096552011e-46
910.25	2.92958277568576e-46
910.375	2.3591402521704903e-46
910.5	2.53437866951824e-46
910.625	2.97322152553024e-46
910.75	2.84541940193641e-46
910.875	2.85368077051281e-46
911.0	2.800418168025e-46
911.125	2.81622165686404e-46
911.25	3.0804455123520397e-46
911.375	2.9967965354256387e-46
911.5	2.9957157179449598e-46
911.625	3.107325285464489e-46
911.75	2.48349989247376e-46
911.875	2.57987073024576e-46
912.0	2.7714564892686396e-46
912.125	3.0491718328688395e-46
912.25	2.840766647214759e-46
912.375	2.4252228455812903e-46
912.5	2.8770696755332902e-46
912.625	2.91312732508996e-46
912.75	2.9469109123176107e-46
912.875	2.9530628413248394e-46
913.0	2.74477152291904e-46
913.125	2.7284310166936886e-46
913.25	2.862691080211209e-46
913.375	2.8722585721212102e-46
913.5	2.8559340444108102e-46
913.625	3.0563130279459593e-46
913.75	2.792879358481e-46
913.875	2.4584399202456902e-46
914.0	2.5137373175290005e-46
914.125	2.6863000208409595e-46
914.25	2.6842352858049597e-46
914.375	2.8678745104000002e-46
914.5	2.629476292356e-46
914.625	3.0451129486350395e-46
914.75	3.0468191241959993e-46
914.875	2.9611085876838396e-46
915.0	3.3838430280062493e-46
915.125	3.0764100593120403e-46
915.25	2.69061164711056e-46
915.375	2.77557565883481e-46
915.5	2.5699687257888398e-46
915.625	2.9423055492250007e-46
915.75	2.9070648971368905e-46
915.875	3.0817644505202497e-46
916.0	3.30601451637601e-46
916.125	2.9496791563689997e-46
916.25	2.7348907162502487e-46
916.375	3.0094959971420088e-46
916.5	2.940527722330889e-46
916.625	2.867864349529e-46
916.75	2.8397140080540092e-46
916.875	2.5413881915982398e-46
917.0	2.67334533735424e-46
917.125	2.814903112949289e-46
917.25	2.9916282391297602e-46
917.375	2.823928670934011e-46
917.5	2.9302760156640108e-46
917.625	3.1148084739239995e-46
917.75	3.24178512581764e-46
917.875	2.9767360036839996e-46
918.0	3.136063788342249e-46
918.125	3.4230735240249995e-46
918.25	3.4790993669433598e-46
918.375	3.37791243293604e-46
918.5	3.0853677799622496e-46
918.625	2.72258547067081e-46
918.75	2.8520505064022503e-46
918.875	2.847180394881e-46
919.0	2.9294968538752897e-46
919.125	3.2142204049300893e-46
919.25	3.13529845487076e-46
919.375	3.0747832920360003e-46
919.5	2.8640891390440004e-46
919.625	2.9655412723800892e-46
919.75	2.9209035160380105e-46
919.875	3.14772815618244e-46
920.0	3.2554021410928907e-46
920.125	2.92658207849536e-46
920.25	3.151753290996839e-46
920.375	2.52918640469056e-46
920.5	2.4173293430416896e-46
920.625	3.1406471174064108e-46
920.75	3.2158646354022403e-46
920.875	2.7279321970120898e-46
921.0	2.4907695303758398e-46
921.125	3.2559383931996093e-46
921.25	2.86852552105284e-46
921.375	2.5505115284304097e-46
921.5	2.9231701759296098e-46
921.625	3.1731408440934394e-46
921.75	3.1596278321696396e-46
921.875	3.508026360350759e-46
922.0	2.5898751356192105e-46
922.125	2.6684441104912888e-46
922.25	3.105785880976e-46
922.375	2.8865065363728394e-46
922.5	2.5553966312966398e-46
922.625	2.63077111001104e-46
922.75	2.73365385075225e-46
922.875	2.40529298126049e-46
923.0	2.4653097870302502e-46
923.125	2.3187444167577597e-46
923.25	2.5894628470886398e-46
923.375	3.0061016240076896e-46
923.5	3.1879848959504104e-46
923.625	3.76228634664996e-46
923.75	3.67716099605625e-46
923.875	2.84629763708676e-46
924.0	2.6625646581268905e-46
924.125	2.6067639526657595e-46
924.25	3.1416491919120395e-46
924.375	3.012973520105609e-46
924.5	3.1888123470451608e-46
924.625	3.1774606163748902e-46
924.75	3.0889486091402495e-46
924.875	3.06676553425489e-46
925.0	3.194898855184e-46
925.125	3.03419261696356e-46
925.25	2.9855976316992397e-46
925.375	2.6489411372262406e-46
925.5	2.5938787110352895e-46
925.625	2.959277265025e-46
925.75	2.80134499853961e-46
925.875	2.38007817960004e-46
926.0	2.5511219506182396e-46
926.125	3.2122514679002494e-46
926.25	2.9367731738425598e-46
926.375	2.38423183957764e-46
926.5	2.7396959780872896e-46
926.625	2.8464413796e-46
926.75	2.63815427820816e-46
926.875	2.5238583886233604e-46
927.0	2.6241793606376097e-46
927.125	3.00556000575601e-46
927.25	3.163638510243999e-46
927.375	2.9815250067064897e-46
927.5	2.87589297737764e-46
927.625	2.8028093617764898e-46
927.75	2.8862421823513596e-46
927.875	2.9480546600999996e-46
928.0	2.7940603468624896e-46
928.125	2.9496657601728092e-46
928.25	2.7891775609056097e-46
928.375	2.8370157209424905e-46
928.5	3.1175379321560097e-46
928.625	3.1052864584332905e-46
928.75	3.07392799129641e-46
928.875	2.9587123602446398e-46
929.0	2.78393196044161e-46
929.125	3.64415615246929e-46
929.25	3.48240348117601e-46
929.375	3.1657931924097608e-46
929.5	2.57333187225664e-46
929.625	3.10218367842289e-46
929.75	3.14881617969216e-46
929.875	2.8614648869822507e-46
930.0	2.7812913325761605e-46
930.125	2.86643828052481e-46
930.25	3.2967476067470402e-46
930.375	3.4210556724121604e-46
930.5	3.2064847235560002e-46
930.625	3.138974041225e-46
930.75	3.059917194791611e-46
930.875	2.8670786300249997e-46
931.0	3.2169826653060085e-46
931.125	2.9711782325523602e-46
931.25	3.0179583444198394e-46
931.375	2.824350144748089e-46
931.5	3.172238842084e-46
931.625	3.69605931119044e-46
931.75	3.2046176889091602e-46
931.875	3.4729717879992098e-46
932.0	3.0130290657024106e-46
932.125	2.4662783386332098e-46
932.25	2.4963879920144403e-46
932.375	3.2156261331588893e-46
932.5	3.3377404562625604e-46
932.625	3.1038039352345598e-46
932.75	3.4573784007672907e-46
932.875	3.2354004735396108e-46
933.0	3.137588712976e-46
933.125	2.84524734715321e-46
933.25	2.80442314873744e-46
933.375	3.1841775770169598e-46
933.5	3.338680670112489e-46
933.625	3.0323816665022495e-46
933.75	3.0885011555342404e-46
933.875	3.2273845839592903e-46
934.0	3.0548422430344897e-46
934.125	2.763155848440489e-46
934.25	2.7244252302388893e-46
934.375	2.9285322883202493e-46
934.5	2.9748912302412907e-46
934.625	3.5549990063702495e-46
934.75	3.683151308054441e-46
934.875	3.3759729814004093e-46
935.0	3.357934573102241e-46
935.125	3.50427205529401e-46
935.25	3.2253512750316903e-46
935.375	3.2513582169952894e-46
935.5	3.0040387425856908e-46
935.625	3.048415780423689e-46
935.75	2.69740286707984e-46
935.875	2.7430295766483597e-46
936.0	2.7923349109896104e-46
936.125	2.98688746672996e-46
936.25	3.12991719831184e-46
936.375	2.9423432862760003e-46
936.5	3.151544517081e-46
936.625	3.41031972636601e-46
936.75	3.2547284602995587e-46
936.875	3.169440673439291e-46
937.0	3.10758441668964e-46
937.125	3.2333088981121602e-46
937.25	3.20085125791929e-46
937.375	2.5312491800999998e-46
937.5	2.950565090296809e-46
937.625	3.3157081295539595e-46
937.75	3.0834229146368397e-46
937.875	3.10684865325025e-46
938.0	3.4054365713062492e-46
938.125	2.80582365851649e-46
938.25	3.21124858881849e-46
938.375	3.5498708689220094e-46
938.5	4.2609848047540905e-46
938.625	3.99232408601601e-46
938.75	3.336724019568039e-46
938.875	3.12270037114896e-46
939.0	3.3090469529779606e-46
939.125	3.796232165020839e-46
939.25	3.31740251932644e-46
939.375	2.95480594823401e-46
939.5	3.5526851565062395e-46
939.625	3.3320172554659596e-46
939.75	3.3633054802648895e-46
939.875	3.7544898476803595e-46
940.0	2.9817519006249995e-46
940.125	2.8571576999064106e-46
940.25	2.98204338736836e-46
940.375	3.09401978710276e-46
940.5	3.8445813462081605e-46
940.625	3.1654056797856907e-46
940.75	3.14620112401156e-46
940.875	3.1590259877520097e-46
941.0	3.285670657635609e-46
941.125	3.4575055850816103e-46
941.25	3.56582568959236e-46
941.375	3.5451689344716085e-46
941.5	3.36657140471961e-46
941.625	2.8974879039608107e-46
941.75	2.85057941228281e-46
941.875	3.08328595066944e-46
942.0	3.031481443225e-46
942.125	3.1323003526963597e-46
942.25	3.1253544368358395e-46
942.375	3.314535568099559e-46
942.5	3.7506287157160016e-46
942.625	3.5969299714947606e-46
942.75	2.9773609481096094e-46
942.875	3.0618829810816894e-46
943.0	3.12450945343524e-46
943.125	3.18469258329849e-46
943.25	3.1140192686905602e-46
943.375	3.07880118459169e-46
943.5	3.0420309673356103e-46
943.625	3.260800959053439e-46
943.75	3.26237975319481e-46
943.875	3.3479107750620906e-46
944.0	3.2791429542721605e-46
944.125	3.254344922788089e-46
944.25	3.5406089804803594e-46
944.375	4.0501916700774415e-46
944.5	4.218225473457611e-46
944.625	3.3969910694118404e-46
944.75	3.2177385305913598e-46
944.875	3.71758619167849e-46
945.0	3.57195106955236e-46
945.125	3.5019190096222497e-46
945.25	3.2259870642708893e-46
945.375	3.49357854707689e-46
945.5	3.9225985041360096e-46
945.625	3.6340933063680395e-46
945.75	3.3521999365219598e-46
945.875	3.627886661281439e-46
946.0	3.41291668794561e-46
946.125	3.2845280675328905e-46
946.25	3.47800045762404e-46
946.375	3.64863902190921e-46
946.5	3.1591852416540906e-46
946.625	2.88486658161025e-46
946.75	3.5930787155472405e-46
946.875	3.01355608002409e-46
947.0	2.9667768174355595e-46
947.125	3.04294008200625e-46
947.25	3.54663244575025e-46
947.375	3.5418739389768885e-46
947.5	3.373783911867691e-46
947.625	3.6338149875462395e-46
947.75	3.1948416577440008e-46
947.875	3.284090223994809e-46
948.0	3.796114483044e-46
948.125	3.2794069801168894e-46
948.25	3.5735369224760105e-46
948.375	2.92961187299881e-46
948.5	3.4203007034302502e-46
948.625	4.0236267864039986e-46
948.75	3.4402689435344404e-46
948.875	3.3365917699560004e-46
949.0	2.922739340324409e-46
949.125	2.7282480007328096e-46
949.25	3.47164354728409e-46
949.375	3.142228816268891e-46
949.5	3.3236998085428903e-46
949.625	3.5699445912420895e-46
949.75	3.6004478072371596e-46
949.875	3.38001900589584e-46
950.0	3.44651910428809e-46
950.125	3.6521067515619615e-46
950.25	3.895456163481001e-46
950.375	3.4869358940892092e-46
950.5	3.1318664052640007e-46
950.625	2.6409750365992903e-46
950.75	3.383962598025001e-46
950.875	3.562455045340889e-46
951.0	3.1481262956159997e-46
951.125	3.1284387113644904e-46
951.25	3.90534628278601e-46
951.375	3.2228758861689997e-46
951.5	2.81772683199396e-46
951.625	2.85570218785329e-46
951.75	3.041720866809e-46
951.875	3.21244754583204e-46
952.0	2.8054786069096904e-46
952.125	2.75728183654225e-46
952.25	3.32218316098449e-46
952.375	3.435958264502441e-46
952.5	3.8225958813160004e-46
952.625	3.798665317272251e-46
952.75	3.857519506437609e-46
952.875	3.79235312821225e-46
953.0	3.767402972204008e-46
953.125	3.26154750660025e-46
953.25	3.56460139543104e-46
953.375	3.80662614872929e-46
953.5	3.677331663769e-46
953.625	3.52808790072025e-46
953.75	3.783645091408361e-46
953.875	3.1474212298672895e-46
954.0	3.48682572225936e-46
954.125	3.60484372253476e-46
954.25	3.8752965860752895e-46
954.375	3.3325857034764093e-46
954.5	3.5766484089684094e-46
954.625	4.25201968421476e-46
954.75	3.7589970122568895e-46
954.875	3.1073883926179595e-46
955.0	3.73620137513536e-46
955.125	3.781458659167289e-46
955.25	3.3910220731398397e-46
955.375	3.3955853036899603e-46
955.5	3.38671108314361e-46
955.625	3.32538639152164e-46
955.75	2.9419827357968103e-46
955.875	2.9149921192910392e-46
956.0	3.3064123603284893e-46
956.125	3.4333455084552096e-46
956.25	3.2838278218222487e-46
956.375	3.2672453172352893e-46
956.5	3.76889651013316e-46
956.625	3.62568516077824e-46
956.75	3.9283973343422494e-46
956.875	4.035537784679039e-46
957.0	3.3388023631209997e-46
957.125	2.79683579930049e-46
957.25	3.22164159940624e-46
957.375	3.286446151593639e-46
957.5	3.5528076732544915e-46
957.625	3.55339729108849e-46
957.75	3.953309053849e-46
957.875	3.2597692243856094e-46
958.0	3.2985642780249997e-46
958.125	3.26008013598864e-46
958.25	3.2241578128359997e-46
958.375	3.2630553091704105e-46
958.5	3.748815839358809e-46
958.625	3.9194619321216095e-46
958.75	3.3460560520398397e-46
958.875	3.2890865623392104e-46
959.0	3.3188386458239997e-46
959.125	3.042199802614089e-46
959.25	3.00487594438084e-46
959.375	3.6285636236652085e-46
959.5	4.2301222504212105e-46
959.625	3.61733544258436e-46
959.75	3.729335687741439e-46
959.875	4.1125122524889994e-46
960.0	3.61540143895681e-46
960.125	3.51502390069609e-46
960.25	3.77768863620729e-46
960.375	3.55930219728769e-46
960.5	3.4175471231888093e-46
960.625	3.61279658140164e-46
960.75	3.202289133934809e-46
960.875	3.2132573716472105e-46
961.0	3.2653328453382406e-46
961.125	3.3541047106622496e-46
961.25	3.4988057895902493e-46
961.375	3.524655166242251e-46
961.5	3.55078698235024e-46
961.625	3.4155486432720904e-46
961.75	3.4656323753168097e-46
961.875	3.5881311602376914e-46
962.0	3.516775219064891e-46
962.125	3.66939884705625e-46
962.25	3.42704955093264e-46
962.375	3.542315466816001e-46
962.5	3.84479311124736e-46
962.625	2.9920433653057593e-46
962.75	4.117989088232411e-46
962.875	3.7670155625760086e-46
963.0	3.688084800457691e-46
963.125	4.40721961837641e-46
963.25	3.607142585654409e-46
963.375	3.33269049012964e-46
963.5	3.5178532279548095e-46
963.625	2.97996461105476e-46
963.75	3.3498523997040397e-46
963.875	3.0245474178307596e-46
964.0	3.1828879242250008e-46
964.125	3.362499332201609e-46
964.25	3.130309963531239e-46
964.375	3.22793720864521e-46
964.5	3.74737274529424e-46
964.625	3.79978296553024e-46
964.75	3.1470132007132896e-46
964.875	3.3069480692025607e-46
965.0	3.0457066351420903e-46
965.125	3.1644289970096398e-46
965.25	3.2038100265610003e-46
965.375	3.53373187957729e-46
965.5	3.43579662953604e-46
965.625	3.3862639045441602e-46
965.75	3.55810052733184e-46
965.875	3.3841079244302497e-46
966.0	3.77590926026601e-46
966.125	3.865986483005439e-46
966.25	3.5453820776422506e-46
966.375	3.843076021752249e-46
966.5	3.62371351890916e-46
966.625	3.1478832217562487e-46
966.75	2.9363447640675597e-46
966.875	3.38403728437009e-46
967.0	3.3117077081760393e-46
967.125	3.58911206282304e-46
967.25	3.25734166283449e-46
967.375	3.1384616821561597e-46
967.5	3.9644063360748904e-46
967.625	4.1810896693036884e-46
967.75	3.9016801163424096e-46
967.875	3.663956440632959e-46
968.0	3.2735158297960004e-46
968.125	3.5174439852250014e-46
968.25	3.4696367609552097e-46
968.375	3.136221045656409e-46
968.5	2.720268667381689e-46
968.625	3.673597438901609e-46
968.75	4.620101771140839e-46
968.875	3.999228837171839e-46
969.0	3.4842369986432102e-46
969.125	3.293956385476001e-46
969.25	3.2971118451840092e-46
969.375	3.759079993924089e-46
969.5	3.85099335106704e-46
969.625	3.67555768001536e-46
969.75	3.32561725875625e-46
969.875	3.41928323620416e-46
970.0	3.810230214757209e-46
970.125	3.7728602651790396e-46
970.25	3.4194825753664895e-46
970.375	3.7307467184988094e-46
970.5	3.1828258390657606e-46
970.625	2.77816456901929e-46
970.75	3.1020107210067607e-46
970.875	3.578593586432409e-46
971.0	3.66097557272976e-46
971.125	3.46011486715456e-46
971.25	3.4854141830169595e-46
971.375	3.674640560999041e-46
971.5	3.90504155947684e-46
971.625	3.80501084434969e-46
971.75	3.313734194322249e-46
971.875	2.8995281805600102e-46
972.0	3.2845400289000002e-46
972.125	3.32981730397369e-46
972.25	3.620515406331041e-46
972.375	3.2607749560345595e-46
972.5	3.790822629012249e-46
972.625	3.2556431964680098e-46
972.75	3.782424796808489e-46
972.875	3.9667724923056396e-46
973.0	3.122005226248089e-46
973.125	3.0312356027713603e-46
973.25	3.18279122863641e-46
973.375	3.1176823644160005e-46
973.5	3.75298599390625e-46
973.625	4.03425823924369e-46
973.75	3.338897014772009e-46
973.875	3.4744423170073597e-46
974.0	3.323710382541159e-46
974.125	3.49589924760976e-46
974.25	3.84941025367396e-46
974.375	3.4331650355520395e-46
974.5	3.75099049140676e-46
974.625	3.63444331694656e-46
974.75	3.8709118368468895e-46
974.875	4.002264320355999e-46
975.0	3.9832886907968405e-46
975.125	4.119993857818241e-46
975.25	4.2627639311744394e-46
975.375	3.67792577170561e-46
975.5	4.2076696388602495e-46
975.625	4.385105711347361e-46
975.75	4.022860970990409e-46
975.875	3.606415210380959e-46
976.0	3.5899801730104895e-46
976.125	3.568260552255999e-46
976.25	3.41350086338244e-46
976.375	3.3718375665409588e-46
976.5	3.28858712029444e-46
976.625	3.6443103986592896e-46
976.75	3.19711851118144e-46
976.875	3.759209509197609e-46
977.0	4.064458812130089e-46
977.125	3.44852885146225e-46
977.25	3.6228443848044094e-46
977.375	3.543291216714241e-46
977.5	3.71658210276721e-46
977.625	3.675581453016359e-46
977.75	3.5928713462664106e-46
977.875	3.913551797246009e-46
978.0	3.75054660203584e-46
978.125	3.6996518240144095e-46
978.25	3.41525775533056e-46
978.375	3.4248313968999993e-46
978.5	3.34155548326084e-46
978.625	3.54031469644176e-46
978.75	3.02000931574276e-46
978.875	2.98039273826596e-46
979.0	3.80013735711481e-46
979.125	3.819304124416e-46
979.25	4.1136264743392905e-46
979.375	4.571533187487359e-46
979.5	3.6830595730740084e-46
979.625	3.16785391953156e-46
979.75	3.6868604303760094e-46
979.875	3.9086986284404115e-46
980.0	3.32318826588996e-46
980.125	3.472169372025639e-46
980.25	3.706974162780159e-46
980.375	3.6501027187856395e-46
980.5	4.3020990521600405e-46
980.625	4.96639588009744e-46
980.75	4.39594331915025e-46
980.875	4.5666471918122495e-46
981.0	5.06364171436369e-46
981.125	5.192954962591359e-46
981.25	4.67711341423225e-46
981.375	4.54497714378304e-46
981.5	5.14716666767424e-46
981.625	5.0627088021529605e-46
981.75	4.67800620432601e-46
981.875	4.27786282170025e-46
982.0	5.1911976964e-46
982.125	5.18157993191056e-46
982.25	4.353636235061609e-46
982.375	4.03201058737689e-46
982.5	4.919510248409609e-46
982.625	5.520310017155999e-46
982.75	5.139401897220009e-46
982.875	4.9266055153776394e-46
983.0	4.99963383939321e-46
983.125	4.64439954655161e-46
983.25	4.6191900227460106e-46
983.375	5.5213213029006395e-46
983.5	5.01342685206489e-46
983.625	5.1607335669350386e-46
983.75	5.1629401018681604e-46
983.875	4.5614703504480085e-46
984.0	5.161168838584359e-46
984.125	5.316116454570248e-46
984.25	4.6722715993184385e-46
984.375	4.71603114780625e-46
984.5	5.21402744720025e-46
984.625	4.715903456091608e-46
984.75	4.6359567393798404e-46
984.875	4.372838896595559e-46
985.0	4.9758623270288105e-46
985.125	5.798723103694441e-46
985.25	5.1787772648332885e-46
985.375	4.9614292583875596e-46
985.5	4.2180233788192905e-46
985.625	4.8966228048259595e-46
985.75	5.74363020720384e-46
985.875	5.265583379658809e-46
986.0	5.307328106943209e-46
986.125	4.7627104461322495e-46
986.25	4.867590247634561e-46
986.375	4.86574554649225e-46
986.5	5.06063087255716e-46
986.625	5.15079274748164e-46
986.75	4.263136401484959e-46
986.875	4.572979094756251e-46
987.0	4.2895583514000096e-46
987.125	5.06061647522596e-46
987.25	6.106264536744491e-46
987.375	6.72249309028441e-46
987.5	5.5935579969561604e-46
987.625	5.3426642655361605e-46
987.75	5.658036716103839e-46
987.875	6.04690821373444e-46
988.0	5.27474912779684e-46
988.125	5.272111488442409e-46
988.25	5.1688031594000414e-46
988.375	4.5645121794896084e-46
988.5	5.74834430247025e-46
988.625	5.118156937423359e-46
988.75	4.7905538962755605e-46
988.875	5.66871528556096e-46
989.0	6.30224422441441e-46
989.125	5.599583926336e-46
989.25	5.13017290513225e-46
989.375	5.890165421335689e-46
989.5	5.6673568217652086e-46
989.625	5.8126991901160005e-46
989.75	6.36339522544441e-46
989.875	6.653436425935358e-46
990.0	5.9594393751336894e-46
990.125	5.321552770170809e-46
990.25	5.70073785983524e-46
990.375	6.209354298677761e-46
990.5	6.796997002446009e-46
990.625	6.1995606777288906e-46
990.75	5.84509244743876e-46
990.875	7.11241801559689e-46
991.0	7.457059462186888e-46
991.125	6.85535926273081e-46
991.25	7.143835250261157e-46
991.375	8.889953468006248e-46
991.5	2.7483615423331238e-45
991.625	3.1319525068225e-41
991.75	1.18336127254081e-40
991.875	3.138956712590449e-41
992.0	3.4189278425764903e-42
992.125	1.252510069490761e-43
992.25	1.31418825078025e-44
992.375	5.34587068657321e-44
992.5	5.297666851615329e-43
992.625	4.822758860719396e-41
992.75	6.330064282251611e-40
992.875	4.2503693854777605e-40
993.0	7.468701416556248e-42
993.125	2.3845605127694444e-43
993.25	2.9855423395328404e-44
993.375	7.689977362410255e-45
993.5	3.422158623609961e-45
993.625	1.960573341403044e-45
993.75	2.0124573722972406e-45
993.875	2.3337284667250407e-45
994.0	1.5218934651712088e-45
994.125	1.2674610348135609e-45
994.25	2.007685261454401e-45
994.375	3.693619465274025e-45
994.5	3.1774053577728395e-44
994.625	1.4542855469292158e-41
994.75	5.713383382129475e-41
994.875	1.27661322210361e-40
995.0	5.121715543410242e-41
995.125	2.2559779282024958e-43
995.25	2.43007131206596e-42
995.375	8.062286628355558e-42
995.5	1.95487012098889e-40
995.625	1.2948073784986239e-39
995.75	5.208204514630809e-40
995.875	1.75500680942889e-42
996.0	9.538906991846411e-44
996.125	3.5946912385935365e-43
996.25	1.80481437498244e-42
996.375	1.32087554914225e-40
996.5	1.0977104063143686e-39
996.625	5.276296286361e-40
996.75	3.5975774853296103e-42
996.875	1.503862262393569e-43
997.0	2.18833914097296e-44
997.125	7.469997451147611e-45
997.25	5.2999315827956397e-45
997.375	8.36522994518016e-45
997.5	1.231940011594009e-43
997.625	1.1881079625993638e-41
997.75	1.6091348718822396e-40
997.875	7.618954668221161e-40
998.0	2.5553355666388903e-40
998.125	3.118644479280625e-43
998.25	1.9249015134272403e-44
998.375	5.689283016056895e-45
998.5	1.1169997733004098e-44
998.625	1.0106889174995556e-43
998.75	6.250697019432358e-44
998.875	1.909557766089169e-45
999.0	1.3110802389809639e-45
999.125	2.129643810948096e-45
999.25	2.4438236741520247e-45
999.375	2.1174300135226808e-45
999.5	2.6032114218489758e-45
999.625	6.33484141500809e-45
999.75	5.32511837183524e-44
999.875	7.930438233848061e-43
1000.0	1.50154413570001e-42
1000.125	6.2501842824234486e-43
1000.25	1.1372548927041e-43
1000.375	8.52756005545452e-45
1000.5	2.5678838697012637e-45
1000.625	2.0804508950416e-45
1000.75	2.155672191233089e-45
1000.875	1.5052188481224998e-45
1001.0	1.032731301282769e-45
1001.125	8.01256696764484e-46
1001.25	8.380376532544001e-46
1001.375	7.658328414792248e-46
1001.5	8.403826453373162e-46
1001.625	6.71778750503025e-46
1001.75	5.47251210346801e-46
1001.875	6.267977909648999e-46
1002.0	7.514353426070408e-46
1002.125	7.11576004845924e-46
1002.25	7.150727378323359e-46
1002.375	7.024182850806249e-46
1002.5	7.232412479910251e-46
1002.625	6.71660877449241e-46
1002.75	5.958401911862442e-46
1002.875	7.168070226555041e-46
1003.0	7.454912145792251e-46
1003.125	7.779214360850485e-46
1003.25	7.30277010755044e-46
1003.375	6.436838353556249e-46
1003.5	6.50040865818201e-46
1003.625	7.807388224236161e-46
1003.75	1.3021546497443999e-45
1003.875	1.4993818825562504e-44
1004.0	6.945457925863395e-43
1004.125	9.786420152237569e-43
1004.25	6.93510683137281e-44
1004.375	1.6964879191411356e-45
1004.5	2.008289576835136e-45
1004.625	2.676549854156689e-45
1004.75	5.927229132249999e-45
1004.875	4.0292729615640095e-44
1005.0	3.414784673064959e-42
1005.125	4.519729163402761e-41
1005.25	3.0517287239421157e-41
1005.375	5.743776077591616e-43
1005.5	2.179593520537689e-43
1005.625	1.7255136964616102e-42
1005.75	8.441731713936609e-41
1005.875	2.138747734080409e-39
1006.0	2.1562492521557605e-39
1006.125	8.759494285308899e-41
1006.25	1.7684286793998397e-42
1006.375	1.0166936943312899e-40
1006.5	4.376047283520161e-40
1006.625	1.1791801130803602e-40
1006.75	1.66171383999504e-44
1006.875	3.2557536740609444e-45
1007.0	2.596168567717321e-45
1007.125	1.754546655261481e-45
1007.25	1.6048328439332247e-45
1007.375	1.104471903091216e-45
1007.5	8.836135545070442e-46
1007.625	1.0913596548472892e-45
1007.75	1.4861041191004412e-45
1007.875	1.029008669767225e-45
1008.0	8.41818230922816e-46
1008.125	1.012099291266064e-45
1008.25	9.420369116319397e-45
1008.375	8.333571609406404e-43
1008.5	2.07728861491204e-42
1008.625	3.744818600975929e-43
1008.75	7.516768620490001e-45
1008.875	1.2290485037251598e-42
1009.0	1.0390164441532838e-41
1009.125	5.1285327315769584e-42
1009.25	1.7615023047650248e-43
1009.375	1.3555475250531206e-43
1009.5	2.1202992255438486e-43
1009.625	2.047753097435236e-43
1009.75	1.6426847098222091e-43
1009.875	6.341904919222083e-45
1010.0	6.9100936572124886e-46
1010.125	6.02040617418256e-46
1010.25	5.8833815779648885e-46
1010.375	5.78526652761561e-46
1010.5	5.19617359043689e-46
1010.625	4.0647680801289994e-46
1010.75	4.206803231030489e-46
1010.875	4.67183800369225e-46
1011.0	5.201660911225001e-46
1011.125	5.025585638811239e-46
1011.25	5.130251727034812e-46
1011.375	4.987142042481e-46
1011.5	4.89436951661284e-46
1011.625	4.82558007643209e-46
1011.75	5.04079865668729e-46
1011.875	5.8464981609808894e-46
1012.0	5.0082769747239995e-46
1012.125	4.82840723007769e-46
1012.25	4.50510558354756e-46
1012.375	4.46059511054641e-46
1012.5	4.99398375811729e-46
1012.625	4.57277722706809e-46
1012.75	4.67519446351204e-46
1012.875	5.282198978112249e-46
1013.0	4.749243884176e-46
1013.125	4.676267851024e-46
1013.25	4.499002001442011e-46
1013.375	4.0301044301440004e-46
1013.5	3.859329400709761e-46
1013.625	4.5009917992268115e-46
1013.75	5.4583191839811605e-46
1013.875	5.139990433732091e-46
1014.0	5.2742328462720394e-46
1014.125	5.824975009502249e-46
1014.25	5.2414508046622496e-46
1014.375	4.7404476085976095e-46
1014.5	5.175104493087359e-46
1014.625	5.3474439646068094e-46
1014.75	4.44556519771081e-46
1014.875	4.1919102296402496e-46
1015.0	4.36713321949969e-46
1015.125	4.877440005953291e-46
1015.25	5.59309161479524e-46
1015.375	5.2023081982776075e-46
1015.5	5.0989207702410004e-46
1015.625	4.76228882283561e-46
1015.75	3.77989147615249e-46
1015.875	4.143105960536409e-46
1016.0	4.03679784302656e-46
1016.125	3.826358507664e-46
1016.25	3.8466302215758405e-46
1016.375	3.653989376989209e-46
1016.5	4.4999917541785596e-46
1016.625	4.71398220853849e-46
1016.75	4.660613029332089e-46
1016.875	5.305862553537639e-46
1017.0	4.71634343516736e-46
1017.125	4.5820677523522495e-46
1017.25	4.7951276892839994e-46
1017.375	4.988553519048999e-46
1017.5	5.4899751504441596e-46
1017.625	4.776185146152249e-46
1017.75	4.47278255294116e-46
1017.875	4.6300121395636905e-46
1018.0	4.86877508220601e-46
1018.125	4.78783631265625e-46
1018.25	4.395802844688999e-46
1018.375	5.11270752022209e-46
1018.5	4.544831323321e-46
1018.625	4.74599993219856e-46
1018.75	5.672840718110759e-46
1018.875	4.9934241993284095e-46
1019.0	4.133136978939241e-46
1019.125	4.4757819772993616e-46
1019.25	4.98518729866089e-46
1019.375	4.83966516579121e-46
1019.5	4.908827083921291e-46
1019.625	5.2244610612639994e-46
1019.75	4.875116065122251e-46
1019.875	4.3310200807660886e-46
1020.0	4.483768135080999e-46
1020.125	4.38749913464164e-46
1020.25	4.495787010994409e-46
1020.375	4.70460307869409e-46
1020.5	4.4988272257272104e-46
1020.625	4.18972510317124e-46
1020.75	4.668191927880011e-46
1020.875	4.726941267408999e-46
1021.0	5.05725570885649e-46
1021.125	4.489126987536e-46
1021.25	4.120469651236001e-46
1021.375	3.7553641665264404e-46
1021.5	4.13023678664256e-46
1021.625	4.32590164635204e-46
1021.75	4.2696146999811595e-46
1021.875	4.3459373993574395e-46
1022.0	5.0488647436304096e-46
1022.125	5.97450227412025e-46
1022.25	5.6505340480590406e-46
1022.375	5.172623800204091e-46
1022.5	4.048970169348091e-46
1022.625	3.7050051759210005e-46
1022.75	3.91407091248121e-46
1022.875	4.331994927680249e-46
1023.0	4.4805564765562506e-46
1023.125	4.541677995313691e-46
1023.25	4.7639937623062504e-46
1023.375	4.6191646618656405e-46
1023.5	5.0202785013648396e-46
1023.625	4.435994192399999e-46
1023.75	4.02056516514409e-46
1023.875	3.485135643163239e-46
1024.0	4.03222303516816e-46
1024.125	4.42184438225124e-46
1024.25	3.72810719206249e-46
1024.375	4.0992967075839994e-46
1024.5	4.6273585559961594e-46
1024.625	4.69045097187601e-46
1024.75	4.5747888322753596e-46
1024.875	4.52784435527824e-46
1025.0	4.30057385730625e-46
1025.125	4.301753920489e-46
1025.25	4.4710527357849606e-46
1025.375	5.281116992237609e-46
1025.5	4.50176874586384e-46
1025.625	4.2628940048772896e-46
1025.75	4.232210907862439e-46
1025.875	4.43998208700225e-46
1026.0	4.6766778639438414e-46
1026.125	4.00745747263225e-46
1026.25	4.0583323296180905e-46
1026.375	3.87879002286736e-46
1026.5	3.951296362254239e-46
1026.625	4.600837099918441e-46
1026.75	4.4251241248844094e-46
1026.875	4.492843206835839e-46
1027.0	3.572890819764642e-46
1027.125	3.60219825973764e-46
1027.25	3.97268200201744e-46
1027.375	4.3350496309152394e-46
1027.5	5.35880136337225e-46
1027.625	5.376360878943609e-46
1027.75	4.96214607015625e-46
1027.875	4.4026606162032405e-46
1028.0	4.45519970734336e-46
1028.125	4.13898883695025e-46
1028.25	4.4665715709022515e-46
1028.375	5.532842487800249e-46
1028.5	4.8152092265222494e-46
1028.625	4.7441858244710395e-46
1028.75	4.21073149684489e-46
1028.875	4.3010902446489986e-46
1029.0	4.573895681422239e-46
1029.125	4.24701657940681e-46
1029.25	4.051516411676408e-46
1029.375	4.746286631286758e-46
1029.5	4.9018021992019584e-46
1029.625	4.69918211694409e-46
1029.75	4.50856341290884e-46
1029.875	4.183808021008809e-46
1030.0	4.676032144982249e-46
1030.125	5.3684565620490014e-46
1030.25	4.8044725167744906e-46
1030.375	4.317481401024999e-46
1030.5	4.68106197320644e-46
1030.625	5.7765459452691605e-46
1030.75	4.6673778493322505e-46
1030.875	4.223509993923999e-46
1031.0	3.9918885164352086e-46
1031.125	4.877701936704e-46
1031.25	5.208893746460009e-46
1031.375	4.872549862656089e-46
1031.5	4.39300975602064e-46
1031.625	3.7971748556828095e-46
1031.75	3.993309200267559e-46
1031.875	4.436885151272251e-46
1032.0	4.85883973786176e-46
1032.125	4.7326605839304114e-46
1032.25	4.13123714448025e-46
1032.375	4.551495830352251e-46
1032.5	4.868852311065761e-46
1032.625	4.5907369026002505e-46
1032.75	3.6964115241091595e-46
1032.875	4.36816102821316e-46
1033.0	3.89084146246656e-46
1033.125	4.29478124613316e-46
1033.25	5.1158586637369596e-46
1033.375	4.8720139242432086e-46
1033.5	4.422935391621761e-46
1033.625	3.791862010716159e-46
1033.75	3.987670715374089e-46
1033.875	4.2503619635683595e-46
1034.0	4.3900499338291584e-46
1034.125	4.41017304169744e-46
1034.25	4.5450764906422495e-46
1034.375	4.1972749451150396e-46
1034.5	4.1308196703872395e-46
1034.625	4.409047071483609e-46
1034.75	4.8526278659976096e-46
1034.875	4.3420565711040394e-46
1035.0	3.74248447632004e-46
1035.125	4.201224996721e-46
1035.25	4.872901726225e-46
1035.375	5.731861329856358e-46
1035.5	5.433073831920249e-46
1035.625	4.77265848352225e-46
1035.75	4.1434271626809995e-46
1035.875	3.95448501776769e-46
1036.0	4.334726082000248e-46
1036.125	4.624340583184e-46
1036.25	4.57792881249025e-46
1036.375	5.100315455188839e-46
1036.5	5.396192408464361e-46
1036.625	4.920735546183609e-46
1036.75	4.802808123961e-46
1036.875	4.15125343890625e-46
1037.0	3.693965990142491e-46
1037.125	4.362173099858559e-46
1037.25	4.623846428031609e-46
1037.375	4.10510835978489e-46
1037.5	4.0451595470672386e-46
1037.625	3.831761619129959e-46
1037.75	4.7003614522048895e-46
1037.875	4.85364476318121e-46
1038.0	4.82823320044081e-46
1038.125	5.05605445291584e-46
1038.25	4.8570808835379605e-46
1038.375	4.36483853702416e-46
1038.5	4.56121320858009e-46
1038.625	5.00810465652025e-46
1038.75	4.6955557213136085e-46
1038.875	4.40962326804609e-46
1039.0	4.5677366848569595e-46
1039.125	4.52375678265625e-46
1039.25	4.142225059368489e-46
1039.375	5.10879470585449e-46
1039.5	5.3063743915376106e-46
1039.625	3.924762360861689e-46
1039.75	3.803844058749161e-46
1039.875	4.163228079201001e-46
1040.0	4.2173739977251605e-46
1040.125	4.1242375895196096e-46
1040.25	4.41581303434896e-46
1040.375	4.77741781863025e-46
1040.5	4.3401755561574395e-46
1040.625	4.90933136454121e-46
1040.75	4.71814048280961e-46
1040.875	4.9176770229889605e-46
1041.0	4.3569106268979606e-46
1041.125	4.6261991697720095e-46
1041.25	4.808905582330889e-46
1041.375	4.7003107204e-46
1041.5	5.0747415413296894e-46
1041.625	4.8875283114002505e-46
1041.75	4.56532663890625e-46
1041.875	3.57831286112041e-46
1042.0	3.1922918872419603e-46
1042.125	4.135370340721e-46
1042.25	4.195122830360008e-46
1042.375	4.15632093121249e-46
1042.5	3.657173168451689e-46
1042.625	3.647274544699211e-46
1042.75	4.10008555774224e-46
1042.875	4.36151605683049e-46
1043.0	4.255565486764839e-46
1043.125	4.1589210952548895e-46
1043.25	3.973882771599999e-46
1043.375	3.74748966932356e-46
1043.5	3.39676953326929e-46
1043.625	3.92260127691364e-46
1043.75	4.227123252809608e-46
1043.875	4.65714354733056e-46
1044.0	4.16888067758569e-46
1044.125	4.4585433155916896e-46
1044.25	4.612552577373159e-46
1044.375	4.922871087519361e-46
1044.5	4.437524253466239e-46
1044.625	4.4113172183449605e-46
1044.75	5.04414856109124e-46
1044.875	4.5929217579660894e-46
1045.0	4.183725385806489e-46
1045.125	5.29039882751689e-46
1045.25	5.3222748384313604e-46
1045.375	4.28500474264009e-46
1045.5	3.79411455809169e-46
1045.625	3.2503485301072893e-46
1045.75	3.590220428071289e-46
1045.875	4.93975695118096e-46
1046.0	4.87350614888361e-46
1046.125	4.17736983118225e-46
1046.25	3.9581703331280105e-46
1046.375	3.52713903701041e-46
1046.5	4.16691058912144e-46
1046.625	4.0967537091272096e-46
1046.75	4.90172559505281e-46
1046.875	5.4969362723811605e-46
1047.0	4.805614131675209e-46
1047.125	4.4652875452552895e-46
1047.25	4.6253526299668915e-46
1047.375	4.5906473423361606e-46
1047.5	4.60695010933249e-46
1047.625	4.681679478217209e-46
1047.75	4.2636170856678395e-46
1047.875	3.9729315494179605e-46
1048.0	4.3616835500673596e-46
1048.125	4.6221474067239995e-46
1048.25	4.366660108680249e-46
1048.375	4.157770985157689e-46
1048.5	4.31474903856676e-46
1048.625	4.3942057869432105e-46
1048.75	3.990565969128009e-46
1048.875	4.885790796306251e-46
1049.0	5.1093751582132895e-46
1049.125	4.16509647810624e-46
1049.25	3.783371217921e-46
1049.375	3.62841352076025e-46
1049.5	4.4424220531891604e-46
1049.625	4.6758902917324896e-46
1049.75	4.875713117542889e-46
1049.875	4.397579278048359e-46
1050.0	4.60104130201444e-46
1050.125	5.013687483002249e-46
1050.25	5.20344595189969e-46
1050.375	5.143170836736e-46
1050.5	4.6931191157766396e-46
1050.625	3.965213959940249e-46
1050.75	4.22769607295044e-46
1050.875	3.53431840847089e-46
1051.0	4.07010409901001e-46
1051.125	5.1101107164691595e-46
1051.25	4.505407411430249e-46
1051.375	3.99122641626916e-46
1051.5	4.21666470561361e-46
1051.625	4.39278716886529e-46
1051.75	4.689980583877691e-46
1051.875	4.52521511137809e-46
1052.0	4.721542213920999e-46
1052.125	5.230900512302439e-46
1052.25	4.33936310375044e-46
1052.375	4.4255780929536405e-46
1052.5	4.441287758557688e-46
1052.625	4.58516611826001e-46
1052.75	3.99849654130081e-46
1052.875	3.942632775720959e-46
1053.0	4.0410580227868894e-46
1053.125	3.4137096415552903e-46
1053.25	3.3366027297690003e-46
1053.375	3.818576767100409e-46
1053.5	4.018544243382489e-46
1053.625	4.46860787802724e-46
1053.75	4.05753985208896e-46
1053.875	3.84684596570884e-46
1054.0	3.77031228613264e-46
1054.125	4.44498707927044e-46
1054.25	4.36986790084441e-46
1054.375	4.0010416678081595e-46
1054.5	4.7644198265760085e-46
1054.625	4.6534268467080895e-46
1054.75	4.24809528584464e-46
1054.875	3.8152336126012906e-46
1055.0	3.3448715522009993e-46
1055.125	3.1553361898675595e-46
1055.25	3.706371937636e-46
1055.375	3.435027432659289e-46
1055.5	4.2601550306044905e-46
1055.625	4.392176445504e-46
1055.75	3.61216708512804e-46
1055.875	3.66917051496241e-46
1056.0	3.88490683167889e-46
1056.125	4.6692575965622505e-46
1056.25	4.13528005110544e-46
1056.375	3.783331149193689e-46
1056.5	4.739516223849e-46
1056.625	4.6268190684176395e-46
1056.75	4.2995079991502494e-46
1056.875	3.605836780996809e-46
1057.0	3.622477422992489e-46
1057.125	3.7338551719059604e-46
1057.25	4.28815672858225e-46
1057.375	4.32036677682064e-46
1057.5	3.340278935449e-46
1057.625	3.70174252247569e-46
1057.75	3.9382727958672395e-46
1057.875	4.659500426873758e-46
1058.0	4.8232764311768105e-46
1058.125	3.94110956563984e-46
1058.25	3.9948844366084915e-46
1058.375	4.37971054906564e-46
1058.5	4.6070406870432414e-46
1058.625	4.113186770660491e-46
1058.75	4.10363794323844e-46
1058.875	4.1588958074364115e-46
1059.0	4.7233711128912395e-46
1059.125	4.04108697027025e-46
1059.25	4.23453878220025e-46
1059.375	4.682349389551689e-46
1059.5	4.0910220037562514e-46
1059.625	3.9442897397569586e-46
1059.75	4.36129134527025e-46
1059.875	4.3843971085830395e-46
1060.0	3.907074458750409e-46
1060.125	3.6820409693602504e-46
1060.25	3.7192167754344106e-46
1060.375	4.331478353376159e-46
1060.5	4.40201689608256e-46
1060.625	3.880560379430439e-46
1060.75	3.7449316953427595e-46
1060.875	4.86129032175556e-46
1061.0	4.63445785339681e-46
1061.125	4.0147423585968396e-46
1061.25	4.15348924372321e-46
1061.375	4.2291720963240085e-46
1061.5	4.26373395713721e-46
1061.625	3.8807479174899596e-46
1061.75	4.703133038772641e-46
1061.875	4.367273653085289e-46
1062.0	3.95580037969636e-46
1062.125	3.84172348099225e-46
1062.25	3.814705468754411e-46
1062.375	4.726020775845691e-46
1062.5	5.205773853072251e-46
1062.625	4.358287950391689e-46
1062.75	4.447402691659559e-46
1062.875	4.138181606354409e-46
1063.0	4.12348784415129e-46
1063.125	4.924434545984889e-46
1063.25	5.1233281295289995e-46
1063.375	4.224382231032039e-46
1063.5	3.9513035182899595e-46
1063.625	4.13534309104849e-46
1063.75	4.73259183939441e-46
1063.875	4.595432540416e-46
1064.0	4.8162314129539585e-46
1064.125	4.7044889894755585e-46
1064.25	4.3476161547984405e-46
1064.375	5.01527738884225e-46
1064.5	4.40961486840889e-46
1064.625	4.2411015878422494e-46
1064.75	4.569754021822889e-46
1064.875	4.36073167993225e-46
1065.0	4.539213048740409e-46
1065.125	4.07892836071449e-46
1065.25	4.1705436720428095e-46
1065.375	4.846590802206759e-46
1065.5	4.7398353837256886e-46
1065.625	4.4602597293292915e-46
1065.75	4.166776680838559e-46
1065.875	4.50311445214849e-46
1066.0	4.5998882202250006e-46
1066.125	4.1971077708033605e-46
1066.25	4.330320855929289e-46
1066.375	4.908071154638891e-46
1066.5	4.107063380238811e-46
1066.625	3.91086893190889e-46
1066.75	5.11641961206016e-46
1066.875	4.6180578777088895e-46
1067.0	3.8453609840646415e-46
1067.125	3.7248444162073605e-46
1067.25	4.43126202616969e-46
1067.375	4.7731496035652095e-46
1067.5	4.4580407864932895e-46
1067.625	3.82325753135104e-46
1067.75	3.63028088463616e-46
1067.875	4.0374440206566405e-46
1068.0	4.966559902083999e-46
1068.125	4.66900132368384e-46
1068.25	4.20082572679056e-46
1068.375	3.8543238623462395e-46
1068.5	3.7593529868060095e-46
1068.625	4.05034743975625e-46
1068.75	4.0163971698440095e-46
1068.875	4.04526453542649e-46
1069.0	4.28577027218404e-46
1069.125	4.54780319685241e-46
1069.25	4.990937402448359e-46
1069.375	5.4930178134734394e-46
1069.5	5.31749395134864e-46
1069.625	5.706319575132161e-46
1069.75	4.768280155776639e-46
1069.875	4.13533048302144e-46
1070.0	4.28203725431056e-46
1070.125	4.590374810255999e-46
1070.25	4.9505230955244105e-46
1070.375	5.672602067006249e-46
1070.5	5.28899356787344e-46
1070.625	4.2354315026689616e-46
1070.75	4.5209509695078396e-46
1070.875	3.86660940380416e-46
1071.0	3.94977346677369e-46
1071.125	4.6867980717219595e-46
1071.25	4.0469047028639984e-46
1071.375	3.58099647037441e-46
1071.5	3.64791053046016e-46
1071.625	3.88069000084089e-46
1071.75	3.87079378994889e-46
1071.875	3.205749518244489e-46
1072.0	3.809121179808999e-46
1072.125	5.1067575067449595e-46
1072.25	4.70675758573969e-46
1072.375	3.99741561757444e-46
1072.5	3.8203196482704395e-46
1072.625	5.387335306819561e-46
1072.75	5.6920440258002495e-46
1072.875	5.8012739947555596e-46
1073.0	4.8410789401230394e-46
1073.125	4.93179629691904e-46
1073.25	4.574533881855999e-46
1073.375	4.2655690078851605e-46
1073.5	4.458004470361689e-46
1073.625	4.876328755729209e-46
1073.75	4.6104029947880106e-46
1073.875	4.49571661641025e-46
1074.0	4.291852636033689e-46
1074.125	3.9029546627460884e-46
1074.25	3.73583219546601e-46
1074.375	4.0843161031548095e-46
1074.5	4.856719454171562e-46
1074.625	4.33004659207696e-46
1074.75	4.926848786080359e-46
1074.875	4.70395456714404e-46
1075.0	4.8922729022128895e-46
1075.125	4.66773259564096e-46
1075.25	4.8593899411257616e-46
1075.375	4.545745084870091e-46
1075.5	4.7743998016e-46
1075.625	4.6757934175788905e-46
1075.75	4.940342834419241e-46
1075.875	4.9144194888009996e-46
1076.0	4.3864145992536085e-46
1076.125	4.09806701404489e-46
1076.25	4.1778190840179604e-46
1076.375	4.27023378727936e-46
1076.5	4.08521386695744e-46
1076.625	3.86112557164009e-46
1076.75	4.6109544083568905e-46
1076.875	4.9892338684764894e-46
1077.0	4.090261126672358e-46
1077.125	3.5738904322969605e-46
1077.25	3.6736104722222496e-46
1077.375	3.7746051172564896e-46
1077.5	4.4588123281000005e-46
1077.625	4.665588768006759e-46
1077.75	3.940972586456889e-46
1077.875	3.92076195235396e-46
1078.0	4.031473669609001e-46
1078.125	4.866787201536161e-46
1078.25	4.788889290279609e-46
1078.375	3.93978394534321e-46
1078.5	3.65395573394329e-46
1078.625	3.803857321104e-46
1078.75	3.97810125451684e-46
1078.875	4.500166128240249e-46
1079.0	4.85435198368836e-46
1079.125	4.587062649700409e-46
1079.25	4.80857708827024e-46
1079.375	4.62934340096281e-46
1079.5	4.56304026903076e-46
1079.625	4.6572708726552106e-46
1079.75	4.4703118504454396e-46
1079.875	4.41833085070276e-46
1080.0	4.08858590943504e-46
1080.125	4.3854709237825604e-46
1080.25	4.032337895851239e-46
1080.375	4.08830525715364e-46
1080.5	4.287815055616001e-46
1080.625	4.357063837635611e-46
1080.75	4.76077139532864e-46
1080.875	3.962511052872491e-46
1081.0	4.075456538176001e-46
1081.125	3.9428396786222505e-46
1081.25	4.444408155152248e-46
1081.375	4.97026939398201e-46
1081.5	4.35808503304729e-46
1081.625	4.348713817448999e-46
1081.75	4.57975194126025e-46
1081.875	4.09106771526544e-46
1082.0	3.1984346505222398e-46
1082.125	3.66237858824964e-46
1082.25	4.61378457197284e-46
1082.375	4.283238365121961e-46
1082.5	4.9800001765539605e-46
1082.625	4.98901273865604e-46
1082.75	4.20415328257024e-46
1082.875	4.23963213194689e-46
1083.0	4.4459531611404094e-46
1083.125	4.5351041617465595e-46
1083.25	4.7016311373002494e-46
1083.375	4.4609803498708905e-46
1083.5	4.0227590817148895e-46
1083.625	4.506566422556248e-46
1083.75	4.474777544689e-46
1083.875	4.383119088100001e-46
1084.0	4.3772334714192085e-46
1084.125	4.125061738215039e-46
1084.25	4.233757266012159e-46
1084.375	4.03972574666761e-46
1084.5	4.808485427710809e-46
1084.625	4.705914553344e-46
1084.75	4.0767478495776395e-46
1084.875	4.501374111393638e-46
1085.0	4.2460768933212095e-46
1085.125	4.037534441426889e-46
1085.25	5.251778430640809e-46
1085.375	5.51571810340356e-46
1085.5	5.574093874113609e-46
1085.625	5.10827033799289e-46
1085.75	4.2208905357763604e-46
1085.875	4.668136184569e-46
1086.0	5.1700495673404895e-46
1086.125	4.2678924021888386e-46
1086.25	4.3372131800452905e-46
1086.375	4.64633760283225e-46
1086.5	5.02176995401636e-46
1086.625	4.48340139313936e-46
1086.75	4.466854774542252e-46
1086.875	3.925361468756249e-46
1087.0	3.350713043322089e-46
1087.125	4.6057924243210016e-46
1087.25	4.885747030830758e-46
1087.375	4.337439353104e-46
1087.5	4.67208786990169e-46
1087.625	4.169215945209641e-46
1087.75	4.31814259979881e-46
1087.875	4.8482495522508096e-46
1088.0	5.0694125580673594e-46
1088.125	4.53833530750161e-46
1088.25	4.36523048341956e-46
1088.375	4.3104253972609595e-46
1088.5	4.40815345333609e-46
1088.625	4.023764793369759e-46
1088.75	4.13956704797476e-46
1088.875	4.2417128378556105e-46
1089.0	4.21684787551225e-46
1089.125	4.68597934177129e-46
1089.25	4.570630520150891e-46
1089.375	4.1778987992828085e-46
1089.5	5.002467682428089e-46
1089.625	4.887386380643558e-46
1089.75	4.642966093368489e-46
1089.875	4.57125651967009e-46
1090.0	5.383961937299559e-46
1090.125	5.5657198920128405e-46
1090.25	4.46229332987881e-46
1090.375	4.753568115770409e-46
1090.5	4.633552438733439e-46
1090.625	4.6688492055039995e-46
1090.75	4.7122710471075605e-46
1090.875	4.1339510369439985e-46
1091.0	4.3965329170392105e-46
1091.125	4.94391578466724e-46
1091.25	4.3021434390888115e-46
1091.375	4.656935946042249e-46
1091.5	4.86965817559204e-46
1091.625	4.7114414128102494e-46
1091.75	5.51439500597001e-46
1091.875	5.32311046865689e-46
1092.0	5.26423051975921e-46
1092.125	6.166762003571562e-46
1092.25	5.25209239493136e-46
1092.375	4.240660477224961e-46
1092.5	4.617888540685289e-46
1092.625	4.6010919242433605e-46
1092.75	4.197438844731041e-46
1092.875	4.92460985697444e-46
1093.0	5.044821909837609e-46
1093.125	4.593976228749691e-46
1093.25	4.60198901349009e-46
1093.375	4.161776257866242e-46
1093.5	4.7170649062802494e-46
1093.625	4.45444156380304e-46
1093.75	4.78241701712644e-46
1093.875	5.280170690188839e-46
1094.0	5.2332148724084105e-46
1094.125	4.9979614616664106e-46
1094.25	4.309045278976e-46
1094.375	3.9963568299210016e-46
1094.5	5.245423703521e-46
1094.625	5.37889644232704e-46
1094.75	4.99667249084644e-46
1094.875	5.6347284668188895e-46
1095.0	4.5888871676934385e-46
1095.125	4.78447552421136e-46
1095.25	4.7651087289864095e-46
1095.375	4.60706816102724e-46
1095.5	4.7602446946022506e-46
1095.625	4.772798301602251e-46
1095.75	5.4573314390862394e-46
1095.875	5.17435790256225e-46
1096.0	5.12733707853376e-46
1096.125	4.468767690916e-46
1096.25	4.33911063403024e-46
1096.375	4.8009490090062386e-46
1096.5	4.56649717764496e-46
1096.625	5.1484358772722495e-46
1096.75	4.72524818868496e-46
1096.875	4.4157634418352396e-46
1097.0	3.7843123104948095e-46
1097.125	4.8771277300840006e-46
1097.25	5.044192581183999e-46
1097.375	4.5160453347812095e-46
1097.5	3.6624459520032386e-46
1097.625	4.57927600973049e-46
1097.75	4.825782176815689e-46
1097.875	5.5683256729e-46
1098.0	5.6174342107012896e-46
1098.125	4.59626090187664e-46
1098.25	4.339311026061689e-46
1098.375	5.1746217736202495e-46
1098.5	4.6553771420032895e-46
1098.625	5.19570356575396e-46
1098.75	5.158908170329e-46
1098.875	4.9772467734553595e-46
1099.0	4.89295329040441e-46
1099.125	4.425398438301611e-46
1099.25	5.2956595129000004e-46
1099.375	5.501173229764e-46
1099.5	4.4021398455072896e-46
1099.625	4.0933345982408096e-46
1099.75	3.7929712570470404e-46
1099.875	4.2077291256249985e-46
1100.0	4.7628077800416385e-46
1100.125	4.22147238473284e-46
1100.25	4.17986534988961e-46
1100.375	4.92575012028961e-46
1100.5	5.0281954115504406e-46
1100.625	4.9490222397440406e-46
1100.75	4.1010684869902485e-46
1100.875	4.1961076626640896e-46
1101.0	4.759731113088639e-46
1101.125	5.0062442563104405e-46
1101.25	4.97891077321729e-46
1101.375	4.996095346908091e-46
1101.5	4.5302095823552095e-46
1101.625	4.283372062234809e-46
1101.75	4.67351024599809e-46
1101.875	4.414813252628489e-46
1102.0	4.12201210902121e-46
1102.125	4.0791759718090005e-46
1102.25	4.292763394302249e-46
1102.375	4.93558875954225e-46
1102.5	4.7300995345926395e-46
1102.625	4.4281180509283596e-46
1102.75	4.90512819330576e-46
1102.875	4.287659340088959e-46
1103.0	3.942344868049209e-46
1103.125	4.34854782461584e-46
1103.25	4.665185289216e-46
1103.375	4.5870262401433605e-46
1103.5	5.0589258310713595e-46
1103.625	5.458059857250811e-46
1103.75	4.13127007176676e-46
1103.875	4.5207383467278384e-46
1104.0	4.62049813678336e-46
1104.125	4.943857974049438e-46
1104.25	4.6068960206976094e-46
1104.375	4.161557568108159e-46
1104.5	4.53196187444025e-46
1104.625	4.207398056352488e-46
1104.75	3.94218920372809e-46
1104.875	3.759997506483689e-46
1105.0	4.677049832141439e-46
1105.125	4.82079812291856e-46
1105.25	4.2239082851820095e-46
1105.375	4.5617283538920896e-46
1105.5	4.44321585049969e-46
1105.625	4.113498292611209e-46
1105.75	4.829397412921e-46
1105.875	4.82691577479049e-46
1106.0	5.2520882697922486e-46
1106.125	4.51514858756641e-46
1106.25	4.58322887459529e-46
1106.375	5.209927223202249e-46
1106.5	4.7901870715801594e-46
1106.625	4.68455463644224e-46
1106.75	6.035025552315209e-46
1106.875	5.0808784496641595e-46
1107.0	4.3256429131239996e-46
1107.125	5.2940579779239986e-46
1107.25	5.6595548805276094e-46
1107.375	5.586223008768639e-46
1107.5	4.88374463846416e-46
1107.625	5.43129037706641e-46
1107.75	5.61110068568644e-46
1107.875	4.24999788563529e-46
1108.0	4.0717254831928885e-46
1108.125	4.952849804900012e-46
1108.25	4.5082933283856405e-46
1108.375	4.668586461757438e-46
1108.5	4.7497455667592105e-46
1108.625	5.472105533710238e-46
1108.75	5.47637643952281e-46
1108.875	4.8754406415999995e-46
1109.0	4.7786471525368906e-46
1109.125	5.09801848179264e-46
1109.25	4.8859667443372895e-46
1109.375	4.091881665600001e-46
1109.5	4.330950988179689e-46
1109.625	4.5673541293416115e-46
1109.75	4.70098066245025e-46
1109.875	4.478988115044e-46
1110.0	4.6578298298403586e-46
1110.125	4.58242566373201e-46
1110.25	4.713886677511689e-46
1110.375	4.3006659337420895e-46
1110.5	5.3185187734339614e-46
1110.625	4.7619881112040015e-46
1110.75	4.44291569150625e-46
1110.875	5.434827272966559e-46
1111.0	4.86025057792576e-46
1111.125	4.870033768314089e-46
1111.25	4.4161921320864404e-46
1111.375	4.5671220392227594e-46
1111.5	4.95687833346304e-46
1111.625	4.7250795061350404e-46
1111.75	4.17730074894916e-46
1111.875	4.2801241854852095e-46
1112.0	3.890715222108159e-46
1112.125	4.84959983545249e-46
1112.25	5.35397679150244e-46
1112.375	4.5626087814969595e-46
1112.5	5.453989935808409e-46
1112.625	5.1540001007092905e-46
1112.75	4.45670563249921e-46
1112.875	5.063577807360249e-46
1113.0	4.965927006096e-46
1113.125	4.6124851402980895e-46
1113.25	5.1838774369689995e-46
1113.375	5.333435978582889e-46
1113.5	4.51959069530241e-46
1113.625	4.5802916741145585e-46
1113.75	4.895500521052839e-46
1113.875	5.101267184202248e-46
1114.0	5.74012693107844e-46
1114.125	5.41743639999769e-46
1114.25	4.9968911079052895e-46
1114.375	4.211684913121e-46
1114.5	4.62782579313924e-46
1114.625	4.7341952833843594e-46
1114.75	4.633888245550238e-46
1114.875	4.2059951564152895e-46
1115.0	4.373163028278809e-46
1115.125	5.025128774064008e-46
1115.25	4.9852060538062506e-46
1115.375	4.53572900157001e-46
1115.5	4.862026323000089e-46
1115.625	4.83666625426084e-46
1115.75	5.406867086342409e-46
1115.875	5.59549704968809e-46
1116.0	5.12451924034801e-46
1116.125	4.93663653042849e-46
1116.25	4.5776613652089985e-46
1116.375	4.73924975753124e-46
1116.5	4.890861844758489e-46
1116.625	5.071929636930249e-46
1116.75	5.694673958822561e-46
1116.875	5.625880672857208e-46
1117.0	5.29967223714289e-46
1117.125	4.64947788771904e-46
1117.25	4.94562757680289e-46
1117.375	5.083108881540009e-46
1117.5	5.0892246767609995e-46
1117.625	5.10092975516644e-46
1117.75	5.67166513606564e-46
1117.875	5.4063025262284896e-46
1118.0	5.422499513601209e-46
1118.125	5.1301289644494394e-46
1118.25	4.08037899202704e-46
1118.375	5.0453874856359995e-46
1118.5	5.0831909484048895e-46
1118.625	4.5167147657409605e-46
1118.75	4.4441749938894405e-46
1118.875	4.15596783488481e-46
1119.0	4.1901766574624096e-46
1119.125	5.2445291547796906e-46
1119.25	5.34731030559504e-46
1119.375	4.18819417546084e-46
1119.5	4.71123477533641e-46
1119.625	6.4705775752890015e-46
1119.75	6.10127989191361e-46
1119.875	4.7318583053722494e-46
1120.0	4.9672552427560015e-46
1120.125	4.872244806782439e-46
1120.25	4.6331180605304096e-46
1120.375	4.9342474374355595e-46
1120.5	5.06755115933284e-46
1120.625	5.08537362897529e-46
1120.75	5.6825501161e-46
1120.875	5.42092221699876e-46
1121.0	5.479048766874241e-46
1121.125	4.34817873130369e-46
1121.25	5.3301843444486395e-46
1121.375	5.3969316030220895e-46
1121.5	5.122858242478238e-46
1121.625	4.717848987721e-46
1121.75	5.689055010276e-46
1121.875	5.926644667794011e-46
1122.0	4.97489649634576e-46
1122.125	4.864932065412809e-46
1122.25	4.70403958684804e-46
1122.375	4.58801191926025e-46
1122.5	5.016758691268839e-46
1122.625	4.7338562966032885e-46
1122.75	4.9080999550982384e-46
1122.875	5.330407369056249e-46
1123.0	4.8934598519955596e-46
1123.125	4.88775292877169e-46
1123.25	4.97741855996641e-46
1123.375	4.10477405898564e-46
1123.5	4.582367437962249e-46
1123.625	5.2349151712396895e-46
1123.75	5.061474951892841e-46
1123.875	4.90807292697241e-46
1124.0	4.8464049976070395e-46
1124.125	4.331496251890091e-46
1124.25	4.5262898645624106e-46
1124.375	4.623813313269161e-46
1124.5	5.6369082624627604e-46
1124.625	5.231994725909161e-46
1124.75	5.27688204246225e-46
1124.875	5.194057051446759e-46
1125.0	5.06469578804641e-46
1125.125	5.874373072552359e-46
1125.25	4.841277844332161e-46
1125.375	4.3701848147016906e-46
1125.5	4.435290756169e-46
1125.625	4.832187435241691e-46
1125.75	5.404004596452249e-46
1125.875	5.613231839076001e-46
1126.0	5.27744669617636e-46
1126.125	4.56200601475609e-46
1126.25	5.279911034952489e-46
1126.375	5.123701157328359e-46
1126.5	5.27865834559561e-46
1126.625	4.622603630580809e-46
1126.75	4.87993106200356e-46
1126.875	4.04400999356176e-46
1127.0	4.127089762576001e-46
1127.125	4.65343461256041e-46
1127.25	4.8436768980602495e-46
1127.375	4.703677390893689e-46
1127.5	5.093542541788839e-46
1127.625	4.6833707936340894e-46
1127.75	4.6551984917628085e-46
1127.875	3.950862241541761e-46
1128.0	4.16782595884516e-46
1128.125	4.4774115641102504e-46
1128.25	4.83068704422976e-46
1128.375	5.056160585844641e-46
1128.5	4.7768867008809996e-46
1128.625	4.50986256454969e-46
1128.75	4.64149235839129e-46
1128.875	4.437768615841439e-46
1129.0	4.52319274304401e-46
1129.125	4.7979340813096894e-46
1129.25	4.154554784256249e-46
1129.375	4.3063894639296386e-46
1129.5	4.15158066183184e-46
1129.625	4.7415968344326395e-46
1129.75	5.10456030039076e-46
1129.875	4.65040383392025e-46
1130.0	4.8230370487939595e-46
1130.125	4.894624821924009e-46
1130.25	4.7597241317126406e-46
1130.375	5.4483472547302505e-46
1130.5	4.52338415526001e-46
1130.625	4.58745159845569e-46
1130.75	4.5943358909760395e-46
1130.875	4.734519051025e-46
1131.0	5.3212741064476895e-46
1131.125	4.39315479701316e-46
1131.25	3.8007834137760395e-46
1131.375	4.73465787414361e-46
1131.5	5.423758441932961e-46
1131.625	4.89304044367524e-46
1131.75	5.06226960262144e-46
1131.875	4.892422424300409e-46
1132.0	5.228229044330411e-46
1132.125	6.011081985300639e-46
1132.25	5.5973233494756886e-46
1132.375	4.821447612620249e-46
1132.5	5.081737741441001e-46
1132.625	5.5488782138724895e-46
1132.75	5.1970225152644096e-46
1132.875	5.5124475187440415e-46
1133.0	4.98005685913681e-46
1133.125	4.50122687049025e-46
1133.25	5.17676984330256e-46
1133.375	5.17068806287609e-46
1133.5	5.31943437082201e-46
1133.625	4.82222407150969e-46
1133.75	5.6496051213440395e-46
1133.875	4.90731085307401e-46
1134.0	4.81964241171856e-46
1134.125	5.899353613022249e-46
1134.25	5.35233684873924e-46
1134.375	4.8839077318922495e-46
1134.5	5.157481423879208e-46
1134.625	5.971727850201609e-46
1134.75	5.471460386694091e-46
1134.875	4.6714256093736095e-46
1135.0	5.22285341794969e-46
1135.125	4.476139944720999e-46
1135.25	4.14203334144196e-46
1135.375	4.36647162378816e-46
1135.5	4.66183976594436e-46
1135.625	4.600025913242411e-46
1135.75	4.699945199334489e-46
1135.875	4.9688177081402505e-46
1136.0	4.6498181525296915e-46
1136.125	4.31944062493696e-46
1136.25	4.42841181739264e-46
1136.375	4.8021147485798394e-46
1136.5	4.294136758454009e-46
1136.625	4.3426379596600896e-46
1136.75	4.71266266334224e-46
1136.875	4.630075401121e-46
1137.0	5.005333202504039e-46
1137.125	4.51107397225521e-46
1137.25	5.168019286252839e-46
1137.375	5.1963304220252095e-46
1137.5	4.3682521533249605e-46
1137.625	4.5038779996496395e-46
1137.75	4.7086691148302405e-46
1137.875	4.1309469022236094e-46
1138.0	4.7191922858480396e-46
1138.125	5.38908460217604e-46
1138.25	4.56475317670089e-46
1138.375	5.21828279160721e-46
1138.5	5.7218491422976894e-46
1138.625	4.925589436815608e-46
1138.75	4.1176867306305606e-46
1138.875	5.48379025240036e-46
1139.0	6.023350425252249e-46
1139.125	5.0589051384009996e-46
1139.25	4.6966357778872895e-46
1139.375	4.79689062258025e-46
1139.5	5.3626619368608395e-46
1139.625	5.11604956366596e-46
1139.75	5.4643466438736404e-46
1139.875	5.4718365228984896e-46
1140.0	5.34778251324529e-46
1140.125	5.57042414248516e-46
1140.25	4.96340206345636e-46
1140.375	4.75073724146596e-46
1140.5	4.945265981061159e-46
1140.625	4.787418392289e-46
1140.75	4.729955123716e-46
1140.875	4.9884543518310405e-46
1141.0	4.63793179796164e-46
1141.125	4.68102173077561e-46
1141.25	5.215888604224e-46
1141.375	4.634215453639839e-46
1141.5	4.2970205431353595e-46
1141.625	4.760403967225e-46
1141.75	4.7295132053313614e-46
1141.875	4.9661231103999994e-46
1142.0	5.1858757606032405e-46
1142.125	5.307025857422889e-46
1142.25	5.5297314357516105e-46
1142.375	5.5488136704639995e-46
1142.5	5.22630990543376e-46
1142.625	4.27532291337316e-46
1142.75	4.5174237790982414e-46
1142.875	4.90916917656025e-46
1143.0	5.0758224533139585e-46
1143.125	5.34196716388416e-46
1143.25	4.78633188469969e-46
1143.375	4.46194478835856e-46
1143.5	5.14177619985225e-46
1143.625	5.3372324220740095e-46
1143.75	4.71752231540164e-46
1143.875	4.27271347914849e-46
1144.0	4.09400389986025e-46
1144.125	4.17058778348289e-46
1144.25	4.9424279359118406e-46
1144.375	5.2377155923513596e-46
1144.5	4.991450798180249e-46
1144.625	4.07678378956209e-46
1144.75	4.6967961500064905e-46
1144.875	4.7773561812289595e-46
1145.0	5.15271159172225e-46
1145.125	4.9969626400876895e-46
1145.25	4.675423229165291e-46
1145.375	5.1464974120744895e-46
1145.5	4.896961373882409e-46
1145.625	4.590223978368641e-46
1145.75	4.81420031333796e-46
1145.875	4.360832751164489e-46
1146.0	4.701905651188839e-46
1146.125	4.185303777402249e-46
1146.25	4.27592297673025e-46
1146.375	4.752319776338559e-46
1146.5	4.485900702030249e-46
1146.625	4.76834217133156e-46
1146.75	5.315072959313639e-46
1146.875	4.6625354633902495e-46
1147.0	4.199732955625e-46
1147.125	4.60627230723984e-46
1147.25	5.217243461337959e-46
1147.375	4.6230624571086415e-46
1147.5	4.00273926881409e-46
1147.625	4.266350149710249e-46
1147.75	4.33947309285604e-46
1147.875	3.7817810802720394e-46
1148.0	4.3935094449000005e-46
1148.125	5.28851154471696e-46
1148.25	5.90984511289929e-46
1148.375	4.8299371558592395e-46
1148.5	4.5466917755872896e-46
1148.625	3.854947020923609e-46
1148.75	4.4733146764494394e-46
1148.875	4.6956762030108085e-46
1149.0	3.90326325595684e-46
1149.125	4.6851775666344115e-46
1149.25	4.700245680025e-46
1149.375	5.36117811191524e-46
1149.5	5.636152811798889e-46
1149.625	5.811328884632039e-46
1149.75	5.5803880589402495e-46
1149.875	4.1692845521827596e-46
1150.0	4.215241783509159e-46
1150.125	4.77786852688896e-46
1150.25	4.81734281814916e-46
1150.375	5.449576497715841e-46
1150.5	4.6826943173715594e-46
1150.625	4.79141717161636e-46
1150.75	3.99465538649956e-46
1150.875	4.1311509650428896e-46
1151.0	4.8600534888984095e-46
1151.125	5.87511135799641e-46
1151.25	5.18802479799696e-46
1151.375	4.134212918796959e-46
1151.5	4.5701542077056096e-46
1151.625	5.332465141211611e-46
1151.75	4.95106822992016e-46
1151.875	5.7531078229576915e-46
1152.0	5.5217207674896405e-46
1152.125	4.32536754960324e-46
1152.25	3.75902182910809e-46
1152.375	4.2827482981920396e-46
1152.5	4.9007355513602495e-46
1152.625	4.953360347733159e-46
1152.75	4.46622666635601e-46
1152.875	4.8500028428928396e-46
1153.0	4.99194589931569e-46
1153.125	4.265137365796811e-46
1153.25	4.454780103225e-46
1153.375	4.540760807017209e-46
1153.5	4.6324925744707605e-46
1153.625	4.49697065547844e-46
1153.75	4.45044253829184e-46
1153.875	4.27000565376064e-46
1154.0	4.92127903809936e-46
1154.125	4.9124192078448405e-46
1154.25	5.10776543333956e-46
1154.375	4.66223230393209e-46
1154.5	4.856514944000039e-46
1154.625	4.8748988036392894e-46
1154.75	5.14391789562849e-46
1154.875	4.5130328721000006e-46
1155.0	4.8707898525795585e-46
1155.125	5.9241666363132104e-46
1155.25	6.3169689388356104e-46
1155.375	5.74273152216009e-46
1155.5	5.6552730474912404e-46
1155.625	5.7141971784576895e-46
1155.75	4.8275151416244905e-46
1155.875	4.1626988165224894e-46
1156.0	4.9057820099999995e-46
1156.125	4.70235148228836e-46
1156.25	4.657231595844e-46
1156.375	4.574763593578089e-46
1156.5	3.8200252966322495e-46
1156.625	4.4578368268809994e-46
1156.75	4.47025772424256e-46
1156.875	4.597548183072359e-46
1157.0	4.6431992407105594e-46
1157.125	4.444183004753608e-46
1157.25	5.0799691943136895e-46
1157.375	5.416067893678091e-46
1157.5	4.292158006905761e-46
1157.625	4.5592968330010015e-46
1157.75	5.67657452266969e-46
1157.875	4.82440709908089e-46
1158.0	4.71573841494001e-46
1158.125	5.3936903946239995e-46
1158.25	5.436035405042489e-46
1158.375	5.29588733712025e-46
1158.5	4.68593431586361e-46
1158.625	4.36699947532689e-46
1158.75	4.8364529301196915e-46
1158.875	4.4501809508430394e-46
1159.0	4.87584648779761e-46
1159.125	5.8061822803244104e-46
1159.25	5.82751476940516e-46
1159.375	4.925661344565609e-46
1159.5	5.0949536457601615e-46
1159.625	4.653119669302809e-46
1159.75	5.0203815693926405e-46
1159.875	5.3253214444896396e-46
1160.0	5.55321054693001e-46
1160.125	5.24145904658289e-46
1160.25	4.78979137190464e-46
1160.375	5.218060754556248e-46
1160.5	5.1573896755276895e-46
1160.625	4.75622056355121e-46
1160.75	5.199022914659559e-46
1160.875	5.3374985656272895e-46
1161.0	4.9450667310003604e-46
1161.125	4.1881315525562515e-46
1161.25	4.61755245457081e-46
1161.375	4.9304443879681604e-46
1161.5	4.50663817576336e-46
1161.625	4.6768863373210015e-46
1161.75	4.714464220754889e-46
1161.875	5.8446916058520886e-46
1162.0	6.60602262369856e-46
1162.125	6.084248757128999e-46
1162.25	5.676145670635689e-46
1162.375	5.8384829768020896e-46
1162.5	5.39805652103524e-46
1162.625	5.08411537368289e-46
1162.75	5.543883569752089e-46
1162.875	6.244026428024998e-46
1163.0	5.8816595504968905e-46
1163.125	4.5163836568622496e-46
1163.25	4.01197494907225e-46
1163.375	4.84962846384384e-46
1163.5	5.396058606187241e-46
1163.625	5.932259398129e-46
1163.75	5.3891988176390405e-46
1163.875	4.28364649968784e-46
1164.0	4.59448164606564e-46
1164.125	4.72951711987209e-46
1164.25	4.838488278060959e-46
1164.375	5.133359785725611e-46
1164.5	5.203332809642249e-46
1164.625	5.46978851481241e-46
1164.75	5.9223880310584895e-46
1164.875	5.53055309368384e-46
1165.0	5.065537955625e-46
1165.125	4.57582710139489e-46
1165.25	4.6916733979344094e-46
1165.375	4.352864667904e-46
1165.5	5.282386521342489e-46
1165.625	5.4955347869824905e-46
1165.75	4.858029038379689e-46
1165.875	4.6649991073488094e-46
1166.0	5.3888533892121594e-46
1166.125	5.3768812073860905e-46
1166.25	4.8990249065508085e-46
1166.375	5.04429275007009e-46
1166.5	5.048644093793439e-46
1166.625	5.0421817776880895e-46
1166.75	5.2212743561166394e-46
1166.875	5.20798451778081e-46
1167.0	4.67335632494809e-46
1167.125	4.49552197401316e-46
1167.25	5.931506814492249e-46
1167.375	5.932483964694811e-46
1167.5	5.19283190781796e-46
1167.625	4.720836044252251e-46
1167.75	5.02530183324225e-46
1167.875	4.84371079098624e-46
1168.0	4.8789714949923616e-46
1168.125	4.7443191260576394e-46
1168.25	4.86101648530369e-46
1168.375	4.941263959341159e-46
1168.5	4.47002177165476e-46
1168.625	5.31130053895081e-46
1168.75	4.59534979412289e-46
1168.875	5.1199244256250006e-46
1169.0	4.7452222282796096e-46
1169.125	4.30591301481636e-46
1169.25	4.9112481330489604e-46
1169.375	4.870336548079211e-46
1169.5	5.5591166257284094e-46
1169.625	5.7479583001e-46
1169.75	5.290276923624039e-46
1169.875	5.92693096493521e-46
1170.0	6.20915893857856e-46
1170.125	6.132717431769759e-46
1170.25	6.02060884751041e-46
1170.375	5.589644490200409e-46
1170.5	5.5122676741196105e-46
1170.625	5.2778689427376895e-46
1170.75	5.4705453630480896e-46
1170.875	5.5104266659280405e-46
1171.0	4.341482305781759e-46
1171.125	4.2476608190131596e-46
1171.25	3.9982529907942394e-46
1171.375	4.6433005172576105e-46
1171.5	4.5091184704922495e-46
1171.625	5.10125679465444e-46
1171.75	5.4104839463980906e-46
1171.875	4.611766987506252e-46
1172.0	4.47212061517321e-46
1172.125	5.2302619689475606e-46
1172.25	4.7366651618216105e-46
1172.375	4.71381676678276e-46
1172.5	5.99509152735376e-46
1172.625	6.69033039742929e-46
1172.75	5.24856965799049e-46
1172.875	5.0315550335238414e-46
1173.0	5.5244614841392895e-46
1173.125	5.6746381460700105e-46
1173.25	5.0990508364208396e-46
1173.375	5.862220093284838e-46
1173.5	5.527746445456001e-46
1173.625	5.670427762756001e-46
1173.75	5.5215482910062494e-46
1173.875	5.32315522817296e-46
1174.0	4.9605668362889985e-46
1174.125	4.4690589974220085e-46
1174.25	4.35653282991481e-46
1174.375	4.4957878591252915e-46
1174.5	4.46530952175841e-46
1174.625	4.660909659395998e-46
1174.75	5.358520800134409e-46
1174.875	4.41816353447184e-46
1175.0	5.07618518612881e-46
1175.125	5.2056433454264115e-46
1175.25	4.601106510361e-46
1175.375	4.04503444777441e-46
1175.5	4.63771988753956e-46
1175.625	5.7309731418140085e-46
1175.75	5.768371839792249e-46
1175.875	5.1238433098446385e-46
1176.0	5.518555054760252e-46
1176.125	5.55017905557124e-46
1176.25	4.712655716571041e-46
1176.375	4.35127125809401e-46
1176.5	5.11596451776004e-46
1176.625	5.5275433108998414e-46
1176.75	5.54363540345476e-46
1176.875	4.751511037575209e-46
1177.0	4.466600313548889e-46
1177.125	4.608853286976e-46
1177.25	5.3584059842936094e-46
1177.375	5.54447881478089e-46
1177.5	6.028092972306249e-46
1177.625	5.9073336527004914e-46
1177.75	4.97699333798976e-46
1177.875	5.38789609032964e-46
1178.0	5.80309599027456e-46
1178.125	5.12531158000801e-46
1178.25	4.7452954212260094e-46
1178.375	5.280450113929e-46
1178.5	5.169859026809759e-46
1178.625	5.0765650556275594e-46
1178.75	4.396470432886441e-46
1178.875	5.2400479410480105e-46
1179.0	5.449845427692159e-46
1179.125	5.618348163330249e-46
1179.25	5.56924836555025e-46
1179.375	5.3162248216359995e-46
1179.5	5.2376643277113596e-46
1179.625	6.001234886667238e-46
1179.75	5.3791849602489985e-46
1179.875	5.178469595750009e-46
1180.0	5.429787300252161e-46
1180.125	4.219102094452089e-46
1180.25	5.248530253282409e-46
1180.375	5.576400762752159e-46
1180.5	5.058944274574088e-46
1180.625	5.170353802817439e-46
1180.75	5.138339624248359e-46
1180.875	5.2046947043999995e-46
1181.0	5.556929294596e-46
1181.125	5.2369507682822505e-46
1181.25	5.1908992276702495e-46
1181.375	4.88132065751521e-46
1181.5	4.629025831592411e-46
1181.625	4.1594215651559994e-46
1181.75	3.9488144039737605e-46
1181.875	4.71433394475289e-46
1182.0	5.416015763522249e-46
1182.125	5.883875919168039e-46
1182.25	5.50106815374736e-46
1182.375	5.05187702857161e-46
1182.5	5.2301732346318386e-46
1182.625	5.6500134783904884e-46
1182.75	5.7860530737465615e-46
1182.875	5.436273223774891e-46
1183.0	5.4020409092868114e-46
1183.125	5.701687217784359e-46
1183.25	5.058572711954411e-46
1183.375	4.31272774683664e-46
1183.5	4.2686427656163594e-46
1183.625	4.59706232259121e-46
1183.75	5.0318340806249996e-46
1183.875	5.10145374614404e-46
1184.0	4.930434617947239e-46
1184.125	5.844139443690251e-46
1184.25	6.036588560808998e-46
1184.375	5.06563518525156e-46
1184.5	4.71009487779009e-46
1184.625	5.5405580379210014e-46
1184.75	5.1041527258638396e-46
1184.875	5.02441684174521e-46
1185.0	5.07054109051044e-46
1185.125	5.0133856532928094e-46
1185.25	5.906614732467839e-46
1185.375	5.921292963618489e-46
1185.5	6.2929400014728895e-46
1185.625	5.410895198915609e-46
1185.75	4.86626702186689e-46
1185.875	4.3476311674867594e-46
1186.0	5.392343468164e-46
1186.125	6.3388767361987604e-46
1186.25	5.53161047429376e-46
1186.375	5.05833745599504e-46
1186.5	5.640438326544491e-46
1186.625	5.1363042478905605e-46
1186.75	4.84476020985856e-46
1186.875	4.996879931048039e-46
1187.0	5.54439122133961e-46
1187.125	4.898733630848888e-46
1187.25	4.51544565178084e-46
1187.375	4.578497538357759e-46
1187.5	5.01620412909456e-46
1187.625	5.3627392829292095e-46
1187.75	5.394772702225e-46
1187.875	5.1843332649516095e-46
1188.0	5.526094204613159e-46
1188.125	5.51166195271041e-46
1188.25	3.982255722481e-46
1188.375	4.36574739485641e-46
1188.5	5.2391030369356905e-46
1188.625	5.999879766011039e-46
1188.75	5.5569113790240395e-46
1188.875	5.6451673891272105e-46
1189.0	4.7941375227936106e-46
1189.125	4.969859636851239e-46
1189.25	5.312226577998241e-46
1189.375	5.1316592982355595e-46
1189.5	5.067552510006249e-46
1189.625	5.813017922604008e-46
1189.75	5.2960852490062494e-46
1189.875	4.9678868860504894e-46
1190.0	6.584366777204409e-46
1190.125	5.48460005923729e-46
1190.25	4.729574098370561e-46
1190.375	5.94542295364644e-46
1190.5	6.2187307088868896e-46
1190.625	5.62091265239296e-46
1190.75	5.221370327011241e-46
1190.875	4.862585086129e-46
1191.0	5.4554664616359976e-46
1191.125	5.597095282287609e-46
1191.25	5.785374283680249e-46
1191.375	5.1420419599704095e-46
1191.5	4.9886647483176096e-46
1191.625	4.2104171352860115e-46
1191.75	4.265713168816089e-46
1191.875	5.190674128686009e-46
1192.0	5.6660242284174405e-46
1192.125	5.8007190704112385e-46
1192.25	5.290083260327608e-46
1192.375	5.3630426516353594e-46
1192.5	4.97228766085129e-46
1192.625	5.10813518201856e-46
1192.75	5.77830443914816e-46
1192.875	4.63469466212281e-46
1193.0	4.182251998080249e-46
1193.125	4.8390571259244905e-46
1193.25	4.7503300974350396e-46
1193.375	5.000828374510241e-46
1193.5	5.148581095352249e-46
1193.625	4.62679798860049e-46
1193.75	4.0088649062249996e-46
1193.875	5.02736128681284e-46
1194.0	4.9082904833424395e-46
1194.125	4.853403747153638e-46
1194.25	4.50504360607744e-46
1194.375	4.731897025497758e-46
1194.5	5.865602031900251e-46
1194.625	6.47743627852864e-46
1194.75	5.5053189038905595e-46
1194.875	4.8327176613424894e-46
1195.0	5.4608281961222496e-46
1195.125	5.385144445753959e-46
1195.25	4.8361256956324885e-46
1195.375	5.299579232642249e-46
1195.5	5.478909259848999e-46
1195.625	4.36666052661136e-46
1195.75	4.2571990494636095e-46
1195.875	5.1710136925876895e-46
1196.0	5.24739674396809e-46
1196.125	4.8488396724656106e-46
1196.25	5.26670416388601e-46
1196.375	5.272630421596809e-46
1196.5	5.04496790532036e-46
1196.625	5.612646655506249e-46
1196.75	5.261766632086811e-46
1196.875	5.283303600518439e-46
1197.0	5.1286581926468115e-46
1197.125	5.526147802175999e-46
1197.25	5.429981173823999e-46
1197.375	5.82235810570969e-46
1197.5	6.7420781342214405e-46
1197.625	6.07031290380025e-46
1197.75	5.15565796493476e-46
1197.875	5.3103593714308906e-46
1198.0	4.68501133242769e-46
1198.125	5.6807676427832095e-46
1198.25	6.081643291361441e-46
1198.375	5.97513144822724e-46
1198.5	5.36155367990841e-46
1198.625	5.453030137721759e-46
1198.75	5.61851550814464e-46
1198.875	5.8441244554137606e-46
1199.0	5.07134455965316e-46
1199.125	5.205622811155561e-46
1199.25	4.84374996607441e-46
1199.375	5.8536192661651604e-46
1199.5	5.5948957607502385e-46
1199.625	4.597513876105958e-46
1199.75	4.5696488476716906e-46
1199.875	5.341369486284089e-46
1200.0	4.9031098756308894e-46
1200.125	5.049921772649611e-46
1200.25	4.929966112397289e-46
1200.375	5.3878157776556105e-46
1200.5	5.81987302594569e-46
1200.625	4.91112491679364e-46
1200.75	4.60988596716025e-46
1200.875	4.89686754703689e-46
1201.0	4.892824552729e-46
1201.125	5.233147159013291e-46
1201.25	4.67968603986724e-46
1201.375	4.5412215206016386e-46
1201.5	4.52706218287236e-46
1201.625	4.2065050137475586e-46
1201.75	5.1048815818022495e-46
1201.875	5.699957611730561e-46
1202.0	5.485065174866561e-46
1202.125	4.977376617012249e-46
1202.25	5.08091631828544e-46
1202.375	5.89227949864324e-46
1202.5	5.695374613202562e-46
1202.625	4.4342277045123585e-46
1202.75	4.80499289046436e-46
1202.875	5.232175886025e-46
1203.0	4.8771396555700895e-46
1203.125	4.3863253792513605e-46
1203.25	4.5927820282372896e-46
1203.375	5.00877962371809e-46
1203.5	5.3048863981092096e-46
1203.625	5.32508791127104e-46
1203.75	5.64071335034596e-46
1203.875	4.81203539067904e-46
1204.0	5.111957757103209e-46
1204.125	5.0415809050622494e-46
1204.25	4.8980041515922515e-46
1204.375	4.0554456183076894e-46
1204.5	4.19491268768196e-46
1204.625	4.6689140282889994e-46
1204.75	4.913909626755999e-46
1204.875	5.90246490510121e-46
1205.0	5.391069151929759e-46
1205.125	4.9101228448720895e-46
1205.25	5.274177269429289e-46
1205.375	5.71198480258081e-46
1205.5	6.08456695617225e-46
1205.625	5.3204506147440415e-46
1205.75	5.0861890976156096e-46
1205.875	6.04739511468304e-46
1206.0	5.7245395452009995e-46
1206.125	6.590455767656888e-46
1206.25	5.58586895920249e-46
1206.375	4.76713381410289e-46
1206.5	5.5164936240508905e-46
1206.625	5.3536588710062486e-46
1206.75	5.1761123164704085e-46
1206.875	5.031609765625e-46
1207.0	5.29395581925604e-46
1207.125	5.40390184734436e-46
1207.25	5.945849667967691e-46
1207.375	5.5866966680563595e-46
1207.5	4.895716028502249e-46
1207.625	5.563101512679841e-46
1207.75	5.45132092548096e-46
1207.875	5.1386678607689985e-46
1208.0	5.8528010450896895e-46
1208.125	5.787270281085161e-46
1208.25	5.9704576763040005e-46
1208.375	6.29277594184836e-46
1208.5	5.640278255329e-46
1208.625	4.49102432209369e-46
1208.75	4.8002601497401605e-46
1208.875	4.89414032271616e-46
1209.0	5.128945807749759e-46
1209.125	5.3885158643332895e-46
1209.25	5.422114365683561e-46
1209.375	5.96586096212544e-46
1209.5	5.8542705936e-46
1209.625	5.900281473450249e-46
1209.75	6.16765552605225e-46
1209.875	6.612928033969959e-46
1210.0	6.5466887990400394e-46
1210.125	6.658138001434241e-46
1210.25	6.14535869747556e-46
1210.375	5.132250109808999e-46
1210.5	5.52189183674436e-46
1210.625	6.02011173959056e-46
1210.75	6.1146419175120394e-46
1210.875	6.3368214422593584e-46
1211.0	5.76940559650569e-46
1211.125	5.75109416510721e-46
1211.25	5.941311187880248e-46
1211.375	5.3808670531641606e-46
1211.5	5.473992537992251e-46
1211.625	5.348374074087038e-46
1211.75	5.96055407748516e-46
1211.875	6.50183242713481e-46
1212.0	5.195040734874238e-46
1212.125	5.3038407814476095e-46
1212.25	6.29731470991401e-46
1212.375	5.92963749617409e-46
1212.5	6.221841288171611e-46
1212.625	6.06196792492096e-46
1212.75	6.403129124040249e-46
1212.875	5.5386007582982404e-46
1213.0	4.814408757811209e-46
1213.125	5.9888666400992094e-46
1213.25	5.972495689161002e-46
1213.375	5.876542008963998e-46
1213.5	5.079524739156009e-46
1213.625	5.99299678437604e-46
1213.75	6.0414238175886395e-46
1213.875	5.33541810978576e-46
1214.0	5.87171165508225e-46
1214.125	5.91572039640516e-46
1214.25	4.66817421097764e-46
1214.375	5.092111324098491e-46
1214.5	6.33212250636681e-46
1214.625	6.2198639151902514e-46
1214.75	5.2469161619790394e-46
1214.875	5.67434848033881e-46
1215.0	5.4103871833712105e-46
1215.125	5.4339568110080085e-46
1215.25	4.66693756785216e-46
1215.375	5.435897845601439e-46
1215.5	5.596794827421159e-46
1215.625	5.08289515006729e-46
1215.75	5.134654483701759e-46
1215.875	5.9479449355128094e-46
1216.0	6.83638625562256e-46
1216.125	5.876750003560811e-46
1216.25	5.305372852260249e-46
1216.375	6.119617173795999e-46
1216.5	5.85771800614729e-46
1216.625	5.44912549463044e-46
1216.75	4.846229323074089e-46
1216.875	4.59922251856804e-46
1217.0	5.73192309859225e-46
1217.125	6.127872011025209e-46
1217.25	5.3131780531022396e-46
1217.375	4.99241912813284e-46
1217.5	4.2401221968424905e-46
1217.625	4.8497698452924894e-46
1217.75	4.93713779348241e-46
1217.875	4.82974244055625e-46
1218.0	5.30626013573041e-46
1218.125	5.387921159148159e-46
1218.25	5.5247477686752404e-46
1218.375	5.04450971120196e-46
1218.5	5.94823760002081e-46
1218.625	5.162294359864891e-46
1218.75	4.78149420090384e-46
1218.875	5.55902608742569e-46
1219.0	5.815493821622251e-46
1219.125	6.17987083547716e-46
1219.25	6.3200064458212894e-46
1219.375	6.1082993982067596e-46
1219.5	6.20697878888481e-46
1219.625	5.688363330841e-46
1219.75	5.0672756257210016e-46
1219.875	5.6802027824697594e-46
1220.0	6.2849381910884096e-46
1220.125	5.406589918056249e-46
1220.25	5.562335930060249e-46
1220.375	6.1774323742248095e-46
1220.5	6.3922508297580096e-46
1220.625	6.7540291190522485e-46
1220.75	6.264251615091689e-46
1220.875	5.844186342615039e-46
1221.0	5.478148556480251e-46
1221.125	5.99890491846244e-46
1221.25	5.3861896908355614e-46
1221.375	5.018580271873441e-46
1221.5	5.85538896763921e-46
1221.625	6.090565454230411e-46
1221.75	5.8426189568009994e-46
1221.875	6.0857692809990384e-46
1222.0	6.484358710752159e-46
1222.125	6.366035628480159e-46
1222.25	4.9364783356696896e-46
1222.375	5.29385918358544e-46
1222.5	5.50650105424225e-46
1222.625	5.94851807693056e-46
1222.75	6.230828224871289e-46
1222.875	6.32398667461444e-46
1223.0	5.971334907792248e-46
1223.125	5.63045935930921e-46
1223.25	5.16711772377025e-46
1223.375	4.979502544104009e-46
1223.5	4.8927670416e-46
1223.625	5.601098962228811e-46
1223.75	5.210283759941159e-46
1223.875	5.328987109908009e-46
1224.0	4.8841640902102494e-46
1224.125	4.72636209079204e-46
1224.25	4.559158469785959e-46
1224.375	5.83672501269225e-46
1224.5	6.08703587142561e-46
1224.625	5.400721757392089e-46
1224.75	5.322922665316e-46
1224.875	6.261238047211558e-46
1225.0	5.967961706657441e-46
1225.125	5.52972861390625e-46
1225.25	5.691754393304039e-46
1225.375	5.52440131362025e-46
1225.5	5.3456487259428094e-46
1225.625	4.809169613727609e-46
1225.75	5.084029240752639e-46
1225.875	5.1222770247270405e-46
1226.0	5.22009581405841e-46
1226.125	5.38187615674641e-46
1226.25	5.75161841131024e-46
1226.375	6.2038689385948874e-46
1226.5	4.96864428687936e-46
1226.625	5.326578735019241e-46
1226.75	5.65925275385856e-46
1226.875	5.3064246091968404e-46
1227.0	5.9569457099102495e-46
1227.125	5.967833208642009e-46
1227.25	6.232373445372841e-46
1227.375	6.033285893115039e-46
1227.5	6.268428564488999e-46
1227.625	5.560283315440089e-46
1227.75	5.4129996234931605e-46
1227.875	5.7415726817324085e-46
1228.0	5.02225714414449e-46
1228.125	5.57435688725776e-46
1228.25	5.527372624332249e-46
1228.375	5.702778026401e-46
1228.5	5.5473311598952895e-46
1228.625	5.33970698133636e-46
1228.75	5.378168224108841e-46
1228.875	4.886890302413439e-46
1229.0	5.4779173131240095e-46
1229.125	5.7533711882659594e-46
1229.25	5.5459802550902485e-46
1229.375	5.52150035524129e-46
1229.5	5.039872790149209e-46
1229.625	4.633028518298409e-46
1229.75	4.4806987221092095e-46
1229.875	5.1892311505345595e-46
1230.0	5.05580576444161e-46
1230.125	4.605579961782251e-46
1230.25	4.997693191814409e-46
1230.375	5.63710152541561e-46
1230.5	5.7974242722128105e-46
1230.625	4.636370149018241e-46
1230.75	4.83279196566544e-46
1230.875	4.74415271717776e-46
1231.0	5.945087445025e-46
1231.125	5.19601858479729e-46
1231.25	4.8208350095999995e-46
1231.375	4.942463061858012e-46
1231.5	6.280321687249e-46
1231.625	6.29470013956081e-46
1231.75	6.669311931501209e-46
1231.875	6.51907483885441e-46
1232.0	5.65026306359524e-46
1232.125	5.3653564097112095e-46
1232.25	5.16946295021209e-46
1232.375	5.100813216004e-46
1232.5	6.063584651764088e-46
1232.625	5.298099557952011e-46
1232.75	4.8881707838726404e-46
1232.875	5.457502442448039e-46
1233.0	5.185799245225e-46
1233.125	4.9382395062249995e-46
1233.25	4.42919131374736e-46
1233.375	5.48573548192609e-46
1233.5	6.30369232194025e-46
1233.625	6.322700192004001e-46
1233.75	5.77236855268516e-46
1233.875	5.78973154783321e-46
1234.0	5.545418839563691e-46
1234.125	5.06633742692676e-46
1234.25	5.723756234431289e-46
1234.375	5.772468980773688e-46
1234.5	5.1819286682250004e-46
1234.625	4.800948132563559e-46
1234.75	6.062613506406249e-46
1234.875	6.0815505664e-46
1235.0	5.45872991405625e-46
1235.125	5.27560904065636e-46
1235.25	5.4600738897360105e-46
1235.375	5.37786118126656e-46
1235.5	5.141768943699609e-46
1235.625	5.997929170489e-46
1235.75	5.6781280556532894e-46
1235.875	4.9227827814902495e-46
1236.0	4.8748643601902505e-46
1236.125	4.6775308176e-46
1236.25	5.239688098332251e-46
1236.375	5.4756154440108886e-46
1236.5	5.732574324120249e-46
1236.625	5.4507605863449595e-46
1236.75	6.10721347051729e-46
1236.875	6.76709830240609e-46
1237.0	6.258001559360041e-46
1237.125	6.007731889556248e-46
1237.25	6.441829781775999e-46
1237.375	6.179990160913959e-46
1237.5	5.60485075288356e-46
1237.625	5.49863901977329e-46
1237.75	5.62309119711364e-46
1237.875	5.1031790410708905e-46
1238.0	5.5474616430249995e-46
1238.125	5.59346765163169e-46
1238.25	6.381919863014439e-46
1238.375	5.9345910055225595e-46
1238.5	5.66199931041936e-46
1238.625	6.079272615047608e-46
1238.75	6.836743944202242e-46
1238.875	6.5719008864696095e-46
1239.0	5.7686980011699596e-46
1239.125	5.5273843795209996e-46
1239.25	5.4972251253024396e-46
1239.375	5.041034851580009e-46
1239.5	4.9293843971508905e-46
1239.625	4.969824413686089e-46
1239.75	5.700262255492839e-46
1239.875	6.32055047897025e-46
1240.0	5.6080150683750396e-46
1240.125	5.935528941694808e-46
1240.25	5.41409363922025e-46
1240.375	6.065694649341611e-46
1240.5	5.8616472508392095e-46
1240.625	5.3081740827562505e-46
1240.75	5.67778730859664e-46
1240.875	5.3526464010936895e-46
1241.0	5.5992195152889994e-46
1241.125	5.4062467228756905e-46
1241.25	4.505646418740641e-46
1241.375	4.52804693107264e-46
1241.5	5.4518747556250004e-46
1241.625	6.17111897177169e-46
1241.75	6.827575116776408e-46
1241.875	7.105030989096961e-46
1242.0	5.655024778476159e-46
1242.125	6.34016083464976e-46
1242.25	6.0018404781171594e-46
1242.375	5.87401582304161e-46
1242.5	6.0765656677748094e-46
1242.625	5.50817524128004e-46
1242.75	5.993243551344039e-46
1242.875	5.788920210306249e-46
1243.0	5.639408590587209e-46
1243.125	5.3682888130662385e-46
1243.25	5.22539047146769e-46
1243.375	5.60098441627201e-46
1243.5	5.12948890140625e-46
1243.625	5.77240699395556e-46
1243.75	5.645749038162249e-46
1243.875	6.00809318233744e-46
1244.0	5.275469391921e-46
1244.125	4.706790996195999e-46
1244.25	6.0273142024692104e-46
1244.375	5.70504833169049e-46
1244.5	6.321043246392249e-46
1244.625	6.752205368200357e-46
1244.75	5.08084148281284e-46
1244.875	4.9124014766784396e-46
1245.0	4.86981044116609e-46
1245.125	5.914987346380091e-46
1245.25	6.5363549115961585e-46
1245.375	6.014506097601001e-46
1245.5	5.3956330516400395e-46
1245.625	5.343080329308159e-46
1245.75	4.92932445134724e-46
1245.875	4.5025924419196905e-46
1246.0	5.344110850328889e-46
1246.125	5.68679552082009e-46
1246.25	5.8017894430521596e-46
1246.375	4.83098024619081e-46
1246.5	4.588492160267559e-46
1246.625	5.447941116806251e-46
1246.75	5.1511921935264396e-46
1246.875	5.7315544064222495e-46
1247.0	6.01657908608656e-46
1247.125	5.6639225820600915e-46
1247.25	5.61500558176009e-46
1247.375	5.20461303131641e-46
1247.5	5.658765561855999e-46
1247.625	5.89296695888356e-46
1247.75	5.79339289803024e-46
1247.875	5.1941974417152394e-46
1248.0	7.010674322716838e-46
1248.125	7.0010000711640895e-46
1248.25	5.67138840614329e-46
1248.375	6.029965466561441e-46
1248.5	6.11089672371984e-46
1248.625	5.61701897463001e-46
1248.75	5.5124747539559995e-46
1248.875	5.533810224987039e-46
1249.0	5.023441827372959e-46
1249.125	4.9872617422368394e-46
1249.25	5.3114268332008906e-46
1249.375	5.39344375516521e-46
1249.5	5.9030820139508085e-46
1249.625	6.07521192723025e-46
1249.75	6.085871905935999e-46
1249.875	5.7629408552787595e-46
1250.0	6.060507983738009e-46
1250.125	5.6971827678798386e-46
1250.25	5.7091492091827606e-46
1250.375	5.6546975663366394e-46
1250.5	4.73738122056676e-46
1250.625	5.721204745216001e-46
1250.75	5.7965194622544384e-46
1250.875	5.2579375101724895e-46
1251.0	5.0114239816410004e-46
1251.125	4.8978359541302495e-46
1251.25	4.84482712297024e-46
1251.375	5.768254635304809e-46
1251.5	5.5622647047811594e-46
1251.625	5.0383485734275596e-46
1251.75	5.81752933398025e-46
1251.875	5.569202583089639e-46
1252.0	5.24528033240929e-46
1252.125	4.7099594535848095e-46
1252.25	4.6185216363651605e-46
1252.375	5.1687986124006394e-46
1252.5	6.284794291380638e-46
1252.625	6.2069035494096396e-46
1252.75	6.06412935455209e-46
1252.875	5.39133849193536e-46
1253.0	5.0870763548430405e-46
1253.125	5.141334490891208e-46
1253.25	5.256375162897959e-46
1253.375	5.70972124170529e-46
1253.5	5.2599569368321605e-46
1253.625	5.0517646472916115e-46
1253.75	5.0072690671718414e-46
1253.875	5.68794309649281e-46
1254.0	5.307106026426489e-46
1254.125	5.29113856125625e-46
1254.25	5.7255387389760396e-46
1254.375	5.8444222905760004e-46
1254.5	5.811467740041961e-46
1254.625	5.589280875555999e-46
1254.75	5.856394676001211e-46
1254.875	5.64437194704769e-46
1255.0	5.2256958736796105e-46
1255.125	5.23109537641744e-46
1255.25	4.854916034478759e-46
1255.375	5.1446132942760005e-46
1255.5	5.0564749437244885e-46
1255.625	5.1926901687562495e-46
1255.75	5.219570791044e-46
1255.875	5.6496326932993605e-46
1256.0	5.854619499350408e-46
1256.125	5.344213491780249e-46
1256.25	4.522806528058809e-46
1256.375	5.4741090535059594e-46
1256.5	5.3666304634812105e-46
1256.625	5.897323747728361e-46
1256.75	6.32933467432561e-46
1256.875	5.43829815785281e-46
1257.0	5.269649888955242e-46
1257.125	5.9893252571760394e-46
1257.25	5.603252833584809e-46
1257.375	5.916300739618089e-46
1257.5	6.61380908024929e-46
1257.625	6.00303852207801e-46
1257.75	5.8615891449696095e-46
1257.875	5.36620746085776e-46
1258.0	5.630737936389759e-46
1258.125	5.3554915554422495e-46
1258.25	5.7110159474382425e-46
1258.375	6.090066947197209e-46
1258.5	5.112852685779241e-46
1258.625	5.061739078594809e-46
1258.75	5.939156163074559e-46
1258.875	5.99616744107329e-46
1259.0	4.7807870603012115e-46
1259.125	4.336424327908889e-46
1259.25	5.1695493490944894e-46
1259.375	5.4140740939456904e-46
1259.5	4.810130626401e-46
1259.625	5.29077144812329e-46
1259.75	5.25482084172816e-46
1259.875	6.28006156122601e-46
1260.0	6.02154325001889e-46
1260.125	5.0434469606440004e-46
1260.25	5.264685277896041e-46
1260.375	5.1521382161568406e-46
1260.5	5.1182225453312095e-46
1260.625	4.873929576124839e-46
1260.75	4.86486942489601e-46
1260.875	4.54504110086404e-46
1261.0	5.375218285232888e-46
1261.125	5.55950142174025e-46
1261.25	6.088911081669609e-46
1261.375	5.21196434894529e-46
1261.5	5.314135145984639e-46
1261.625	5.227405010633609e-46
1261.75	4.97249058042724e-46
1261.875	4.548626828001e-46
1262.0	5.49921916771396e-46
1262.125	6.3870107587129586e-46
1262.25	5.92623568387321e-46
1262.375	5.654611960071839e-46
1262.5	6.333562958980408e-46
1262.625	5.835357675552249e-46
1262.75	5.7178197451336884e-46
1262.875	5.9788328552910394e-46
1263.0	4.90705300193161e-46
1263.125	5.016479166600039e-46
1263.25	5.297181195472361e-46
1263.375	5.58048680286916e-46
1263.5	5.29776028394496e-46
1263.625	4.8332061457891584e-46
1263.75	5.0644374353302494e-46
1263.875	5.885107253775999e-46
1264.0	5.30265894415009e-46
1264.125	5.25214739694096e-46
1264.25	5.541948773263359e-46
1264.375	5.353058226023289e-46
1264.5	4.8461738475672895e-46
1264.625	5.8592951617236095e-46
1264.75	5.83905275313424e-46
1264.875	5.003934117756249e-46
1265.0	5.24972024903824e-46
1265.125	4.6525411506249986e-46
1265.25	4.390588009128999e-46
1265.375	5.0183168255999994e-46
1265.5	5.5899310401122485e-46
1265.625	5.50909669246225e-46
1265.75	5.47043496659521e-46
1265.875	5.38084478435904e-46
1266.0	5.0858205951169605e-46
1266.125	5.4326948349216396e-46
1266.25	5.8432522675240004e-46
1266.375	5.7309118569832885e-46
1266.5	5.10835531992241e-46
1266.625	4.8130870768500105e-46
1266.75	5.187041779060839e-46
1266.875	5.71082237744929e-46
1267.0	5.000295713182809e-46
1267.125	5.34004066326784e-46
1267.25	5.716596474540248e-46
1267.375	5.441179978375689e-46
1267.5	5.44216392774916e-46
1267.625	5.11291509403536e-46
1267.75	5.6731979896257605e-46
1267.875	5.420236325228009e-46
1268.0	4.742780608614759e-46
1268.125	4.8547503411600405e-46
1268.25	4.50348581930724e-46
1268.375	5.4108826378041595e-46
1268.5	5.6395857478734396e-46
1268.625	5.6056538229264396e-46
1268.75	5.46465614572816e-46
1268.875	4.9876699828046385e-46
1269.0	5.3043433094559994e-46
1269.125	5.9826391160035615e-46
1269.25	6.5795476809564094e-46
1269.375	5.6666259946497595e-46
1269.5	4.88716309811041e-46
1269.625	5.074227483941159e-46
1269.75	5.5320451209e-46
1269.875	5.82531869675809e-46
1270.0	5.134367161761638e-46
1270.125	4.9572746414384406e-46
1270.25	4.76298979275625e-46
1270.375	5.554840910641e-46
1270.5	4.8135596491027596e-46
1270.625	5.28984774109561e-46
1270.75	6.227395974720011e-46
1270.875	7.674695064976e-46
1271.0	6.21157623765156e-46
1271.125	5.1179221098062496e-46
1271.25	6.21892073319696e-46
1271.375	6.6622873131964896e-46
1271.5	6.32066964647364e-46
1271.625	5.72486637916249e-46
1271.75	5.793033305758408e-46
1271.875	5.354815832256249e-46
1272.0	5.210649896151039e-46
1272.125	5.00396722463401e-46
1272.25	4.5489650885980905e-46
1272.375	4.82931654198436e-46
1272.5	5.04011839243264e-46
1272.625	5.30260736266881e-46
1272.75	4.48071904308681e-46
1272.875	4.60998559149129e-46
1273.0	5.2039286451864106e-46
1273.125	5.70338030826001e-46
1273.25	5.3698468478489995e-46
1273.375	5.27857149920164e-46
1273.5	5.57353150955584e-46
1273.625	5.8689776779672895e-46
1273.75	6.114257653506248e-46
1273.875	6.05565574330564e-46
1274.0	5.06779608438756e-46
1274.125	5.953801545705689e-46
1274.25	6.8469577022286396e-46
1274.375	6.439611694321002e-46
1274.5	5.927303453709161e-46
1274.625	4.565212969168809e-46
1274.75	4.90233755935729e-46
1274.875	5.345199732173439e-46
1275.0	6.169866018162249e-46
1275.125	5.66263941282601e-46
1275.25	5.6507018715202505e-46
1275.375	5.4629418400596905e-46
1275.5	5.287709907904409e-46
1275.625	4.21205760796804e-46
1275.75	4.37522311357156e-46
1275.875	4.71468439128976e-46
1276.0	4.62575223183844e-46
1276.125	4.7913926556249994e-46
1276.25	5.0322777904212094e-46
1276.375	4.875855320329209e-46
1276.5	5.5171592718595616e-46
1276.625	5.573522066228639e-46
1276.75	5.83042258327824e-46
1276.875	4.848650742011038e-46
1277.0	5.061225230258889e-46
1277.125	5.560135232437211e-46
1277.25	6.188393069433609e-46
1277.375	5.111741159056e-46
1277.5	5.28008429092356e-46
1277.625	5.25477957969636e-46
1277.75	5.1316896535228895e-46
1277.875	4.99127251416336e-46
1278.0	5.57166471931876e-46
1278.125	5.809263606273959e-46
1278.25	5.43301462733584e-46
1278.375	4.75295984048656e-46
1278.5	4.62721916384784e-46
1278.625	4.9823784442256404e-46
1278.75	4.7450357630860895e-46
1278.875	4.767793216667289e-46
1279.0	4.59159398280025e-46
1279.125	5.69771791831449e-46
1279.25	4.9232309760602505e-46
1279.375	4.355289346489e-46
1279.5	3.95227878754921e-46
1279.625	5.2095337230640915e-46
1279.75	5.756307951822488e-46
1279.875	5.6921952865568385e-46
1280.0	5.5431291991020095e-46
1280.125	5.285576185251609e-46
1280.25	4.52315786392089e-46
1280.375	5.4203140853862395e-46
1280.5	5.761683002920359e-46
1280.625	5.4717378092851596e-46
1280.75	5.1622325597920894e-46
1280.875	5.10880962360976e-46
1281.0	4.92086287588324e-46
1281.125	5.664849828930249e-46
1281.25	4.7708231242179596e-46
1281.375	6.21517215481009e-46
1281.5	5.818132820896359e-46
1281.625	4.80830781045316e-46
1281.75	6.10305847688161e-46
1281.875	6.03786181787721e-46
1282.0	5.44773291863641e-46
1282.125	4.89303513482436e-46
1282.25	4.468891569010089e-46
1282.375	4.91680022951881e-46
1282.5	5.0086789128608415e-46
1282.625	5.27471100294121e-46
1282.75	4.94852615750089e-46
1282.875	5.175061725326439e-46
1283.0	5.1350188593639994e-46
1283.125	5.1126546099239995e-46
1283.25	5.00115218921536e-46
1283.375	5.3818696610644914e-46
1283.5	5.1128531380116106e-46
1283.625	4.7466147337252905e-46
1283.75	3.97889072382649e-46
1283.875	4.21832816567761e-46
1284.0	5.280560414808999e-46
1284.125	5.434293424880409e-46
1284.25	5.430264999790411e-46
1284.375	5.672203373665441e-46
1284.5	5.860635281450009e-46
1284.625	6.2271409397759985e-46
1284.75	5.87122897123161e-46
1284.875	5.029746798474088e-46
1285.0	4.63986505799716e-46
1285.125	4.9097022799110386e-46
1285.25	5.288887778467239e-46
1285.375	5.602598107568641e-46
1285.5	4.954095272932088e-46
1285.625	5.0065552686088894e-46
1285.75	5.606963196667289e-46
1285.875	5.014651697227239e-46
1286.0	5.228380871164088e-46
1286.125	5.23999162896784e-46
1286.25	5.6798200281112895e-46
1286.375	5.84830838092176e-46
1286.5	5.420662383238559e-46
1286.625	4.31455918481289e-46
1286.75	4.843682620234242e-46
1286.875	4.9221211770931605e-46
1287.0	4.88518384412304e-46
1287.125	4.964440304885759e-46
1287.25	5.1365390435635606e-46
1287.375	5.15876689500561e-46
1287.5	5.164761666365441e-46
1287.625	4.9820784512489986e-46
1287.75	5.6284539975576884e-46
1287.875	5.70883524862561e-46
1288.0	4.9443360335476895e-46
1288.125	5.439013177428639e-46
1288.25	5.947071862511609e-46
1288.375	5.94672899159056e-46
1288.5	5.353007325454889e-46
1288.625	6.2138529161520096e-46
1288.75	5.619452305874559e-46
1288.875	4.512591009795999e-46
1289.0	4.813259955744489e-46
1289.125	5.764182038815208e-46
1289.25	5.9197449543667596e-46
1289.375	5.4370291488384406e-46
1289.5	5.190803537222251e-46
1289.625	5.929922891534889e-46
1289.75	6.4600746972232885e-46
1289.875	5.505068317459238e-46
1290.0	5.2540378076934404e-46
1290.125	5.7560776279792904e-46
1290.25	4.952535124212639e-46
1290.375	5.3557512111001594e-46
1290.5	5.85195143311249e-46
1290.625	5.7614300087444096e-46
1290.75	5.377387647480249e-46
1290.875	5.605937468133209e-46
1291.0	4.68401485482225e-46
1291.125	5.9538664509811596e-46
1291.25	5.69138174684689e-46
1291.375	5.92316534702916e-46
1291.5	5.5229831705678395e-46
1291.625	5.2129643389488896e-46
1291.75	5.036735713849289e-46
1291.875	4.912655035401e-46
1292.0	4.7071706688022495e-46
1292.125	4.7605370600902495e-46
1292.25	5.51973439633225e-46
1292.375	5.2792230943360005e-46
1292.5	5.302059785448039e-46
1292.625	4.5004877320860915e-46
1292.75	5.28397755505216e-46
1292.875	4.7568264302249995e-46
1293.0	5.29378049519089e-46
1293.125	5.46699265323201e-46
1293.25	5.146496504638811e-46
1293.375	5.134765064004e-46
1293.5	5.9720905025532096e-46
1293.625	6.413976145372409e-46
1293.75	5.3270777229436894e-46
1293.875	5.15210235287049e-46
1294.0	4.69208105308944e-46
1294.125	4.76937946310281e-46
1294.25	5.88812888728089e-46
1294.375	5.64919868049849e-46
1294.5	5.1133962835239994e-46
1294.625	5.939784935622759e-46
1294.75	5.8419557093904395e-46
1294.875	5.0796590653380086e-46
1295.0	4.830607920787361e-46
1295.125	4.2046376017536895e-46
1295.25	4.789536627001e-46
1295.375	5.504358822768999e-46
1295.5	4.71532582469601e-46
1295.625	5.0758332675209994e-46
1295.75	5.3017894612822496e-46
1295.875	4.938999532995998e-46
1296.0	5.09331234183424e-46
1296.125	5.1171746789592905e-46
1296.25	4.6377306552288096e-46
1296.375	5.2393355926402485e-46
1296.5	5.484846900625e-46
1296.625	6.2146650839289994e-46
1296.75	5.847120558724e-46
1296.875	5.263522035626889e-46
1297.0	4.98254362278544e-46
1297.125	4.537913084548839e-46
1297.25	5.350898866401e-46
1297.375	5.68880075356849e-46
1297.5	5.137218984083559e-46
1297.625	5.058914135209e-46
1297.75	5.215893628655609e-46
1297.875	4.7961258420348105e-46
1298.0	4.4164590232912894e-46
1298.125	5.4042705398556915e-46
1298.25	5.48913261494404e-46
1298.375	5.8898659375011595e-46
1298.5	5.375337918006249e-46
1298.625	5.597670190848159e-46
1298.75	4.5322054170652894e-46
1298.875	4.0768342673358395e-46
1299.0	3.98152019340009e-46
1299.125	4.6895089201507605e-46
1299.25	4.81129353184921e-46
1299.375	4.777852351734009e-46
1299.5	5.473592464041001e-46
1299.625	5.2609193164963595e-46
1299.75	5.35433174446041e-46
1299.875	5.664186754007039e-46
1300.0	5.960578980042089e-46
1300.125	5.6793943899040015e-46
1300.25	5.52077758432225e-46
1300.375	6.09398299768036e-46
1300.5	5.783717645083211e-46
1300.625	4.925338207686089e-46
1300.75	5.0734900079928115e-46
1300.875	5.1384067214691594e-46
1301.0	5.163224586529e-46
1301.125	5.27378686184529e-46
1301.25	5.95756712464384e-46
1301.375	4.88712021076224e-46
1301.5	5.8795905404968895e-46
1301.625	5.037662638886441e-46
1301.75	4.30480167936256e-46
1301.875	5.766928482248999e-46
1302.0	6.4505627056976384e-46
1302.125	5.6500690997587604e-46
1302.25	4.5169872277202496e-46
1302.375	4.9966595259768094e-46
1302.5	5.54941247810481e-46
1302.625	5.4766436897289995e-46
1302.75	5.607505933099289e-46
1302.875	5.47288640428401e-46
1303.0	6.3028422223344405e-46
1303.125	5.79242775256369e-46
1303.25	5.038467090408999e-46
1303.375	5.0545556691092094e-46
1303.5	5.9918212837080896e-46
1303.625	5.8372323693322475e-46
1303.75	5.04312267782404e-46
1303.875	4.9130752834976404e-46
1304.0	5.51715692299641e-46
1304.125	4.71670177484961e-46
1304.25	4.5426592165522495e-46
1304.375	5.18531010668176e-46
1304.5	4.5510580623768095e-46
1304.625	4.81194764567104e-46
1304.75	5.89814458921216e-46
1304.875	5.037480389262239e-46
1305.0	4.3059976780640405e-46
1305.125	4.79156426888164e-46
1305.25	4.750823990682248e-46
1305.375	5.29009016038416e-46
1305.5	6.07289967708516e-46
1305.625	5.5793798814552094e-46
1305.75	5.55457835831409e-46
1305.875	5.92017950553561e-46
1306.0	5.71800339048409e-46
1306.125	5.839502697939688e-46
1306.25	5.9269514149956104e-46
1306.375	5.605606944025689e-46
1306.5	6.658000728224039e-46
1306.625	5.48346334905616e-46
1306.75	5.026224566930489e-46
1306.875	5.47493218436329e-46
1307.0	5.495452269491608e-46
1307.125	5.391587869628489e-46
1307.25	5.973776833987208e-46
1307.375	5.21817177249124e-46
1307.5	4.3628640300090005e-46
1307.625	4.381770919824e-46
1307.75	4.11913287148609e-46
1307.875	4.92750049704676e-46
1308.0	5.746553456808999e-46
1308.125	5.1973229837904396e-46
1308.25	5.195862213803559e-46
1308.375	5.485092342350759e-46
1308.5	5.30091636590961e-46
1308.625	6.024152501342008e-46
1308.75	6.46303607940004e-46
1308.875	5.486434406133211e-46
1309.0	5.237604824425959e-46
1309.125	5.0496422244528096e-46
1309.25	5.0309251871617595e-46
1309.375	4.55582941783321e-46
1309.5	5.15630828740036e-46
1309.625	5.3535478093022496e-46
1309.75	5.750166600450248e-46
1309.875	6.53357461696164e-46
1310.0	5.3348711507560005e-46
1310.125	6.29451347699161e-46
1310.25	6.216566332398487e-46
1310.375	5.985188549760251e-46
1310.5	5.30335209464064e-46
1310.625	5.8263126471553594e-46
1310.75	5.1775985230956895e-46
1310.875	5.140944043224998e-46
1311.0	5.09925813282369e-46
1311.125	5.9623227766542396e-46
1311.25	6.76641468102889e-46
1311.375	6.1404953988052884e-46
1311.5	5.5647238917088894e-46
1311.625	5.4449548341832896e-46
1311.75	6.0028405548302475e-46
1311.875	5.750594882384039e-46
1312.0	5.2307486488890005e-46
1312.125	6.11313559259536e-46
1312.25	5.73561881519104e-46
1312.375	4.8816061124344896e-46
1312.5	4.98787098265764e-46
1312.625	5.89964167915684e-46
1312.75	6.469579961661609e-46
1312.875	5.776483455878559e-46
1313.0	6.55635792208996e-46
1313.125	5.431720132146009e-46
1313.25	5.1989399180185584e-46
1313.375	5.02145488411609e-46
1313.5	5.0939736164788895e-46
1313.625	5.69986641118449e-46
1313.75	4.98793753683481e-46
1313.875	5.0916694971398394e-46
1314.0	4.50462378361801e-46
1314.125	5.24654463083569e-46
1314.25	5.700309051024001e-46
1314.375	5.23990372778896e-46
1314.5	5.588886539622759e-46
1314.625	6.44694908250649e-46
1314.75	5.50430157717504e-46
1314.875	4.9358260312496095e-46
1315.0	6.0593618192444095e-46
1315.125	4.897674398761002e-46
1315.25	5.94253096572249e-46
1315.375	5.07938590725049e-46
1315.5	5.8682271813177595e-46
1315.625	6.717704565462249e-46
1315.75	6.80770912178569e-46
1315.875	5.870261240188839e-46
1316.0	5.5158937768359994e-46
1316.125	5.4106691011402494e-46
1316.25	5.596497219448891e-46
1316.375	5.411862448281e-46
1316.5	5.1629909995065594e-46
1316.625	6.402473756721e-46
1316.75	5.986932027312641e-46
1316.875	5.3717054776360006e-46
1317.0	5.53967679564324e-46
1317.125	5.4033286089372096e-46
1317.25	5.42778957878689e-46
1317.375	5.161698186356411e-46
1317.5	5.1629587340102486e-46
1317.625	5.5127757544860094e-46
1317.75	5.42367320465961e-46
1317.875	4.9962308006250005e-46
1318.0	4.5633154063872395e-46
1318.125	5.40798978357225e-46
1318.25	5.612356207297441e-46
1318.375	5.8369806210433595e-46
1318.5	5.497753614495209e-46
1318.625	6.2825452578003604e-46
1318.75	5.55656957430129e-46
1318.875	5.786175269809002e-46
1319.0	6.742011662674559e-46
1319.125	5.725290846564002e-46
1319.25	5.181511642883559e-46
1319.375	5.1889887753990384e-46
1319.5	5.408470709421609e-46
1319.625	6.197073525420839e-46
1319.75	5.27883847372729e-46
1319.875	4.80362209305889e-46
1320.0	4.57946475299856e-46
1320.125	6.042892274670249e-46
1320.25	5.2824568509121594e-46
1320.375	4.5282695143236095e-46
1320.5	5.0922349849236094e-46
1320.625	5.7502404575628095e-46
1320.75	6.0034609284552095e-46
1320.875	5.4126706493160905e-46
1321.0	5.766943851494441e-46
1321.125	5.6998673661602505e-46
1321.25	4.859645214276089e-46
1321.375	5.08528793639889e-46
1321.5	5.560576657656249e-46
1321.625	5.90187309400441e-46
1321.75	6.15516698732881e-46
1321.875	5.8914114917289994e-46
1322.0	5.290132940835209e-46
1322.125	5.836819717591209e-46
1322.25	5.66826292236996e-46
1322.375	5.603864513852889e-46
1322.5	4.81003631922025e-46
1322.625	5.1376088369443605e-46
1322.75	5.38233782417956e-46
1322.875	5.2300104045465594e-46
1323.0	5.2590446381644894e-46
1323.125	6.324923203599999e-46
1323.25	4.99616687339449e-46
1323.375	4.9092431800334394e-46
1323.5	5.6781890576040096e-46
1323.625	5.0592056361168396e-46
1323.75	4.88641458615696e-46
1323.875	6.17001853188484e-46
1324.0	6.5385072595502515e-46
1324.125	5.75762760433249e-46
1324.25	4.9726208079187585e-46
1324.375	4.3936167643393605e-46
1324.5	4.931434318898889e-46
1324.625	4.363711266920039e-46
1324.75	4.6834582240740094e-46
1324.875	5.2045363778320905e-46
1325.0	5.3850316656024094e-46
1325.125	5.80472841744016e-46
1325.25	6.175959090815291e-46
1325.375	4.9237825940160395e-46
1325.5	5.03390025686025e-46
1325.625	4.48576896373956e-46
1325.75	4.394570539593609e-46
1325.875	5.64235033191424e-46
1326.0	5.8509630384769605e-46
1326.125	5.303006665145641e-46
1326.25	5.531134452364959e-46
1326.375	5.7573977339808394e-46
1326.5	5.65153294340209e-46
1326.625	5.361911199516011e-46
1326.75	6.16032598560016e-46
1326.875	6.6224107206202485e-46
1327.0	5.379852477510809e-46
1327.125	5.9755382046739616e-46
1327.25	6.8452067391571596e-46
1327.375	5.8709687372672385e-46
1327.5	5.01476814367684e-46
1327.625	5.025026105648999e-46
1327.75	5.6105085072614406e-46
1327.875	5.849541793022758e-46
1328.0	6.31157491631104e-46
1328.125	6.4669425827385615e-46
1328.25	5.8784591894515606e-46
1328.375	5.223021621527609e-46
1328.5	5.05176914251881e-46
1328.625	5.207248338048159e-46
1328.75	5.77723719661456e-46
1328.875	5.01557793176196e-46
1329.0	5.1213794611622516e-46
1329.125	5.73810069474889e-46
1329.25	5.2892497666016096e-46
1329.375	5.6938659688332905e-46
1329.5	6.235944910718759e-46
1329.625	5.502040614320409e-46
1329.75	5.00238134928016e-46
1329.875	5.10036423648196e-46
1330.0	4.833394775102888e-46
1330.125	5.285772065112488e-46
1330.25	5.586893322920999e-46
1330.375	5.490257259648041e-46
1330.5	6.0088305082305596e-46
1330.625	5.531418087470891e-46
1330.75	5.3619718678862395e-46
1330.875	5.189211559852809e-46
1331.0	5.19691719375504e-46
1331.125	5.175987641352089e-46
1331.25	4.368367524095999e-46
1331.375	4.9275590998723596e-46
1331.5	4.971268219882809e-46
1331.625	4.6279961727728395e-46
1331.75	4.68992254500441e-46
1331.875	5.971867142592161e-46
1332.0	5.603116488354089e-46
1332.125	5.530031025763238e-46
1332.25	5.5514065378492906e-46
1332.375	4.38637229294224e-46
1332.5	5.018503656682889e-46
1332.625	5.637044068516001e-46
1332.75	6.18752590568644e-46
1332.875	7.008508086465689e-46
1333.0	5.880464951089001e-46
1333.125	5.0301092268902485e-46
1333.25	4.92706320666121e-46
1333.375	5.65178303763441e-46
1333.5	5.53112175245569e-46
1333.625	4.96056193637761e-46
1333.75	5.29704126151204e-46
1333.875	4.997236255410009e-46
1334.0	4.49979277671225e-46
1334.125	4.31185017350025e-46
1334.25	4.691246267112251e-46
1334.375	4.738187449948841e-46
1334.5	5.232393190806249e-46
1334.625	4.823457399416409e-46
1334.75	5.00927871690724e-46
1334.875	4.56389988717796e-46
1335.0	4.442721352396959e-46
1335.125	5.95815586323556e-46
1335.25	5.50459109278225e-46
1335.375	5.40829768528009e-46
1335.5	6.39043109607204e-46
1335.625	5.8074493182250005e-46
1335.75	5.18242128964624e-46
1335.875	5.567756520568361e-46
1336.0	5.23901010765456e-46
1336.125	5.7029227430884905e-46
1336.25	5.25714369685444e-46
1336.375	5.1165621159276094e-46
1336.5	5.3714338473331596e-46
1336.625	5.484688115869209e-46
1336.75	6.921957888289958e-46
1336.875	7.131282373005211e-46
1337.0	6.222548709313691e-46
1337.125	6.569526720637439e-46
1337.25	5.74385596793649e-46
1337.375	5.3119412442720086e-46
1337.5	5.4237882518478395e-46
1337.625	5.992574746296959e-46
1337.75	5.24808306603025e-46
1337.875	5.271533803520411e-46
1338.0	5.87342253171025e-46
1338.125	5.46102075355929e-46
1338.25	4.9521808422201596e-46
1338.375	5.462501970240161e-46
1338.5	5.804547239463841e-46
1338.625	5.5136233898323596e-46
1338.75	4.8975314355468895e-46
1338.875	6.01428292681225e-46
1339.0	6.786440764368039e-46
1339.125	6.64447697195689e-46
1339.25	5.44886451896809e-46
1339.375	5.24824938447364e-46
1339.5	5.00143889026609e-46
1339.625	5.8531024883059615e-46
1339.75	5.3271137285268094e-46
1339.875	4.41101897885476e-46
1340.0	5.24476686919936e-46
1340.125	5.918180118360998e-46
1340.25	5.9302180345752085e-46
1340.375	5.744164658581689e-46
1340.5	5.657385932676e-46
1340.625	5.495503842850809e-46
1340.75	5.413725077125691e-46
1340.875	5.499739779225759e-46
1341.0	6.2500695001932105e-46
1341.125	5.903550455117289e-46
1341.25	4.8637962172825596e-46
1341.375	4.68560182355001e-46
1341.5	5.05818002198404e-46
1341.625	5.01245962121529e-46
1341.75	5.60504583300484e-46
1341.875	5.422357934058489e-46
1342.0	5.47617846327696e-46
1342.125	5.2677479498062486e-46
1342.25	5.589751827343358e-46
1342.375	6.25550020956004e-46
1342.5	5.804976578033608e-46
1342.625	5.3059938507604905e-46
1342.75	4.5576507030902495e-46
1342.875	5.0545696081689985e-46
1343.0	4.2887767444704396e-46
1343.125	4.99142264786064e-46
1343.25	5.786796854006438e-46
1343.375	5.821443631182241e-46
1343.5	5.87805332621809e-46
1343.625	5.767303593745211e-46
1343.75	5.85661925405209e-46
1343.875	5.994902995290809e-46
1344.0	6.002201103721001e-46
1344.125	5.58401144643169e-46
1344.25	5.328273819669159e-46
1344.375	4.933241676536039e-46
1344.5	5.04480034760689e-46
1344.625	5.006448315088361e-46
1344.75	5.244951914596e-46
1344.875	5.68459322488225e-46
1345.0	5.96846545176249e-46
1345.125	6.0505840626422504e-46
1345.25	5.72965271776249e-46
1345.375	5.641062483482409e-46
1345.5	5.849912809476489e-46
1345.625	6.14902863645225e-46
1345.75	5.979197190456089e-46
1345.875	4.8443450947612906e-46
1346.0	4.744894609628409e-46
1346.125	5.4336477135459605e-46
1346.25	5.44003984675449e-46
1346.375	5.003577107303289e-46
1346.5	5.1280408665168385e-46
1346.625	5.3692800529384885e-46
1346.75	5.7106613106009996e-46
1346.875	5.7874588875104404e-46
1347.0	5.194020586752359e-46
1347.125	5.710673259102249e-46
1347.25	5.913409521550089e-46
1347.375	5.8674394294880405e-46
1347.5	6.47898021653281e-46
1347.625	6.178217302404e-46
1347.75	4.47442851594025e-46
1347.875	4.70608679829289e-46
1348.0	6.7536424154844095e-46
1348.125	6.08896240727329e-46
1348.25	6.11469829703056e-46
1348.375	5.999531946993639e-46
1348.5	5.5730890982688085e-46
1348.625	5.0385133303668895e-46
1348.75	4.68447455460609e-46
1348.875	5.26049407878289e-46
1349.0	5.8183788557185595e-46
1349.125	5.145149504580841e-46
1349.25	4.93922710794384e-46
1349.375	5.8922882372929585e-46
1349.5	6.1579603699664404e-46
1349.625	6.03272145436801e-46
1349.75	5.50323508050625e-46
1349.875	4.69079836379001e-46
1350.0	5.392503697152251e-46
1350.125	5.409151670018889e-46
1350.25	5.922186044337641e-46
1350.375	5.7021485540558395e-46
1350.5	4.519535421216009e-46
1350.625	4.76866666774729e-46
1350.75	5.81874357573184e-46
1350.875	5.515343749833608e-46
1351.0	6.0281941276916096e-46
1351.125	6.35282346316864e-46
1351.25	7.034103309094562e-46
1351.375	6.39699225260176e-46
1351.5	5.59504194053281e-46
1351.625	4.6172945962788084e-46
1351.75	5.25913224108804e-46
1351.875	5.706289476412812e-46
1352.0	5.834969728851242e-46
1352.125	6.67268097130089e-46
1352.25	5.35883423512336e-46
1352.375	5.0354300837569605e-46
1352.5	5.8600852715776895e-46
1352.625	5.692066452347041e-46
1352.75	5.53874620080681e-46
1352.875	4.244365118484491e-46
1353.0	5.06076854807104e-46
1353.125	6.303658176255689e-46
1353.25	6.29771823515025e-46
1353.375	6.0963906135689995e-46
1353.5	6.2971009070062494e-46
1353.625	5.98956264857889e-46
1353.75	5.426927135267559e-46
1353.875	5.1165734258433595e-46
1354.0	5.66246236973041e-46
1354.125	6.47367061541281e-46
1354.25	6.120937257187841e-46
1354.375	5.7093518306249994e-46
1354.5	6.28099884210241e-46
1354.625	6.8198815869940904e-46
1354.75	6.624097952063288e-46
1354.875	5.1401640992489985e-46
1355.0	4.8816259973760414e-46
1355.125	5.447046266324639e-46
1355.25	5.877317765123999e-46
1355.375	6.2607265984513605e-46
1355.5	6.0205862735568886e-46
1355.625	5.18587302790144e-46
1355.75	5.140515066716159e-46
1355.875	5.61743989897321e-46
1356.0	6.21424029710884e-46
1356.125	6.51474678096004e-46
1356.25	6.588966882542891e-46
1356.375	5.638188988066409e-46
1356.5	5.4278426974836096e-46
1356.625	5.885097550083999e-46
1356.75	6.134501088056249e-46
1356.875	6.1930986036796895e-46
1357.0	5.95110219004161e-46
1357.125	5.9666499193252885e-46
1357.25	6.30283418858916e-46
1357.375	5.6554285751102495e-46
1357.5	5.0079233899209995e-46
1357.625	5.225152739396491e-46
1357.75	5.464118497061161e-46
1357.875	5.0657112590822505e-46
1358.0	5.0884288154211596e-46
1358.125	5.990245970504411e-46
1358.25	6.39004533974521e-46
1358.375	5.350009708877439e-46
1358.5	5.009361976128159e-46
1358.625	5.797630380363609e-46
1358.75	5.539336462820249e-46
1358.875	5.1894635079523596e-46
1359.0	5.92969106815849e-46
1359.125	6.49322284130809e-46
1359.25	5.6079904399041605e-46
1359.375	5.366339502603209e-46
1359.5	5.216224332930249e-46
1359.625	5.7128022035796086e-46
1359.75	6.484139209447287e-46
1359.875	5.900682273423999e-46
1360.0	5.4709350340089985e-46
1360.125	5.87623899312025e-46
1360.25	6.5243406989852096e-46
1360.375	6.554805815460248e-46
1360.5	5.779499675480999e-46
1360.625	5.4080144339904405e-46
1360.75	5.210140413358241e-46
1360.875	5.706482014035361e-46
1361.0	6.3618454484460114e-46
1361.125	5.5419836145072405e-46
1361.25	5.56216612220025e-46
1361.375	4.530144452664961e-46
1361.5	5.4882020585574395e-46
1361.625	4.817654930106489e-46
1361.75	4.6704163143331594e-46
1361.875	4.6946174904835595e-46
1362.0	5.55778408952209e-46
1362.125	5.7995524670759995e-46
1362.25	5.436570737670249e-46
1362.375	5.407159143834009e-46
1362.5	5.60963356162225e-46
1362.625	4.96929429783396e-46
1362.75	5.927329747476639e-46
1362.875	5.173361167605759e-46
1363.0	5.316637548872251e-46
1363.125	4.950254766922239e-46
1363.25	4.8297305731590385e-46
1363.375	5.247361466944001e-46
1363.5	5.09596356726081e-46
1363.625	4.60867810780224e-46
1363.75	4.75574209136896e-46
1363.875	5.294814995162248e-46
1364.0	5.29792324459524e-46
1364.125	5.9159500007107595e-46
1364.25	6.02217833176129e-46
1364.375	5.8867113840211605e-46
1364.5	6.6923103025000006e-46
1364.625	5.80001774567076e-46
1364.75	5.738262627182409e-46
1364.875	5.25760181750521e-46
1365.0	5.0868084103411596e-46
1365.125	4.9513428110176904e-46
1365.25	5.040224806980249e-46
1365.375	5.2652387234766396e-46
1365.5	6.36829349888484e-46
1365.625	6.54393495805456e-46
1365.75	6.167325724782009e-46
1365.875	5.9934580077159995e-46
1366.0	5.5048670077720895e-46
1366.125	5.175707810331241e-46
1366.25	5.3046740420688396e-46
1366.375	6.332338916113211e-46
1366.5	6.908077587012839e-46
1366.625	5.68386843948225e-46
1366.75	5.5103759615609984e-46
1366.875	5.79095202973609e-46
1367.0	6.2327489204467595e-46
1367.125	6.3120854229049605e-46
1367.25	7.23997304211204e-46
1367.375	6.329627015625e-46
1367.5	5.0056535832912396e-46
1367.625	5.5036901940302515e-46
1367.75	5.317781278992249e-46
1367.875	5.3563112741443596e-46
1368.0	5.58353459286016e-46
1368.125	6.324758727593291e-46
1368.25	5.00332255499664e-46
1368.375	5.49263251285956e-46
1368.5	5.507677699073639e-46
1368.625	5.60242768624704e-46
1368.75	5.2355526256890004e-46
1368.875	5.439896638993958e-46
1369.0	5.236823074192359e-46
1369.125	5.9722126924832105e-46
1369.25	6.1186930022406385e-46
1369.375	6.0636841345340076e-46
1369.5	4.8809494902264106e-46
1369.625	5.8956084220387605e-46
1369.75	5.65971141861904e-46
1369.875	5.19350553661696e-46
1370.0	5.761555785040809e-46
1370.125	4.97855376404929e-46
1370.25	4.720760432907209e-46
1370.375	4.5983896014873594e-46
1370.5	5.902662667968161e-46
1370.625	5.763573193982489e-46
1370.75	5.910665366596e-46
1370.875	5.2124282593204885e-46
1371.0	4.3582958834702396e-46
1371.125	4.356355417094561e-46
1371.25	4.97356233205225e-46
1371.375	5.248556828534409e-46
1371.5	5.88203885997225e-46
1371.625	6.248405601697211e-46
1371.75	5.989736901757209e-46
1371.875	5.78569130399296e-46
1372.0	6.1291801106676095e-46
1372.125	6.7926537379839985e-46
1372.25	6.5997892590302505e-46
1372.375	5.4023556144902396e-46
1372.5	5.300402949408161e-46
1372.625	5.9625415627585576e-46
1372.75	6.29832655882089e-46
1372.875	6.122412376330809e-46
1373.0	5.998496387815838e-46
1373.125	6.26890076799529e-46
1373.25	5.0044616038771596e-46
1373.375	5.52965900861529e-46
1373.5	6.687934416036809e-46
1373.625	6.4990003410076895e-46
1373.75	5.5542790468032394e-46
1373.875	5.4522212640006395e-46
1374.0	5.40956287190089e-46
1374.125	4.9416547520788896e-46
1374.25	5.86764920079361e-46
1374.375	5.868569719671609e-46
1374.5	5.47390784275456e-46
1374.625	9.710701816760009e-46
1374.75	7.92578402367361e-46
1374.875	4.796561225088089e-46
1375.0	5.346039472220157e-46
1375.125	6.735643858281612e-46
1375.25	7.52439901087044e-46
1375.375	6.54659873487684e-46
1375.5	5.14564173576049e-46
1375.625	5.5139967457380094e-46
1375.75	5.54484944630016e-46
1375.875	4.41562643345664e-46
1376.0	4.11689984121025e-46
1376.125	4.7974390594524906e-46
1376.25	5.3498709292494395e-46
1376.375	5.06180432390116e-46
1376.5	5.9684112163022405e-46
1376.625	7.236540090691239e-46
1376.75	5.699807202843609e-46
1376.875	5.7136411759417605e-46
1377.0	5.898199961641001e-46
1377.125	6.019622994064001e-46
1377.25	5.465294345649609e-46
1377.375	5.584728419209e-46
1377.5	6.41542891717809e-46
1377.625	5.972852499364e-46
1377.75	5.2972152586239996e-46
1377.875	4.9656827725134406e-46
1378.0	5.56192037708176e-46
1378.125	5.952849967623689e-46
1378.25	5.914727603653691e-46
1378.375	4.948235638369e-46
1378.5	6.23530714536409e-46
1378.625	6.57793486825225e-46
1378.75	5.750490328324e-46
1378.875	5.727822664369e-46
1379.0	5.568732025819209e-46
1379.125	5.883140964049691e-46
1379.25	5.73529598516484e-46
1379.375	5.6468002642200894e-46
1379.5	5.907997684151291e-46
1379.625	5.908800794006248e-46
1379.75	5.534398812418088e-46
1379.875	6.36998842634896e-46
1380.0	5.915796282081e-46
1380.125	5.7483375892748095e-46
1380.25	6.3673401382092105e-46
1380.375	6.54665604836356e-46
1380.5	6.17330275361424e-46
1380.625	5.97281046363556e-46
1380.75	6.430701068159291e-46
1380.875	5.70655845667216e-46
1381.0	5.44105868209929e-46
1381.125	5.9979228029164904e-46
1381.25	6.1879920670562495e-46
1381.375	5.86063963902564e-46
1381.5	6.0588803443284915e-46
1381.625	5.938812545630411e-46
1381.75	5.43421090223236e-46
1381.875	6.5349023153702504e-46
1382.0	6.819358254378009e-46
1382.125	5.3914411215352886e-46
1382.25	6.10587806505625e-46
1382.375	6.4754655178809595e-46
1382.5	6.075956317970249e-46
1382.625	5.71317889694049e-46
1382.75	5.876173057907611e-46
1382.875	5.2815848892660106e-46
1383.0	5.83646892676225e-46
1383.125	6.4577548712476905e-46
1383.25	6.00020456949225e-46
1383.375	6.50166005712609e-46
1383.5	6.3410295632280114e-46
1383.625	6.06728724114496e-46
1383.75	6.15463309612089e-46
1383.875	6.3385167084092094e-46
1384.0	6.31320046922889e-46
1384.125	5.779078011223691e-46
1384.25	5.0314639635562505e-46
1384.375	5.349162718580488e-46
1384.5	4.812527655006761e-46
1384.625	4.9508488375300895e-46
1384.75	5.981602570092249e-46
1384.875	6.793016535890558e-46
1385.0	6.076013504840409e-46
1385.125	5.101892835169e-46
1385.25	5.704747859289959e-46
1385.375	5.8866123932496396e-46
1385.5	5.64224439121281e-46
1385.625	6.394050087586811e-46
1385.75	6.80980704698449e-46
1385.875	6.64902891775521e-46
1386.0	5.94464515379449e-46
1386.125	5.99481583081969e-46
1386.25	5.9697417663302495e-46
1386.375	5.50672632952225e-46
1386.5	5.627456195076e-46
1386.625	6.052437412968041e-46
1386.75	6.467699915789289e-46
1386.875	5.7875868721921615e-46
1387.0	5.38524191103376e-46
1387.125	5.07802473387729e-46
1387.25	5.68061796398209e-46
1387.375	5.7720370020409595e-46
1387.5	5.711599066983039e-46
1387.625	5.31661541337369e-46
1387.75	6.55177484709225e-46
1387.875	5.74893939486916e-46
1388.0	4.7283089085562515e-46
1388.125	6.363996622033691e-46
1388.25	6.2732991736802496e-46
1388.375	5.700100860134559e-46
1388.5	5.6098647263340895e-46
1388.625	4.52236121032336e-46
1388.75	4.73035138895641e-46
1388.875	5.56264725120225e-46
1389.0	5.969817509041e-46
1389.125	5.8943026689422495e-46
1389.25	5.913719330595998e-46
1389.375	6.801477790074489e-46
1389.5	6.847440224529959e-46
1389.625	6.23395980474201e-46
1389.75	5.9752223805582415e-46
1389.875	5.61839367328801e-46
1390.0	5.632702408892249e-46
1390.125	6.7867877654329585e-46
1390.25	7.168970907043558e-46
1390.375	5.613949737506251e-46
1390.5	5.240823521940249e-46
1390.625	5.70370271645476e-46
1390.75	5.5406498380222496e-46
1390.875	6.65444140809616e-46
1391.0	6.639576659253761e-46
1391.125	6.48015216436449e-46
1391.25	5.8070936275974405e-46
1391.375	5.9085543132032394e-46
1391.5	5.96849232528004e-46
1391.625	5.313964098493691e-46
1391.75	6.1838614045164076e-46
1391.875	7.283199206844092e-46
1392.0	6.519406765306411e-46
1392.125	5.58712307313216e-46
1392.25	6.078019652495998e-46
1392.375	5.954289075937439e-46
1392.5	6.0487546065465585e-46
1392.625	5.9756648299992896e-46
1392.75	6.199356508290489e-46
1392.875	6.79804405617481e-46
1393.0	5.8244281235790404e-46
1393.125	6.422696764416e-46
1393.25	5.506893411664409e-46
1393.375	4.714148521680999e-46
1393.5	5.09220068469025e-46
1393.625	5.918459885732249e-46
1393.75	5.68462708111936e-46
1393.875	5.81221025892676e-46
1394.0	6.493015930716091e-46
1394.125	5.7386808833593594e-46
1394.25	6.027126637428489e-46
1394.375	6.3274856839603606e-46
1394.5	6.280267055325209e-46
1394.625	7.06225628908836e-46
1394.75	7.432142994698489e-46
1394.875	5.9104689283993584e-46
1395.0	5.618067996712959e-46
1395.125	5.18683999383225e-46
1395.25	5.1216216099999986e-46
1395.375	5.9064382901722485e-46
1395.5	5.258238358608009e-46
1395.625	5.618693759186558e-46
1395.75	6.16989930275524e-46
1395.875	6.039533816643689e-46
1396.0	5.693363927144409e-46
1396.125	6.4955148768999996e-46
1396.25	6.10416182386404e-46
1396.375	4.744364867229689e-46
1396.5	5.14123517701264e-46
1396.625	5.724788378408999e-46
1396.75	5.53612852782441e-46
1396.875	6.232667533267209e-46
1397.0	5.45030159666161e-46
1397.125	6.217392142206009e-46
1397.25	5.22797935800625e-46
1397.375	5.146285528014759e-46
1397.5	5.291738942884e-46
1397.625	5.41849268854336e-46
1397.75	5.44175382139489e-46
1397.875	4.910882034601e-46
1398.0	4.6829552937876895e-46
1398.125	5.900360660729639e-46
1398.25	5.8404011895408406e-46
1398.375	4.84209506667121e-46
1398.5	5.57805908947225e-46
1398.625	6.727501712551839e-46
1398.75	6.0372101844022494e-46
1398.875	6.851231389704492e-46
1399.0	6.90505902595441e-46
1399.125	6.2933198052009995e-46
1399.25	6.554026502938889e-46
1399.375	5.7315697284580915e-46
1399.5	5.16133968090724e-46
1399.625	6.21787339120896e-46
1399.75	5.66700592364676e-46
1399.875	5.413614324806249e-46
1400.0	6.11135652860964e-46
1400.125	6.4046388738254395e-46
1400.25	5.7870244237522495e-46
1400.375	5.45302640144656e-46
1400.5	4.726763423366411e-46
1400.625	5.91867445962276e-46
1400.75	6.1873940702772904e-46
1400.875	5.5705336551248384e-46
1401.0	6.08432028952225e-46
1401.125	6.37846796185641e-46
1401.25	6.79586869418769e-46
1401.375	6.27499393803844e-46
1401.5	5.38841001276601e-46
1401.625	4.654406689574762e-46
1401.75	4.96130095944484e-46
1401.875	5.5679245260249976e-46
1402.0	5.8527594339552916e-46
1402.125	5.415898006147239e-46
1402.25	5.766108178492839e-46
1402.375	6.31266780750529e-46
1402.5	5.483598698972249e-46
1402.625	5.507581009516961e-46
1402.75	6.6287541369868914e-46
1402.875	6.52957546605156e-46
1403.0	7.413755831733687e-46
1403.125	5.915914489584089e-46
1403.25	5.5637694947073596e-46
1403.375	5.28128751026704e-46
1403.5	6.20622143219521e-46
1403.625	6.650305887469688e-46
1403.75	6.291140479653159e-46
1403.875	5.82604954858521e-46
1404.0	6.473030983911039e-46
1404.125	5.9140194202504885e-46
1404.25	5.5352132883715614e-46
1404.375	5.686630977689641e-46
1404.5	5.5229305283905595e-46
1404.625	6.825148935001958e-46
1404.75	6.78421672947841e-46
1404.875	6.196298352932249e-46
1405.0	5.460857172995289e-46
1405.125	5.344827974054561e-46
1405.25	5.3108520682179586e-46
1405.375	5.84979090968281e-46
1405.5	5.8849194887560896e-46
1405.625	5.5018717293276095e-46
1405.75	4.949478746357759e-46
1405.875	5.020387395008409e-46
1406.0	5.341980569256249e-46
1406.125	5.46500212494336e-46
1406.25	5.827602640231839e-46
1406.375	5.75656995079609e-46
1406.5	5.0993570404353614e-46
1406.625	5.131116542730241e-46
1406.75	4.9576780903233595e-46
1406.875	5.04544094519481e-46
1407.0	5.865694548864159e-46
1407.125	6.6815937579084114e-46
1407.25	5.50774294153561e-46
1407.375	4.8962656603504885e-46
1407.5	5.147136266646009e-46
1407.625	5.446449740169e-46
1407.75	6.00660984324996e-46
1407.875	6.6599686181722505e-46
1408.0	5.704295493668891e-46
1408.125	5.901385771018239e-46
1408.25	5.501046575760999e-46
1408.375	6.4432674282246395e-46
1408.5	5.7179460009952895e-46
1408.625	5.62593475216809e-46
1408.75	4.885957902652089e-46
1408.875	5.1770032867484095e-46
1409.0	6.60037346380864e-46
1409.125	6.080134132531839e-46
1409.25	5.3328660281400095e-46
1409.375	5.282556600189689e-46
1409.5	5.0415427342439996e-46
1409.625	6.3489344525646396e-46
1409.75	6.284562651408999e-46
1409.875	5.9731355112000096e-46
1410.0	5.397147656246439e-46
1410.125	5.010688397774891e-46
1410.25	5.645852635660089e-46
1410.375	5.8085420024088895e-46
1410.5	6.50843112187129e-46
1410.625	5.893353915653611e-46
1410.75	6.69371974706176e-46
1410.875	5.85379975669129e-46
1411.0	4.879609428662438e-46
1411.125	5.410435099569641e-46
1411.25	6.8765899790200896e-46
1411.375	5.7993708882568884e-46
1411.5	5.297739568787609e-46
1411.625	5.8195632726044094e-46
1411.75	5.504970243049289e-46
1411.875	5.6675639376931595e-46
1412.0	6.0195238733952384e-46
1412.125	5.780482015726889e-46
1412.25	5.597776185444e-46
1412.375	6.1033030525849594e-46
1412.5	5.7906902120560894e-46
1412.625	5.3565390106320395e-46
1412.75	5.6340562385188895e-46
1412.875	6.1472959277508104e-46
1413.0	5.787158658321959e-46
1413.125	5.0746663008039995e-46
1413.25	4.788171099721e-46
1413.375	4.697572042976889e-46
1413.5	5.772693865977609e-46
1413.625	6.68268203581456e-46
1413.75	6.26796889671744e-46
1413.875	5.953537536163841e-46
1414.0	6.085087932568409e-46
1414.125	6.2473197874032075e-46
1414.25	5.4330351391238395e-46
1414.375	5.18791410122049e-46
1414.5	4.7537093981800905e-46
1414.625	5.609740143120999e-46
1414.75	6.010974599095209e-46
1414.875	5.405625e-46
1415.0	5.768288259421209e-46
1415.125	5.47212752271241e-46
1415.25	5.44679187519769e-46
1415.375	5.71955827697604e-46
1415.5	6.47204437485369e-46
1415.625	5.887282052932839e-46
1415.75	6.1602152888796084e-46
1415.875	6.035394543616e-46
1416.0	6.295854799377639e-46
1416.125	6.41225663684356e-46
1416.25	6.234296376563289e-46
1416.375	6.76517759102025e-46
1416.5	6.1590160554322496e-46
1416.625	6.2582537231600406e-46
1416.75	5.715365206489001e-46
1416.875	5.8538757280665596e-46
1417.0	5.966304530404e-46
1417.125	6.18106762233009e-46
1417.25	5.310025235540641e-46
1417.375	6.2947217163265596e-46
1417.5	6.4955668690560396e-46
1417.625	5.720940203691691e-46
1417.75	5.93118874657024e-46
1417.875	6.6036890715073596e-46
1418.0	6.4292947445091605e-46
1418.125	5.56651213210849e-46
1418.25	6.257576794922009e-46
1418.375	6.1382822466024884e-46
1418.5	5.130897727052249e-46
1418.625	4.4781441496387604e-46
1418.75	5.17115740952041e-46
1418.875	6.0483940607128875e-46
1419.0	6.4968137236710406e-46
1419.125	6.734215993354239e-46
1419.25	6.431663725256249e-46
1419.375	5.7540399425639996e-46
1419.5	5.488195967562009e-46
1419.625	5.88063615500529e-46
1419.75	6.215933049235291e-46
1419.875	5.893022792514009e-46
1420.0	6.8325396032212894e-46
1420.125	6.254590342540409e-46
1420.25	7.23880477870729e-46
1420.375	6.864055212329639e-46
1420.5	4.80409858408516e-46
1420.625	5.742768906056248e-46
1420.75	5.90486160606241e-46
1420.875	4.872577675750559e-46
1421.0	6.099654195604838e-46
1421.125	5.63106445458496e-46
1421.25	5.387280994072889e-46
1421.375	5.941133740624811e-46
1421.5	5.837355587844e-46
1421.625	4.648224751065641e-46
1421.75	4.9283200803239994e-46
1421.875	5.98588630177041e-46
1422.0	6.71370904002276e-46
1422.125	6.22698522629184e-46
1422.25	5.69452600598436e-46
1422.375	6.416053031450409e-46
1422.5	7.38818883775729e-46
1422.625	6.86128098238209e-46
1422.75	5.9897819338896116e-46
1422.875	5.616956880144e-46
1423.0	6.3296350664275586e-46
1423.125	6.51491064608329e-46
1423.25	5.68845825539121e-46
1423.375	5.2294510384804904e-46
1423.5	5.3755363815120886e-46
1423.625	5.3069885375760396e-46
1423.75	5.9975951224014396e-46
1423.875	6.729768315892091e-46
1424.0	6.5452831523000104e-46
1424.125	5.72972117690896e-46
1424.25	5.89375836460096e-46
1424.375	6.499305242502249e-46
1424.5	5.9219981754433605e-46
1424.625	5.7508956005062486e-46
1424.75	5.310662637656249e-46
1424.875	6.256097486448641e-46
1425.0	6.814310849352249e-46
1425.125	7.22572516342681e-46
1425.25	5.931437647388488e-46
1425.375	5.86592802423684e-46
1425.5	6.18462087734404e-46
1425.625	6.717390954848999e-46
1425.75	7.11954472125625e-46
1425.875	5.6955512154531595e-46
1426.0	5.50738904101929e-46
1426.125	6.21657431097481e-46
1426.25	5.73614091858564e-46
1426.375	5.2718180499359986e-46
1426.5	4.96861798417609e-46
1426.625	5.00100414555625e-46
1426.75	5.643264883802489e-46
1426.875	5.52526535609689e-46
1427.0	5.3354874055827596e-46
1427.125	5.6220445514420095e-46
1427.25	6.152705624039039e-46
1427.375	6.601369805831611e-46
1427.5	6.185455008306249e-46
1427.625	5.80367897362276e-46
1427.75	5.79611643765625e-46
1427.875	5.3070793033580115e-46
1428.0	5.48466282293449e-46
1428.125	5.223244678275611e-46
1428.25	4.99050400798096e-46
1428.375	5.15725795902409e-46
1428.5	5.6226567822816395e-46
1428.625	5.73638712971536e-46
1428.75	5.87408756291289e-46
1428.875	5.07992456761344e-46
1429.0	5.449382274637439e-46
1429.125	5.6778707072808895e-46
1429.25	6.21141573434944e-46
1429.375	5.253947038201e-46
1429.5	5.7827672533822496e-46
1429.625	5.73109044572416e-46
1429.75	6.1777813355044896e-46
1429.875	7.888042976356e-46
1430.0	6.27074518599936e-46
1430.125	5.40582541685761e-46
1430.25	5.3684116124788885e-46
1430.375	5.20762121365369e-46
1430.5	4.9835034983264396e-46
1430.625	6.2742394565862385e-46
1430.75	6.50115570948496e-46
1430.875	5.10522863131009e-46
1431.0	5.484767273764e-46
1431.125	6.84781547325561e-46
1431.25	7.378359030282249e-46
1431.375	6.8592070944774386e-46
1431.5	7.14381386791396e-46
1431.625	5.936043985440039e-46
1431.75	5.3575106481220905e-46
1431.875	5.81079324614569e-46
1432.0	5.311382123020958e-46
1432.125	5.4781532375702495e-46
1432.25	6.5089877974752385e-46
1432.375	5.3675214643974385e-46
1432.5	6.010260186522241e-46
1432.625	6.565447909969e-46
1432.75	6.7108508619609994e-46
1432.875	5.724917582399998e-46
1433.0	5.93015958982561e-46
1433.125	5.5842264861702376e-46
1433.25	5.429830641880089e-46
1433.375	5.3509923201294406e-46
1433.5	5.71782500576676e-46
1433.625	5.058860604319209e-46
1433.75	5.0155913690625605e-46
1433.875	5.3039646839424405e-46
1434.0	5.863259319322241e-46
1434.125	6.54296853917529e-46
1434.25	6.43455568013476e-46
1434.375	6.68501812581604e-46
1434.5	5.64668810343121e-46
1434.625	6.131134103101289e-46
1434.75	5.8398458468752906e-46
1434.875	6.3769941284952096e-46
1435.0	6.88216617257689e-46
1435.125	5.673976404121001e-46
1435.25	5.49113315649889e-46
1435.375	6.190005667972841e-46
1435.5	5.786437466502251e-46
1435.625	6.398971273313441e-46
1435.75	6.6960008366342395e-46
1435.875	5.31953585246161e-46
1436.0	6.16604186858256e-46
1436.125	6.2092516345689985e-46
1436.25	5.7149836598502385e-46
1436.375	4.99015864627569e-46
1436.5	5.419536974502009e-46
1436.625	6.070051251006758e-46
1436.75	5.896113960672251e-46
1436.875	4.8067067718520895e-46
1437.0	4.7953151361126395e-46
1437.125	6.3753214986120095e-46
1437.25	6.6914938859808396e-46
1437.375	5.053517488008999e-46
1437.5	6.1312277005185594e-46
1437.625	6.508214274848039e-46
1437.75	7.158725125704361e-46
1437.875	7.017443650497639e-46
1438.0	5.40144638784144e-46
1438.125	5.923057775528889e-46
1438.25	5.95187553289156e-46
1438.375	6.492924198010891e-46
1438.5	6.6811574376422514e-46
1438.625	5.4093888999664894e-46
1438.75	5.53489050217104e-46
1438.875	5.42629397481649e-46
1439.0	4.7817049975209996e-46
1439.125	5.423952207844e-46
1439.25	5.477206293786239e-46
1439.375	4.88508924608644e-46
1439.5	5.46249121912729e-46
1439.625	5.6583678308097594e-46
1439.75	6.183669429902249e-46
1439.875	6.416794206576641e-46
1440.0	5.55966741628809e-46
1440.125	5.710674692923239e-46
1440.25	5.219091484995609e-46
1440.375	5.59154030087844e-46
1440.5	5.6802542622465595e-46
1440.625	6.26349027165156e-46
1440.75	5.210183782339289e-46
1440.875	4.8371654951224896e-46
1441.0	6.019337901669209e-46
1441.125	6.233299171637759e-46
1441.25	4.781095799240889e-46
1441.375	5.0946335797702506e-46
1441.5	5.29738281409936e-46
1441.625	6.176848308667559e-46
1441.75	6.330938860814489e-46
1441.875	5.03822511972081e-46
1442.0	5.164781665363359e-46
1442.125	5.41145627676369e-46
1442.25	5.6606054876872905e-46
1442.375	6.1176724377704095e-46
1442.5	5.65753054798096e-46
1442.625	5.4442352242322494e-46
1442.75	5.6434976906620895e-46
1442.875	5.728906874682248e-46
1443.0	6.280830427122251e-46
1443.125	6.430614341263361e-46
1443.25	6.192885084180641e-46
1443.375	6.082438387600001e-46
1443.5	6.9602533117326385e-46
1443.625	7.447467198423039e-46
1443.75	6.06082113000225e-46
1443.875	6.348871459990889e-46
1444.0	6.20069562230416e-46
1444.125	5.902353148680809e-46
1444.25	5.955686382756251e-46
1444.375	6.10426905098761e-46
1444.5	5.8697422745760104e-46
1444.625	5.529188714075289e-46
1444.75	5.8419397571102495e-46
1444.875	5.350026825156248e-46
1445.0	5.434599743239839e-46
1445.125	5.783428575376e-46
1445.25	5.19727054935529e-46
1445.375	4.980143445752249e-46
1445.5	5.9488175847920395e-46
1445.625	7.06111520872081e-46
1445.75	6.70661031471376e-46
1445.875	6.946121694060159e-46
1446.0	6.1586576978944895e-46
1446.125	6.612319616537611e-46
1446.25	5.9851396205702476e-46
1446.375	5.13572816001025e-46
1446.5	5.5673634165812086e-46
1446.625	5.91809789233881e-46
1446.75	5.774716107483211e-46
1446.875	5.814600141643239e-46
1447.0	6.30876498735025e-46
1447.125	6.8395304703001585e-46
1447.25	6.4068448556851584e-46
1447.375	5.9358953659824895e-46
1447.5	6.1838246008620904e-46
1447.625	6.25999199040576e-46
1447.75	5.56525231279369e-46
1447.875	6.70813988605929e-46
1448.0	5.83457020071025e-46
1448.125	5.9084376376928395e-46
1448.25	5.8926746862822404e-46
1448.375	5.2193190269724096e-46
1448.5	4.9852855402900894e-46
1448.625	5.60981830353025e-46
1448.75	6.803781860835999e-46
1448.875	6.3869870025512096e-46
1449.0	5.42966240276496e-46
1449.125	5.1856398399999995e-46
1449.25	5.396885140528089e-46
1449.375	6.13771489945744e-46
1449.5	6.230490249025e-46
1449.625	5.688954833409e-46
1449.75	5.9316271272462395e-46
1449.875	6.170838263335839e-46
1450.0	6.1744029893571606e-46
1450.125	6.764271954697959e-46
1450.25	5.77498381190416e-46
1450.375	5.4569025408019575e-46
1450.5	6.134589262186091e-46
1450.625	6.703421204131559e-46
1450.75	7.264626457268411e-46
1450.875	6.78741770444929e-46
1451.0	6.77699438740921e-46
1451.125	6.78302176735225e-46
1451.25	6.23205390102724e-46
1451.375	6.2373399176088885e-46
1451.5	6.38742776236321e-46
1451.625	6.088617937656249e-46
1451.75	5.39745292591561e-46
1451.875	5.69458614142224e-46
1452.0	5.8304196857264394e-46
1452.125	5.524362296974439e-46
1452.25	6.03364795345225e-46
1452.375	6.87018984836209e-46
1452.5	6.557002681560249e-46
1452.625	5.287427072928361e-46
1452.75	5.701170027571289e-46
1452.875	6.84278475086089e-46
1453.0	5.98164316930404e-46
1453.125	5.344624992180249e-46
1453.25	5.17651046786916e-46
1453.375	5.224146552576641e-46
1453.5	5.583900383572839e-46
1453.625	5.23228659652864e-46
1453.75	5.6069518307400906e-46
1453.875	5.784856678894409e-46
1454.0	7.008238587940841e-46
1454.125	5.945901850083999e-46
1454.25	6.239602328064159e-46
1454.375	7.01951959629376e-46
1454.5	6.254429784641639e-46
1454.625	6.78816387351025e-46
1454.75	6.92196893833225e-46
1454.875	6.132006716263211e-46
1455.0	5.31001325293156e-46
1455.125	6.064634186844841e-46
1455.25	5.947767389220249e-46
1455.375	5.9816377886776886e-46
1455.5	6.804935868579839e-46
1455.625	7.182693731003042e-46
1455.75	9.35681598521569e-46
1455.875	4.3106210443024e-45
1456.0	2.4084946074050557e-43
1456.125	4.304442746168009e-42
1456.25	3.544698987716409e-42
1456.375	1.0040548152069759e-43
1456.5	3.025355310432901e-45
1456.625	6.617360765454244e-45
1456.75	6.4338768715254005e-43
1456.875	1.25891451858496e-42
1457.0	1.4140117808091036e-43
1457.125	1.269777038512761e-45
1457.25	6.43946045192464e-46
1457.375	6.659158305690248e-46
1457.5	7.032008766642247e-46
1457.625	7.07056126137729e-46
1457.75	6.882283176192359e-46
1457.875	7.400164297170488e-46
1458.0	6.66233583873001e-46
1458.125	6.636103671244961e-46
1458.25	6.516846043969959e-46
1458.375	6.380785628870889e-46
1458.5	6.2493570165379606e-46
1458.625	6.879747096499838e-46
1458.75	7.159704421253761e-46
1458.875	6.49439301841801e-46
1459.0	6.0050629735290005e-46
1459.125	5.87765668966641e-46
1459.25	6.812439304225001e-46
1459.375	6.497368372840958e-46
1459.5	6.6088229163216095e-46
1459.625	5.638486277770091e-46
1459.75	5.34869091254169e-46
1459.875	6.1855435478700894e-46
1460.0	6.2383993879694415e-46
1460.125	5.86348741900321e-46
1460.25	6.8763078197122495e-46
1460.375	7.356348883080997e-46
1460.5	6.0199974027648895e-46
1460.625	5.299162103682811e-46
1460.75	5.958693368892251e-46
1460.875	6.2998404686728895e-46
1461.0	8.612263944622811e-46
1461.125	2.001800837937121e-45
1461.25	1.8131785214963556e-43
1461.375	1.9299683282889998e-42
1461.5	1.1256008980035599e-42
1461.625	3.4533063928947603e-44
1461.75	5.457194544883211e-44
1461.875	1.039806192792676e-43
1462.0	8.531608377290438e-43
1462.125	7.985172783722434e-43
1462.25	9.509654682019841e-42
1462.375	9.993285966412807e-42
1462.5	4.6293875763976095e-43
1462.625	3.833509464225001e-44
1462.75	1.44307291763209e-44
1462.875	5.64495688137924e-44
1463.0	8.44045025317209e-42
1463.125	1.799769303521344e-41
1463.25	2.2209717355562498e-42
1463.375	1.1368116540676905e-44
1463.5	1.403384735997729e-45
1463.625	7.98712608342016e-46
1463.75	6.3925046726040895e-46
1463.875	6.2788522213904406e-46
1464.0	6.6360727585177596e-46
1464.125	6.3361040308116085e-46
1464.25	5.68980827315761e-46
1464.375	7.267371067958438e-46
1464.5	5.96990302558225e-46
1464.625	5.5934577184206394e-46
1464.75	6.4374036301752115e-46
1464.875	7.063009973529757e-46
1465.0	6.40411299709801e-46
1465.125	6.7106850690010005e-46
1465.25	6.08185587093561e-46
1465.375	5.6953440660639994e-46
1465.5	6.37371674780841e-46
1465.625	6.898550577684639e-46
1465.75	6.513285358573209e-46
1465.875	6.13382791432356e-46
1466.0	6.152503219776001e-46
1466.125	6.59283063074064e-46
1466.25	6.7336617048999974e-46
1466.375	6.735179305461758e-46
1466.5	5.9949132787814396e-46
1466.625	6.8596539046548106e-46
1466.75	7.184387089418487e-46
1466.875	6.74019991991025e-46
1467.0	6.961806260052251e-46
1467.125	7.49663688120169e-46
1467.25	1.2397691696467358e-45
1467.375	1.122680717319184e-43
1467.5	2.610433542129604e-43
1467.625	4.6891303936e-44
1467.75	1.828260674167225e-43
1467.875	1.847023130678049e-41
1468.0	3.4170572882712004e-41
1468.125	3.52139824321321e-42
1468.25	2.4568681535999997e-44
1468.375	2.927261968847329e-45
1468.5	9.104404643320359e-46
1468.625	7.42236734736484e-46
1468.75	7.769103725645438e-46
1468.875	7.398341792114489e-46
1469.0	6.29063934835609e-46
1469.125	7.528086688948811e-46
1469.25	6.2393660271072894e-46
1469.375	5.90989665057841e-46
1469.5	5.976207525160888e-46
1469.625	5.466556361262239e-46
1469.75	6.40302487031601e-46
1469.875	6.21855714591225e-46
1470.0	6.95181670224804e-46
1470.125	1.1513061105336037e-45
1470.25	1.4933631866497603e-42
1470.375	7.034188179379361e-42
1470.5	2.05763131046916e-42
1470.625	1.39736111926009e-44
1470.75	6.039084847979402e-43
1470.875	8.260468036571686e-43
1471.0	5.646265134206408e-44
1471.125	1.2960134640349686e-45
1471.25	8.66258458488361e-46
1471.375	1.099312643821456e-45
1471.5	3.3142171639006426e-45
1471.625	2.5947188431316095e-44
1471.75	1.63530616592281e-42
1471.875	2.9122169078016e-41
1472.0	2.3892654468927687e-41
1472.125	6.652352992793764e-43
1472.25	6.000376471637411e-43
1472.375	2.602666844962921e-41
1472.5	3.4999529281599997e-41
1472.625	2.3208871055376396e-42
1472.75	3.0240243123728396e-44
1472.875	3.6517264039942547e-45
1473.0	1.3499542090087289e-45
1473.125	8.751674972329e-46
1473.25	7.778047435008009e-46
1473.375	8.061826081560249e-46
1473.5	9.190554298693289e-46
1473.625	1.4016066892894438e-45
1473.75	7.428505108378177e-45
1473.875	2.1742683039025004e-43
1474.0	1.1595786132873962e-41
1474.125	1.6829246806062246e-41
1474.25	1.2355945343289997e-42
1474.375	1.4758760726209596e-44
1474.5	1.8838438466929e-45
1474.625	9.411365548466012e-46
1474.75	6.757977871243211e-46
1474.875	1.125855279890289e-45
1475.0	6.762560722457758e-44
1475.125	2.62267595523684e-42
1475.25	1.0005242730342249e-41
1475.375	2.5223798752800396e-42
1475.5	6.44001010980625e-46
1475.625	6.013024909608999e-46
1475.75	6.36494720949409e-46
1475.875	6.6929322197280405e-46
1476.0	6.31154627629681e-46
1476.125	6.2852455503366384e-46
1476.25	6.944401888954082e-45
1476.375	2.65780342278441e-44
1476.5	7.327708224937156e-45
1476.625	5.909099786496001e-46
1476.75	6.068760808710252e-46
1476.875	6.69161029213609e-46
1477.0	6.88996246592644e-46
1477.125	6.0674202539395614e-46
1477.25	5.454569124903609e-46
1477.375	5.42672446399561e-46
1477.5	6.02019663415921e-46
1477.625	9.223486835976359e-46
1477.75	2.206649873400064e-45
1477.875	1.6007932884451598e-44
1478.0	1.3564140481736098e-42
1478.125	1.7980031298196892e-41
1478.25	1.2149889074694812e-41
1478.375	2.1878640471028804e-43
1478.5	7.332099239671684e-45
1478.625	2.504149420341529e-45
1478.75	1.2854603399024885e-45
1478.875	8.265377751848999e-46
1479.0	6.5446947392520086e-46
1479.125	6.849615449328999e-46
1479.25	7.547099598402252e-46
1479.375	6.846083762604839e-46
1479.5	6.33177474868324e-46
1479.625	7.875125495237159e-46
1479.75	6.986411613760409e-46
1479.875	6.7923024170611605e-46
1480.0	6.794278585105689e-46
1480.125	6.57478522126336e-46
1480.25	5.57127619809601e-46
1480.375	5.3402079703209994e-46
1480.5	5.70574771303849e-46
1480.625	6.029957608647839e-46
1480.75	6.538371736576001e-46
1480.875	6.32546744832324e-46
1481.0	7.140439065600001e-46
1481.125	6.5992780368359996e-46
1481.25	6.91259430826969e-46
1481.375	7.319126394854558e-46
1481.5	6.75636256944016e-46
1481.625	7.237730231809001e-46
1481.75	5.5686310261480895e-46
1481.875	7.15826172285184e-46
1482.0	7.345123873683211e-46
1482.125	7.425875702115998e-46
1482.25	1.3614468330885212e-45
1482.375	1.9040591552522497e-44
1482.5	1.3947213186822399e-42
1482.625	2.3392503387366397e-42
1482.75	2.1597493024486087e-43
1482.875	2.097446545260544e-45
1483.0	8.939413509179039e-46
1483.125	7.860283982952041e-46
1483.25	7.102269239068889e-46
1483.375	9.33846613681216e-46
1483.5	1.1961515532597764e-45
1483.625	3.5709784067368955e-45
1483.75	2.18077254618721e-44
1483.875	7.0137924925985426e-43
1484.0	3.4861522510606086e-41
1484.125	4.900054460151322e-41
1484.25	3.4727764863976894e-42
1484.375	6.42295070418681e-42
1484.5	5.137262333391205e-41
1484.625	3.5009655908057634e-41
1484.75	8.11778165541841e-42
1484.875	1.538769375576801e-43
1485.0	5.910839925068168e-45
1485.125	1.487881034909721e-45
1485.25	8.95458763063089e-46
1485.375	7.702696954352888e-46
1485.5	5.96171869390161e-46
1485.625	4.805900871932249e-46
1485.75	6.39230139566001e-46
1485.875	7.235473781548959e-46
1486.0	5.79028017126001e-46
1486.125	5.1872567780249986e-46
1486.25	7.07515365903921e-46
1486.375	7.090792490457637e-46
1486.5	5.9258807556942396e-46
1486.625	5.7564317527922495e-46
1486.75	5.57446124428209e-46
1486.875	5.74068134558961e-46
1487.0	7.037239606176161e-46
1487.125	6.827505612140159e-46
1487.25	5.61331760538481e-46
1487.375	5.18023198975129e-46
1487.5	5.1669604244060086e-46
1487.625	6.0602731293488395e-46
1487.75	6.568766524560249e-46
1487.875	6.20932190457121e-46
1488.0	5.7552345860489995e-46
1488.125	5.84055634221049e-46
1488.25	6.573463732802889e-46
1488.375	5.773907745078489e-46
1488.5	5.1164345409436905e-46
1488.625	6.70853409102244e-46
1488.75	6.69207954854916e-46
1488.875	6.045118160596839e-46
1489.0	5.842672134244001e-46
1489.125	5.70456777072169e-46
1489.25	6.06333348602569e-46
1489.375	6.418743858576e-46
1489.5	6.962756160912248e-46
1489.625	6.59471079868561e-46
1489.75	4.9587584879289976e-46
1489.875	5.487963575184091e-46
1490.0	5.603566244536089e-46
1490.125	6.0161650484838414e-46
1490.25	6.7627880074032096e-46
1490.375	6.511410200262249e-46
1490.5	6.6240737590017584e-46
1490.625	6.14401962359689e-46
1490.75	7.056663379131609e-46
1490.875	7.54391757913249e-46
1491.0	6.833634353708409e-46
1491.125	5.46411101691844e-46
1491.25	5.9637107690409994e-46
1491.375	6.84629308438084e-46
1491.5	8.31521297604321e-46
1491.625	7.62271513840225e-46
1491.75	6.245679247014489e-46
1491.875	6.05944058996761e-46
1492.0	5.75626092699681e-46
1492.125	6.1201995168736895e-46
1492.25	6.652003890074409e-46
1492.375	6.463566912141159e-46
1492.5	6.236470330014759e-46
1492.625	5.0781806736276094e-46
1492.75	5.829869646851289e-46
1492.875	6.79668415343401e-46
1493.0	6.097824249755289e-46
1493.125	5.3442754470072095e-46
1493.25	4.50168175505889e-46
1493.375	5.39959842065296e-46
1493.5	6.375467945967209e-46
1493.625	6.7155483164062505e-46
1493.75	6.843652201406249e-46
1493.875	6.82275139437609e-46
1494.0	6.7293771192784894e-46
1494.125	5.545393877955999e-46
1494.25	5.598739646623359e-46
1494.375	6.200709566981759e-46
1494.5	5.53599911919616e-46
1494.625	6.1800985491841586e-46
1494.75	6.9361275976784114e-46
1494.875	6.2677090266444884e-46
1495.0	6.05847962212441e-46
1495.125	6.435980337467559e-46
1495.25	7.50899088841444e-46
1495.375	7.155564545127689e-46
1495.5	6.6734316567619586e-46
1495.625	6.384075943594409e-46
1495.75	6.813304829268639e-46
1495.875	6.57204137096049e-46
1496.0	6.6178179901439985e-46
1496.125	6.15518137691044e-46
1496.25	5.68934266589649e-46
1496.375	5.157263863520999e-46
1496.5	5.8797437880148896e-46
1496.625	7.043165571153689e-46
1496.75	7.0006407570817605e-46
1496.875	6.9551650978660895e-46
1497.0	5.66275173192369e-46
1497.125	5.7538955382384095e-46
1497.25	5.9053738595062524e-46
1497.375	6.2128304280250014e-46
1497.5	6.062658319211559e-46
1497.625	5.82546302912016e-46
1497.75	6.3492408529e-46
1497.875	6.7262401752001596e-46
1498.0	7.122277268840247e-46
1498.125	6.75369127258225e-46
1498.25	6.8717353386002486e-46
1498.375	6.89276664138241e-46
1498.5	7.319589564675997e-46
1498.625	9.02581188054121e-46
1498.75	8.322909960981159e-46
1498.875	7.057229211789161e-46
1499.0	7.975013841644889e-46
1499.125	7.024905345934439e-46
1499.25	8.16896711774025e-46
1499.375	9.057110112710893e-46
1499.5	7.717820163312251e-46
1499.625	7.78599229298881e-46
1499.75	7.44078863840481e-46
1499.875	6.8112768308692915e-46
1500.0	6.650064512229609e-46
1500.125	6.56519321852689e-46
1500.25	6.517223354956089e-46
1500.375	6.47759611058884e-46
1500.5	6.17224485064009e-46
1500.625	6.808215307982489e-46
1500.75	7.864744613991037e-46
1500.875	6.5502913617036895e-46
1501.0	6.24926852140369e-46
1501.125	6.1205384463728406e-46
1501.25	6.218101803988839e-46
1501.375	6.9350873437891586e-46
1501.5	7.602472230015608e-46
1501.625	7.536696797720251e-46
1501.75	6.737097830464e-46
1501.875	5.4361286666704894e-46
1502.0	6.046973132728362e-46
1502.125	6.427916970355689e-46
1502.25	6.535958128703999e-46
1502.375	6.213305518090089e-46
1502.5	6.130500729831039e-46
1502.625	5.866941419329001e-46
1502.75	6.2690134384800395e-46
1502.875	5.75103085428249e-46
1503.0	5.6556915976320395e-46
1503.125	5.856921279599289e-46
1503.25	5.938423611921609e-46
1503.375	6.13293585505225e-46
1503.5	6.7292142105144084e-46
1503.625	6.28979514527296e-46
1503.75	5.71849886504689e-46
1503.875	6.706194931276839e-46
1504.0	6.73047083808801e-46
1504.125	6.090785099942561e-46
1504.25	6.27661727899684e-46
1504.375	5.7704533784582394e-46
1504.5	6.454391761950249e-46
1504.625	6.35104160820529e-46
1504.75	6.66330741904689e-46
1504.875	6.881294710572839e-46
1505.0	6.799629912099998e-46
1505.125	6.5971229006822505e-46
1505.25	5.519283318540249e-46
1505.375	5.308687875481002e-46
1505.5	6.210316192960362e-46
1505.625	5.489741314588091e-46
1505.75	5.7334865808999986e-46
1505.875	6.145131624693759e-46
1506.0	6.18653294598564e-46
1506.125	5.7817621163702484e-46
1506.25	6.29234046673444e-46
1506.375	5.75948449153476e-46
1506.5	6.33785206858281e-46
1506.625	6.902421019066811e-46
1506.75	6.962071698046439e-46
1506.875	5.889297084798762e-46
1507.0	5.83868014816321e-46
1507.125	6.49326106406884e-46
1507.25	6.366793085750248e-46
1507.375	6.64006006402596e-46
1507.5	7.055594468921611e-46
1507.625	6.40614728295424e-46
1507.75	6.953784294608411e-46
1507.875	6.263079836133158e-46
1508.0	5.97522922495524e-46
1508.125	7.328155977014888e-46
1508.25	7.25340326572449e-46
1508.375	5.78356998294916e-46
1508.5	5.4643630070452894e-46
1508.625	6.304005160972839e-46
1508.75	6.626683775837159e-46
1508.875	6.538403955118089e-46
1509.0	6.3258502444504894e-46
1509.125	5.5219425940659605e-46
1509.25	5.580130572900001e-46
1509.375	5.3247620809891596e-46
1509.5	6.503843409379561e-46
1509.625	6.253612021717291e-46
1509.75	6.80828314879969e-46
1509.875	6.30182549212969e-46
1510.0	5.88708309209344e-46
1510.125	6.77568917263716e-46
1510.25	6.189626009236811e-46
1510.375	6.889623336404641e-46
1510.5	6.76797342978241e-46
1510.625	5.7355972609744894e-46
1510.75	6.4931820704872896e-46
1510.875	7.483821410174762e-46
1511.0	7.182572593036839e-46
1511.125	5.91848956578916e-46
1511.25	6.271861583792251e-46
1511.375	6.50941539765136e-46
1511.5	7.115540778508407e-46
1511.625	7.747755343440999e-46
1511.75	6.9562564408065604e-46
1511.875	1.524142057028644e-45
1512.0	2.7570642301245157e-45
1512.125	1.218580262932561e-45
1512.25	6.714115327921e-46
1512.375	7.27191906518016e-46
1512.5	7.015231871560888e-46
1512.625	6.457185652460488e-46
1512.75	5.7255961665552404e-46
1512.875	6.2298402828390405e-46
1513.0	7.190111356706887e-46
1513.125	5.88782071988224e-46
1513.25	5.67003771809281e-46
1513.375	7.278590487727689e-46
1513.5	6.877170574096e-46
1513.625	5.738211843392251e-46
1513.75	4.56513177736561e-46
1513.875	4.62001579385284e-46
1514.0	6.599682388834088e-46
1514.125	6.5090250460968096e-46
1514.25	5.7815543668876904e-46
1514.375	5.9649230746886385e-46
1514.5	6.643532025025001e-46
1514.625	6.4117253831822485e-46
1514.75	6.4561839899648395e-46
1514.875	6.338773006864e-46
1515.0	7.168319219960891e-46
1515.125	7.200351122408998e-46
1515.25	6.03188491530816e-46
1515.375	6.6918400032528096e-46
1515.5	7.22147541076809e-46
1515.625	7.220176975297689e-46
1515.75	6.990411849357688e-46
1515.875	6.555387001801e-46
1516.0	6.94561620484369e-46
1516.125	5.8954972161602484e-46
1516.25	5.161225634255611e-46
1516.375	6.636914640841e-46
1516.5	6.818213469006809e-46
1516.625	7.388678107871287e-46
1516.75	6.319438303110489e-46
1516.875	6.366365149656488e-46
1517.0	6.6511770409537596e-46
1517.125	5.810490001817639e-46
1517.25	6.59615102118729e-46
1517.375	6.896066123710439e-46
1517.5	5.829158353225e-46
1517.625	6.544054166598011e-46
1517.75	6.23351039066001e-46
1517.875	6.91099165225225e-46
1518.0	7.345210057943041e-46
1518.125	7.450739088657639e-46
1518.25	7.428001935183212e-46
1518.375	7.380578968628407e-46
1518.5	6.6292314832243595e-46
1518.625	6.2678547334785596e-46
1518.75	5.87268580640625e-46
1518.875	5.4653191263248404e-46
1519.0	6.30885440509489e-46
1519.125	6.6362742077508906e-46
1519.25	6.61994202645504e-46
1519.375	6.49256746587289e-46
1519.5	5.8871888806089996e-46
1519.625	5.57827684877376e-46
1519.75	6.560210049906489e-46
1519.875	7.011973377771612e-46
1520.0	6.50886788825289e-46
1520.125	6.2190803359105595e-46
1520.25	5.60834140071969e-46
1520.375	5.5371831468840016e-46
1520.5	6.20378674389604e-46
1520.625	6.5672344761145596e-46
1520.75	6.93026895763216e-46
1520.875	6.9532859099905614e-46
1521.0	5.3366562624961595e-46
1521.125	6.2592639302744084e-46
1521.25	6.5058251149736094e-46
1521.375	6.07398797193444e-46
1521.5	6.3280280264718414e-46
1521.625	6.3943363335062494e-46
1521.75	6.33150601050256e-46
1521.875	6.650380673422239e-46
1522.0	7.454014427656811e-46
1522.125	6.35724263426329e-46
1522.25	5.8007648313972915e-46
1522.375	6.5707534817736095e-46
1522.5	7.369515192162012e-46
1522.625	6.7124171883888896e-46
1522.75	6.28124495257744e-46
1522.875	6.5025122400057596e-46
1523.0	6.7566505749936396e-46
1523.125	6.0724876488672405e-46
1523.25	6.6160513068259585e-46
1523.375	6.321382663696e-46
1523.5	5.9510953594768884e-46
1523.625	5.66003306598976e-46
1523.75	5.946347114276889e-46
1523.875	7.408518048996492e-46
1524.0	6.893934997404159e-46
1524.125	6.45230156707161e-46
1524.25	6.82082645690944e-46
1524.375	5.99650683670756e-46
1524.5	5.648731410435999e-46
1524.625	5.622215270865208e-46
1524.75	6.098230222140248e-46
1524.875	6.885816314239211e-46
1525.0	6.408445164186492e-46
1525.125	6.1627610685828095e-46
1525.25	6.330755687460489e-46
1525.375	6.652635796316159e-46
1525.5	6.210840033042488e-46
1525.625	5.9957276613062484e-46
1525.75	6.489075066375689e-46
1525.875	7.586724317920811e-46
1526.0	6.480124671759208e-46
1526.125	6.0599550738457604e-46
1526.25	6.208384505569e-46
1526.375	6.12473007268864e-46
1526.5	6.957390072282251e-46
1526.625	6.805889616100002e-46
1526.75	7.07683588996329e-46
1526.875	6.397830971963561e-46
1527.0	6.6571420286784404e-46
1527.125	7.09064390397169e-46
1527.25	7.85536944514624e-46
1527.375	8.090449230012249e-46
1527.5	6.962259565768361e-46
1527.625	6.4293855195028885e-46
1527.75	6.81739619700736e-46
1527.875	5.54476703034241e-46
1528.0	5.065197209160489e-46
1528.125	5.79419877184164e-46
1528.25	6.6554887751875606e-46
1528.375	6.2588186085216095e-46
1528.5	5.904952974118809e-46
1528.625	6.134024067094441e-46
1528.75	6.3530886205155605e-46
1528.875	6.63141709365444e-46
1529.0	6.2202549751272104e-46
1529.125	5.87132831718976e-46
1529.25	6.6716059062030405e-46
1529.375	6.9417473706241595e-46
1529.5	7.60869387667321e-46
1529.625	7.0036478493283596e-46
1529.75	6.65029093032964e-46
1529.875	6.27092798996041e-46
1530.0	7.211769530486439e-46
1530.125	7.100430502366893e-46
1530.25	7.421162665597211e-46
1530.375	7.40112133820004e-46
1530.5	7.123420077496959e-46
1530.625	6.4336998453812094e-46
1530.75	6.623077763862809e-46
1530.875	6.386080763244159e-46
1531.0	8.159718507788409e-46
1531.125	7.63132779520164e-46
1531.25	7.170594095412249e-46
1531.375	6.98316299205625e-46
1531.5	6.5443560299972106e-46
1531.625	6.016891095399041e-46
1531.75	6.8724384159289585e-46
1531.875	7.817807247569637e-46
1532.0	7.370390975592957e-46
1532.125	6.59019802447161e-46
1532.25	7.139210993672037e-46
1532.375	6.919858014181289e-46
1532.5	6.951008862347559e-46
1532.625	7.102002207747241e-46
1532.75	5.49868638721284e-46
1532.875	6.35104866456369e-46
1533.0	7.129303709715363e-46
1533.125	7.108353689580162e-46
1533.25	6.631516494963612e-46
1533.375	6.47723216465649e-46
1533.5	5.791016522499608e-46
1533.625	5.1296814143999995e-46
1533.75	6.55532299323225e-46
1533.875	6.520587470644809e-46
1534.0	6.19558545610489e-46
1534.125	6.879212029755039e-46
1534.25	6.710189774731559e-46
1534.375	6.17037125813824e-46
1534.5	6.712348272399999e-46
1534.625	7.593024389262492e-46
1534.75	6.206705736541209e-46
1534.875	7.306871250006249e-46
1535.0	6.757790700540009e-46
1535.125	5.95963516068496e-46
1535.25	6.5046743117316904e-46
1535.375	5.931990995510411e-46
1535.5	5.72453236740025e-46
1535.625	5.587639791997209e-46
1535.75	6.1557445685752895e-46
1535.875	7.628831817155999e-46
1536.0	7.828603664481641e-46
1536.125	6.5411095730164885e-46
1536.25	6.90796877490225e-46
1536.375	7.393560279744041e-46
1536.5	7.058890181191839e-46
1536.625	7.168025783025612e-46
1536.75	6.3991068615993596e-46
1536.875	5.83556059179025e-46
1537.0	5.4323773826652085e-46
1537.125	5.94417410978329e-46
1537.25	7.142102314829442e-46
1537.375	7.055216757089639e-46
1537.5	7.09026685278025e-46
1537.625	6.613731928493288e-46
1537.75	6.6523479528531595e-46
1537.875	7.299139122525612e-46
1538.0	6.795141913050489e-46
1538.125	6.80775921772489e-46
1538.25	6.3396220010323595e-46
1538.375	5.918066267097759e-46
1538.5	5.666984498740409e-46
1538.625	5.7820751903491604e-46
1538.75	6.1186385831792395e-46
1538.875	7.145033781984158e-46
1539.0	7.603692089928489e-46
1539.125	6.743557210896e-46
1539.25	6.537927844743839e-46
1539.375	6.52782162358404e-46
1539.5	7.125769501747692e-46
1539.625	7.20998541205056e-46
1539.75	6.16979497821184e-46
1539.875	6.702021611571691e-46
1540.0	7.238569092589209e-46
1540.125	5.9708554769155596e-46
1540.25	6.4816867515064896e-46
1540.375	6.1281081716025595e-46
1540.5	5.744691944395689e-46
1540.625	6.0981674980302384e-46
1540.75	6.27515576168121e-46
1540.875	5.76998784598401e-46
1541.0	5.927856122017209e-46
1541.125	5.850888537321e-46
1541.25	5.97839077759504e-46
1541.375	6.3827439511264895e-46
1541.5	7.286209692804e-46
1541.625	7.56400102447441e-46
1541.75	6.405140982244001e-46
1541.875	6.10330799355876e-46
1542.0	7.124066517568089e-46
1542.125	7.003018539890888e-46
1542.25	6.5359228483340096e-46
1542.375	5.904287169901209e-46
1542.5	6.500868612336011e-46
1542.625	6.68385468335104e-46
1542.75	6.632685675080011e-46
1542.875	6.0471546126736916e-46
1543.0	6.76127197982916e-46
1543.125	7.238171448225e-46
1543.25	7.69518917961616e-46
1543.375	7.40627703954576e-46
1543.5	7.149743349120161e-46
1543.625	7.176497709081959e-46
1543.75	8.10043491555169e-46
1543.875	7.149023018496487e-46
1544.0	8.043911887276808e-46
1544.125	6.776078589336039e-46
1544.25	6.0239296425302495e-46
1544.375	7.294483229066011e-46
1544.5	6.26255029407744e-46
1544.625	6.0701286129216096e-46
1544.75	7.000999541976041e-46
1544.875	6.3463056601562495e-46
1545.0	5.9342523922304095e-46
1545.125	6.52074885563049e-46
1545.25	7.703355842063999e-46
1545.375	8.218091011873692e-46
1545.5	6.87243998884921e-46
1545.625	6.602446391910759e-46
1545.75	7.80000386109169e-46
1545.875	6.554925635029209e-46
1546.0	6.2775031906291584e-46
1546.125	6.6916351255802494e-46
1546.25	6.4006338467667616e-46
1546.375	5.94639637234756e-46
1546.5	6.02244778536976e-46
1546.625	6.6961902549200385e-46
1546.75	7.838392322426407e-46
1546.875	6.8663845314136894e-46
1547.0	5.80130482466404e-46
1547.125	5.4103848573475605e-46
1547.25	6.512429407694439e-46
1547.375	7.530588635187239e-46
1547.5	7.220970748344963e-46
1547.625	6.7634163115176096e-46
1547.75	6.003029211663999e-46
1547.875	6.6617550926137605e-46
1548.0	5.815953951315209e-46
1548.125	6.200750903082489e-46
1548.25	5.9203945972332096e-46
1548.375	5.031295284414009e-46
1548.5	7.118625272855038e-46
1548.625	6.8980762382772085e-46
1548.75	6.457696931760009e-46
1548.875	7.36931702148196e-46
1549.0	5.947508391001961e-46
1549.125	5.2912572546928905e-46
1549.25	7.082158951302761e-46
1549.375	8.129541025225001e-46
1549.5	7.295824522946561e-46
1549.625	6.52549375142116e-46
1549.75	5.988858809010249e-46
1549.875	7.602190440849e-46
1550.0	7.72823542487616e-46
1550.125	7.008776001726489e-46
1550.25	6.4952151614694385e-46
1550.375	6.7083320660070395e-46
1550.5	6.903214470129611e-46
1550.625	5.151983414763609e-46
1550.75	6.15618720072225e-46
1550.875	6.0918236582439994e-46
1551.0	6.77476721594689e-46
1551.125	7.555792587912041e-46
1551.25	6.515885711702889e-46
1551.375	5.915880924370559e-46
1551.5	5.943138951309159e-46
1551.625	5.878817543905288e-46
1551.75	6.305866789052248e-46
1551.875	6.1967324833816876e-46
1552.0	6.6959842756e-46
1552.125	7.288402227556811e-46
1552.25	6.890681700116639e-46
1552.375	7.637130670588811e-46
1552.5	6.64987626321316e-46
1552.625	6.681799515773288e-46
1552.75	7.037496397584002e-46
1552.875	6.91688316801024e-46
1553.0	5.7340023613372904e-46
1553.125	6.097046420712039e-46
1553.25	6.21126570052921e-46
1553.375	6.3488109874140905e-46
1553.5	7.105692588150247e-46
1553.625	6.76998716601601e-46
1553.75	7.44392864542096e-46
1553.875	8.271059643025001e-46
1554.0	8.37984503953444e-46
1554.125	7.378723564056361e-46
1554.25	7.985349664063209e-46
1554.375	7.87258434631876e-46
1554.5	7.488483148986487e-46
1554.625	5.999815100304001e-46
1554.75	6.249768502143689e-46
1554.875	6.36577575179121e-46
1555.0	6.378521503902249e-46
1555.125	6.76778351921296e-46
1555.25	7.068884562158759e-46
1555.375	7.570810031610249e-46
1555.5	6.906568486832009e-46
1555.625	7.17426368153856e-46
1555.75	6.582494242023841e-46
1555.875	7.41302776719376e-46
1556.0	7.08870603141376e-46
1556.125	6.96516920042449e-46
1556.25	6.543147083397758e-46
1556.375	6.63398167971289e-46
1556.5	6.01506723101956e-46
1556.625	6.6508319768884905e-46
1556.75	6.9787326377868095e-46
1556.875	6.34247354695824e-46
1557.0	5.64894293925025e-46
1557.125	6.00977135077225e-46
1557.25	6.6223391801683596e-46
1557.375	7.703144906116001e-46
1557.5	8.409044767126087e-46
1557.625	7.201803423029757e-46
1557.75	5.84283263490304e-46
1557.875	5.951816005663361e-46
1558.0	6.15064750649001e-46
1558.125	6.31398643756609e-46
1558.25	7.766870135010248e-46
1558.375	7.974646724998891e-46
1558.5	8.09663919704836e-46
1558.625	7.401294363024001e-46
1558.75	5.650295866632011e-46
1558.875	6.221478613236641e-46
1559.0	7.520591023004158e-46
1559.125	6.927479272110249e-46
1559.25	6.162384232225001e-46
1559.375	7.10315031813696e-46
1559.5	6.883539322499999e-46
1559.625	6.6897458459884886e-46
1559.75	6.59766845849329e-46
1559.875	7.626507466414238e-46
1560.0	6.363029961522091e-46
1560.125	5.3163133606542396e-46
1560.25	6.49499343766729e-46
1560.375	6.869805599785959e-46
1560.5	7.23912226150689e-46
1560.625	6.84756478293904e-46
1560.75	7.589839314135687e-46
1560.875	7.443179457604811e-46
1561.0	6.60252244999876e-46
1561.125	6.518780197376039e-46
1561.25	6.686845193342249e-46
1561.375	6.657617299648809e-46
1561.5	6.760517929920159e-46
1561.625	7.376059578456041e-46
1561.75	7.199928233131239e-46
1561.875	7.439675745413609e-46
1562.0	6.278413720381691e-46
1562.125	6.5604170038272106e-46
1562.25	6.0571864726790395e-46
1562.375	7.69453119604324e-46
1562.5	7.624066947943689e-46
1562.625	6.261341640649289e-46
1562.75	6.101139098342561e-46
1562.875	5.753170665498239e-46
1563.0	6.6656757492090014e-46
1563.125	5.818839581974411e-46
1563.25	6.70731732483121e-46
1563.375	7.807809590817641e-46
1563.5	6.63452721395776e-46
1563.625	6.12123464194641e-46
1563.75	5.78812721409729e-46
1563.875	6.334864137523359e-46
1564.0	5.89643108674624e-46
1564.125	6.294174781816359e-46
1564.25	6.4591399056624406e-46
1564.375	6.5468049622562486e-46
1564.5	6.7013961657302505e-46
1564.625	7.344356910246759e-46
1564.75	6.887946710304041e-46
1564.875	7.24069094395024e-46
1565.0	7.13913137037409e-46
1565.125	7.887952540790009e-46
1565.25	8.149836221347241e-46
1565.375	7.783722238583289e-46
1565.5	6.8625650746400416e-46
1565.625	5.772974498102249e-46
1565.75	6.13511435720569e-46
1565.875	6.53932247265801e-46
1566.0	6.160398956628009e-46
1566.125	7.26003816913764e-46
1566.25	7.565013708849e-46
1566.375	7.36585299411025e-46
1566.5	7.250030676261611e-46
1566.625	7.367307775562247e-46
1566.75	7.30713994285284e-46
1566.875	7.049039337007292e-46
1567.0	6.645719475798488e-46
1567.125	6.3733956199222506e-46
1567.25	6.68275079934289e-46
1567.375	6.5469318730272914e-46
1567.5	7.622271740054437e-46
1567.625	6.6194325971456394e-46
1567.75	5.728603859880037e-46
1567.875	7.220811130354893e-46
1568.0	8.83745303445316e-46
1568.125	7.066591852958439e-46
1568.25	6.0398243021091596e-46
1568.375	5.865056148228839e-46
1568.5	5.66339330473225e-46
1568.625	5.02410034395025e-46
1568.75	5.481543339884159e-46
1568.875	5.98528249436569e-46
1569.0	5.780328624745961e-46
1569.125	6.092237329217639e-46
1569.25	6.18943792573561e-46
1569.375	6.368835063756009e-46
1569.5	6.442987196416001e-46
1569.625	7.66923129664129e-46
1569.75	6.719385746812838e-46
1569.875	6.62904764881969e-46
1570.0	5.18252555355921e-46
1570.125	6.2725142392014406e-46
1570.25	6.553768449082411e-46
1570.375	6.2744969571091605e-46
1570.5	6.7740899743472385e-46
1570.625	6.375691155171609e-46
1570.75	5.58053121429904e-46
1570.875	5.8249354281940884e-46
1571.0	6.532670816280999e-46
1571.125	6.3673295401062386e-46
1571.25	7.23219410922121e-46
1571.375	6.23674753257361e-46
1571.5	6.50599703004736e-46
1571.625	5.833773117720251e-46
1571.75	6.8815701516600896e-46
1571.875	7.210343077347241e-46
1572.0	7.091922118195688e-46
1572.125	6.770675651524841e-46
1572.25	7.05326248564441e-46
1572.375	6.04928634518209e-46
1572.5	6.9969534258002495e-46
1572.625	6.5793789009e-46
1572.75	7.15035033739321e-46
1572.875	6.748010480864889e-46
1573.0	6.776002058700249e-46
1573.125	7.651602972639612e-46
1573.25	6.8748682680090005e-46
1573.375	6.72969567905649e-46
1573.5	6.6445872974740884e-46
1573.625	6.64672645312516e-46
1573.75	6.494385373190559e-46
1573.875	6.1902236162559994e-46
1574.0	6.1731188936064395e-46
1574.125	7.07969805720804e-46
1574.25	7.13754380657124e-46
1574.375	7.044914066540493e-46
1574.5	7.91198898114564e-46
1574.625	8.150437451588411e-46
1574.75	7.849839485292253e-46
1574.875	7.075049390712249e-46
1575.0	5.99044079292129e-46
1575.125	5.4201506500108896e-46
1575.25	6.07658095121284e-46
1575.375	7.15236401161216e-46
1575.5	7.542251022592809e-46
1575.625	6.6607418157856885e-46
1575.75	6.334018985455291e-46
1575.875	6.87467004646464e-46
1576.0	6.471566107685289e-46
1576.125	7.030580052880812e-46
1576.25	6.94145491982881e-46
1576.375	6.282552777304409e-46
1576.5	7.125126721424887e-46
1576.625	7.60523635673649e-46
1576.75	6.55646956204816e-46
1576.875	6.8031120386617595e-46
1577.0	7.127031656430009e-46
1577.125	6.1673416186168896e-46
1577.25	6.31179650177521e-46
1577.375	7.87751829884889e-46
1577.5	8.290436441619239e-46
1577.625	8.045535965397159e-46
1577.75	7.612898237733611e-46
1577.875	5.8318492320528384e-46
1578.0	5.75842138817521e-46
1578.125	7.260940836536887e-46
1578.25	6.3295525459440395e-46
1578.375	6.28104244992064e-46
1578.5	6.28097979505689e-46
1578.625	6.054840745753961e-46
1578.75	6.7594831298803606e-46
1578.875	6.80033294192704e-46
1579.0	7.206865078160249e-46
1579.125	7.667075795652251e-46
1579.25	7.04026675317001e-46
1579.375	7.484610394562562e-46
1579.5	7.559489599646757e-46
1579.625	7.08116315307025e-46
1579.75	6.590748430372089e-46
1579.875	6.67462881101809e-46
1580.0	7.44209530281616e-46
1580.125	6.3653473452959985e-46
1580.25	6.93311660579344e-46
1580.375	8.995613934507209e-46
1580.5	7.745331679500958e-46
1580.625	6.565052807248809e-46
1580.75	6.18056691676516e-46
1580.875	6.511090215182441e-46
1581.0	7.718185209508838e-46
1581.125	7.96599143431744e-46
1581.25	6.19850700033601e-46
1581.375	5.84274368245824e-46
1581.5	6.459161762441608e-46
1581.625	8.17162711979364e-46
1581.75	8.61107133769129e-46
1581.875	8.508918170025002e-46
1582.0	7.428555754121292e-46
1582.125	7.807418960140807e-46
1582.25	7.776675349294809e-46
1582.375	6.5932887076e-46
1582.5	6.7793083678102496e-46
1582.625	6.4033968474435596e-46
1582.75	7.444417574915999e-46
1582.875	7.836068732944412e-46
1583.0	6.936957749910249e-46
1583.125	7.112335341574436e-46
1583.25	6.953712568314489e-46
1583.375	6.17341058629801e-46
1583.5	5.816768628084841e-46
1583.625	6.21548627989129e-46
1583.75	7.41807104210496e-46
1583.875	7.20917720707921e-46
1584.0	7.545895274628487e-46
1584.125	7.827560618172839e-46
1584.25	5.939582165025639e-46
1584.375	6.51456505133316e-46
1584.5	6.4256353725256896e-46
1584.625	6.6455910955393586e-46
1584.75	7.48988321257801e-46
1584.875	6.69192795675121e-46
1585.0	6.672070327832011e-46
1585.125	6.58507501282801e-46
1585.25	7.167126768200997e-46
1585.375	6.75147416992801e-46
1585.5	6.869695516908159e-46
1585.625	6.99146946483769e-46
1585.75	6.0429552055092896e-46
1585.875	6.3626187998982375e-46
1586.0	7.50516433758025e-46
1586.125	7.506168692225439e-46
1586.25	7.258768062942011e-46
1586.375	6.754266136388409e-46
1586.5	6.37815934180324e-46
1586.625	6.7680119325240905e-46
1586.75	7.07682152471616e-46
1586.875	6.7249683831193594e-46
1587.0	6.662214009002251e-46
1587.125	7.30502999896761e-46
1587.25	7.562322351043291e-46
1587.375	6.8942400990322484e-46
1587.5	6.841679851260249e-46
1587.625	5.65130472535729e-46
1587.75	5.503152974399999e-46
1587.875	6.0517618690824095e-46
1588.0	7.127765295156249e-46
1588.125	7.323594755038809e-46
1588.25	6.81110928002404e-46
1588.375	7.45009273240164e-46
1588.5	7.423657680321e-46
1588.625	6.8709347865102405e-46
1588.75	8.386967751086441e-46
1588.875	7.69675602608784e-46
1589.0	6.22172505144996e-46
1589.125	5.6846533078512096e-46
1589.25	6.766337164498561e-46
1589.375	7.209235740003999e-46
1589.5	6.540491681282251e-46
1589.625	7.215306195876839e-46
1589.75	6.9538185756883604e-46
1589.875	6.855591243778559e-46
1590.0	6.859012241606559e-46
1590.125	6.765684794648999e-46
1590.25	6.40005652578889e-46
1590.375	6.3599821319002515e-46
1590.5	6.9181750827577604e-46
1590.625	7.102458988927209e-46
1590.75	7.106959361721608e-46
1590.875	7.224007050651691e-46
1591.0	7.082372383765288e-46
1591.125	7.883462308700159e-46
1591.25	7.546865538904811e-46
1591.375	6.210556428961439e-46
1591.5	6.6133400045222515e-46
1591.625	6.38164551562561e-46
1591.75	7.27108798152025e-46
1591.875	7.830267982034561e-46
1592.0	6.88016362364356e-46
1592.125	6.3674340075062496e-46
1592.25	6.93148735087524e-46
1592.375	7.52445771255025e-46
1592.5	7.79286808972681e-46
1592.625	6.8990291359600886e-46
1592.75	5.80740738664969e-46
1592.875	6.430123407053441e-46
1593.0	7.06199585741056e-46
1593.125	6.901017090253688e-46
1593.25	6.99483268480516e-46
1593.375	7.121115338347239e-46
1593.5	7.41599906158224e-46
1593.625	7.265063101959609e-46
1593.75	6.83190443719744e-46
1593.875	6.523006411913289e-46
1594.0	7.47031063033161e-46
1594.125	6.498906526602089e-46
1594.25	6.18394495916521e-46
1594.375	6.458495401448999e-46
1594.5	8.18104665195841e-46
1594.625	9.179040280187613e-46
1594.75	8.136670675225e-46
1594.875	6.5459570456462404e-46
1595.0	6.46434235355041e-46
1595.125	6.39849723153001e-46
1595.25	7.591908985895611e-46
1595.375	7.642646578435689e-46
1595.5	7.109131693320249e-46
1595.625	6.97673035077001e-46
1595.75	7.42281252135921e-46
1595.875	7.342575975073439e-46
1596.0	7.906758552436807e-46
1596.125	8.46678764085025e-46
1596.25	8.461213430672249e-46
1596.375	7.14437569971225e-46
1596.5	6.9765972273600085e-46
1596.625	5.925139773920999e-46
1596.75	6.055984513881e-46
1596.875	7.248862140115212e-46
1597.0	7.45663565399281e-46
1597.125	8.101573406071691e-46
1597.25	8.03583817782916e-46
1597.375	7.64743937232016e-46
1597.5	7.429697798307839e-46
1597.625	6.875962733112489e-46
1597.75	6.965823727654089e-46
1597.875	7.60386195160201e-46
1598.0	6.68424920827225e-46
1598.125	7.303019808100001e-46
1598.25	7.117873429116493e-46
1598.375	6.873534260654761e-46
1598.5	7.31856206171281e-46
1598.625	6.90917048660601e-46
1598.75	6.25381108079641e-46
1598.875	7.085404430069291e-46
1599.0	6.41675468966596e-46
1599.125	6.974525525929289e-46
1599.25	6.428297276035689e-46
1599.375	6.772424863976889e-46
1599.5	7.302169654657289e-46
1599.625	7.82967867922969e-46
1599.75	7.83439428240144e-46
1599.875	6.955904606544009e-46
1600.0	5.547533715592091e-46
1600.125	7.548061697976959e-46
1600.25	7.128455718922238e-46
1600.375	6.94795404896784e-46
1600.5	7.10222873100049e-46
1600.625	6.139859064301209e-46
1600.75	7.31295616380484e-46
1600.875	7.333869521299241e-46
1601.0	7.074629133306251e-46
1601.125	7.22253101304289e-46
1601.25	7.921849318084001e-46
1601.375	7.687600776695289e-46
1601.5	7.41790817090569e-46
1601.625	7.638939235541611e-46
1601.75	6.23233549905316e-46
1601.875	5.8619116361822515e-46
1602.0	6.31832471693284e-46
1602.125	7.267261618638811e-46
1602.25	8.28780265639936e-46
1602.375	7.28284459668516e-46
1602.5	6.400536191169609e-46
1602.625	7.578601561475998e-46
1602.75	7.89706217330944e-46
1602.875	6.9260091090534406e-46
1603.0	7.451874101306411e-46
1603.125	8.623060440423039e-46
1603.25	7.532209990963839e-46
1603.375	6.7696234225e-46
1603.5	6.66722595024784e-46
1603.625	7.55384162968009e-46
1603.75	6.4533176623116115e-46
1603.875	7.493375731889612e-46
1604.0	7.41786895135225e-46
1604.125	8.030513121855999e-46
1604.25	8.167990234524162e-46
1604.375	7.939422582743611e-46
1604.5	7.40724536225025e-46
1604.625	6.66781623073225e-46
1604.75	6.220711892360249e-46
1604.875	6.82615896432561e-46
1605.0	7.177926704724091e-46
1605.125	6.31343967180481e-46
1605.25	6.21418994188729e-46
1605.375	7.55830188277956e-46
1605.5	7.35403984698889e-46
1605.625	6.9762174100089994e-46
1605.75	6.504045391808999e-46
1605.875	5.91597335055076e-46
1606.0	7.321013254316408e-46
1606.125	8.410050460075691e-46
1606.25	8.204904227936161e-46
1606.375	7.58018457658225e-46
1606.5	6.383572640272888e-46
1606.625	6.247010857484409e-46
1606.75	7.216231866720251e-46
1606.875	7.704716448316408e-46
1607.0	7.81633883936656e-46
1607.125	7.80045519197025e-46
1607.25	6.8835917956e-46
1607.375	7.62938644366336e-46
1607.5	6.8220733257180095e-46
1607.625	7.017784321922009e-46
1607.75	7.226776237368961e-46
1607.875	7.544138958272161e-46
1608.0	8.35331153193216e-46
1608.125	6.14653627099681e-46
1608.25	5.68448068938201e-46
1608.375	8.023537782224997e-46
1608.5	8.55393560340544e-46
1608.625	7.841572558848639e-46
1608.75	8.70848716941316e-46
1608.875	9.04628275007521e-46
1609.0	8.638470461256251e-46
1609.125	8.087300817124e-46
1609.25	6.5764453466556095e-46
1609.375	7.806871870084002e-46
1609.5	6.5983871703027615e-46
1609.625	6.925236454323358e-46
1609.75	8.218778466017439e-46
1609.875	7.297902880661609e-46
1610.0	6.935888990777759e-46
1610.125	7.639974060930087e-46
1610.25	7.77513831084225e-46
1610.375	5.74146725126881e-46
1610.5	5.77552596840976e-46
1610.625	6.530479563688089e-46
1610.75	7.80095625156864e-46
1610.875	8.410005800000999e-46
1611.0	8.831223174558757e-46
1611.125	8.030367464374087e-46
1611.25	7.73819203571236e-46
1611.375	7.708281462192641e-46
1611.5	7.984415469972641e-46
1611.625	7.843146395619235e-46
1611.75	7.14446604389956e-46
1611.875	7.61376684233025e-46
1612.0	6.852394126180839e-46
1612.125	6.82025346828225e-46
1612.25	8.429301281610808e-46
1612.375	7.627657445497958e-46
1612.5	8.06366948353201e-46
1612.625	8.92173469548529e-46
1612.75	7.495622760782249e-46
1612.875	7.003242949768809e-46
1613.0	8.32612294620484e-46
1613.125	9.34654949304129e-46
1613.25	8.30191735050304e-46
1613.375	7.79846563587289e-46
1613.5	7.30187619296256e-46
1613.625	7.52285529374976e-46
1613.75	8.45625171733225e-46
1613.875	8.39329618246596e-46
1614.0	6.95761744271616e-46
1614.125	6.898148727629288e-46
1614.25	8.275954074897642e-46
1614.375	8.89545000708081e-46
1614.5	7.617171102037288e-46
1614.625	7.231420156899997e-46
1614.75	7.231756839894762e-46
1614.875	7.596422906688811e-46
1615.0	7.494584070326439e-46
1615.125	7.228960887725292e-46
1615.25	7.320936411584409e-46
1615.375	6.245214916231839e-46
1615.5	7.473447018112358e-46
1615.625	9.30120501507129e-46
1615.75	7.742041914756249e-46
1615.875	6.85177688458201e-46
1616.0	7.293736738725611e-46
1616.125	7.110465436879358e-46
1616.25	6.7999522165152395e-46
1616.375	6.808005525440249e-46
1616.5	6.2943659553062515e-46
1616.625	7.216223270548408e-46
1616.75	6.88108590366976e-46
1616.875	7.865250538629157e-46
1617.0	6.752535381808809e-46
1617.125	5.27055346474596e-46
1617.25	5.57074560290329e-46
1617.375	6.9858681860884904e-46
1617.5	7.239307911454443e-46
1617.625	8.015059263744e-46
1617.75	6.47056943534596e-46
1617.875	6.986180601554559e-46
1618.0	7.511727007009e-46
1618.125	8.147107839733207e-46
1618.25	7.849169879768996e-46
1618.375	7.986728166399998e-46
1618.5	7.581366301869609e-46
1618.625	6.385270105044639e-46
1618.75	6.5038235173402494e-46
1618.875	6.620657318870439e-46
1619.0	6.800947862051291e-46
1619.125	6.591198219422409e-46
1619.25	6.84325038394449e-46
1619.375	5.611924102499999e-46
1619.5	6.6636806857923595e-46
1619.625	7.527323949689612e-46
1619.75	6.87386093366401e-46
1619.875	5.7747204329990404e-46
1620.0	6.562570235401959e-46
1620.125	6.349713570550439e-46
1620.25	6.2937648474012884e-46
1620.375	6.424947930453609e-46
1620.5	6.2327549121619594e-46
1620.625	6.671556313747359e-46
1620.75	5.98404268063809e-46
1620.875	6.94022563998864e-46
1621.0	8.18865268735684e-46
1621.125	8.652271057560489e-46
1621.25	7.400654507727359e-46
1621.375	7.50834201033316e-46
1621.5	6.91063833576649e-46
1621.625	6.205169181713289e-46
1621.75	6.72893820398809e-46
1621.875	7.113987312994812e-46
1622.0	7.715223417166807e-46
1622.125	6.59076999525025e-46
1622.25	6.2825908761940895e-46
1622.375	7.241674753296e-46
1622.5	6.812987950934008e-46
1622.625	6.8813382561302494e-46
1622.75	6.74281193955625e-46
1622.875	7.703180431968159e-46
1623.0	7.174949924934091e-46
1623.125	6.928806395358759e-46
1623.25	6.068633693524089e-46
1623.375	6.74089000474176e-46
1623.5	7.928189015616002e-46
1623.625	7.512670403810011e-46
1623.75	6.8818996389062495e-46
1623.875	7.563072560836807e-46
1624.0	7.334898639883238e-46
1624.125	8.140593885390758e-46
1624.25	8.18895430089801e-46
1624.375	6.8065674018120096e-46
1624.5	7.129718111470239e-46
1624.625	6.454981691023361e-46
1624.75	7.202953130691243e-46
1624.875	6.970223581947611e-46
1625.0	6.5309042914195596e-46
1625.125	6.7100001585422404e-46
1625.25	6.26486232505849e-46
1625.375	7.491310777270807e-46
1625.5	7.493135937296487e-46
1625.625	7.296571660358891e-46
1625.75	7.0015864238112085e-46
1625.875	7.093972294781441e-46
1626.0	7.599950650880638e-46
1626.125	6.7610618816976404e-46
1626.25	6.9815664440371594e-46
1626.375	7.084531372690891e-46
1626.5	6.975759424255688e-46
1626.625	7.086946785424001e-46
1626.75	7.572207313107359e-46
1626.875	6.8778587185158406e-46
1627.0	7.714712341876411e-46
1627.125	7.96337979130521e-46
1627.25	7.180902494064361e-46
1627.375	6.8614627702723594e-46
1627.5	6.739670826873759e-46
1627.625	6.8136399870250005e-46
1627.75	6.5894571692384386e-46
1627.875	6.5538375701529605e-46
1628.0	6.356833676686439e-46
1628.125	7.558579008369e-46
1628.25	8.505940751829158e-46
1628.375	7.403277763712247e-46
1628.5	6.946860194686091e-46
1628.625	7.14738248998921e-46
1628.75	8.163231836768999e-46
1628.875	7.437476389971691e-46
1629.0	8.01288796632025e-46
1629.125	8.421007939747289e-46
1629.25	9.064994920968997e-46
1629.375	8.548532760398758e-46
1629.5	8.403702379395999e-46
1629.625	7.181456670975998e-46
1629.75	6.7623178386484905e-46
1629.875	6.321132248270439e-46
1630.0	7.40462521296481e-46
1630.125	7.18976867297536e-46
1630.25	6.122723653630439e-46
1630.375	6.944077712179242e-46
1630.5	7.739653641742889e-46
1630.625	7.985503390286888e-46
1630.75	7.028234710291239e-46
1630.875	6.692527090665609e-46
1631.0	7.42285720296241e-46
1631.125	7.82829701060836e-46
1631.25	7.194389423248808e-46
1631.375	6.366766339323041e-46
1631.5	6.68756409105625e-46
1631.625	7.094246632907287e-46
1631.75	6.3794272067078394e-46
1631.875	6.324080726756247e-46
1632.0	7.706908881424002e-46
1632.125	7.929418399637289e-46
1632.25	7.594361989369e-46
1632.375	7.84734780081924e-46
1632.5	6.78706912416016e-46
1632.625	6.109026534380249e-46
1632.75	7.044073763742761e-46
1632.875	7.517602137165161e-46
1633.0	6.299106581164408e-46
1633.125	6.5153976592672895e-46
1633.25	6.81496138241361e-46
1633.375	7.090778643622559e-46
1633.5	7.737836530790887e-46
1633.625	9.301244052394808e-46
1633.75	8.17568855971921e-46
1633.875	7.042727685070439e-46
1634.0	6.0712777664136895e-46
1634.125	5.75199542289124e-46
1634.25	7.18495373095696e-46
1634.375	7.08304623404049e-46
1634.5	6.9606036729793595e-46
1634.625	6.857412667022439e-46
1634.75	6.358427223100839e-46
1634.875	7.335597398388636e-46
1635.0	7.75709004511809e-46
1635.125	7.435552766041002e-46
1635.25	7.132183409979039e-46
1635.375	7.24857782851489e-46
1635.5	7.396294869769e-46
1635.625	6.863764926689441e-46
1635.75	7.482587132451239e-46
1635.875	7.01658538590244e-46
1636.0	7.786977871946489e-46
1636.125	7.511109253984087e-46
1636.25	7.443819511564959e-46
1636.375	7.020040485388812e-46
1636.5	6.7728880970152895e-46
1636.625	6.20479752743761e-46
1636.75	6.7600842402624385e-46
1636.875	7.22099869511056e-46
1637.0	7.152583848192247e-46
1637.125	7.232443138128039e-46
1637.25	7.374226466477291e-46
1637.375	7.886696607271691e-46
1637.5	6.456644917850408e-46
1637.625	5.38659259213156e-46
1637.75	5.8725442828888885e-46
1637.875	6.96199623504025e-46
1638.0	6.5790577630627575e-46
1638.125	6.305197836834089e-46
1638.25	5.95325938087204e-46
1638.375	8.040087470823038e-46
1638.5	7.444246229493161e-46
1638.625	7.07977309112649e-46
1638.75	6.184970041599999e-46
1638.875	6.85059483196881e-46
1639.0	6.3436965539641594e-46
1639.125	6.934914063506249e-46
1639.25	7.19572416573409e-46
1639.375	6.757566619024e-46
1639.5	7.693380624591359e-46
1639.625	8.48057743487761e-46
1639.75	6.833859170058011e-46
1639.875	7.327628110464639e-46
1640.0	6.444723513315997e-46
1640.125	6.640576471078559e-46
1640.25	6.6768229252340105e-46
1640.375	7.28747463874329e-46
1640.5	7.638368784848009e-46
1640.625	7.886753897232254e-46
1640.75	8.96312704464324e-46
1640.875	7.563787604802808e-46
1641.0	6.98757254756289e-46
1641.125	6.806708807089002e-46
1641.25	7.00432800107481e-46
1641.375	8.318324683480359e-46
1641.5	8.001954988265289e-46
1641.625	6.23195704076544e-46
1641.75	7.38375081071364e-46
1641.875	9.503160132224157e-46
1642.0	1.0087550228972159e-45
1642.125	7.473789288858243e-46
1642.25	7.818417354134892e-46
1642.375	7.40497570047225e-46
1642.5	7.231837515897761e-46
1642.625	7.56448673046544e-46
1642.75	6.86556490141729e-46
1642.875	6.73553277939025e-46
1643.0	7.851693797238757e-46
1643.125	7.332076860848638e-46
1643.25	7.648099211088089e-46
1643.375	8.14780031099904e-46
1643.5	7.498440783249609e-46
1643.625	6.8245015732000885e-46
1643.75	6.4903549263062495e-46
1643.875	6.5167347418681604e-46
1644.0	7.13781203955856e-46
1644.125	6.71627186524441e-46
1644.25	7.521874506732962e-46
1644.375	7.001040818703999e-46
1644.5	6.874806389019039e-46
1644.625	6.45909365074009e-46
1644.75	7.399199157579612e-46
1644.875	7.393998606804639e-46
1645.0	7.230210099024998e-46
1645.125	6.80955235624161e-46
1645.25	6.78222900400369e-46
1645.375	5.9659146974928385e-46
1645.5	6.330561949296641e-46
1645.625	8.25913624896369e-46
1645.75	7.355508106816001e-46
1645.875	6.9756204995999994e-46
1646.0	8.314369252839037e-46
1646.125	7.46025698067841e-46
1646.25	7.256980833986558e-46
1646.375	6.641436678702248e-46
1646.5	6.327428331844001e-46
1646.625	6.4714022798040104e-46
1646.75	6.431844294885609e-46
1646.875	6.383551417074812e-46
1647.0	6.85343287199844e-46
1647.125	6.894270031913639e-46
1647.25	7.70035194242064e-46
1647.375	7.727821214836807e-46
1647.5	6.677241532488811e-46
1647.625	6.6203881791322504e-46
1647.75	6.5775588814950385e-46
1647.875	8.301403333683357e-46
1648.0	8.70373727397409e-46
1648.125	7.870243350341162e-46
1648.25	7.08023394646681e-46
1648.375	7.914424513125691e-46
1648.5	6.6195216172176094e-46
1648.625	8.505426873242253e-46
1648.75	7.91335776137481e-46
1648.875	7.492027895217607e-46
1649.0	7.839921040198812e-46
1649.125	9.175025769930247e-46
1649.25	8.753450647853608e-46
1649.375	8.258531597509212e-46
1649.5	7.562763452294411e-46
1649.625	8.653304134170012e-46
1649.75	7.62640473474916e-46
1649.875	7.089996851943037e-46
1650.0	7.28442610584976e-46
1650.125	6.267922830724001e-46
1650.25	5.766576436078089e-46
1650.375	6.008088770284089e-46
1650.5	6.994278879966007e-46
1650.625	6.6783837251976085e-46
1650.75	6.6961912900000014e-46
1650.875	7.08845043732736e-46
1651.0	6.7502649473798386e-46
1651.125	7.382805761997608e-46
1651.25	7.098461985577211e-46
1651.375	6.1499278170630406e-46
1651.5	6.90720658849225e-46
1651.625	7.116267423268892e-46
1651.75	6.78024781910281e-46
1651.875	6.90083162680356e-46
1652.0	5.3916821424001595e-46
1652.125	6.3362595923718414e-46
1652.25	7.95001502284441e-46
1652.375	7.69370847876225e-46
1652.5	7.738854108896159e-46
1652.625	7.42879069732864e-46
1652.75	7.011554468355997e-46
1652.875	6.24129603247396e-46
1653.0	7.444747174840957e-46
1653.125	7.726074426974888e-46
1653.25	6.3553835213299595e-46
1653.375	6.56628171309049e-46
1653.5	7.467812706354005e-46
1653.625	7.37158012627716e-46
1653.75	7.021488796404638e-46
1653.875	6.94376940167089e-46
1654.0	8.373868930190439e-46
1654.125	8.455825415256041e-46
1654.25	7.61112972652176e-46
1654.375	8.508659141952361e-46
1654.5	7.386255835628888e-46
1654.625	5.78060030608641e-46
1654.75	7.581329956662249e-46
1654.875	8.781477004722488e-46
1655.0	7.61864386775881e-46
1655.125	7.55152818241936e-46
1655.25	7.01909728229241e-46
1655.375	7.71425572153401e-46
1655.5	7.475654419394489e-46
1655.625	8.126360498599837e-46
1655.75	6.43605086413129e-46
1655.875	6.371608357820249e-46
1656.0	6.0089349337064076e-46
1656.125	6.9767282376900884e-46
1656.25	6.91679269641616e-46
1656.375	7.295416665808407e-46
1656.5	6.570271068516e-46
1656.625	6.346521808284159e-46
1656.75	7.443798230556251e-46
1656.875	7.39904030185329e-46
1657.0	7.56786785218564e-46
1657.125	7.82274806118976e-46
1657.25	7.53933306959716e-46
1657.375	7.286201055052955e-46
1657.5	7.694122883115239e-46
1657.625	7.348381339784039e-46
1657.75	8.06955887766961e-46
1657.875	7.965690568380251e-46
1658.0	7.300468955844e-46
1658.125	7.421262370960361e-46
1658.25	7.063158801728157e-46
1658.375	6.169029461759609e-46
1658.5	7.191614113242249e-46
1658.625	7.79752680098704e-46
1658.75	7.218108103723691e-46
1658.875	8.816500196784642e-46
1659.0	9.418164395847838e-46
1659.125	8.352957774022559e-46
1659.25	7.646289009017759e-46
1659.375	6.6020650802625604e-46
1659.5	7.052822692368011e-46
1659.625	7.436674077107559e-46
1659.75	7.02949403055249e-46
1659.875	6.0721244250576106e-46
1660.0	6.9202047266352405e-46
1660.125	7.01385888983481e-46
1660.25	7.829978084816039e-46
1660.375	7.22189946982464e-46
1660.5	7.767062433024998e-46
1660.625	7.804886524495287e-46
1660.75	7.35877275735364e-46
1660.875	8.031160945258089e-46
1661.0	8.405898740131839e-46
1661.125	7.643453843592085e-46
1661.25	6.71344837964329e-46
1661.375	7.174510103961757e-46
1661.5	6.949195612009289e-46
1661.625	6.60927794922256e-46
1661.75	6.006982866676091e-46
1661.875	6.657417074848409e-46
1662.0	6.9650620509121596e-46
1662.125	8.152744942721439e-46
1662.25	6.2242171452116114e-46
1662.375	6.3904927777177595e-46
1662.5	7.06359200701561e-46
1662.625	6.00545555372961e-46
1662.75	7.06109501343841e-46
1662.875	6.619641512248959e-46
1663.0	7.188512235828009e-46
1663.125	7.466390114924159e-46
1663.25	6.855838415263359e-46
1663.375	8.52192831444964e-46
1663.5	8.442843763911839e-46
1663.625	8.089204012086761e-46
1663.75	6.9629957572512115e-46
1663.875	6.6816314971790396e-46
1664.0	6.9837137139808895e-46
1664.125	7.644017295698562e-46
1664.25	7.941055240948841e-46
1664.375	8.306967316761001e-46
1664.5	7.846599868390889e-46
1664.625	7.14509205393025e-46
1664.75	7.968814657699211e-46
1664.875	7.353696532899996e-46
1665.0	8.25931787862841e-46
1665.125	1.0336772843259039e-45
1665.25	8.381851832391839e-46
1665.375	6.353568035012249e-46
1665.5	6.7551284779689995e-46
1665.625	7.197842411520252e-46
1665.75	7.113323727642251e-46
1665.875	7.003376856432358e-46
1666.0	6.01733508486049e-46
1666.125	6.709825050889e-46
1666.25	7.47622641750721e-46
1666.375	7.460023725459358e-46
1666.5	7.60221966727129e-46
1666.625	6.93037689220881e-46
1666.75	7.62015763064689e-46
1666.875	7.35365585640625e-46
1667.0	7.261713672194889e-46
1667.125	7.959846542400002e-46
1667.25	7.255195441208998e-46
1667.375	6.506879597193959e-46
1667.5	6.904985974756e-46
1667.625	6.5618790930722495e-46
1667.75	7.956958337025608e-46
1667.875	6.275247946980249e-46
1668.0	6.244209341890559e-46
1668.125	6.865857321339611e-46
1668.25	7.592696483031041e-46
1668.375	8.213734746289959e-46
1668.5	8.269869044644001e-46
1668.625	6.827738689233641e-46
1668.75	7.345266430311038e-46
1668.875	8.62750629428689e-46
1669.0	7.354930982405761e-46
1669.125	7.234588836904811e-46
1669.25	7.72166163742884e-46
1669.375	7.81828537672809e-46
1669.5	7.610261272368038e-46
1669.625	6.014903891406009e-46
1669.75	7.68080817061441e-46
1669.875	8.152716960793689e-46
1670.0	7.25152460109025e-46
1670.125	7.983126450983289e-46
1670.25	7.959895633443692e-46
1670.375	9.786909710173686e-46
1670.5	8.412381068510251e-46
1670.625	7.074902565187211e-46
1670.75	7.371289617141608e-46
1670.875	6.3663121632870415e-46
1671.0	6.8334016988217596e-46
1671.125	6.90077856264889e-46
1671.25	9.35840728812196e-46
1671.375	8.87812998108481e-46
1671.5	7.598782914921e-46
1671.625	8.047059219409211e-46
1671.75	8.629097188556249e-46
1671.875	8.993693905021438e-46
1672.0	8.811259045752247e-46
1672.125	7.447630939611041e-46
1672.25	7.32639378905344e-46
1672.375	7.342509316142251e-46
1672.5	7.386805921850408e-46
1672.625	7.708780663254809e-46
1672.75	6.51907432820484e-46
1672.875	6.9346080631873595e-46
1673.0	6.9492536070496884e-46
1673.125	6.6916035664195595e-46
1673.25	6.5302521279216386e-46
1673.375	6.8520642989670395e-46
1673.5	5.812502940116889e-46
1673.625	6.1412254399801605e-46
1673.75	7.205181957009002e-46
1673.875	7.60681167041601e-46
1674.0	7.627662969141757e-46
1674.125	7.379279345992409e-46
1674.25	7.211059508690559e-46
1674.375	7.905078252728412e-46
1674.5	7.273100785039689e-46
1674.625	7.235390933371237e-46
1674.75	8.49788438579161e-46
1674.875	8.440697200828839e-46
1675.0	6.93723904372321e-46
1675.125	7.185240544794008e-46
1675.25	7.11433672125796e-46
1675.375	5.981927856804001e-46
1675.5	7.85658420100801e-46
1675.625	8.107850201583689e-46
1675.75	6.8648359749222396e-46
1675.875	7.494595020825637e-46
1676.0	6.9583834604750395e-46
1676.125	6.4454704046076104e-46
1676.25	6.4362391062553594e-46
1676.375	7.449816510999039e-46
1676.5	7.87152434600169e-46
1676.625	8.879542972678438e-46
1676.75	8.174630646987209e-46
1676.875	7.929630158408009e-46
1677.0	8.668443185283998e-46
1677.125	8.816411713082488e-46
1677.25	7.038351695316638e-46
1677.375	7.368813191313639e-46
1677.5	6.4211362348152115e-46
1677.625	7.58008546122025e-46
1677.75	7.509685284780251e-46
1677.875	6.0155410756e-46
1678.0	6.042445868437692e-46
1678.125	8.63933634991504e-46
1678.25	7.978607512520405e-46
1678.375	7.05017466187225e-46
1678.5	7.080641597756251e-46
1678.625	7.400274198680249e-46
1678.75	8.618167743046557e-46
1678.875	8.06800054659076e-46
1679.0	7.692596243808997e-46
1679.125	7.565807511561693e-46
1679.25	6.87688420706596e-46
1679.375	6.5551284091022494e-46
1679.5	5.85488953340641e-46
1679.625	7.127054081508492e-46
1679.75	9.035657247969e-46
1679.875	7.936589358342091e-46
1680.0	7.593217829704359e-46
1680.125	6.783790094041001e-46
1680.25	7.98482745808969e-46
1680.375	8.797533279244957e-46
1680.5	9.41531728303321e-46
1680.625	9.075661152022439e-46
1680.75	8.128704494396887e-46
1680.875	7.822823018760999e-46
1681.0	7.312427763330009e-46
1681.125	7.31520086170384e-46
1681.25	8.11966905671089e-46
1681.375	8.587155076071037e-46
1681.5	7.360474807380249e-46
1681.625	8.22473684155204e-46
1681.75	8.751468482601607e-46
1681.875	8.521948749101287e-46
1682.0	8.204157204099999e-46
1682.125	8.093057159934008e-46
1682.25	7.20773006950656e-46
1682.375	6.87328257566916e-46
1682.5	7.014297996303998e-46
1682.625	6.5329284544483596e-46
1682.75	6.223070071507238e-46
1682.875	6.791773889050241e-46
1683.0	8.226400296168041e-46
1683.125	7.894324741792809e-46
1683.25	7.457508952336e-46
1683.375	8.450521092483997e-46
1683.5	9.492760649849757e-46
1683.625	7.216876056915359e-46
1683.75	7.222005889640998e-46
1683.875	8.80568947081924e-46
1684.0	8.82243733897744e-46
1684.125	9.189307750046408e-46
1684.25	7.849790734804844e-46
1684.375	6.3282292726478384e-46
1684.5	7.29100497463321e-46
1684.625	8.935913294280042e-46
1684.75	7.29602872590244e-46
1684.875	6.760893389515238e-46
1685.0	8.16319012262209e-46
1685.125	6.94548127026961e-46
1685.25	7.35339227545321e-46
1685.375	8.132721603773289e-46
1685.5	8.049744128290409e-46
1685.625	7.378031446510239e-46
1685.75	8.510750147760998e-46
1685.875	8.304626574270011e-46
1686.0	7.121457983236001e-46
1686.125	8.326670046408997e-46
1686.25	8.33210335736689e-46
1686.375	8.664729741435689e-46
1686.5	8.136464156621439e-46
1686.625	6.668618289742241e-46
1686.75	7.180775475869609e-46
1686.875	8.821827852398437e-46
1687.0	8.56937919344004e-46
1687.125	8.80790628665689e-46
1687.25	9.37420039043856e-46
1687.375	9.201628402825959e-46
1687.5	8.439605428980009e-46
1687.625	8.41004930007225e-46
1687.75	7.212087494088999e-46
1687.875	6.16191307886401e-46
1688.0	7.66836008774416e-46
1688.125	7.284196695410009e-46
1688.25	7.430803947690008e-46
1688.375	8.376908236663211e-46
1688.5	7.854702406425638e-46
1688.625	7.887150439330412e-46
1688.75	7.940545756926762e-46
1688.875	8.366396584761756e-46
1689.0	9.03538791802084e-46
1689.125	7.399220918770809e-46
1689.25	6.53089406916996e-46
1689.375	6.75107610705889e-46
1689.5	8.65121686528401e-46
1689.625	8.186925527424159e-46
1689.75	7.769100938334489e-46
1689.875	9.176403424712413e-46
1690.0	7.968491720192892e-46
1690.125	7.283286106540961e-46
1690.25	7.444067246571241e-46
1690.375	7.386256922735609e-46
1690.5	8.867818727276889e-46
1690.625	1.0174669016310491e-45
1690.75	9.052484494984092e-46
1690.875	8.011232089743997e-46
1691.0	8.106045601699239e-46
1691.125	7.36609671426916e-46
1691.25	7.546519401230409e-46
1691.375	7.187074144209607e-46
1691.5	6.805592215008999e-46
1691.625	8.315326013982491e-46
1691.75	7.410290085351039e-46
1691.875	7.470639163008997e-46
1692.0	7.949380066760251e-46
1692.125	9.134970066367687e-46
1692.25	8.32612294620484e-46
1692.375	7.315709347146241e-46
1692.5	6.872070881832249e-46
1692.625	6.97294316881561e-46
1692.75	6.529492163426409e-46
1692.875	7.05508235574025e-46
1693.0	7.528713371270009e-46
1693.125	6.841584118420839e-46
1693.25	6.62367792561049e-46
1693.375	8.241918672225639e-46
1693.5	9.770108639519287e-46
1693.625	8.017042280419239e-46
1693.75	6.68739289680036e-46
1693.875	7.512193490411611e-46
1694.0	7.698427911736809e-46
1694.125	8.20640926342561e-46
1694.25	8.354969438412961e-46
1694.375	8.22541654320169e-46
1694.5	7.27132581436816e-46
1694.625	7.200080643571559e-46
1694.75	6.742454120076958e-46
1694.875	7.766119916820812e-46
1695.0	7.376466424418009e-46
1695.125	7.964857430822409e-46
1695.25	8.397510280577638e-46
1695.375	7.387080972642249e-46
1695.5	7.137501060744041e-46
1695.625	7.408318265870761e-46
1695.75	7.69981361137444e-46
1695.875	7.505689245591688e-46
1696.0	7.339368560303609e-46
1696.125	6.425840699745639e-46
1696.25	8.058934193806441e-46
1696.375	7.41478618311025e-46
1696.5	7.817883859094411e-46
1696.625	6.96860845126884e-46
1696.75	7.272093809124e-46
1696.875	7.741267855819561e-46
1697.0	7.88802668668161e-46
1697.125	6.690526460667041e-46
1697.25	6.2062418602889995e-46
1697.375	8.104310664610408e-46
1697.5	7.72960934730625e-46
1697.625	7.911457928545962e-46
1697.75	9.266017579379558e-46
1697.875	8.209649539801961e-46
1698.0	7.454534813640359e-46
1698.125	6.134795334533609e-46
1698.25	6.5700593454412895e-46
1698.375	8.11208089341225e-46
1698.5	8.305158558435841e-46
1698.625	7.329478704600998e-46
1698.75	7.618556093998239e-46
1698.875	7.29030672322624e-46
1699.0	7.809976958248959e-46
1699.125	8.304412171601289e-46
1699.25	8.42877462651904e-46
1699.375	7.50013426095129e-46
1699.5	8.43784096353444e-46
1699.625	7.52407258981849e-46
1699.75	8.570373935904009e-46
1699.875	7.273257204265289e-46
1700.0	6.908910264576359e-46
1700.125	7.349569798080999e-46
1700.25	7.929746176380252e-46
1700.375	8.716099498876808e-46
1700.5	7.500907672062247e-46
1700.625	7.326894542881689e-46
1700.75	6.791972996793959e-46
1700.875	7.309588140624999e-46
1701.0	7.49561619003129e-46
1701.125	6.335248728063998e-46
1701.25	6.90704837437696e-46
1701.375	7.44661468172196e-46
1701.5	7.27851063051225e-46
1701.625	8.194659104792248e-46
1701.75	7.22284545123904e-46
1701.875	7.351179141113639e-46
1702.0	7.99863095986201e-46
1702.125	7.76258780139241e-46
1702.25	9.083546795999289e-46
1702.375	6.99733222005841e-46
1702.5	6.3206771887584896e-46
1702.625	7.97153165677801e-46
1702.75	7.315549767365288e-46
1702.875	6.06955604787961e-46
1703.0	7.25823839089924e-46
1703.125	8.766776028225641e-46
1703.25	7.82444756061796e-46
1703.375	8.457681914248357e-46
1703.5	8.690040123078757e-46
1703.625	7.82435525258401e-46
1703.75	7.42595472866025e-46
1703.875	6.9440376577776405e-46
1704.0	8.236375372353958e-46
1704.125	8.281999901992958e-46
1704.25	6.199056733890248e-46
1704.375	6.9924319644484894e-46
1704.5	7.867754039332891e-46
1704.625	9.857671506310412e-46
1704.75	9.84980186747236e-46
1704.875	8.493333920556247e-46
1705.0	8.577896970742092e-46
1705.125	7.359985386798491e-46
1705.25	7.652380834659689e-46
1705.375	7.13744923160025e-46
1705.5	8.276704935631687e-46
1705.625	8.95998318099361e-46
1705.75	8.52358009719241e-46
1705.875	7.48411576980544e-46
1706.0	7.756477880061159e-46
1706.125	7.47452689255561e-46
1706.25	7.767778136987557e-46
1706.375	7.772219136900001e-46
1706.5	7.756158717141607e-46
1706.625	8.424540499534813e-46
1706.75	7.94868480201744e-46
1706.875	8.09954751767616e-46
1707.0	8.38768656019009e-46
1707.125	6.64439139298089e-46
1707.25	7.47804153536064e-46
1707.375	7.50138094045201e-46
1707.5	8.458229248112249e-46
1707.625	9.46858872029184e-46
1707.75	8.350232008458242e-46
1707.875	6.895383896379691e-46
1708.0	7.020985341681641e-46
1708.125	7.257279318782439e-46
1708.25	7.471519294464001e-46
1708.375	7.02297912817216e-46
1708.5	7.343072945910252e-46
1708.625	8.665178939289759e-46
1708.75	8.01753778976049e-46
1708.875	7.398465824146411e-46
1709.0	8.886803385905639e-46
1709.125	9.008121631420887e-46
1709.25	8.059228298884e-46
1709.375	6.528020401000808e-46
1709.5	7.172388331292252e-46
1709.625	8.209000287306093e-46
1709.75	8.093226712684091e-46
1709.875	6.1417280190009995e-46
1710.0	6.69385842290064e-46
1710.125	7.146343621613161e-46
1710.25	7.36717640506849e-46
1710.375	6.9955251039302504e-46
1710.5	6.57027722032704e-46
1710.625	6.1851694974000115e-46
1710.75	8.235085685919208e-46
1710.875	6.99637149929025e-46
1711.0	6.992444128328999e-46
1711.125	8.74256452637584e-46
1711.25	7.93422985095225e-46
1711.375	8.248625249764003e-46
1711.5	8.16489363221284e-46
1711.625	8.556861149647689e-46
1711.75	9.71789845519936e-46
1711.875	8.675630342629292e-46
1712.0	6.39533824468036e-46
1712.125	6.6562761605759996e-46
1712.25	7.743866198068087e-46
1712.375	8.617457325160361e-46
1712.5	8.47050324848641e-46
1712.625	9.274420351684888e-46
1712.75	8.049615887040249e-46
1712.875	8.122611720384157e-46
1713.0	7.872692089891239e-46
1713.125	7.47655398650944e-46
1713.25	7.78196412253584e-46
1713.375	9.31283138692624e-46
1713.5	1.0780613774840249e-45
1713.625	8.741506621495208e-46
1713.75	7.501287271564839e-46
1713.875	7.544792677417957e-46
1714.0	8.35764798702409e-46
1714.125	7.92155491596049e-46
1714.25	7.140700939681e-46
1714.375	8.775310751688011e-46
1714.5	7.11469574051769e-46
1714.625	7.193694204499687e-46
1714.75	8.168334337688041e-46
1714.875	8.501202691396837e-46
1715.0	8.72748493728489e-46
1715.125	7.591595431225003e-46
1715.25	7.385821542894241e-46
1715.375	7.995106863844e-46
1715.5	8.31886575893136e-46
1715.625	8.14734018254116e-46
1715.75	7.840023520017641e-46
1715.875	7.014575027118487e-46
1716.0	7.137074678124161e-46
1716.125	7.98901915111609e-46
1716.25	8.490504339409001e-46
1716.375	7.70920657949764e-46
1716.5	7.080682044216012e-46
1716.625	8.132776928645761e-46
1716.75	7.12721639741409e-46
1716.875	6.9064707242722514e-46
1717.0	8.35795443156129e-46
1717.125	8.474694179235839e-46
1717.25	7.624324291280409e-46
1717.375	8.511405390219687e-46
1717.5	9.410717641334488e-46
1717.625	8.597338250035241e-46
1717.75	8.144551145956e-46
1717.875	8.23117075460289e-46
1718.0	7.613434073723039e-46
1718.125	7.429507542371287e-46
1718.25	7.479140338322888e-46
1718.375	7.443379164582491e-46
1718.5	7.273002079980159e-46
1718.625	7.865534357135996e-46
1718.75	8.169528466177691e-46
1718.875	9.012935244456011e-46
1719.0	8.811291104247611e-46
1719.125	7.829043510631841e-46
1719.25	7.93103932734201e-46
1719.375	8.10307576673604e-46
1719.5	8.094224720232009e-46
1719.625	7.87316010959104e-46
1719.75	7.741031917441e-46
1719.875	8.45572480255441e-46
1720.0	9.374938894644839e-46
1720.125	9.653204169952362e-46
1720.25	8.85601830637969e-46
1720.375	8.791976940078241e-46
1720.5	7.92809553451876e-46
1720.625	8.208779673370239e-46
1720.75	8.267762988235239e-46
1720.875	7.634939343832361e-46
1721.0	7.15418378257636e-46
1721.125	6.7111228704722495e-46
1721.25	7.314839523215998e-46
1721.375	7.0011826422350414e-46
1721.5	6.86366222782464e-46
1721.625	7.70591672378089e-46
1721.75	8.354134683903999e-46
1721.875	8.03388288251025e-46
1722.0	7.424253298352891e-46
1722.125	7.07972466493504e-46
1722.25	7.759467635840407e-46
1722.375	7.965502600612835e-46
1722.5	7.81215748356169e-46
1722.625	8.800344738906249e-46
1722.75	8.818951787583999e-46
1722.875	8.799746695106889e-46
1723.0	8.802984561909757e-46
1723.125	8.613278781985441e-46
1723.25	7.082266465507837e-46
1723.375	6.673027118332089e-46
1723.5	6.850031063340959e-46
1723.625	8.36832944644225e-46
1723.75	8.646157401138008e-46
1723.875	7.412469626742011e-46
1724.0	7.713719126578888e-46
1724.125	7.910088187646408e-46
1724.25	8.218429861824159e-46
1724.375	7.366266615116888e-46
1724.5	7.03720883396644e-46
1724.625	6.8458064161806385e-46
1724.75	7.35223170770001e-46
1724.875	8.62922291540521e-46
1725.0	9.00865167821056e-46
1725.125	9.32412851710096e-46
1725.25	8.937504868356003e-46
1725.375	8.849470737635997e-46
1725.5	8.526185673346891e-46
1725.625	7.362823927065758e-46
1725.75	6.0953141391609995e-46
1725.875	7.024428802423209e-46
1726.0	7.872858757182249e-46
1726.125	7.118079928728999e-46
1726.25	7.329859897537959e-46
1726.375	7.940576753828409e-46
1726.5	8.049708946960808e-46
1726.625	7.435825996015207e-46
1726.75	7.39577380109584e-46
1726.875	6.5958782708336415e-46
1727.0	6.3091703863584395e-46
1727.125	8.696731346288408e-46
1727.25	9.394745444208013e-46
1727.375	7.90525482201225e-46
1727.5	7.331083680486759e-46
1727.625	8.999697602540161e-46
1727.75	8.414170136817211e-46
1727.875	8.820987912219037e-46
1728.0	8.56758540711844e-46
1728.125	7.241031609972253e-46
1728.25	7.35089879476681e-46
1728.375	7.82207625600625e-46
1728.5	7.18757601219025e-46
1728.625	7.771834973161209e-46
1728.75	8.767602723790436e-46
1728.875	8.91920435011369e-46
1729.0	8.218042851026411e-46
1729.125	7.632184742352807e-46
1729.25	6.7214591305372886e-46
1729.375	7.741705798142412e-46
1729.5	8.538216659315289e-46
1729.625	7.811128389728157e-46
1729.75	7.659693895271039e-46
1729.875	7.38839650376025e-46
1730.0	7.30730213408484e-46
1730.125	8.415947791240089e-46
1730.25	8.94371467729936e-46
1730.375	8.697640848481689e-46
1730.5	8.35832275063696e-46
1730.625	7.491606926399998e-46
1730.75	8.311315367399042e-46
1730.875	9.270224274438487e-46
1731.0	8.014856559124838e-46
1731.125	7.181405754410248e-46
1731.25	8.877721182050247e-46
1731.375	8.770526080254759e-46
1731.5	7.855112155427291e-46
1731.625	7.937930963435561e-46
1731.75	7.221057276006251e-46
1731.875	8.042895999999998e-46
1732.0	8.912354029163561e-46
1732.125	7.74339591533764e-46
1732.25	7.115501833104039e-46
1732.375	8.376824302495359e-46
1732.5	9.40848142869504e-46
1732.625	9.15512433294096e-46
1732.75	8.902571910036838e-46
1732.875	7.567698393024997e-46
1733.0	7.722988843507559e-46
1733.125	7.302681470286761e-46
1733.25	7.545527183891291e-46
1733.375	8.18198255347225e-46
1733.5	8.776830485126559e-46
1733.625	7.888239577200999e-46
1733.75	7.867438204941158e-46
1733.875	8.676323713600002e-46
1734.0	8.904891603342249e-46
1734.125	8.158763886025e-46
1734.25	7.538375919466092e-46
1734.375	8.240742229962489e-46
1734.5	7.968300331996837e-46
1734.625	7.560901784448359e-46
1734.75	8.963800074352357e-46
1734.875	8.79173024325904e-46
1735.0	7.994424870433959e-46
1735.125	8.393173924506253e-46
1735.25	7.369674816510249e-46
1735.375	6.57852836444164e-46
1735.5	7.409693938870087e-46
1735.625	7.893373973322011e-46
1735.75	8.630306906834558e-46
1735.875	8.83731450319641e-46
1736.0	9.137949197796807e-46
1736.125	8.905554087306245e-46
1736.25	8.20715810867044e-46
1736.375	8.398951151311359e-46
1736.5	8.679708492090251e-46
1736.625	8.008702467218012e-46
1736.75	7.34353362092025e-46
1736.875	6.719331311189289e-46
1737.0	6.8492234018244096e-46
1737.125	7.655958623764093e-46
1737.25	9.412674928868887e-46
1737.375	8.61824876777316e-46
1737.5	7.24071300896329e-46
1737.625	7.180524658430009e-46
1737.75	6.085315373386241e-46
1737.875	8.313796029917162e-46
1738.0	9.053447315688087e-46
1738.125	7.437408756217689e-46
1738.25	7.576685646083999e-46
1738.375	6.771759189408161e-46
1738.5	6.71146016868196e-46
1738.625	6.7097431966158385e-46
1738.75	6.335107273903211e-46
1738.875	8.24094949358916e-46
1739.0	7.51257063446761e-46
1739.125	7.65851549004529e-46
1739.25	8.141090915644089e-46
1739.375	8.271991475449e-46
1739.5	7.72742202694081e-46
1739.625	9.405479370693158e-46
1739.75	9.017312918032807e-46
1739.875	8.480593160457637e-46
1740.0	7.39066742951524e-46
1740.125	7.518177382970252e-46
1740.25	8.963611455826807e-46
1740.375	7.608826831464037e-46
1740.5	8.173724899345293e-46
1740.625	8.4955343841e-46
1740.75	8.23398204247056e-46
1740.875	8.235287138961e-46
1741.0	8.84558130876484e-46
1741.125	7.129512511156092e-46
1741.25	8.086258307044091e-46
1741.375	7.31271602857156e-46
1741.5	7.493598010669689e-46
1741.625	7.554560085136003e-46
1741.75	8.677615095152638e-46
1741.875	9.41103116179216e-46
1742.0	8.798617705512958e-46
1742.125	8.276224495911839e-46
1742.25	8.682426219258493e-46
1742.375	7.958895221721959e-46
1742.5	7.251120676890249e-46
1742.625	8.46824317260516e-46
1742.75	8.444286193749158e-46
1742.875	7.623472755457692e-46
1743.0	8.24010036080625e-46
1743.125	9.422596412775038e-46
1743.25	7.734030525156251e-46
1743.375	7.338498956328961e-46
1743.5	7.130072712224161e-46
1743.625	7.77290050726084e-46
1743.75	7.836601168448999e-46
1743.875	6.3758896227457605e-46
1744.0	7.729808968211557e-46
1744.125	7.022464490044891e-46
1744.25	7.101986218007043e-46
1744.375	8.816083317721e-46
1744.5	8.316780004135839e-46
1744.625	7.30187619296256e-46
1744.75	7.07384663663616e-46
1744.875	8.23867432954281e-46
1745.0	8.084446444519209e-46
1745.125	7.99342342205449e-46
1745.25	6.951767661020249e-46
1745.375	7.672738232852638e-46
1745.5	7.86013595252356e-46
1745.625	7.234192377741162e-46
1745.75	7.59792563992225e-46
1745.875	8.434583258613157e-46
1746.0	7.89148328302656e-46
1746.125	9.316255701417637e-46
1746.25	8.889855671713211e-46
1746.375	9.193305978162247e-46
1746.5	8.87895714261241e-46
1746.625	7.737604539024999e-46
1746.75	9.43921101443401e-46
1746.875	8.18753213010496e-46
1747.0	7.36614068203225e-46
1747.125	8.60264972915076e-46
1747.25	8.286629852610491e-46
1747.375	7.615367875539361e-46
1747.5	6.921666380836e-46
1747.625	7.568489035267689e-46
1747.75	6.32471094444484e-46
1747.875	6.9925086499590394e-46
1748.0	7.40357216764036e-46
1748.125	6.9230455704576085e-46
1748.25	7.314490634492247e-46
1748.375	7.615267426590759e-46
1748.5	7.737607320680249e-46
1748.625	7.20343032388849e-46
1748.75	8.29989364535296e-46
1748.875	9.595890882452252e-46
1749.0	8.190796725066236e-46
1749.125	7.736682726014488e-46
1749.25	9.244344107671692e-46
1749.375	1.0654778369889638e-45
1749.5	9.037650294092246e-46
1749.625	8.45653670015625e-46
1749.75	8.702400290285613e-46
1749.875	7.993762697370488e-46
1750.0	7.273040914677757e-46
1750.125	7.939356648744959e-46
1750.25	7.83835032678916e-46
1750.375	7.87441552609321e-46
1750.5	7.926424793646491e-46
1750.625	7.86744044885764e-46
1750.75	7.624274589439208e-46
1750.875	7.478831855872091e-46
1751.0	6.56453268366336e-46
1751.125	6.435290312798759e-46
1751.25	8.89719606236224e-46
1751.375	8.958564402013211e-46
1751.5	9.126892947195037e-46
1751.625	9.437104742566406e-46
1751.75	8.997844329096487e-46
1751.875	9.390446847948962e-46
1752.0	8.670691538974436e-46
1752.125	8.71666221712036e-46
1752.25	7.997109468639212e-46
1752.375	8.349006830439037e-46
1752.5	1.020937077835236e-45
1752.625	9.56550524278801e-46
1752.75	7.868274646980252e-46
1752.875	7.25724968554089e-46
1753.0	7.952518440441001e-46
1753.125	8.70162033223081e-46
1753.25	7.58763990840241e-46
1753.375	6.94645272303376e-46
1753.5	7.692537444597757e-46
1753.625	9.002875429632642e-46
1753.75	8.674967630768041e-46
1753.875	8.051423275008997e-46
1754.0	9.161237960463691e-46
1754.125	9.39861214008336e-46
1754.25	9.531875745976957e-46
1754.375	9.276037526017438e-46
1754.5	7.80612586908025e-46
1754.625	7.19917425450729e-46
1754.75	7.173495513579237e-46
1754.875	7.45909183350244e-46
1755.0	8.657811917055998e-46
1755.125	8.86451119742241e-46
1755.25	8.397260488127289e-46
1755.375	7.978134109392811e-46
1755.5	7.803530510400002e-46
1755.625	8.851026034542759e-46
1755.75	9.674843836569207e-46
1755.875	9.277713932355999e-46
1756.0	9.302062635140891e-46
1756.125	8.478355032882248e-46
1756.25	8.426067286807212e-46
1756.375	8.847355776950247e-46
1756.5	7.94874964699729e-46
1756.625	6.17244559181649e-46
1756.75	6.07469235965881e-46
1756.875	7.272755050581156e-46
1757.0	9.317643307842247e-46
1757.125	8.37787495704481e-46
1757.25	8.40944088929296e-46
1757.375	7.630846025281962e-46
1757.5	7.929372781761639e-46
1757.625	7.347994786242251e-46
1757.75	7.035215150403997e-46
1757.875	7.078514063975292e-46
1758.0	7.78444819589376e-46
1758.125	8.03148344976384e-46
1758.25	8.140598450467562e-46
1758.375	8.20088994742416e-46
1758.5	7.467929121101438e-46
1758.625	7.580630053071362e-46
1758.75	8.287521682591359e-46
1758.875	7.465359462960997e-46
1759.0	8.035597225426409e-46
1759.125	8.839761255736959e-46
1759.25	8.506943472222249e-46
1759.375	8.04823480486921e-46
1759.5	9.47642773413249e-46
1759.625	9.119346654415359e-46
1759.75	8.908376186914086e-46
1759.875	7.955768000528413e-46
1760.0	6.659364233935359e-46
1760.125	7.77023876021904e-46
1760.25	8.82815898479524e-46
1760.375	8.138257304721607e-46
1760.5	8.616725801476e-46
1760.625	8.651404520928999e-46
1760.75	7.850144879721e-46
1760.875	8.73395590373289e-46
1761.0	1.0068353551875611e-45
1761.125	8.435144366223997e-46
1761.25	8.605145329827841e-46
1761.375	8.994460452667562e-46
1761.5	7.872361566374408e-46
1761.625	7.933964512824359e-46
1761.75	8.674069917470759e-46
1761.875	9.454971881278439e-46
1762.0	9.358407899952247e-46
1762.125	8.663060805540841e-46
1762.25	8.831718272948489e-46
1762.375	6.821640277929e-46
1762.5	7.062666080083291e-46
1762.625	7.22993905994116e-46
1762.75	9.56277881130049e-46
1762.875	9.27004098414564e-46
1763.0	8.300854759296158e-46
1763.125	7.889795618883999e-46
1763.25	8.851739470081287e-46
1763.375	8.424842943364004e-46
1763.5	9.069240664324e-46
1763.625	8.907078490834407e-46
1763.75	9.10692792669969e-46
1763.875	8.212742580416885e-46
1764.0	7.740655202530889e-46
1764.125	7.497853149552639e-46
1764.25	8.266503623347839e-46
1764.375	8.36904340631401e-46
1764.5	8.40656849010889e-46
1764.625	8.76032665426801e-46
1764.75	8.876559791251359e-46
1764.875	8.266657732256156e-46
1765.0	8.262308157813608e-46
1765.125	9.85225251336804e-46
1765.25	8.669464860420247e-46
1765.375	7.710873152346808e-46
1765.5	7.743999772098489e-46
1765.625	6.39101556689764e-46
1765.75	7.718258553165161e-46
1765.875	7.864777145241e-46
1766.0	9.590763596057639e-46
1766.125	1.079798527442944e-45
1766.25	8.217316442030439e-46
1766.375	6.841733733972638e-46
1766.5	7.00866481097689e-46
1766.625	7.657322786094241e-46
1766.75	9.458356412224812e-46
1766.875	8.597093126399999e-46
1767.0	8.83051888683721e-46
1767.125	8.35589153220481e-46
1767.25	8.487167729695358e-46
1767.375	7.21790445680964e-46
1767.5	7.959365796731039e-46
1767.625	8.280663484041639e-46
1767.75	8.026788219385691e-46
1767.875	8.010140154004807e-46
1768.0	8.81951068870921e-46
1768.125	7.992035295553441e-46
1768.25	9.262464947528039e-46
1768.375	7.795620263270441e-46
1768.5	7.23557707344784e-46
1768.625	8.58422259736336e-46
1768.75	1.0006361236058887e-45
1768.875	8.11705399317136e-46
1769.0	7.827406741150087e-46
1769.125	8.264594057148491e-46
1769.25	7.23220916916289e-46
1769.375	8.20913151102724e-46
1769.5	8.222005125735209e-46
1769.625	8.131267254521291e-46
1769.75	9.00309566615281e-46
1769.875	9.631162317649961e-46
1770.0	9.457024176756246e-46
1770.125	7.729028292769e-46
1770.25	8.62873293837025e-46
1770.375	8.49529363075969e-46
1770.5	6.578357545594809e-46
1770.625	6.117998435297441e-46
1770.75	7.24014148215121e-46
1770.875	8.156664600156251e-46
1771.0	8.257140753280808e-46
1771.125	8.41454317340224e-46
1771.25	7.224760715772247e-46
1771.375	8.024002332889e-46
1771.5	9.09662154287236e-46
1771.625	8.22401931357601e-46
1771.75	7.324453191305291e-46
1771.875	8.75449921528009e-46
1772.0	7.771887383910252e-46
1772.125	8.441674567936e-46
1772.25	7.89139619873641e-46
1772.375	7.514732817381689e-46
1772.5	7.888151949093162e-46
1772.625	8.24249917321009e-46
1772.75	6.790061266005161e-46
1772.875	7.685131650848999e-46
1773.0	9.575773668940089e-46
1773.125	8.151308789470088e-46
1773.25	7.565202391375688e-46
1773.375	8.78514246547081e-46
1773.5	9.521581518436e-46
1773.625	8.17609859078884e-46
1773.75	6.979344475656011e-46
1773.875	7.67658952942281e-46
1774.0	7.946024694256359e-46
1774.125	7.97078912247396e-46
1774.25	8.951752236314413e-46
1774.375	8.971535741604839e-46
1774.5	7.612499270145641e-46
1774.625	7.699410152917207e-46
1774.75	8.081435653139561e-46
1774.875	7.963362859637611e-46
1775.0	8.958184882715291e-46
1775.125	8.693997227922251e-46
1775.25	8.160625764424812e-46
1775.375	7.648587056542409e-46
1775.5	8.000089238560408e-46
1775.625	9.004989691392251e-46
1775.75	9.706471724545211e-46
1775.875	8.352940433141159e-46
1776.0	8.3865264025e-46
1776.125	8.70874095851776e-46
1776.25	8.724209001799841e-46
1776.375	8.142332130919842e-46
1776.5	8.094399406329641e-46
1776.625	8.543688146497439e-46
1776.75	8.77985256825856e-46
1776.875	8.675607368194562e-46
1777.0	8.563525493040039e-46
1777.125	8.43974777947536e-46
1777.25	7.985115686548089e-46
1777.375	8.031822398208998e-46
1777.5	8.215628109488887e-46
1777.625	7.963598775828008e-46
1777.75	7.132356466867841e-46
1777.875	8.222768446369e-46
1778.0	9.607564794291838e-46
1778.125	9.560004534320493e-46
1778.25	7.661819017600808e-46
1778.375	6.7172795082122515e-46
1778.5	7.527677329117688e-46
1778.625	8.00528989291641e-46
1778.75	7.38835681867024e-46
1778.875	7.320033810247209e-46
1779.0	7.85874431036304e-46
1779.125	7.830163887049e-46
1779.25	7.948575411955238e-46
1779.375	8.985433698583691e-46
1779.5	7.980473580718237e-46
1779.625	8.237141081764e-46
1779.75	8.737260862641641e-46
1779.875	8.676659510689e-46
1780.0	1.0061311209848999e-45
1780.125	1.056744187790404e-45
1780.25	9.08685273381649e-46
1780.375	9.81366017404644e-46
1780.5	1.0564019754662442e-45
1780.625	9.529315250289211e-46
1780.75	7.86898658337796e-46
1780.875	8.27973749368089e-46
1781.0	9.551511046593612e-46
1781.125	8.940220198404012e-46
1781.25	7.094720211590559e-46
1781.375	8.086450537892249e-46
1781.5	8.476492772498888e-46
1781.625	8.360468066966759e-46
1781.75	9.160915916700252e-46
1781.875	8.547845684166008e-46
1782.0	8.062842595710252e-46
1782.125	8.34020264189281e-46
1782.25	7.88508807999201e-46
1782.375	7.358052822843611e-46
1782.5	8.003742306649962e-46
1782.625	6.9018383082249995e-46
1782.75	7.310624206435562e-46
1782.875	9.19092779470849e-46
1783.0	7.61879181461281e-46
1783.125	6.686243210884409e-46
1783.25	9.058998373489e-46
1783.375	9.486639009505439e-46
1783.5	8.119288937419561e-46
1783.625	9.133095058621211e-46
1783.75	9.78663441258409e-46
1783.875	8.94358309118976e-46
1784.0	9.516065075344e-46
1784.125	7.926168032094008e-46
1784.25	6.4747118015702486e-46
1784.375	7.165401717198241e-46
1784.5	8.381822880988839e-46
1784.625	8.971661542638237e-46
1784.75	8.76088665452025e-46
1784.875	8.387973860760008e-46
1785.0	9.210658070723559e-46
1785.125	9.33369955618816e-46
1785.25	7.85606398026241e-46
1785.375	8.612106060321e-46
1785.5	8.901778258791041e-46
1785.625	9.168674992323998e-46
1785.75	9.82790397862144e-46
1785.875	8.891649484391611e-46
1786.0	8.887506337102407e-46
1786.125	8.33093030949201e-46
1786.25	8.33506116696036e-46
1786.375	7.999043314563998e-46
1786.5	8.912763624795037e-46
1786.625	9.246827715084088e-46
1786.75	8.339578280755842e-46
1786.875	8.741287242862239e-46
1787.0	8.864066389467238e-46
1787.125	8.716874791173162e-46
1787.25	8.13048024916009e-46
1787.375	8.40267735466384e-46
1787.5	7.63589376200641e-46
1787.625	7.363964163906249e-46
1787.75	7.510791343073288e-46
1787.875	7.828565612214759e-46
1788.0	8.195447492468637e-46
1788.125	8.179452996660491e-46
1788.25	9.074197697812809e-46
1788.375	8.12974574518681e-46
1788.5	1.0216373324158438e-45
1788.625	9.558189041750412e-46
1788.75	7.68544824014881e-46
1788.875	7.071896168833691e-46
1789.0	7.11789263825641e-46
1789.125	7.265926726766891e-46
1789.25	8.287350106665641e-46
1789.375	8.48947519983616e-46
1789.5	7.587273555400361e-46
1789.625	8.23870016234496e-46
1789.75	9.252991348129e-46
1789.875	9.364101846724e-46
1790.0	9.560179538115999e-46
1790.125	8.733056325450249e-46
1790.25	7.829213072943609e-46
1790.375	8.645560503155562e-46
1790.5	9.16383933723556e-46
1790.625	9.07992807460561e-46
1790.75	8.096865697200639e-46
1790.875	8.06407556003856e-46
1791.0	7.785735583907608e-46
1791.125	7.552091533827611e-46
1791.25	8.446132125729002e-46
1791.375	8.82336764855716e-46
1791.5	8.788342663293207e-46
1791.625	7.774264452874241e-46
1791.75	8.68112387280009e-46
1791.875	9.403197170246889e-46
1792.0	8.11927013114889e-46
1792.125	8.386287777917439e-46
1792.25	9.172185970706893e-46
1792.375	7.825516135673757e-46
1792.5	8.458457260643289e-46
1792.625	7.75913559800625e-46
1792.75	8.737548177103358e-46
1792.875	8.934016983102761e-46
1793.0	8.614020725211041e-46
1793.125	8.857383704814491e-46
1793.25	9.433137381085692e-46
1793.375	1.0444693476990007e-45
1793.5	8.648137015212249e-46
1793.625	7.757687193906251e-46
1793.75	8.168530971321638e-46
1793.875	9.031653182386811e-46
1794.0	8.810031961632041e-46
1794.125	7.93892216744649e-46
1794.25	9.013161007933293e-46
1794.375	7.803652306603239e-46
1794.5	7.130843892496001e-46
1794.625	7.064243700360248e-46
1794.75	9.702745918913606e-46
1794.875	1.0680361919573288e-45
1795.0	1.109305223262756e-45
1795.125	9.68597619534601e-46
1795.25	7.83009337148416e-46
1795.375	8.004771562170248e-46
1795.5	7.885946801971838e-46
1795.625	9.470720044662248e-46
1795.75	9.052010324604812e-46
1795.875	8.312240815358489e-46
1796.0	9.08615219130025e-46
1796.125	1.0657929828552253e-45
1796.25	9.409893064514007e-46
1796.375	7.529256663390808e-46
1796.5	9.340645113759609e-46
1796.625	1.029632363773225e-45
1796.75	8.40690598462225e-46
1796.875	8.13046257049156e-46
1797.0	8.160130423473639e-46
1797.125	7.038769812624e-46
1797.25	1.001378304171844e-45
1797.375	8.947662710707358e-46
1797.5	7.86844295055025e-46
1797.625	1.042585203871744e-45
1797.75	1.1205718758031358e-45
1797.875	9.262855119337209e-46
1798.0	8.492272553820161e-46
1798.125	9.740144767320253e-46
1798.25	9.51591762190161e-46
1798.375	9.14287961468025e-46
1798.5	8.92510008508836e-46
1798.625	8.589503647010247e-46
1798.75	8.88353404446564e-46
1798.875	9.386266881102249e-46
1799.0	8.966784702680997e-46
1799.125	8.228930216765438e-46
1799.25	8.598529905624997e-46
1799.375	9.527436002370247e-46
1799.5	9.479186779709441e-46
1799.625	9.276721593595211e-46
1799.75	7.636494517872641e-46
1799.875	8.992200490520041e-46
1800.0	1.0984155623766088e-45
1800.125	1.0185603952014487e-45
1800.25	8.940750635837439e-46
1800.375	8.870532982336e-46
1800.5	7.67344791578121e-46
1800.625	8.822241897030809e-46
1800.75	9.995166978379558e-46
1800.875	8.97126018051844e-46
1801.0	8.495970430311037e-46
1801.125	8.095634781032409e-46
1801.25	9.063049438002011e-46
1801.375	9.912454673706011e-46
1801.5	8.06293175671204e-46
1801.625	7.814257805520358e-46
1801.75	7.622897912832157e-46
1801.875	8.266596203527209e-46
1802.0	9.385295712849e-46
1802.125	8.878238439551289e-46
1802.25	9.574665260179359e-46
1802.375	8.48397042089536e-46
1802.5	8.613521201376009e-46
1802.625	9.453349021974009e-46
1802.75	9.584248214829693e-46
1802.875	9.954331668361959e-46
1803.0	8.368571286812889e-46
1803.125	8.071991265624997e-46
1803.25	8.69180481805689e-46
1803.375	1.1043918780416638e-45
1803.5	1.0793231571269162e-45
1803.625	8.777388642489636e-46
1803.75	9.47809752137361e-46
1803.875	8.815300656871839e-46
1804.0	8.530969828149759e-46
1804.125	8.957422276762089e-46
1804.25	9.2856716176e-46
1804.375	9.240815696641002e-46
1804.5	8.753066031075611e-46
1804.625	7.858331102712253e-46
1804.75	9.534033324728998e-46
1804.875	1.0196470678395687e-45
1805.0	9.031001050373759e-46
1805.125	9.069824908224997e-46
1805.25	8.213773150217607e-46
1805.375	1.023169384506361e-45
1805.5	9.635343066408009e-46
1805.625	8.580187448898489e-46
1805.75	8.959612012773205e-46
1805.875	8.70693087385081e-46
1806.0	7.388202428375037e-46
1806.125	7.521629319969209e-46
1806.25	9.410242769021611e-46
1806.375	9.914368366681e-46
1806.5	9.640987119037214e-46
1806.625	1.0027577856552007e-45
1806.75	9.06118423443601e-46
1806.875	7.033824301641638e-46
1807.0	7.016269642505637e-46
1807.125	8.325203073511841e-46
1807.25	7.953538756763609e-46
1807.375	8.54180411113225e-46
1807.5	8.884385899159688e-46
1807.625	9.064607734551687e-46
1807.75	9.411706690350252e-46
1807.875	8.017126657499609e-46
1808.0	8.394962687798439e-46
1808.125	8.606618572875209e-46
1808.25	9.282405263616002e-46
1808.375	9.85916919670596e-46
1808.5	1.064480802409924e-45
1808.625	1.1215787604003999e-45
1808.75	9.339086492865608e-46
1808.875	8.89943152567225e-46
1809.0	7.96121099121924e-46
1809.125	8.099169577215997e-46
1809.25	8.557399982051559e-46
1809.375	8.98020189990225e-46
1809.5	8.547152203731688e-46
1809.625	9.27840110779024e-46
1809.75	9.69703274523481e-46
1809.875	9.88553836508176e-46
1810.0	8.859341515053163e-46
1810.125	7.37447847192081e-46
1810.25	8.104167186167611e-46
1810.375	8.126053198502889e-46
1810.5	8.31920552639089e-46
1810.625	1.036117042867984e-45
1810.75	1.039149058147225e-45
1810.875	8.726942548772009e-46
1811.0	8.808867883891692e-46
1811.125	9.021320411731693e-46
1811.25	9.39955211198721e-46
1811.375	9.375025239075687e-46
1811.5	8.430712357047206e-46
1811.625	7.634372910761609e-46
1811.75	8.960722547051562e-46
1811.875	8.71829319883536e-46
1812.0	9.000808818171042e-46
1812.125	8.526025660108807e-46
1812.25	7.665681970330239e-46
1812.375	9.053703073543838e-46
1812.5	9.89487170893225e-46
1812.625	8.141468120945638e-46
1812.75	8.462385142520407e-46
1812.875	9.585373896650249e-46
1813.0	8.57609936460484e-46
1813.125	7.365393247905638e-46
1813.25	9.807672037432087e-46
1813.375	9.71274552817284e-46
1813.5	9.361445883903998e-46
1813.625	9.68983885792036e-46
1813.75	8.844059203153689e-46
1813.875	8.292089824881209e-46
1814.0	7.561208655131041e-46
1814.125	9.695257220352638e-46
1814.25	7.90819099708036e-46
1814.375	8.717736923625959e-46
1814.5	9.768318310674811e-46
1814.625	9.618521928425639e-46
1814.75	8.67408699950809e-46
1814.875	8.43327698411025e-46
1815.0	9.51654075929881e-46
1815.125	1.1584893907549209e-45
1815.25	9.903059541421291e-46
1815.375	8.25412842540001e-46
1815.5	9.864453153065289e-46
1815.625	8.36227474089604e-46
1815.75	9.47268294620176e-46
1815.875	1.0278796998769689e-45
1816.0	9.583048922499999e-46
1816.125	9.359402150596e-46
1816.25	9.667174387264e-46
1816.375	8.91160591449969e-46
1816.5	8.190899183440091e-46
1816.625	1.011986610957169e-45
1816.75	1.024858099694025e-45
1816.875	9.15100252389376e-46
1817.0	8.666691461700252e-46
1817.125	7.865798548529608e-46
1817.25	8.776046013696639e-46
1817.375	7.49375733073984e-46
1817.5	8.450239117970251e-46
1817.625	9.93610131782724e-46
1817.75	9.78924426421824e-46
1817.875	8.249439780982441e-46
1818.0	9.283413750030249e-46
1818.125	8.4167293456e-46
1818.25	9.954582180796889e-46
1818.375	9.57993247549156e-46
1818.5	9.36791876987136e-46
1818.625	7.790527254182559e-46
1818.75	7.020576231769e-46
1818.875	7.614504698496637e-46
1819.0	9.16168653085284e-46
1819.125	9.036281291264638e-46
1819.25	7.828338979305609e-46
1819.375	7.276042826878809e-46
1819.5	7.660524755884091e-46
1819.625	8.089304126568041e-46
1819.75	1.004465771982864e-45
1819.875	8.32031025122704e-46
1820.0	8.932277479910557e-46
1820.125	9.674196253569e-46
1820.25	8.575974611052247e-46
1820.375	9.73370487640996e-46
1820.5	1.074434782359184e-45
1820.625	9.84497428396804e-46
1820.75	8.75081412150625e-46
1820.875	8.360059799578241e-46
1821.0	9.139886377400251e-46
1821.125	9.041216080182249e-46
1821.25	8.37348059159089e-46
1821.375	8.887731716654006e-46
1821.5	9.302258441568159e-46
1821.625	9.472632470801639e-46
1821.75	8.77777971873124e-46
1821.875	9.359404598047361e-46
1822.0	8.733801636360361e-46
1822.125	7.128448777140249e-46
1822.25	7.850682836649e-46
1822.375	9.689479638290413e-46
1822.5	9.446282383880248e-46
1822.625	9.103355239022888e-46
1822.75	8.669990737431042e-46
1822.875	8.470160405316e-46
1823.0	8.443081448343611e-46
1823.125	9.443091151297686e-46
1823.25	1.0047812719412248e-45
1823.375	9.09294593958144e-46
1823.5	8.550984824324887e-46
1823.625	9.03699674313604e-46
1823.75	9.285139577117292e-46
1823.875	9.38385957883396e-46
1824.0	8.142624900312251e-46
1824.125	8.29958250528016e-46
1824.25	8.874868789555239e-46
1824.375	9.101319362024492e-46
1824.5	9.066482925812006e-46
1824.625	8.656425506144158e-46
1824.75	1.0139048761481289e-45
1824.875	1.1102434583398559e-45
1825.0	1.044742390125625e-45
1825.125	1.0718249003551686e-45
1825.25	9.90650822855236e-46
1825.375	9.45730525463824e-46
1825.5	8.32465948380196e-46
1825.625	9.006946940037758e-46
1825.75	8.699754946504089e-46
1825.875	9.10974975899044e-46
1826.0	1.016454017279376e-45
1826.125	9.33606619470529e-46
1826.25	9.463148560973612e-46
1826.375	9.670178737419212e-46
1826.5	8.775298902431607e-46
1826.625	1.0583535362637159e-45
1826.75	9.135469980035999e-46
1826.875	8.421734590506249e-46
1827.0	8.01130398237009e-46
1827.125	9.206645147421159e-46
1827.25	9.24328666895076e-46
1827.375	9.160212525006488e-46
1827.5	8.837480384099997e-46
1827.625	7.97831262252649e-46
1827.75	9.841716396800998e-46
1827.875	1.0385314468725158e-45
1828.0	9.981578357004961e-46
1828.125	8.087386700655608e-46
1828.25	6.820053424138239e-46
1828.375	8.910524696520041e-46
1828.5	9.809559302866559e-46
1828.625	9.56690633933056e-46
1828.75	1.0737887482886555e-45
1828.875	1.136231084232729e-45
1829.0	1.1219771255893292e-45
1829.125	9.659696944828087e-46
1829.25	8.96176848781369e-46
1829.375	9.091470237642247e-46
1829.5	8.29683723501361e-46
1829.625	1.0288253832948637e-45
1829.75	1.0877514400799291e-45
1829.875	9.10924270236484e-46
1830.0	8.124513364750237e-46
1830.125	9.62211489577156e-46
1830.25	1.1044029112233638e-45
1830.375	9.767050051983998e-46
1830.5	8.370222027448959e-46
1830.625	8.970036980004002e-46
1830.75	1.0853053570247289e-45
1830.875	1.087521640073649e-45
1831.0	1.0351301770867209e-45
1831.125	1.0207463965708838e-45
1831.25	1.050018308688196e-45
1831.375	8.335992555501607e-46
1831.5	8.553316745709158e-46
1831.625	8.954026261118409e-46
1831.75	9.86866852026969e-46
1831.875	9.365575640199839e-46
1832.0	9.222497401592249e-46
1832.125	8.794143395162413e-46
1832.25	8.476981319455361e-46
1832.375	9.597708712685613e-46
1832.5	1.0989526667070253e-45
1832.625	1.0693982397390249e-45
1832.75	9.185739547602252e-46
1832.875	8.661492093505691e-46
1833.0	1.0467579565423206e-45
1833.125	9.92490548577124e-46
1833.25	7.973386731985958e-46
1833.375	8.579239001542438e-46
1833.5	9.143566011889003e-46
1833.625	9.848815794493288e-46
1833.75	7.971957429690249e-46
1833.875	8.14199656545856e-46
1834.0	9.551728622686411e-46
1834.125	1.0642791156706811e-45
1834.25	8.98128793627209e-46
1834.375	9.803772806945293e-46
1834.5	1.0258319866465437e-45
1834.625	1.0188569699725212e-45
1834.75	9.74633578450884e-46
1834.875	1.0296892242904411e-45
1835.0	1.1090866119143039e-45
1835.125	9.912903641356959e-46
1835.25	9.649765070930409e-46
1835.375	1.0097737886558439e-45
1835.5	9.713431799716412e-46
1835.625	9.94277871037584e-46
1835.75	1.023858436892944e-45
1835.875	8.67466662067369e-46
1836.0	8.845657447224999e-46
1836.125	8.062723336542249e-46
1836.25	8.898620712691361e-46
1836.375	9.733155783760362e-46
1836.5	7.521673200975611e-46
1836.625	9.37953897317089e-46
1836.75	9.29206216957456e-46
1836.875	9.096297017646239e-46
1837.0	1.1210271143180487e-45
1837.125	9.929324072889e-46
1837.25	8.98860600848016e-46
1837.375	8.835400148088009e-46
1837.5	7.826514284244638e-46
1837.625	8.071619650752157e-46
1837.75	9.33921973458769e-46
1837.875	9.32487054295801e-46
1838.0	9.922724281267359e-46
1838.125	9.752593100561639e-46
1838.25	8.30830239663876e-46
1838.375	1.068383617355044e-45
1838.5	9.759793995675611e-46
1838.625	9.876948588777693e-46
1838.75	8.23320328086481e-46
1838.875	8.038804739617961e-46
1839.0	7.984776029637158e-46
1839.125	7.891845109351843e-46
1839.25	8.67433380737284e-46
1839.375	9.468936436597689e-46
1839.5	7.639748516090247e-46
1839.625	7.570755551800363e-46
1839.75	8.654353158315242e-46
1839.875	8.086540966803361e-46
1840.0	9.230585715706408e-46
1840.125	9.470964396046239e-46
1840.25	8.310633855489e-46
1840.375	8.33662544436225e-46
1840.5	8.33902960154884e-46
1840.625	9.72202502346244e-46
1840.75	9.495232414922247e-46
1840.875	9.46265083462084e-46
1841.0	9.960717879660252e-46
1841.125	1.073176453834384e-45
1841.25	1.0732000407118242e-45
1841.375	7.651085710752157e-46
1841.5	7.163066108490251e-46
1841.625	8.353235808612254e-46
1841.75	9.161804577517292e-46
1841.875	9.046702630411687e-46
1842.0	7.966065381599609e-46
1842.125	8.51141122508329e-46
1842.25	9.292441990190491e-46
1842.375	9.779351695220249e-46
1842.5	9.665568237130091e-46
1842.625	8.459558395024e-46
1842.75	8.948586436993437e-46
1842.875	1.0180833872415613e-45
1843.0	8.527456488724812e-46
1843.125	7.853946837112356e-46
1843.25	8.813690313796e-46
1843.375	9.476601355599213e-46
1843.5	8.571157358185207e-46
1843.625	9.73605429427801e-46
1843.75	8.486966132304041e-46
1843.875	7.625502824619686e-46
1844.0	9.688058389173159e-46
1844.125	9.334184714024041e-46
1844.25	9.128822307514806e-46
1844.375	9.021790773996159e-46
1844.5	9.378652676713962e-46
1844.625	8.109257461905638e-46
1844.75	8.152573625549437e-46
1844.875	8.803330515456491e-46
1845.0	8.671779898689959e-46
1845.125	9.985275154641958e-46
1845.25	1.0817843324400997e-45
1845.375	1.0377683405057444e-45
1845.5	1.076086604530081e-45
1845.625	9.61467102746089e-46
1845.75	7.582425307296162e-46
1845.875	8.943465262631289e-46
1846.0	9.777978279180811e-46
1846.125	8.40632552144896e-46
1846.25	9.108948133091562e-46
1846.375	9.623090174632359e-46
1846.5	8.930550099686755e-46
1846.625	8.779140257889962e-46
1846.75	9.604304904009693e-46
1846.875	8.80145010548644e-46
1847.0	8.683617863444412e-46
1847.125	8.344316154408997e-46
1847.25	7.74072253199716e-46
1847.375	8.109307011540249e-46
1847.5	9.237291606255687e-46
1847.625	1.0407219234892841e-45
1847.75	9.898938144060838e-46
1847.875	8.256832714370252e-46
1848.0	8.532332719646492e-46
1848.125	9.473485646247837e-46
1848.25	9.131861478608998e-46
1848.375	7.778040741613208e-46
1848.5	8.778820260974759e-46
1848.625	9.33165946495225e-46
1848.75	9.47386607885316e-46
1848.875	1.0873272128760246e-45
1849.0	9.439788621291212e-46
1849.125	8.48977123132944e-46
1849.25	8.207532257616809e-46
1849.375	8.425083857400253e-46
1849.5	8.72626133740516e-46
1849.625	7.997674496256003e-46
1849.75	8.786319795425287e-46
1849.875	7.462695726642252e-46
1850.0	7.690388654025002e-46
1850.125	8.629601276494889e-46
1850.25	8.564146475809689e-46
1850.375	8.523219832589161e-46
1850.5	8.94090911230609e-46
1850.625	9.06720860581636e-46
1850.75	9.344745824573287e-46
1850.875	8.951258571717161e-46
1851.0	9.782750001025438e-46
1851.125	1.1297027493246009e-45
1851.25	9.439343739552246e-46
1851.375	8.296201249781289e-46
1851.5	7.898951283353289e-46
1851.625	7.621991792820248e-46
1851.75	8.27371262739844e-46
1851.875	9.856404994877439e-46
1852.0	1.0324220462556253e-45
1852.125	8.835583845840999e-46
1852.25	9.137464330411209e-46
1852.375	8.71001114001984e-46
1852.5	9.74527124151889e-46
1852.625	9.219230033442247e-46
1852.75	8.407161719512357e-46
1852.875	8.969557187099608e-46
1853.0	9.56587019845081e-46
1853.125	1.12716647289e-45
1853.25	9.394779773190253e-46
1853.375	7.90413358432681e-46
1853.5	7.720991964089289e-46
1853.625	8.96967398943396e-46
1853.75	1.046878315539001e-45
1853.875	9.36109831111744e-46
1854.0	8.313377947190409e-46
1854.125	9.140184469766439e-46
1854.25	9.976273858576e-46
1854.375	1.024944089503504e-45
1854.5	8.89276355223169e-46
1854.625	7.898121643384089e-46
1854.75	9.095614206520959e-46
1854.875	9.379827472620163e-46
1855.0	9.461221097736039e-46
1855.125	8.977027478093436e-46
1855.25	8.228026055352957e-46
1855.375	8.710721821006241e-46
1855.5	7.908307982977961e-46
1855.625	8.76400664524225e-46
1855.75	1.0269118270662251e-45
1855.875	1.032570498313225e-45
1856.0	9.091698188682487e-46
1856.125	8.465669742389763e-46
1856.25	9.006007002000999e-46
1856.375	9.642676930755999e-46
1856.5	8.82953352549961e-46
1856.625	1.0561081747611238e-45
1856.75	1.0020123716672412e-45
1856.875	9.106226007225759e-46
1857.0	8.51192061638416e-46
1857.125	8.53256873934721e-46
1857.25	9.930017323249e-46
1857.375	1.158245497396036e-45
1857.5	9.732584244681e-46
1857.625	8.663988560997162e-46
1857.75	8.639302254361e-46
1857.875	9.829524186931842e-46
1858.0	1.0445719283462439e-45
1858.125	9.06449453075401e-46
1858.25	8.74437417108544e-46
1858.375	7.886223692212411e-46
1858.5	7.78366197616225e-46
1858.625	7.39637754623524e-46
1858.75	7.35569361589924e-46
1858.875	6.94238235256801e-46
1859.0	7.300574872197758e-46
1859.125	7.358825926483361e-46
1859.25	6.752321781528999e-46
1859.375	7.852616271503999e-46
1859.5	8.42699619845521e-46
1859.625	9.040362753024162e-46
1859.75	8.717314119096041e-46
1859.875	8.52899607758025e-46
1860.0	9.33815260508881e-46
1860.125	9.987105480739242e-46
1860.25	8.449027553185208e-46
1860.375	8.33355939089025e-46
1860.5	9.810840967966438e-46
1860.625	1.001310839102016e-45
1860.75	8.64027870711201e-46
1860.875	9.349762899739238e-46
1861.0	9.435237066825611e-46
1861.125	1.0376063727624041e-45
1861.25	9.63668718204196e-46
1861.375	7.78721283514084e-46
1861.5	9.13762574992036e-46
1861.625	8.262374269677161e-46
1861.75	8.032093335387041e-46
1861.875	9.411512189633442e-46
1862.0	9.677925907032248e-46
1862.125	8.43848874551929e-46
1862.25	9.679553617443609e-46
1862.375	9.80726053370116e-46
1862.5	9.11771420975809e-46
1862.625	8.27730795036721e-46
1862.75	8.858790282384e-46
1862.875	9.61752641306769e-46
1863.0	9.942298796509213e-46
1863.125	8.837463141926409e-46
1863.25	9.426437518700159e-46
1863.375	9.069396059318442e-46
1863.5	7.675967804583687e-46
1863.625	6.964160021930251e-46
1863.75	7.766610397123211e-46
1863.875	9.58380799091076e-46
1864.0	1.022240372580036e-45
1864.125	9.74997814752025e-46
1864.25	9.111442464475561e-46
1864.375	1.0369380191164841e-45
1864.5	1.2055934648256489e-45
1864.625	1.1113455012488007e-45
1864.75	9.40463171648784e-46
1864.875	7.574104498302811e-46
1865.0	7.845356754700959e-46
1865.125	7.377737550840807e-46
1865.25	9.421491994136007e-46
1865.375	9.38934676645681e-46
1865.5	8.62847679284361e-46
1865.625	8.413697326278762e-46
1865.75	1.0653232517041002e-45
1865.875	1.1719467634292641e-45
1866.0	1.0764721488332247e-45
1866.125	9.190356639912013e-46
1866.25	9.02898770379076e-46
1866.375	1.0732721788538892e-45
1866.5	1.0196083667282487e-45
1866.625	9.17213993662681e-46
1866.75	8.68544615308561e-46
1866.875	9.558439465590757e-46
1867.0	1.0294338776832641e-45
1867.125	9.861409351001606e-46
1867.25	7.774526549342439e-46
1867.375	9.253627110506247e-46
1867.5	8.1703362244e-46
1867.625	9.379902813971287e-46
1867.75	1.062193031237809e-45
1867.875	8.728458088332959e-46
1868.0	9.21201715203025e-46
1868.125	1.0039579826076158e-45
1868.25	9.16753892867136e-46
1868.375	8.434884720941287e-46
1868.5	7.58476276040704e-46
1868.625	8.43345761453056e-46
1868.75	8.773403716846237e-46
1868.875	7.961043955636842e-46
1869.0	9.574714150112252e-46
1869.125	8.516659911224891e-46
1869.25	7.697527856475609e-46
1869.375	8.530265349979241e-46
1869.5	8.49870821671936e-46
1869.625	8.686890885550241e-46
1869.75	9.092384471235607e-46
1869.875	1.0195436110658487e-45
1870.0	9.341429363175039e-46
1870.125	7.95022818430201e-46
1870.25	8.557327434681e-46
1870.375	8.867207079567358e-46
1870.5	9.66354068647696e-46
1870.625	8.560889054460091e-46
1870.75	8.326805092896158e-46
1870.875	8.344968425002807e-46
1871.0	9.389367603056252e-46
1871.125	9.166174049761002e-46
1871.25	9.905024571180007e-46
1871.375	1.022323438806849e-45
1871.5	1.030037416886416e-45
1871.625	1.005317044360225e-45
1871.75	1.0377550037820248e-45
1871.875	9.99975675801664e-46
1872.0	1.0032185839878758e-45
1872.125	1.051023850572004e-45
1872.25	1.0916591773507561e-45
1872.375	1.013629526327401e-45
1872.5	9.332805041296e-46
1872.625	7.304247294296407e-46
1872.75	7.550769752248959e-46
1872.875	8.744418527473691e-46
1873.0	9.60451626251716e-46
1873.125	7.97754096300681e-46
1873.25	8.740078048861291e-46
1873.375	9.274163322271213e-46
1873.5	8.695860226975359e-46
1873.625	9.468921666217689e-46
1873.75	1.088073029346304e-45
1873.875	9.395825611173207e-46
1874.0	9.076591461739239e-46
1874.125	9.255742622555036e-46
1874.25	8.658505752649208e-46
1874.375	1.0061908181011207e-45
1874.5	8.797940227876839e-46
1874.625	9.425674883926441e-46
1874.75	9.582021813352813e-46
1874.875	1.011475842549264e-45
1875.0	8.811418745131557e-46
1875.125	1.049318564016969e-45
1875.25	1.1351489772487837e-45
1875.375	8.910916936432808e-46
1875.5	8.820522220044957e-46
1875.625	9.231007421003288e-46
1875.75	8.945817793936e-46
1875.875	1.019053923045376e-45
1876.0	1.003394253607201e-45
1876.125	7.901808141240247e-46
1876.25	7.28672094881329e-46
1876.375	9.07971895335184e-46
1876.5	7.835459617558812e-46
1876.625	7.857597783996488e-46
1876.75	9.90122938155961e-46
1876.875	1.080597508788249e-45
1877.0	9.280389673678237e-46
1877.125	9.42112611985609e-46
1877.25	9.988675548779557e-46
1877.375	8.55108366279696e-46
1877.5	7.65268955615025e-46
1877.625	9.296779079843995e-46
1877.75	8.26979542591504e-46
1877.875	9.702894812809002e-46
1878.0	9.680230625987612e-46
1878.125	8.738409557616007e-46
1878.25	9.538258415330407e-46
1878.375	9.369844664808041e-46
1878.5	1.031247594945936e-45
1878.625	1.030511053277476e-45
1878.75	9.064330747787292e-46
1878.875	8.822340508806253e-46
1879.0	8.112575343518889e-46
1879.125	7.377298076371239e-46
1879.25	7.474591414106007e-46
1879.375	8.292815499680009e-46
1879.5	8.233743302499997e-46
1879.625	9.70787500596369e-46
1879.75	8.72359051275625e-46
1879.875	7.33670139631716e-46
1880.0	9.45630889236544e-46
1880.125	9.294039394601286e-46
1880.25	8.90041361940721e-46
1880.375	8.28752686444225e-46
1880.5	9.195002789671691e-46
1880.625	9.431004148036e-46
1880.75	8.258744257569611e-46
1880.875	6.762200299013611e-46
1881.0	7.245184289344e-46
1881.125	9.766329387701288e-46
1881.25	9.519410539457639e-46
1881.375	7.484010718864001e-46
1881.5	7.557677269129002e-46
1881.625	9.104051616722411e-46
1881.75	8.919940837128996e-46
1881.875	8.541389686303359e-46
1882.0	7.612706202236891e-46
1882.125	8.456030131965161e-46
1882.25	7.780167712743039e-46
1882.375	7.635988267572641e-46
1882.5	8.75710196944801e-46
1882.625	8.827466703688092e-46
1882.75	9.524226152090249e-46
1882.875	9.455050598723558e-46
1883.0	8.87527990622464e-46
1883.125	9.435879059513759e-46
1883.25	8.82278605080625e-46
1883.375	9.243760350238091e-46
1883.5	1.0469471044598438e-45
1883.625	9.058371138483837e-46
1883.75	9.85604458458244e-46
1883.875	9.13215339619209e-46
1884.0	7.942269276490242e-46
1884.125	7.413560879010249e-46
1884.25	6.9424861656560395e-46
1884.375	8.344468675984361e-46
1884.5	9.01451084430625e-46
1884.625	9.45003240219025e-46
1884.75	1.0011042810138239e-45
1884.875	8.30478968353024e-46
1885.0	8.544265148306247e-46
1885.125	8.41851945649225e-46
1885.25	8.71444274455225e-46
1885.375	1.0043431860078758e-45
1885.5	8.948885581373437e-46
1885.625	7.86352754488324e-46
1885.75	7.322621632776489e-46
1885.875	7.99957729858576e-46
1886.0	9.058162867555239e-46
1886.125	8.95318064921956e-46
1886.25	8.562168890818559e-46
1886.375	9.30864310384761e-46
1886.5	8.201212978175998e-46
1886.625	1.067661767908836e-45
1886.75	1.2016559853080996e-45
1886.875	9.028226296580487e-46
1887.0	8.124571512059557e-46
1887.125	8.605315470931238e-46
1887.25	8.850561335114488e-46
1887.375	1.005147674116096e-45
1887.5	9.98168514378025e-46
1887.625	8.68084986211524e-46
1887.75	9.383677619185209e-46
1887.875	1.0246283843734892e-45
1888.0	8.618724942522247e-46
1888.125	8.840182856780251e-46
1888.25	9.59955088192164e-46
1888.375	9.205196655644887e-46
1888.5	9.360946556008959e-46
1888.625	8.812122864483998e-46
1888.75	7.52908105167241e-46
1888.875	7.339252068309161e-46
1889.0	8.95518133693681e-46
1889.125	8.96787651566569e-46
1889.25	9.016063160976e-46
1889.375	1.0525281344361002e-45
1889.5	9.781419506181207e-46
1889.625	9.05031171717696e-46
1889.75	1.0567265037288999e-45
1889.875	1.0767904258152251e-45
1890.0	8.858337879616e-46
1890.125	8.563606260496002e-46
1890.25	9.014421372486759e-46
1890.375	9.297196196204159e-46
1890.5	9.55737286830001e-46
1890.625	9.908226187022247e-46
1890.75	8.469943876362238e-46
1890.875	8.409363752034092e-46
1891.0	8.937410996230089e-46
1891.125	1.100433266582841e-45
1891.25	1.0748940592229287e-45
1891.375	9.152605877190758e-46
1891.5	1.098735475658041e-45
1891.625	9.60560036367409e-46
1891.75	8.746066299150009e-46
1891.875	9.836757813232358e-46
1892.0	8.538397825683688e-46
1892.125	8.175737168165158e-46
1892.25	8.709619805642249e-46
1892.375	9.020576747756252e-46
1892.5	1.0574429566491039e-45
1892.625	1.0080207809316494e-45
1892.75	1.024230540974404e-45
1892.875	9.932554195620253e-46
1893.0	8.350058050820889e-46
1893.125	7.08074590728241e-46
1893.25	9.030214315992246e-46
1893.375	9.65733997740121e-46
1893.5	8.813921880625e-46
1893.625	9.31233823983376e-46
1893.75	1.0513837378023037e-45
1893.875	1.023358564480576e-45
1894.0	9.307032852049e-46
1894.125	9.404985003323039e-46
1894.25	9.786636289599997e-46
1894.375	9.675388793523692e-46
1894.5	8.266245436642407e-46
1894.625	8.992406802249639e-46
1894.75	9.434232038880248e-46
1894.875	9.05665568341284e-46
1895.0	9.836999314480813e-46
1895.125	9.361919523405161e-46
1895.25	9.546430237008039e-46
1895.375	1.0148239134026007e-45
1895.5	8.699921890968999e-46
1895.625	9.384380961199686e-46
1895.75	9.209518802017209e-46
1895.875	8.43331357468224e-46
1896.0	8.57157426117001e-46
1896.125	8.03167276122436e-46
1896.25	7.61737699363216e-46
1896.375	8.89279874073616e-46
1896.5	9.443617249599609e-46
1896.625	8.825956852541443e-46
1896.75	8.429733302040089e-46
1896.875	8.012250504345611e-46
1897.0	9.593646403265437e-46
1897.125	9.594376155441e-46
1897.25	9.837829223185961e-46
1897.375	7.744122215971691e-46
1897.5	7.605235805184642e-46
1897.625	8.590972033296e-46
1897.75	1.0222025814414092e-45
1897.875	1.0465569853840886e-45
1898.0	1.1615783615080959e-45
1898.125	1.1090024902527207e-45
1898.25	9.248612785870242e-46
1898.375	8.063085659983291e-46
1898.5	9.18632753192025e-46
1898.625	9.74166908452609e-46
1898.75	9.350710822606238e-46
1898.875	1.027241921878225e-45
1899.0	1.0946231141379211e-45
1899.125	9.43927061772816e-46
1899.25	9.13362876947236e-46
1899.375	8.818056157249439e-46
1899.5	9.45841546084369e-46
1899.625	1.0371453428770807e-45
1899.75	8.70542605591681e-46
1899.875	9.764261297611239e-46
1900.0	9.369881397086439e-46
1900.125	9.882095216399999e-46
1900.25	1.0569326102499998e-45
1900.375	1.007227774869904e-45
1900.5	9.01158012258436e-46
1900.625	1.0502596674440996e-45
1900.75	1.1868716766080157e-45
1900.875	1.0633752510192245e-45
1901.0	8.787496611389438e-46
1901.125	9.438885964728999e-46
1901.25	1.0034107887555999e-45
1901.375	9.29698763685444e-46
1901.5	8.777466264505209e-46
1901.625	1.0881952127424158e-45
1901.75	1.0815432585806249e-45
1901.875	9.700467797894763e-46
1902.0	9.685529906690559e-46
1902.125	9.58067037264964e-46
1902.25	1.0333745740687359e-45
1902.375	1.0160788659840642e-45
1902.5	8.925456197520039e-46
1902.625	1.0637694703994411e-45
1902.75	1.0345795054144002e-45
1902.875	9.196680349088408e-46
1903.0	9.539295530625002e-46
1903.125	9.697971329323559e-46
1903.25	1.0561870809370239e-45
1903.375	1.0018750588081e-45
1903.5	7.901089099833761e-46
1903.625	9.742787742067211e-46
1903.75	1.0338828027863039e-45
1903.875	9.375341226340409e-46
1904.0	1.0623876102269438e-45
1904.125	9.670612233216639e-46
1904.25	8.253698055625001e-46
1904.375	7.993016301179287e-46
1904.5	7.94952555179409e-46
1904.625	9.609440148154087e-46
1904.75	9.722809532164004e-46
1904.875	9.578940197187691e-46
1905.0	9.412301862756246e-46
1905.125	9.08930665419529e-46
1905.25	1.0148797901236837e-45
1905.375	9.85645773840016e-46
1905.5	1.0334892103973289e-45
1905.625	9.271850826817959e-46
1905.75	1.0493839992748088e-45
1905.875	9.862200091396e-46
1906.0	9.74587374697924e-46
1906.125	9.94902495305625e-46
1906.25	9.970161156158439e-46
1906.375	8.725102807412248e-46
1906.5	9.423822460800248e-46
1906.625	1.014705729966916e-45
1906.75	9.510247392387207e-46
1906.875	8.466364564923241e-46
1907.0	8.131889471950237e-46
1907.125	9.340069325717293e-46
1907.25	9.20216835925776e-46
1907.375	1.0447787855494438e-45
1907.5	1.0348153517541162e-45
1907.625	8.66604027783321e-46
1907.75	9.303076458930251e-46
1907.875	9.497420358732249e-46
1908.0	1.0374737284059211e-45
1908.125	8.767574890282808e-46
1908.25	8.71297387956009e-46
1908.375	9.317208029064039e-46
1908.5	9.058236905790249e-46
1908.625	8.687863539331239e-46
1908.75	8.922957585424002e-46
1908.875	8.028451369684842e-46
1909.0	7.758694377514888e-46
1909.125	8.536987700793761e-46
1909.25	9.26661908618884e-46
1909.375	9.98444600134276e-46
1909.5	9.22014155878596e-46
1909.625	9.36958876526656e-46
1909.75	9.460645911345693e-46
1909.875	9.821706535184039e-46
1910.0	8.882061129673689e-46
1910.125	9.915550427270887e-46
1910.25	1.060395404346369e-45
1910.375	9.835702142579292e-46
1910.5	8.35806255578596e-46
1910.625	8.08851972344329e-46
1910.75	9.459453762506247e-46
1910.875	9.330886622499997e-46
1911.0	9.643652630013611e-46
1911.125	9.20939559284196e-46
1911.25	7.708054356046891e-46
1911.375	8.599573258508412e-46
1911.5	9.531980099490247e-46
1911.625	8.30117802415225e-46
1911.75	7.50580047584656e-46
1911.875	7.90099240559616e-46
1912.0	7.751073048810007e-46
1912.125	9.257339303673759e-46
1912.25	1.0462373865216486e-45
1912.375	9.096540109418412e-46
1912.5	8.711763693958087e-46
1912.625	7.813522632770412e-46
1912.75	8.06621288364241e-46
1912.875	9.037215592894438e-46
1913.0	1.0257512120772009e-45
1913.125	9.85254631002756e-46
1913.25	9.28633348992196e-46
1913.375	9.030857404182248e-46
1913.5	1.0096208202699609e-45
1913.625	1.1246516925739286e-45
1913.75	1.2627311079651839e-45
1913.875	1.0461386054123559e-45
1914.0	8.13875483421009e-46
1914.125	8.286516434160999e-46
1914.25	9.867597945292888e-46
1914.375	9.37996958013696e-46
1914.5	9.82237721411584e-46
1914.625	1.0797929412012087e-45
1914.75	1.0918654905185439e-45
1914.875	1.0368121149874889e-45
1915.0	9.85476185367025e-46
1915.125	9.23828365757025e-46
1915.25	8.38880682852969e-46
1915.375	9.00690912549169e-46
1915.5	9.696289134882247e-46
1915.625	8.989447894784639e-46
1915.75	9.194614049548837e-46
1915.875	9.45912897955809e-46
1916.0	9.632477588302888e-46
1916.125	9.90234268768144e-46
1916.25	9.064222362814092e-46
1916.375	9.75508159731876e-46
1916.5	1.1135518945056253e-45
1916.625	1.1424431096021161e-45
1916.75	9.820479314707359e-46
1916.875	8.863058318503206e-46
1917.0	9.017245052979839e-46
1917.125	9.667408822968488e-46
1917.25	1.0717469835772088e-45
1917.375	9.003969437582249e-46
1917.5	9.487521769160409e-46
1917.625	9.599412077947238e-46
1917.75	1.070090580393121e-45
1917.875	9.819915245215358e-46
1918.0	9.858090973744087e-46
1918.125	1.0052463395843997e-45
1918.25	9.250904132594007e-46
1918.375	9.681997306644639e-46
1918.5	8.79384862771776e-46
1918.625	9.01859639636484e-46
1918.75	1.0455878584736008e-45
1918.875	1.047346746131169e-45
1919.0	8.592809304880359e-46
1919.125	8.005368549376e-46
1919.25	9.88324768642689e-46
1919.375	9.100597145024162e-46
1919.5	8.346497807736361e-46
1919.625	9.156121645190559e-46
1919.75	8.86429504437156e-46
1919.875	8.277157194624007e-46
1920.0	9.02262039556329e-46
1920.125	9.742808967217289e-46
1920.25	9.107733085184413e-46
1920.375	7.629983628806249e-46
1920.5	7.79768708586921e-46
1920.625	9.104037737184039e-46
1920.75	8.635821922593609e-46
1920.875	9.568988069559607e-46
1921.0	8.482822845817959e-46
1921.125	8.230639424062809e-46
1921.25	9.88112513142049e-46
1921.375	9.354581904381212e-46
1921.5	9.59392764572356e-46
1921.625	1.021737507107641e-45
1921.75	9.333267568576091e-46
1921.875	8.757187195770247e-46
1922.0	9.017600596624e-46
1922.125	9.813461563380249e-46
1922.25	1.0185396506266242e-45
1922.375	1.1122105607320406e-45
1922.5	1.0408553560441e-45
1922.625	1.1802243871072357e-45
1922.75	2.474404819180809e-44
1922.875	4.0060185329894545e-43
1923.0	3.203248594368001e-43
1923.125	9.183503896359998e-45
1923.25	1.1509428749514004e-45
1923.375	1.0163289166473961e-45
1923.5	2.78693943068641e-44
1923.625	8.378347917813759e-44
1923.75	1.1144246222340008e-43
1923.875	2.527632436069225e-43
1924.0	4.817101827226091e-44
1924.125	9.088208076890248e-46
1924.25	8.962637856522253e-46
1924.375	1.1450130187176809e-45
1924.5	2.1094590789652902e-44
1924.625	3.0683894343720248e-43
1924.75	2.515655533128721e-43
1924.875	1.4512696345540888e-43
1925.0	8.616415823278239e-44
1925.125	2.122583296536004e-45
1925.25	1.037174649398416e-45
1925.375	1.0039352326939692e-45
1925.5	9.668598456969001e-46
1925.625	7.844036439408488e-46
1925.75	8.528106533380839e-46
1925.875	9.05149284318601e-46
1926.0	9.691554737126439e-46
1926.125	2.4043763061136003e-43
1926.25	8.088925148156301e-43
1926.375	1.7216518709408488e-43
1926.5	9.212551342742251e-46
1926.625	9.26520119296849e-46
1926.75	9.71397659566009e-46
1926.875	9.79564303232064e-46
1927.0	1.109543775334225e-45
1927.125	1.030874796203121e-45
1927.25	1.14992201025e-45
1927.375	7.416308546112064e-45
1927.5	1.2985215558236098e-44
1927.625	2.152143901352025e-45
1927.75	9.56119929173721e-46
1927.875	9.31756638546721e-46
1928.0	8.03285459128681e-46
1928.125	8.61811901096689e-46
1928.25	1.889267424215616e-45
1928.375	7.541289293424639e-44
1928.5	1.3760517115192408e-43
1928.625	1.4610678595129596e-44
1928.75	1.1008604407330892e-45
1928.875	1.0414701724814889e-45
1929.0	1.1240412892256246e-45
1929.125	1.061268291414769e-45
1929.25	1.580926385548225e-45
1929.375	1.8076939284562562e-45
1929.5	1.1353315276917611e-45
1929.625	1.0452964707920246e-45
1929.75	8.59527298748416e-46
1929.875	8.784620220996e-46
1930.0	1.0168264954720892e-45
1930.125	9.848407194375842e-46
1930.25	8.505573277478559e-46
1930.375	9.628828693653159e-46
1930.5	9.829461482887837e-46
1930.625	8.824966398540247e-46
1930.75	8.993600937848891e-46
1930.875	8.806562512776089e-46
1931.0	8.3327482225e-46
1931.125	9.075867213924e-46
1931.25	9.732148738176642e-46
1931.375	8.603700371642247e-46
1931.5	2.1338056287419558e-45
1931.625	2.723699966868241e-45
1931.75	1.146233949829929e-45
1931.875	1.1398472551173758e-45
1932.0	1.2337913320345603e-44
1932.125	7.373336335165438e-44
1932.25	7.9110226838449e-43
1932.375	1.3113229459260099e-42
1932.5	1.5426574347156842e-43
1932.625	9.918247955624996e-44
1932.75	1.8902650421348094e-44
1932.875	9.527285374226009e-46
1933.0	8.568455346617757e-46
1933.125	9.82194847840144e-46
1933.25	9.543975295556249e-46
1933.375	1.0773867475449001e-45
1933.5	1.003529072889729e-45
1933.625	8.44294255654564e-46
1933.75	8.531966428209001e-46
1933.875	9.91744552384576e-46
1934.0	9.52957887840256e-46
1934.125	1.0360791248414888e-45
1934.25	8.871570072027609e-46
1934.375	9.008918808493209e-46
1934.5	1.0143775919970246e-45
1934.625	1.0958726973450242e-45
1934.75	1.0429414475168157e-45
1934.875	1.0309594326222493e-45
1935.0	1.0232367502771839e-45
1935.125	9.057551311267558e-46
1935.25	1.016509492500516e-45
1935.375	1.1522388562867358e-45
1935.5	1.204543779945444e-45
1935.625	1.0024674895622894e-45
1935.75	8.954138174531558e-46
1935.875	1.0770798033832358e-45
1936.0	1.0362387843795688e-45
1936.125	9.057704198403998e-46
1936.25	9.136683853947038e-46
1936.375	9.118604396387289e-46
1936.5	1.0133847103596159e-45
1936.625	1.0314420164770412e-45
1936.75	9.013574114382248e-46
1936.875	8.198867713322251e-46
1937.0	9.201546500706008e-46
1937.125	9.84982697500356e-46
1937.25	8.890728701556253e-46
1937.375	9.12754007288761e-46
1937.5	9.784498485134891e-46
1937.625	1.0984630227387612e-45
1937.75	9.729239580094406e-46
1937.875	1.068227121857536e-45
1938.0	8.055674415504e-46
1938.125	1.0064952945961e-45
1938.25	1.107296901197041e-45
1938.375	8.991597162240641e-46
1938.5	8.20440296202241e-46
1938.625	8.30742962502544e-46
1938.75	9.01893094456225e-46
1938.875	1.141400278267456e-45
1939.0	1.0821406315608362e-45
1939.125	9.18407086573824e-46
1939.25	8.533116154040041e-46
1939.375	1.053374929124644e-45
1939.5	1.1492485785237612e-45
1939.625	1.1663647732388889e-45
1939.75	1.2090136787238762e-45
1939.875	1.0677286875499238e-45
1940.0	8.787682182006249e-46
1940.125	9.732995426670012e-46
1940.25	1.3353405663053438e-45
1940.375	1.5580078381056635e-45
1940.5	1.67112422276809e-44
1940.625	1.9288987637929003e-43
1940.75	1.208119328676121e-43
1940.875	2.754180103760089e-45
1941.0	8.928180453637211e-46
1941.125	1.239467646493476e-45
1941.25	4.4671206559809605e-44
1941.375	9.663048908480248e-44
1941.5	1.3038947303004097e-44
1941.625	1.0980607689999999e-45
1941.75	1.1212294871052248e-45
1941.875	1.2817263510544359e-45
1942.0	2.324869271404839e-44
1942.125	3.5391410068623987e-43
1942.25	3.072373597568016e-43
1942.375	2.3410870324179606e-43
1942.5	8.037349173479612e-44
1942.625	9.797132873383839e-46
1942.75	1.0058658359905437e-45
1942.875	7.955309378049635e-46
1943.0	9.555868603546236e-46
1943.125	1.0097893594154888e-45
1943.25	1.0083327106050247e-45
1943.375	1.017865471232016e-45
1943.5	1.1605386862224e-45
1943.625	2.61061348556449e-44
1943.75	2.042402277773025e-43
1943.875	9.669613403840038e-44
1944.0	1.7371003631032958e-45
1944.125	1.8213177082562008e-45
1944.25	1.098685689159184e-45
1944.375	8.379343089390249e-46
1944.5	9.039148079109758e-46
1944.625	8.926319022869159e-46
1944.75	8.345983568210558e-46
1944.875	1.022896169631504e-45
1945.0	9.725324788152091e-46
1945.125	1.090083461353744e-45
1945.25	1.1425090882444843e-45
1945.375	1.045283797060801e-45
1945.5	9.969376203137607e-46
1945.625	1.0781948840308838e-45
1945.75	9.627902149573212e-46
1945.875	9.173423482756004e-46
1946.0	9.60572743499664e-46
1946.125	9.772619376937212e-46
1946.25	9.109802880025e-46
1946.375	1.038771868640256e-45
1946.5	1.7035989614543287e-45
1946.625	2.7339531661795235e-43
1946.75	7.177636657832355e-43
1946.875	1.1477410403189286e-43
1947.0	1.414764173449201e-45
1947.125	1.0312355204767358e-45
1947.25	9.116158601225288e-46
1947.375	9.2999991681e-46
1947.5	1.0570312494082886e-45
1947.625	3.985149560497681e-45
1947.75	5.634384460876368e-45
1947.875	1.276703503456144e-45
1948.0	9.03319555325625e-46
1948.125	1.0221749579038412e-45
1948.25	9.036144817527608e-46
1948.375	9.81412757490064e-46
1948.5	1.067973772497424e-45
1948.625	7.823605619626809e-46
1948.75	1.0194678099592359e-45
1948.875	1.0586175201784087e-45
1949.0	9.967870165003559e-46
1949.125	1.0297281162481291e-45
1949.25	1.089739787596849e-45
1949.375	1.1502363820682247e-45
1949.5	1.065128208235204e-45
1949.625	9.330101593962253e-46
1949.75	8.97033528468324e-46
1949.875	8.00692817738256e-46
1950.0	8.820711109011241e-46
1950.125	8.650455674856489e-46
1950.25	9.40769559649089e-46
1950.375	1.0525525963664887e-45
1950.5	9.469430020087205e-46
1950.625	9.276567478217637e-46
1950.75	9.261867227558559e-46
1950.875	9.670183712925606e-46
1951.0	1.0623728124717206e-45
1951.125	1.0269166979826811e-45
1951.25	9.404502915646439e-46
1951.375	1.1258656144742407e-45
1951.5	1.1963822491600811e-45
1951.625	9.905879375904491e-46
1951.75	1.0186448437586556e-45
1951.875	1.045154154376336e-45
1952.0	1.0062330702653289e-45
1952.125	1.2087289220348407e-45
1952.25	1.0359758677232407e-45
1952.375	8.416042364930559e-46
1952.5	8.064173247101439e-46
1952.625	8.856602784020248e-46
1952.75	9.76398256906384e-46
1952.875	1.0330598872800007e-45
1953.0	1.1232569007506254e-45
1953.125	1.0466843856600038e-45
1953.25	1.0111511527516091e-45
1953.375	8.739968072529687e-46
1953.5	9.770524364342442e-46
1953.625	1.2600348791809004e-45
1953.75	1.0108195841053207e-45
1953.875	9.77159341164304e-46
1954.0	1.1680849643985642e-45
1954.125	1.470939415597584e-45
1954.25	2.6330981712697595e-44
1954.375	1.7711529389008903e-42
1954.5	2.9279094098822494e-42
1954.625	2.6243375938675206e-43
1954.75	3.0313602396840996e-45
1954.875	1.3232373115162411e-45
1955.0	9.76007516372161e-46
1955.125	1.0033421782829291e-45
1955.25	9.484447996425611e-46
1955.375	1.0602578596832007e-45
1955.5	1.0007412106360359e-45
1955.625	1.0463432886728998e-45
1955.75	1.0989806929998398e-44
1955.875	1.453136534720784e-43
1956.0	1.0739337219811838e-43
1956.125	3.377053823155777e-45
1956.25	1.0568832598870805e-45
1956.375	8.620134168042254e-46
1956.5	9.763465119439359e-46
1956.625	9.77168343934864e-46
1956.75	1.0955991432268959e-45
1956.875	8.920593128390438e-46
1957.0	9.90342081029401e-46
1957.125	3.8409323562655356e-45
1957.25	1.4820993148298489e-43
1957.375	2.436781196247696e-43
1957.5	2.2618713175136097e-44
1957.625	1.149185320932496e-45
1957.75	8.990015770560247e-46
1957.875	9.953760612755611e-46
1958.0	1.1050001810208494e-45
1958.125	1.1784654795762248e-45
1958.25	1.1548884673224999e-45
1958.375	1.0273331399534441e-45
1958.5	8.21450456155849e-46
1958.625	1.0754994317568639e-45
1958.75	9.955013801554891e-46
1958.875	1.8219202705457637e-45
1959.0	6.822706310105626e-45
1959.125	3.5001461486930875e-45
1959.25	9.650764117310408e-46
1959.375	9.837031933058489e-46
1959.5	1.1033339456938413e-45
1959.625	1.035692838281124e-45
1959.75	1.0192777129246408e-45
1959.875	9.843398609044812e-46
1960.0	9.302467060029162e-46
1960.125	1.212966040386244e-45
1960.25	1.071345331513744e-45
1960.375	8.971971256560011e-46
1960.5	9.405584870126762e-46
1960.625	9.449824594814887e-46
1960.75	9.485063327088999e-46
1960.875	1.0736434567170013e-45
1961.0	1.1366362908373691e-45
1961.125	1.000760254692025e-45
1961.25	9.43796184642756e-46
1961.375	1.0255044882030009e-45
1961.5	1.1437457965147211e-45
1961.625	1.1198886224791693e-45
1961.75	1.022444942830249e-45
1961.875	1.0718707350769686e-45
1962.0	1.0100794423720092e-45
1962.125	1.0616189804250249e-45
1962.25	1.092876191107684e-45
1962.375	1.0203324418254487e-45
1962.5	9.481954232995238e-46
1962.625	1.024093058114116e-45
1962.75	1.2368246583163235e-45
1962.875	1.2312326576556246e-45
1963.0	1.1319517073601e-45
1963.125	9.605359860252252e-46
1963.25	1.092219017295169e-45
1963.375	1.0291910101340493e-45
1963.5	9.425108147149212e-46
1963.625	1.0761411250680998e-45
1963.75	1.0368301468234091e-45
1963.875	1.0279384997903998e-45
1964.0	1.0682665388164088e-45
1964.125	1.0240627209603998e-45
1964.25	9.029462472760958e-46
1964.375	9.593520031344637e-46
1964.5	1.0146606882801212e-45
1964.625	1.030750609143025e-45
1964.75	1.0656231626054559e-45
1964.875	9.965247972639608e-46
1965.0	9.553894010718762e-46
1965.125	9.22577749821225e-46
1965.25	1.1400761028901691e-45
1965.375	1.0801004031441611e-45
1965.5	9.942887181343358e-46
1965.625	9.708278187721e-46
1965.75	9.576776304986889e-46
1965.875	1.057087560971689e-45
1966.0	9.81157830786721e-46
1966.125	8.778109770156249e-46
1966.25	8.48322361448676e-46
1966.375	1.1116069441928998e-45
1966.5	1.0726721498022758e-45
1966.625	9.727489178999287e-46
1966.75	1.0349633966974087e-45
1966.875	1.0136530862505611e-45
1967.0	9.236221198871037e-46
1967.125	9.92186875004004e-46
1967.25	1.126807871425681e-45
1967.375	1.005151098157924e-45
1967.5	8.772112927690091e-46
1967.625	9.666561882990253e-46
1967.75	9.48953323467396e-46
1967.875	1.0859232103158007e-45
1968.0	1.0962613723862441e-45
1968.125	1.0220424724212012e-45
1968.25	1.0201459053167291e-45
1968.375	9.580352181967359e-46
1968.5	9.509990199459837e-46
1968.625	1.049213029667364e-45
1968.75	9.896282251394486e-46
1968.875	9.711496463990758e-46
1969.0	1.1135347424302239e-45
1969.125	1.069455206780676e-45
1969.25	1.0170441726769e-45
1969.375	8.52998788936449e-46
1969.5	1.0183081555054808e-45
1969.625	1.2866217476401002e-45
1969.75	1.1058939608402561e-45
1969.875	1.0602516078650246e-45
1970.0	1.0887293508182005e-45
1970.125	1.0106242549604893e-45
1970.25	1.1196740568639607e-45
1970.375	1.095026590886596e-45
1970.5	1.0716423569306007e-45
1970.625	9.624681002688999e-46
1970.75	9.406281671942442e-46
1970.875	9.68516641e-46
1971.0	9.406478572202892e-46
1971.125	8.977615935288999e-46
1971.25	9.08486692878769e-46
1971.375	9.606636174414758e-46
1971.5	1.1708221821638407e-45
1971.625	1.0193155776652839e-45
1971.75	8.548484810352642e-46
1971.875	9.963468891913686e-46
1972.0	1.0552858801068962e-45
1972.125	9.668002076149207e-46
1972.25	1.051142768654224e-45
1972.375	1.0922278082769e-45
1972.5	1.1549362488286088e-45
1972.625	1.3102913670148088e-45
1972.75	1.1800621712330885e-45
1972.875	1.0014094426629159e-45
1973.0	1.0586661301224996e-45
1973.125	1.0517809821559287e-45
1973.25	1.0785704278272158e-45
1973.375	1.211155399548964e-45
1973.5	1.2304693111781158e-45
1973.625	1.1435010254388643e-45
1973.75	1.053825852483856e-45
1973.875	9.437635589402247e-46
1974.0	8.989630188749437e-46
1974.125	9.89584687252225e-46
1974.25	9.64977625399921e-46
1974.375	9.13607388431721e-46
1974.5	9.706569552154237e-46
1974.625	1.0248961960000001e-45
1974.75	1.0572477905304091e-45
1974.875	1.0307886863864039e-45
1975.0	1.000701351570496e-45
1975.125	1.1237083934975997e-45
1975.25	1.1217766279283562e-45
1975.375	1.248542861495076e-45
1975.5	1.0668714383480043e-45
1975.625	1.1301743615803559e-45
1975.75	1.0136535956573291e-45
1975.875	1.0747312522128358e-45
1976.0	1.0438728379784411e-45
1976.125	9.68059714140964e-46
1976.25	1.013283736365924e-45
1976.375	8.595676990082248e-46
1976.5	9.744977800008093e-46
1976.625	1.2397538179790439e-45
1976.75	1.0073295892639357e-45
1976.875	1.126548943066404e-45
1977.0	1.0658970623902413e-45
1977.125	9.175162076808998e-46
1977.25	1.095093171364864e-45
1977.375	1.0083477621780642e-45
1977.5	1.018283265123601e-45
1977.625	1.3252417509768998e-45
1977.75	1.2572659345389161e-45
1977.875	1.1681978204302811e-45
1978.0	1.2795465555625e-45
1978.125	1.0725101661384006e-45
1978.25	9.73191476664289e-46
1978.375	1.0665737032336e-45
1978.5	1.0362655671842408e-45
1978.625	1.058035979326225e-45
1978.75	1.004762126268289e-45
1978.875	9.340663451250008e-46
1979.0	1.04984424169e-45
1979.125	1.0660490119648359e-45
1979.25	1.0004164772683212e-45
1979.375	9.871708415256247e-46
1979.5	9.85751263848976e-46
1979.625	9.308666291514493e-46
1979.75	7.91136679631104e-46
1979.875	8.663477582937959e-46
1980.0	1.012805674353664e-45
1980.125	1.12331555281e-45
1980.25	8.481382952785961e-46
1980.375	8.464061401635999e-46
1980.5	8.657188136099999e-46
1980.625	9.941802498293761e-46
1980.75	1.1130482658148842e-45
1980.875	1.1644061545728159e-45
1981.0	1.039872491678916e-45
1981.125	1.009890731173284e-45
1981.25	1.093419148138321e-45
1981.375	9.64060769251584e-46
1981.5	9.740696553879209e-46
1981.625	1.1423496205875687e-45
1981.75	1.0590730788204092e-45
1981.875	1.1045598409365613e-45
1982.0	1.1591972556841956e-45
1982.125	1.0189823537790088e-45
1982.25	8.709190705502439e-46
1982.375	7.877191603322249e-46
1982.5	9.22128330632356e-46
1982.625	1.015929373080609e-45
1982.75	1.037528679118864e-45
1982.875	8.520684182245209e-46
1983.0	8.038437291710438e-46
1983.125	1.0897646121658889e-45
1983.25	1.0382191979452808e-45
1983.375	9.462720355562249e-46
1983.5	1.0638170242992641e-45
1983.625	1.224654014433249e-45
1983.75	1.1125679661220412e-45
1983.875	9.54832495332496e-46
1984.0	1.002791035599376e-45
1984.125	1.0408164480859687e-45
1984.25	1.011686012368144e-45
1984.375	1.1904917192710093e-45
1984.5	1.2526531232656e-45
1984.625	1.0118276221406436e-45
1984.75	8.326794704665959e-46
1984.875	9.64083807990601e-46
1985.0	9.058272420172959e-46
1985.125	1.031582432718049e-45
1985.25	1.0298191237320252e-45
1985.375	1.1419973304894007e-45
1985.5	1.0617974748347563e-45
1985.625	9.98094775799044e-46
1985.75	9.23690805167524e-46
1985.875	1.001007590799616e-45
1986.0	1.1709574811935362e-45
1986.125	1.225284636532356e-45
1986.25	9.80457501058564e-46
1986.375	1.0412239530720038e-45
1986.5	1.148109733877824e-45
1986.625	1.1547377887334886e-45
1986.75	1.1076411356250487e-45
1986.875	1.1068819874668961e-45
1987.0	1.125076094959716e-45
1987.125	9.677239646606442e-46
1987.25	9.482544847750808e-46
1987.375	9.699817489208998e-46
1987.5	9.873550927508493e-46
1987.625	9.03217791030724e-46
1987.75	1.0739953977531606e-45
1987.875	1.0883261782645211e-45
1988.0	9.652945672561e-46
1988.125	9.826537815414811e-46
1988.25	9.90245471403556e-46
1988.375	1.070529558226704e-45
1988.5	1.063378446746256e-45
1988.625	1.1530804297334441e-45
1988.75	1.1524642597452959e-45
1988.875	9.606738456781213e-46
1989.0	1.008105108950241e-45
1989.125	1.0647634308883687e-45
1989.25	1.1352154187897639e-45
1989.375	9.217692505864092e-46
1989.5	8.780313629808357e-46
1989.625	1.041777487390084e-45
1989.75	1.1171456602654409e-45
1989.875	1.0821805675591686e-45
1990.0	1.012287445096225e-45
1990.125	1.032128322576516e-45
1990.25	9.73820802034404e-46
1990.375	8.626494731010247e-46
1990.5	9.189137386880997e-46
1990.625	1.053025539626025e-45
1990.75	1.319763327131209e-45
1990.875	1.1090575053252248e-45
1991.0	9.041276818886562e-46
1991.125	9.45698112362025e-46
1991.25	1.045092924442609e-45
1991.375	1.222895444686084e-45
1991.5	1.2031973345082247e-45
1991.625	1.0849390509585691e-45
1991.75	9.90972456481225e-46
1991.875	1.0608283505296e-45
1992.0	9.98766611486361e-46
1992.125	9.97486583826121e-46
1992.25	1.0205086450508007e-45
1992.375	9.006939137029687e-46
1992.5	1.0479737061460837e-45
1992.625	1.016028948793681e-45
1992.75	9.889885284833438e-46
1992.875	1.0632366002214813e-45
1993.0	9.413132681272409e-46
1993.125	9.40189887450256e-46
1993.25	9.873783453209293e-46
1993.375	1.098192061718361e-45
1993.5	1.148851908299524e-45
1993.625	1.0862168445024158e-45
1993.75	1.1455817714451359e-45
1993.875	1.2728161485494006e-45
1994.0	1.0410485516006562e-45
1994.125	1.112652556463809e-45
1994.25	1.2531717528275558e-45
1994.375	1.2117180684870812e-45
1994.5	1.1668275115464494e-45
1994.625	9.41513624600836e-46
1994.75	9.590185104645758e-46
1994.875	1.1180938251681e-45
1995.0	1.0069800522366013e-45
1995.125	7.919078326944493e-46
1995.25	9.59357578356004e-46
1995.375	1.007036728080964e-45
1995.5	1.0659084239520088e-45
1995.625	1.1654537736200491e-45
1995.75	1.3327325006788809e-45
1995.875	1.1556305855174888e-45
1996.0	9.49588938790801e-46
1996.125	1.0181997888330492e-45
1996.25	1.0708891042113638e-45
1996.375	1.1676640068678011e-45
1996.5	1.1209384564155612e-45
1996.625	1.0514668772688999e-45
1996.75	1.1121606699593288e-45
1996.875	1.0623433476448806e-45
1997.0	1.0312272353765287e-45
1997.125	1.0407046966020249e-45
1997.25	9.625644621997291e-46
1997.375	1.0181782182990248e-45
1997.5	1.1700775273088161e-45
1997.625	1.0436065640099996e-45
1997.75	9.620378500602247e-46
1997.875	9.16424498430016e-46
1998.0	1.063424622276864e-45
1998.125	1.109880763006129e-45
1998.25	1.2268967536513959e-45
1998.375	1.185818260946944e-45
1998.5	1.095395588691121e-45
1998.625	1.0992075421814013e-45
1998.75	1.1276613976488999e-45
1998.875	9.24866266084996e-46
1999.0	9.53568594568836e-46
1999.125	1.0135000789862562e-45
1999.25	1.0445318521315237e-45
1999.375	9.13127221820025e-46
1999.5	8.63799315354369e-46
1999.625	1.111605943970025e-45
1999.75	1.1482147081904891e-45
1999.875	1.0628634749185689e-45
2000.0	1.033980424780356e-45
2000.125	9.67902285432384e-46
2000.25	1.0979603661852247e-45
2000.375	9.29074047872656e-46
2000.5	9.35845501094464e-46
2000.625	9.901137500413289e-46
2000.75	1.2133555842285157e-45
2000.875	1.0751995113552247e-45
2001.0	1.0536867220126807e-45
2001.125	1.1829411826637437e-45
2001.25	1.1455316115642093e-45
2001.375	1.052940326717764e-45
2001.5	1.115339437303204e-45
2001.625	1.194739086740004e-45
2001.75	1.0391477042425962e-45
2001.875	8.99884023736489e-46
2002.0	8.07003328102416e-46
2002.125	8.93989967112225e-46
2002.25	9.631140593782412e-46
2002.375	1.098321108701184e-45
2002.5	1.1367559788193441e-45
2002.625	1.3444784957711611e-45
2002.75	1.1256495375914012e-45
2002.875	1.0747150574254087e-45
2003.0	1.0655179866065286e-45
2003.125	1.0175523894154093e-45
2003.25	9.378458517843612e-46
2003.375	9.36477140463396e-46
2003.5	1.019396098448289e-45
2003.625	1.0829742427134759e-45
2003.75	1.2042980007820089e-45
2003.875	1.1370773806540842e-45
2004.0	9.13654420598089e-46
2004.125	9.65380382266041e-46
2004.25	9.002898233288999e-46
2004.375	9.55280294096881e-46
2004.5	1.1355006812904811e-45
2004.625	1.1092196278926007e-45
2004.75	9.132479164800639e-46
2004.875	9.81808025121856e-46
2005.0	1.0253135729883241e-45
2005.125	8.262458203380638e-46
2005.25	8.870435292921759e-46
2005.375	8.96481146277025e-46
2005.5	8.68125822800625e-46
2005.625	1.0251798596649e-45
2005.75	1.3784617262248806e-45
2005.875	1.340726183301184e-45
2006.0	1.1225165418244839e-45
2006.125	1.2309888017024998e-45
2006.25	1.0824400708088488e-45
2006.375	9.51149146578436e-46
2006.5	9.35755319253924e-46
2006.625	1.052806316438529e-45
2006.75	1.0084272134820493e-45
2006.875	1.1170409127542439e-45
2007.0	1.1805735909945758e-45
2007.125	1.1527646509025439e-45
2007.25	1.0755347192597159e-45
2007.375	1.057112596039824e-45
2007.5	9.578958767114489e-46
2007.625	9.367662284497691e-46
2007.75	1.1087221743503998e-45
2007.875	1.1384181686452087e-45
2008.0	1.0126459847658007e-45
2008.125	9.632928239676814e-46
2008.25	8.022540176799212e-46
2008.375	9.164696050160009e-46
2008.5	1.0714725950227357e-45
2008.625	1.0925333333940641e-45
2008.75	1.2912213810777607e-45
2008.875	1.1027211869045157e-45
2009.0	1.0379839949820811e-45
2009.125	1.0029697714112042e-45
2009.25	1.066325252292496e-45
2009.375	1.2179859889183358e-45
2009.5	1.1462828385264008e-45
2009.625	1.0685896807041001e-45
2009.75	1.2345219821352251e-45
2009.875	1.2502948060020636e-45
2010.0	1.052730002531601e-45
2010.125	9.821618157705212e-46
2010.25	1.0526798419207839e-45
2010.375	9.209276026105212e-46
2010.5	9.748057282906411e-46
2010.625	1.2863936276688994e-45
2010.75	1.203078568688929e-45
2010.875	1.2169378288524963e-45
2011.0	1.0784170630261206e-45
2011.125	1.0421050558491037e-45
2011.25	1.077027490701409e-45
2011.375	1.2611523584678488e-45
2011.5	1.118722144868416e-45
2011.625	8.851975106483609e-46
2011.75	8.667982715078438e-46
2011.875	1.135965143462724e-45
2012.0	1.279724056179361e-45
2012.125	9.897812445025206e-46
2012.25	9.62647301327364e-46
2012.375	1.109805339415081e-45
2012.5	1.164748573898569e-45
2012.625	1.1501680780003836e-45
2012.75	1.1123535693612252e-45
2012.875	9.496630820928159e-46
2013.0	8.97902004090169e-46
2013.125	9.96941851276996e-46
2013.25	1.104315112550169e-45
2013.375	9.85067688380944e-46
2013.5	1.0201294244862249e-45
2013.625	1.0238422460762251e-45
2013.75	1.102188009413089e-45
2013.875	9.75818766657604e-46
2014.0	8.62028918988241e-46
2014.125	1.0649491077393635e-45
2014.25	1.047867980482521e-45
2014.375	1.0891333240803998e-45
2014.5	1.0279794747701607e-45
2014.625	1.1759238437285158e-45
2014.75	1.2447018260302236e-45
2014.875	1.0877412819319286e-45
2015.0	1.0195469318190248e-45
2015.125	1.172471077063225e-45
2015.25	1.1379550942880998e-45
2015.375	1.053021580686436e-45
2015.5	1.0031717709147689e-45
2015.625	9.018505102422759e-46
2015.75	9.36025388299024e-46
2015.875	1.005333151446121e-45
2016.0	8.54343151264201e-46
2016.125	7.967883124987209e-46
2016.25	8.395129579224999e-46
2016.375	9.946170600024999e-46
2016.5	1.0971547253022756e-45
2016.625	8.947105745943692e-46
2016.75	9.724559512190758e-46
2016.875	1.2076943450986085e-45
2017.0	1.2340741120308813e-45
2017.125	1.092372104408809e-45
2017.25	1.0075404071177291e-45
2017.375	9.976789336351359e-46
2017.5	1.171332006673984e-45
2017.625	1.1624543641962247e-45
2017.75	1.0461119540717162e-45
2017.875	1.0007410208290812e-45
2018.0	1.010780478615076e-45
2018.125	1.1012432294502253e-45
2018.25	1.1497336112292839e-45
2018.375	1.1613607244600493e-45
2018.5	9.87618176990449e-46
2018.625	1.1341158122764959e-45
2018.75	8.965757632656249e-46
2018.875	8.87607058780225e-46
2019.0	1.1093735020930809e-45
2019.125	1.1318971366550406e-45
2019.25	1.2007585397533693e-45
2019.375	1.0651213546228094e-45
2019.5	1.140103182591396e-45
2019.625	1.1206961382399996e-45
2019.75	1.3762067737021206e-45
2019.875	1.0296482152494235e-45
2020.0	1.072314793303524e-45
2020.125	1.146366601777296e-45
2020.25	1.032923934269956e-45
2020.375	1.121580702820081e-45
2020.5	1.0884188155632487e-45
2020.625	1.068945108215076e-45
2020.75	1.189703306789776e-45
2020.875	1.1683259948546558e-45
2021.0	9.45194396832196e-46
2021.125	1.0436864232504961e-45
2021.25	1.1564705398725613e-45
2021.375	1.1799116454249636e-45
2021.5	1.055976432715681e-45
2021.625	1.073946240512161e-45
2021.75	9.940524918456037e-46
2021.875	9.770171153965287e-46
2022.0	1.0536261515136638e-45
2022.125	1.0602941336169639e-45
2022.25	1.0783571650458006e-45
2022.375	9.99763816997764e-46
2022.5	1.1606403434215841e-45
2022.625	9.942026997603998e-46
2022.75	1.0866711164430253e-45
2022.875	1.1717343186660249e-45
2023.0	9.404198090502248e-46
2023.125	1.0012293903996812e-45
2023.25	1.0948072073126413e-45
2023.375	9.882090186672639e-46
2023.5	9.262605554518408e-46
2023.625	9.349746387960248e-46
2023.75	1.0917586968999837e-45
2023.875	1.054770078746176e-45
2024.0	9.07186509094369e-46
2024.125	8.188238335496039e-46
2024.25	9.442596411008643e-46
2024.375	9.386087961787287e-46
2024.5	1.021711232351524e-45
2024.625	1.0178443508909289e-45
2024.75	1.1513807597280039e-45
2024.875	1.0745840611608007e-45
2025.0	9.895190676508838e-46
2025.125	9.619542307597686e-46
2025.25	1.1078894941806759e-45
2025.375	1.0824662597310247e-45
2025.5	1.048494578377156e-45
2025.625	1.0004308370497439e-45
2025.75	9.412951051640888e-46
2025.875	1.0495718940274086e-45
2026.0	9.15972827791849e-46
2026.125	9.411057544378088e-46
2026.25	1.0244303171987288e-45
2026.375	9.981191022785289e-46
2026.5	1.1606515178088962e-45
2026.625	1.2138511030139564e-45
2026.75	1.166651736688656e-45
2026.875	9.990501761400251e-46
2027.0	1.004911429314244e-45
2027.125	1.0486888054062248e-45
2027.25	1.0114881188178011e-45
2027.375	1.2063965021019611e-45
2027.5	1.1251610252963998e-45
2027.625	8.69232134804049e-46
2027.75	1.0612226839465689e-45
2027.875	1.1132796792957158e-45
2028.0	9.601215368455838e-46
2028.125	8.17065179259904e-46
2028.25	8.04188187836944e-46
2028.375	9.46979313834841e-46
2028.5	1.1747913230024407e-45
2028.625	1.2396259380556838e-45
2028.75	1.181012127344449e-45
2028.875	1.1606876986636889e-45
2029.0	1.130070147978256e-45
2029.125	1.0281110619172406e-45
2029.25	9.863430543978007e-46
2029.375	1.0902500685342249e-45
2029.5	1.0344604987809e-45
2029.625	8.476719284176358e-46
2029.75	9.031910435407691e-46
2029.875	8.548354995048997e-46
2030.0	9.879657834779287e-46
2030.125	1.0983075209627286e-45
2030.25	1.0315109387167362e-45
2030.375	1.1770978744995998e-45
2030.5	1.1141493630233756e-45
2030.625	1.1275292951622092e-45
2030.75	1.028211104564361e-45
2030.875	1.104108025190641e-45
2031.0	1.2447927803876412e-45
2031.125	1.012324288897936e-45
2031.25	1.0000414514586239e-45
2031.375	1.1581293796900004e-45
2031.5	1.1161177160891035e-45
2031.625	9.172199902095998e-46
2031.75	8.92559362535824e-46
2031.875	8.509816631280999e-46
2032.0	9.83955690052624e-46
2032.125	1.1863737051381758e-45
2032.25	1.0773373814611238e-45
2032.375	1.0256404644868843e-45
2032.5	9.438179354244e-46
2032.625	9.425572341990253e-46
2032.75	1.0792887274008999e-45
2032.875	1.113882414765129e-45
2033.0	1.000606262434321e-45
2033.125	9.282300457294239e-46
2033.25	8.69734888247824e-46
2033.375	9.816928453924838e-46
2033.5	1.1370609250715559e-45
2033.625	1.1693614917811839e-45
2033.75	9.820211693050887e-46
2033.875	9.751506356696041e-46
2034.0	1.0987251337625288e-45
2034.125	1.0987882466006253e-45
2034.25	9.261963397086759e-46
2034.375	1.0906238088648358e-45
2034.5	1.0001529587880248e-45
2034.625	1.067354186729769e-45
2034.75	9.933846391800251e-46
2034.875	1.126638225346624e-45
2035.0	1.020779432230321e-45
2035.125	7.226966030222889e-46
2035.25	9.596351209684842e-46
2035.375	1.040955307017921e-45
2035.5	1.0018456222830251e-45
2035.625	8.792378422830249e-46
2035.75	9.12388843350625e-46
2035.875	9.240075198900638e-46
2036.0	9.95306148631729e-46
2036.125	1.167964321793049e-45
2036.25	1.1352688564500012e-45
2036.375	1.2137817019969e-45
2036.5	1.287742339806129e-45
2036.625	1.2207005990526757e-45
2036.75	1.119958966460944e-45
2036.875	1.030013538942976e-45
2037.0	1.0790489829521609e-45
2037.125	1.0584097529041e-45
2037.25	1.0571408827722093e-45
2037.375	1.171016749694884e-45
2037.5	1.1287636501380838e-45
2037.625	1.135234556470564e-45
2037.75	1.0903129374927689e-45
2037.875	1.112499922597281e-45
2038.0	1.2465789529556252e-45
2038.125	1.3654639023698562e-45
2038.25	1.0244199470467212e-45
2038.375	1.04519657025e-45
2038.5	1.3652221718815691e-45
2038.625	1.2728578190996885e-45
2038.75	1.1461865518121288e-45
2038.875	1.1155288714171561e-45
2039.0	1.016533532233129e-45
2039.125	1.0584704607444489e-45
2039.25	1.0649497604106239e-45
2039.375	1.0769636276313761e-45
2039.5	1.0013157122063291e-45
2039.625	1.0638901510942407e-45
2039.75	1.0863431424784e-45
2039.875	1.1762204860370406e-45
2040.0	9.388938618906247e-46
2040.125	1.1879904953486436e-45
2040.25	1.1547590612085156e-45
2040.375	1.1425252451901209e-45
2040.5	1.0774804280500086e-45
2040.625	1.010677472651716e-45
2040.75	1.044282815083225e-45
2040.875	1.127754418023025e-45
2041.0	1.0217655083144888e-45
2041.125	1.1291091889283998e-45
2041.25	1.034244245870224e-45
2041.375	1.0488868720295288e-45
2041.5	1.266098578833841e-45
2041.625	1.208703681485056e-45
2041.75	1.2420977369676492e-45
2041.875	9.59013679458916e-46
2042.0	1.0522931975867606e-45
2042.125	1.010724651274816e-45
2042.25	1.0471746481660837e-45
2042.375	1.104414077391076e-45
2042.5	1.0975970987800089e-45
2042.625	1.1120358812288036e-45
2042.75	1.0167845316694812e-45
2042.875	1.0230961995156246e-45
2043.0	1.0026258046472893e-45
2043.125	1.0130362249328999e-45
2043.25	1.066812057843921e-45
2043.375	1.087847549061156e-45
2043.5	1.108533452265316e-45
2043.625	1.0721191108328999e-45
2043.75	1.0677831266564012e-45
2043.875	1.0592318965806486e-45
2044.0	1.051000443824769e-45
2044.125	1.0708711058438889e-45
2044.25	1.095291005422761e-45
2044.375	9.14873991709456e-46
2044.5	1.0995616586103207e-45
2044.625	1.0872378534241002e-45
2044.75	1.056055333970025e-45
2044.875	1.2220248486307837e-45
2045.0	1.0522817790654488e-45
2045.125	1.0551761480756253e-45
2045.25	9.577544409216639e-46
2045.375	1.0110155680538413e-45
2045.5	9.441472384664407e-46
2045.625	8.696182836826807e-46
2045.75	9.399590128800011e-46
2045.875	1.0634035561971607e-45
2046.0	1.0657114987861689e-45
2046.125	1.0686969696467612e-45
2046.25	1.004636035648036e-45
2046.375	1.0675902759999999e-45
2046.5	1.0662661482203607e-45
2046.625	1.1136255765188406e-45
2046.75	1.1518785959995685e-45
2046.875	1.0556169298870814e-45
2047.0	1.034144746250641e-45
2047.125	1.0079054071206759e-45
2047.25	9.49597875278116e-46
2047.375	9.01341259343716e-46
2047.5	8.181776604780249e-46
2047.625	9.621214109587239e-46
2047.75	1.2287599907909292e-45
2047.875	1.001057770413009e-45
2048.0	9.913402366291359e-46
2048.125	1.081820380717444e-45
2048.25	1.0007470313913962e-45
2048.375	9.145543705599997e-46
2048.5	1.0869164535490557e-45
2048.625	9.630205870003289e-46
2048.75	9.907805654288892e-46
2048.875	9.16618373798436e-46
2049.0	9.586929402962891e-46
2049.125	9.867130529361208e-46
2049.25	1.0563525724900841e-45
2049.375	1.073295439171344e-45
2049.5	9.14895346134169e-46
2049.625	1.1206518153950438e-45
2049.75	1.0538088421060842e-45
2049.875	1.1433315474705957e-45
2050.0	1.146396735627361e-45
2050.125	9.55594588512249e-46
2050.25	1.0360828586740811e-45
2050.375	1.051219414080196e-45
2050.5	1.0541988167911838e-45
2050.625	1.0688066832268811e-45
2050.75	9.40646201041936e-46
2050.875	8.370255009204489e-46
2051.0	1.1277717464299688e-45
2051.125	1.2394646891850242e-45
2051.25	1.1574051027116493e-45
2051.375	1.032535280149569e-45
2051.5	1.1974198601000246e-45
2051.625	1.0844323197183998e-45
2051.75	1.0441779866700487e-45
2051.875	1.0695651554988489e-45
2052.0	1.0764920315638439e-45
2052.125	1.002524861504929e-45
2052.25	9.860013856342807e-46
2052.375	1.0085146071801608e-45
2052.5	1.0735589208136812e-45
2052.625	1.069556063748624e-45
2052.75	1.1057900082032407e-45
2052.875	1.066991968214649e-45
2053.0	1.0238176081225e-45
2053.125	1.152317201856804e-45
2053.25	1.2071100973800997e-45
2053.375	1.0860737464306889e-45
2053.5	9.792619879582437e-46
2053.625	1.1111246889303688e-45
2053.75	1.137616164416356e-45
2053.875	1.111220958270361e-45
2054.0	1.112896005129216e-45
2054.125	1.0981888141006238e-45
2054.25	1.1129571216641442e-45
2054.375	1.0841789655581288e-45
2054.5	1.0361339742312247e-45
2054.625	9.991471510855209e-46
2054.75	9.758281381095039e-46
2054.875	9.826897685816893e-46
2055.0	1.087731057869824e-45
2055.125	1.0584765121036962e-45
2055.25	1.1929809286771359e-45
2055.375	1.0260438348225606e-45
2055.5	9.446779679569962e-46
2055.625	1.1008958100625e-45
2055.75	1.0763871079389209e-45
2055.875	9.216847284661212e-46
2056.0	9.009700412425694e-46
2056.125	1.0953644117640999e-45
2056.25	1.1757814687088999e-45
2056.375	1.0294137285324839e-45
2056.5	1.0273965398627292e-45
2056.625	1.0184378456987288e-45
2056.75	9.900683764839038e-46
2056.875	1.1653929391739037e-45
2057.0	1.193290492257369e-45
2057.125	1.1381256577099237e-45
2057.25	1.0692560576693613e-45
2057.375	9.218379276626559e-46
2057.5	1.0209223160156247e-45
2057.625	1.184327388027364e-45
2057.75	1.148138060882596e-45
2057.875	1.2066725775192491e-45
2058.0	1.195650324643329e-45
2058.125	1.081318390160836e-45
2058.25	1.0634816256563563e-45
2058.375	1.0674656610006493e-45
2058.5	1.0938577913374412e-45
2058.625	1.2094469626268157e-45
2058.75	1.1586140360963999e-45
2058.875	1.2236189394702252e-45
2059.0	1.1912402868938013e-45
2059.125	1.0365423645628841e-45
2059.25	9.748363884169e-46
2059.375	1.0402042113268088e-45
2059.5	9.613926240942239e-46
2059.625	1.0682665388164088e-45
2059.75	1.111248493135236e-45
2059.875	9.94361243848036e-46
2060.0	1.0498852621364887e-45
2060.125	1.11606773776e-45
2060.25	1.1124956532690248e-45
2060.375	1.0763619768979358e-45
2060.5	1.1666360248509159e-45
2060.625	1.034786786282404e-45
2060.75	9.820777024581613e-46
2060.875	9.907783620634241e-46
2061.0	1.271793721355089e-45
2061.125	1.1784510615306251e-45
2061.25	1.0275078950956963e-45
2061.375	9.576348012056247e-46
2061.5	1.0744528106494087e-45
2061.625	1.1782572503655042e-45
2061.75	1.0629647378595999e-45
2061.875	1.0041147041973613e-45
2062.0	1.1103651474681638e-45
2062.125	1.1585928642958812e-45
2062.25	1.3052496532411206e-45
2062.375	1.4056904056814435e-45
2062.5	1.1976804405503999e-45
2062.625	1.0995254485826489e-45
2062.75	1.0916468203262413e-45
2062.875	1.1091192490473638e-45
2063.0	1.1748683749806094e-45
2063.125	1.0699560718934891e-45
2063.25	1.0486053224949758e-45
2063.375	1.0595789287782761e-45
2063.5	1.1853056374798241e-45
2063.625	1.3189280480684011e-45
2063.75	1.2795701643663998e-45
2063.875	1.0426468123617639e-45
2064.0	1.131391326817921e-45
2064.125	1.2464211359960996e-45
2064.25	1.2197165791624811e-45
2064.375	1.3252158315481958e-45
2064.5	1.1964090210093159e-45
2064.625	1.1020342360038007e-45
2064.75	1.1530170667710251e-45
2064.875	1.1388884916460836e-45
2065.0	1.017506710421161e-45
2065.125	9.409133553247207e-46
2065.25	9.42055460898084e-46
2065.375	1.0125913151375998e-45
2065.5	9.502305621561e-46
2065.625	8.242160401605688e-46
2065.75	8.997888123903999e-46
2065.875	8.85071603523409e-46
2066.0	1.0101202505473205e-45
2066.125	1.0670399207429288e-45
2066.25	1.028671042701604e-45
2066.375	1.1636745274302759e-45
2066.5	1.2083182917221287e-45
2066.625	1.1907911594969633e-45
2066.75	1.034040363624004e-45
2066.875	1.1329713649296002e-45
2067.0	1.0735000753047206e-45
2067.125	1.209545870732676e-45
2067.25	1.1474330392359609e-45
2067.375	9.995540672756253e-46
2067.5	1.2513392610270759e-45
2067.625	1.2673988754981158e-45
2067.75	1.3453711218486011e-45
2067.875	1.1057268941107841e-45
2068.0	1.048649816076769e-45
2068.125	1.0105009122941291e-45
2068.25	1.071292307282404e-45
2068.375	9.057988307060643e-46
2068.5	1.173941108454976e-45
2068.625	1.3406899337774888e-45
2068.75	1.0784783419576358e-45
2068.875	9.979243092036001e-46
2069.0	1.080730054542681e-45
2069.125	1.0340718129181689e-45
2069.25	1.105171448086161e-45
2069.375	1.004560727377636e-45
2069.5	1.014163639716096e-45
2069.625	1.0292461902056893e-45
2069.75	1.1014483222056246e-45
2069.875	1.088590442514436e-45
2070.0	1.089246391935289e-45
2070.125	1.0383493765180412e-45
2070.25	1.1519684691169208e-45
2070.375	1.0633048810227362e-45
2070.5	9.77728848046336e-46
2070.625	1.051719039527524e-45
2070.75	1.189734832756089e-45
2070.875	1.1033971907609288e-45
2071.0	1.1298004923750247e-45
2071.125	1.0650167908140248e-45
2071.25	1.0131594039272251e-45
2071.375	1.1510259261935286e-45
2071.5	1.238237218074025e-45
2071.625	1.2373152374420643e-45
2071.75	1.222226142043201e-45
2071.875	1.2101147056102088e-45
2072.0	1.1407896016829287e-45
2072.125	1.0250532627012091e-45
2072.25	1.005779318272576e-45
2072.375	1.038472409214244e-45
2072.5	9.84495483042241e-46
2072.625	1.0926665430270487e-45
2072.75	1.119061326235876e-45
2072.875	1.121918106542116e-45
2073.0	1.060266976951081e-45
2073.125	1.102862720728129e-45
2073.25	1.1524656176642558e-45
2073.375	1.2878992343599685e-45
2073.5	1.0795254100014239e-45
2073.625	1.0824507305831609e-45
2073.75	1.3037844864979357e-45
2073.875	1.3670419946079605e-45
2074.0	1.5561873081316e-45
2074.125	1.3633603601641e-45
2074.25	1.1822901954958093e-45
2074.375	1.0862960765080361e-45
2074.5	1.148177909031076e-45
2074.625	1.1720641195180836e-45
2074.75	1.1506100215334489e-45
2074.875	1.1562148899855999e-45
2075.0	9.986814108902407e-46
2075.125	1.0021885054843209e-45
2075.25	1.2117341506407839e-45
2075.375	1.0746823403931042e-45
2075.5	9.35860796952964e-46
2075.625	8.08224757338436e-46
2075.75	1.0636988264448158e-45
2075.875	1.4579760830032087e-45
2076.0	1.343825386834176e-45
2076.125	1.2902221181942437e-45
2076.25	1.2984606869055999e-45
2076.375	1.2332538365857959e-45
2076.5	1.0082055705760091e-45
2076.625	8.92469677841361e-46
2076.75	9.841108426326812e-46
2076.875	1.1423325185281001e-45
2077.0	9.67871983430881e-46
2077.125	9.039823355574012e-46
2077.25	9.763483242443287e-46
2077.375	1.118080249417849e-45
2077.5	1.2132434237427356e-45
2077.625	9.996483475906558e-46
2077.75	1.00486464016e-45
2077.875	1.0618586056135842e-45
2078.0	1.0600893926521959e-45
2078.125	1.0740349865357286e-45
2078.25	9.477217663080998e-46
2078.375	9.867415124033639e-46
2078.5	1.0756386830187611e-45
2078.625	1.1166222391464039e-45
2078.75	1.012293235701136e-45
2078.875	1.0792956264432253e-45
2079.0	1.0524382052204159e-45
2079.125	9.580516848080998e-46
2079.25	1.148079035389225e-45
2079.375	1.2307258152168039e-45
2079.5	1.0994702062276003e-45
2079.625	9.580624562770563e-46
2079.75	1.087488530822281e-45
2079.875	1.0985693482769291e-45
2080.0	1.0506820471790758e-45
2080.125	1.1221742242791607e-45
2080.25	1.2659386059609612e-45
2080.375	1.1213693908173158e-45
2080.5	1.056624758235225e-45
2080.625	9.997118359684e-46
2080.75	1.0026754548326009e-45
2080.875	1.0480236250152486e-45
2081.0	1.1240579185427286e-45
2081.125	1.2482435943010808e-45
2081.25	1.028792602591209e-45
2081.375	1.056518922114769e-45
2081.5	1.1853767673486013e-45
2081.625	1.067640137106169e-45
2081.75	9.952923304485159e-46
2081.875	1.1745311198734888e-45
2082.0	1.1661729147270758e-45
2082.125	1.135592676485136e-45
2082.25	1.0411706470149761e-45
2082.375	1.233350763380836e-45
2082.5	1.0949218928768161e-45
2082.625	1.0508485332384359e-45
2082.75	1.1721529278849612e-45
2082.875	1.0655356135068491e-45
2083.0	1.2473040507648639e-45
2083.125	1.1037328451256253e-45
2083.25	1.0829068470024999e-45
2083.375	1.1413200749980412e-45
2083.5	1.0959026897452408e-45
2083.625	1.2230160938926087e-45
2083.75	1.1780003704401e-45
2083.875	1.2752679502792358e-45
2084.0	1.432035733693504e-45
2084.125	1.0408309658957439e-45
2084.25	1.242175344162064e-45
2084.375	1.1976212624222247e-45
2084.5	1.0098522156615836e-45
2084.625	7.874333025825641e-46
2084.75	8.280357884233207e-46
2084.875	1.008456619514436e-45
2085.0	1.1453472952804e-45
2085.125	1.0881544401985955e-45
2085.25	1.110765715735104e-45
2085.375	1.065182972653881e-45
2085.5	1.0827177684743287e-45
2085.625	1.065154056343204e-45
2085.75	1.1571262862004813e-45
2085.875	1.1007797503560013e-45
2086.0	9.790940760494413e-46
2086.125	1.0809933292423692e-45
2086.25	1.169044038333796e-45
2086.375	1.2609531400496036e-45
2086.5	1.3599313462990092e-45
2086.625	1.2030210609448358e-45
2086.75	1.209668015999524e-45
2086.875	1.1777573831409e-45
2087.0	1.2468826110006252e-45
2087.125	1.0647053490113292e-45
2087.25	1.0493898302383685e-45
2087.375	1.1253834291602246e-45
2087.5	1.002711236659456e-45
2087.625	9.339407374771359e-46
2087.75	9.736709560974008e-46
2087.875	1.065997947341376e-45
2088.0	1.406686758907329e-45
2088.125	1.161261421125796e-45
2088.25	9.818381684842091e-46
2088.375	9.718205205292958e-46
2088.5	1.0737447075859359e-45
2088.625	1.2642233759345612e-45
2088.75	1.2532581307209958e-45
2088.875	1.3458672184399687e-45
2089.0	1.2264123768692408e-45
2089.125	9.81371593576201e-46
2089.25	1.0861755158093292e-45
2089.375	1.1773168438266013e-45
2089.5	1.1026886440435356e-45
2089.625	1.036082472415225e-45
2089.75	1.0955119599933612e-45
2089.875	1.1659165360703998e-45
2090.0	1.1156883932940837e-45
2090.125	1.0340903997401758e-45
2090.25	1.2556092471689286e-45
2090.375	1.2981190334775613e-45
2090.5	1.1029891192384002e-45
2090.625	9.58575347313424e-46
2090.75	1.069082234293329e-45
2090.875	1.147487305674724e-45
2091.0	1.103612649483556e-45
2091.125	1.2702366152636407e-45
2091.25	1.427354241636964e-45
2091.375	1.242424958306401e-45
2091.5	1.265336449978624e-45
2091.625	1.2849570086122087e-45
2091.75	1.1063756119506246e-45
2091.875	1.1191980837187241e-45
2092.0	1.2433725359741439e-45
2092.125	1.2068150736915358e-45
2092.25	1.0591351074547363e-45
2092.375	1.1063059619476838e-45
2092.5	9.52176295881316e-46
2092.625	1.061726570549316e-45
2092.75	1.2032801688122407e-45
2092.875	1.2005882660440358e-45
2093.0	1.1532220349291287e-45
2093.125	1.3315668076096001e-45
2093.25	1.3092210675855998e-45
2093.375	1.2422584521019686e-45
2093.5	1.2135974783990758e-45
2093.625	1.2901346193811355e-45
2093.75	1.148194173780196e-45
2093.875	1.204079867621316e-45
2094.0	1.2491923982150561e-45
2094.125	1.230389194225216e-45
2094.25	1.192593909806209e-45
2094.375	1.100970067595161e-45
2094.5	1.0977751466360997e-45
2094.625	1.2372966648519838e-45
2094.75	1.398819691036804e-45
2094.875	1.0924741023392157e-45
2095.0	1.0102778337774243e-45
2095.125	1.1828618716320808e-45
2095.25	1.198776503715904e-45
2095.375	1.1629096423345211e-45
2095.5	1.235701209061764e-45
2095.625	1.0554590981089e-45
2095.75	9.885461648517159e-46
2095.875	1.1006742468409206e-45
2096.0	1.243749580383556e-45
2096.125	1.1986375988517162e-45
2096.25	1.1479147071920999e-45
2096.375	8.50263085251441e-46
2096.5	8.99060225454889e-46
2096.625	1.028000764127401e-45
2096.75	1.113886953753025e-45
2096.875	1.144388047728025e-45
2097.0	1.122151110178576e-45
2097.125	1.0989718277535358e-45
2097.25	1.0661463123948156e-45
2097.375	1.1762591723232248e-45
2097.5	1.209889506973156e-45
2097.625	1.1560809894184807e-45
2097.75	1.1349454868583041e-45
2097.875	1.2329153250552359e-45
2098.0	1.1607057552334239e-45
2098.125	9.976154466726006e-46
2098.25	1.1396574551689692e-45
2098.375	1.0465752958658555e-45
2098.5	9.93937415793529e-46
2098.625	1.0591568471960999e-45
2098.75	1.2169002235054086e-45
2098.875	1.3558973163451207e-45
2099.0	1.2919209586632041e-45
2099.125	1.2021689420468638e-45
2099.25	1.2120684190415289e-45
2099.375	1.3078243361333161e-45
2099.5	1.1927078055024038e-45
2099.625	1.1384291005782249e-45
2099.75	1.0802013006850559e-45
2099.875	1.228092589399104e-45
2100.0	1.0685818352889e-45
2100.125	1.1280013939758239e-45
2100.25	1.1490169137111043e-45
2100.375	1.1159183439724962e-45
2100.5	1.0775253987651242e-45
2100.625	1.026962203155001e-45
2100.75	9.395527057113759e-46
2100.875	9.933223605782891e-46
2101.0	1.0655333285300642e-45
2101.125	9.99053400133636e-46
2101.25	1.000940707696609e-45
2101.375	9.33771318059584e-46
2101.5	1.1006709955550439e-45
2101.625	8.615969652327837e-46
2101.75	8.49161571702129e-46
2101.875	1.0607040005394011e-45
2102.0	1.210790705630724e-45
2102.125	1.1333559252839043e-45
2102.25	1.0493536137379839e-45
2102.375	1.1455940915838758e-45
2102.5	1.0503789312025001e-45
2102.625	1.009237528713001e-45
2102.75	1.0464435674884e-45
2102.875	1.0479292269102251e-45
2103.0	9.56037371381316e-46
2103.125	1.0731382567465206e-45
2103.25	1.0619361621190441e-45
2103.375	1.1001492595760038e-45
2103.5	1.0207131697544039e-45
2103.625	9.54059154071104e-46
2103.75	1.0916238245523614e-45
2103.875	1.0822604417665287e-45
2104.0	1.0955162628050563e-45
2104.125	1.2068487709934411e-45
2104.25	1.2065226564512252e-45
2104.375	1.423692579886201e-45
2104.5	1.4271132887854092e-45
2104.625	1.3192398846809634e-45
2104.75	1.3016677591486889e-45
2104.875	1.197745642005444e-45
2105.0	1.0515312769463291e-45
2105.125	1.1145664377251289e-45
2105.25	1.0752784716907212e-45
2105.375	1.151383949338401e-45
2105.5	1.1821041829545639e-45
2105.625	1.1617630247760247e-45
2105.75	1.1621135777053688e-45
2105.875	1.1603402903578238e-45
2106.0	9.72075416159376e-46
2106.125	1.0515279045074413e-45
2106.25	1.1487776800661292e-45
2106.375	1.1331435068668088e-45
2106.5	1.0948386410157157e-45
2106.625	1.177580512387449e-45
2106.75	1.2506800421520253e-45
2106.875	1.2309170880871842e-45
2107.0	1.309959887183424e-45
2107.125	1.1652596688099999e-45
2107.25	8.607061567864356e-46
2107.375	9.648067183502437e-46
2107.5	1.1068708088302236e-45
2107.625	1.0741953154565612e-45
2107.75	1.0227607591581614e-45
2107.875	1.183675056167241e-45
2108.0	9.88885255330116e-46
2108.125	1.0331575347018242e-45
2108.25	1.1383340215104358e-45
2108.375	1.1047631815284839e-45
2108.5	1.0889431747413208e-45
2108.625	9.482402581201e-46
2108.75	9.911056201489e-46
2108.875	9.281428516009688e-46
2109.0	1.0650721398062486e-45
2109.125	1.0678596574468841e-45
2109.25	8.582095633057959e-46
2109.375	9.541607777970487e-46
2109.5	1.1218586201289637e-45
2109.625	9.508282452630087e-46
2109.75	9.413423537778089e-46
2109.875	1.0740133568124492e-45
2110.0	1.2314268474228636e-45
2110.125	1.2959211611990246e-45
2110.25	1.2812372100518759e-45
2110.375	1.1755396703887359e-45
2110.5	1.3969576018028157e-45
2110.625	1.335139664230969e-45
2110.75	1.0760787972496e-45
2110.875	1.0728848497162407e-45
2111.0	1.082254585979044e-45
2111.125	1.0184373350912247e-45
2111.25	9.070168837918406e-46
2111.375	8.204584561733159e-46
2111.5	1.1037947726876489e-45
2111.625	1.0588595397748841e-45
2111.75	1.3690535765241758e-45
2111.875	1.322986181257129e-45
2112.0	1.0857135712282242e-45
2112.125	1.1211736352127608e-45
2112.25	9.95540567587344e-46
2112.375	1.0894741295954891e-45
2112.5	1.0541156343196087e-45
2112.625	8.856168887878557e-46
2112.75	9.98341024006225e-46
2112.875	1.065707059038561e-45
2113.0	1.3194472150464161e-45
2113.125	1.2721726963009e-45
2113.25	1.015469743342096e-45
2113.375	1.219769385488809e-45
2113.5	1.2470270380928998e-45
2113.625	1.021347959346225e-45
2113.75	1.108997961227641e-45
2113.875	1.1129689314937206e-45
2114.0	1.1363769098360999e-45
2114.125	1.1845362905706487e-45
2114.25	1.1985752119980252e-45
2114.375	1.3171463546851212e-45
2114.5	1.176382231868041e-45
2114.625	1.1014906042189438e-45
2114.75	1.1136008153529639e-45
2114.875	1.1361451978030092e-45
2115.0	1.2918249199451554e-45
2115.125	1.4044479526812252e-45
2115.25	1.3596203413808999e-45
2115.375	1.2645761152526414e-45
2115.5	1.270670538289156e-45
2115.625	1.1701733071776164e-45
2115.75	1.1867012191608998e-45
2115.875	1.130354965045504e-45
2116.0	1.105049977413264e-45
2116.125	1.0614528162030246e-45
2116.25	1.291204492355556e-45
2116.375	1.2082885365980247e-45
2116.5	1.1684923244690892e-45
2116.625	1.135928675938681e-45
2116.75	1.1708439444544091e-45
2116.875	1.0173833312238088e-45
2117.0	1.0922132007252009e-45
2117.125	1.2057335360582758e-45
2117.25	1.1922106137304089e-45
2117.375	1.0947616788754891e-45
2117.5	1.2300690330755998e-45
2117.625	1.229719176291904e-45
2117.75	1.1211559557668888e-45
2117.875	1.1036638099020957e-45
2118.0	9.820484955484088e-46
2118.125	1.0455826847918408e-45
2118.25	1.1808267651855998e-45
2118.375	1.092490694805409e-45
2118.5	1.0206587300625e-45
2118.625	8.968507198211561e-46
2118.75	1.0028425266007208e-45
2118.875	1.1953669386982413e-45
2119.0	1.1677511447958759e-45
2119.125	1.0113754725368999e-45
2119.25	1.0266900203360158e-45
2119.375	1.1450388711269293e-45
2119.5	1.0485270886170237e-45
2119.625	1.124209733802169e-45
2119.75	1.1328212479081002e-45
2119.875	1.1037699881651558e-45
2120.0	1.249464631886289e-45
2120.125	1.2666795617553635e-45
2120.25	1.0276502231762557e-45
2120.375	1.0322853641232041e-45
2120.5	1.145691301155844e-45
2120.625	1.3322510220001962e-45
2120.75	1.1728500226224038e-45
2120.875	1.0596144098549609e-45
2121.0	1.1517179327809002e-45
2121.125	1.1887964760291837e-45
2121.25	9.662572685330408e-46
2121.375	9.281457762852247e-46
2121.5	1.289012914786276e-45
2121.625	1.2145824427396001e-45
2121.75	1.1876895464883839e-45
2121.875	1.3438623385779839e-45
2122.0	1.1845006347306249e-45
2122.125	1.3156418792812841e-45
2122.25	1.3319953151731204e-45
2122.375	1.6690056842131555e-45
2122.5	1.5387594903506247e-45
2122.625	1.2192031042339208e-45
2122.75	1.4158280037001e-45
2122.875	1.309219330794496e-45
2123.0	1.887108056894449e-45
2123.125	8.247428340514608e-45
2123.25	4.0352874840062495e-44
2123.375	2.465159998855841e-44
2123.5	6.748716315626042e-45
2123.625	7.293465735204099e-45
2123.75	7.521536450611264e-45
2123.875	7.558888759096899e-45
2124.0	1.0487842919428899e-44
2124.125	1.15876096459776e-44
2124.25	6.741581453693955e-45
2124.375	6.90584716943633e-45
2124.5	3.2893738403016096e-44
2124.625	1.0907978554184407e-43
2124.75	6.12269890951744e-44
2124.875	5.119575971903999e-44
2125.0	2.0648505928974398e-44
2125.125	5.4185001158534424e-45
2125.25	3.41525221120801e-44
2125.375	4.487793541545691e-44
2125.5	8.545064915552491e-44
2125.625	7.992234884326811e-44
2125.75	1.5557263571137601e-44
2125.875	6.694413725443608e-45
2126.0	8.888641844804837e-45
2126.125	1.1876115122208098e-44
2126.25	8.918131653939599e-45
2126.375	6.66646726454297e-45
2126.5	7.206326361527057e-45
2126.625	7.056422022310144e-45
2126.75	1.03478250725476e-44
2126.875	2.94634306957225e-44
2127.0	1.9478766052322498e-44
2127.125	3.66507864445145e-45
2127.25	2.0569233629024887e-45
2127.375	1.8899594615848966e-45
2127.5	1.723366115768025e-45
2127.625	1.3005193410457957e-45
2127.75	1.2962130567556813e-45
2127.875	1.1516482951711358e-45
2128.0	1.2269017975569646e-45
2128.125	1.1433475073500837e-45
2128.25	1.2600624959748814e-45
2128.375	1.2007858456554489e-45
2128.5	1.1361447933220092e-45
2128.625	1.141480619498025e-45
2128.75	1.005553400253444e-45
2128.875	1.1990354311222812e-45
2129.0	1.2092218956814237e-45
2129.125	1.026719627361156e-45
2129.25	1.111912566694609e-45
2129.375	1.2596862520594811e-45
2129.5	1.190640848080896e-45
2129.625	1.1864837211091287e-45
2129.75	1.182390737756281e-45
2129.875	1.0492279946205208e-45
2130.0	1.127454818828836e-45
2130.125	1.232104491011716e-45
2130.25	1.0068766689424001e-45
2130.375	1.0031318001295359e-45
2130.5	1.1639384380377639e-45
2130.625	1.1399454360340838e-45
2130.75	1.1875411539969612e-45
2130.875	1.0833525927196842e-45
2131.0	1.0125005629945959e-45
2131.125	1.2770277470256252e-45
2131.25	1.463064642000784e-45
2131.375	1.1404050653734564e-45
2131.5	1.1925267767463608e-45
2131.625	1.2136090442196638e-45
2131.75	1.3099773324448806e-45
2131.875	1.4053104070008998e-45
2132.0	1.2039110934460839e-45
2132.125	1.192133616634944e-45
2132.25	1.2197518531029158e-45
2132.375	1.1610293664021609e-45
2132.5	1.2618901362866484e-45
2132.625	1.242885693013056e-45
2132.75	1.0862893528812159e-45
2132.875	1.0952827316431359e-45
2133.0	1.1662724961358238e-45
2133.125	1.2338913054505212e-45
2133.25	1.3001437389400359e-45
2133.375	1.148376482391616e-45
2133.5	1.152486869200209e-45
2133.625	1.3345346376260893e-45
2133.75	1.0579873187980885e-45
2133.875	1.1333471049788408e-45
2134.0	1.2250497005040999e-45
2134.125	1.129461502081444e-45
2134.25	9.796779808368638e-46
2134.375	1.0855813132819206e-45
2134.5	1.2296328419866407e-45
2134.625	1.3319824684322248e-45
2134.75	1.2213403373824002e-45
2134.875	1.261991308083289e-45
2135.0	1.2348412463348644e-45
2135.125	9.93259957864729e-46
2135.25	9.170293217300639e-46
2135.375	1.064087495085316e-45
2135.5	1.022373702227241e-45
2135.625	1.2331883078019607e-45
2135.75	1.1143626642490413e-45
2135.875	1.0890827655725162e-45
2136.0	1.025290454304649e-45
2136.125	1.1459997454539238e-45
2136.25	1.266036951076569e-45
2136.375	1.1815526266383999e-45
2136.5	1.1823049808542438e-45
2136.625	1.2391113162261688e-45
2136.75	1.0610351823962253e-45
2136.875	1.0938114227524e-45
2137.0	1.3426464237795999e-45
2137.125	1.3935311398009e-45
2137.25	1.1692606159692093e-45
2137.375	1.1251711554320406e-45
2137.5	1.0613940427958492e-45
2137.625	1.0343580942278438e-45
2137.75	1.1686622896042086e-45
2137.875	1.238783475678736e-45
2138.0	1.223191657860649e-45
2138.125	1.2547624327358759e-45
2138.25	1.3298199171564156e-45
2138.375	1.0803960101068839e-45
2138.5	1.1124928515268089e-45
2138.625	1.3518903096997211e-45
2138.75	1.3660961535046442e-45
2138.875	1.386463172328081e-45
2139.0	1.2293833241289687e-45
2139.125	1.186548548186596e-45
2139.25	1.3299617034496002e-45
2139.375	1.2262261466701442e-45
2139.5	1.1522372269443999e-45
2139.625	9.993108306868838e-46
2139.75	9.99328406968336e-46
2139.875	1.1846011332612247e-45
2140.0	1.2325728576722892e-45
2140.125	1.3554535677552253e-45
2140.25	1.1941700072652248e-45
2140.375	1.0931917259024997e-45
2140.5	1.1710270157539836e-45
2140.625	1.2517683169942437e-45
2140.75	1.0344552883766007e-45
2140.875	1.0718735506704e-45
2141.0	1.1799846056172157e-45
2141.125	1.238948904074436e-45
2141.25	1.1924323654449962e-45
2141.375	1.2293024010652811e-45
2141.5	1.1184212062680251e-45
2141.625	1.0476304570944e-45
2141.75	1.106898090126084e-45
2141.875	1.202012713703025e-45
2142.0	1.1405394059281289e-45
2142.125	1.1724097173399607e-45
2142.25	1.1503397577222812e-45
2142.375	1.0193392674306489e-45
2142.5	1.0636266846241e-45
2142.625	1.1305987286381286e-45
2142.75	1.0550703195677164e-45
2142.875	8.75710433684025e-46
2143.0	1.0265847330103206e-45
2143.125	1.1113563690881439e-45
2143.25	1.114177401455616e-45
2143.375	1.2131017327521001e-45
2143.5	1.312104135188484e-45
2143.625	1.2685908483020888e-45
2143.75	1.1734969672209638e-45
2143.875	1.1574065996210408e-45
2144.0	1.321777932037696e-45
2144.125	1.4180233645358005e-45
2144.25	1.214423737107889e-45
2144.375	1.2115416591408492e-45
2144.5	1.223828690127169e-45
2144.625	1.2441383217990253e-45
2144.75	1.1145501458446413e-45
2144.875	1.0375794437903998e-45
2145.0	1.0490174585545211e-45
2145.125	1.044492616969321e-45
2145.25	1.0002916717025438e-45
2145.375	1.008227098718464e-45
2145.5	1.032989113461904e-45
2145.625	1.1903067876773287e-45
2145.75	1.35440928529e-45
2145.875	1.197219443537881e-45
2146.0	9.844393823537292e-46
2146.125	1.138834563904129e-45
2146.25	1.193323447496196e-45
2146.375	1.2965371756515995e-45
2146.5	1.3766303828209e-45
2146.625	1.4280301363897957e-45
2146.75	1.6044646301813608e-45
2146.875	1.4526843138972164e-45
2147.0	1.7611040295601e-45
2147.125	2.2378026667655607e-45
2147.25	2.576159557597924e-45
2147.375	2.513805406482496e-45
2147.5	2.352943019036736e-45
2147.625	2.6153694577064887e-45
2147.75	3.011432337557361e-45
2147.875	4.57476769194684e-45
2148.0	1.1595884775956103e-44
2148.125	1.0382213245593639e-43
2148.25	6.098505403613183e-43
2148.375	3.5868993003699836e-43
2148.5	4.000141201246089e-44
2148.625	2.9150197781804097e-44
2148.75	3.65736211341361e-44
2148.875	4.2527698884002497e-44
2149.0	5.294317060406888e-44
2149.125	4.85097409355329e-44
2149.25	2.612438620416e-44
2149.375	2.81200434217024e-44
2149.5	8.72861939912169e-44
2149.625	1.799825133527716e-43
2149.75	9.888112944369e-44
2149.875	1.0307717345419556e-43
2150.0	3.78857845561441e-44
2150.125	7.053678263020041e-45
2150.25	5.043519274439608e-44
2150.375	7.301367648078489e-44
2150.5	1.3118289998723999e-43
2150.625	1.5698749902359038e-43
2150.75	5.91005369602404e-44
2150.875	2.6041064391553596e-44
2151.0	3.24831665009569e-44
2151.125	5.387592019489691e-44
2151.25	5.507607763338488e-44
2151.375	4.084109562724e-44
2151.5	3.017331237980889e-44
2151.625	3.0543755953998396e-44
2151.75	9.99655176920976e-44
2151.875	5.368050065252485e-43
2152.0	3.591510091365681e-43
2152.125	2.9785896330528107e-44
2152.25	9.116737657228879e-45
2152.375	4.792830976575624e-45
2152.5	3.608180842378224e-45
2152.625	3.1009009711187563e-45
2152.75	2.358410327060089e-45
2152.875	2.7937952153004962e-45
2153.0	3.4376926617856e-45
2153.125	2.645641624511601e-45
2153.25	1.8185524420711208e-45
2153.375	1.780450177735161e-45
2153.5	1.6190207560212492e-45
2153.625	1.5245933958657638e-45
2153.75	1.6293128811035046e-45
2153.875	1.3495726364408999e-45
2154.0	1.4158619438994806e-45
2154.125	1.2773445263618492e-45
2154.25	1.225039130312481e-45
2154.375	1.139674672228624e-45
2154.5	1.0687470527398092e-45
2154.625	1.164043519358724e-45
2154.75	1.2111517801792363e-45
2154.875	1.1371300528068807e-45
2155.0	1.111080955760161e-45
2155.125	1.0734897218074091e-45
2155.25	1.0931406104063286e-45
2155.375	1.1758130839971607e-45
2155.5	1.4729239996308638e-45
2155.625	1.1658690059909759e-45
2155.75	1.2273372237571291e-45
2155.875	1.3915371607759687e-45
2156.0	1.2957423968020842e-45
2156.125	1.4455346955553437e-45
2156.25	1.368935398762129e-45
2156.375	1.2087431764562556e-45
2156.5	1.0482484365222251e-45
2156.625	1.0202002674494758e-45
2156.75	9.27345072380281e-46
2156.875	1.1389760341409611e-45
2157.0	1.1549889931466408e-45
2157.125	1.0702375288152249e-45
2157.25	1.0932708151053159e-45
2157.375	1.0162279235889e-45
2157.5	8.12089951884864e-46
2157.625	9.243053785168812e-46
2157.75	1.1424544664457962e-45
2157.875	1.221293368152064e-45
2158.0	1.1679587170189211e-45
2158.125	1.0357435580208998e-45
2158.25	1.124484824488921e-45
2158.375	1.3097940544199286e-45
2158.5	1.0554454532643999e-45
2158.625	1.022325996711889e-45
2158.75	9.71941791312361e-46
2158.875	1.1636112833920089e-45
2159.0	1.1323832054136038e-45
2159.125	9.86645769602724e-46
2159.25	9.951369929072642e-46
2159.375	1.3150142347656244e-45
2159.5	1.2309328059611038e-45
2159.625	1.0981133911864362e-45
2159.75	1.268480437127289e-45
2159.875	1.347213346404025e-45
2160.0	1.1992880836861211e-45
2160.125	1.208390525895744e-45
2160.25	1.2383151972282092e-45
2160.375	1.102831238463409e-45
2160.5	1.3921069152806008e-45
2160.625	1.4584130108022766e-45
2160.75	1.3632356347244413e-45
2160.875	1.3531281323121e-45
2161.0	1.2241321537599999e-45
2161.125	1.1885427936120005e-45
2161.25	1.3953975192003996e-45
2161.375	1.4628445596168012e-45
2161.5	1.3409075847440253e-45
2161.625	1.184527617479089e-45
2161.75	1.210100443104004e-45
2161.875	1.069205766458944e-45
2162.0	1.1428765348928487e-45
2162.125	1.1611805912100002e-45
2162.25	1.104624251148544e-45
2162.375	1.0923722366130252e-45
2162.5	1.0102306020156253e-45
2162.625	9.682122392998808e-46
2162.75	1.1429719387054241e-45
2162.875	1.2456972831469685e-45
2163.0	1.2479651349024996e-45
2163.125	1.107740848473081e-45
2163.25	1.185003307711129e-45
2163.375	1.3575938915826808e-45
2163.5	1.3660348732882812e-45
2163.625	1.1827974892633287e-45
2163.75	1.136738379233601e-45
2163.875	1.2863590527591036e-45
2164.0	1.1972262945177638e-45
2164.125	1.3037184097756804e-45
2164.25	1.3711092938510488e-45
2164.375	1.2068347361837289e-45
2164.5	1.078366950896004e-45
2164.625	1.2444906469209206e-45
2164.75	1.1755944602852487e-45
2164.875	1.1343636858598558e-45
2165.0	1.2216968297284002e-45
2165.125	1.2194166665016087e-45
2165.25	1.3105867589087293e-45
2165.375	1.262346222958144e-45
2165.5	1.3384246158841962e-45
2165.625	1.3366183910832639e-45
2165.75	1.2452443555203996e-45
2165.875	1.2857908570214762e-45
2166.0	1.2259871988100001e-45
2166.125	1.200072944600761e-45
2166.25	1.2919533078375038e-45
2166.375	1.3702020237376e-45
2166.5	1.2513728668130008e-45
2166.625	1.1876883747510248e-45
2166.75	1.3664544743922251e-45
2166.875	1.407912866287225e-45
2167.0	1.234807582149241e-45
2167.125	1.2578461643801288e-45
2167.25	1.1677197747672246e-45
2167.375	1.1063806678146008e-45
2167.5	1.2494213665940247e-45
2167.625	1.210317451006689e-45
2167.75	1.116413332723984e-45
2167.875	9.55655425660329e-46
2168.0	1.1200594999440999e-45
2168.125	1.357574216135076e-45
2168.25	1.1349270927650411e-45
2168.375	1.1007786886602247e-45
2168.5	1.230404698265625e-45
2168.625	1.23853317184e-45
2168.75	1.119550386460489e-45
2168.875	9.651704808992488e-46
2169.0	1.2825466879009205e-45
2169.125	1.2068168106543611e-45
2169.25	1.2035171711450249e-45
2169.375	1.1588051356655291e-45
2169.5	1.1452314198478238e-45
2169.625	1.0949590197272251e-45
2169.75	1.1910746237786013e-45
2169.875	1.401724921106689e-45
2170.0	1.2806317123872251e-45
2170.125	1.1848172195382762e-45
2170.25	1.1265737135098406e-45
2170.375	1.3077047088399993e-45
2170.5	1.400480030848144e-45
2170.625	1.292011034148025e-45
2170.75	1.3346625732451558e-45
2170.875	1.5333950924709208e-45
2171.0	1.3595900319191612e-45
2171.125	1.1939760134657638e-45
2171.25	1.1177666925883241e-45
2171.375	1.204170019529409e-45
2171.5	1.5662549477317208e-45
2171.625	1.469411912402281e-45
2171.75	1.533939680153764e-45
2171.875	1.461048795374224e-45
2172.0	1.760576646519076e-45
2172.125	2.0078314252042238e-45
2172.25	1.6930711651269158e-45
2172.375	1.468017155642944e-45
2172.5	1.689328452276481e-45
2172.625	2.152858199603409e-45
2172.75	2.866634718967368e-45
2172.875	3.769689599248803e-45
2173.0	7.086099326976784e-45
2173.125	5.712453725476e-44
2173.25	3.5118527280267685e-43
2173.375	2.1189801925939235e-43
2173.5	2.6493766893283597e-44
2173.625	1.56894863989824e-44
2173.75	1.8566288891748902e-44
2173.875	2.22766759189129e-44
2174.0	2.53477986264064e-44
2174.125	2.10120447963024e-44
2174.25	1.36965896717049e-44
2174.375	1.53351691425625e-44
2174.5	4.0406905595796093e-44
2174.625	3.2013049878048094e-44
2174.75	1.11839233215649e-44
2174.875	1.3862632246502398e-44
2175.0	6.6288923523601e-45
2175.125	6.178431451794001e-45
2175.25	1.4571821510440003e-44
2175.375	1.66404788440804e-44
2175.5	1.54542490606144e-44
2175.625	4.249049624477289e-44
2175.75	2.70269621534641e-44
2175.875	1.2705588741664895e-44
2176.0	1.5168016122249997e-44
2176.125	2.4566484034260103e-44
2176.25	2.49905036308225e-44
2176.375	2.1193789709956896e-44
2176.5	1.7018186107212895e-44
2176.625	1.6122686178019596e-44
2176.75	5.601296817094809e-44
2176.875	3.4511193042279844e-43
2177.0	2.341632360653056e-43
2177.125	1.8980906304864093e-44
2177.25	5.4582688804896036e-45
2177.375	3.1095789734328004e-45
2177.5	2.835610105699809e-45
2177.625	2.328809759454049e-45
2177.75	2.009322581419024e-45
2177.875	2.090624552329104e-45
2178.0	1.9820559545623685e-45
2178.125	1.8000190180101605e-45
2178.25	1.4264429741584002e-45
2178.375	1.3608283488116488e-45
2178.5	1.437060058530625e-45
2178.625	1.4664930090634892e-45
2178.75	1.3179921785222442e-45
2178.875	1.6062995484968887e-45
2179.0	1.436779472955876e-45
2179.125	1.206023079432649e-45
2179.25	1.1596377293301157e-45
2179.375	1.1333852816609442e-45
2179.5	1.1580458003251838e-45
2179.625	1.0683753150921207e-45
2179.75	1.1702319400744087e-45
2179.875	1.357427649591225e-45
2180.0	1.161999856958161e-45
2180.125	1.1070528679392157e-45
2180.25	1.2665640378147611e-45
2180.375	1.3072399212275289e-45
2180.5	1.4366771316185763e-45
2180.625	1.184942378232064e-45
2180.75	1.2165738000187241e-45
2180.875	1.3633258736370486e-45
2181.0	1.093797796792996e-45
2181.125	1.0684578161765287e-45
2181.25	1.1484955668705209e-45
2181.375	1.2863450651164093e-45
2181.5	1.1901312539618409e-45
2181.625	1.158286949968225e-45
2181.75	1.156432724487769e-45
2181.875	1.038697289795929e-45
2182.0	1.2041205361935998e-45
2182.125	1.2039507876240358e-45
2182.25	1.0308213062368359e-45
2182.375	1.1882258493051038e-45
2182.5	1.3455416126406253e-45
2182.625	1.3967784275030008e-45
2182.75	1.5467446772556252e-45
2182.875	1.446406021406025e-45
2183.0	1.174856652497124e-45
2183.125	1.1787703389006253e-45
2183.25	1.078242430906404e-45
2183.375	1.344851353006225e-45
2183.5	1.3641234584577638e-45
2183.625	1.1589870591222007e-45
2183.75	1.1556787223256248e-45
2183.875	1.1876665254014436e-45
2184.0	1.0744165575504358e-45
2184.125	1.2441199802472252e-45
2184.25	1.2777040241401958e-45
2184.375	1.1843603569243686e-45
2184.5	1.1836699642950248e-45
2184.625	1.056610260713764e-45
2184.75	1.1270102281667289e-45
2184.875	1.2020791424461692e-45
2185.0	1.2547546397702561e-45
2185.125	1.1669660639832247e-45
2185.25	1.457874440422884e-45
2185.375	1.279697941853956e-45
2185.5	1.3423296345254887e-45
2185.625	1.3564634110588091e-45
2185.75	1.2765249976800998e-45
2185.875	1.0887230156148088e-45
2186.0	1.0502513710867237e-45
2186.125	1.229118826381681e-45
2186.25	1.1922546033216e-45
2186.375	1.1966767559762557e-45
2186.5	1.1913971942908836e-45
2186.625	1.1883637359131038e-45
2186.75	1.0353223257806253e-45
2186.875	1.3148770912027562e-45
2187.0	1.3172831810048158e-45
2187.125	1.2095298031070254e-45
2187.25	1.3347393667872249e-45
2187.375	1.191362677918884e-45
2187.5	1.1242044361889642e-45
2187.625	1.1384630438899243e-45
2187.75	1.2684664757983688e-45
2187.875	1.348033961598724e-45
2188.0	1.1152105297738239e-45
2188.125	1.1376958326840092e-45
2188.25	1.2133126700390439e-45
2188.375	1.3292551080204008e-45
2188.5	1.2591033269517157e-45
2188.625	1.3134872754642254e-45
2188.75	1.2917782676944893e-45
2188.875	1.3790372647228806e-45
2189.0	1.208995041607236e-45
2189.125	1.1778149702374813e-45
2189.25	1.2652474514804892e-45
2189.375	1.1490796242979288e-45
2189.5	1.1395588815666087e-45
2189.625	1.1163507848908959e-45
2189.75	1.184475992591089e-45
2189.875	1.1624509547202247e-45
2190.0	1.091228308725025e-45
2190.125	1.082051156546116e-45
2190.25	1.1689824948289958e-45
2190.375	1.1466848894056957e-45
2190.5	1.0367227953124e-45
2190.625	1.1139159901443998e-45
2190.75	1.056061248433216e-45
2190.875	1.0872251257714092e-45
2191.0	1.156529032512841e-45
2191.125	1.1721517638368039e-45
2191.25	1.2669052152065438e-45
2191.375	1.2879148812759609e-45
2191.5	1.2513927475008999e-45
2191.625	1.1715761101504357e-45
2191.75	1.122592195081449e-45
2191.875	1.280691905003536e-45
2192.0	1.287093546679396e-45
2192.125	1.2058761156785293e-45
2192.25	1.464643569918244e-45
2192.375	1.4935201177037438e-45
2192.5	1.1943501930343837e-45
2192.625	1.156805804375104e-45
2192.75	1.2760654991994811e-45
2192.875	1.4126006537764e-45
2193.0	1.2553485330864039e-45
2193.125	1.2045855669796e-45
2193.25	1.3766254110274087e-45
2193.375	1.4259456092730252e-45
2193.5	1.2186262723335839e-45
2193.625	1.377245396120049e-45
2193.75	1.3146603304800247e-45
2193.875	1.1816483250125439e-45
2194.0	1.1638820099612247e-45
2194.125	1.2184841975448488e-45
2194.25	1.2949765061515237e-45
2194.375	1.2596219412694088e-45
2194.5	1.3669252346903039e-45
2194.625	1.4310558628314005e-45
2194.75	1.202236068572176e-45
2194.875	1.1804641929574554e-45
2195.0	1.3309193234422888e-45
2195.125	1.3382500404099995e-45
2195.25	1.340487458078224e-45
2195.375	1.2197815394876409e-45
2195.5	1.2472874517398487e-45
2195.625	1.297938027986649e-45
2195.75	1.2825533490645157e-45
2195.875	1.0974386105673213e-45
2196.0	1.207952148427236e-45
2196.125	1.2488958803578407e-45
2196.25	1.209122792188249e-45
2196.375	1.3280827738368999e-45
2196.5	1.800387130278961e-45
2196.625	1.6672277248900006e-45
2196.75	1.7331469884907238e-45
2196.875	1.738612956235684e-45
2197.0	2.4039940488137637e-45
2197.125	2.8411076813697633e-45
2197.25	2.874771107739665e-45
2197.375	2.316354052362256e-45
2197.5	2.529572338881316e-45
2197.625	2.927882901307224e-45
2197.75	4.100230723905936e-45
2197.875	5.581687947383025e-45
2198.0	1.1595680176897605e-44
2198.125	1.0048290735235211e-43
2198.25	5.908073727360025e-43
2198.375	3.5461049577707596e-43
2198.5	4.1170301049715595e-44
2198.625	2.5538318798836896e-44
2198.75	3.28109279481369e-44
2198.875	3.8111594144048105e-44
2199.0	4.1090703538896405e-44
2199.125	3.321623984543291e-44
2199.25	2.1977460609120902e-44
2199.375	2.4154136164320093e-44
2199.5	5.738665551821438e-44
2199.625	4.159833139575609e-44
2199.75	1.35876020488569e-44
2199.875	2.438029293561e-44
2200.0	9.906337947625742e-45
2200.125	4.325943881960463e-45
2200.25	1.86554185178256e-44
2200.375	2.26699788241809e-44
2200.5	1.76916707408016e-44
2200.625	5.994990160395611e-44
2200.75	4.251823380024999e-44
2200.875	2.0993488815689998e-44
2201.0	2.58237379294756e-44
2201.125	4.08940406175625e-44
2201.25	4.088221952999039e-44
2201.375	3.409108026129001e-44
2201.5	2.6099368577940095e-44
2201.625	2.4588993485088396e-44
2201.75	9.338879297764e-44
2201.875	5.76955654201441e-43
2202.0	3.896828313025561e-43
2202.125	2.95660837533681e-44
2202.25	8.417632564989647e-45
2202.375	4.1351082033072485e-45
2202.5	3.1022576239513964e-45
2202.625	2.5289322264800995e-45
2202.75	1.9562179750974087e-45
2202.875	2.4903866594430762e-45
2203.0	3.456741961636096e-45
2203.125	3.1925103573084165e-45
2203.25	2.158654070297124e-45
2203.375	1.4905309486860254e-45
2203.5	1.3786541283738234e-45
2203.625	1.481473248787921e-45
2203.75	1.3618576102560253e-45
2203.875	1.387863272797369e-45
2204.0	1.2933503157124e-45
2204.125	1.2707189466510246e-45
2204.25	1.1178092197917159e-45
2204.375	1.1226498916170239e-45
2204.5	1.2951822090496e-45
2204.625	1.514686770726529e-45
2204.75	1.2842566674217287e-45
2204.875	1.2287325088649608e-45
2205.0	1.2099457872756246e-45
2205.125	1.2447269457533438e-45
2205.25	1.570147678257921e-45
2205.375	1.3000186945159838e-45
2205.5	1.4955518920379566e-45
2205.625	1.3624568390297292e-45
2205.75	1.2869066390573607e-45
2205.875	1.3301364669132962e-45
2206.0	1.3088208400616408e-45
2206.125	1.354300794282276e-45
2206.25	1.2319482949726406e-45
2206.375	1.2357487357555238e-45
2206.5	1.3133718107827837e-45
2206.625	1.3105885690107039e-45
2206.75	1.2439566758529e-45
2206.875	1.1080068601071691e-45
2207.0	1.0731974854542493e-45
2207.125	1.0905662807807285e-45
2207.25	1.1604722571470247e-45
2207.375	1.3266532134090007e-45
2207.5	1.3738160782506251e-45
2207.625	1.2672837459470406e-45
2207.75	1.1987773346764958e-45
2207.875	1.2560298908221439e-45
2208.0	1.3609050798598087e-45
2208.125	1.2768935993879036e-45
2208.25	1.243588627760704e-45
2208.375	1.1893691020473609e-45
2208.5	1.203973549615684e-45
2208.625	1.2039210863243562e-45
2208.75	1.3093923642677291e-45
2208.875	1.397275165460736e-45
2209.0	1.2526202789253758e-45
2209.125	1.246043122040896e-45
2209.25	1.231278764934724e-45
2209.375	1.1859482248848011e-45
2209.5	1.390378164450625e-45
2209.625	1.4055421640947215e-45
2209.75	1.2981044776330889e-45
2209.875	1.4032883110401e-45
2210.0	1.411226520027025e-45
2210.125	1.3411199066604162e-45
2210.25	1.2864375284313637e-45
2210.375	1.174054932315225e-45
2210.5	1.227641682647524e-45
2210.625	1.2418037538636957e-45
2210.75	1.2137150203585687e-45
2210.875	1.1881801416601211e-45
2211.0	1.3377225785120998e-45
2211.125	1.4140205047992958e-45
2211.25	1.2388446477006246e-45
2211.375	1.1085363821960997e-45
2211.5	1.3493935885326489e-45
2211.625	1.2452458376176809e-45
2211.75	1.1955939628790437e-45
2211.875	1.2398876905375212e-45
2212.0	1.129456729826881e-45
2212.125	1.0913252318849442e-45
2212.25	1.091482220857744e-45
2212.375	1.2341813292608888e-45
2212.5	1.3753117623584162e-45
2212.625	1.2389029349908086e-45
2212.75	1.289519768893456e-45
2212.875	1.4031094803586088e-45
2213.0	1.446365632080996e-45
2213.125	1.4210719515636635e-45
2213.25	1.158939534326401e-45
2213.375	1.2791461691134091e-45
2213.5	1.3352924770557157e-45
2213.625	1.1660816696518439e-45
2213.75	1.184983273099396e-45
2213.875	1.1844163844532004e-45
2214.0	1.2777067407605759e-45
2214.125	1.2850917942233293e-45
2214.25	1.3381721216712249e-45
2214.375	1.2222500550402487e-45
2214.5	1.229565515955921e-45
2214.625	1.2339477899736494e-45
2214.75	1.171959703806609e-45
2214.875	1.0977795864210486e-45
2215.0	1.0217646132928085e-45
2215.125	1.2572042384697766e-45
2215.25	1.2304415295225001e-45
2215.375	1.1706833325625001e-45
2215.5	1.2715579337059205e-45
2215.625	1.2567492235342812e-45
2215.75	1.194405903391684e-45
2215.875	1.3792722674880247e-45
2216.0	1.3898188295150758e-45
2216.125	1.319375294118436e-45
2216.25	1.0584625224284414e-45
2216.375	1.1705757622876839e-45
2216.5	1.3552317943217291e-45
2216.625	1.264506914728836e-45
2216.75	1.294164866097009e-45
2216.875	1.3592551754140844e-45
2217.0	1.679066832110724e-45
2217.125	1.6368605258456884e-45
2217.25	1.3281089399464412e-45
2217.375	1.4095259556717166e-45
2217.5	1.3591067485842252e-45
2217.625	1.2662816206922008e-45
2217.75	1.2090280043663998e-45
2217.875	1.311494428422721e-45
2218.0	1.373603852114244e-45
2218.125	1.1511142732056253e-45
2218.25	1.1222176392332891e-45
2218.375	1.2750449097884413e-45
2218.5	1.2476737078806248e-45
2218.625	1.2071383787466092e-45
2218.75	1.1491350822210248e-45
2218.875	1.2868455831169e-45
2219.0	1.3632609633484962e-45
2219.125	1.2128701269012254e-45
2219.25	1.125298490429961e-45
2219.375	1.1641344799422251e-45
2219.5	1.2249117315901207e-45
2219.625	1.1902821542171561e-45
2219.75	1.3144819459662248e-45
2219.875	1.3238199789295691e-45
2220.0	1.2913839496605607e-45
2220.125	1.3312588444164002e-45
2220.25	1.1967752789136e-45
2220.375	1.2019410170984405e-45
2220.5	1.2919548893630762e-45
2220.625	1.3232400033659558e-45
2220.75	1.2046258970138413e-45
2220.875	1.105899747215041e-45
2221.0	1.1937009107005287e-45
2221.125	1.061916283921249e-45
2221.25	1.1753326597656246e-45
2221.375	1.2516826980403842e-45
2221.5	1.133587958764804e-45
2221.625	1.051488797582224e-45
2221.75	1.2665374175180248e-45
2221.875	1.5219830367852012e-45
2222.0	1.3684544523611293e-45
2222.125	1.3243976068910759e-45
2222.25	1.2587835668356e-45
2222.375	1.3765051260435238e-45
2222.5	1.261451890421776e-45
2222.625	1.2427147846656002e-45
2222.75	1.272025179673444e-45
2222.875	1.2795308164808999e-45
2223.0	1.373986805059584e-45
2223.125	1.258358914956025e-45
2223.25	1.1365155303645159e-45
2223.375	1.1809996869369757e-45
2223.5	1.282355741900025e-45
2223.625	1.2185147062729e-45
2223.75	1.245207162225049e-45
2223.875	1.176470517680656e-45
2224.0	1.1328505300440248e-45
2224.125	1.0693018374327607e-45
2224.25	1.1444617957110251e-45
2224.375	1.4262999870337687e-45
2224.5	1.3212964008288807e-45
2224.625	1.1321953738683211e-45
2224.75	1.3149538936178486e-45
2224.875	1.2418301129521e-45
2225.0	1.2319819903592007e-45
2225.125	1.4403414762525608e-45
2225.25	1.414223871644224e-45
2225.375	1.2004376840128892e-45
2225.5	1.2051611495157613e-45
2225.625	1.434861899144041e-45
2225.75	1.2583341546760363e-45
2225.875	1.1573946924140159e-45
2226.0	1.1969191269173615e-45
2226.125	1.1886674593812487e-45
2226.25	1.2534895956690245e-45
2226.375	1.3304341601636886e-45
2226.5	1.3889694164544001e-45
2226.625	1.1418224222847692e-45
2226.75	8.974506079504001e-46
2226.875	9.277267403804487e-46
2227.0	1.0729116434089002e-45
2227.125	1.5345790850796158e-45
2227.25	1.426644512818704e-45
2227.375	1.3296822954064813e-45
2227.5	1.159208559311104e-45
2227.625	1.0984154960919035e-45
2227.75	1.2375122983938493e-45
2227.875	1.2445698105285212e-45
2228.0	1.4250853010912042e-45
2228.125	1.3561611256446491e-45
2228.25	1.4020612239156638e-45
2228.375	1.3476207961020251e-45
2228.5	1.684325759329444e-45
2228.625	1.3726756018317691e-45
2228.75	1.0860592460005693e-45
2228.875	1.236076385462884e-45
2229.0	1.128967257611664e-45
2229.125	9.872500196862251e-46
2229.25	1.1719987992430239e-45
2229.375	1.0919459196060249e-45
2229.5	1.0978119242300249e-45
2229.625	1.3340292386532247e-45
2229.75	1.5164731332864e-45
2229.875	1.390628078347876e-45
2230.0	1.3546159748916637e-45
2230.125	1.475803423618969e-45
2230.25	1.3975716804920995e-45
2230.375	1.433168803270656e-45
2230.5	1.436499142182976e-45
2230.625	1.3981740033872247e-45
2230.75	1.3483086081396838e-45
2230.875	1.3846262964614887e-45
2231.0	1.197999681585424e-45
2231.125	1.327862230744336e-45
2231.25	1.2853544313855998e-45
2231.375	1.493615034003856e-45
2231.5	1.354172362444561e-45
2231.625	1.122506021600041e-45
2231.75	1.0838075822402891e-45
2231.875	1.2931692833995691e-45
2232.0	1.3608203807114008e-45
2232.125	1.4628214584288008e-45
2232.25	1.4603876771703603e-45
2232.375	1.2553466906803836e-45
2232.5	1.2752210265961686e-45
2232.625	1.4447554627837207e-45
2232.75	1.5628442524806252e-45
2232.875	1.444050768446224e-45
2233.0	1.2781249202621292e-45
2233.125	1.0451966349090007e-45
2233.25	1.3815268298588158e-45
2233.375	1.407564006810256e-45
2233.5	1.417980059717776e-45
2233.625	1.2935599895490248e-45
2233.75	1.2270697234980248e-45
2233.875	1.213867687084816e-45
2234.0	1.1261076183557293e-45
2234.125	1.089978735810276e-45
2234.25	1.3108574916467558e-45
2234.375	1.2056399228502759e-45
2234.5	1.1253430392536888e-45
2234.625	1.2387639769742406e-45
2234.75	1.3682285847014758e-45
2234.875	1.509474096506401e-45
2235.0	1.2821600119366438e-45
2235.125	1.372840033044736e-45
2235.25	1.1747932424160488e-45
2235.375	1.4259034675327687e-45
2235.5	1.359930239981824e-45
2235.625	1.226428836404836e-45
2235.75	1.075645111226841e-45
2235.875	1.2022090929147692e-45
2236.0	1.2525474424744084e-45
2236.125	1.2636368424289e-45
2236.25	1.2729721312002253e-45
2236.375	1.239498909684324e-45
2236.5	1.3003290811257758e-45
2236.625	1.4168747681116088e-45
2236.75	1.091760481156401e-45
2236.875	1.209817854094096e-45
2237.0	1.3102183929697208e-45
2237.125	1.1842643423121639e-45
2237.25	1.3830042422252249e-45
2237.375	1.4414274068382252e-45
2237.5	1.1466333509006254e-45
2237.625	1.3178476193132413e-45
2237.75	1.3370474912355997e-45
2237.875	1.1643987839309437e-45
2238.0	1.2207939565790439e-45
2238.125	1.2582401529657613e-45
2238.25	1.2362440239086438e-45
2238.375	1.091846854127236e-45
2238.5	1.2561331665969606e-45
2238.625	1.1060456752802247e-45
2238.75	1.1834881778707688e-45
2238.875	1.3149293804220254e-45
2239.0	1.205326400631721e-45
2239.125	1.2515862563952247e-45
2239.25	1.1848435174611359e-45
2239.375	1.1903644047489641e-45
2239.5	1.2253080893688012e-45
2239.625	1.3638630120262557e-45
2239.75	1.2420557271817209e-45
2239.875	1.2984205451616087e-45
2240.0	1.2846316165305637e-45
2240.125	1.1641223334621692e-45
2240.25	1.2532087816747208e-45
2240.375	1.3366733775759363e-45
2240.5	1.0401764746222888e-45
2240.625	1.2846971360995838e-45
2240.75	1.4526328603232408e-45
2240.875	1.3861558496809956e-45
2241.0	1.2420316917008999e-45
2241.125	1.1789910432007213e-45
2241.25	1.4576923173891687e-45
2241.375	1.3054097062461158e-45
2241.5	1.1826833111665689e-45
2241.625	1.2748442400115212e-45
2241.75	1.2109256498994494e-45
2241.875	1.1938621263361001e-45
2242.0	1.2638962826397613e-45
2242.125	1.300035785008081e-45
2242.25	1.2736096472782237e-45
2242.375	1.370759396917824e-45
2242.5	1.3329753537042249e-45
2242.625	1.204626105260176e-45
2242.75	1.2135062078930558e-45
2242.875	1.3272232256556248e-45
2243.0	1.4425036438536358e-45
2243.125	1.495268746377025e-45
2243.25	1.3459491029780407e-45
2243.375	1.1325704467718558e-45
2243.5	1.3057810814616493e-45
2243.625	1.3048143442617958e-45
2243.75	1.2942701296331557e-45
2243.875	1.409869350843529e-45
2244.0	1.2615131933773688e-45
2244.125	1.1831275362176413e-45
2244.25	1.2189700088900009e-45
2244.375	1.1865887818224038e-45
2244.5	1.0171353195684806e-45
2244.625	1.0919483649081638e-45
2244.75	1.2741041836032159e-45
2244.875	1.3396293944987038e-45
2245.0	1.2783156225315997e-45
2245.125	1.2120945302619037e-45
2245.25	1.4677638296968358e-45
2245.375	1.4589642090320997e-45
2245.5	1.1727469417244492e-45
2245.625	1.141324264147081e-45
2245.75	1.3293462569604007e-45
2245.875	1.4077056014764088e-45
2246.0	1.4432260437342247e-45
2246.125	1.296968796983209e-45
2246.25	1.321134141013281e-45
2246.375	1.2868950160757613e-45
2246.5	1.293857518193361e-45
2246.625	1.1917813262185956e-45
2246.75	1.2514147508662808e-45
2246.875	1.4052582999006244e-45
2247.0	1.6283710654863998e-45
2247.125	1.5135776273256252e-45
2247.25	1.148613640787209e-45
2247.375	1.2770481163561001e-45
2247.5	1.3557548169717758e-45
2247.625	1.3605489627843999e-45
2247.75	1.4391563326537958e-45
2247.875	1.2890161460426405e-45
2248.0	1.221558560443204e-45
2248.125	1.0973192881560999e-45
2248.25	9.095634111429608e-46
2248.375	1.1051530974086493e-45
2248.5	1.4823685053685212e-45
2248.625	1.369938258706329e-45
2248.75	1.2664011174408999e-45
2248.875	1.3065456779612412e-45
2249.0	1.1700705492144362e-45
2249.125	1.1863388482928999e-45
2249.25	1.3199226689476e-45
2249.375	1.3916525796195997e-45
2249.5	1.3599207994268158e-45
2249.625	1.3443792030137289e-45
2249.75	1.4963706980684005e-45
2249.875	1.478168656347681e-45
2250.0	1.2874017407051605e-45
2250.125	1.320805362808996e-45
2250.25	1.5512119387431842e-45
2250.375	1.4045761983609758e-45
2250.5	1.2279540287306247e-45
2250.625	1.3731962726955689e-45
2250.75	1.223555486092164e-45
2250.875	1.3232157768170887e-45
2251.0	1.4120512958074412e-45
2251.125	1.2550915305074408e-45
2251.25	1.2635349648601685e-45
2251.375	1.3775236703800358e-45
2251.5	1.482407392177936e-45
2251.625	1.6363715853680997e-45
2251.75	1.594403063220529e-45
2251.875	1.5367714796123292e-45
2252.0	1.436651508950596e-45
2252.125	1.3141018677948494e-45
2252.25	1.2326622443041e-45
2252.375	1.214110886680836e-45
2252.5	1.253853086204944e-45
2252.625	1.3458176927105436e-45
2252.75	1.5845404847263688e-45
2252.875	1.7082745411132845e-45
2253.0	1.5035456043364002e-45
2253.125	1.425830664989929e-45
2253.25	1.3730187029072893e-45
2253.375	1.4411179235194807e-45
2253.5	1.5175111130100252e-45
2253.625	1.4641582615910404e-45
2253.75	1.2755622250201961e-45
2253.875	1.1339796953982249e-45
2254.0	1.1214109149006758e-45
2254.125	1.3659792861506491e-45
2254.25	1.4351183552979363e-45
2254.375	1.3132537419786491e-45
2254.5	1.3272042815642247e-45
2254.625	1.3136505147964891e-45
2254.75	1.3655638229032959e-45
2254.875	1.1640459758619242e-45
2255.0	1.046877862562064e-45
2255.125	1.2163778553388807e-45
2255.25	1.2903767928942253e-45
2255.375	1.2294596915771039e-45
2255.5	1.3443742164726807e-45
2255.625	1.4578836041465646e-45
2255.75	1.3336589803356157e-45
2255.875	1.3083795825409e-45
2256.0	1.4015746425121004e-45
2256.125	1.456066314282969e-45
2256.25	1.4006946973327358e-45
2256.375	1.3269047643036159e-45
2256.5	1.2135027940246891e-45
2256.625	1.1369621940768999e-45
2256.75	9.38972857016896e-46
2256.875	1.168584005655364e-45
2257.0	1.244119556982241e-45
2257.125	1.0209869237289959e-45
2257.25	1.0382492929593756e-45
2257.375	1.3325493168099997e-45
2257.5	1.3355794175363998e-45
2257.625	1.2602595140179558e-45
2257.75	1.483000614004009e-45
2257.875	1.4890391463249e-45
2258.0	1.3903824152602238e-45
2258.125	1.3850934028866487e-45
2258.25	1.5941617355720247e-45
2258.375	1.2886121985900251e-45
2258.5	1.0926529242006011e-45
2258.625	1.2653579352969e-45
2258.75	1.1900225178702087e-45
2258.875	1.296341014429696e-45
2259.0	1.4730587886807042e-45
2259.125	1.3454224733600009e-45
2259.25	1.3391018803750811e-45
2259.375	1.2699382515332488e-45
2259.5	1.2699066067910009e-45
2259.625	1.2358223476902245e-45
2259.75	1.1589037211556247e-45
2259.875	1.3008257479094438e-45
2260.0	1.491068875438321e-45
2260.125	1.6969805686917762e-45
2260.25	1.466942165063761e-45
2260.375	1.1717958661020157e-45
2260.5	1.151956046868484e-45
2260.625	1.5541543213996962e-45
2260.75	1.493972079244225e-45
2260.875	1.4025478897672366e-45
2261.0	1.5020706329811355e-45
2261.125	1.3919308877880999e-45
2261.25	1.2673921114034008e-45
2261.375	1.141986313850944e-45
2261.5	1.179279418247044e-45
2261.625	1.3911813099228489e-45
2261.75	1.3602123654372489e-45
2261.875	1.2477350990104358e-45
2262.0	1.1293059721019042e-45
2262.125	1.2792720655495687e-45
2262.25	1.410298259307844e-45
2262.375	1.2257719415726757e-45
2262.5	1.0928449839384363e-45
2262.625	1.1312769667605206e-45
2262.75	1.121644468703521e-45
2262.875	1.2942569624630888e-45
2263.0	1.3007689069982757e-45
2263.125	1.1333283871932487e-45
2263.25	1.2792954572176e-45
2263.375	1.3641465053973158e-45
2263.5	1.364711807304036e-45
2263.625	1.2926623596609958e-45
2263.75	1.4389991292761634e-45
2263.875	1.5591888944723557e-45
2264.0	1.6685191548951207e-45
2264.125	1.4330014792600358e-45
2264.25	1.3912248003638761e-45
2264.375	1.5178880673668883e-45
2264.5	1.3650734196099999e-45
2264.625	1.358983323800881e-45
2264.75	1.243775607443209e-45
2264.875	1.2918822120741685e-45
2265.0	1.2731722967716e-45
2265.125	1.629230780240361e-45
2265.25	2.0777618447957287e-45
2265.375	1.5663047346586237e-45
2265.5	1.2567624112140247e-45
2265.625	1.3345976183010253e-45
2265.75	1.1960484909163561e-45
2265.875	1.4480707649256244e-45
2266.0	1.3993199340252252e-45
2266.125	1.3612232416680807e-45
2266.25	1.1943627035598088e-45
2266.375	1.263426551162944e-45
2266.5	1.2000861086230806e-45
2266.625	1.370104598725776e-45
2266.75	1.2732880503182441e-45
2266.875	1.5335408442024998e-45
2267.0	1.902973283178724e-45
2267.125	1.3989230687524e-45
2267.25	1.6768005360500252e-45
2267.375	1.6595953988494238e-45
2267.5	1.3395556080035998e-45
2267.625	1.2414183370102892e-45
2267.75	1.3557354494179688e-45
2267.875	1.438100761445401e-45
2268.0	1.2385322568273693e-45
2268.125	1.0857869854435243e-45
2268.25	1.1465700298816e-45
2268.375	1.2194761711580013e-45
2268.5	1.4368291287698415e-45
2268.625	1.420421072448676e-45
2268.75	1.2790351564872012e-45
2268.875	1.164727960428321e-45
2269.0	1.2649303975396002e-45
2269.125	1.1683882730730251e-45
2269.25	1.428567474996025e-45
2269.375	1.622940927919081e-45
2269.5	1.2606156055122011e-45
2269.625	1.2528595428115362e-45
2269.75	1.251750343847056e-45
2269.875	1.2130546435763557e-45
2270.0	1.400758845984369e-45
2270.125	1.3798779152372638e-45
2270.25	1.3223859513906252e-45
2270.375	1.0981627007774438e-45
2270.5	1.1269434229204839e-45
2270.625	1.2636898801090558e-45
2270.75	1.4528059766388634e-45
2270.875	1.4189391714784808e-45
2271.0	1.2429764399686409e-45
2271.125	1.5034332348051612e-45
2271.25	1.4485521820225e-45
2271.375	1.2485995390387835e-45
2271.5	1.3258625824608158e-45
2271.625	1.3441798952374812e-45
2271.75	1.2308955463426408e-45
2271.875	1.2198923951337642e-45
2272.0	1.428928150959556e-45
2272.125	1.4168286201346563e-45
2272.25	1.2801372703480357e-45
2272.375	1.3590024933518013e-45
2272.5	1.4660197998950438e-45
2272.625	1.3738412825832246e-45
2272.75	1.4315710685876642e-45
2272.875	1.320844468043776e-45
2273.0	1.2696103484544638e-45
2273.125	1.2427247962992039e-45
2273.25	1.371506712431881e-45
2273.375	1.435591552418401e-45
2273.5	1.2673864153376407e-45
2273.625	1.4173350092001002e-45
2273.75	1.456951495561156e-45
2273.875	1.2388912492647694e-45
2274.0	1.3154006830132091e-45
2274.125	1.250721278029444e-45
2274.25	1.220769498798144e-45
2274.375	1.3518457471770252e-45
2274.5	1.464544603658161e-45
2274.625	1.7024734218816e-45
2274.75	1.5384978572160997e-45
2274.875	1.4628110553043688e-45
2275.0	1.4252547294821162e-45
2275.125	1.416401429441881e-45
2275.25	1.376787629697921e-45
2275.375	1.3783320052992361e-45
2275.5	1.342436032854361e-45
2275.625	1.1636870809281643e-45
2275.75	1.3003682426631611e-45
2275.875	1.286516795594209e-45
2276.0	1.1426132653689687e-45
2276.125	1.1214258503638091e-45
2276.25	1.3640453810102246e-45
2276.375	1.544450464453009e-45
2276.5	1.4589963705697207e-45
2276.625	1.5096668860426236e-45
2276.75	1.610358631767076e-45
2276.875	1.3373570740314491e-45
2277.0	1.290298987415824e-45
2277.125	1.4827927456743037e-45
2277.25	1.2925923229696e-45
2277.375	1.2134012162202807e-45
2277.5	1.3732099095814088e-45
2277.625	1.5082327211847835e-45
2277.75	1.3498470722702251e-45
2277.875	1.216498531398921e-45
2278.0	1.240715100173796e-45
2278.125	1.484141569095364e-45
2278.25	1.4829197446378093e-45
2278.375	1.3567004605622244e-45
2278.5	1.3556637980356e-45
2278.625	1.2247990382426408e-45
2278.75	1.149644978152225e-45
2278.875	1.338599934481924e-45
2279.0	1.3019762497364637e-45
2279.125	1.4086592059878806e-45
2279.25	1.496735268401569e-45
2279.375	1.3012481263154886e-45
2279.5	1.3978926041136042e-45
2279.625	1.466363575438129e-45
2279.75	1.4374910355190812e-45
2279.875	1.235917687895641e-45
2280.0	1.1376189976176639e-45
2280.125	1.0326946021403557e-45
2280.25	1.236662185099264e-45
2280.375	1.5070413135969005e-45
2280.5	1.501464231607824e-45
2280.625	1.6520249669121003e-45
2280.75	1.4445977258424957e-45
2280.875	1.3982310644131837e-45
2281.0	1.3268077253383838e-45
2281.125	1.4416046382039605e-45
2281.25	1.2783488735400251e-45
2281.375	1.356771402646884e-45
2281.5	1.399400136822249e-45
2281.625	1.2550694239876814e-45
2281.75	1.4196392196100006e-45
2281.875	1.482986827546624e-45
2282.0	1.557906081961761e-45
2282.125	1.460400593875344e-45
2282.25	1.4513848377320252e-45
2282.375	1.3167563842310444e-45
2282.5	1.472097668805625e-45
2282.625	1.6246962491654407e-45
2282.75	1.359338867239369e-45
2282.875	1.2612834747898088e-45
2283.0	1.2234064086095289e-45
2283.125	1.3183024521492247e-45
2283.25	1.3924335544862757e-45
2283.375	1.4952441531817687e-45
2283.5	1.316467989850896e-45
2283.625	1.484551267515625e-45
2283.75	1.673943449133316e-45
2283.875	1.5536442326944366e-45
2284.0	1.4656641200240488e-45
2284.125	1.3247471413497762e-45
2284.25	1.3556282307864489e-45
2284.375	1.593605521760121e-45
2284.5	1.4755236133770253e-45
2284.625	1.3875129579422252e-45
2284.75	1.200988709120656e-45
2284.875	1.421556551496225e-45
2285.0	1.4133803406924012e-45
2285.125	1.452571955714884e-45
2285.25	1.4423478528450248e-45
2285.375	1.3041075282800406e-45
2285.5	1.2134627336832642e-45
2285.625	1.0548373076710809e-45
2285.75	1.1482632324770892e-45
2285.875	1.2562840830336041e-45
2286.0	1.2544590208656488e-45
2286.125	1.4202104016910408e-45
2286.25	1.525913593947136e-45
2286.375	1.3163308430630759e-45
2286.5	1.2483575024026087e-45
2286.625	1.292097590086081e-45
2286.75	1.4459543167984362e-45
2286.875	1.441770413305104e-45
2287.0	1.413228310799041e-45
2287.125	1.2949670059225002e-45
2287.25	1.2694820779632639e-45
2287.375	1.1801916819507239e-45
2287.5	1.3212820064102486e-45
2287.625	1.4925424544329688e-45
2287.75	1.5354458864747557e-45
2287.875	1.4284159154720997e-45
2288.0	1.3658619803049e-45
2288.125	1.2961118904149158e-45
2288.25	1.278762437804944e-45
2288.375	1.4486114037543838e-45
2288.5	1.409122690588089e-45
2288.625	1.3090351651092809e-45
2288.75	1.217102489904016e-45
2288.875	1.1853446105995559e-45
2289.0	1.3973195734246443e-45
2289.125	1.2323094913987559e-45
2289.25	1.0974008454156809e-45
2289.375	1.490532029693281e-45
2289.5	1.461074405344009e-45
2289.625	1.3925622953366013e-45
2289.75	1.340571375626596e-45
2289.875	1.1412821027396891e-45
2290.0	1.2808812955176038e-45
2290.125	1.4354819789400245e-45
2290.25	1.4016871822267693e-45
2290.375	1.4056526884412248e-45
2290.5	1.545374455185001e-45
2290.625	1.2816131501406252e-45
2290.75	1.4039071516250008e-45
2290.875	1.454697511407009e-45
2291.0	1.4820282482943998e-45
2291.125	1.6521859254680997e-45
2291.25	1.796652173920356e-45
2291.375	1.619989648319025e-45
2291.5	1.5733606960033204e-45
2291.625	1.4345025960295842e-45
2291.75	1.508567894242369e-45
2291.875	1.4149560832736042e-45
2292.0	1.500912190425664e-45
2292.125	1.5371745776851234e-45
2292.25	1.353055152074404e-45
2292.375	1.228147749513721e-45
2292.5	1.3199108978140838e-45
2292.625	1.0148997965300639e-45
2292.75	1.0304295168924159e-45
2292.875	1.3167150172186238e-45
2293.0	1.3475293898640997e-45
2293.125	1.062719315589376e-45
2293.25	1.2432013120835997e-45
2293.375	1.546365493413316e-45
2293.5	1.5640669255377962e-45
2293.625	1.2865703112768491e-45
2293.75	1.089684395495424e-45
2293.875	1.0926223152062442e-45
2294.0	1.126567470526884e-45
2294.125	1.2877199475842245e-45
2294.25	1.372500807209284e-45
2294.375	1.1282867564003997e-45
2294.5	1.3508822439225e-45
2294.625	1.4182859941790442e-45
2294.75	1.534589348607225e-45
2294.875	1.531720658663209e-45
2295.0	1.3462614023592251e-45
2295.125	1.3492507701582009e-45
2295.25	1.4264130618374562e-45
2295.375	1.275083974389124e-45
2295.5	1.1707590863514493e-45
2295.625	1.2189244817838009e-45
2295.75	1.1404657844330893e-45
2295.875	1.1748954534555039e-45
2296.0	1.3438596991508642e-45
2296.125	1.5368426706822246e-45
2296.25	1.4657225419795358e-45
2296.375	1.3740382549924838e-45
2296.5	1.183501869851844e-45
2296.625	1.2920264184633611e-45
2296.75	1.303744406974801e-45
2296.875	1.3448839914756e-45
2297.0	1.4711383200872407e-45
2297.125	1.523046784117824e-45
2297.25	1.3563882784973287e-45
2297.375	1.3985402462318436e-45
2297.5	1.3832283508012838e-45
2297.625	1.3088835004650249e-45
2297.75	1.4352333702566765e-45
2297.875	1.4656624355288412e-45
2298.0	1.409765644547716e-45
2298.125	1.2018026223506246e-45
2298.25	1.2651044628462488e-45
2298.375	1.4615871871040998e-45
2298.5	1.2822730221455998e-45
2298.625	1.2125225854770249e-45
2298.75	1.3574140912962007e-45
2298.875	1.247653715468164e-45
2299.0	1.322226897303844e-45
2299.125	1.4839544997369e-45
2299.25	1.490300394239281e-45
2299.375	1.4349215222081638e-45
2299.5	1.339013032245729e-45
2299.625	1.167522884493156e-45
2299.75	1.336157923608036e-45
2299.875	1.460960194255081e-45
2300.0	1.574819300424049e-45
2300.125	1.2981344541146887e-45
2300.25	1.1554332214888955e-45
2300.375	1.161783884672401e-45
2300.5	1.228117891407169e-45
2300.625	1.4401625009777287e-45
2300.75	1.3785787550330889e-45
2300.875	1.3228885582562251e-45
2301.0	1.3195465999180963e-45
2301.125	1.5322149231292885e-45
2301.25	1.6893873100526492e-45
2301.375	1.5782700451378092e-45
2301.5	1.3525044060409212e-45
2301.625	1.2831079336860159e-45
2301.75	1.170659587299409e-45
2301.875	1.0935855470540252e-45
2302.0	1.197555441449796e-45
2302.125	1.1959518653563691e-45
2302.25	1.1932234086803559e-45
2302.375	1.2946794965390248e-45
2302.5	1.3908838326480248e-45
2302.625	1.320405403288689e-45
2302.75	1.562810333500816e-45
2302.875	1.612361062574656e-45
2303.0	1.514442914232336e-45
2303.125	1.404431913014001e-45
2303.25	1.3368021469130245e-45
2303.375	1.3873545782896813e-45
2303.5	1.2597172013250249e-45
2303.625	1.3970284674003362e-45
2303.75	1.3452252155453443e-45
2303.875	1.2135664042383999e-45
2304.0	1.3402937108404842e-45
2304.125	1.448084920871521e-45
2304.25	1.5778744640110234e-45
2304.375	1.275574653875344e-45
2304.5	1.2682884043633691e-45
2304.625	1.4370764350816808e-45
2304.75	1.2539098133269213e-45
2304.875	1.301893765515225e-45
2305.0	1.5170089435424008e-45
2305.125	1.3200656706132639e-45
2305.25	1.3490642507521001e-45
2305.375	1.3552136085270758e-45
2305.5	1.5287240594078012e-45
2305.625	1.4135609526066087e-45
2305.75	1.1949135772204835e-45
2305.875	1.4507358128526762e-45
2306.0	1.2818455002368999e-45
2306.125	1.293505249731556e-45
2306.25	1.458086435270404e-45
2306.375	1.3942662650156253e-45
2306.5	1.3540085378910252e-45
2306.625	1.2750889021417693e-45
2306.75	1.3331414790840995e-45
2306.875	1.450031489159841e-45
2307.0	1.6002149672199692e-45
2307.125	1.3101903042956009e-45
2307.25	1.2197315268690248e-45
2307.375	1.3285619679091356e-45
2307.5	1.5527827119724965e-45
2307.625	1.3739177865616087e-45
2307.75	1.1908866101006245e-45
2307.875	1.2610548424595563e-45
2308.0	1.584036418002025e-45
2308.125	1.4090663086510238e-45
2308.25	1.1674492172179359e-45
2308.375	1.3764565979943838e-45
2308.5	1.249081562153104e-45
2308.625	1.1110582895166812e-45
2308.75	1.0986643429632358e-45
2308.875	1.3773913956741757e-45
2309.0	1.351067051114496e-45
2309.125	1.377910584367524e-45
2309.25	1.3701839598720159e-45
2309.375	1.524513274440256e-45
2309.5	1.552047416137089e-45
2309.625	1.2815804294922237e-45
2309.75	1.2788365331589758e-45
2309.875	1.2671120937243238e-45
2310.0	1.2999904269443999e-45
2310.125	1.443355287978256e-45
2310.25	1.294683094707025e-45
2310.375	1.441992094492041e-45
2310.5	1.5667377322334446e-45
2310.625	1.5041679392288155e-45
2310.75	1.4157538032620155e-45
2310.875	1.367869883325625e-45
2311.0	1.7253558479844087e-45
2311.125	1.478781795124624e-45
2311.25	1.165026805335121e-45
2311.375	1.330305187275801e-45
2311.5	1.276755671231524e-45
2311.625	1.563608831740036e-45
2311.75	1.250546295468096e-45
2311.875	1.0873101980257692e-45
2312.0	1.0439408172653285e-45
2312.125	1.1173270916322491e-45
2312.25	1.3189411948729e-45
2312.375	1.390056687839296e-45
2312.5	1.1261010410900411e-45
2312.625	1.221569045706304e-45
2312.75	1.3367739940864e-45
2312.875	1.453145759782201e-45
2313.0	1.557554973788641e-45
2313.125	1.486631684400769e-45
2313.25	1.3935458478715289e-45
2313.375	1.213930888763121e-45
2313.5	1.1509390752930489e-45
2313.625	1.2991184656777959e-45
2313.75	1.4567195073300255e-45
2313.875	1.2888426692070248e-45
2314.0	1.2711804051826891e-45
2314.125	1.2167205770364842e-45
2314.25	1.2027499120692244e-45
2314.375	1.3265391382392246e-45
2314.5	1.2701435242993293e-45
2314.625	1.3306878202168358e-45
2314.75	1.5507128867444643e-45
2314.875	1.469199939060736e-45
2315.0	1.4328954114960247e-45
2315.125	1.3448129207994808e-45
2315.25	1.378751856876304e-45
2315.375	1.2798426829623213e-45
2315.5	1.2091773855399842e-45
2315.625	1.3769439207680252e-45
2315.75	1.5374582128892247e-45
2315.875	1.6241529492099608e-45
2316.0	1.5631535726071692e-45
2316.125	1.419406227800064e-45
2316.25	1.3008494800786812e-45
2316.375	1.3239181456905961e-45
2316.5	1.25016694929e-45
2316.625	1.1675045016252249e-45
2316.75	1.2693062866556248e-45
2316.875	1.387674848274064e-45
2317.0	1.3123235107120359e-45
2317.125	1.4795719956920248e-45
2317.25	1.548534413422084e-45
2317.375	1.479224982961636e-45
2317.5	1.4143540671942008e-45
2317.625	1.4083682721022892e-45
2317.75	1.444218280248384e-45
2317.875	1.421387116858944e-45
2318.0	1.3367633180270759e-45
2318.125	1.410818880035161e-45
2318.25	1.585250230670401e-45
2318.375	1.3477475218457612e-45
2318.5	1.1222433000099999e-45
2318.625	1.193630291592025e-45
2318.75	1.2917685635571237e-45
2318.875	1.3310694136629758e-45
2319.0	1.3095020087097634e-45
2319.125	1.2622077327189689e-45
2319.25	1.6472978315648885e-45
2319.375	1.7079272933639288e-45
2319.5	1.3796358036156007e-45
2319.625	1.2518409185004958e-45
2319.75	1.2260730548862757e-45
2319.875	1.3246360598025002e-45
2320.0	1.1976751109982491e-45
2320.125	1.5639289841577642e-45
2320.25	1.4104720642875043e-45
2320.375	1.1499374734899841e-45
2320.5	1.1275449428920961e-45
2320.625	1.030151739584529e-45
2320.75	1.2035879433452252e-45
2320.875	1.318930444994724e-45
2321.0	1.3024439262145442e-45
2321.125	1.2595227099600248e-45
2321.25	1.249214170162176e-45
2321.375	1.2527466328939207e-45
2321.5	1.4626500410736637e-45
2321.625	1.4693753430346245e-45
2321.75	1.4917688042369292e-45
2321.875	1.554342846774025e-45
2322.0	1.424879644866084e-45
2322.125	1.343335311068521e-45
2322.25	1.4756983956324006e-45
2322.375	1.3538173481820488e-45
2322.5	1.2241297746043564e-45
2322.625	1.2103681747997161e-45
2322.75	1.4583516032568995e-45
2322.875	1.595109742380625e-45
2323.0	1.2211489713833642e-45
2323.125	1.410701542320249e-45
2323.25	1.6150309767527034e-45
2323.375	1.6963912100529003e-45
2323.5	1.5783150963841956e-45
2323.625	1.3188628234548006e-45
2323.75	1.2000453003888997e-45
2323.875	1.2113409690969756e-45
2324.0	1.405164134699361e-45
2324.125	1.5340610957364642e-45
2324.25	1.4664057747676834e-45
2324.375	1.313374057693009e-45
2324.5	1.3559412091334494e-45
2324.625	1.5148562286917158e-45
2324.75	1.4403480798787242e-45
2324.875	1.6388975788899998e-45
2325.0	1.5346485800172806e-45
2325.125	1.4697764043015685e-45
2325.25	1.4242373289867608e-45
2325.375	1.3265763614624161e-45
2325.5	1.5089313058512245e-45
2325.625	1.6494259222656245e-45
2325.75	1.435394611106404e-45
2325.875	1.356549963402384e-45
2326.0	1.3262614010083838e-45
2326.125	1.417239235552644e-45
2326.25	1.4639069523153687e-45
2326.375	1.3269959054820244e-45
2326.5	1.4192033174592247e-45
2326.625	1.3617597443168412e-45
2326.75	1.3048781368714093e-45
2326.875	1.2460601363789288e-45
2327.0	1.5210131040282238e-45
2327.125	1.545099131447001e-45
2327.25	1.515270767337441e-45
2327.375	1.578373735477504e-45
2327.5	1.2884026389942762e-45
2327.625	1.3555923694569e-45
2327.75	1.3695352203018242e-45
2327.875	1.2752568085046438e-45
2328.0	1.4041803120912358e-45
2328.125	1.2809240999999998e-45
2328.25	1.4520571760334242e-45
2328.375	1.671399002266009e-45
2328.5	1.4271429817821158e-45
2328.625	1.3847199198306246e-45
2328.75	1.3519609052984408e-45
2328.875	1.5304466163719285e-45
2329.0	1.556240090725681e-45
2329.125	1.4799608275270808e-45
2329.25	1.344575665423936e-45
2329.375	1.1875137923436838e-45
2329.5	1.2089825242214759e-45
2329.625	1.4334234422152412e-45
2329.75	1.365570844084161e-45
2329.875	1.2686151394053757e-45
2330.0	1.1862265658896004e-45
2330.125	1.2973776539186411e-45
2330.25	1.2354642922855839e-45
2330.375	1.3887678736629756e-45
2330.5	1.6257342529560248e-45
2330.625	1.1963142486261762e-45
2330.75	1.6210299323842566e-45
2330.875	1.5013526373332638e-45
2331.0	1.473331456e-45
2331.125	1.3998985379875242e-45
2331.25	1.2266603322115211e-45
2331.375	1.3954849313160996e-45
2331.5	1.6483715304201637e-45
2331.625	1.5113565938689e-45
2331.75	1.3962906711827286e-45
2331.875	1.4539270228560253e-45
2332.0	1.2922365601268639e-45
2332.125	1.4824571372361e-45
2332.25	1.589134987969936e-45
2332.375	1.4259835977912037e-45
2332.5	1.3304103055441002e-45
2332.625	1.3951593537562236e-45
2332.75	1.5071854968651692e-45
2332.875	1.4059290183183995e-45
2333.0	1.322903688858049e-45
2333.125	1.3399503308302237e-45
2333.25	1.364951202000516e-45
2333.375	1.2938152894867359e-45
2333.5	1.3459122693023288e-45
2333.625	1.3239402682800998e-45
2333.75	1.6822560645492248e-45
2333.875	1.579884345522081e-45
2334.0	1.3538341264152247e-45
2334.125	1.4376103920838888e-45
2334.25	1.6099703643180962e-45
2334.375	1.465118470781956e-45
2334.5	1.494161015875641e-45
2334.625	1.697050187982361e-45
2334.75	1.7804197128003994e-45
2334.875	1.440677521362564e-45
2335.0	1.391235691729984e-45
2335.125	1.3651920217350253e-45
2335.25	1.3099234769082249e-45
2335.375	1.5804154997136e-45
2335.5	1.690022562493456e-45
2335.625	1.3297837424399997e-45
2335.75	1.3864897584176039e-45
2335.875	1.4836224575523997e-45
2336.0	1.3658162272164011e-45
2336.125	1.4205375322203605e-45
2336.25	1.2556149875769639e-45
2336.375	1.2607470489999999e-45
2336.5	1.426504537119025e-45
2336.625	1.3337971729313439e-45
2336.75	1.3608746823012249e-45
2336.875	1.230149279898256e-45
2337.0	1.488343716167364e-45
2337.125	1.767258687578176e-45
2337.25	1.4560031245968814e-45
2337.375	1.444893746250564e-45
2337.5	1.7661841716880355e-45
2337.625	1.484212917434256e-45
2337.75	1.528790137264516e-45
2337.875	1.4002933712040359e-45
2338.0	1.3483857198183837e-45
2338.125	1.3280305881597161e-45
2338.25	1.3221455194197613e-45
2338.375	1.2129308647026485e-45
2338.5	1.523492652419136e-45
2338.625	1.4082628197415837e-45
2338.75	1.237818720291904e-45
2338.875	1.1712684179924008e-45
2339.0	1.1169106369653688e-45
2339.125	1.1223472191054007e-45
2339.25	1.2222714510780007e-45
2339.375	1.272605094835281e-45
2339.5	1.4480421488162008e-45
2339.625	1.554042520451716e-45
2339.75	1.4440533524928035e-45
2339.875	1.2523811086660085e-45
2340.0	1.2824138263696359e-45
2340.125	1.510660324121796e-45
2340.25	1.5926930814564808e-45
2340.375	1.5168903078201758e-45
2340.5	1.331028625060225e-45
2340.625	1.3728875339350093e-45
2340.75	1.6515632707249e-45
2340.875	1.4577947936042407e-45
2341.0	1.3805279105679357e-45
2341.125	1.4876334833019038e-45
2341.25	1.6052227350833608e-45
2341.375	1.807201020148969e-45
2341.5	1.6792560665405287e-45
2341.625	1.820572304467225e-45
2341.75	1.4756340130963242e-45
2341.875	1.2871732645768088e-45
2342.0	1.332700959155329e-45
2342.125	1.386701264679844e-45
2342.25	1.118221962910276e-45
2342.375	1.1697099058444837e-45
2342.5	1.0615719969870758e-45
2342.625	1.428118942592521e-45
2342.75	1.427951686909504e-45
2342.875	1.306408687564176e-45
2343.0	1.3880110262404e-45
2343.125	1.4206853563204e-45
2343.25	1.1870318791822409e-45
2343.375	1.3742832113982759e-45
2343.5	1.466346420167409e-45
2343.625	1.4300530325457642e-45
2343.75	1.3689163072791612e-45
2343.875	1.3321371443901158e-45
2344.0	1.288075016416644e-45
2344.125	1.453713958015201e-45
2344.25	1.4351714676936487e-45
2344.375	1.193169245767524e-45
2344.5	1.287605621101284e-45
2344.625	1.615649440400164e-45
2344.75	1.5357004412641957e-45
2344.875	1.415253715940164e-45
2345.0	1.3974945955202412e-45
2345.125	1.3646155381342088e-45
2345.25	1.2687589674474491e-45
2345.375	1.2126964892592641e-45
2345.5	1.2039383657742244e-45
2345.625	1.4112952671840995e-45
2345.75	1.469749414710721e-45
2345.875	1.2821667437107359e-45
2346.0	1.4196596412136413e-45
2346.125	1.301898528312561e-45
2346.25	1.1669050534400639e-45
2346.375	1.282324372536249e-45
2346.5	1.3466246720682248e-45
2346.625	1.462751773499844e-45
2346.75	1.1792726188105212e-45
2346.875	1.2331136506555242e-45
2347.0	1.493651826475264e-45
2347.125	1.438805216475396e-45
2347.25	1.3252240587551286e-45
2347.375	1.416797227894689e-45
2347.5	1.329244316192809e-45
2347.625	1.361387059326441e-45
2347.75	1.5989872803009205e-45
2347.875	1.503267828912004e-45
2348.0	1.4986696571490252e-45
2348.125	1.5622050720676e-45
2348.25	1.5797067575256245e-45
2348.375	1.4447337971997158e-45
2348.5	1.3674008092946893e-45
2348.625	1.1144964636056247e-45
2348.75	1.2240083007889e-45
2348.875	1.4002843154591287e-45
2349.0	1.4307058119075838e-45
2349.125	1.507097060537104e-45
2349.25	1.3385718359040042e-45
2349.375	1.2261647267232249e-45
2349.5	1.3033307933989291e-45
2349.625	1.6454285229099243e-45
2349.75	1.6793675305275688e-45
2349.875	1.366753764154689e-45
2350.0	1.342381001236324e-45
2350.125	1.4991805528780093e-45
2350.25	1.5443919087575037e-45
2350.375	1.495904836871041e-45
2350.5	1.5708425414287357e-45
2350.625	1.6325893186279687e-45
2350.75	1.5050217650521e-45
2350.875	1.5011887407613288e-45
2351.0	1.3798309621977757e-45
2351.125	1.3291785453258011e-45
2351.25	1.4562700111432362e-45
2351.375	1.5963916367168995e-45
2351.5	1.3739229017291561e-45
2351.625	1.3209818497585961e-45
2351.75	1.567299451691689e-45
2351.875	1.4474104593431038e-45
2352.0	1.666016141893321e-45
2352.125	1.7097121799795554e-45
2352.25	1.623261215360656e-45
2352.375	1.5088332627522087e-45
2352.5	1.3393488995174559e-45
2352.625	1.365036103496025e-45
2352.75	1.3353182755880492e-45
2352.875	1.3760900681933443e-45
2353.0	1.366407232782916e-45
2353.125	1.355261613398884e-45
2353.25	1.3913332683363998e-45
2353.375	1.3305726962642557e-45
2353.5	1.3077293715766807e-45
2353.625	1.2512233068432249e-45
2353.75	1.6241088604547557e-45
2353.875	1.5642489320445688e-45
2354.0	1.434825156195396e-45
2354.125	1.3669983661894811e-45
2354.25	1.2843318535557758e-45
2354.375	1.3573556587668635e-45
2354.5	1.4099346855154088e-45
2354.625	1.5843887467931612e-45
2354.75	1.512359843243041e-45
2354.875	1.1838931912470011e-45
2355.0	1.2670522210883289e-45
2355.125	1.3369225127304006e-45
2355.25	1.3490566110040358e-45
2355.375	1.415342725923681e-45
2355.5	1.232399851435809e-45
2355.625	1.2323936728662247e-45
2355.75	1.3985687429382492e-45
2355.875	1.626412190097601e-45
2356.0	1.6063899672420252e-45
2356.125	1.5830678352062252e-45
2356.25	1.2984781274976036e-45
2356.375	1.4675725087702812e-45
2356.5	1.4721141670596e-45
2356.625	1.3149201699015838e-45
2356.75	1.2332241974132636e-45
2356.875	1.3699316704577439e-45
2357.0	1.626729593245696e-45
2357.125	1.5760699118640088e-45
2357.25	1.380768614103025e-45
2357.375	1.4855569133839293e-45
2357.5	1.4080892259852248e-45
2357.625	1.3880613968364158e-45
2357.75	1.2629396355310438e-45
2357.875	1.406304525528529e-45
2358.0	1.3964988129785641e-45
2358.125	1.5534752990508012e-45
2358.25	1.3026933158226493e-45
2358.375	1.1929651096129286e-45
2358.5	1.2344815060657207e-45
2358.625	1.4813746392769e-45
2358.75	1.5153863811852958e-45
2358.875	1.3226611731912807e-45
2359.0	1.1323197407016812e-45
2359.125	1.4395653899760248e-45
2359.25	1.4930570961694088e-45
2359.375	1.2879496924162557e-45
2359.5	1.381599161477161e-45
2359.625	1.4640783667787287e-45
2359.75	1.3535862165254559e-45
2359.875	1.387888978201924e-45
2360.0	1.424259142252164e-45
2360.125	1.2927755441153439e-45
2360.25	1.4087567160944643e-45
2360.375	1.4408820369383034e-45
2360.5	1.3369725326832247e-45
2360.625	1.480047156047161e-45
2360.75	1.5601923305329e-45
2360.875	1.579948658050624e-45
2361.0	1.4701037494926235e-45
2361.125	1.1678437537654411e-45
2361.25	1.4852399532937213e-45
2361.375	1.531118161545025e-45
2361.5	1.4993290836112412e-45
2361.625	1.4679815998055038e-45
2361.75	1.331072697209161e-45
2361.875	1.2590879270096408e-45
2362.0	1.5535938590790245e-45
2362.125	1.5331692340470247e-45
2362.25	1.3963371560840251e-45
2362.375	1.281076498352641e-45
2362.5	1.4037190648051207e-45
2362.625	1.6543972162155234e-45
2362.75	1.472297035293529e-45
2362.875	1.3470068553344639e-45
2363.0	1.4454328792848008e-45
2363.125	1.541425178736144e-45
2363.25	1.6588661034723998e-45
2363.375	1.3675347482776362e-45
2363.5	1.1926994479013607e-45
2363.625	1.2382412999544088e-45
2363.75	1.2819592842826811e-45
2363.875	1.4545234433862253e-45
2364.0	1.634799266887801e-45
2364.125	1.3197192246436e-45
2364.25	1.2542171252451838e-45
2364.375	1.280849801037444e-45
2364.5	1.3275214671882242e-45
2364.625	1.2804937971841437e-45
2364.75	1.1154334175910253e-45
2364.875	1.098391368592144e-45
2365.0	1.3625816026645693e-45
2365.125	1.6179860242948087e-45
2365.25	1.4697452742840484e-45
2365.375	1.3158088072982407e-45
2365.5	1.3011619137108838e-45
2365.625	1.0910268121830249e-45
2365.75	1.3764248400400002e-45
2365.875	1.3868291444240252e-45
2366.0	1.126652994185104e-45
2366.125	1.3573236798318759e-45
2366.25	1.5926909263950235e-45
2366.375	1.3720959103269686e-45
2366.5	1.4287519273572256e-45
2366.625	1.530250470349056e-45
2366.75	1.400009588556804e-45
2366.875	1.3944819484741687e-45
2367.0	1.4149429929699838e-45
2367.125	1.3671402720196002e-45
2367.25	1.2593104191916959e-45
2367.375	1.3728151343104e-45
2367.5	1.337817821220864e-45
2367.625	1.300711923067456e-45
2367.75	1.3318129848441689e-45
2367.875	1.346386156128225e-45
2368.0	1.3157544692889e-45
2368.125	1.3613314192506248e-45
2368.25	1.5428529602138887e-45
2368.375	1.461566083828356e-45
2368.5	1.6577378527169284e-45
2368.625	1.5927745757764e-45
2368.75	1.407356092415025e-45
2368.875	1.598168044684836e-45
2369.0	1.352997034139664e-45
2369.125	1.2474793008269289e-45
2369.25	1.4006790533686089e-45
2369.375	1.6089900328795235e-45
2369.5	1.459546914936289e-45
2369.625	1.5161643395820248e-45
2369.75	1.722817600758244e-45
2369.875	1.6591187154629612e-45
2370.0	1.5910389023332407e-45
2370.125	1.592609673660196e-45
2370.25	1.4727635810664042e-45
2370.375	1.481855940193924e-45
2370.5	1.2627912337790758e-45
2370.625	1.4462592229812252e-45
2370.75	1.2712478627209685e-45
2370.875	1.417447728086049e-45
2371.0	1.6323744502437164e-45
2371.125	1.3749481289658488e-45
2371.25	1.406908877158656e-45
2371.375	1.503512179972201e-45
2371.5	1.460807078896036e-45
2371.625	1.4978099724025e-45
2371.75	1.604910722227569e-45
2371.875	1.4952707571503612e-45
2372.0	1.4150727702072087e-45
2372.125	1.2493933718040809e-45
2372.25	1.0749122880810247e-45
2372.375	1.2409818994703288e-45
2372.5	1.4600151045007363e-45
2372.625	1.4011175665650246e-45
2372.75	1.2820230170118013e-45
2372.875	1.3114831295040247e-45
2373.0	1.5033352929454238e-45
2373.125	1.5785984492964e-45
2373.25	1.8160611519423613e-45
2373.375	4.9476989997739254e-45
2373.5	8.809711426363968e-45
2373.625	2.319948817227409e-45
2373.75	1.617323599585444e-45
2373.875	1.6050746574046885e-45
2374.0	1.414189349392681e-45
2374.125	1.3934920928630487e-45
2374.25	1.5575256902499998e-45
2374.375	1.418472643963456e-45
2374.5	1.5083936617459355e-45
2374.625	2.0544248821836957e-45
2374.75	1.6104373663650248e-45
2374.875	1.3442115723070811e-45
2375.0	1.1836899878016161e-45
2375.125	1.3350469284304357e-45
2375.25	1.367669581388289e-45
2375.375	1.1921100691408093e-45
2375.5	1.1672405969994091e-45
2375.625	1.5244247216299242e-45
2375.75	1.4646595670986413e-45
2375.875	1.2741379509147609e-45
2376.0	1.3004710174579358e-45
2376.125	1.2476864946312358e-45
2376.25	1.451547745267489e-45
2376.375	1.4776974879705606e-45
2376.5	1.2976596990259358e-45
2376.625	1.4235460331482807e-45
2376.75	1.3333409892633637e-45
2376.875	1.469808148057929e-45
2377.0	1.3558984946657293e-45
2377.125	1.5493295716025762e-45
2377.25	1.4890720235420155e-45
2377.375	1.588456177304481e-45
2377.5	1.570576133945025e-45
2377.625	1.5461376593958487e-45
2377.75	1.3975234554062246e-45
2377.875	1.200771361013904e-45
2378.0	1.550126902465801e-45
2378.125	1.6432162638528156e-45
2378.25	1.4937223981770245e-45
2378.375	1.252130354786116e-45
2378.5	1.364531757905761e-45
2378.625	1.1701658498899689e-45
2378.75	1.2082550277613685e-45
2378.875	1.3671281442924159e-45
2379.0	1.2712343853318759e-45
2379.125	1.3691328332220246e-45
2379.25	1.4415966648364954e-45
2379.375	1.490216623848976e-45
2379.5	1.607854495959721e-45
2379.625	1.4716008461025e-45
2379.75	1.4471523745999358e-45
2379.875	1.4928550153003245e-45
2380.0	1.399289933383056e-45
2380.125	1.5159110976982092e-45
2380.25	1.518743049870916e-45
2380.375	1.4041861577907838e-45
2380.5	1.2852103827285607e-45
2380.625	1.2477249259224999e-45
2380.75	1.2736003685014438e-45
2380.875	1.5218995509639607e-45
2381.0	1.5830074379246752e-45
2381.125	1.609966512374544e-45
2381.25	1.584368605840384e-45
2381.375	1.8614901621001e-45
2381.5	1.7907832476166088e-45
2381.625	1.3699562469264e-45
2381.75	1.3157284977127842e-45
2381.875	1.8884747798622247e-45
2382.0	1.7626826220505965e-45
2382.125	1.6682490003936158e-45
2382.25	1.8325533742388888e-45
2382.375	1.6061669710021685e-45
2382.5	1.383101157844624e-45
2382.625	1.6343351330019212e-45
2382.75	1.579507400262289e-45
2382.875	1.619306612690881e-45
2383.0	2.0349483686016038e-45
2383.125	1.3215144349696e-45
2383.25	1.4172305016388837e-45
2383.375	1.5339504115310405e-45
2383.5	1.315992287985664e-45
2383.625	1.281047578475625e-45
2383.75	1.251135301274881e-45
2383.875	1.3149470037912034e-45
2384.0	1.4920383306557434e-45
2384.125	1.5827328397806248e-45
2384.25	1.4763055658892834e-45
2384.375	1.530644965877764e-45
2384.5	1.5749716906435695e-45
2384.625	1.3907242165322247e-45
2384.75	1.260840150072721e-45
2384.875	1.546716203425969e-45
2385.0	1.499929786571329e-45
2385.125	1.508560669957636e-45
2385.25	2.2570604227609e-45
2385.375	2.13796859778436e-44
2385.5	2.14662789390625e-44
2385.625	2.2120065783366756e-45
2385.75	1.2150780725208998e-45
2385.875	1.200112991166609e-45
2386.0	1.448432981024656e-45
2386.125	1.6131117928549688e-45
2386.25	1.576205290908304e-45
2386.375	1.3474410701550492e-45
2386.5	1.2848577879775694e-45
2386.625	1.379185290363456e-45
2386.75	2.0345528598163238e-45
2386.875	9.238482494850626e-45
2387.0	7.290663459285923e-45
2387.125	1.6871914425900958e-45
2387.25	1.444924764011556e-45
2387.375	1.5391176539280997e-45
2387.5	1.3355583673652644e-45
2387.625	1.361854953215761e-45
2387.75	1.449259877169316e-45
2387.875	1.7522311353155994e-45
2388.0	1.7625739683204e-45
2388.125	1.652631691520329e-45
2388.25	1.5239057164452248e-45
2388.375	1.6517692377772962e-45
2388.5	1.3438466486881958e-45
2388.625	1.2084625536507039e-45
2388.75	1.4573911711788487e-45
2388.875	1.3915371607759687e-45
2389.0	1.590129589792041e-45
2389.125	1.442222679232449e-45
2389.25	1.2328458727290249e-45
2389.375	1.372792014259264e-45
2389.5	1.3612391064606758e-45
2389.625	1.2865309993800248e-45
2389.75	1.4595897801580846e-45
2389.875	1.3803235631224359e-45
2390.0	1.1537147665061291e-45
2390.125	9.898185573499236e-46
2390.25	1.1335436510596002e-45
2390.375	1.5344936875929957e-45
2390.5	1.6665655821352813e-45
2390.625	1.5841541484563558e-45
2390.75	1.4102872935792637e-45
2390.875	1.483825761570681e-45
2391.0	1.505887552458289e-45
2391.125	1.4067184890125158e-45
2391.25	1.4772886595731687e-45
2391.375	1.537366148166121e-45
2391.5	1.440471274438681e-45
2391.625	1.1864344647369639e-45
2391.75	1.264915246528609e-45
2391.875	1.2644715684292813e-45
2392.0	1.1598311610144364e-45
2392.125	1.3777599546397212e-45
2392.25	1.5669869506545958e-45
2392.375	1.570767792865569e-45
2392.5	1.611134343767844e-45
2392.625	1.3803782524473636e-45
2392.75	1.1764936358028087e-45
2392.875	1.2808992618604088e-45
2393.0	1.3380829385938558e-45
2393.125	1.424534728374081e-45
2393.25	1.8014609635916406e-45
2393.375	1.7788764691394408e-45
2393.5	1.6787208450624165e-45
2393.625	1.312288878878784e-45
2393.75	1.3778779187692838e-45
2393.875	1.3432235262001961e-45
2394.0	1.4621641454450248e-45
2394.125	1.746318264394729e-45
2394.25	1.8513118001581287e-45
2394.375	1.6104761324246436e-45
2394.5	1.597864952729809e-45
2394.625	1.4785986784076013e-45
2394.75	1.6224266003334493e-45
2394.875	1.9085508235372962e-45
2395.0	1.5195975714242562e-45
2395.125	1.3965915662580007e-45
2395.25	1.6649279788538408e-45
2395.375	1.6380595198107034e-45
2395.5	1.3372169418725285e-45
2395.625	1.2694039074030249e-45
2395.75	1.3697912482974807e-45
2395.875	1.5246696146923234e-45
2396.0	1.6777300377706088e-45
2396.125	1.5152759056370248e-45
2396.25	1.4690873272556248e-45
2396.375	1.673295600036096e-45
2396.5	1.570847138959396e-45
2396.625	1.6514493197287843e-45
2396.75	1.7254596930544092e-45
2396.875	1.6834586023207837e-45
2397.0	1.622572092632569e-45
2397.125	1.615293331066944e-45
2397.25	1.522071440622756e-45
2397.375	1.6971212917614237e-45
2397.5	1.7383227594672037e-45
2397.625	1.4303508115604412e-45
2397.75	1.696232725139716e-45
2397.875	1.7046576562499996e-45
2398.0	1.5336879343795838e-45
2398.125	1.232846364295744e-45
2398.25	1.5630238157292155e-45
2398.375	2.23119495724225e-44
2398.5	1.9447967700225e-43
2398.625	1.006815555347449e-43
2398.75	2.170092068557009e-45
2398.875	1.4585959426817608e-45
2399.0	1.503671007176809e-45
2399.125	1.7211063669159607e-45
2399.25	1.3951578596833443e-45
2399.375	1.2075715396993598e-44
2399.5	5.697943252332251e-44
2399.625	1.99336588432921e-44
2399.75	1.604440436588089e-45
2399.875	1.6401331190822488e-45
2400.0	1.483215352126225e-45
2400.125	1.5481133031370407e-45
2400.25	3.006065612104801e-45
2400.375	2.7323473478595996e-45
2400.5	1.3424710602240087e-45
2400.625	1.7506989882360253e-45
2400.75	1.7039825073383287e-45
2400.875	1.5353167362019235e-45
2401.0	1.3660943054683688e-45
2401.125	1.4800881668233962e-45
2401.25	1.4272526898840037e-45
2401.375	1.8101510540569e-45
2401.5	8.37857219608068e-45
2401.625	5.098611474411844e-45
2401.75	1.2655104009241685e-45
2401.875	1.5484427259660488e-45
2402.0	1.441826154760996e-45
2402.125	3.3040787326562485e-44
2402.25	9.894793068800999e-44
2402.375	1.9845382446849598e-44
2402.5	1.4884447950154236e-45
2402.625	1.3399121151361e-45
2402.75	1.410054770084416e-45
2402.875	1.3984742785923998e-45
2403.0	1.469043786203449e-45
2403.125	1.2198095816100096e-44
2403.25	8.899908246057961e-44
2403.375	5.701736884560999e-44
2403.5	3.3348705721038406e-44
2403.625	4.89676135532077e-45
2403.75	1.3872611638620251e-45
2403.875	1.0845832793921439e-45
2404.0	1.1189240419036839e-45
2404.125	1.5545725462126235e-45
2404.25	1.533430100449296e-45
2404.375	1.2032646284910249e-45
2404.5	1.462234657637329e-45
2404.625	1.847562101658729e-45
2404.75	1.609674018872049e-45
2404.875	1.589595210793984e-45
2405.0	1.449461574522025e-45
2405.125	1.6017594434281692e-45
2405.25	1.711257563287801e-45
2405.375	1.561802419965316e-45
2405.5	3.3926407831043995e-45
2405.625	8.079039437609527e-45
2405.75	2.917098679469584e-45
2405.875	1.2889441258894243e-45
2406.0	1.392451913687184e-45
2406.125	1.588441271404516e-45
2406.25	1.5902230615152013e-45
2406.375	1.2935220815626236e-45
2406.5	1.3362317626860158e-45
2406.625	3.4739777071306805e-45
2406.75	1.5860337025108898e-44
2406.875	6.859451052170807e-45
2407.0	1.504313769114256e-45
2407.125	1.5811682203768357e-45
2407.25	1.4719560945664002e-45
2407.375	1.3834344753134009e-45
2407.5	1.4805388611284408e-45
2407.625	1.488469486553344e-45
2407.75	1.4746543887104404e-45
2407.875	4.26072236057568e-45
2408.0	1.02277946921536e-44
2408.125	3.4247018229863033e-45
2408.25	1.6674282145640248e-45
2408.375	1.347341594647104e-45
2408.5	1.4462367094775608e-45
2408.625	1.5034349408674087e-45
2408.75	1.510134107877136e-45
2408.875	1.508227672512649e-45
2409.0	1.636647722983009e-45
2409.125	2.0138407464505687e-45
2409.25	4.083635457282241e-45
2409.375	2.567663947982884e-45
2409.5	1.561282542772624e-45
2409.625	1.3638005263089e-45
2409.75	1.6439202168217962e-45
2409.875	1.7502625264273207e-45
2410.0	1.4884566777924838e-45
2410.125	1.3722506012978013e-45
2410.25	2.392294920632464e-45
2410.375	2.0876854832928087e-45
2410.5	1.437543585162304e-45
2410.625	1.3800857960440356e-45
2410.75	1.3767530479721284e-45
2410.875	1.2273496256025e-45
2411.0	1.6390918235186012e-45
2411.125	1.5616437130990434e-45
2411.25	7.998377215720608e-45
2411.375	3.20923685121649e-44
2411.5	9.606228649276899e-45
2411.625	1.4024317952911356e-45
2411.75	1.451502483790921e-45
2411.875	1.3950111456231037e-45
2412.0	1.491116139790729e-45
2412.125	1.3579884623010247e-45
2412.25	1.2397533954574239e-45
2412.375	1.3644626817859556e-45
2412.5	1.5824969319720998e-45
2412.625	1.451194587324304e-45
2412.75	1.3492732503270246e-45
2412.875	1.502297677465225e-45
2413.0	1.6980520399603288e-45
2413.125	1.4399065052100006e-45
2413.25	1.370207798277124e-45
2413.375	1.804121037702916e-45
2413.5	1.659785977301841e-45
2413.625	1.5806075194910243e-45
2413.75	1.5956113335708154e-45
2413.875	1.5183904602408997e-45
2414.0	1.443419798293225e-45
2414.125	1.500718953504996e-45
2414.25	1.790734751921476e-45
2414.375	1.5876321533904043e-45
2414.5	1.7616467693445763e-45
2414.625	1.5292592920050247e-45
2414.75	1.3823424357779559e-45
2414.875	1.447083672545809e-45
2415.0	1.574928988890625e-45
2415.125	2.5513644148608103e-44
2415.25	1.4123370478313293e-43
2415.375	5.276131821082238e-44
2415.5	1.4527756367064356e-45
2415.625	1.3975280909597289e-45
2415.75	1.531270144313809e-45
2415.875	1.467149762098881e-45
2416.0	1.7182979837601636e-45
2416.125	1.8306131294922245e-45
2416.25	1.7555613125375605e-45
2416.375	1.346394668949001e-45
2416.5	1.219794950866969e-45
2416.625	1.3457565755480249e-45
2416.75	1.647717608199744e-45
2416.875	1.4653976755431685e-45
2417.0	1.5310760584870886e-45
2417.125	1.3837632946629609e-45
2417.25	1.607393722059225e-45
2417.375	1.567827060873616e-45
2417.5	1.412260759283364e-45
2417.625	1.652487947148025e-45
2417.75	1.5896527832024994e-45
2417.875	1.413094633504801e-45
2418.0	1.3967151175131038e-45
2418.125	1.328186856712804e-45
2418.25	1.5276436349467246e-45
2418.375	1.486309983341481e-45
2418.5	1.3335299973009001e-45
2418.625	1.5265685935409287e-45
2418.75	1.574985421999396e-45
2418.875	1.4528208417967688e-45
2419.0	1.2826706027008811e-45
2419.125	1.2350272861320248e-45
2419.25	1.4593213671342247e-45
2419.375	2.6703482053697437e-45
2419.5	1.9908899581210005e-44
2419.625	1.70730782827201e-44
2419.75	1.927513185323209e-45
2419.875	1.5637238234267038e-45
2420.0	1.2763052769222245e-45
2420.125	1.4188666976154093e-45
2420.25	1.4994926462980887e-45
2420.375	1.4374757940273637e-45
2420.5	1.406923505622441e-45
2420.625	1.7163588095395212e-45
2420.75	1.7517594924086758e-45
2420.875	1.5935770988546893e-45
2421.0	1.520094320861769e-45
2421.125	1.4517125670117158e-45
2421.25	1.4052253867048954e-45
2421.375	1.503312339495184e-45
2421.5	1.521665802846225e-45
2421.625	1.1593284083837436e-45
2421.75	1.3755124747616039e-45
2421.875	1.8679904422650253e-45
2422.0	7.771336466073857e-45
2422.125	1.5767018750904099e-44
2422.25	3.7347154113331236e-45
2422.375	1.424263142626921e-45
2422.5	1.523356355919204e-45
2422.625	1.552743070429321e-45
2422.75	1.4951047955622248e-45
2422.875	1.5213049952880995e-45
2423.0	1.625146757245881e-45
2423.125	1.694996566352896e-45
2423.25	1.3421543649306249e-45
2423.375	1.4598371270742246e-45
2423.5	1.3248990671005693e-45
2423.625	1.467340365962641e-45
2423.75	1.5176299288328997e-45
2423.875	1.4336792396978492e-45
2424.0	1.5197863282069692e-45
2424.125	1.568989888167529e-45
2424.25	1.699749962944576e-45
2424.375	3.277274538825225e-45
2424.5	2.841435391773456e-45
2424.625	1.8052700829409e-45
2424.75	1.4597223530539688e-45
2424.875	1.3243660185856004e-45
2425.0	1.3287557402184036e-45
2425.125	1.366072942259776e-45
2425.25	1.399730399046841e-45
2425.375	1.3146350223468162e-45
2425.5	1.1094619679365687e-45
2425.625	1.5057302379875994e-45
2425.75	1.7907750380024998e-45
2425.875	1.3764612726774814e-45
2426.0	1.4545058998602252e-45
2426.125	1.6134279759150007e-45
2426.25	1.5961282650774763e-45
2426.375	1.523683446534544e-45
2426.5	1.2828112854860247e-45
2426.625	1.467816470040649e-45
2426.75	1.363989834366289e-45
2426.875	1.2039823630056007e-45
2427.0	1.3866875609685159e-45
2427.125	3.6625193436375044e-45
2427.25	8.836141188564e-45
2427.375	2.9586810181500815e-45
2427.5	1.3111651863002249e-45
2427.625	1.2559463234848887e-45
2427.75	1.543835017055556e-45
2427.875	1.488315013486596e-45
2428.0	1.4252813073984037e-45
2428.125	1.5920061696023038e-45
2428.25	1.6205764527554557e-45
2428.375	1.855343976279616e-45
2428.5	1.6891504055256252e-45
2428.625	1.3585785092099998e-45
2428.75	1.3937682702384362e-45
2428.875	1.4011972968048999e-45
2429.0	1.3654143868921959e-45
2429.125	1.4030505968384893e-45
2429.25	1.374199802180401e-45
2429.375	1.3483545811227035e-45
2429.5	1.1890721165556249e-45
2429.625	1.262028182801296e-45
2429.75	1.4908504033870233e-45
2429.875	1.453140651686724e-45
2430.0	1.4168466124865288e-45
2430.125	1.7379212771546893e-45
2430.25	1.6960156853095208e-45
2430.375	1.597031138488384e-45
2430.5	1.5723558092553646e-45
2430.625	1.3506774564460957e-45
2430.75	1.3268895379850248e-45
2430.875	1.4700246894918012e-45
2431.0	1.4209446889764e-45
2431.125	1.4625437229955235e-45
2431.25	1.753050759563601e-45
2431.375	1.647273073638544e-45
2431.5	1.7369469061230248e-45
2431.625	1.3951358222012887e-45
2431.75	1.2994058907365288e-45
2431.875	1.3738201554064002e-45
2432.0	1.379476982798721e-45
2432.125	1.2671714694119037e-45
2432.25	1.474017381128356e-45
2432.375	1.6542248430985693e-45
2432.5	1.4761851515340248e-45
2432.625	1.3244749052088956e-45
2432.75	1.3600803344572894e-45
2432.875	1.2555469539552041e-45
2433.0	1.420728476272704e-45
2433.125	1.5121583267904003e-45
2433.25	1.3070442535064888e-45
2433.375	1.307568236257969e-45
2433.5	1.3012418496528999e-45
2433.625	1.418031046503009e-45
2433.75	1.4412042505344158e-45
2433.875	1.6087058102556248e-45
2434.0	1.6614945832592252e-45
2434.125	1.3658653804034558e-45
2434.25	1.537815048550225e-45
2434.375	1.713627325744324e-45
2434.5	1.7855743531872493e-45
2434.625	1.486216147572676e-45
2434.75	1.2154847596228092e-45
2434.875	1.2814692396882248e-45
2435.0	1.4597364894240042e-45
2435.125	1.7156329680399998e-45
2435.25	1.9536419448004837e-45
2435.375	1.904130517686336e-45
2435.5	1.7267333369483608e-45
2435.625	1.6354910618520248e-45
2435.75	1.5968721701396887e-45
2435.875	1.621710029152521e-45
2436.0	1.7114327171251554e-45
2436.125	1.485809611532401e-45
2436.25	1.3910430849560998e-45
2436.375	1.4145765642744487e-45
2436.5	1.664059792966321e-45
2436.625	1.5889146276608637e-45
2436.75	1.4310991398766412e-45
2436.875	1.2945185915775605e-45
2437.0	1.3018923944085159e-45
2437.125	1.5769521636744492e-45
2437.25	1.566191864320164e-45
2437.375	1.444178681527201e-45
2437.5	1.521924752517315e-45
2437.625	1.732657857792849e-45
2437.75	1.6140109393100247e-45
2437.875	1.312430089785529e-45
2438.0	1.3848469639150236e-45
2438.125	1.446763845249801e-45
2438.25	1.539306991404009e-45
2438.375	1.5098240174541158e-45
2438.5	1.5014070390240358e-45
2438.625	1.457014858506496e-45
2438.75	1.501212607885225e-45
2438.875	1.7517092679374758e-45
2439.0	1.6863194416323998e-45
2439.125	1.5772346793633962e-45
2439.25	1.425176658286144e-45
2439.375	1.334203246402009e-45
2439.5	1.387075238284681e-45
2439.625	1.5793493064967842e-45
2439.75	1.446396285321289e-45
2439.875	1.4375236419667212e-45
2440.0	1.558530722889361e-45
2440.125	1.5423616955055688e-45
2440.25	1.4117503930532887e-45
2440.375	1.223315469509329e-45
2440.5	1.3690595706480247e-45
2440.625	1.5760106803980008e-45
2440.75	1.4815876430116087e-45
2440.875	1.5664464219761637e-45
2441.0	1.5829448933375994e-45
2441.125	1.5445509156006253e-45
2441.25	1.6950815429914237e-45
2441.375	1.5592823210870005e-45
2441.5	1.4474724731095692e-45
2441.625	1.6589003161600006e-45
2441.75	1.5431899153039355e-45
2441.875	1.7091890766756003e-45
2442.0	1.818441823948864e-45
2442.125	1.6932195442650007e-45
2442.25	1.6659430805131563e-45
2442.375	1.4381048570566087e-45
2442.5	1.7412768925320998e-45
2442.625	1.7540061830544488e-45
2442.75	1.672651638948096e-45
2442.875	1.626159015738244e-45
2443.0	1.4512552344783362e-45
2443.125	1.6153949347845762e-45
2443.25	1.5819655871927607e-45
2443.375	1.5038299978870092e-45
2443.5	1.47436032676e-45
2443.625	1.3713492489832893e-45
2443.75	1.4507291854567205e-45
2443.875	1.4075120080133292e-45
2444.0	1.5582287290528358e-45
2444.125	1.4182945807035035e-45
2444.25	1.1645045002765686e-45
2444.375	1.26936150961e-45
2444.5	1.5801783336228492e-45
2444.625	1.685112434114641e-45
2444.75	1.5373409759236e-45
2444.875	1.2546606301737213e-45
2445.0	1.422430427474884e-45
2445.125	1.493864783399209e-45
2445.25	1.5533554823421612e-45
2445.375	1.672378778193984e-45
2445.5	1.596966159519481e-45
2445.625	1.4237066916334438e-45
2445.75	1.515696185755249e-45
2445.875	1.656889779517921e-45
2446.0	1.8995105763906245e-45
2446.125	1.7874629374464038e-45
2446.25	1.457801131670244e-45
2446.375	1.3755773793557294e-45
2446.5	1.5463661225950446e-45
2446.625	1.702659184150681e-45
2446.75	1.5110690793907835e-45
2446.875	1.519265384840025e-45
2447.0	1.539829711160896e-45
2447.125	1.4263066339256247e-45
2447.25	1.3033592416724886e-45
2447.375	1.671684376020169e-45
2447.5	1.6170331729472005e-45
2447.625	1.7456968340823693e-45
2447.75	1.4669657583781212e-45
2447.875	1.3369998100400639e-45
2448.0	1.3485520682337687e-45
2448.125	1.488497110454116e-45
2448.25	1.4727349522604407e-45
2448.375	1.4994594993510248e-45
2448.5	1.5193213574117292e-45
2448.625	1.7093005374413438e-45
2448.75	1.4089753191423994e-45
2448.875	1.5590026813872638e-45
2449.0	1.418580361090116e-45
2449.125	2.1788607034798236e-45
2449.25	3.128509773884889e-45
2449.375	1.9918092294960995e-45
2449.5	1.7333378306238762e-45
2449.625	1.592960160729025e-45
2449.75	1.4084446055625002e-45
2449.875	1.298510126243716e-45
2450.0	1.5154218836964006e-45
2450.125	1.5970384916652954e-45
2450.25	1.3466907997657959e-45
2450.375	1.1703672049969002e-45
2450.5	1.2562662192717162e-45
2450.625	1.4660233990292246e-45
2450.75	1.623097643234596e-45
2450.875	1.583832728380816e-45
2451.0	1.3052234242713755e-45
2451.125	1.425779538174016e-45
2451.25	1.527563589747364e-45
2451.375	1.708513774925584e-45
2451.5	1.714384210645129e-45
2451.625	1.3911421467283242e-45
2451.75	1.281048795394564e-45
2451.875	1.3403941706232354e-45
2452.0	1.4482832636044892e-45
2452.125	1.6837453319731562e-45
2452.25	1.7153080833732846e-45
2452.375	1.7506836743335837e-45
2452.5	1.591237071237969e-45
2452.625	1.525675709890201e-45
2452.75	1.386351096517696e-45
2452.875	1.4782894591609e-45
2453.0	1.5990169510441e-45
2453.125	1.640364292990921e-45
2453.25	1.5051034676095685e-45
2453.375	1.4996184221586485e-45
2453.5	1.6575140074060842e-45
2453.625	1.5095672649225e-45
2453.75	1.4663846367336034e-45
2453.875	1.631160414691129e-45
2454.0	1.5640126657600002e-45
2454.125	1.4936128697549436e-45
2454.25	1.5901070995656088e-45
2454.375	1.4367094256025002e-45
2454.5	1.3497263464588838e-45
2454.625	1.3516641220502246e-45
2454.75	1.4841253117764085e-45
2454.875	1.5178138882751608e-45
2455.0	1.4604347584532252e-45
2455.125	1.3160932840000001e-45
2455.25	1.3558581374764407e-45
2455.375	1.659642003599616e-45
2455.5	1.5534149959849962e-45
2455.625	1.3869153939639691e-45
2455.75	1.3518221425739558e-45
2455.875	1.2944468496100839e-45
2456.0	1.3852614048099996e-45
2456.125	1.555444028617924e-45
2456.25	1.407825591084004e-45
2456.375	1.3652652546540158e-45
2456.5	1.6198366248736358e-45
2456.625	1.562756332714369e-45
2456.75	1.637149247813401e-45
2456.875	1.7601289700398808e-45
2457.0	1.849664409675625e-45
2457.125	1.5881507398888808e-45
2457.25	1.4765713093924002e-45
2457.375	1.4307699632703997e-45
2457.5	1.6055636281652248e-45
2457.625	1.6479014142999038e-45
2457.75	1.758965948640783e-45
2457.875	1.6592783083775998e-45
2458.0	1.4763023383823997e-45
2458.125	1.3614688980557438e-45
2458.25	2.2759676766526087e-45
2458.375	3.6991366261987837e-45
2458.5	1.896389894858481e-45
2458.625	1.4618902958862757e-45
2458.75	1.457468440008025e-45
2458.875	1.610982862976601e-45
2459.0	1.544098439620324e-45
2459.125	1.3030653152160154e-45
2459.25	1.5384411402830887e-45
2459.375	1.5002253803040487e-45
2459.5	1.572535918075369e-45
2459.625	1.615530143420964e-45
2459.75	1.6473630959738408e-45
2459.875	1.744836574680081e-45
2460.0	1.6334296148041e-45
2460.125	1.4145306794010092e-45
2460.25	1.4699571336004003e-45
2460.375	1.386675942657604e-45
2460.5	1.654424630795161e-45
2460.625	1.5958803352378407e-45
2460.75	1.2606030367207835e-45
2460.875	1.2085115003771039e-45
2461.0	1.450248777665424e-45
2461.125	1.427770989224449e-45
2461.25	1.570733708745289e-45
2461.375	1.8292356902892245e-45
2461.5	2.0431834673185688e-45
2461.625	1.6129876898323246e-45
2461.75	1.335839123051689e-45
2461.875	1.4476697846415357e-45
2462.0	1.3410101182380247e-45
2462.125	1.4763406076196838e-45
2462.25	1.436104769616729e-45
2462.375	1.1750570396010247e-45
2462.5	1.3860852603875561e-45
2462.625	1.724648870747664e-45
2462.75	1.669878428309316e-45
2462.875	1.5705294495688358e-45
2463.0	1.5965923762939236e-45
2463.125	1.586676891270769e-45
2463.25	1.663093549729936e-45
2463.375	1.4843208678032252e-45
2463.5	1.304159819601409e-45
2463.625	1.471899006392896e-45
2463.75	1.6611266909140838e-45
2463.875	1.8069999478276843e-45
2464.0	1.6026746368295608e-45
2464.125	1.511839552229161e-45
2464.25	1.7056784360196e-45
2464.375	1.5585166686708093e-45
2464.5	1.368212827188321e-45
2464.625	1.5831297456049686e-45
2464.75	1.6021050119004155e-45
2464.875	1.5891327555891838e-45
2465.0	1.6224830724833637e-45
2465.125	1.638179888569225e-45
2465.25	1.6620629277808363e-45
2465.375	1.6318427138213293e-45
2465.5	1.564303116817984e-45
2465.625	1.568419311519076e-45
2465.75	1.7365867547958756e-45
2465.875	1.5606740218046892e-45
2466.0	1.4379310262437205e-45
2466.125	1.4700849620059685e-45
2466.25	1.3330911657334407e-45
2466.375	1.7321772032414885e-45
2466.5	1.7981132941555562e-45
2466.625	1.5363881111233688e-45
2466.75	1.5135503941406248e-45
2466.875	1.7917750566444957e-45
2467.0	1.908141760727524e-45
2467.125	1.635093144601225e-45
2467.25	1.625308819984161e-45
2467.375	1.416808143622144e-45
2467.5	1.5603749805027238e-45
2467.625	1.554188382854416e-45
2467.75	1.359006990842944e-45
2467.875	1.4830485205161608e-45
2468.0	1.5055626104964e-45
2468.125	1.304737694049409e-45
2468.25	1.4827121900240035e-45
2468.375	1.5267747408212253e-45
2468.5	1.417034899138576e-45
2468.625	1.513557319127296e-45
2468.75	1.5399246750318766e-45
2468.875	1.5746357276224003e-45
2469.0	1.7813533577907238e-45
2469.125	1.594959336311364e-45
2469.25	1.5649371879483687e-45
2469.375	1.6205352304803838e-45
2469.5	1.2545374383025e-45
2469.625	1.282209211586601e-45
2469.75	1.5559604084008962e-45
2469.875	1.427105204486116e-45
2470.0	1.2833409207675039e-45
2470.125	1.410323570775625e-45
2470.25	1.4120968398271285e-45
2470.375	1.5017068084670438e-45
2470.5	1.7248729679281e-45
2470.625	1.8952730644507563e-45
2470.75	1.771110358731844e-45
2470.875	1.5440844506256003e-45
2471.0	1.5517978916939566e-45
2471.125	1.2308221514556253e-45
2471.25	1.3872023903675558e-45
2471.375	1.6534623279329438e-45
2471.5	1.5095532001149612e-45
2471.625	1.3179911620059039e-45
2471.75	1.1951157366389157e-45
2471.875	1.3436301522247211e-45
2472.0	1.553185697367529e-45
2472.125	1.6758641687824e-45
2472.25	1.5578628227924413e-45
2472.375	1.6486110799604638e-45
2472.5	1.8141466118400002e-45
2472.625	1.8077680788367362e-45
2472.75	1.7206396785928357e-45
2472.875	1.5606865055256252e-45
2473.0	1.6829090096790757e-45
2473.125	1.6423841527429212e-45
2473.25	1.7283310413864015e-45
2473.375	1.6981633842532838e-45
2473.5	1.634347665368356e-45
2473.625	1.2844701903240359e-45
2473.75	1.2194162474598806e-45
2473.875	1.3438480417120893e-45
2474.0	1.5267465295488156e-45
2474.125	1.3950837546723999e-45
2474.25	1.7292881889535208e-45
2474.375	1.8445610254126086e-45
2474.5	1.7697372373800245e-45
2474.625	1.580663895214096e-45
2474.75	1.7095374449818085e-45
2474.875	1.4848510450752248e-45
2475.0	1.504278862381156e-45
2475.125	1.497903399401049e-45
2475.25	1.4830305747384963e-45
2475.375	1.7408793250317155e-45
2475.5	1.526484669484009e-45
2475.625	1.4731138267572252e-45
2475.75	1.630872059779249e-45
2475.875	1.614734407002564e-45
2476.0	1.7129571075489957e-45
2476.125	1.695785893566241e-45
2476.25	1.647074611083889e-45
2476.375	1.7646293001150806e-45
2476.5	1.7762665189337292e-45
2476.625	1.8282536618348888e-45
2476.75	1.7716216388844962e-45
2476.875	1.547041858997209e-45
2477.0	1.708051442159241e-45
2477.125	1.7826820841123998e-45
2477.25	2.0687150236306403e-45
2477.375	1.7714628765624998e-45
2477.5	1.528402526954521e-45
2477.625	1.409837510126809e-45
2477.75	1.601431359980544e-45
2477.875	1.4965663628303994e-45
2478.0	1.458204887229601e-45
2478.125	1.566633316556961e-45
2478.25	1.562998513370176e-45
2478.375	1.515395801767225e-45
2478.5	1.613124323910961e-45
2478.625	1.375725812645284e-45
2478.75	1.4511899397931685e-45
2478.875	1.387211776165264e-45
2479.0	1.5201962382136358e-45
2479.125	1.8976247562102246e-45
2479.25	1.617140300424489e-45
2479.375	1.400881758006025e-45
2479.5	1.729366036408609e-45
2479.625	1.4148737808768637e-45
2479.75	1.3762071446747562e-45
2479.875	1.466935500752836e-45
2480.0	1.5729006878753435e-45
2480.125	1.622889040299409e-45
2480.25	1.518238260788929e-45
2480.375	1.557770859583236e-45
2480.5	1.6087543421184e-45
2480.625	1.4739404426926233e-45
2480.75	1.6370949486609e-45
2480.875	1.878697828226704e-45
2481.0	1.6740751125043688e-45
2481.125	1.7462426271726243e-45
2481.25	1.6905553885804966e-45
2481.375	1.4003649949454013e-45
2481.5	1.7528044083810488e-45
2481.625	1.7501412873960998e-45
2481.75	1.6623771855075994e-45
2481.875	1.611037289277441e-45
2482.0	1.560435023484964e-45
2482.125	1.542346850380176e-45
2482.25	1.6099838461568163e-45
2482.375	1.734782309915524e-45
2482.5	1.651735992818025e-45
2482.625	1.4788275568477288e-45
2482.75	1.5536357187865962e-45
2482.875	1.3698369198708641e-45
2483.0	1.636032290826816e-45
2483.125	1.6372661842173157e-45
2483.25	1.3788686009344e-45
2483.375	1.4699506924840965e-45
2483.5	1.5192270309711688e-45
2483.625	1.5408820115648995e-45
2483.75	1.556885231038225e-45
2483.875	1.3923599696355998e-45
2484.0	1.372727101310224e-45
2484.125	1.4895752600402555e-45
2484.25	1.7113909342195208e-45
2484.375	1.515335930963856e-45
2484.5	1.3569835032840488e-45
2484.625	1.746959282476164e-45
2484.75	1.5862325441762244e-45
2484.875	1.3171361928016406e-45
2485.0	1.2593696827848006e-45
2485.125	1.332678398433424e-45
2485.25	1.7507853498577685e-45
2485.375	1.616603572726081e-45
2485.5	1.550687762985529e-45
2485.625	1.5743053552852892e-45
2485.75	1.4718545796690485e-45
2485.875	1.573689937797121e-45
2486.0	1.7709079377726492e-45
2486.125	1.573649474901001e-45
2486.25	1.3829142468780247e-45
2486.375	1.428149477448225e-45
2486.5	1.808863419640225e-45
2486.625	1.817148515400625e-45
2486.75	1.568176790444944e-45
2486.875	1.7033806254090242e-45
2487.0	2.061779484139684e-45
2487.125	2.0008793588161e-45
2487.25	1.974028365541521e-45
2487.375	1.4344364673420252e-45
2487.5	1.433862052709641e-45
2487.625	1.603837177860096e-45
2487.75	1.610363527542225e-45
2487.875	1.415632272262321e-45
2488.0	1.2963296369580838e-45
2488.125	1.295240295365809e-45
2488.25	1.6154386639503997e-45
2488.375	1.5826974325969e-45
2488.5	1.5176901565968495e-45
2488.625	1.6892073696010238e-45
2488.75	1.755542290252864e-45
2488.875	1.5927429675458555e-45
2489.0	1.5744367699639285e-45
2489.125	1.7635773373210238e-45
2489.25	1.580252987740816e-45
2489.375	1.5850830908624038e-45
2489.5	1.7208632662575208e-45
2489.625	1.9193035703604485e-45
2489.75	1.659509605452241e-45
2489.875	1.5233519845401642e-45
2490.0	1.7456716816876958e-45
2490.125	1.9715466620184036e-45
2490.25	1.7669023008043688e-45
2490.375	1.368756772804369e-45
2490.5	1.3370212372206011e-45
2490.625	1.754467489140496e-45
2490.75	1.837096352495044e-45
2490.875	1.5305477847506562e-45
2491.0	1.6096139988000248e-45
2491.125	1.7042604110707212e-45
2491.25	1.4698644288937215e-45
2491.375	1.3570376545920638e-45
2491.5	1.6584356239710252e-45
2491.625	1.6596871423905642e-45
2491.75	1.6921460613042093e-45
2491.875	1.641426898033729e-45
2492.0	1.6516731615715243e-45
2492.125	1.8539665626749435e-45
2492.25	2.062875387156544e-45
2492.375	1.8293168678241958e-45
2492.5	1.636330648109056e-45
2492.625	1.4974773897460084e-45
2492.75	1.355637435516324e-45
2492.875	1.575700249498281e-45
2493.0	1.5097581953384488e-45
2493.125	1.3282512910131236e-45
2493.25	1.2442988161443998e-45
2493.375	1.3769448113408487e-45
2493.5	1.3049588371177961e-45
2493.625	1.317644117199424e-45
2493.75	1.657306461180841e-45
2493.875	1.7739646727716003e-45
2494.0	1.9677274461374758e-45
2494.125	1.7700522584161205e-45
2494.25	1.7611327340859037e-45
2494.375	1.802095551601216e-45
2494.5	1.7511827914024958e-45
2494.625	1.8752693271843998e-45
2494.75	1.829015091524196e-45
2494.875	1.6244540906032888e-45
2495.0	1.5784414339968163e-45
2495.125	1.448394694643961e-45
2495.25	1.469327581212481e-45
2495.375	1.2788377490272811e-45
2495.5	1.3839472868793639e-45
2495.625	1.5463525165687208e-45
2495.75	1.7540308928471038e-45
2495.875	1.837814264709696e-45
2496.0	1.819858877318416e-45
2496.125	1.438013389795609e-45
2496.25	1.520837998313929e-45
2496.375	1.4584776276004e-45
2496.5	1.6433910623376e-45
2496.625	1.8201665528281e-45
2496.75	1.7518439548512248e-45
2496.875	1.4021218840267242e-45
2497.0	1.5815724065441434e-45
2497.125	1.576023860493889e-45
2497.25	1.4460700693639835e-45
2497.375	1.5256576642702234e-45
2497.5	1.403827943806864e-45
2497.625	1.640162683162084e-45
2497.75	1.6966429559862757e-45
2497.875	1.6188399357360997e-45
2498.0	1.639513954591744e-45
2498.125	1.3655302692987241e-45
2498.25	1.3720764264024998e-45
2498.375	1.4324007075849e-45
2498.5	1.502687933301361e-45
2498.625	1.5807011880290892e-45
2498.75	1.5833301271485607e-45
2498.875	1.533491345793124e-45
2499.0	1.4290010325369e-45
2499.125	1.3277534964759038e-45
2499.25	1.4335794320443212e-45
2499.375	1.4757412668828842e-45
2499.5	1.262679653913616e-45
2499.625	1.2605247849768999e-45
2499.75	1.395975760092081e-45
2499.875	1.4591462587055287e-45
2500.0	1.6517420890568995e-45
2500.125	1.4504873339496958e-45
2500.25	1.555529297159601e-45
2500.375	1.615032343126225e-45
2500.5	1.5604467162000998e-45
2500.625	1.7228922308611692e-45
2500.75	1.6867334004196e-45
2500.875	1.784325060177984e-45
2501.0	1.812705813229689e-45
2501.125	1.6217486084836e-45
2501.25	1.3370346932852249e-45
2501.375	1.4311244103420248e-45
2501.5	1.478184342748569e-45
2501.625	1.4948730370337442e-45
2501.75	1.5948425628304e-45
2501.875	1.4233675008168493e-45
2502.0	1.2953504254145293e-45
2502.125	1.615075585128009e-45
2502.25	1.6341014738084408e-45
2502.375	1.290230523408841e-45
2502.5	1.534688224959409e-45
2502.625	1.6464583575774756e-45
2502.75	1.8168786900195998e-45
2502.875	1.6841453499556e-45
2503.0	1.4280695130972485e-45
2503.125	1.6683695746623997e-45
2503.25	1.743929838868996e-45
2503.375	1.704815047832836e-45
2503.5	1.3893138022499998e-45
2503.625	1.4590888083164404e-45
2503.75	1.7112422574028958e-45
2503.875	1.7608694501712245e-45
2504.0	1.736675434739844e-45
2504.125	1.7735313845158554e-45
2504.25	1.619130283142724e-45
2504.375	1.717383915051561e-45
2504.5	1.7807177908967042e-45
2504.625	1.5492543920037608e-45
2504.75	1.3962792369123999e-45
2504.875	1.5889790440000006e-45
2505.0	1.5706068873596888e-45
2505.125	1.5777943050886812e-45
2505.25	1.7409737891004846e-45
2505.375	1.976332201697764e-45
2505.5	1.708459710256324e-45
2505.625	1.449711107805184e-45
2505.75	1.459818328889761e-45
2505.875	1.4357476601701206e-45
2506.0	1.281728713935121e-45
2506.125	1.4574517949685692e-45
2506.25	1.688095716219364e-45
2506.375	1.957387834125376e-45
2506.5	1.7444530522224998e-45
2506.625	1.607237606375424e-45
2506.75	1.435586096378641e-45
2506.875	1.313876109110041e-45
2507.0	1.572313301588836e-45
2507.125	1.521318646687225e-45
2507.25	1.5483741785769963e-45
2507.375	1.8401701110176158e-45
2507.5	1.6536180700782093e-45
2507.625	1.6329137085929296e-45
2507.75	1.5403781090178008e-45
2507.875	1.7832783060544e-45
2508.0	1.6255845870945208e-45
2508.125	1.6399516095718563e-45
2508.25	1.9888703781430088e-45
2508.375	1.565809829199225e-45
2508.5	1.4413387952410238e-45
2508.625	1.4800558505920362e-45
2508.75	1.424904482880649e-45
2508.875	1.4422917974852887e-45
2509.0	1.2247737004522887e-45
2509.125	1.5928084991000248e-45
2509.25	1.7493220090606092e-45
2509.375	1.787414148508041e-45
2509.5	1.916675528701609e-45
2509.625	1.773109181539809e-45
2509.75	1.6300835352498492e-45
2509.875	1.5607667027716e-45
2510.0	1.7029075156899994e-45
2510.125	1.810294606668249e-45
2510.25	1.6622124696576e-45
2510.375	1.6033639262687285e-45
2510.5	1.5872805796760997e-45
2510.625	1.8688510566441006e-45
2510.75	1.6797098956216958e-45
2510.875	1.7160049415960998e-45
2511.0	1.732340022289321e-45
2511.125	1.6952680544186886e-45
2511.25	1.921649428370884e-45
2511.375	1.9249589389173158e-45
2511.5	1.5802048877076812e-45
2511.625	1.6508281852482245e-45
2511.75	1.7498692888107212e-45
2511.875	1.8285918083893687e-45
2512.0	1.697305608260161e-45
2512.125	1.6029564044158443e-45
2512.25	1.6960216979906562e-45
2512.375	1.604394853790404e-45
2512.5	1.4529443398950492e-45
2512.625	1.3664921056168358e-45
2512.75	2.005473022770064e-45
2512.875	1.7719210843212488e-45
2513.0	1.4926731155763838e-45
2513.125	1.5041630524986808e-45
2513.25	1.5283728932480998e-45
2513.375	1.5509537386224995e-45
2513.5	1.461346802284356e-45
2513.625	1.476880810062849e-45
2513.75	1.5674870306160046e-45
2513.875	1.8505817061185436e-45
2514.0	1.570335189777025e-45
2514.125	1.6218573418441002e-45
2514.25	1.787142988848996e-45
2514.375	2.067566188368004e-45
2514.5	2.129595724936849e-45
2514.625	2.035378112977225e-45
2514.75	1.9831239619984006e-45
2514.875	1.612253451071376e-45
2515.0	1.5694984486748166e-45
2515.125	1.7022300729642807e-45
2515.25	1.5590827563892838e-45
2515.375	1.6628125802048008e-45
2515.5	1.8563941756074492e-45
2515.625	1.7765344918899355e-45
2515.75	1.6925759567011843e-45
2515.875	1.6318035298657434e-45
2516.0	1.509575346388516e-45
2516.125	1.7123188002702757e-45
2516.25	1.5344364961094557e-45
2516.375	1.510523592357025e-45
2516.5	1.3214261722334758e-45
2516.625	1.3551723044022252e-45
2516.75	1.6834349691398558e-45
2516.875	1.659865259205136e-45
2517.0	1.7443724435192248e-45
2517.125	1.6769803878044012e-45
2517.25	1.7721951281127038e-45
2517.375	1.7196085425945685e-45
2517.5	1.889290026449296e-45
2517.625	1.9480711497676808e-45
2517.75	1.847540524116676e-45
2517.875	1.7035244202030758e-45
2518.0	1.645476550896676e-45
2518.125	1.6271037412158763e-45
2518.25	1.974382577700625e-45
2518.375	1.987546253429025e-45
2518.5	1.7222947372905205e-45
2518.625	1.6455305020893205e-45
2518.75	1.7558829472080492e-45
2518.875	1.7465525412341758e-45
2519.0	1.7130753133905962e-45
2519.125	1.6018835139903687e-45
2519.25	1.5816046991272355e-45
2519.375	1.4052746441820488e-45
2519.5	1.540452052479649e-45
2519.625	1.557969235112161e-45
2519.75	1.723249381937521e-45
2519.875	1.8130098177792087e-45
2520.0	1.6091002631424642e-45
2520.125	1.763141792407524e-45
2520.25	1.8684902747253687e-45
2520.375	1.4884686377783287e-45
2520.5	1.3361865085932247e-45
2520.625	1.517903807281225e-45
2520.75	1.8809099739526807e-45
2520.875	1.450483373084944e-45
2521.0	1.5902561600962558e-45
2521.125	1.707968786001241e-45
2521.25	1.5304802605506087e-45
2521.375	1.604841096379024e-45
2521.5	1.570628525896336e-45
2521.625	1.7075624774115687e-45
2521.75	1.844795359068561e-45
2521.875	1.4622685377444e-45
2522.0	1.546572422455225e-45
2522.125	1.7443511430848995e-45
2522.25	1.4340085235730247e-45
2522.375	1.281976900137025e-45
2522.5	1.1717794350376958e-45
2522.625	1.490768779725625e-45
2522.75	1.571593534202241e-45
2522.875	1.6235089259840997e-45
2523.0	1.629255967305849e-45
2523.125	1.4149249374781438e-45
2523.25	1.6742225750802248e-45
2523.375	1.807152472699456e-45
2523.5	1.8109635160438887e-45
2523.625	1.740646430313025e-45
2523.75	1.5221838022502756e-45
2523.875	1.3462582468976641e-45
2524.0	1.469112164342001e-45
2524.125	1.714109954079721e-45
2524.25	1.6824385876516e-45
2524.375	1.7947812780898808e-45
2524.5	1.742244880402849e-45
2524.625	1.6280321172544002e-45
2524.75	1.488521879588689e-45
2524.875	1.4035903337594407e-45
2525.0	1.5395135261232252e-45
2525.125	1.6239756306135615e-45
2525.25	1.7113644581868813e-45
2525.375	1.641356889677569e-45
2525.5	1.5758871395280247e-45
2525.625	1.6063279243184407e-45
2525.75	1.3600084208372637e-45
2525.875	1.504004897376004e-45
2526.0	1.6495843172556248e-45
2526.125	1.483672377067024e-45
2526.25	1.2745366246264085e-45
2526.375	1.4710151250542248e-45
2526.5	1.549997057480004e-45
2526.625	1.3561907339850252e-45
2526.75	1.387874896081249e-45
2526.875	1.611229956136641e-45
2527.0	1.6180766104543293e-45
2527.125	1.7373192656702443e-45
2527.25	1.7453405393165287e-45
2527.375	1.658021406378481e-45
2527.5	1.7537312878806248e-45
2527.625	1.929931970242081e-45
2527.75	1.6274958441107555e-45
2527.875	1.426329973702656e-45
2528.0	1.563804494121024e-45
2528.125	1.5395241200328998e-45
2528.25	1.5912508733161955e-45
2528.375	1.6200181448036008e-45
2528.5	1.4671527497648996e-45
2528.625	1.328192687806884e-45
2528.75	1.346400099555625e-45
2528.875	1.491697042780036e-45
2529.0	1.7221386158009642e-45
2529.125	1.6861146986549288e-45
2529.25	1.7210352602710438e-45
2529.375	1.8863438358435998e-45
2529.5	1.944873328115524e-45
2529.625	1.704818350986916e-45
2529.75	1.6443131241171613e-45
2529.875	1.8277344445441206e-45
2530.0	1.8966279332852638e-45
2530.125	1.7231534904614558e-45
2530.25	1.7792442692259208e-45
2530.375	1.655868894832161e-45
2530.5	1.513799158935184e-45
2530.625	1.411439153265625e-45
2530.75	1.4420899160698807e-45
2530.875	1.655348724444529e-45
2531.0	1.7355431853422008e-45
2531.125	1.5562426943745637e-45
2531.25	1.230586334321796e-45
2531.375	1.3538627526758759e-45
2531.5	1.607533807659844e-45
2531.625	1.5574318427047212e-45
2531.75	1.4575617456127292e-45
2531.875	1.5675158533619558e-45
2532.0	1.665416677773289e-45
2532.125	1.7954751968103036e-45
2532.25	1.748517557847841e-45
2532.375	1.5823694774640638e-45
2532.5	1.5553574215204e-45
2532.625	1.592548935003009e-45
2532.75	1.501882747073424e-45
2532.875	1.6510038757072087e-45
2533.0	1.605466180656361e-45
2533.125	1.544569072612036e-45
2533.25	1.6411869797723558e-45
2533.375	1.5701742271797765e-45
2533.5	1.7849796909604e-45
2533.625	1.851770150775601e-45
2533.75	2.1018538821604e-45
2533.875	1.898721973502929e-45
2534.0	1.7456783666918553e-45
2534.125	1.592145104266249e-45
2534.25	1.6534441923792247e-45
2534.375	1.513908802458361e-45
2534.5	1.5235253613637685e-45
2534.625	1.660818908897316e-45
2534.75	1.639376774251524e-45
2534.875	1.5909925530135034e-45
2535.0	1.5764236564568037e-45
2535.125	1.591301694201129e-45
2535.25	1.5046555662121e-45
2535.375	1.4897872314086442e-45
2535.5	1.3842779530449962e-45
2535.625	1.577787631890625e-45
2535.75	1.765132249629529e-45
2535.875	1.6850709737474558e-45
2536.0	1.621715022693529e-45
2536.125	1.6927645519683996e-45
2536.25	1.916319965227264e-45
2536.375	1.6754954256898556e-45
2536.5	1.5013077683043687e-45
2536.625	1.3652582342588006e-45
2536.75	1.4823447115129002e-45
2536.875	1.6863066294328962e-45
2537.0	2.1002522371630804e-45
2537.125	1.7762927337037438e-45
2537.25	1.6084993374222008e-45
2537.375	1.679694403605625e-45
2537.5	1.4303266825155997e-45
2537.625	1.3541533741853293e-45
2537.75	1.6872022043714892e-45
2537.875	2.0324896024258807e-45
2538.0	1.765753935765625e-45
2538.125	1.4980443581580835e-45
2538.25	1.5261989230272156e-45
2538.375	1.3293964995921002e-45
2538.5	2.0048174604353438e-45
2538.625	2.1962308406095205e-45
2538.75	1.768846512329649e-45
2538.875	1.781782957191241e-45
2539.0	1.732982383101025e-45
2539.125	1.5019993217644957e-45
2539.25	1.4401615901905205e-45
2539.375	1.6453753035270763e-45
2539.5	1.6203052970962558e-45
2539.625	1.5737552349010555e-45
2539.75	1.4205870573369758e-45
2539.875	1.6566403492114085e-45
2540.0	1.7381681645263362e-45
2540.125	1.9912952178927602e-45
2540.25	2.0077230789101286e-45
2540.375	1.715134139415684e-45
2540.5	1.4786588188088885e-45
2540.625	1.872143881085284e-45
2540.75	1.6766411672824813e-45
2540.875	1.557466255774009e-45
2541.0	1.8371603022036638e-45
2541.125	1.3116847066273438e-45
2541.25	1.540951256522304e-45
2541.375	1.5686456127891612e-45
2541.5	1.3125492808908839e-45
2541.625	1.3214362052460959e-45
2541.75	1.5898468784774562e-45
2541.875	1.6298562359044834e-45
2542.0	1.477621914263104e-45
2542.125	1.5429982179922557e-45
2542.25	1.3778130341612161e-45
2542.375	1.5058896479704358e-45
2542.5	1.445390146414369e-45
2542.625	1.1827166010786093e-45
2542.75	1.0895901199235999e-45
2542.875	1.0637822557056248e-45
2543.0	1.3059667527382439e-45
2543.125	1.6088270209545963e-45
2543.25	1.762631149657401e-45
2543.375	1.8707445869310254e-45
2543.5	1.491593150080201e-45
2543.625	1.3635224600690247e-45
2543.75	1.3796665585627687e-45
2543.875	1.488720734595136e-45
2544.0	1.7890535508120247e-45
2544.125	1.906742087722564e-45
2544.25	1.8729594038454013e-45
2544.375	1.8806629496253208e-45
2544.5	1.8030923562372247e-45
2544.625	1.7443297592502758e-45
2544.75	2.0538978680025002e-45
2544.875	1.805300164902976e-45
2545.0	1.4004337015721613e-45
2545.125	1.517732854364281e-45
2545.25	1.5372718121313634e-45
2545.375	1.790485513028641e-45
2545.5	1.7486423368664406e-45
2545.625	1.7123371731168158e-45
2545.75	1.735594927262784e-45
2545.875	1.4796500041559608e-45
2546.0	1.7545190935204003e-45
2546.125	1.9967688864484002e-45
2546.25	1.933908629107984e-45
2546.375	1.890849472242201e-45
2546.5	1.5719028466729e-45
2546.625	1.5321075152010248e-45
2546.75	1.8257791487647687e-45
2546.875	1.6587447327360997e-45
2547.0	1.6378572422616008e-45
2547.125	1.6664320100220247e-45
2547.25	1.490565232249921e-45
2547.375	1.480045463306881e-45
2547.5	1.5314604073188846e-45
2547.625	1.589853018907521e-45
2547.75	1.604565091622529e-45
2547.875	1.5140004734052812e-45
2548.0	1.4697433574218237e-45
2548.125	1.480658606372929e-45
2548.25	1.5968807217801002e-45
2548.375	1.7781447781469158e-45
2548.5	1.599885362053489e-45
2548.625	1.615153229282961e-45
2548.75	1.7355100242592086e-45
2548.875	1.8425274663075836e-45
2549.0	1.993132719585225e-45
2549.125	2.0580204244681e-45
2549.25	1.972331414039844e-45
2549.375	1.7391911704393212e-45
2549.5	1.6683537265761962e-45
2549.625	1.7351593526995358e-45
2549.75	1.5779726594796158e-45
2549.875	1.5869190858394092e-45
2550.0	1.588783088449764e-45
2550.125	1.5281506105154885e-45
2550.25	1.683895189525263e-45
2550.375	1.504692106510321e-45
2550.5	1.543381310235664e-45
2550.625	1.6988805751154408e-45
2550.75	1.5874667208366762e-45
2550.875	1.840053003513921e-45
2551.0	2.061095714101264e-45
2551.125	1.5000886568364845e-45
2551.25	1.1906226981708007e-45
2551.375	1.4253410331087205e-45
2551.5	1.720677675026704e-45
2551.625	1.647290201233329e-45
2551.75	1.763363421441241e-45
2551.875	1.959883191042624e-45
2552.0	1.783375856101225e-45
2552.125	1.904981783333409e-45
2552.25	1.8466114338950887e-45
2552.375	1.7711895627630088e-45
2552.5	1.6337004112836002e-45
2552.625	1.764321650661241e-45
2552.75	1.405283940971689e-45
2552.875	1.5734846138119288e-45
2553.0	1.827792416730721e-45
2553.125	1.5572284502867554e-45
2553.25	1.578506432298084e-45
2553.375	1.6520392740217963e-45
2553.5	1.9097227751406248e-45
2553.625	1.971031187312209e-45
2553.75	1.787086172219364e-45
2553.875	1.6911569744950408e-45
2554.0	1.709350480981264e-45
2554.125	1.6274308937620412e-45
2554.25	1.6498768399929758e-45
2554.375	1.8145960789017758e-45
2554.5	1.7406394211828408e-45
2554.625	1.5647084645088157e-45
2554.75	1.7421354392988155e-45
2554.875	1.6023330098391042e-45
2555.0	1.7768589693680252e-45
2555.125	1.7255632920099998e-45
2555.25	1.3273717957369961e-45
2555.375	1.430804536004529e-45
2555.5	1.4614782316112247e-45
2555.625	1.4758983131260838e-45
2555.75	1.669602443271361e-45
2555.875	2.0072617661256246e-45
2556.0	1.760988290585161e-45
2556.125	1.6064534542645685e-45
2556.25	1.591325150267889e-45
2556.375	1.495108352890161e-45
2556.5	1.6278373993820887e-45
2556.625	1.5918760186190412e-45
2556.75	1.563732206754916e-45
2556.875	1.717781360407876e-45
2557.0	1.924152875937889e-45
2557.125	1.713649265685009e-45
2557.25	1.5971933918696037e-45
2557.375	1.8631794989809686e-45
2557.5	1.6212984106225e-45
2557.625	1.604951585051409e-45
2557.75	1.5849243998098812e-45
2557.875	1.594182577510656e-45
2558.0	1.7306650831951693e-45
2558.125	1.631185051236624e-45
2558.25	1.631204922159684e-45
2558.375	1.5494495478503035e-45
2558.5	1.7656819967603608e-45
2558.625	1.9666014191044007e-45
2558.75	1.7720171445715562e-45
2558.875	1.551809709576256e-45
2559.0	1.6704020207847037e-45
2559.125	1.9640489606784644e-45
2559.25	1.9225278392896e-45
2559.375	1.846466878186225e-45
2559.5	1.657935735111049e-45
2559.625	1.8584883093953438e-45
2559.75	1.8760980047188085e-45
2559.875	2.040889136792401e-45
2560.0	1.801897819820289e-45
2560.125	1.6942538525292247e-45
2560.25	1.7457858298904043e-45
2560.375	1.572398079575625e-45
2560.5	1.370243778374416e-45
2560.625	1.8021100699052885e-45
2560.75	1.682476652144016e-45
2560.875	1.6804000595384885e-45
2561.0	1.657651863061441e-45
2561.125	1.684758682739344e-45
2561.25	1.7863679255789155e-45
2561.375	1.8614875734016e-45
2561.5	1.7603015725787036e-45
2561.625	1.750130075717136e-45
2561.75	1.686651918801424e-45
2561.875	1.9264146140835996e-45
2562.0	1.783440722024809e-45
2562.125	1.591974967992721e-45
2562.25	1.562223648750625e-45
2562.375	1.513118041797124e-45
2562.5	1.4316950980360086e-45
2562.625	1.308005450984164e-45
2562.75	1.476203132689321e-45
2562.875	1.6056141962534562e-45
2563.0	1.4756728883021442e-45
2563.125	1.6743604691024998e-45
2563.25	1.601963962309764e-45
2563.375	1.7344336276270238e-45
2563.5	1.628691565416601e-45
2563.625	1.4488504343578238e-45
2563.75	1.5608501416992154e-45
2563.875	1.8230876930121607e-45
2564.0	1.7472624048718238e-45
2564.125	1.701484455894916e-45
2564.25	1.5344618795952642e-45
2564.375	1.897982850564025e-45
2564.5	1.8810954263304087e-45
2564.625	1.5616416581825435e-45
2564.75	1.4611568174565613e-45
2564.875	1.770285681506169e-45
2565.0	1.8071195696324407e-45
2565.125	1.720188316373409e-45
2565.25	1.5569035393186893e-45
2565.375	1.6442780078912034e-45
2565.5	1.6511476367878557e-45
2565.625	1.643218858196496e-45
2565.75	1.6527729215760996e-45
2565.875	1.411198946501184e-45
2566.0	1.481085372856384e-45
2566.125	1.5036120664149688e-45
2566.25	1.686209636091289e-45
2566.375	1.825245928072609e-45
2566.5	1.8443112462480248e-45
2566.625	2.2130881637278408e-45
2566.75	1.972126862563225e-45
2566.875	1.652319575802756e-45
2567.0	1.4950877049804957e-45
2567.125	1.596733508885904e-45
2567.25	1.820736921968836e-45
2567.375	1.8090724217088642e-45
2567.5	2.1891032819253158e-45
2567.625	2.216986677972544e-45
2567.75	1.8891763211983363e-45
2567.875	1.7140756735516087e-45
2568.0	1.581408960226489e-45
2568.125	1.3272938300179357e-45
2568.25	1.5189897466599608e-45
2568.375	1.853912913153921e-45
2568.5	1.569978721423849e-45
2568.625	1.7416743384903838e-45
2568.75	1.9385465008291843e-45
2568.875	1.6298057719476092e-45
2569.0	1.541333780510976e-45
2569.125	1.855047985591824e-45
2569.25	1.763768251612081e-45
2569.375	1.356706648583001e-45
2569.5	1.701767188655361e-45
2569.625	1.633395746614681e-45
2569.75	1.6838799244312362e-45
2569.875	1.655855384993209e-45
2570.0	1.3938001529786886e-45
2570.125	1.4928609654784808e-45
2570.25	1.656972248693776e-45
2570.375	1.719481237690384e-45
2570.5	1.549965640377609e-45
2570.625	1.4383584929358093e-45
2570.75	1.7140688837292247e-45
2570.875	1.735936976588929e-45
2571.0	1.828358164083025e-45
2571.125	2.242111234777969e-45
2571.25	2.1788952455350443e-45
2571.375	1.8442894300264805e-45
2571.5	1.8711790362941288e-45
2571.625	1.821590594569216e-45
2571.75	1.8348917115244957e-45
2571.875	1.7831892886862758e-45
2572.0	1.7500244868904365e-45
2572.125	1.6045795121832084e-45
2572.25	1.3601092479562807e-45
2572.375	1.812415797915529e-45
2572.5	1.9430165138749208e-45
2572.625	1.7270177441044088e-45
2572.75	1.7931218066823607e-45
2572.875	1.8256912132596636e-45
2573.0	1.6882667223215292e-45
2573.125	1.5291262571539355e-45
2573.25	1.524998408307984e-45
2573.375	1.6084449540089287e-45
2573.5	1.4904728837294486e-45
2573.625	1.5838865349171843e-45
2573.75	1.8183487776942005e-45
2573.875	1.786223972370049e-45
2574.0	1.7177059292866557e-45
2574.125	1.886353825230625e-45
2574.25	1.863396018719041e-45
2574.375	1.506934558755025e-45
2574.5	1.3747130499571284e-45
2574.625	1.5749866919544042e-45
2574.75	1.6446267537840035e-45
2574.875	1.5108291680169954e-45
2575.0	1.4981235487712008e-45
2575.125	1.773613843347025e-45
2575.25	1.561451505222436e-45
2575.375	1.601666113514041e-45
2575.5	1.7465070720778238e-45
2575.625	1.663855508448225e-45
2575.75	1.617744205458481e-45
2575.875	1.6693579413817292e-45
2576.0	1.7522215076070252e-45
2576.125	1.561131448456336e-45
2576.25	1.4149250879401002e-45
2576.375	1.4795323767960994e-45
2576.5	1.5878542577563212e-45
2576.625	1.5918823225600006e-45
2576.75	1.2906456457602491e-45
2576.875	1.509081251141025e-45
2577.0	1.757883810765625e-45
2577.125	1.837823267365281e-45
2577.25	1.721233068160516e-45
2577.375	1.6541531795235236e-45
2577.5	1.550745571563049e-45
2577.625	1.5721093362275562e-45
2577.75	1.7920435195262252e-45
2577.875	1.743820678928241e-45
2578.0	1.6727493867490813e-45
2578.125	1.6642317802300085e-45
2578.25	1.7271228028168885e-45
2578.375	1.3332981210660249e-45
2578.5	1.4597351139904e-45
2578.625	1.7525630144133757e-45
2578.75	1.6794920303392362e-45
2578.875	1.8249421809129638e-45
2579.0	1.985810791378969e-45
2579.125	1.400193834458896e-45
2579.25	1.448858351632384e-45
2579.375	1.9120437950479286e-45
2579.5	1.827612517842225e-45
2579.625	1.6309462865205762e-45
2579.75	1.5196140998439842e-45
2579.875	1.654112020442176e-45
2580.0	1.846954797868944e-45
2580.125	2.061439582680241e-45
2580.25	1.8416548252240366e-45
2580.375	1.7105954188290248e-45
2580.5	1.8073994678174407e-45
2580.625	1.676868675470569e-45
2580.75	1.7101389248382753e-45
2580.875	1.906965927530041e-45
2581.0	1.6796180101584488e-45
2581.125	1.941124458541636e-45
2581.25	1.9726315545764885e-45
2581.375	1.932303038604961e-45
2581.5	1.828803486598144e-45
2581.625	1.917838410369424e-45
2581.75	1.8162738935952248e-45
2581.875	1.6284504006079687e-45
2582.0	1.6823545027452247e-45
2582.125	1.805511935411856e-45
2582.25	1.8779506528675838e-45
2582.375	1.83106112281e-45
2582.5	1.8819874255706408e-45
2582.625	1.8723635173058558e-45
2582.75	1.703661369337489e-45
2582.875	1.7104045921334447e-45
2583.0	1.664384764984384e-45
2583.125	1.930974857093881e-45
2583.25	1.977194652441649e-45
2583.375	1.613882945078244e-45
2583.5	1.6246253087028807e-45
2583.625	1.7628864198010804e-45
2583.75	1.908768478197025e-45
2583.875	1.8403834878954808e-45
2584.0	1.858725164314225e-45
2584.125	1.912038897635689e-45
2584.25	1.7442517427776004e-45
2584.375	1.571091451904016e-45
2584.5	1.6508781609999994e-45
2584.625	1.6954830699475358e-45
2584.75	1.412210477613321e-45
2584.875	1.5910988144164e-45
2585.0	1.607053115796489e-45
2585.125	1.573461765603225e-45
2585.25	1.759906873147536e-45
2585.375	1.6562465415460804e-45
2585.5	1.593396986560129e-45
2585.625	1.8591896920956838e-45
2585.75	1.7078662124902438e-45
2585.875	1.7855862694152037e-45
2586.0	1.900655073829009e-45
2586.125	1.616295199674276e-45
2586.25	1.6874453804897288e-45
2586.375	2.034245338606881e-45
2586.5	1.859710597907044e-45
2586.625	1.744671999871441e-45
2586.75	1.488547497726601e-45
2586.875	1.554656055982129e-45
2587.0	1.5140898902708638e-45
2587.125	1.7662589787494555e-45
2587.25	1.751054155668801e-45
2587.375	1.583528690867776e-45
2587.5	1.811492518503424e-45
2587.625	1.948150597103881e-45
2587.75	1.776277645436281e-45
2587.875	1.6505953000953607e-45
2588.0	1.6111442982398435e-45
2588.125	1.7166349861024363e-45
2588.25	1.837846760113225e-45
2588.375	1.667285624743281e-45
2588.5	1.432562470528849e-45
2588.625	1.495924098043684e-45
2588.75	1.524423316050496e-45
2588.875	1.4891654863458492e-45
2589.0	1.453437698544484e-45
2589.125	1.847862051138756e-45
2589.25	2.0561089886582437e-45
2589.375	2.0679060488352247e-45
2589.5	1.9928711113122248e-45
2589.625	1.5900462491474562e-45
2589.75	1.6209308893377962e-45
2589.875	1.713736778468416e-45
2590.0	1.6102593534733692e-45
2590.125	1.554847608581136e-45
2590.25	1.839395469054276e-45
2590.375	1.900693090169721e-45
2590.5	1.7347438248655358e-45
2590.625	2.0525685770995236e-45
2590.75	1.8780979958727842e-45
2590.875	1.9507577210686887e-45
2591.0	2.251613724173584e-45
2591.125	1.8306360626804888e-45
2591.25	1.7531030130253285e-45
2591.375	1.9716347567728366e-45
2591.5	1.934506224252484e-45
2591.625	1.9867966348090085e-45
2591.75	1.631643648044881e-45
2591.875	1.616440658030289e-45
2592.0	1.6165344174102012e-45
2592.125	1.7769012067296354e-45
2592.25	1.566150073248996e-45
2592.375	1.549030989468361e-45
2592.5	1.5126713607417763e-45
2592.625	1.7598562803108807e-45
2592.75	1.9196344366586885e-45
2592.875	1.912541264877321e-45
2593.0	1.6085629463272358e-45
2593.125	1.4682314959650808e-45
2593.25	1.705128861758436e-45
2593.375	1.7712433484441642e-45
2593.5	1.862334950538841e-45
2593.625	1.8724890047747557e-45
2593.75	1.631637992944521e-45
2593.875	1.7476279255296e-45
2594.0	1.5718147517621608e-45
2594.125	1.448335553456016e-45
2594.25	1.8102143628649958e-45
2594.375	1.6352559451368037e-45
2594.5	1.6778834778245763e-45
2594.625	1.845311409439744e-45
2594.75	1.8330015192634887e-45
2594.875	1.7532092808809643e-45
2595.0	1.606334096493604e-45
2595.125	1.3367356774688161e-45
2595.25	1.346059386897124e-45
2595.375	1.3152187667430252e-45
2595.5	1.5897867507369e-45
2595.625	1.7840618222803354e-45
2595.75	1.895051479131721e-45
2595.875	1.9716887513048044e-45
2596.0	2.0640342765427356e-45
2596.125	1.959706732530625e-45
2596.25	1.817814340875556e-45
2596.375	1.8397989831228838e-45
2596.5	1.982313735405124e-45
2596.625	1.619841615529536e-45
2596.75	1.3097040849475561e-45
2596.875	1.4467157677040884e-45
2597.0	1.9822414304169e-45
2597.125	2.0108159951471288e-45
2597.25	1.6612387743402093e-45
2597.375	1.7084163930040356e-45
2597.5	1.6456956063462754e-45
2597.625	1.6429494627559683e-45
2597.75	1.955830812250176e-45
2597.875	1.7951122476252248e-45
2598.0	1.885259145824041e-45
2598.125	2.1158694540135605e-45
2598.25	1.566590886313489e-45
2598.375	1.3891429457792644e-45
2598.5	1.5131585746369215e-45
2598.625	1.5671848828345957e-45
2598.75	1.7017643834878092e-45
2598.875	1.7294278332320997e-45
2599.0	1.5291538647336092e-45
2599.125	1.6704509023225e-45
2599.25	1.7839485413442248e-45
2599.375	1.7216010011523998e-45
2599.5	1.7855179840521e-45
2599.625	1.8686627505930238e-45
2599.75	1.5928392299521002e-45
2599.875	1.706165230897009e-45
2600.0	1.7367356950539207e-45
2600.125	1.5667344865080088e-45
2600.25	1.5752218805742248e-45
2600.375	1.4615999561891288e-45
2600.5	1.793737475041444e-45
2600.625	1.6278243271530245e-45
2600.75	1.5544211461179038e-45
2600.875	1.6618361001093762e-45
2601.0	1.699262847517456e-45
2601.125	1.830259736956225e-45
2601.25	1.8838830834532838e-45
2601.375	1.616902083339841e-45
2601.5	1.7659323609080038e-45
2601.625	1.6669260739360362e-45
2601.75	1.7449330675808157e-45
2601.875	1.874799244298304e-45
2602.0	1.6937271932768888e-45
2602.125	1.6245784727235996e-45
2602.25	1.8890818302177605e-45
2602.375	1.8892412579524086e-45
2602.5	1.7801579445187237e-45
2602.625	1.8739710268357687e-45
2602.75	1.830515066061361e-45
2602.875	2.0887137531927036e-45
2603.0	2.1781498514464086e-45
2603.125	1.8421103479549687e-45
2603.25	1.980731786300569e-45
2603.375	1.613908334616484e-45
2603.5	1.8399166830625e-45
2603.625	2.0411184576301208e-45
2603.75	1.7396111511533155e-45
2603.875	1.7213763698177285e-45
2604.0	1.6777134080099998e-45
2604.125	1.458645515759524e-45
2604.25	1.639156196412036e-45
2604.375	1.8392404744586883e-45
2604.5	1.525552439339041e-45
2604.625	1.5891120264142243e-45
2604.75	1.9868824842916002e-45
2604.875	2.112678632365456e-45
2605.0	1.7307677566350087e-45
2605.125	1.597542144640225e-45
2605.25	1.752740102016121e-45
2605.375	1.474674664629049e-45
2605.5	1.5595397918380812e-45
2605.625	1.6043749065132003e-45
2605.75	1.5834725028369e-45
2605.875	1.6117983904896808e-45
2606.0	1.7623010892528998e-45
2606.125	1.7208271759853157e-45
2606.25	1.6094549670681693e-45
2606.375	1.5905312505462248e-45
2606.5	1.812722162405625e-45
2606.625	1.946113637989284e-45
2606.75	1.9024025615716e-45
2606.875	1.731172905457956e-45
2607.0	1.6704618558086566e-45
2607.125	1.7615366366008954e-45
2607.25	1.651226874654681e-45
2607.375	1.7344774400553645e-45
2607.5	1.585228969424356e-45
2607.625	1.615982996902681e-45
2607.75	1.555577020166416e-45
2607.875	1.7774365940383354e-45
2608.0	1.679625305165823e-45
2608.125	1.640183742669124e-45
2608.25	1.672649348657296e-45
2608.375	1.9205974934428837e-45
2608.5	1.9154975938944036e-45
2608.625	1.9177785018327035e-45
2608.75	1.855158763974916e-45
2608.875	1.4114748441599997e-45
2609.0	1.5521035165950255e-45
2609.125	1.974387109973776e-45
2609.25	2.074624130033764e-45
2609.375	1.877903590996225e-45
2609.5	1.666824822018756e-45
2609.625	1.7323305326256248e-45
2609.75	1.832892346293264e-45
2609.875	1.8149045020764157e-45
2610.0	1.5856775562014888e-45
2610.125	1.5179281965176038e-45
2610.25	1.585705828930084e-45
2610.375	1.4866522738369e-45
2610.5	1.6333675368633635e-45
2610.625	1.8645096364810236e-45
2610.75	1.966185117322596e-45
2610.875	1.921550884908004e-45
2611.0	1.9328433198049958e-45
2611.125	1.4382303827840638e-45
2611.25	1.5659818065101438e-45
2611.375	1.8646225969881757e-45
2611.5	1.6246556194382887e-45
2611.625	1.7086849853550488e-45
2611.75	1.834451301945025e-45
2611.875	1.7206705402931562e-45
2612.0	1.7943973882675837e-45
2612.125	1.6538436855455288e-45
2612.25	1.856811787566121e-45
2612.375	1.805673575995524e-45
2612.5	1.5668934518400252e-45
2612.625	1.6025246751501156e-45
2612.75	1.7724580785260412e-45
2612.875	1.630423827549049e-45
2613.0	1.7565910160070254e-45
2613.125	1.6457391757795213e-45
2613.25	1.767716014966225e-45
2613.375	1.848530899757025e-45
2613.5	1.8395201041991288e-45
2613.625	1.881777896927296e-45
2613.75	1.818002881422025e-45
2613.875	1.5963196388529608e-45
2614.0	1.549460490796968e-45
2614.125	1.6433599287173758e-45
2614.25	1.5897137855762248e-45
2614.375	1.4624646370898562e-45
2614.5	1.648735408972129e-45
2614.625	1.700752693873489e-45
2614.75	1.602750861365641e-45
2614.875	1.6309466096004002e-45
2615.0	1.586153606983936e-45
2615.125	1.5666058476583842e-45
2615.25	1.5601262884523558e-45
2615.375	1.668472915833025e-45
2615.5	1.4103289785964085e-45
2615.625	1.3901827088037155e-45
2615.75	1.6636180353006762e-45
2615.875	1.6337750257202892e-45
2616.0	1.7117996839578004e-45
2616.125	2.036884426004736e-45
2616.25	1.887092765743761e-45
2616.375	1.825528679154436e-45
2616.5	1.9732757924217608e-45
2616.625	1.732872234239524e-45
2616.75	1.5795600204550408e-45
2616.875	1.443079178845924e-45
2617.0	1.750027833555556e-45
2617.125	1.613161515729124e-45
2617.25	1.6558099728060255e-45
2617.375	1.9278246490000007e-45
2617.5	1.776095832637504e-45
2617.625	1.7959878625354084e-45
2617.75	2.065955664256225e-45
2617.875	2.0125391985368886e-45
2618.0	1.5804140685540837e-45
2618.125	1.3447117088367209e-45
2618.25	1.539198707460129e-45
2618.375	1.5261324324050253e-45
2618.5	1.6079682962704002e-45
2618.625	1.660374973794601e-45
2618.75	1.699452556989889e-45
2618.875	1.7888392795875835e-45
2619.0	1.781699211212041e-45
2619.125	1.819629801380161e-45
2619.25	1.7148436726702412e-45
2619.375	1.5846382504752247e-45
2619.5	1.4962446716676842e-45
2619.625	1.6185046361934493e-45
2619.75	1.7061737398927358e-45
2619.875	1.876115763479104e-45
2620.0	1.969645822398864e-45
2620.125	1.798554833434384e-45
2620.25	1.8406514491185957e-45
2620.375	1.801198332037729e-45
2620.5	1.717609611954916e-45
2620.625	1.614232470510144e-45
2620.75	1.866477780373504e-45
2620.875	1.9903468937964157e-45
2621.0	2.0493786945640963e-45
2621.125	1.8812687432240248e-45
2621.25	1.7698165789793438e-45
2621.375	2.0491085317263998e-45
2621.5	1.9128274617896885e-45
2621.625	1.8078925732624e-45
2621.75	1.875548477605609e-45
2621.875	1.8451600317662757e-45
2622.0	1.9206613026224998e-45
2622.125	1.825738129023649e-45
2622.25	1.8050823737601207e-45
2622.375	2.0579402192046758e-45
2622.5	2.041712059054864e-45
2622.625	2.038487824947456e-45
2622.75	2.0620952552694007e-45
2622.875	1.6437397141636003e-45
2623.0	1.536581592555025e-45
2623.125	1.7676502584254887e-45
2623.25	1.5744109786071042e-45
2623.375	1.6618315343626237e-45
2623.5	1.734222652712001e-45
2623.625	1.7983176880437758e-45
2623.75	1.9939572997550007e-45
2623.875	1.7313847766477437e-45
2624.0	1.5550535269838893e-45
2624.125	1.5890720832698888e-45
2624.25	1.7510304711398566e-45
2624.375	1.806669754383844e-45
2624.5	1.9640358426931358e-45
2624.625	2.1366784221599614e-45
2624.75	2.2757580564688356e-45
2624.875	1.9587172777304038e-45
2625.0	1.679735715807241e-45
2625.125	1.6012003050300007e-45
2625.25	1.882071934419609e-45
2625.375	1.661689917796561e-45
2625.5	1.899291445501321e-45
2625.625	2.000577166307344e-45
2625.75	1.9319664231396e-45
2625.875	1.7841247576878008e-45
2626.0	1.5695109676389153e-45
2626.125	1.5230024506408958e-45
2626.25	1.519014924109764e-45
2626.375	1.7426508693048998e-45
2626.5	1.8259766481767043e-45
2626.625	1.910183579688609e-45
2626.75	2.0416178035902247e-45
2626.875	2.2629809174984004e-45
2627.0	1.9318637476327843e-45
2627.125	1.5818041886976043e-45
2627.25	1.6911948907395996e-45
2627.375	1.7253400638073693e-45
2627.5	2.0688224561760998e-45
2627.625	1.8677340685095206e-45
2627.75	1.5540921917445762e-45
2627.875	1.5614519794049438e-45
2628.0	1.6778110578324638e-45
2628.125	1.721690293481536e-45
2628.25	1.641856461149584e-45
2628.375	1.985458674612196e-45
2628.5	1.967003483933569e-45
2628.625	1.8478051370988158e-45
2628.75	2.110607823587904e-45
2628.875	1.9631798116062243e-45
2629.0	1.8507366615957212e-45
2629.125	1.5441551035561212e-45
2629.25	1.9064129456751206e-45
2629.375	1.8807765718622405e-45
2629.5	1.9810513480540084e-45
2629.625	1.6556632419849634e-45
2629.75	1.914336647315689e-45
2629.875	1.7868612819235237e-45
2630.0	1.8185155974192485e-45
2630.125	1.7308123547990892e-45
2630.25	1.9639543880756245e-45
2630.375	1.9688336507146807e-45
2630.5	1.8180697384912406e-45
2630.625	1.815591562038081e-45
2630.75	1.9977772016430007e-45
2630.875	2.011110528995649e-45
2631.0	1.615778790956001e-45
2631.125	1.6184468655056252e-45
2631.25	1.707596610101776e-45
2631.375	1.7678847844732843e-45
2631.5	1.938120060087225e-45
2631.625	1.783351193846049e-45
2631.75	1.779531280929081e-45
2631.875	2.13098831619164e-45
2632.0	1.9194869628025e-45
2632.125	1.683886654195344e-45
2632.25	1.5814212084655687e-45
2632.375	1.493858444716225e-45
2632.5	1.5133234345257638e-45
2632.625	1.6446038814086553e-45
2632.75	1.9135739311810558e-45
2632.875	1.801681082933796e-45
2633.0	1.811333767094289e-45
2633.125	2.087043205852224e-45
2633.25	1.7262190200752637e-45
2633.375	1.8564248528900007e-45
2633.5	1.9356311215728637e-45
2633.625	1.6621180471227238e-45
2633.75	1.7108402749130252e-45
2633.875	1.908704604748176e-45
2634.0	1.7244153201663998e-45
2634.125	1.503254181199684e-45
2634.25	1.8194754711961e-45
2634.375	1.959544358761081e-45
2634.5	1.703441460927361e-45
2634.625	1.6139608819534242e-45
2634.75	1.6340804533851207e-45
2634.875	1.7210527671383288e-45
2635.0	1.648938113480161e-45
2635.125	1.814225409375625e-45
2635.25	2.0987049851406243e-45
2635.375	2.0256843278056092e-45
2635.5	1.5380078354582486e-45
2635.625	1.7274314312643995e-45
2635.75	1.8351341692331563e-45
2635.875	1.7248127476482247e-45
2636.0	1.924673151983409e-45
2636.125	1.8262665498255997e-45
2636.25	1.7310480856099558e-45
2636.375	1.856320844141764e-45
2636.5	2.0912013464190242e-45
2636.625	1.6155377802250087e-45
2636.75	1.4250445310566437e-45
2636.875	1.816875365282041e-45
2637.0	2.0372828695129002e-45
2637.125	1.717720269361321e-45
2637.25	1.5745708884247693e-45
2637.375	1.5483797661948485e-45
2637.5	1.7673594139206758e-45
2637.625	2.2458023376706084e-45
2637.75	2.073575655513961e-45
2637.875	1.8848774202806248e-45
2638.0	1.870061785012521e-45
2638.125	1.9857418984488957e-45
2638.25	2.2966515007856638e-45
2638.375	2.066250845185024e-45
2638.5	2.062340387348004e-45
2638.625	1.7814574395092247e-45
2638.75	1.7681997247010887e-45
2638.875	2.0774532629117438e-45
2639.0	1.8707628393638558e-45
2639.125	1.626902463944641e-45
2639.25	1.8686760648505958e-45
2639.375	1.7281908593952253e-45
2639.5	1.6934402733477607e-45
2639.625	1.910424667644025e-45
2639.75	1.8921925804356e-45
2639.875	1.6663450603921002e-45
2640.0	1.577266689343489e-45
2640.125	1.6351593799068162e-45
2640.25	1.433619036638244e-45
2640.375	1.4224182078016002e-45
2640.5	1.655486896905625e-45
2640.625	1.585512225517081e-45
2640.75	1.621046761950625e-45
2640.875	1.6947885801960998e-45
2641.0	1.6258894095377606e-45
2641.125	1.7828705672987037e-45
2641.25	1.460181858330276e-45
2641.375	1.4560835619475685e-45
2641.5	1.807956267764761e-45
2641.625	1.915680016584324e-45
2641.75	2.0197244005263357e-45
2641.875	1.904743657670161e-45
2642.0	1.773588237948081e-45
2642.125	1.7781220074706562e-45
2642.25	1.7860931262180247e-45
2642.375	1.9996523020707838e-45
2642.5	2.120091099535809e-45
2642.625	2.046055499889025e-45
2642.75	1.807758980027001e-45
2642.875	1.780050525516025e-45
2643.0	1.901419746193984e-45
2643.125	1.9445340319906407e-45
2643.25	1.7334080252030888e-45
2643.375	1.9432939611648638e-45
2643.5	2.0524360159847613e-45
2643.625	2.150092414689921e-45
2643.75	2.0538621560371354e-45
2643.875	2.1411891408102246e-45
2644.0	2.110439589709441e-45
2644.125	1.861031472826276e-45
2644.25	1.6747625628427687e-45
2644.375	1.5280796210542808e-45
2644.5	1.6662745226406757e-45
2644.625	1.7109943943322242e-45
2644.75	2.1349635705035556e-45
2644.875	2.143281468265744e-45
2645.0	1.9736404215029293e-45
2645.125	2.1491476092100002e-45
2645.25	2.0092674464716088e-45
2645.375	1.5613060926499562e-45
2645.5	1.7341841738703684e-45
2645.625	1.559702262080356e-45
2645.75	1.703706690064324e-45
2645.875	1.8710368095632887e-45
2646.0	1.8009529492684963e-45
2646.125	1.8469143144990804e-45
2646.25	1.6170060699361958e-45
2646.375	1.848205531359121e-45
2646.5	1.822874638058496e-45
2646.625	2.2238396150208157e-45
2646.75	2.3019662090160998e-45
2646.875	2.0210745741877686e-45
2647.0	2.0339515508199038e-45
2647.125	1.979289628467264e-45
2647.25	1.721118729831424e-45
2647.375	1.6167617509685762e-45
2647.5	1.6976703982176156e-45
2647.625	1.986836572863025e-45
2647.75	2.1330338112788407e-45
2647.875	1.7653571129194093e-45
2648.0	1.7913847165110087e-45
2648.125	1.884602004472009e-45
2648.25	2.0164397158962248e-45
2648.375	1.8417967891456e-45
2648.5	1.893361327123984e-45
2648.625	1.662843326656576e-45
2648.75	1.7284549317454805e-45
2648.875	1.7277802403637755e-45
2649.0	1.912204713510169e-45
2649.125	1.907504576800144e-45
2649.25	1.8714840979864083e-45
2649.375	1.961785870370704e-45
2649.5	1.7845612811886246e-45
2649.625	1.5401403559228837e-45
2649.75	1.759506177675024e-45
2649.875	1.850848257648196e-45
2650.0	1.9480073282476966e-45
2650.125	2.039368608478161e-45
2650.25	1.8989900522244086e-45
2650.375	1.633140897731044e-45
2650.5	1.4359505371478443e-45
2650.625	1.7480761000000002e-45
2650.75	1.728460585908081e-45
2650.875	1.6674204560835998e-45
2651.0	1.615061278230625e-45
2651.125	1.8055792422836636e-45
2651.25	1.8977250366489958e-45
2651.375	1.799855339788804e-45
2651.5	1.6686895750624096e-45
2651.625	1.933119336366009e-45
2651.75	2.1182350859069438e-45
2651.875	1.648734759298225e-45
2652.0	1.8173836591930888e-45
2652.125	1.708905314632464e-45
2652.25	1.6209840340109157e-45
2652.375	1.8697157608441e-45
2652.5	1.805131488211921e-45
2652.625	1.800614058251449e-45
2652.75	1.7500291722224998e-45
2652.875	1.910017152210049e-45
2653.0	2.252895372855625e-45
2653.125	1.9050414916619603e-45
2653.25	1.6293840852968998e-45
2653.375	1.8168177369810247e-45
2653.5	2.14820282596668e-45
2653.625	2.0915782672181766e-45
2653.75	1.827993787441936e-45
2653.875	1.5868645107790242e-45
2654.0	1.8624591520635236e-45
2654.125	1.8111995360760996e-45
2654.25	1.7921362289769e-45
2654.375	1.6985023845778807e-45
2654.5	1.542768196935744e-45
2654.625	1.846191361394241e-45
2654.75	1.7866670083922558e-45
2654.875	1.856520936468496e-45
2655.0	1.861117753174276e-45
2655.125	1.6499649836971208e-45
2655.25	1.6037362586489762e-45
2655.375	1.9344683990384638e-45
2655.5	1.6950262091244158e-45
2655.625	1.814559615131904e-45
2655.75	2.0257639020291686e-45
2655.875	2.109993448662225e-45
2656.0	1.9122094362194893e-45
2656.125	1.8729814755379362e-45
2656.25	2.166887790224964e-45
2656.375	1.839456542320996e-45
2656.5	1.4422992410882252e-45
2656.625	1.9567712324556492e-45
2656.75	1.8822045147531608e-45
2656.875	1.6749756192491558e-45
2657.0	1.734348419869081e-45
2657.125	2.173024698498369e-45
2657.25	2.153082312137124e-45
2657.375	1.9732163568099998e-45
2657.5	1.7784436778736034e-45
2657.625	1.409979068897344e-45
2657.75	1.6735303265280248e-45
2657.875	1.5991566711548488e-45
2658.0	1.5131181973923997e-45
2658.125	1.8017468751661203e-45
2658.25	1.7374796584833965e-45
2658.375	1.667575139090116e-45
2658.5	1.6282910059597437e-45
2658.625	2.1261934267422248e-45
2658.75	2.301759041175801e-45
2658.875	1.813423202670249e-45
2659.0	1.7152864641442894e-45
2659.125	1.805618250249489e-45
2659.25	1.7881558629744642e-45
2659.375	1.673574426510336e-45
2659.5	1.9232177842130492e-45
2659.625	1.820011943913604e-45
2659.75	1.502716309063225e-45
2659.875	1.9622996032182004e-45
2660.0	2.219635993938169e-45
2660.125	1.8993543767858888e-45
2660.25	1.738387050972961e-45
2660.375	1.7758476988928633e-45
2660.5	2.002619511905769e-45
2660.625	1.8637337731862888e-45
2660.75	1.962667735624036e-45
2660.875	1.8192540968712247e-45
2661.0	1.458740921480089e-45
2661.125	1.5788829402255997e-45
2661.25	1.3085770141990807e-45
2661.375	1.3178997497463207e-45
2661.5	1.587796000676964e-45
2661.625	1.8564846570852485e-45
2661.75	1.7997301890935295e-45
2661.875	1.849679548425801e-45
2662.0	1.9001805119236e-45
2662.125	1.6972663876394487e-45
2662.25	1.678138516777921e-45
2662.375	1.6332202681343994e-45
2662.5	1.7530709406960998e-45
2662.625	1.6514832932949162e-45
2662.75	1.937563371488644e-45
2662.875	1.9676439632456887e-45
2663.0	1.808561634132969e-45
2663.125	1.921173567465636e-45
2663.25	1.9050082329599998e-45
2663.375	2.1318711293961002e-45
2663.5	2.103148588569604e-45
2663.625	2.014503886400625e-45
2663.75	1.754136769997056e-45
2663.875	1.7694134108448158e-45
2664.0	1.7906116959844e-45
2664.125	1.915871464707561e-45
2664.25	1.8489211388408886e-45
2664.375	1.9167363831803038e-45
2664.5	1.7648510226168995e-45
2664.625	1.780654831213636e-45
2664.75	2.001874393620721e-45
2664.875	1.7034384067438237e-45
2665.0	1.7447854470556405e-45
2665.125	1.90751436001e-45
2665.25	1.865682416054116e-45
2665.375	1.8238359176576644e-45
2665.5	1.6280630246431685e-45
2665.625	1.6114333927315684e-45
2665.75	1.7642232790649646e-45
2665.875	1.6173968738981292e-45
2666.0	2.039919860982784e-45
2666.125	2.279086117050625e-45
2666.25	2.1592922171942248e-45
2666.375	1.857614999603364e-45
2666.5	1.8235967697024638e-45
2666.625	1.6944050002488012e-45
2666.75	1.704292776852561e-45
2666.875	1.791047996600625e-45
2667.0	1.785488489911681e-45
2667.125	1.8421191894470566e-45
2667.25	1.7727523737323558e-45
2667.375	1.9334090034792087e-45
2667.5	2.1801983344488363e-45
2667.625	1.836464116088196e-45
2667.75	1.8224296965056245e-45
2667.875	1.9472207234009756e-45
2668.0	1.8424035877864407e-45
2668.125	1.9664417753764e-45
2668.25	1.590837475172416e-45
2668.375	1.676352586591225e-45
2668.5	1.8373759049321288e-45
2668.625	1.9073021922742407e-45
2668.75	1.762660790274916e-45
2668.875	1.6911641300227558e-45
2669.0	2.055588831314404e-45
2669.125	2.1278368516243243e-45
2669.25	1.8002006085704413e-45
2669.375	1.5832554799604488e-45
2669.5	2.0384413211082007e-45
2669.625	1.8717246349454886e-45
2669.75	1.8054791322649e-45
2669.875	1.8453347781696e-45
2670.0	1.738773158562801e-45
2670.125	1.7146966679388158e-45
2670.25	1.6414610924726007e-45
2670.375	1.8750656289127842e-45
2670.5	2.0072476085684884e-45
2670.625	1.6458908213763998e-45
2670.75	1.759417671740569e-45
2670.875	1.8288109276308012e-45
2671.0	2.0111731336710245e-45
2671.125	1.715354221417225e-45
2671.25	1.7433722152566805e-45
2671.375	1.7642670461060408e-45
2671.5	1.6365770884369e-45
2671.625	1.683713079823329e-45
2671.75	1.8222796018198884e-45
2671.875	1.8021482762480886e-45
2672.0	1.7018776645924e-45
2672.125	1.634581827321444e-45
2672.25	1.766232922177476e-45
2672.375	1.917593264250889e-45
2672.5	1.831926371418081e-45
2672.625	1.8646119744094086e-45
2672.75	1.9007259624038567e-45
2672.875	1.7861874566827206e-45
2673.0	1.941441866745616e-45
2673.125	1.9281686317808887e-45
2673.25	1.930727554602025e-45
2673.375	1.7744047537318554e-45
2673.5	1.696800883371049e-45
2673.625	1.9815856701500245e-45
2673.75	2.1142801336152037e-45
2673.875	1.9363026438267208e-45
2674.0	1.864319735817361e-45
2674.125	1.8155296079770238e-45
2674.25	1.576168051166289e-45
2674.375	1.5347942346025002e-45
2674.5	1.7396264999689e-45
2674.625	1.8565740204804e-45
2674.75	2.0392747683888998e-45
2674.875	1.845675445755625e-45
2675.0	1.584121670652676e-45
2675.125	1.4210013834535835e-45
2675.25	1.5947543865093754e-45
2675.375	1.5607391273284807e-45
2675.5	1.5887582161928998e-45
2675.625	1.693816253688001e-45
2675.75	1.8657231045962886e-45
2675.875	1.6931045766119038e-45
2676.0	1.695624225049764e-45
2676.125	1.8090935182335996e-45
2676.25	1.8562077045454406e-45
2676.375	1.8130810113235213e-45
2676.5	1.7234186721900846e-45
2676.625	1.6033628050921686e-45
2676.75	1.7332523999931036e-45
2676.875	1.814770990816641e-45
2677.0	1.8900527572191693e-45
2677.125	1.9729155499401958e-45
2677.25	1.6115495676920994e-45
2677.375	1.7578875842089e-45
2677.5	1.651262796447289e-45
2677.625	1.579405818744121e-45
2677.75	1.821461873673744e-45
2677.875	1.834567288758801e-45
2678.0	1.9354488952251687e-45
2678.125	1.6491716939000248e-45
2678.25	1.797883131708304e-45
2678.375	1.842922480308529e-45
2678.5	1.8544090501225e-45
2678.625	1.6693574510884408e-45
2678.75	1.9889298706564e-45
2678.875	1.990611905643076e-45
2679.0	1.7181843232741688e-45
2679.125	1.842381782850625e-45
2679.25	1.7511654667310404e-45
2679.375	1.729864268339769e-45
2679.5	1.9499483052519608e-45
2679.625	1.728162258311241e-45
2679.75	1.8061233522201e-45
2679.875	1.7689871559302407e-45
2680.0	1.637350915141249e-45
2680.125	1.5268018582733434e-45
2680.25	1.5227409899145962e-45
2680.375	1.997312116924804e-45
2680.5	2.0007951756020007e-45
2680.625	1.862909212290624e-45
2680.75	1.7149628546520996e-45
2680.875	1.5379068129840248e-45
2681.0	1.5348144497172643e-45
2681.125	1.7329161934560998e-45
2681.25	1.6664899777022245e-45
2681.375	1.7127092858516635e-45
2681.5	1.8128205144729e-45
2681.625	1.8401134871439356e-45
2681.75	1.9794656316865958e-45
2681.875	1.9073766112315286e-45
2682.0	1.945322563967721e-45
2682.125	1.764581831969476e-45
2682.25	1.8733565410795208e-45
2682.375	1.898692691668081e-45
2682.5	1.794036157572096e-45
2682.625	1.938536902534761e-45
2682.75	1.7409656944641612e-45
2682.875	1.7972865927698892e-45
2683.0	1.820402745127684e-45
2683.125	1.608281167631161e-45
2683.25	1.7365609180200958e-45
2683.375	1.993193436588025e-45
2683.5	1.779130972624515e-45
2683.625	1.853993430784576e-45
2683.75	1.8768917734258806e-45
2683.875	2.2120114696646762e-45
2684.0	2.111411138608836e-45
2684.125	1.9324106492112486e-45
2684.25	1.8740240134200006e-45
2684.375	1.9253651491142885e-45
2684.5	1.818928500614404e-45
2684.625	1.7962704574697604e-45
2684.75	1.902594304712644e-45
2684.875	1.987060518672849e-45
2685.0	2.071093291858756e-45
2685.125	2.0210415763520158e-45
2685.25	1.7880929410791038e-45
2685.375	1.6533691301361638e-45
2685.5	1.6455596279880042e-45
2685.625	1.6943696001238413e-45
2685.75	1.8512735064391836e-45
2685.875	2.026218243169156e-45
2686.0	2.0259370983889208e-45
2686.125	1.9787691389561638e-45
2686.25	2.0338703727963042e-45
2686.375	2.0327081713692248e-45
2686.5	1.7835667409670245e-45
2686.625	1.696674672685521e-45
2686.75	1.5948728340678808e-45
2686.875	1.843729810755625e-45
2687.0	1.9607853519315357e-45
2687.125	1.827199399537009e-45
2687.25	1.786910908753161e-45
2687.375	1.609566416837604e-45
2687.5	1.914811398239364e-45
2687.625	1.848933952589824e-45
2687.75	1.6551018511412495e-45
2687.875	1.6987734937924002e-45
2688.0	1.9443350719982252e-45
2688.125	1.6458244502126443e-45
2688.25	1.8105248813691688e-45
2688.375	2.1679788696336e-45
2688.5	1.8132224658025e-45
2688.625	1.690516574955664e-45
2688.75	2.128994280332676e-45
2688.875	2.0776898251124883e-45
2689.0	2.1337985150052487e-45
2689.125	1.9890922085776e-45
2689.25	1.732793558624569e-45
2689.375	1.498803373641924e-45
2689.5	1.528447408101769e-45
2689.625	2.0375639878994558e-45
2689.75	2.400384697425841e-45
2689.875	2.2554442819443236e-45
2690.0	2.128806951888016e-45
2690.125	2.1617803755025e-45
2690.25	1.8864984571456e-45
2690.375	1.904598502590436e-45
2690.5	1.730271391233961e-45
2690.625	1.710860211602116e-45
2690.75	1.64241341289e-45
2690.875	1.683910536759441e-45
2691.0	1.6305107232538892e-45
2691.125	1.9412335481626237e-45
2691.25	1.9577086929840044e-45
2691.375	1.7073170296142488e-45
2691.5	1.6446571694231292e-45
2691.625	1.8579998168484837e-45
2691.75	1.9936116947146408e-45
2691.875	1.8046628038303292e-45
2692.0	1.774024734203929e-45
2692.125	1.7927789110884e-45
2692.25	1.9137273896688998e-45
2692.375	2.004110701617025e-45
2692.5	1.9990390042569957e-45
2692.625	1.8581642211320408e-45
2692.75	1.7069200530823208e-45
2692.875	1.5642202184501755e-45
2693.0	1.913858280447556e-45
2693.125	2.3487003641456636e-45
2693.25	2.039673445609536e-45
2693.375	1.5743678083164157e-45
2693.5	1.698166680957124e-45
2693.625	1.6576503973480092e-45
2693.75	1.628203201e-45
2693.875	1.9981076118388087e-45
2694.0	2.018350058454601e-45
2694.125	1.9816348150202484e-45
2694.25	1.9333433999796008e-45
2694.375	1.864591333875396e-45
2694.5	1.637616613810576e-45
2694.625	1.846197290890404e-45
2694.75	1.765356188564164e-45
2694.875	2.0111864081400087e-45
2695.0	1.856237173933041e-45
2695.125	1.911480283989441e-45
2695.25	2.1409957241010245e-45
2695.375	2.422604560841521e-45
2695.5	1.9949431084257957e-45
2695.625	1.7458446602896357e-45
2695.75	1.802449696041289e-45
2695.875	1.990223673757929e-45
2696.0	1.896380749882116e-45
2696.125	1.7784978266176e-45
2696.25	1.8658318687161763e-45
2696.375	1.5153690193630808e-45
2696.5	1.604610356377744e-45
2696.625	1.907840539599556e-45
2696.75	1.769719400489089e-45
2696.875	1.706376227206249e-45
2697.0	1.804750146487201e-45
2697.125	1.824005209723876e-45
2697.25	1.844676386492416e-45
2697.375	1.683236391325696e-45
2697.5	2.0851841830094886e-45
2697.625	2.1627219077454766e-45
2697.75	2.1235807695702758e-45
2697.875	1.823291366400256e-45
2698.0	1.742760660568225e-45
2698.125	2.0454732976942808e-45
2698.25	2.120431473748449e-45
2698.375	1.8754950364041966e-45
2698.5	1.856377113633025e-45
2698.625	1.879707617804025e-45
2698.75	2.0887680480537642e-45
2698.875	1.9571618505916838e-45
2699.0	2.042019059577025e-45
2699.125	1.785494152091664e-45
2699.25	1.8976584731428836e-45
2699.375	1.9278267565365766e-45
2699.5	1.6761683468712246e-45
2699.625	1.7136379231321e-45
2699.75	1.988323124440689e-45
2699.875	1.823816699831889e-45
2700.0	1.7397641418304003e-45
2700.125	1.992607466831424e-45
2700.25	1.6905976564668838e-45
2700.375	1.820264424006249e-45
2700.5	1.7809726792711835e-45
2700.625	1.826899849578001e-45
2700.75	1.7695256404329e-45
2700.875	2.1080787751647606e-45
2701.0	1.8484129246079288e-45
2701.125	1.6358756803216e-45
2701.25	1.81810990449e-45
2701.375	1.595325259559529e-45
2701.5	1.698968699228304e-45
2701.625	2.0112969108252248e-45
2701.75	1.6941470817603245e-45
2701.875	1.571593454915584e-45
2702.0	1.6172323106399288e-45
2702.125	1.945631757987856e-45
2702.25	1.946166929005924e-45
2702.375	2.0929798763154086e-45
2702.5	1.7862397790448997e-45
2702.625	1.6229862094078092e-45
2702.75	1.7753511463270555e-45
2702.875	2.1627797604444158e-45
2703.0	1.8745928005786237e-45
2703.125	1.710640583531881e-45
2703.25	1.9809260126840248e-45
2703.375	2.300679789021604e-45
2703.5	2.0963194275075612e-45
2703.625	1.906505685929601e-45
2703.75	2.1193071271804886e-45
2703.875	1.9189486393096357e-45
2704.0	1.836704963385616e-45
2704.125	1.858623332956516e-45
2704.25	1.8313854921961e-45
2704.375	2.232395805111696e-45
2704.5	2.2633199197070436e-45
2704.625	1.924871893183044e-45
2704.75	1.8654504739213206e-45
2704.875	1.894296270908196e-45
2705.0	2.0437888518080888e-45
2705.125	2.077809433170025e-45
2705.25	1.7034899980494485e-45
2705.375	1.7440238010031215e-45
2705.5	1.781644760497156e-45
2705.625	1.6120063597404008e-45
2705.75	2.241632731741456e-45
2705.875	1.9277354310082566e-45
2706.0	1.515885011559424e-45
2706.125	1.4055867032340248e-45
2706.25	1.511246809558564e-45
2706.375	1.3376726176788489e-45
2706.5	1.5630514904189155e-45
2706.625	1.4116947851657293e-45
2706.75	1.6216345631865757e-45
2706.875	1.858958671303449e-45
2707.0	1.7538744283526566e-45
2707.125	1.8712377799336358e-45
2707.25	1.812771891602281e-45
2707.375	1.772040297080881e-45
2707.5	2.1081689508696013e-45
2707.625	1.976908037204356e-45
2707.75	1.945720154061124e-45
2707.875	1.680054918871729e-45
2708.0	1.4108293219760633e-45
2708.125	1.4606330278964413e-45
2708.25	1.7394309744681963e-45
2708.375	2.107171982947249e-45
2708.5	2.0665875971896963e-45
2708.625	1.7108401921884158e-45
2708.75	1.9376790518937757e-45
2708.875	1.909527614252164e-45
2709.0	1.608579791266816e-45
2709.125	1.7250877759989763e-45
2709.25	1.902136946115025e-45
2709.375	1.8139438757764e-45
2709.5	1.7432938861784405e-45
2709.625	1.549236522356964e-45
2709.75	1.614634752820324e-45
2709.875	1.8778025356371608e-45
2710.0	1.9329106734143998e-45
2710.125	2.1704693241836162e-45
2710.25	2.1719866905580842e-45
2710.375	1.6309378864563838e-45
2710.5	1.678825899416484e-45
2710.625	1.677707427869929e-45
2710.75	1.7241170927551208e-45
2710.875	1.952322708529216e-45
2711.0	2.0467977559194008e-45
2711.125	1.7520648726902758e-45
2711.25	1.6580751556419615e-45
2711.375	2.0760169495622407e-45
2711.5	2.2264029918006246e-45
2711.625	1.67830328241e-45
2711.75	1.901709209005281e-45
2711.875	1.8870545381380803e-45
2712.0	1.715953658213041e-45
2712.125	1.8069088100625e-45
2712.25	1.7692664408972013e-45
2712.375	2.0446211305951687e-45
2712.5	1.891602688368481e-45
2712.625	1.7359286436835292e-45
2712.75	1.7287816411044e-45
2712.875	1.798759676533369e-45
2713.0	1.9095667679881e-45
2713.125	1.9089902523120484e-45
2713.25	1.966064155063684e-45
2713.375	1.8296510063364e-45
2713.5	1.657907965717056e-45
2713.625	1.6490397952736408e-45
2713.75	2.043051842417161e-45
2713.875	1.9103487031912963e-45
2714.0	1.8975450390724e-45
2714.125	1.6271970025609e-45
2714.25	1.9424292408540007e-45
2714.375	2.1298474210729e-45
2714.5	1.6936088338034405e-45
2714.625	1.813518337259776e-45
2714.75	1.8161464687129e-45
2714.875	1.819502429451876e-45
2715.0	2.2331103501052086e-45
2715.125	1.952981652272704e-45
2715.25	1.6451699788830247e-45
2715.375	1.612420571671849e-45
2715.5	1.8087934147277442e-45
2715.625	1.7534461969372405e-45
2715.75	1.5890041571592252e-45
2715.875	1.830579927966729e-45
2716.0	1.817207939353284e-45
2716.125	2.0162460013063838e-45
2716.25	1.888251941068441e-45
2716.375	1.745648367835849e-45
2716.5	1.851464892937104e-45
2716.625	1.898362240899601e-45
2716.75	1.569994491400336e-45
2716.875	1.441520956912689e-45
2717.0	1.611922046265001e-45
2717.125	1.8636484683000244e-45
2717.25	1.7617574092104362e-45
2717.375	1.8078621295574438e-45
2717.5	1.8483727692024357e-45
2717.625	1.7934021433192413e-45
2717.75	1.8845531228735998e-45
2717.875	2.1056986322036642e-45
2718.0	1.9701323535859288e-45
2718.125	1.905378459710881e-45
2718.25	1.966548735957796e-45
2718.375	1.990540966399441e-45
2718.5	1.778607729172849e-45
2718.625	2.146278673234809e-45
2718.75	1.985350666311076e-45
2718.875	1.609188594484249e-45
2719.0	1.515647754805041e-45
2719.125	1.729657231365904e-45
2719.25	1.764808256563641e-45
2719.375	1.6854955356153685e-45
2719.5	1.6879575042576e-45
2719.625	1.7901681711236412e-45
2719.75	1.927020620052649e-45
2719.875	1.9170995162430247e-45
2720.0	1.6453629723294758e-45
2720.125	1.603561820072004e-45
2720.25	1.865856230931364e-45
2720.375	2.162179878568516e-45
2720.5	1.9872720841689002e-45
2720.625	1.543538064924769e-45
2720.75	1.7937792348869613e-45
2720.875	2.0773326623952246e-45
2721.0	2.1190396668487835e-45
2721.125	1.936383346974736e-45
2721.25	1.8181069197402246e-45
2721.375	1.819472826567841e-45
2721.5	1.927905087463056e-45
2721.625	2.100997016449956e-45
2721.75	1.9615851439257963e-45
2721.875	1.750133171475649e-45
2722.0	1.7327510162582758e-45
2722.125	1.7771949431041e-45
2722.25	2.1426872592889e-45
2722.375	1.7789843588480642e-45
2722.5	1.9721598139080356e-45
2722.625	2.180868144454756e-45
2722.75	1.8836658974884e-45
2722.875	1.960069131838224e-45
2723.0	1.9016866198222242e-45
2723.125	1.9198987295892006e-45
2723.25	1.737108532105956e-45
2723.375	2.1103300713122407e-45
2723.5	1.9925359563845606e-45
2723.625	2.0713973959364486e-45
2723.75	2.2019144250427206e-45
2723.875	1.8913796651000246e-45
2724.0	1.9063641313249e-45
2724.125	1.8075515843960996e-45
2724.25	1.8448566937220248e-45
2724.375	1.8631586937196843e-45
2724.5	1.9232987404848997e-45
2724.625	1.9917899495166758e-45
2724.75	2.0087920622024998e-45
2724.875	2.20376730249e-45
2725.0	1.9170563447768037e-45
2725.125	1.759676568353001e-45
2725.25	1.837269773658225e-45
2725.375	1.821411684e-45
2725.5	1.6534993312770488e-45
2725.625	2.1527578863436842e-45
2725.75	2.397151515389796e-45
2725.875	1.87489e-45
2726.0	2.180788662177225e-45
2726.125	1.937339855739729e-45
2726.25	1.672155418648009e-45
2726.375	1.7289799768100244e-45
2726.5	1.7275192121260957e-45
2726.625	1.736109305556025e-45
2726.75	1.614999228824809e-45
2726.875	1.6337574834947558e-45
2727.0	1.5716016214517605e-45
2727.125	2.102430939266529e-45
2727.25	2.0574458662919284e-45
2727.375	2.0506876610613613e-45
2727.5	2.2200403362284157e-45
2727.625	2.0667828968294557e-45
2727.75	2.0676060207160956e-45
2727.875	1.835136054126144e-45
2728.0	1.9138225825185638e-45
2728.125	1.7459335762969006e-45
2728.25	1.9498868374955287e-45
2728.375	2.137738844833344e-45
2728.5	2.115340871337225e-45
2728.625	1.9845189582435998e-45
2728.75	1.9660491680634088e-45
2728.875	1.8212472920534758e-45
2729.0	1.844738320473889e-45
2729.125	1.902510906599524e-45
2729.25	1.996184893329225e-45
2729.375	1.889499364330384e-45
2729.5	1.785857987104569e-45
2729.625	1.684510857240849e-45
2729.75	1.757244647928004e-45
2729.875	1.8832610726611356e-45
2730.0	2.0061470561410885e-45
2730.125	2.2650169297336358e-45
2730.25	1.9726344859224998e-45
2730.375	1.741164477471169e-45
2730.5	1.7806138995770408e-45
2730.625	1.8078717388556247e-45
2730.75	1.8887149285851043e-45
2730.875	2.2028471025120042e-45
2731.0	2.146166375760225e-45
2731.125	2.1670738073856e-45
2731.25	1.8015623203842247e-45
2731.375	1.7989373014821605e-45
2731.5	1.7965777432351358e-45
2731.625	1.6829174604841288e-45
2731.75	1.9622890603438238e-45
2731.875	2.033390643755689e-45
2732.0	2.0080266172201e-45
2732.125	1.8121051172935846e-45
2732.25	2.020490992816384e-45
2732.375	1.9987858607750887e-45
2732.5	1.675264818140001e-45
2732.625	1.8569483015363288e-45
2732.75	2.1678907760569958e-45
2732.875	1.837666967248324e-45
2733.0	2.0097845792456413e-45
2733.125	1.7624031855321954e-45
2733.25	1.8722036783229606e-45
2733.375	1.8605316038544003e-45
2733.5	1.761903479301156e-45
2733.625	1.7213612676826812e-45
2733.75	1.6920628036654808e-45
2733.875	1.6580142398758405e-45
2734.0	2.0297945246040808e-45
2734.125	2.023124924263921e-45
2734.25	1.8191547174024997e-45
2734.375	1.8830982523023998e-45
2734.5	1.9514598689595608e-45
2734.625	1.876803395323921e-45
2734.75	1.774196837318656e-45
2734.875	1.7929260921897634e-45
2735.0	1.8206031963497287e-45
2735.125	2.0887738980472357e-45
2735.25	1.9178232579756808e-45
2735.375	1.8834008989598886e-45
2735.5	1.9706222298394807e-45
2735.625	2.164051692158161e-45
2735.75	2.0711142261740158e-45
2735.875	1.986497290479321e-45
2736.0	1.9869179657201638e-45
2736.125	1.744112169479761e-45
2736.25	1.8119447214991357e-45
2736.375	1.836828393031696e-45
2736.5	1.9823860417120362e-45
2736.625	1.974556851792196e-45
2736.75	2.030334118074441e-45
2736.875	1.9296324603667237e-45
2737.0	1.8963672501954004e-45
2737.125	1.7474413145984642e-45
2737.25	1.8886803351025e-45
2737.375	1.7963559862335998e-45
2737.5	2.025623387969476e-45
2737.625	2.0949954260544e-45
2737.75	1.9783798397563238e-45
2737.875	1.9881804370262887e-45
2738.0	1.8593589784812246e-45
2738.125	1.895391654921216e-45
2738.25	2.1632642839190246e-45
2738.375	1.778783344140625e-45
2738.5	1.946138607033721e-45
2738.625	1.9123653763599998e-45
2738.75	2.009448005035689e-45
2738.875	2.112609595175689e-45
2739.0	2.1201605351304005e-45
2739.125	2.118990411795049e-45
2739.25	1.670210752076944e-45
2739.375	1.6211049816507042e-45
2739.5	1.746831136321881e-45
2739.625	1.633905908246404e-45
2739.75	1.643360982715321e-45
2739.875	1.9879756895318412e-45
2740.0	1.878338610758416e-45
2740.125	1.7991408090384e-45
2740.25	1.887787011666241e-45
2740.375	1.6315941258560162e-45
2740.5	1.5144565348083607e-45
2740.625	1.4680747049043687e-45
2740.75	1.852337358586521e-45
2740.875	2.0049495494155685e-45
2741.0	1.921477855662225e-45
2741.125	1.871431579922116e-45
2741.25	1.845379625925924e-45
2741.375	1.802161521208129e-45
2741.5	1.816509492239841e-45
2741.625	1.8918412090806007e-45
2741.75	1.948788617947396e-45
2741.875	1.750755056100625e-45
2742.0	1.796783830149169e-45
2742.125	2.0689847473768357e-45
2742.25	2.148251028894441e-45
2742.375	2.2877495556806247e-45
2742.5	1.8274296354149158e-45
2742.625	1.5590692524726008e-45
2742.75	1.8093169958284888e-45
2742.875	2.0761030651470758e-45
2743.0	1.983206614771264e-45
2743.125	1.9840768000225284e-45
2743.25	1.839995180377225e-45
2743.375	1.900096120568464e-45
2743.5	1.879683859013041e-45
2743.625	1.6455071366522007e-45
2743.75	1.7273647658500836e-45
2743.875	1.9688584988560404e-45
2744.0	1.9594161643758484e-45
2744.125	2.045418483047809e-45
2744.25	1.947142089303489e-45
2744.375	1.841864511468601e-45
2744.5	1.750830623613184e-45
2744.625	1.9820092085366447e-45
2744.75	2.066187752694244e-45
2744.875	1.8271620399398558e-45
2745.0	1.937757670760961e-45
2745.125	1.83811127824e-45
2745.25	2.0303182572568086e-45
2745.375	1.9272001664125446e-45
2745.5	2.0046077389397155e-45
2745.625	2.104519845502116e-45
2745.75	2.098275843777481e-45
2745.875	1.929243808692964e-45
2746.0	1.8249855840224998e-45
2746.125	2.001768534712384e-45
2746.25	2.019092394913344e-45
2746.375	1.5573611234622252e-45
2746.5	1.756002373521124e-45
2746.625	2.0856433122963362e-45
2746.75	2.0436339711649e-45
2746.875	1.896229991592729e-45
2747.0	2.1254328532418883e-45
2747.125	1.9552737966364838e-45
2747.25	1.6389698828612488e-45
2747.375	1.7630201081188886e-45
2747.5	1.871563611911184e-45
2747.625	1.8087460367160247e-45
2747.75	2.035055732774464e-45
2747.875	1.6569262513188805e-45
2748.0	1.7528528063972245e-45
2748.125	1.7237397570230248e-45
2748.25	1.838175245610916e-45
2748.375	1.914804921978256e-45
2748.5	1.879774906289641e-45
2748.625	1.957027629273025e-45
2748.75	1.672632416913241e-45
2748.875	1.7175355936719213e-45
2749.0	1.698917506177329e-45
2749.125	1.712577105057025e-45
2749.25	1.940203134821169e-45
2749.375	2.004945519517924e-45
2749.5	2.073796513569936e-45
2749.625	2.1156802200825758e-45
2749.75	1.9152974991485438e-45
2749.875	1.8896506372925438e-45
2750.0	1.8984738693904e-45
2750.125	2.088450332588356e-45
2750.25	1.8720219530631605e-45
2750.375	1.764464886625156e-45
2750.5	1.985772289620025e-45
2750.625	2.0252977309428643e-45
2750.75	1.933856385701956e-45
2750.875	1.917535811764329e-45
2751.0	1.6985991538242247e-45
2751.125	1.773821809831696e-45
2751.25	2.133189549196225e-45
2751.375	2.027143647011344e-45
2751.5	1.918536448812201e-45
2751.625	1.837605495024601e-45
2751.75	1.8864401693825607e-45
2751.875	1.654623942430761e-45
2752.0	1.706163000387076e-45
2752.125	1.9186275561838806e-45
2752.25	1.9346757385326013e-45
2752.375	2.2376175171854437e-45
2752.5	2.110008790868224e-45
2752.625	1.9451143019025e-45
2752.75	2.0784808337488808e-45
2752.875	1.9551692655516156e-45
2753.0	1.8935507864726008e-45
2753.125	2.1066477007258238e-45
2753.25	1.9538994626142248e-45
2753.375	2.005302763288449e-45
2753.5	2.0158746736710486e-45
2753.625	1.8741691243056247e-45
2753.75	1.8758012292914404e-45
2753.875	1.726971200126649e-45
2754.0	1.8816975590174438e-45
2754.125	2.281443352504849e-45
2754.25	2.0824623210720158e-45
2754.375	1.9400013133389158e-45
2754.5	1.7535704816790247e-45
2754.625	1.7850620775000248e-45
2754.75	1.7737967083291563e-45
2754.875	2.0189335103119357e-45
2755.0	1.9546893604731605e-45
2755.125	2.0289331079424006e-45
2755.25	1.982576787090496e-45
2755.375	1.889420861265961e-45
2755.5	1.776897834466756e-45
2755.625	1.9722948195966766e-45
2755.75	1.7568297531898085e-45
2755.875	1.748624439334249e-45
2756.0	2.2148911425168998e-45
2756.125	2.411903482765956e-45
2756.25	2.268923552301961e-45
2756.375	1.9310558885759607e-45
2756.5	1.7228811068056088e-45
2756.625	1.562986099475161e-45
2756.75	1.7638574548798087e-45
2756.875	1.939413351190441e-45
2757.0	1.9856440422403563e-45
2757.125	1.673980926433344e-45
2757.25	1.7020531628668092e-45
2757.375	2.017755730558096e-45
2757.5	2.010895814918169e-45
2757.625	2.1535147013245286e-45
2757.75	2.102956164e-45
2757.875	1.6242466901791357e-45
2758.0	1.863834794655409e-45
2758.125	1.6480977344328993e-45
2758.25	1.819438446575376e-45
2758.375	2.217024251872369e-45
2758.5	2.142461559239824e-45
2758.625	1.8928205019942486e-45
2758.75	1.7239307448600247e-45
2758.875	1.7875967933603605e-45
2759.0	1.643167701360025e-45
2759.125	1.9946396674093206e-45
2759.25	2.2947212647560008e-45
2759.375	1.886271565587984e-45
2759.5	1.825679591232784e-45
2759.625	1.580413989045241e-45
2759.75	1.9983035823073206e-45
2759.875	2.446683042097849e-45
2760.0	2.0648699399055996e-45
2760.125	1.7836186026022806e-45
2760.25	2.2973137539506007e-45
2760.375	2.4942693877609207e-45
2760.5	2.0101561526052246e-45
2760.625	2.033425726364484e-45
2760.75	2.187758992592196e-45
2760.875	1.845204104193921e-45
2761.0	1.680977532075076e-45
2761.125	1.8289186104761637e-45
2761.25	1.571012813088016e-45
2761.375	1.3695011738599838e-45
2761.5	1.5165655049272362e-45
2761.625	1.8639588734881e-45
2761.75	1.7798518131240993e-45
2761.875	2.128737651680025e-45
2762.0	2.4264611002108838e-45
2762.125	1.927040022948096e-45
2762.25	1.975483184102464e-45
2762.375	2.0494772939494087e-45
2762.5	2.0608126138382757e-45
2762.625	1.9230050957347242e-45
2762.75	2.1879966083526766e-45
2762.875	2.0959374100252807e-45
2763.0	2.3646788827852962e-45
2763.125	2.1106673639999998e-45
2763.25	1.833453401496336e-45
2763.375	2.142666984680401e-45
2763.5	2.0512907140453283e-45
2763.625	2.0258102610360038e-45
2763.75	1.6177274734862888e-45
2763.875	1.7705255999329966e-45
2764.0	1.7693636069504158e-45
2764.125	2.1241301985943684e-45
2764.25	2.128860565738929e-45
2764.375	2.0457528095400008e-45
2764.5	2.0535133915412637e-45
2764.625	1.853344344836196e-45
2764.75	1.903331009261124e-45
2764.875	1.9473434875512245e-45
2765.0	1.987099211225881e-45
2765.125	1.6576359845337755e-45
2765.25	1.8154570029123996e-45
2765.375	2.3654899695078092e-45
2765.5	2.136157599402225e-45
2765.625	1.806880670041561e-45
2765.75	1.740197874431041e-45
2765.875	1.936113961677025e-45
2766.0	2.043272786630625e-45
2766.125	2.0085575731603562e-45
2766.25	1.8670073108544e-45
2766.375	1.9569414540035613e-45
2766.5	1.719629940233241e-45
2766.625	1.8334724131123558e-45
2766.75	2.1255392589520408e-45
2766.875	2.0584416184827037e-45
2767.0	1.9012687005316e-45
2767.125	1.9204664600581293e-45
2767.25	1.963135769914944e-45
2767.375	2.030094139712356e-45
2767.5	2.2704401615464956e-45
2767.625	2.1257914529656357e-45
2767.75	2.084212387580625e-45
2767.875	2.148999819577636e-45
2768.0	2.0006064184033208e-45
2768.125	2.205070199330625e-45
2768.25	2.010099392193424e-45
2768.375	1.975882333006404e-45
2768.5	1.6306774951959037e-45
2768.625	1.686146398920369e-45
2768.75	1.741407505530625e-45
2768.875	1.7411242526219615e-45
2769.0	2.0172929072326557e-45
2769.125	2.0003444095441e-45
2769.25	1.7332065214492093e-45
2769.375	1.7849410755649688e-45
2769.5	1.9447429685776e-45
2769.625	1.965541151411776e-45
2769.75	2.1251305243430442e-45
2769.875	2.0570799255318488e-45
2770.0	1.880480120437009e-45
2770.125	2.070718403491609e-45
2770.25	1.901978109082276e-45
2770.375	1.906024980538116e-45
2770.5	1.8764927021610085e-45
2770.625	1.874262895246564e-45
2770.75	1.500574150190025e-45
2770.875	1.5757690815377638e-45
2771.0	2.005461468899641e-45
2771.125	2.1053188811325158e-45
2771.25	1.7521369523462247e-45
2771.375	1.769499643907241e-45
2771.5	1.8611658121953606e-45
2771.625	1.7400549594491558e-45
2771.75	1.5013194698344962e-45
2771.875	1.4868748339202562e-45
2772.0	1.9859973341209e-45
2772.125	2.1453813947006435e-45
2772.25	1.7818255907289762e-45
2772.375	1.752048297090576e-45
2772.5	1.9768853614280408e-45
2772.625	2.2546963525514485e-45
2772.75	1.9052048214171037e-45
2772.875	1.955438027512225e-45
2773.0	2.035514723989041e-45
2773.125	1.8986037146209e-45
2773.25	1.7486327190223353e-45
2773.375	1.8673743451181287e-45
2773.5	2.014110369503281e-45
2773.625	2.057155124880384e-45
2773.75	1.9848455080760247e-45
2773.875	1.8161053016293688e-45
2774.0	1.930617003031369e-45
2774.125	1.963143302161129e-45
2774.25	1.8557459618569e-45
2774.375	1.8431570533200247e-45
2774.5	1.7902225826844842e-45
2774.625	1.8800496222925213e-45
2774.75	1.8406746167110558e-45
2774.875	2.035541342916676e-45
2775.0	1.9494556189695998e-45
2775.125	1.8515806418200085e-45
2775.25	1.705152894489009e-45
2775.375	1.9474127702499998e-45
2775.5	1.9619411613780247e-45
2775.625	1.8067325772283286e-45
2775.75	1.973716034722576e-45
2775.875	2.1885022864077613e-45
2776.0	2.0297467684495208e-45
2776.125	2.2234743472203607e-45
2776.25	2.1142912611049285e-45
2776.375	1.920406773422916e-45
2776.5	1.8790990412277756e-45
2776.625	1.8261719361152892e-45
2776.75	1.9233221593558085e-45
2776.875	2.050586768394025e-45
2777.0	2.225123147206521e-45
2777.125	2.0853141442576002e-45
2777.25	2.1930520844411556e-45
2777.375	2.029087430524449e-45
2777.5	2.2116592138149607e-45
2777.625	1.8328953431549287e-45
2777.75	1.798280285638225e-45
2777.875	2.102158860681636e-45
2778.0	2.0379295430254886e-45
2778.125	2.043498715345476e-45
2778.25	2.1800485471801003e-45
2778.375	1.6373176537435243e-45
2778.5	2.130254670521124e-45
2778.625	2.4745465198945956e-45
2778.75	2.1946488108322403e-45
2778.875	1.962173179187776e-45
2779.0	2.016018531009025e-45
2779.125	1.796840715948964e-45
2779.25	1.9935515071320245e-45
2779.375	1.872649721419129e-45
2779.5	2.1319770497155687e-45
2779.625	2.070241628008464e-45
2779.75	1.762846784540361e-45
2779.875	2.0478262254913964e-45
2780.0	2.213128056771025e-45
2780.125	1.926748024088644e-45
2780.25	1.7151916227763835e-45
2780.375	1.9272014834094093e-45
2780.5	2.0600530242692486e-45
2780.625	2.058780637468944e-45
2780.75	2.103807282863841e-45
2780.875	2.1246149828541158e-45
2781.0	2.341755273922596e-45
2781.125	2.1302739632218806e-45
2781.25	1.8231765051662412e-45
2781.375	2.0318166570083288e-45
2781.5	2.158269666466761e-45
2781.625	1.836288504651969e-45
2781.75	1.9261925323281e-45
2781.875	2.040755688476176e-45
2782.0	1.782296113128001e-45
2782.125	2.1840578765490244e-45
2782.25	2.1472829952762243e-45
2782.375	2.1746600055625e-45
2782.5	1.957890548275249e-45
2782.625	1.972708480923489e-45
2782.75	2.0321772784243282e-45
2782.875	1.846742845272516e-45
2783.0	1.7720315412050255e-45
2783.125	1.852050300986116e-45
2783.25	2.0777454351378488e-45
2783.375	2.1290751201776042e-45
2783.5	1.9079470300828087e-45
2783.625	2.150147037823684e-45
2783.75	2.1744553836751364e-45
2783.875	2.439282803697216e-45
2784.0	2.1506538882704485e-45
2784.125	1.8882881818958443e-45
2784.25	2.009066187921664e-45
2784.375	1.874733950047204e-45
2784.5	1.5848189021266562e-45
2784.625	1.586609175701169e-45
2784.75	1.853977843812649e-45
2784.875	1.7992495660238438e-45
2785.0	1.806296070293764e-45
2785.125	1.9529997712610487e-45
2785.25	2.0915692119403288e-45
2785.375	1.980154326155625e-45
2785.5	1.6823269397600407e-45
2785.625	1.620233003485924e-45
2785.75	2.0025074578782245e-45
2785.875	1.9823942341353962e-45
2786.0	2.0455803964166487e-45
2786.125	2.0177992128064e-45
2786.25	2.0707032048004002e-45
2786.375	1.8869883357914413e-45
2786.5	1.9858377963076e-45
2786.625	2.035469517327684e-45
2786.75	1.7939923616692088e-45
2786.875	1.9502348143003687e-45
2787.0	2.299958445925924e-45
2787.125	1.738505880815236e-45
2787.25	1.963718276727321e-45
2787.375	2.042979884442225e-45
2787.5	1.925296698509209e-45
2787.625	1.7604217364644006e-45
2787.75	1.7405082529212012e-45
2787.875	1.7116369229003562e-45
2788.0	1.8118750826478762e-45
2788.125	1.925667750469761e-45
2788.25	2.2358757643623038e-45
2788.375	1.9490260374506248e-45
2788.5	2.1111515285583613e-45
2788.625	2.1456415259449e-45
2788.75	2.3504438188533757e-45
2788.875	2.1721622069445206e-45
2789.0	2.3281738623317158e-45
2789.125	1.985855710569481e-45
2789.25	1.472160285925081e-45
2789.375	1.837366989101361e-45
2789.5	2.380234011920164e-45
2789.625	2.061314726103616e-45
2789.75	1.8082420989648997e-45
2789.875	1.7035246678457288e-45
2790.0	2.0640146501191836e-45
2790.125	2.1896512955641e-45
2790.25	1.883258989627024e-45
2790.375	1.865462567382001e-45
2790.5	1.854420074228484e-45
2790.625	2.037275918533249e-45
2790.75	1.757171960263225e-45
2790.875	1.837320009888841e-45
2791.0	2.0998815925362245e-45
2791.125	1.9823601288322087e-45
2791.25	2.1029765250012838e-45
2791.375	2.3232534960195998e-45
2791.5	2.1274677475193605e-45
2791.625	1.689924557950864e-45
2791.75	1.815162592325625e-45
2791.875	1.917222815926609e-45
2792.0	2.4238162124238243e-45
2792.125	2.596674246050329e-45
2792.25	2.386676089397161e-45
2792.375	2.1681260997858813e-45
2792.5	1.931433559894084e-45
2792.625	1.9218231129916086e-45
2792.75	1.928731259486329e-45
2792.875	1.9833778041169e-45
2793.0	2.4144456534660807e-45
2793.125	1.960847345479936e-45
2793.25	1.655991950842161e-45
2793.375	1.9651920776571688e-45
2793.5	2.082370141404036e-45
2793.625	2.105487644961649e-45
2793.75	2.153117020462864e-45
2793.875	1.9116857757632406e-45
2794.0	2.3665527920839846e-45
2794.125	1.9552025170995843e-45
2794.25	1.8205313432592247e-45
2794.375	1.9468409821664413e-45
2794.5	1.971849407171121e-45
2794.625	1.5612813573808085e-45
2794.75	1.656808614919396e-45
2794.875	1.6542942305362554e-45
2795.0	1.832796961747684e-45
2795.125	2.0221280390140838e-45
2795.25	1.845171114257025e-45
2795.375	1.837186362457744e-45
2795.5	2.3825077660617205e-45
2795.625	1.8778038356459557e-45
2795.75	1.9791626583039605e-45
2795.875	1.8027368749052012e-45
2796.0	1.881854332319025e-45
2796.125	1.998728098736769e-45
2796.25	2.1162661643694485e-45
2796.375	1.8554401180323997e-45
2796.5	1.918967475852441e-45
2796.625	1.7739352742083207e-45
2796.75	2.0027960123068807e-45
2796.875	2.220973639620849e-45
2797.0	2.040879198040281e-45
2797.125	1.5980303665383842e-45
2797.25	1.6620118861284e-45
2797.375	1.748563471325584e-45
2797.5	2.1068440579376406e-45
2797.625	2.2208726000382253e-45
2797.75	2.0691007385421606e-45
2797.875	2.0688776744968886e-45
2798.0	1.800220804722081e-45
2798.125	1.7851548596946487e-45
2798.25	1.7688328015600358e-45
2798.375	2.1341273298514562e-45
2798.5	2.2185298240179843e-45
2798.625	1.950930861051649e-45
2798.75	1.952090301841156e-45
2798.875	1.8131513546432245e-45
2799.0	2.062932524513289e-45
2799.125	1.788308605406404e-45
2799.25	1.802909006376976e-45
2799.375	2.3775444264048998e-45
2799.5	2.1017006676874808e-45
2799.625	1.773085516752484e-45
2799.75	1.9313870631074013e-45
2799.875	2.242482670909881e-45
2800.0	2.3997049086890887e-45
2800.125	1.9594753917854442e-45
2800.25	1.7168201105827838e-45
2800.375	1.5507210776064157e-45
2800.5	1.816472327328649e-45
2800.625	2.3802045442755998e-45
2800.75	2.1753210354735686e-45
2800.875	1.915162007854096e-45
2801.0	2.344048536390625e-45
2801.125	2.237658576778816e-45
2801.25	1.979607561113961e-45
2801.375	2.1217703966570404e-45
2801.5	1.847329139641489e-45
2801.625	1.479549916746724e-45
2801.75	1.8021257769083037e-45
2801.875	1.8576149134032487e-45
2802.0	2.1122711362214008e-45
2802.125	2.175647343507225e-45
2802.25	2.1146746715904635e-45
2802.375	2.1689391684406408e-45
2802.5	1.8961339309444e-45
2802.625	1.723244068400625e-45
2802.75	1.826953021322641e-45
2802.875	1.6682184490689e-45
2803.0	1.4965897289515238e-45
2803.125	1.7576171643630252e-45
2803.25	2.0576393726641006e-45
2803.375	2.0149694421049207e-45
2803.5	1.806894187426084e-45
2803.625	2.4397051975303838e-45
2803.75	2.049405132366736e-45
2803.875	2.026111832571904e-45
2804.0	2.3958534488719356e-45
2804.125	2.2756830649744003e-45
2804.25	2.0443306637756245e-45
2804.375	2.028836175100816e-45
2804.5	1.920172593411076e-45
2804.625	2.2507260002614882e-45
2804.75	2.256289995177241e-45
2804.875	2.2359928436737957e-45
2805.0	2.0575968240690806e-45
2805.125	2.0721203812614013e-45
2805.25	2.290357343551684e-45
2805.375	1.995385582328121e-45
2805.5	1.7158802555442248e-45
2805.625	1.713748369733136e-45
2805.75	1.6407403296388085e-45
2805.875	1.949273537734084e-45
2806.0	2.249103497981796e-45
2806.125	1.929647659340025e-45
2806.25	2.1955306551201e-45
2806.375	2.2116750153456008e-45
2806.5	1.835462840659204e-45
2806.625	2.0894495359870087e-45
2806.75	2.155690855818724e-45
2806.875	2.052864793719601e-45
2807.0	2.243790234407569e-45
2807.125	1.8992039361404488e-45
2807.25	2.2086013639860805e-45
2807.375	1.967582039779225e-45
2807.5	1.6178236030636838e-45
2807.625	1.8676308670490247e-45
2807.75	2.0600316920551838e-45
2807.875	2.325444708808225e-45
2808.0	2.159806557690961e-45
2808.125	1.9842392961296007e-45
2808.25	1.998873578407696e-45
2808.375	2.0119241069435293e-45
2808.5	1.6102182626256253e-45
2808.625	1.751437733433124e-45
2808.75	1.853170080565444e-45
2808.875	1.8265086934549286e-45
2809.0	1.909483217197956e-45
2809.125	2.252342538240201e-45
2809.25	2.313409619738889e-45
2809.375	2.4337279184775836e-45
2809.5	2.1144676495222805e-45
2809.625	1.7256107309018412e-45
2809.75	1.784045433913444e-45
2809.875	2.360043702038961e-45
2810.0	2.234693794412304e-45
2810.125	1.779427002395025e-45
2810.25	1.720973281698225e-45
2810.375	1.6226006923843242e-45
2810.5	1.826288601069604e-45
2810.625	1.9257047874196086e-45
2810.75	1.9046747890564e-45
2810.875	1.8984072056112245e-45
2811.0	2.0716300629165685e-45
2811.125	2.026581068494096e-45
2811.25	2.1149522497321e-45
2811.375	1.994186469379225e-45
2811.5	2.056499603336025e-45
2811.625	2.3107059604588085e-45
2811.75	2.3342749664922246e-45
2811.875	2.4105693178074008e-45
2812.0	2.228373769567716e-45
2812.125	1.902264997491369e-45
2812.25	2.0076841860817207e-45
2812.375	2.141358595833856e-45
2812.5	2.1622049882342554e-45
2812.625	2.2393495373587563e-45
2812.75	2.125263291934084e-45
2812.875	2.044644462885025e-45
2813.0	2.059549431943081e-45
2813.125	2.051503678686784e-45
2813.25	1.811137571881444e-45
2813.375	2.2898353417461762e-45
2813.5	2.248870174440516e-45
2813.625	1.9765688923043998e-45
2813.75	1.877026510712896e-45
2813.875	2.1180758448633636e-45
2814.0	2.543847189872356e-45
2814.125	2.434926853820484e-45
2814.25	2.332839671671441e-45
2814.375	2.1579533046581758e-45
2814.5	2.0603482371414808e-45
2814.625	2.4898542146367206e-45
2814.75	2.172066012274041e-45
2814.875	1.9640573810299688e-45
2815.0	1.8498747234289002e-45
2815.125	2.0290093225646756e-45
2815.25	2.4808370632320043e-45
2815.375	2.0291295932313207e-45
2815.5	1.872490649121225e-45
2815.625	1.865232193695556e-45
2815.75	1.885443509829636e-45
2815.875	2.101313667847744e-45
2816.0	2.032558760552464e-45
2816.125	2.0576788371060245e-45
2816.25	2.031543597731904e-45
2816.375	2.092007820894784e-45
2816.5	1.9991048188225e-45
2816.625	2.3837891278279686e-45
2816.75	2.214507975156481e-45
2816.875	2.0013209694878758e-45
2817.0	1.785403473781225e-45
2817.125	2.049230120906929e-45
2817.25	1.917820280055625e-45
2817.375	2.002226620585009e-45
2817.5	2.034013968801936e-45
2817.625	2.3144755923460085e-45
2817.75	2.0593088222336642e-45
2817.875	1.9872977616579238e-45
2818.0	2.0232934197091557e-45
2818.125	2.0341804815721e-45
2818.25	1.828633886475841e-45
2818.375	2.0971393442771558e-45
2818.5	2.1821782695916804e-45
2818.625	1.986027905506129e-45
2818.75	2.4196832529561762e-45
2818.875	1.943568606761929e-45
2819.0	2.0169338784223692e-45
2819.125	2.0060058804408485e-45
2819.25	2.2903371476560888e-45
2819.375	2.461743585953521e-45
2819.5	2.453506993620544e-45
2819.625	1.940558704443529e-45
2819.75	1.999284920196496e-45
2819.875	1.9985600034360487e-45
2820.0	1.829319519597025e-45
2820.125	1.921396061047824e-45
2820.25	1.8197076087969608e-45
2820.375	1.928027680313344e-45
2820.5	1.704119474884324e-45
2820.625	1.688788751265625e-45
2820.75	2.056988309365089e-45
2820.875	1.7583370722009002e-45
2821.0	1.8435693953552493e-45
2821.125	1.809560310311329e-45
2821.25	2.0388391040920362e-45
2821.375	2.208079647883264e-45
2821.5	1.8989060359207208e-45
2821.625	2.1006497724597157e-45
2821.75	2.0825012926937608e-45
2821.875	2.017476610836241e-45
2822.0	2.222574179314225e-45
2822.125	2.4311640763308956e-45
2822.25	2.766088023206544e-45
2822.375	2.3811886866306246e-45
2822.5	1.7373730347852492e-45
2822.625	2.1113143688196803e-45
2822.75	2.401176501243601e-45
2822.875	2.1254949075481e-45
2823.0	1.7626270352571037e-45
2823.125	1.7898333424420843e-45
2823.25	1.938377081216016e-45
2823.375	2.0518891447150884e-45
2823.5	1.9117749713748005e-45
2823.625	1.6478332164941436e-45
2823.75	1.7467735431363993e-45
2823.875	2.104673070944656e-45
2824.0	2.1180936096080014e-45
2824.125	2.1735347975618562e-45
2824.25	2.0923772211001e-45
2824.375	1.975293224721441e-45
2824.5	1.9434057567737766e-45
2824.625	1.933940731887649e-45
2824.75	1.9110977489388155e-45
2824.875	1.7396992409288042e-45
2825.0	1.947762203304681e-45
2825.125	1.823998718056804e-45
2825.25	1.891132910916964e-45
2825.375	1.967143812725025e-45
2825.5	2.0547184223160037e-45
2825.625	2.2058223455894887e-45
2825.75	2.5143302770376043e-45
2825.875	2.468227098375025e-45
2826.0	2.5284628554953284e-45
2826.125	1.8972286264673442e-45
2826.25	1.6581810279513612e-45
2826.375	1.7817190500513958e-45
2826.5	2.0924029284696806e-45
2826.625	1.800898205134081e-45
2826.75	2.153978693272576e-45
2826.875	2.246803134207025e-45
2827.0	1.9990381100448158e-45
2827.125	2.0236742470612887e-45
2827.25	2.0259921014844837e-45
2827.375	1.721626892370064e-45
2827.5	2.1012108956270885e-45
2827.625	2.3027929581306244e-45
2827.75	2.3381615386116e-45
2827.875	2.122727410640356e-45
2828.0	1.9666839929307212e-45
2828.125	2.0180548152452245e-45
2828.25	2.0388817292244843e-45
2828.375	2.1027526511199607e-45
2828.5	2.0289095051227237e-45
2828.625	2.197763278174864e-45
2828.75	2.1819057498438758e-45
2828.875	2.306688784e-45
2829.0	1.894642733920036e-45
2829.125	1.8365013992452412e-45
2829.25	2.005057552181161e-45
2829.375	2.0642551711056248e-45
2829.5	1.8750837292041687e-45
2829.625	1.805096904090624e-45
2829.75	2.1644209786622446e-45
2829.875	2.234922504851089e-45
2830.0	2.3360591691776157e-45
2830.125	2.2605464234016156e-45
2830.25	1.987830161137921e-45
2830.375	2.2485890641041e-45
2830.5	2.0060269310708643e-45
2830.625	2.1271945148673612e-45
2830.75	1.8989875247358757e-45
2830.875	1.822260392195364e-45
2831.0	2.056459333936401e-45
2831.125	2.1667284064969006e-45
2831.25	1.942671385456516e-45
2831.375	2.0221516922922807e-45
2831.5	2.0481239099772087e-45
2831.625	1.9919814145611607e-45
2831.75	2.209205676787344e-45
2831.875	2.3264966648804408e-45
2832.0	1.984791155490025e-45
2832.125	1.7402299956520958e-45
2832.25	1.9403013625179038e-45
2832.375	2.1725676088560998e-45
2832.5	2.305201020475081e-45
2832.625	2.095688732788249e-45
2832.75	1.889000641143225e-45
2832.875	2.3647719576242412e-45
2833.0	2.018899541451556e-45
2833.125	1.6450281006309162e-45
2833.25	1.800142990760464e-45
2833.375	1.6684133615186558e-45
2833.5	1.7169413501520808e-45
2833.625	1.7212171369029157e-45
2833.75	1.7073344665692158e-45
2833.875	1.9527969317734437e-45
2834.0	1.9589339679437163e-45
2834.125	1.751255522480025e-45
2834.25	1.971261610827664e-45
2834.375	1.9859361029286493e-45
2834.5	1.981901650250916e-45
2834.625	1.9380214473912246e-45
2834.75	2.188165940842896e-45
2834.875	2.620913895199044e-45
2835.0	2.424630484048369e-45
2835.125	1.989734846325136e-45
2835.25	1.8784694125639692e-45
2835.375	1.9191821313578406e-45
2835.5	2.079815386530049e-45
2835.625	2.1492901188309686e-45
2835.75	2.3145782580840962e-45
2835.875	2.573671394763225e-45
2836.0	2.2364241153957158e-45
2836.125	2.2531964038797158e-45
2836.25	1.9038154763147566e-45
2836.375	2.1226343440671356e-45
2836.5	2.4974792357457956e-45
2836.625	2.6542153979700838e-45
2836.75	2.1722776992900006e-45
2836.875	1.9875870014990437e-45
2837.0	1.8938536626280408e-45
2837.125	2.015579162620804e-45
2837.25	2.0985472128694083e-45
2837.375	2.1151634347008358e-45
2837.5	2.3645858097780494e-45
2837.625	2.6372098986279836e-45
2837.75	2.573474154995241e-45
2837.875	2.0455140925695996e-45
2838.0	2.2260090163600006e-45
2838.125	2.213601625949184e-45
2838.25	2.1885902363816407e-45
2838.375	2.251235079741124e-45
2838.5	2.1438977068310484e-45
2838.625	2.280826468484001e-45
2838.75	2.1655947354744008e-45
2838.875	1.8521658099456158e-45
2839.0	1.958274728750404e-45
2839.125	2.8014581870128087e-45
2839.25	2.6930637282991688e-45
2839.375	2.0951158973740962e-45
2839.5	2.006424674369424e-45
2839.625	2.127606676724169e-45
2839.75	2.2593930288233285e-45
2839.875	2.1121912594507237e-45
2840.0	1.9554291834552253e-45
2840.125	1.595225407314529e-45
2840.25	2.010904693844544e-45
2840.375	2.2491145005288998e-45
2840.5	1.9441889451897642e-45
2840.625	2.0228366181139358e-45
2840.75	1.9196286532634894e-45
2840.875	1.7586467995057292e-45
2841.0	1.748885384384329e-45
2841.125	6.218637787555601e-45
2841.25	1.6383592962528102e-44
2841.375	5.2176320039796836e-45
2841.5	2.256549164916201e-45
2841.625	2.0619790065423608e-45
2841.75	2.359886401710244e-45
2841.875	2.3972463042691243e-45
2842.0	2.2110883273285212e-45
2842.125	2.3258655205639835e-45
2842.25	2.4832144703870438e-45
2842.375	2.4487196990115995e-45
2842.5	2.8886680959615603e-45
2842.625	2.4113990395760035e-45
2842.75	2.356999283829969e-45
2842.875	1.822305129433156e-45
2843.0	2.169530205742656e-45
2843.125	3.6420917215650255e-45
2843.25	3.23677487566092e-45
2843.375	8.2991008625588e-45
2843.5	5.898743204332177e-45
2843.625	1.978952770518084e-45
2843.75	1.8713863301875288e-45
2843.875	1.839166453334016e-45
2844.0	2.093772051124516e-45
2844.125	1.7781909102972005e-45
2844.25	1.756193966953024e-45
2844.375	2.5252231015536043e-45
2844.5	3.806382102541456e-45
2844.625	2.5079112489025e-45
2844.75	1.9610244753039357e-45
2844.875	1.8332001795967686e-45
2845.0	1.9717368852115358e-45
2845.125	2.0883508915164836e-45
2845.25	1.9555664454733684e-45
2845.375	2.002984425221796e-45
2845.5	2.039391639821376e-45
2845.625	1.8312765385358887e-45
2845.75	1.8875478777545607e-45
2845.875	1.939533226577424e-45
2846.0	1.8098113837668837e-45
2846.125	2.1043926817955996e-45
2846.25	2.1080346981289205e-45
2846.375	1.890494486353489e-45
2846.5	2.3043885283782088e-45
2846.625	2.0122119035592247e-45
2846.75	2.205780170158756e-45
2846.875	2.4002935699696807e-45
2847.0	3.7914309957124086e-45
2847.125	2.854477560690721e-45
2847.25	2.0168077723076885e-45
2847.375	1.9940206192737637e-45
2847.5	1.9794169586283205e-45
2847.625	1.744382383766416e-45
2847.75	1.7225422553974407e-45
2847.875	1.721971380269449e-45
2848.0	1.890392657993316e-45
2848.125	4.388945635777924e-45
2848.25	5.343005480098225e-45
2848.375	2.6512495523617954e-45
2848.5	2.179033229773456e-45
2848.625	2.1563549404917605e-45
2848.75	2.1150216931032246e-45
2848.875	2.3484280077787237e-45
2849.0	2.5059248061793687e-45
2849.125	2.0497368869604002e-45
2849.25	2.035560743261721e-45
2849.375	1.9383690683095687e-45
2849.5	2.4056917858139042e-45
2849.625	2.4219445661215358e-45
2849.75	1.9111989093421206e-45
2849.875	2.037834020640625e-45
2850.0	1.9166953172462407e-45
2850.125	1.9787254565396893e-45
2850.25	1.9965027501465646e-45
2850.375	2.591418494324529e-45
2850.5	2.3103621780155288e-45
2850.625	2.1293197715698088e-45
2850.75	1.990745310537361e-45
2850.875	2.6995505279256007e-45
2851.0	2.7377726164654407e-45
2851.125	2.1151499133960807e-45
2851.25	2.194971317971441e-45
2851.375	2.000290024058404e-45
2851.5	2.188842494194489e-45
2851.625	1.8922162441505442e-45
2851.75	2.2214046859683996e-45
2851.875	2.064889206866704e-45
2852.0	1.9688285923622557e-45
2852.125	2.0879518714685442e-45
2852.25	2.0080147871308844e-45
2852.375	1.899761973615081e-45
2852.5	2.1802341011225284e-45
2852.625	2.0770680463190434e-45
2852.75	2.071668842016921e-45
2852.875	1.8721874957635238e-45
2853.0	1.9305160330190438e-45
2853.125	2.1846478852070886e-45
2853.25	2.188085670812484e-45
2853.375	2.5246020299947237e-45
2853.5	3.3740026805795564e-45
2853.625	2.952324391407616e-45
2853.75	3.354273480888101e-45
2853.875	2.6021564005048958e-45
2854.0	2.265319721390625e-45
2854.125	2.3154743466293755e-45
2854.25	2.247428579330704e-45
2854.375	2.1929140316736e-45
2854.5	1.8383220489329637e-45
2854.625	2.0016879120115286e-45
2854.75	2.2661913717299607e-45
2854.875	2.233771791212025e-45
2855.0	2.1700967269842085e-45
2855.125	2.3971616992291244e-45
2855.25	1.9918493071593206e-45
2855.375	1.7536087562365437e-45
2855.5	1.7748860073248165e-45
2855.625	1.9991676834748086e-45
2855.75	1.920035702876944e-45
2855.875	2.000171326725625e-45
2856.0	1.849049536331776e-45
2856.125	2.206512896449156e-45
2856.25	2.1973163440426804e-45
2856.375	2.554115622751081e-45
2856.5	2.362071975727104e-45
2856.625	2.094148196754496e-45
2856.75	2.0371307631222246e-45
2856.875	2.1185305721400042e-45
2857.0	1.977388883201281e-45
2857.125	2.104978896242401e-45
2857.25	2.043149566268944e-45
2857.375	2.2070014482427563e-45
2857.5	2.6183073940212006e-45
2857.625	2.084208552715689e-45
2857.75	1.7414826206556246e-45
2857.875	1.9355969809764e-45
2858.0	2.165425813266496e-45
2858.125	2.2612309359696037e-45
2858.25	3.284491347072324e-45
2858.375	9.181954189280197e-45
2858.5	4.374453566681104e-45
2858.625	1.8714948266437287e-45
2858.75	1.9962883705046492e-45
2858.875	1.900157408732025e-45
2859.0	1.9682771821729e-45
2859.125	2.0155656042926006e-45
2859.25	1.7847410764704158e-45
2859.375	2.267833644637729e-45
2859.5	2.4527836686433966e-45
2859.625	1.990283543408836e-45
2859.75	2.2717968397569e-45
2859.875	2.1629373246120998e-45
2860.0	2.1349607057532253e-45
2860.125	2.0168153170070893e-45
2860.25	1.898318148114249e-45
2860.375	2.0651014220317686e-45
2860.5	2.268214253847529e-45
2860.625	2.205459218008489e-45
2860.75	2.0667233421904412e-45
2860.875	1.989948516927921e-45
2861.0	1.8176588939481207e-45
2861.125	1.8925510319716e-45
2861.25	2.1262585354996413e-45
2861.375	2.270168569593796e-45
2861.5	1.9059471826940253e-45
2861.625	2.083708406999025e-45
2861.75	2.1995686343944805e-45
2861.875	1.855386964085209e-45
2862.0	1.972234155284649e-45
2862.125	2.237570403185296e-45
2862.25	1.9238813601331838e-45
2862.375	1.7837487668025006e-45
2862.5	2.035664784828964e-45
2862.625	1.932807005617401e-45
2862.75	1.8734664797064805e-45
2862.875	2.260454376823696e-45
2863.0	2.0762002093155997e-45
2863.125	2.2645983281376158e-45
2863.25	1.806869448100369e-45
2863.375	1.8106404497276407e-45
2863.5	2.2665902200383997e-45
2863.625	2.6209863876249e-45
2863.75	2.4798908014440035e-45
2863.875	1.6974153624894013e-45
2864.0	1.5362749912783356e-45
2864.125	1.8139499236210806e-45
2864.25	1.9572695317995208e-45
2864.375	5.5088850956344956e-45
2864.5	8.435063542130402e-45
2864.625	2.878220673200601e-45
2864.75	2.1575904230168998e-45
2864.875	2.0113842746746806e-45
2865.0	2.1046806864864005e-45
2865.125	1.9733466898826887e-45
2865.25	2.022898595456025e-45
2865.375	2.0663288484720995e-45
2865.5	1.9515743730971284e-45
2865.625	2.1817591735830253e-45
2865.75	2.1117176368580413e-45
2865.875	2.159632284760336e-45
2866.0	2.1188078508601e-45
2866.125	2.310563772168976e-45
2866.25	2.2599831429183998e-45
2866.375	2.1518413485471357e-45
2866.5	1.8040907956680998e-45
2866.625	1.8515013814137763e-45
2866.75	1.7164913019135998e-45
2866.875	2.1517644380232247e-45
2867.0	2.106160197912241e-45
2867.125	1.9790934359220087e-45
2867.25	2.094872303550625e-45
2867.375	2.0970246763315238e-45
2867.5	1.659031386601681e-45
2867.625	2.0433915807243207e-45
2867.75	1.955907144958321e-45
2867.875	1.9574874692240037e-45
2868.0	3.539601360713401e-45
2868.125	1.0329744369622498e-44
2868.25	4.884744472556809e-45
2868.375	1.9377874283742488e-45
2868.5	2.3509497007476487e-45
2868.625	2.1357422993844643e-45
2868.75	1.9917435351341158e-45
2868.875	2.220455364837264e-45
2869.0	2.0713346800387237e-45
2869.125	2.042403000860209e-45
2869.25	1.9939962380142248e-45
2869.375	1.8742744977236637e-45
2869.5	2.0488963251496962e-45
2869.625	2.3353329770300895e-45
2869.75	2.041597741825849e-45
2869.875	1.919237768519236e-45
2870.0	2.2691209486546808e-45
2870.125	2.2211092737933158e-45
2870.25	1.94354894449e-45
2870.375	2.076471423075856e-45
2870.5	2.309001335180761e-45
2870.625	2.032807360822225e-45
2870.75	2.180281821606144e-45
2870.875	2.1252796115700247e-45
2871.0	2.301547756853601e-45
2871.125	2.4729394264809635e-45
2871.25	2.0318364903546086e-45
2871.375	1.8096094856450248e-45
2871.5	2.444941923893316e-45
2871.625	2.406432759714025e-45
2871.75	2.200024896962929e-45
2871.875	2.1483879466984356e-45
2872.0	2.1828616524210252e-45
2872.125	2.304503259478564e-45
2872.25	2.3513457559183286e-45
2872.375	2.4868307886419553e-45
2872.5	2.323196331005209e-45
2872.625	2.464723230868441e-45
2872.75	2.355359100689764e-45
2872.875	1.8717682447399688e-45
2873.0	2.2157059656937957e-45
2873.125	2.1461484936777637e-45
2873.25	2.1829483676530886e-45
2873.375	2.1526731647542807e-45
2873.5	1.9869830455457443e-45
2873.625	1.7947657725849757e-45
2873.75	2.057580494234721e-45
2873.875	2.4390787322208997e-45
2874.0	1.950155412798096e-45
2874.125	1.8066166236019687e-45
2874.25	2.0776899162758558e-45
2874.375	2.204429079017104e-45
2874.5	2.060523177996196e-45
2874.625	2.1511673845010406e-45
2874.75	2.4164702276512356e-45
2874.875	2.385653888040336e-45
2875.0	2.0685239988988405e-45
2875.125	2.023049719805625e-45
2875.25	2.1897698724305288e-45
2875.375	2.0790575917958557e-45
2875.5	1.9225567781808998e-45
2875.625	1.8652239879211206e-45
2875.75	1.9467383533721638e-45
2875.875	1.9787232323969638e-45
2876.0	2.1024864208828844e-45
2876.125	2.050968887565376e-45
2876.25	1.910938101061284e-45
2876.375	1.857725854606336e-45
2876.5	2.070376400929321e-45
2876.625	2.574463270810561e-45
2876.75	2.4901751717390246e-45
2876.875	2.0976942275504637e-45
2877.0	2.0096498206579243e-45
2877.125	1.989576050552896e-45
2877.25	2.015045124676516e-45
2877.375	2.0310942482815687e-45
2877.5	1.962854694541456e-45
2877.625	1.9152656390075038e-45
2877.75	2.180301899852209e-45
2877.875	2.033523670673664e-45
2878.0	1.890697542551104e-45
2878.125	1.9353213154903688e-45
2878.25	2.264959057995396e-45
2878.375	2.3462425565287843e-45
2878.5	4.5552839912083354e-45
2878.625	2.08366164791236e-44
2878.75	1.74287047975524e-44
2878.875	3.1291926422209695e-45
2879.0	2.3097964731569646e-45
2879.125	1.9482100071150242e-45
2879.25	2.051214987896281e-45
2879.375	1.9917280935459608e-45
2879.5	1.9408280463289003e-45
2879.625	2.0394021168676e-45
2879.75	1.937113448047801e-45
2879.875	1.9412043809282005e-45
2880.0	1.949770440002025e-45
2880.125	2.1164205528940406e-45
2880.25	2.3163061166083238e-45
2880.375	2.152161437263236e-45
2880.5	2.065882667728324e-45
2880.625	2.0753809342098008e-45
2880.75	4.5007431219060853e-45
2880.875	8.731860563580625e-45
2881.0	3.5599891932660245e-45
2881.125	2.068981381407249e-45
2881.25	2.198685510560449e-45
2881.375	2.2017369599289e-45
2881.5	2.289001640494144e-45
2881.625	2.0902778922762487e-45
2881.75	2.0330701343972407e-45
2881.875	2.1954801441144003e-45
2882.0	2.086294874904529e-45
2882.125	2.4268848456769292e-45
2882.25	2.3878403153740892e-45
2882.375	2.9617277438105637e-45
2882.5	5.904879384163367e-45
2882.625	2.983095447233841e-45
2882.75	1.8187092065909288e-45
2882.875	2.318516682356484e-45
2883.0	2.3370672100277286e-45
2883.125	2.121494582299225e-45
2883.25	2.2409656778679208e-45
2883.375	2.3980471884195995e-45
2883.5	2.1909115378662758e-45
2883.625	1.981007284386064e-45
2883.75	2.104022589379876e-45
2883.875	1.876353912243801e-45
2884.0	1.918311317757961e-45
2884.125	2.2172089242135037e-45
2884.25	2.261556396318976e-45
2884.375	2.3160402650655358e-45
2884.5	1.9551564425568006e-45
2884.625	2.044995638970384e-45
2884.75	1.9579837357921e-45
2884.875	1.9336708129785762e-45
2885.0	1.950284363776576e-45
2885.125	2.2379196072890248e-45
2885.25	1.9507024238970485e-45
2885.375	2.2889694897669758e-45
2885.5	2.4769258885881756e-45
2885.625	2.090848419833616e-45
2885.75	2.1991832307025e-45
2885.875	2.149167265428544e-45
2886.0	2.162489574635776e-45
2886.125	2.3167690350119288e-45
2886.25	1.964620699217764e-45
2886.375	2.270011148993956e-45
2886.5	2.6781525457569e-45
2886.625	2.0637507019615292e-45
2886.75	2.253444192847936e-45
2886.875	2.0000097000750238e-45
2887.0	1.765433751214225e-45
2887.125	1.9548621442753285e-45
2887.25	1.7604769528094442e-45
2887.375	1.855615695152164e-45
2887.5	2.3649140534659243e-45
2887.625	2.4761942428451288e-45
2887.75	2.3315121079187562e-45
2887.875	2.259006696522081e-45
2888.0	1.714980661905625e-45
2888.125	1.668206359317124e-45
2888.25	2.5536861666800998e-45
2888.375	2.7984765485956407e-45
2888.5	2.504511633649216e-45
2888.625	2.3868895844864158e-45
2888.75	2.072650638535129e-45
2888.875	1.7821748672509695e-45
2889.0	1.9136836437489e-45
2889.125	1.8811393186426086e-45
2889.25	1.9966844322756246e-45
2889.375	2.5006660443555995e-45
2889.5	2.25360027841e-45
2889.625	1.787906127082321e-45
2889.75	2.2859059687002006e-45
2889.875	2.133218184900625e-45
2890.0	2.0116634211680405e-45
2890.125	2.2438064345195567e-45
2890.25	2.1836284130761e-45
2890.375	2.0250352801536638e-45
2890.5	2.0553283239614405e-45
2890.625	1.732086807012409e-45
2890.75	2.1501462959089003e-45
2890.875	2.164309417135321e-45
2891.0	2.0462391513906245e-45
2891.125	2.3397672816418814e-45
2891.25	2.1440175387103685e-45
2891.375	2.224814186500096e-45
2891.5	2.6128690716453613e-45
2891.625	2.2765326592245766e-45
2891.75	2.093402527808656e-45
2891.875	2.3709946149796e-45
2892.0	2.1924635640625e-45
2892.125	1.9888958875675205e-45
2892.25	1.6781620308213758e-45
2892.375	2.0330943926631043e-45
2892.5	2.0157352213635996e-45
2892.625	2.3321652664950086e-45
2892.75	2.252344816265625e-45
2892.875	1.955843460556561e-45
2893.0	2.098705534880161e-45
2893.125	2.079194748883344e-45
2893.25	1.5894996843608994e-45
2893.375	1.588740040436004e-45
2893.5	2.055990913697296e-45
2893.625	2.1611876055306252e-45
2893.75	2.5808344660633957e-45
2893.875	2.520912953185636e-45
2894.0	2.502937162185769e-45
2894.125	2.285093825049025e-45
2894.25	1.648654606762383e-45
2894.375	1.892693116938649e-45
2894.5	2.1782090302363686e-45
2894.625	2.377591723908025e-45
2894.75	2.3899720122756e-45
2894.875	2.3863578675310444e-45
2895.0	2.619098020911376e-45
2895.125	2.235023579873296e-45
2895.25	2.086711551969444e-45
2895.375	1.9952835579484093e-45
2895.5	1.913615576091664e-45
2895.625	2.1939420390162247e-45
2895.75	1.8096222475190247e-45
2895.875	1.8124879164089762e-45
2896.0	2.6148544963799047e-45
2896.125	2.7650177415660957e-45
2896.25	2.362950669056481e-45
2896.375	1.997753065605361e-45
2896.5	2.353966631077636e-45
2896.625	2.4138919111278757e-45
2896.75	2.240070684478225e-45
2896.875	2.0622422964387243e-45
2897.0	2.122126015438521e-45
2897.125	2.0192774386496408e-45
2897.25	2.0758532893100888e-45
2897.375	2.4254429224737966e-45
2897.5	2.3215701701556248e-45
2897.625	2.305927314885184e-45
2897.75	2.376426586943236e-45
2897.875	2.029464838374724e-45
2898.0	1.9576155120126007e-45
2898.125	2.0648258625260245e-45
2898.25	2.3708640225273612e-45
2898.375	2.482256395773504e-45
2898.5	2.0385511252004888e-45
2898.625	1.8627834420006253e-45
2898.75	1.9333669678647612e-45
2898.875	2.337043425222529e-45
2899.0	2.212179189048481e-45
2899.125	2.0905599000148806e-45
2899.25	2.1855026604096e-45
2899.375	2.2525232651700247e-45
2899.5	2.408000433247161e-45
2899.625	2.0809060360686006e-45
2899.75	1.723150833765904e-45
2899.875	1.7861900770089638e-45
2900.0	2.158618666917969e-45
2900.125	2.1841451763559206e-45
2900.25	2.6504841530196088e-45
2900.375	2.9817522210089284e-45
2900.5	2.0604320298883238e-45
2900.625	1.531622425858704e-45
2900.75	2.069446275021889e-45
2900.875	2.2030216084314485e-45
2901.0	2.0598009481009e-45
2901.125	2.1155367133612963e-45
2901.25	2.3394644880961207e-45
2901.375	2.623895512352676e-45
2901.5	2.673676518251236e-45
2901.625	2.2053142946790767e-45
2901.75	1.869376513546369e-45
2901.875	2.0457095698894407e-45
2902.0	2.0669898445056e-45
2902.125	2.1610094649822807e-45
2902.25	1.8294505708939287e-45
2902.375	1.933562551677849e-45
2902.5	1.9066188635334087e-45
2902.625	1.8856421258883607e-45
2902.75	2.3132304103709158e-45
2902.875	2.091188176299121e-45
2903.0	2.2587866425696358e-45
2903.125	2.0857974931630237e-45
2903.25	2.2626331883167364e-45
2903.375	2.5645775249889636e-45
2903.5	2.3717064606285612e-45
2903.625	2.26686445456e-45
2903.75	2.329757927564356e-45
2903.875	2.1050679044783608e-45
2904.0	1.9770898927414407e-45
2904.125	2.0884944786024005e-45
2904.25	1.9681483475371237e-45
2904.375	1.920143146635844e-45
2904.5	1.9102837543448486e-45
2904.625	2.198904117840676e-45
2904.75	2.1354029165764003e-45
2904.875	2.0800918531845758e-45
2905.0	2.246247350846464e-45
2905.125	2.1183868767279685e-45
2905.25	2.2247726789100156e-45
2905.375	2.101476219943321e-45
2905.5	1.8890827864164e-45
2905.625	2.426304360215961e-45
2905.75	2.4229479314556007e-45
2905.875	2.2256144153107237e-45
2906.0	2.1925375462115997e-45
2906.125	1.8617441221724886e-45
2906.25	1.9371821964186238e-45
2906.375	2.155153329529641e-45
2906.5	2.430140869938681e-45
2906.625	2.2241649200688088e-45
2906.75	1.896617219928561e-45
2906.875	2.0084625623838757e-45
2907.0	2.0089856873241e-45
2907.125	2.3063535607401e-45
2907.25	2.5787005157426487e-45
2907.375	2.448654181918884e-45
2907.5	2.1811892638656162e-45
2907.625	2.447161283001681e-45
2907.75	2.464941479423329e-45
2907.875	2.2628675101344488e-45
2908.0	1.8919138469304957e-45
2908.125	2.258307788982336e-45
2908.25	2.2998525561412843e-45
2908.375	2.189881058707225e-45
2908.5	2.161310894989801e-45
2908.625	2.467364508440329e-45
2908.75	2.6013218199540252e-45
2908.875	2.262379662541441e-45
2909.0	2.344544142363049e-45
2909.125	2.4438470075489605e-45
2909.25	2.5000275000756253e-45
2909.375	2.1387591107584006e-45
2909.5	2.1194456055289685e-45
2909.625	2.2303523142792358e-45
2909.75	2.105097451958281e-45
2909.875	2.418217211338384e-45
2910.0	2.260833795747076e-45
2910.125	2.4594313307637162e-45
2910.25	2.4764292216227556e-45
2910.375	2.1776270781627037e-45
2910.5	2.195188990888336e-45
2910.625	1.879814274080625e-45
2910.75	1.951668647157636e-45
2910.875	2.3218152337075237e-45
2911.0	2.3264046357554886e-45
2911.125	2.208014613914256e-45
2911.25	2.057562622212496e-45
2911.375	2.1863278644942246e-45
2911.5	1.9328337356400253e-45
2911.625	2.145487464831649e-45
2911.75	2.2854331408896157e-45
2911.875	2.259702194505625e-45
2912.0	2.0394241548802562e-45
2912.125	1.9442154010545646e-45
2912.25	2.2531360251841002e-45
2912.375	2.573125757124169e-45
2912.5	2.4166777755200887e-45
2912.625	1.8125925631498088e-45
2912.75	1.732916942765761e-45
2912.875	2.154920939107876e-45
2913.0	2.357567923272849e-45
2913.125	2.2859785466004636e-45
2913.25	2.922740715014884e-45
2913.375	2.6035685858309756e-45
2913.5	2.2449064736371358e-45
2913.625	2.2549866768900002e-45
2913.75	2.3405100310771236e-45
2913.875	2.0143934751800245e-45
2914.0	1.9587313516082488e-45
2914.125	2.2758299960356e-45
2914.25	2.116263036173881e-45
2914.375	2.0691213898592158e-45
2914.5	2.4627412655281963e-45
2914.625	2.004589740296025e-45
2914.75	2.141171001838521e-45
2914.875	2.1220756189440637e-45
2915.0	1.722161606134225e-45
2915.125	1.738150404059161e-45
2915.25	1.9267549594634886e-45
2915.375	2.269353414828361e-45
2915.5	2.3975770028734806e-45
2915.625	2.001256102630801e-45
2915.75	2.1465594297745287e-45
2915.875	2.029028421488644e-45
2916.0	2.3848758800064813e-45
2916.125	2.465871179536521e-45
2916.25	2.5130814678547354e-45
2916.375	2.150641738000144e-45
2916.5	2.128709415167721e-45
2916.625	2.2511188356458487e-45
2916.75	2.5389076136054755e-45
2916.875	2.1589318249902488e-45
2917.0	1.9929296815020807e-45
2917.125	2.136303375306244e-45
2917.25	2.2513599624560035e-45
2917.375	2.2057964203326486e-45
2917.5	2.3559980198133758e-45
2917.625	2.0545775421927035e-45
2917.75	2.226200007525376e-45
2917.875	2.3330096889351206e-45
2918.0	2.407374028740004e-45
2918.125	2.2563333157691288e-45
2918.25	1.8780454717620837e-45
2918.375	2.0011056155709607e-45
2918.5	2.436812789159056e-45
2918.625	2.045679989889636e-45
2918.75	1.937714003197729e-45
2918.875	2.0717633334571286e-45
2919.0	2.0144826118081436e-45
2919.125	2.2341240074434414e-45
2919.25	2.320537344865936e-45
2919.375	2.0274505409284e-45
2919.5	1.942065038663689e-45
2919.625	2.2298968841426558e-45
2919.75	2.3782318955601614e-45
2919.875	2.252168272710225e-45
2920.0	2.4602357893836966e-45
2920.125	2.2390490542252804e-45
2920.25	2.4740800350156252e-45
2920.375	2.473116762054481e-45
2920.5	2.0502599258016158e-45
2920.625	1.996365399297025e-45
2920.75	2.1580087708231284e-45
2920.875	2.112528333138001e-45
2921.0	2.1713794753519687e-45
2921.125	2.198304872855056e-45
2921.25	2.137457371230736e-45
2921.375	2.1680090416294558e-45
2921.5	1.9593763258146492e-45
2921.625	1.938139782927481e-45
2921.75	1.949018355745344e-45
2921.875	1.7817312910924812e-45
2922.0	2.0231984208804837e-45
2922.125	2.150180331381369e-45
2922.25	1.806163981024144e-45
2922.375	1.874244539162116e-45
2922.5	2.1373045288420805e-45
2922.625	2.022935656381249e-45
2922.75	1.8509050464453156e-45
2922.875	1.9388716240644e-45
2923.0	2.223937986870609e-45
2923.125	2.177950012294144e-45
2923.25	1.958718251393281e-45
2923.375	2.172609745232644e-45
2923.5	2.1664016509443998e-45
2923.625	2.251577281820944e-45
2923.75	2.224578353070096e-45
2923.875	2.121002969705104e-45
2924.0	2.1233961677843287e-45
2924.125	1.932424276585104e-45
2924.25	1.9740048176910758e-45
2924.375	2.393472942535689e-45
2924.5	2.2264417778545958e-45
2924.625	2.1370804068734886e-45
2924.75	2.119397818938724e-45
2924.875	2.0712602232099997e-45
2925.0	2.1187296917749208e-45
2925.125	2.265150380211216e-45
2925.25	2.4365089133320366e-45
2925.375	2.1079553606256248e-45
2925.5	2.0403227568846237e-45
2925.625	2.4055489605888158e-45
2925.75	2.339543618831241e-45
2925.875	2.264707971746704e-45
2926.0	2.5599510671296812e-45
2926.125	2.630506231748521e-45
2926.25	2.1387179513756246e-45
2926.375	2.207150937105625e-45
2926.5	2.634607520951184e-45
2926.625	2.2639356689738887e-45
2926.75	2.4042802976385207e-45
2926.875	2.136248003910969e-45
2927.0	2.1198354684722404e-45
2927.125	2.336376339749929e-45
2927.25	2.0449967242896e-45
2927.375	1.7833082042267558e-45
2927.5	2.048970741051364e-45
2927.625	2.125273710677481e-45
2927.75	1.9703126543456163e-45
2927.875	2.0186112669657638e-45
2928.0	1.729704393781225e-45
2928.125	1.7674540051278014e-45
2928.25	2.2370833037742248e-45
2928.375	2.1553913036208642e-45
2928.5	2.137281690793536e-45
2928.625	1.9354701002644842e-45
2928.75	2.1444204910205443e-45
2928.875	2.645164733257225e-45
2929.0	2.1609560056550562e-45
2929.125	2.1448191278448637e-45
2929.25	2.385446016096784e-45
2929.375	2.5230235657652635e-45
2929.5	2.230745068023696e-45
2929.625	2.0045525791729e-45
2929.75	2.2844067613390236e-45
2929.875	2.2579319083254006e-45
2930.0	2.0321371577098238e-45
2930.125	2.038076081243136e-45
2930.25	2.1327515392487286e-45
2930.375	1.980488171160976e-45
2930.5	2.1233692569609604e-45
2930.625	2.003062120158724e-45
2930.75	1.9963546759422248e-45
2930.875	2.106704614917904e-45
2931.0	2.0321214701673637e-45
2931.125	1.8135480620075292e-45
2931.25	2.124571286397184e-45
2931.375	2.418911814164356e-45
2931.5	2.0877645298118446e-45
2931.625	1.8658728180625e-45
2931.75	2.0658882128738487e-45
2931.875	2.5201152001610005e-45
2932.0	2.315372430912489e-45
2932.125	2.2450539239999998e-45
2932.25	2.235680575944256e-45
2932.375	1.9415187112782237e-45
2932.5	2.039752390849924e-45
2932.625	2.2981322846679213e-45
2932.75	2.3826114416240004e-45
2932.875	2.1962220301936886e-45
2933.0	2.1691003101072004e-45
2933.125	2.8422709575802087e-45
2933.25	2.9567591636881e-45
2933.375	2.815649812913809e-45
2933.5	2.698495068655681e-45
2933.625	2.3334636460598437e-45
2933.75	2.351022431199649e-45
2933.875	2.2834803879221763e-45
2934.0	2.1545753940992158e-45
2934.125	2.0843656937613163e-45
2934.25	2.3748673748773204e-45
2934.375	2.638807242739684e-45
2934.5	1.951405268632369e-45
2934.625	1.8779853212899838e-45
2934.75	2.1634855884646557e-45
2934.875	2.0847133243129208e-45
2935.0	2.441191472812225e-45
2935.125	2.2988419301375998e-45
2935.25	2.312443529664129e-45
2935.375	2.2849399030920254e-45
2935.5	2.0883626817404488e-45
2935.625	2.0579776904737208e-45
2935.75	2.1035524519790007e-45
2935.875	2.1451354517784488e-45
2936.0	2.1212272603090887e-45
2936.125	1.942299051396484e-45
2936.25	2.1368782079044006e-45
2936.375	2.7647815418160997e-45
2936.5	2.7052680126204806e-45
2936.625	2.361640028437264e-45
2936.75	2.5038667940544084e-45
2936.875	2.4949703323036843e-45
2937.0	2.073654343386025e-45
2937.125	2.0602579099240958e-45
2937.25	2.3801799555197438e-45
2937.375	2.9292967475884836e-45
2937.5	2.6641916354928636e-45
2937.625	2.1652749522252246e-45
2937.75	2.3871922069278005e-45
2937.875	2.4599352179347555e-45
2938.0	2.5296151902783996e-45
2938.125	2.1261293334009e-45
2938.25	1.925921574814329e-45
2938.375	1.8161282289951363e-45
2938.5	1.867846348713744e-45
2938.625	1.8657177485420245e-45
2938.75	2.090854638546496e-45
2938.875	2.6124190637252408e-45
2939.0	2.156975656335504e-45
2939.125	2.162650476541636e-45
2939.25	2.1184974324710438e-45
2939.375	2.0871766057543837e-45
2939.5	2.1231300161792246e-45
2939.625	2.0677318861824e-45
2939.75	2.047456073382976e-45
2939.875	2.2046361393238087e-45
2940.0	2.1656377349065686e-45
2940.125	2.3094053746505285e-45
2940.25	2.250095258058561e-45
2940.375	2.5123421954929e-45
2940.5	2.2279608336384e-45
2940.625	1.9426961561047285e-45
2940.75	2.0413977621489e-45
2940.875	1.9897155763879846e-45
2941.0	2.1575320823745646e-45
2941.125	2.4908733448224996e-45
2941.25	2.290395055557184e-45
2941.375	2.2302306602011238e-45
2941.5	2.288844142361956e-45
2941.625	2.425907459264004e-45
2941.75	2.225910693075364e-45
2941.875	2.128612987967236e-45
2942.0	2.0220570800095208e-45
2942.125	2.4341294055886094e-45
2942.25	2.5338307842832408e-45
2942.375	2.1604254460621285e-45
2942.5	2.029390417147536e-45
2942.625	1.9685676966799357e-45
2942.75	2.587338256833225e-45
2942.875	2.7623430486520092e-45
2943.0	2.138714899122564e-45
2943.125	2.2773375536457638e-45
2943.25	2.4411841603722807e-45
2943.375	2.3022161854022248e-45
2943.5	2.1606591557178808e-45
2943.625	2.3435905493160247e-45
2943.75	2.259641253347856e-45
2943.875	1.7159443792336813e-45
2944.0	1.835512023951376e-45
2944.125	2.428845531655761e-45
2944.25	1.9523120157506245e-45
2944.375	2.2873025543655038e-45
2944.5	2.576623081160704e-45
2944.625	2.5826033869010412e-45
2944.75	2.258309499762276e-45
2944.875	2.2916781186756247e-45
2945.0	2.339238421474276e-45
2945.125	1.9475238899160808e-45
2945.25	2.0216380965169e-45
2945.375	2.2887564012206007e-45
2945.5	2.139006445367236e-45
2945.625	2.085088381421824e-45
2945.75	2.2693819022808997e-45
2945.875	2.242123261932096e-45
2946.0	2.1729478764823208e-45
2946.125	2.402301910438089e-45
2946.25	2.3308391499252247e-45
2946.375	2.2733815417600806e-45
2946.5	2.3103922675715996e-45
2946.625	2.4508508678327607e-45
2946.75	2.4527173048070558e-45
2946.875	2.243002657401801e-45
2947.0	2.228402565109681e-45
2947.125	2.6150375652038435e-45
2947.25	2.153883644642304e-45
2947.375	2.0348801622453157e-45
2947.5	1.899213959520784e-45
2947.625	1.902405701963776e-45
2947.75	2.0526725993448997e-45
2947.875	2.1845714188812007e-45
2948.0	2.3787667058504043e-45
2948.125	2.190180283607044e-45
2948.25	2.2005979187019612e-45
2948.375	1.8180589935222088e-45
2948.5	1.993953906071521e-45
2948.625	2.898686807018116e-45
2948.75	2.3991513899636887e-45
2948.875	2.1933760665810486e-45
2949.0	2.284083962152281e-45
2949.125	2.1810401897856644e-45
2949.25	2.6315430788506243e-45
2949.375	2.6033328548539558e-45
2949.5	1.9761638950242246e-45
2949.625	2.020313534618404e-45
2949.75	2.0661021157248158e-45
2949.875	2.065132323650529e-45
2950.0	2.2953353296769642e-45
2950.125	2.5145945381072893e-45
2950.25	2.3036860906928996e-45
2950.375	2.1231696429582252e-45
2950.5	1.926732748750096e-45
2950.625	1.964659438621441e-45
2950.75	1.9509255607340887e-45
2950.875	2.246896134862096e-45
2951.0	2.725762243221889e-45
2951.125	2.5038629911182253e-45
2951.25	2.3268726140782237e-45
2951.375	2.7753112567757285e-45
2951.5	3.147186101445369e-45
2951.625	2.422653288847936e-45
2951.75	2.5021894791720995e-45
2951.875	2.8327051861708956e-45
2952.0	2.724524407938529e-45
2952.125	2.669064019110225e-45
2952.25	2.6640350354326808e-45
2952.375	2.8666794793871617e-45
2952.5	2.6971041061898008e-45
2952.625	2.5569060964078804e-45
2952.75	2.3440282988075556e-45
2952.875	2.1443316734110406e-45
2953.0	2.0646349265685156e-45
2953.125	2.1844904669920888e-45
2953.25	2.1878082921241688e-45
2953.375	2.0873989179397208e-45
2953.5	2.447544186420921e-45
2953.625	2.4168219139594887e-45
2953.75	2.3490935156327036e-45
2953.875	2.5809565953094554e-45
2954.0	2.149266567793489e-45
2954.125	2.1043079081256964e-45
2954.25	2.1997084911024998e-45
2954.375	2.2315277504244003e-45
2954.5	2.411996500150561e-45
2954.625	2.1948559735040996e-45
2954.75	2.111878476922041e-45
2954.875	2.001934796196196e-45
2955.0	2.1583646259892087e-45
2955.125	2.0713931177535995e-45
2955.25	2.0057463845136e-45
2955.375	1.9728832141225e-45
2955.5	2.332582339144225e-45
2955.625	2.526064483880961e-45
2955.75	2.5569929692915234e-45
2955.875	2.426401300005225e-45
2956.0	2.3010297579025e-45
2956.125	1.9981628616642247e-45
2956.25	2.4153116234723996e-45
2956.375	2.344721945784241e-45
2956.5	2.301171940363024e-45
2956.625	2.389128095749264e-45
2956.75	2.364854724771984e-45
2956.875	2.161061716302841e-45
2957.0	1.9560393818539558e-45
2957.125	2.287053962861409e-45
2957.25	2.496332046376249e-45
2957.375	2.0181855426084e-45
2957.5	2.047201963872256e-45
2957.625	2.143667498259049e-45
2957.75	2.676239657788225e-45
2957.875	2.3665121231760998e-45
2958.0	2.0602402986169004e-45
2958.125	2.014035602048064e-45
2958.25	2.1245387448129613e-45
2958.375	2.138150177298496e-45
2958.5	2.077260832458529e-45
2958.625	2.450793639151081e-45
2958.75	2.0005489878850088e-45
2958.875	2.0808923510064005e-45
2959.0	2.3421026423256245e-45
2959.125	2.5183335893660008e-45
2959.25	2.5656430348393285e-45
2959.375	2.3638854382380247e-45
2959.5	2.0853522292416487e-45
2959.625	2.220303918250201e-45
2959.75	1.9887153628502248e-45
2959.875	2.1069684497790766e-45
2960.0	2.088409020384996e-45
2960.125	2.309087541397156e-45
2960.25	2.1981966611048994e-45
2960.375	2.115089665930816e-45
2960.5	2.162311659439569e-45
2960.625	2.5399483244099998e-45
2960.75	2.3888430436272644e-45
2960.875	2.299374643722025e-45
2961.0	2.1760535369797205e-45
2961.125	2.4491416223728092e-45
2961.25	2.5018420391858893e-45
2961.375	2.380443705823681e-45
2961.5	2.4465667042539603e-45
2961.625	2.5340523733543837e-45
2961.75	2.275885812000025e-45
2961.875	2.4134583953494437e-45
2962.0	2.2519746522506246e-45
2962.125	2.2111846298652247e-45
2962.25	2.463423074891689e-45
2962.375	2.332149812921569e-45
2962.5	2.262528732074116e-45
2962.625	2.216979144396864e-45
2962.75	2.335554312070329e-45
2962.875	2.5530903043969954e-45
2963.0	2.465994133135729e-45
2963.125	2.3023671374081438e-45
2963.25	1.9560451313856008e-45
2963.375	1.9953093764809966e-45
2963.5	2.156273584390249e-45
2963.625	2.030255986123044e-45
2963.75	2.079497167062016e-45
2963.875	2.1666004010300254e-45
2964.0	2.3080303049772957e-45
2964.125	1.9881048147725608e-45
2964.25	1.9984216877640998e-45
2964.375	2.3001991048728807e-45
2964.5	2.1272677564699687e-45
2964.625	1.8920557339862892e-45
2964.75	2.0135291406932245e-45
2964.875	2.4589679588323237e-45
2965.0	2.0901117507076003e-45
2965.125	2.355322119418921e-45
2965.25	2.0323734699136086e-45
2965.375	2.4066636199865637e-45
2965.5	2.3750224445768046e-45
2965.625	2.022446785310884e-45
2965.75	2.3196031919830808e-45
2965.875	1.9855054612981208e-45
2966.0	1.7401952880599038e-45
2966.125	2.177378827161664e-45
2966.25	2.3975423357370247e-45
2966.375	2.4776062737624812e-45
2966.5	2.448455953515625e-45
2966.625	2.3129549243760994e-45
2966.75	2.3368993653711688e-45
2966.875	2.2811227687322007e-45
2967.0	2.301367376459761e-45
2967.125	2.3483686924008996e-45
2967.25	2.421438877101924e-45
2967.375	2.3005275493542247e-45
2967.5	2.205501672147361e-45
2967.625	2.2850817787958414e-45
2967.75	2.2656594699151358e-45
2967.875	2.1653164594275208e-45
2968.0	2.0665456835256243e-45
2968.125	2.0400759558399998e-45
2968.25	2.0214874745120247e-45
2968.375	2.1810029220616806e-45
2968.5	2.199110637144976e-45
2968.625	2.2627046347310248e-45
2968.75	2.081830338072241e-45
2968.875	2.2234910396724638e-45
2969.0	2.2147295323935685e-45
2969.125	1.970011181196864e-45
2969.25	1.8302156722404e-45
2969.375	2.2688766814565285e-45
2969.5	2.5433202559209637e-45
2969.625	2.2267707651235843e-45
2969.75	2.336451841312164e-45
2969.875	2.7272023530001295e-45
2970.0	2.017276199153604e-45
2970.125	1.9831534424773206e-45
2970.25	2.4429456877548957e-45
2970.375	2.4961052181153687e-45
2970.5	2.347880338214761e-45
2970.625	2.1855975626406247e-45
2970.75	2.000246730877924e-45
2970.875	2.1236993871337687e-45
2971.0	2.1478717235487693e-45
2971.125	2.319468050652736e-45
2971.25	2.3682159437337605e-45
2971.375	2.156368592864656e-45
2971.5	2.2900684837156006e-45
2971.625	2.4642331501278487e-45
2971.75	2.410495868433601e-45
2971.875	2.6566670354939556e-45
2972.0	2.6781530632656248e-45
2972.125	2.1682548022175285e-45
2972.25	2.4022979893770486e-45
2972.375	2.6558320036052248e-45
2972.5	2.4370933826894763e-45
2972.625	2.5459295364120252e-45
2972.75	2.5486419295737758e-45
2972.875	2.4619213135335035e-45
2973.0	2.553955520055625e-45
2973.125	2.3270519651837287e-45
2973.25	2.5816078307256248e-45
2973.375	2.219253923845764e-45
2973.5	2.225074561124416e-45
2973.625	2.3126869568832158e-45
2973.75	2.47873541161e-45
2973.875	2.2551851756640998e-45
2974.0	2.4903835654100488e-45
2974.125	2.2952213061070234e-45
2974.25	2.232553333509409e-45
2974.375	2.2425804124038808e-45
2974.5	2.448290488921209e-45
2974.625	2.4982601028296044e-45
2974.75	2.2035961468955287e-45
2974.875	2.2858915297560043e-45
2975.0	2.5603429984282238e-45
2975.125	2.2736717314451556e-45
2975.25	2.2539881421542248e-45
2975.375	2.2729920129208355e-45
2975.5	2.4216499845291688e-45
2975.625	2.140018779353569e-45
2975.75	2.2625808647608358e-45
2975.875	2.2315043199176004e-45
2976.0	2.6055924333600163e-45
2976.125	2.402967654965476e-45
2976.25	2.6179063436304e-45
2976.375	2.6351176475596088e-45
2976.5	2.1516322367760998e-45
2976.625	1.9007779307597437e-45
2976.75	1.9302292187718756e-45
2976.875	2.0589503389329638e-45
2977.0	2.541295033965081e-45
2977.125	2.7003727612423206e-45
2977.25	2.3778106638399997e-45
2977.375	2.1480721245954002e-45
2977.5	2.5943324584681e-45
2977.625	2.3864038847938885e-45
2977.75	2.5465336459024808e-45
2977.875	2.561799974807529e-45
2978.0	2.3197339061954556e-45
2978.125	2.2706143701292957e-45
2978.25	2.3412301567876e-45
2978.375	2.0924214085980487e-45
2978.5	2.2533790638529003e-45
2978.625	2.5935080966910088e-45
2978.75	2.442724560101329e-45
2978.875	2.2899001341158005e-45
2979.0	1.982721944950756e-45
2979.125	2.1977022404376488e-45
2979.25	2.237719883047936e-45
2979.375	1.843964521022464e-45
2979.5	2.1362301631969e-45
2979.625	2.1541150508780248e-45
2979.75	1.991667488122404e-45
2979.875	2.1583693647285158e-45
2980.0	2.274280303042225e-45
2980.125	1.9727066154862444e-45
2980.25	1.994687187410241e-45
2980.375	2.1809471611745436e-45
2980.5	1.868258417456025e-45
2980.625	2.2955266848390248e-45
2980.75	2.3545574195835238e-45
2980.875	2.0901548170405207e-45
2981.0	2.2127400557324408e-45
2981.125	2.302563296041024e-45
2981.25	2.420017856780329e-45
2981.375	2.399407862030001e-45
2981.5	2.4543470442286887e-45
2981.625	2.2702956916644e-45
2981.75	2.1595820025178085e-45
2981.875	2.091837677238544e-45
2982.0	2.0480137578601956e-45
2982.125	1.974484955021329e-45
2982.25	1.9322813234292843e-45
2982.375	2.2359226713759356e-45
2982.5	2.2370306143185638e-45
2982.625	2.561336268245317e-45
2982.75	2.5076832942470758e-45
2982.875	2.2523969264117762e-45
2983.0	2.474837237125696e-45
2983.125	2.057522977445329e-45
2983.25	2.025159843154176e-45
2983.375	2.2729003807530248e-45
2983.5	2.741877171265969e-45
2983.625	2.3425682280072253e-45
2983.75	2.3646138190170246e-45
2983.875	2.2075419246841956e-45
2984.0	2.074924849103649e-45
2984.125	2.529701397122769e-45
2984.25	2.1494045379122408e-45
2984.375	2.4105853236349443e-45
2984.5	2.744425743729289e-45
2984.625	2.567715633807424e-45
2984.75	2.370420755659089e-45
2984.875	2.976021516949777e-45
2985.0	2.6000244614892246e-45
2985.125	2.1282821070228642e-45
2985.25	2.510968805146624e-45
2985.375	2.377640777279364e-45
2985.5	2.2156190729517688e-45
2985.625	2.2524484676410886e-45
2985.75	2.3113941789955207e-45
2985.875	2.061923607911281e-45
2986.0	2.104760329362889e-45
2986.125	2.033064182577169e-45
2986.25	2.694990924543204e-45
2986.375	2.7240889981536354e-45
2986.5	2.827795668788483e-45
2986.625	2.825922977866921e-45
2986.75	2.2631004169230248e-45
2986.875	2.140948620588996e-45
2987.0	1.8392099394921208e-45
2987.125	2.171350771040025e-45
2987.25	2.077142972067856e-45
2987.375	1.822048410040681e-45
2987.5	2.094861044201104e-45
2987.625	2.114416792252944e-45
2987.75	1.9941867373171237e-45
2987.875	1.920683741267236e-45
2988.0	2.488449572147044e-45
2988.125	2.800891030668025e-45
2988.25	2.6386100909644088e-45
2988.375	2.4795547725363838e-45
2988.5	2.450961564652969e-45
2988.625	2.5041321060204158e-45
2988.75	2.4837924539509206e-45
2988.875	2.408682868215556e-45
2989.0	2.457511279717264e-45
2989.125	2.5490631861095034e-45
2989.25	2.328364458290641e-45
2989.375	2.023957484212225e-45
2989.5	2.374350642381481e-45
2989.625	2.632257819025156e-45
2989.75	2.5092128720979362e-45
2989.875	2.3572949561283238e-45
2990.0	2.26402769124e-45
2990.125	2.4276314410000004e-45
2990.25	2.2060980456979246e-45
2990.375	2.301368815637056e-45
2990.5	2.6145730533468162e-45
2990.625	2.5274341531296487e-45
2990.75	2.3572376651376637e-45
2990.875	2.454320391045604e-45
2991.0	2.181184780360336e-45
2991.125	2.1352098538055605e-45
2991.25	2.2010164743600638e-45
2991.375	2.2942434068241207e-45
2991.5	2.031051704630481e-45
2991.625	1.8728856593688007e-45
2991.75	2.006122511278081e-45
2991.875	2.3739307290000003e-45
2992.0	2.3614600296607358e-45
2992.125	2.507620398213316e-45
2992.25	2.640792218272321e-45
2992.375	2.9194694513732253e-45
2992.5	2.4620848563599998e-45
2992.625	2.2039038186285157e-45
2992.75	2.2019542172502245e-45
2992.875	2.3763445924952246e-45
2993.0	2.3720831226892958e-45
2993.125	2.5723131909725288e-45
2993.25	2.5607111760408995e-45
2993.375	2.481398929304164e-45
2993.5	1.983218727822336e-45
2993.625	2.1746459223438006e-45
2993.75	2.298959975295841e-45
2993.875	2.0543243508690245e-45
2994.0	2.1468890409971557e-45
2994.125	2.7203066467204806e-45
2994.25	2.6409345667205755e-45
2994.375	2.2079731693556245e-45
2994.5	2.402199179695225e-45
2994.625	2.6600909966448998e-45
2994.75	2.2911346181768038e-45
2994.875	2.119477739781796e-45
2995.0	2.225879365959076e-45
2995.125	2.3872521083161962e-45
2995.25	2.4287737756732805e-45
2995.375	2.4115897710435996e-45
2995.5	2.4229036305540004e-45
2995.625	2.4138105502581163e-45
2995.75	2.355210983226256e-45
2995.875	2.075306769136225e-45
2996.0	2.2918451931683997e-45
2996.125	2.4096993877387206e-45
2996.25	2.368255361996176e-45
2996.375	2.1501628035431036e-45
2996.5	2.1740029927020247e-45
2996.625	2.5658989360182088e-45
2996.75	2.7572934837439693e-45
2996.875	2.647372516485376e-45
2997.0	2.064089885249536e-45
2997.125	2.0224580282320088e-45
2997.25	2.4951722329866012e-45
2997.375	2.231347584328164e-45
2997.5	2.5506478545157208e-45
2997.625	2.29724655616e-45
2997.75	2.441975251991716e-45
2997.875	2.3895917816694008e-45
2998.0	2.5958222034209443e-45
2998.125	2.4623550910271286e-45
2998.25	2.1746125331730808e-45
2998.375	2.389480719759225e-45
2998.5	2.678030208097344e-45
2998.625	2.4671429737376486e-45
2998.75	2.0996877595225002e-45
2998.875	2.0858965080514558e-45
2999.0	2.0464705821124887e-45
2999.125	2.1994373175892805e-45
2999.25	2.4913114622155206e-45
2999.375	2.5127727728292245e-45
2999.5	2.001476743709689e-45
2999.625	2.2200441998490246e-45
2999.75	2.2965319814010247e-45
2999.875	2.1365116484322253e-45
3000.0	2.1524291239298407e-45
3000.125	2.4230071968506007e-45
3000.25	2.553673229989924e-45
3000.375	2.3637503743490556e-45
3000.5	2.0192046423847207e-45
3000.625	1.9427377640970007e-45
3000.75	2.2574463035332807e-45
3000.875	2.5435233974227358e-45
3001.0	2.459186745875344e-45
3001.125	2.012554900034064e-45
3001.25	2.2057462610291285e-45
3001.375	2.5329166430481e-45
3001.5	2.4680660343739556e-45
3001.625	2.3431874996163236e-45
3001.75	2.102760996880384e-45
3001.875	2.3000523484173207e-45
3002.0	2.5581084915960088e-45
3002.125	2.629268479090449e-45
3002.25	2.5646417390132636e-45
3002.375	2.4549300816570013e-45
3002.5	2.4971338219688998e-45
3002.625	2.5390286460006247e-45
3002.75	2.670659507123776e-45
3002.875	2.5929356126073762e-45
3003.0	2.1225667108276838e-45
3003.125	2.370469832375841e-45
3003.25	2.0670735903365606e-45
3003.375	2.174359977581089e-45
3003.5	2.285282745046161e-45
3003.625	2.179001113971984e-45
3003.75	2.3894428849971838e-45
3003.875	2.776202589261124e-45
3004.0	2.700153472926001e-45
3004.125	2.4757803450417958e-45
3004.25	2.1091427325632155e-45
3004.375	2.373310330856689e-45
3004.5	2.6249800359244807e-45
3004.625	2.4814413707086238e-45
3004.75	2.2518102712170486e-45
3004.875	2.3218235215724162e-45
3005.0	2.5874102834276487e-45
3005.125	2.4178475250217687e-45
3005.25	2.3013378254521208e-45
3005.375	1.9493915981672247e-45
3005.5	1.755054952677376e-45
3005.625	2.254705754322564e-45
3005.75	2.3810276578506253e-45
3005.875	2.4186427937306008e-45
3006.0	2.1889698449991838e-45
3006.125	2.145814029076624e-45
3006.25	2.4036382963633958e-45
3006.375	2.7186652145540408e-45
3006.5	2.3957245230073208e-45
3006.625	2.598051506077225e-45
3006.75	2.560865923790001e-45
3006.875	2.938833171532036e-45
3007.0	2.7119701844964006e-45
3007.125	2.3620124882916e-45
3007.25	2.5747863879766088e-45
3007.375	1.985304416130025e-45
3007.5	2.1191440710422438e-45
3007.625	2.465368670845441e-45
3007.75	2.2500908940251285e-45
3007.875	1.8038809772944e-45
3008.0	2.212045238788225e-45
3008.125	2.5706956433127843e-45
3008.25	1.991847343433689e-45
3008.375	2.4817590950040486e-45
3008.5	2.5592485398482557e-45
3008.625	2.3571852299259046e-45
3008.75	2.3843399927276158e-45
3008.875	2.2871308631378494e-45
3009.0	1.9196612506957206e-45
3009.125	2.1090666807797758e-45
3009.25	2.284765337009961e-45
3009.375	2.8013552943645612e-45
3009.5	2.489253673241241e-45
3009.625	2.2952415235250406e-45
3009.75	2.292686977404121e-45
3009.875	2.3684437955555996e-45
3010.0	2.3330932508268166e-45
3010.125	2.115538921120144e-45
3010.25	2.1833892590160006e-45
3010.375	2.330384096498704e-45
3010.5	2.545274543109796e-45
3010.625	2.4306284363712164e-45
3010.75	2.2043217495420253e-45
3010.875	2.081522275432209e-45
3011.0	2.3135874892547558e-45
3011.125	2.3320523600035843e-45
3011.25	2.262218421830656e-45
3011.375	2.4338241184428092e-45
3011.5	2.365617592888225e-45
3011.625	2.568264650446401e-45
3011.75	2.562517127358721e-45
3011.875	2.6576435532662438e-45
3012.0	2.3902735588997757e-45
3012.125	2.351469117818601e-45
3012.25	2.4025321803594243e-45
3012.375	2.950309439196001e-45
3012.5	2.981170046408464e-45
3012.625	2.3513562299162248e-45
3012.75	1.8578623159673287e-45
3012.875	2.1296063388849646e-45
3013.0	2.0589424435760405e-45
3013.125	1.999118679365025e-45
3013.25	2.0001225786529e-45
3013.375	2.098354815686809e-45
3013.5	2.3517516403990437e-45
3013.625	2.350859031692964e-45
3013.75	2.3366285642065958e-45
3013.875	2.394651939502761e-45
3014.0	2.524762114434121e-45
3014.125	2.041399930877316e-45
3014.25	2.247283516092484e-45
3014.375	2.2691538171244963e-45
3014.5	2.042015173350244e-45
3014.625	2.038765594846864e-45
3014.75	2.116672389406864e-45
3014.875	2.4375736478040996e-45
3015.0	2.2908690664245757e-45
3015.125	2.289434644753369e-45
3015.25	2.470284927245521e-45
3015.375	2.354970278017296e-45
3015.5	2.4224891906265207e-45
3015.625	2.0601516985432363e-45
3015.75	2.3095506029906557e-45
3015.875	2.8849210427545205e-45
3016.0	2.709626724105625e-45
3016.125	2.877270841479204e-45
3016.25	2.4706420984469157e-45
3016.375	2.1160665165227293e-45
3016.5	2.3269535575890486e-45
3016.625	2.1786746478756243e-45
3016.75	2.0758283216650807e-45
3016.875	2.0525389475520248e-45
3017.0	1.9827633559893605e-45
3017.125	2.229202022509476e-45
3017.25	2.294921217272896e-45
3017.375	1.990943239880169e-45
3017.5	1.5968346071305692e-45
3017.625	2.105732497604121e-45
3017.75	2.3373713954841606e-45
3017.875	2.133071498224969e-45
3018.0	2.1900082525305756e-45
3018.125	2.231343332987409e-45
3018.25	2.2199984962596e-45
3018.375	2.3725123220673637e-45
3018.5	2.741999806635664e-45
3018.625	3.016931826972817e-45
3018.75	2.9230261713403243e-45
3018.875	2.87051432390676e-45
3019.0	2.4871649163622558e-45
3019.125	2.1633987025225e-45
3019.25	2.1612153128101296e-45
3019.375	2.2726399876617958e-45
3019.5	2.2558810350854558e-45
3019.625	2.3864459943976958e-45
3019.75	2.911188750217489e-45
3019.875	2.514286051019649e-45
3020.0	1.9839121725946408e-45
3020.125	2.044511615308176e-45
3020.25	2.2516583284961638e-45
3020.375	2.4909242519055998e-45
3020.5	2.5211935271741437e-45
3020.625	2.0734932352118766e-45
3020.75	1.9587541885742247e-45
3020.875	2.446401105665449e-45
3021.0	2.3941900136725213e-45
3021.125	2.000694444349129e-45
3021.25	2.725758379769616e-45
3021.375	2.529970891001856e-45
3021.5	2.2901111702712357e-45
3021.625	2.6180729410836636e-45
3021.75	2.4808536991325607e-45
3021.875	1.9668900359339558e-45
3022.0	2.157351491500804e-45
3022.125	2.576413241741161e-45
3022.25	2.902094230045921e-45
3022.375	2.5346715854524838e-45
3022.5	2.2792622802244e-45
3022.625	2.5577146072656092e-45
3022.75	2.3684138169879043e-45
3022.875	2.125372182894081e-45
3023.0	2.7609597902668955e-45
3023.125	2.549683522460881e-45
3023.25	2.440633980089529e-45
3023.375	2.429282497213504e-45
3023.5	2.0594361593821206e-45
3023.625	2.3094640997894557e-45
3023.75	2.814233853718609e-45
3023.875	2.8868232790555563e-45
3024.0	2.808152805888049e-45
3024.125	2.947766334008895e-45
3024.25	3.028037642201664e-45
3024.375	2.8521804349444807e-45
3024.5	2.434593391876801e-45
3024.625	2.2989013838595998e-45
3024.75	2.2866959727481e-45
3024.875	2.780909455080241e-45
3025.0	2.660793199597129e-45
3025.125	2.3940852057721e-45
3025.25	2.528659066779076e-45
3025.375	2.2455722182259605e-45
3025.5	2.0433301943041003e-45
3025.625	1.873786272286009e-45
3025.75	1.952260496409664e-45
3025.875	2.095578956920036e-45
3026.0	2.335371734067856e-45
3026.125	2.4544328506262888e-45
3026.25	2.0771857222794086e-45
3026.375	2.1156109498844408e-45
3026.5	3.0060238336195226e-45
3026.625	2.7050457170829166e-45
3026.75	2.339657577180049e-45
3026.875	1.9408498975860838e-45
3027.0	2.1421769052936487e-45
3027.125	2.352838050747844e-45
3027.25	2.3622327510736358e-45
3027.375	2.1886033354651208e-45
3027.5	2.251996481592025e-45
3027.625	2.073774837083524e-45
3027.75	2.2538680290064003e-45
3027.875	2.2303185001575037e-45
3028.0	2.1671637464736358e-45
3028.125	2.2959039567104634e-45
3028.25	2.069733425228329e-45
3028.375	2.0940650025120253e-45
3028.5	2.2263679808352162e-45
3028.625	2.2878102050614808e-45
3028.75	2.620550629046596e-45
3028.875	2.400201464406201e-45
3029.0	2.4748566387807607e-45
3029.125	2.477287521335449e-45
3029.25	2.587636542979489e-45
3029.375	2.6678655724182246e-45
3029.5	2.6945494719025e-45
3029.625	2.5299012779193755e-45
3029.75	2.8350678290760244e-45
3029.875	2.258304842640625e-45
3030.0	2.1185342543414438e-45
3030.125	2.3922816168339358e-45
3030.25	2.597364563207716e-45
3030.375	2.5656798084515998e-45
3030.5	2.1240375621475242e-45
3030.625	2.3041115533502442e-45
3030.75	2.5772051333247605e-45
3030.875	2.8615712322463354e-45
3031.0	2.2348772156621438e-45
3031.125	2.387498659789369e-45
3031.25	2.670182846611345e-45
3031.375	2.3694562675977207e-45
3031.5	2.5662275942548087e-45
3031.625	2.7860229201840996e-45
3031.75	2.515461131023129e-45
3031.875	3.1664289298029605e-45
3032.0	2.6443677131090562e-45
3032.125	2.3871968973846005e-45
3032.25	2.195826142087449e-45
3032.375	2.4369071742016e-45
3032.5	2.2832285638258805e-45
3032.625	2.257836113656249e-45
3032.75	2.0593375930056247e-45
3032.875	1.9681168493523686e-45
3033.0	2.196655448617081e-45
3033.125	2.308736575870596e-45
3033.25	2.364589797194304e-45
3033.375	2.3771771797404158e-45
3033.5	2.5468485459487208e-45
3033.625	2.6577333581976807e-45
3033.75	2.1934569956034487e-45
3033.875	2.1489195294736e-45
3034.0	1.9030925505536006e-45
3034.125	2.1264190983245438e-45
3034.25	2.516957157411225e-45
3034.375	2.0877521015894758e-45
3034.5	2.1676464328401e-45
3034.625	2.4240164934272038e-45
3034.75	2.2558939540475043e-45
3034.875	2.6961659544459237e-45
3035.0	3.141663146392681e-45
3035.125	2.8272543526126236e-45
3035.25	2.3663651147994007e-45
3035.375	2.0306079973038237e-45
3035.5	2.4187267933858085e-45
3035.625	2.5203934203903997e-45
3035.75	2.6118768975756254e-45
3035.875	2.6019821486983837e-45
3036.0	2.0556517617756162e-45
3036.125	2.1114119657106088e-45
3036.25	2.295356505794641e-45
3036.375	2.439117846905476e-45
3036.5	2.6319128519175834e-45
3036.625	2.3553812313529004e-45
3036.75	2.0942691928705956e-45
3036.875	2.3302674678483357e-45
3037.0	2.279126409598809e-45
3037.125	2.4683647173696e-45
3037.25	2.5785964159339242e-45
3037.375	2.4856171463692954e-45
3037.5	2.272688804271076e-45
3037.625	2.2199909575683998e-45
3037.75	2.5943478407370805e-45
3037.875	2.6724199642661156e-45
3038.0	2.4073649026590252e-45
3038.125	2.2482263211662246e-45
3038.25	1.9427538079757605e-45
3038.375	2.0125046554587038e-45
3038.5	2.745292297518369e-45
3038.625	2.6597600948710444e-45
3038.75	2.615901654724996e-45
3038.875	2.322967292403241e-45
3039.0	2.1803511152928997e-45
3039.125	2.1893817720889004e-45
3039.25	2.6319156222356006e-45
3039.375	2.861083604853604e-45
3039.5	2.879004646511449e-45
3039.625	2.6384239387792806e-45
3039.75	2.4091468771297208e-45
3039.875	2.0989670358152246e-45
3040.0	2.321832387676816e-45
3040.125	2.450553147375844e-45
3040.25	2.189089713468681e-45
3040.375	2.239307894398276e-45
3040.5	2.233175752607121e-45
3040.625	2.3758552876205164e-45
3040.75	2.5974646581475838e-45
3040.875	2.0657214072432638e-45
3041.0	2.0904288609792636e-45
3041.125	2.412582639330304e-45
3041.25	2.109139334084689e-45
3041.375	2.3550096829473638e-45
3041.5	1.9363949641421437e-45
3041.625	2.3693463560686238e-45
3041.75	2.781557386782784e-45
3041.875	2.6123331965581208e-45
3042.0	2.8784259381292965e-45
3042.125	2.8491569724750253e-45
3042.25	2.5459809021057956e-45
3042.375	2.7670336319652002e-45
3042.5	2.4216444729828486e-45
3042.625	2.602433603486809e-45
3042.75	2.4700399026540162e-45
3042.875	2.8351432249999686e-45
3043.0	3.096688997001603e-45
3043.125	2.333710109463121e-45
3043.25	2.5018130285881288e-45
3043.375	2.2807648610813156e-45
3043.5	2.5306858888819288e-45
3043.625	2.7318635409418236e-45
3043.75	2.6291058328872492e-45
3043.875	2.3870477822009287e-45
3044.0	2.387084523124401e-45
3044.125	2.509535675610757e-45
3044.25	2.2762645199257963e-45
3044.375	2.1829031409594008e-45
3044.5	2.678518747430464e-45
3044.625	2.376154869980761e-45
3044.75	2.194897013673984e-45
3044.875	2.293230278883856e-45
3045.0	2.3808982532136012e-45
3045.125	2.396470911860169e-45
3045.25	2.503119272379489e-45
3045.375	2.7376785392089e-45
3045.5	2.3122845538883998e-45
3045.625	2.116957644326464e-45
3045.75	2.2272800543886237e-45
3045.875	2.4348227370299284e-45
3046.0	2.252550697569936e-45
3046.125	2.6629367965298012e-45
3046.25	2.2598411928573692e-45
3046.375	2.206028907697924e-45
3046.5	2.230388301098169e-45
3046.625	2.505312419185216e-45
3046.75	2.3076456009615998e-45
3046.875	2.5537653035528488e-45
3047.0	2.2258130324615285e-45
3047.125	2.024386336498761e-45
3047.25	2.264336602822116e-45
3047.375	2.0778134444755208e-45
3047.5	2.057442419003521e-45
3047.625	2.049882038038129e-45
3047.75	2.2549711012792958e-45
3047.875	2.331466719549696e-45
3048.0	2.3831088618732157e-45
3048.125	2.338419565555264e-45
3048.25	2.286350347113616e-45
3048.375	2.6925835158120997e-45
3048.5	2.9436667675137617e-45
3048.625	2.7851307513382437e-45
3048.75	2.5054795993147556e-45
3048.875	2.596616154742009e-45
3049.0	2.1915192307322244e-45
3049.125	2.4454660833357158e-45
3049.25	2.585824506106009e-45
3049.375	2.4767462267525613e-45
3049.5	2.258662884753664e-45
3049.625	2.5306870962242248e-45
3049.75	2.726358709557025e-45
3049.875	2.4845520379689612e-45
3050.0	2.4947009110143606e-45
3050.125	2.328451797273156e-45
3050.25	2.6055987629443558e-45
3050.375	2.5483749767706238e-45
3050.5	2.3993912075835607e-45
3050.625	2.1971540639160998e-45
3050.75	2.2385351091855998e-45
3050.875	2.117363383543489e-45
3051.0	2.3222523905805162e-45
3051.125	2.308540634925625e-45
3051.25	2.3731979916304e-45
3051.375	2.304579780469521e-45
3051.5	2.6326951655616158e-45
3051.625	2.904434538553635e-45
3051.75	2.7582120640544888e-45
3051.875	2.2010743678408812e-45
3052.0	2.0671450620616893e-45
3052.125	2.294929840241476e-45
3052.25	2.4426669321423356e-45
3052.375	2.4183979833840996e-45
3052.5	2.5170926163032247e-45
3052.625	2.5671085102228804e-45
3052.75	2.4159077007494555e-45
3052.875	2.048154322258521e-45
3053.0	2.2997388999816492e-45
3053.125	2.7808680060520956e-45
3053.25	2.8230506545825437e-45
3053.375	2.6108149097459555e-45
3053.5	2.101836552415681e-45
3053.625	2.3476201424445162e-45
3053.75	2.604687892316449e-45
3053.875	2.959917952696384e-45
3054.0	2.774552488308441e-45
3054.125	2.578974943064881e-45
3054.25	2.4638234299910558e-45
3054.375	2.5093580409410487e-45
3054.5	2.741426344911424e-45
3054.625	2.680794147220996e-45
3054.75	2.477545348852809e-45
3054.875	2.6770921719093758e-45
3055.0	2.4678012490269612e-45
3055.125	2.3030395241200358e-45
3055.25	2.793549332905444e-45
3055.375	2.8195632721936e-45
3055.5	2.2792704917904362e-45
3055.625	2.7069069568671357e-45
3055.75	2.7754606627348806e-45
3055.875	2.2621161630006813e-45
3056.0	2.1389420666952038e-45
3056.125	2.5676850276288997e-45
3056.25	2.539207730864704e-45
3056.375	2.2998719307204006e-45
3056.5	2.426988891141441e-45
3056.625	2.5148228066640812e-45
3056.75	2.3384757569685213e-45
3056.875	2.2894752200685213e-45
3057.0	2.601026214066049e-45
3057.125	2.7073465067802238e-45
3057.25	2.3450763137761437e-45
3057.375	2.2731315147621606e-45
3057.5	1.990274977800004e-45
3057.625	2.3968314209280243e-45
3057.75	2.5272729785600996e-45
3057.875	2.1440227247096488e-45
3058.0	2.129500662059169e-45
3058.125	2.486924840831929e-45
3058.25	2.4259254860792246e-45
3058.375	2.450009633895184e-45
3058.5	2.4196854173288037e-45
3058.625	2.5332768036622238e-45
3058.75	2.544266435881284e-45
3058.875	3.12577155396e-45
3059.0	2.880052328522161e-45
3059.125	2.288829120040681e-45
3059.25	2.019474444504969e-45
3059.375	2.3860025432256245e-45
3059.5	2.368854073265625e-45
3059.625	2.3980854830030013e-45
3059.75	2.8189943922052087e-45
3059.875	3.0079553777288994e-45
3060.0	2.3174317751635213e-45
3060.125	2.4684667665668886e-45
3060.25	2.5229767518945637e-45
3060.375	2.296108273340176e-45
3060.5	2.547774283132324e-45
3060.625	2.2695940870260488e-45
3060.75	2.402356903656336e-45
3060.875	2.688606570650625e-45
3061.0	2.3154937868980838e-45
3061.125	1.9858290620201643e-45
3061.25	2.2495308149499608e-45
3061.375	2.5530537221735037e-45
3061.5	2.5382650111528093e-45
3061.625	2.1110295862673635e-45
3061.75	2.1488365522470254e-45
3061.875	2.171263074950596e-45
3062.0	2.1851981456866086e-45
3062.125	2.0909521272248996e-45
3062.25	2.2717231527844087e-45
3062.375	2.3585025014210556e-45
3062.5	2.2310537789770237e-45
3062.625	2.5263921895064406e-45
3062.75	2.560418089129476e-45
3062.875	2.5331827849787557e-45
3063.0	2.481787590556849e-45
3063.125	2.650344739287001e-45
3063.25	2.862024127456321e-45
3063.375	2.4601727968166408e-45
3063.5	2.1508724134950006e-45
3063.625	2.5934170409136092e-45
3063.75	2.5344140243052958e-45
3063.875	2.237569457126116e-45
3064.0	2.7062626811495038e-45
3064.125	2.6507461042476088e-45
3064.25	2.5732126007466492e-45
3064.375	2.1208481378128885e-45
3064.5	1.8947096797971687e-45
3064.625	2.367795016080036e-45
3064.75	2.7484835886643237e-45
3064.875	3.066359504328961e-45
3065.0	2.9992446559296e-45
3065.125	2.462429326282641e-45
3065.25	2.6309164528516e-45
3065.375	2.7237006975153962e-45
3065.5	2.1413722006513693e-45
3065.625	2.156766573882001e-45
3065.75	2.6796935977830486e-45
3065.875	2.3875534833096038e-45
3066.0	2.724829455610201e-45
3066.125	2.4724014911160007e-45
3066.25	2.2606741316232086e-45
3066.375	2.145924371719129e-45
3066.5	2.2183007293456e-45
3066.625	2.3426409254988955e-45
3066.75	2.6443635992373758e-45
3066.875	2.790675552654025e-45
3067.0	2.5965614272091553e-45
3067.125	2.418245634786921e-45
3067.25	2.5302219889213436e-45
3067.375	2.7502375174878492e-45
3067.5	2.5771148718452638e-45
3067.625	2.5601180365168813e-45
3067.75	2.4613932105048996e-45
3067.875	2.2931280877046885e-45
3068.0	2.386537151726809e-45
3068.125	2.584639711779904e-45
3068.25	2.508493702068225e-45
3068.375	2.4978991415461693e-45
3068.5	2.275626869867961e-45
3068.625	2.288524091467441e-45
3068.75	2.665114089816049e-45
3068.875	3.32851605718385e-45
3069.0	2.920974223497445e-45
3069.125	2.501213947331044e-45
3069.25	2.421383469078025e-45
3069.375	2.5213377366297764e-45
3069.5	2.9270721744709286e-45
3069.625	2.727315781716681e-45
3069.75	2.648707262841649e-45
3069.875	2.505858027634116e-45
3070.0	2.8669905632497965e-45
3070.125	2.2480017671314084e-45
3070.25	2.1443497331513758e-45
3070.375	2.6328016857755562e-45
3070.5	2.4315810328120962e-45
3070.625	2.4427923701997686e-45
3070.75	2.349969404049289e-45
3070.875	2.677154985395361e-45
3071.0	2.5509754335811242e-45
3071.125	2.680824488269041e-45
3071.25	2.914108470845289e-45
3071.375	2.9141899849646444e-45
3071.5	2.544352690246929e-45
3071.625	2.234808762727696e-45
3071.75	2.691362576182336e-45
3071.875	2.9619282369599997e-45
3072.0	2.9514587849289e-45
3072.125	3.1209716320416493e-45
3072.25	2.622188699850721e-45
3072.375	2.4289173872663046e-45
3072.5	2.3759144616826088e-45
3072.625	1.9589614091443357e-45
3072.75	2.6264220768769003e-45
3072.875	2.370440619983241e-45
3073.0	2.3980273066976484e-45
3073.125	2.3235537925950253e-45
3073.25	2.0052734768784002e-45
3073.375	2.5166991935577962e-45
3073.5	2.7403346714184358e-45
3073.625	2.6223480594236892e-45
3073.75	2.629443437053801e-45
3073.875	2.5896670138904412e-45
3074.0	2.1411794234944004e-45
3074.125	2.1281625311681438e-45
3074.25	1.9592821313608407e-45
3074.375	2.2304824727042558e-45
3074.5	2.876193632584335e-45
3074.625	2.406721508489104e-45
3074.75	1.8809270615583358e-45
3074.875	2.1315474746292247e-45
3075.0	2.3031111257476e-45
3075.125	2.5051727729934006e-45
3075.25	2.7818982061522086e-45
3075.375	2.7297318720108956e-45
3075.5	2.1544015180119607e-45
3075.625	2.526692068828944e-45
3075.75	2.8536236424237606e-45
3075.875	2.452230994240036e-45
3076.0	2.2105454422078436e-45
3076.125	2.469111901445281e-45
3076.25	2.6286024409304044e-45
3076.375	2.2933783499928998e-45
3076.5	1.9533450203355688e-45
3076.625	2.4532002955632635e-45
3076.75	2.6585802386620835e-45
3076.875	2.656157816381476e-45
3077.0	2.4771456721486235e-45
3077.125	2.808933962388129e-45
3077.25	2.6495226435081964e-45
3077.375	2.3802254253029156e-45
3077.5	2.873081244479161e-45
3077.625	2.5750095576807036e-45
3077.75	2.809013674016641e-45
3077.875	2.833091918879209e-45
3078.0	2.7799426024759206e-45
3078.125	3.2989247668952883e-45
3078.25	3.050245533824784e-45
3078.375	2.3953370810367612e-45
3078.5	2.8768626540504486e-45
3078.625	2.6720183056817608e-45
3078.75	2.4657671977460643e-45
3078.875	2.3906480742165162e-45
3079.0	2.2376326543188836e-45
3079.125	2.3347504037550248e-45
3079.25	2.1307958223759357e-45
3079.375	1.971671966741169e-45
3079.5	2.8570652041164836e-45
3079.625	2.851563738001225e-45
3079.75	2.395462864093156e-45
3079.875	2.2542342654157292e-45
3080.0	2.1372702255844002e-45
3080.125	2.4122044451832037e-45
3080.25	2.387368981704101e-45
3080.375	2.390013762246289e-45
3080.5	2.286092340357604e-45
3080.625	2.380122484677001e-45
3080.75	2.3352444459506893e-45
3080.875	2.4807443215990413e-45
3081.0	2.7548099031560887e-45
3081.125	2.3830602402936044e-45
3081.25	2.626937868410244e-45
3081.375	2.5317190767484813e-45
3081.5	2.6982940373512357e-45
3081.625	2.6518304975893285e-45
3081.75	2.7299827670821685e-45
3081.875	2.415039559874704e-45
3082.0	2.4657322396996003e-45
3082.125	2.379550643687044e-45
3082.25	2.1879225157547557e-45
3082.375	2.460045524531717e-45
3082.5	2.6387796061168092e-45
3082.625	2.355301347913809e-45
3082.75	2.1033248784803998e-45
3082.875	2.628752561335044e-45
3083.0	2.8979083407861747e-45
3083.125	2.465815960662289e-45
3083.25	2.443312344796129e-45
3083.375	2.725489302275961e-45
3083.5	2.3535264991329638e-45
3083.625	2.693451603528676e-45
3083.75	2.8217644660000883e-45
3083.875	3.03516603686028e-45
3084.0	3.229139382317289e-45
3084.125	2.7929085672965755e-45
3084.25	2.3511754597442407e-45
3084.375	2.4228754750803693e-45
3084.5	2.7726572847367843e-45
3084.625	2.468154166831441e-45
3084.75	2.455746490029121e-45
3084.875	2.8471267476086756e-45
3085.0	3.048566912841241e-45
3085.125	2.7137913998479688e-45
3085.25	2.522805573541444e-45
3085.375	2.4066016113798757e-45
3085.5	2.3701084877376006e-45
3085.625	2.6911238373378492e-45
3085.75	3.2260212101094757e-45
3085.875	3.241000534005795e-45
3086.0	2.8570545138220846e-45
3086.125	2.3000834258642247e-45
3086.25	2.5190826765352956e-45
3086.375	2.8061874643715995e-45
3086.5	2.891230859207888e-45
3086.625	2.3481815437255208e-45
3086.75	2.200846833017856e-45
3086.875	2.1953488557024996e-45
3087.0	2.402551884683889e-45
3087.125	2.5444675974566566e-45
3087.25	2.5033465191701162e-45
3087.375	2.6517698357342443e-45
3087.5	2.7573746647040997e-45
3087.625	2.719473770233476e-45
3087.75	2.403445820552401e-45
3087.875	2.56691182609e-45
3088.0	2.345862333414609e-45
3088.125	2.374932384625284e-45
3088.25	2.6994490045132835e-45
3088.375	2.543798770999396e-45
3088.5	2.550273028051984e-45
3088.625	2.362871629546884e-45
3088.75	2.3116264927081288e-45
3088.875	2.325620822045481e-45
3089.0	2.210267207683441e-45
3089.125	2.568940131892369e-45
3089.25	2.382107337944569e-45
3089.375	2.4517001685053158e-45
3089.5	2.6942831850552244e-45
3089.625	2.4976966307955205e-45
3089.75	2.644201618083601e-45
3089.875	2.408595509573136e-45
3090.0	2.1060620799899037e-45
3090.125	2.593582857327361e-45
3090.25	2.656972796572224e-45
3090.375	2.304723608806369e-45
3090.5	2.377125400827529e-45
3090.625	2.332032946930129e-45
3090.75	2.1764553830300157e-45
3090.875	2.0085856286590084e-45
3091.0	2.405425169077956e-45
3091.125	2.4201484185600155e-45
3091.25	2.6287564579599997e-45
3091.375	2.6859167588405606e-45
3091.5	2.462950393990641e-45
3091.625	2.2475670100541437e-45
3091.75	2.1946614595617966e-45
3091.875	2.2722491876532248e-45
3092.0	2.334706046889616e-45
3092.125	2.3187542653680245e-45
3092.25	2.6725113626102445e-45
3092.375	2.6936622116530086e-45
3092.5	2.2413416586960996e-45
3092.625	2.1402626707987286e-45
3092.75	2.510233150359529e-45
3092.875	2.633755435296129e-45
3093.0	2.4147780276328808e-45
3093.125	2.682863530805956e-45
3093.25	2.7623694328295035e-45
3093.375	2.5787977113144958e-45
3093.5	2.1820110374240006e-45
3093.625	2.4904861685624407e-45
3093.75	2.4979294289040997e-45
3093.875	2.6371437553843836e-45
3094.0	2.527092806959204e-45
3094.125	2.5030725434726555e-45
3094.25	2.672923191503041e-45
3094.375	2.2998773978193686e-45
3094.5	2.2601045598702487e-45
3094.625	2.3516115893227234e-45
3094.75	2.735839072952001e-45
3094.875	2.547483249814801e-45
3095.0	2.4510398856484843e-45
3095.125	2.453508974936464e-45
3095.25	2.353714539889216e-45
3095.375	2.327571630377569e-45
3095.5	2.536457857101081e-45
3095.625	2.3989526286428157e-45
3095.75	2.4575356698374438e-45
3095.875	2.3984219204265958e-45
3096.0	2.500398715896169e-45
3096.125	2.5006206385144358e-45
3096.25	2.7660874972704487e-45
3096.375	2.5137582771112363e-45
3096.5	2.5698084343852843e-45
3096.625	3.0536267077369004e-45
3096.75	2.821384243823615e-45
3096.875	2.3787773382895205e-45
3097.0	2.670613823592324e-45
3097.125	2.6990466705225007e-45
3097.25	2.970916136344321e-45
3097.375	2.7856502861475997e-45
3097.5	2.1795616807221758e-45
3097.625	1.9654032737711608e-45
3097.75	2.129904555490321e-45
3097.875	2.3273777863532157e-45
3098.0	2.573292749782689e-45
3098.125	2.3406493641465642e-45
3098.25	2.3263669178454758e-45
3098.375	2.634137989413316e-45
3098.5	2.6670495429452245e-45
3098.625	2.476951469778361e-45
3098.75	2.3537152191006087e-45
3098.875	2.4602913425529758e-45
3099.0	2.7500416999056e-45
3099.125	2.584773014279569e-45
3099.25	2.765299701137689e-45
3099.375	2.7420320630210556e-45
3099.5	2.474117539212004e-45
3099.625	2.534647923112369e-45
3099.75	2.6390690272969e-45
3099.875	3.0724516420899995e-45
3100.0	2.5494667041555358e-45
3100.125	2.4636720397228808e-45
3100.25	2.6314319673252248e-45
3100.375	2.6802490731388836e-45
3100.5	2.563246936133361e-45
3100.625	2.359000312950681e-45
3100.75	2.3416311025024088e-45
3100.875	2.475872695292164e-45
3101.0	2.4079187791614005e-45
3101.125	2.2818591132784813e-45
3101.25	2.5725327030598807e-45
3101.375	2.4847940925486807e-45
3101.5	2.018782360063044e-45
3101.625	2.3278695039999995e-45
3101.75	2.5273377292979555e-45
3101.875	2.396962237005961e-45
3102.0	2.2757388791370246e-45
3102.125	2.485319913998289e-45
3102.25	2.705076403101801e-45
3102.375	2.9013449315699553e-45
3102.5	2.437371721365025e-45
3102.625	2.329802044328529e-45
3102.75	2.530551272022225e-45
3102.875	2.184173684700736e-45
3103.0	2.417552701018225e-45
3103.125	2.2970584842590438e-45
3103.25	2.3000128304856006e-45
3103.375	2.400358338876304e-45
3103.5	2.2000996632484006e-45
3103.625	2.6779449252904963e-45
3103.75	3.093424327710722e-45
3103.875	2.6208739633587838e-45
3104.0	2.3733139358889003e-45
3104.125	2.4526048845359608e-45
3104.25	2.7984819444623998e-45
3104.375	3.1101257037870003e-45
3104.5	2.7077349928818008e-45
3104.625	2.394204301388449e-45
3104.75	2.5349122427597438e-45
3104.875	2.587231032658561e-45
3105.0	2.539340058178225e-45
3105.125	2.7306147059206558e-45
3105.25	2.8898967602176e-45
3105.375	3.090005621176761e-45
3105.5	2.7622442405012487e-45
3105.625	2.346799530025729e-45
3105.75	2.7615607257069157e-45
3105.875	2.820746560711401e-45
3106.0	3.0986140457184154e-45
3106.125	3.156746021995329e-45
3106.25	3.126306286677924e-45
3106.375	3.178917181680769e-45
3106.5	2.783146051091961e-45
3106.625	2.710906780844161e-45
3106.75	2.6332538562576e-45
3106.875	2.612424686029456e-45
3107.0	2.5641537731006757e-45
3107.125	2.4933274582329e-45
3107.25	2.4419005350480995e-45
3107.375	2.5567197140482555e-45
3107.5	2.2747920392483996e-45
3107.625	1.9970557758648998e-45
3107.75	2.5273151066632806e-45
3107.875	2.5409989268556837e-45
3108.0	2.6576795369199687e-45
3108.125	2.255577260154724e-45
3108.25	2.2418018544289002e-45
3108.375	2.6024341136273636e-45
3108.5	2.518824101900544e-45
3108.625	2.6703261916896013e-45
3108.75	3.059507613849856e-45
3108.875	2.7345738506814093e-45
3109.0	2.3914432586882245e-45
3109.125	2.6884490472655356e-45
3109.25	2.8704208860634797e-45
3109.375	3.075565029781728e-45
3109.5	2.844535182945856e-45
3109.625	2.2868217395256254e-45
3109.75	2.4451724482292247e-45
3109.875	2.6913487765605208e-45
3110.0	2.6232876214416e-45
3110.125	2.4001582537880996e-45
3110.25	2.595498278437089e-45
3110.375	2.824844476338756e-45
3110.5	2.5565368778352638e-45
3110.625	2.642565835127449e-45
3110.75	3.184351220163136e-45
3110.875	2.3289603260458086e-45
3111.0	2.362068573647689e-45
3111.125	2.4114353781514247e-45
3111.25	2.5605866930176002e-45
3111.375	2.604403424622736e-45
3111.5	2.6970670256904356e-45
3111.625	2.510273031890625e-45
3111.75	2.048988666251536e-45
3111.875	1.8950052482289638e-45
3112.0	2.3088998503261688e-45
3112.125	2.321494909427236e-45
3112.25	2.5396792067528997e-45
3112.375	2.9659593486268836e-45
3112.5	2.8600503957547207e-45
3112.625	2.993751579014596e-45
3112.75	2.850416607039849e-45
3112.875	2.9091301749406093e-45
3113.0	2.7142895461363356e-45
3113.125	2.658712753167849e-45
3113.25	2.882645307433984e-45
3113.375	2.650235084828356e-45
3113.5	2.361230861880004e-45
3113.625	2.090332481783716e-45
3113.75	2.2729807614209438e-45
3113.875	2.8164427315482243e-45
3114.0	2.679875816345289e-45
3114.125	2.516051883908644e-45
3114.25	2.4989570088057614e-45
3114.375	2.9093639397903987e-45
3114.5	2.768924176642624e-45
3114.625	2.6678778654620156e-45
3114.75	2.9047276150256243e-45
3114.875	2.940921858891289e-45
3115.0	2.8533836878873286e-45
3115.125	2.522841235219449e-45
3115.25	2.377936083415396e-45
3115.375	2.7325792307500843e-45
3115.5	2.7536503932556966e-45
3115.625	2.9017609930560155e-45
3115.75	2.9959104821779217e-45
3115.875	2.520610806319225e-45
3116.0	2.554665508602601e-45
3116.125	2.1892414018489003e-45
3116.25	2.5296933497472492e-45
3116.375	1.991032123886289e-45
3116.5	2.296553067193225e-45
3116.625	3.112687566846225e-45
3116.75	2.823023982186769e-45
3116.875	2.7570339857411556e-45
3117.0	2.415778826228329e-45
3117.125	2.8719359024789163e-45
3117.25	2.9166378828808357e-45
3117.375	2.6700922115142247e-45
3117.5	2.7566875523638892e-45
3117.625	2.506429528576516e-45
3117.75	2.429150802125056e-45
3117.875	3.070634371023024e-45
3118.0	2.749152270304881e-45
3118.125	2.3809117205005684e-45
3118.25	2.1761268685506246e-45
3118.375	2.6462078601030245e-45
3118.5	3.0170850741440006e-45
3118.625	2.6279274647892245e-45
3118.75	2.769375258521316e-45
3118.875	2.542633931664369e-45
3119.0	2.8790412402632035e-45
3119.125	2.6688745226448008e-45
3119.25	2.2590385410703364e-45
3119.375	2.4504740421211688e-45
3119.5	2.202139950257296e-45
3119.625	2.3782352117254088e-45
3119.75	2.5522436244702246e-45
3119.875	3.0508069074921003e-45
3120.0	2.953313050538449e-45
3120.125	2.7482447410796162e-45
3120.25	2.441082577879969e-45
3120.375	2.236270139051524e-45
3120.5	2.1944143006197758e-45
3120.625	3.0100501566777756e-45
3120.75	3.4212163830572246e-45
3120.875	2.917553354813161e-45
3121.0	2.6124223348833208e-45
3121.125	2.9896541579528997e-45
3121.25	2.7029714338318813e-45
3121.375	2.842178513671397e-45
3121.5	2.650878938235969e-45
3121.625	2.3049653811030246e-45
3121.75	2.335652031445056e-45
3121.875	2.6074747003798436e-45
3122.0	2.6372929896855608e-45
3122.125	2.3871383647224998e-45
3122.25	2.862366310181569e-45
3122.375	2.7810070144445157e-45
3122.5	3.0661897277905953e-45
3122.625	2.9792014921718437e-45
3122.75	2.216374334208225e-45
3122.875	2.3174331230756252e-45
3123.0	2.316569288085504e-45
3123.125	2.682971786302921e-45
3123.25	2.530650976691776e-45
3123.375	2.531224291503076e-45
3123.5	2.5534537155240998e-45
3123.625	2.379344696289729e-45
3123.75	2.7397386671551687e-45
3123.875	2.6659759829481e-45
3124.0	2.6440187653205287e-45
3124.125	2.3515237200701443e-45
3124.25	2.1034188049459367e-45
3124.375	2.6187075540094813e-45
3124.5	2.645985638331025e-45
3124.625	2.6824894704900246e-45
3124.75	2.7716971325480996e-45
3124.875	3.0472069270861435e-45
3125.0	2.713520830029156e-45
3125.125	2.788739256505225e-45
3125.25	2.4020328350494438e-45
3125.375	2.1360917846441288e-45
3125.5	2.084733231536641e-45
3125.625	2.639964206658724e-45
3125.75	2.6811849696255997e-45
3125.875	3.052113555007969e-45
3126.0	3.098615159022436e-45
3126.125	2.4347161553226486e-45
3126.25	2.6967415176255997e-45
3126.375	2.700449878017609e-45
3126.5	2.8856732670823684e-45
3126.625	2.4519484412254087e-45
3126.75	2.472493877775684e-45
3126.875	2.2661446243216e-45
3127.0	2.8551542042514496e-45
3127.125	3.113577057918097e-45
3127.25	2.7747742503678757e-45
3127.375	2.3905850988320998e-45
3127.5	2.339673926270976e-45
3127.625	2.2550249513326087e-45
3127.75	2.6220288330624995e-45
3127.875	2.915916516597529e-45
3128.0	2.958964742798689e-45
3128.125	2.6329695775008996e-45
3128.25	2.6877864418259556e-45
3128.375	2.811813944371599e-45
3128.5	2.5548756736252836e-45
3128.625	3.086084367136369e-45
3128.75	3.164037075051076e-45
3128.875	2.897477483681284e-45
3129.0	2.8099934138156406e-45
3129.125	2.5836146887329e-45
3129.25	2.0251572330520087e-45
3129.375	2.4687412267720407e-45
3129.5	2.771219961494884e-45
3129.625	2.668143464105625e-45
3129.75	2.5050058033010882e-45
3129.875	2.6417187339084086e-45
3130.0	2.2850291963164407e-45
3130.125	2.4575115771570247e-45
3130.25	2.805135721915024e-45
3130.375	2.958922748952361e-45
3130.5	2.8108208449806244e-45
3130.625	2.9651790881577644e-45
3130.75	2.9195293192635604e-45
3130.875	2.6397807811672087e-45
3131.0	2.5764013642936962e-45
3131.125	2.3932102325207043e-45
3131.25	2.6192150131232886e-45
3131.375	2.899125184425625e-45
3131.5	2.7140546896280998e-45
3131.625	2.3950334533682405e-45
3131.75	2.5072058850080486e-45
3131.875	2.5584440353720958e-45
3132.0	2.3722338153698887e-45
3132.125	2.344134038722564e-45
3132.25	2.4380151503401206e-45
3132.375	2.604280741879716e-45
3132.5	2.5259954271555237e-45
3132.625	2.7989791271336408e-45
3132.75	2.433558808480996e-45
3132.875	2.4430222989097207e-45
3133.0	2.6910801578868836e-45
3133.125	2.4568559644891242e-45
3133.25	2.6487358777886412e-45
3133.375	2.4821529658641002e-45
3133.5	2.6468531791709284e-45
3133.625	2.3789836513302755e-45
3133.75	2.173837566073761e-45
3133.875	2.2920868635535362e-45
3134.0	2.9437916651584e-45
3134.125	3.315800622174121e-45
3134.25	2.745686535691401e-45
3134.375	2.418828204749056e-45
3134.5	2.5797810434870253e-45
3134.625	2.6301703030545955e-45
3134.75	2.3844728113720956e-45
3134.875	2.2642789301135998e-45
3135.0	2.2298691178201003e-45
3135.125	2.2551603865838407e-45
3135.25	2.546821496077849e-45
3135.375	2.511459401778369e-45
3135.5	2.6852971649416088e-45
3135.625	2.600371819933281e-45
3135.75	2.2834566862387838e-45
3135.875	2.4732365144060245e-45
3136.0	2.639290444700625e-45
3136.125	2.6322250861962247e-45
3136.25	2.139335198690704e-45
3136.375	2.4946695444088885e-45
3136.5	2.7483803104500084e-45
3136.625	2.4208379848481442e-45
3136.75	2.550286057127449e-45
3136.875	2.8771525124190255e-45
3137.0	2.8016423822748488e-45
3137.125	2.4994454307581164e-45
3137.25	2.5575961646731238e-45
3137.375	2.406453951695641e-45
3137.5	2.820835999840849e-45
3137.625	2.913955270572097e-45
3137.75	2.466357450129225e-45
3137.875	2.7999521416014755e-45
3138.0	2.986482925530728e-45
3138.125	2.765031202942096e-45
3138.25	2.696766548020801e-45
3138.375	2.7702883749938406e-45
3138.5	2.709813705568641e-45
3138.625	2.579699879236516e-45
3138.75	2.6038700512968996e-45
3138.875	3.004487223119209e-45
3139.0	2.655275869538161e-45
3139.125	2.2971606671196156e-45
3139.25	2.646504273202596e-45
3139.375	2.7306178412385957e-45
3139.5	2.4925102181021166e-45
3139.625	2.837927079751204e-45
3139.75	2.729489347585225e-45
3139.875	2.9825792228700243e-45
3140.0	3.0173615880262554e-45
3140.125	2.504805807361225e-45
3140.25	2.486498378769601e-45
3140.375	2.819564865180625e-45
3140.5	2.468521021429369e-45
3140.625	2.235271029494409e-45
3140.75	2.5052638679173206e-45
3140.875	2.6704498001960248e-45
3141.0	2.621082533787081e-45
3141.125	2.3047411795984e-45
3141.25	2.5679978881238887e-45
3141.375	2.799888750300625e-45
3141.5	2.93849306152116e-45
3141.625	2.6827014106296007e-45
3141.75	2.694391774515961e-45
3141.875	2.7370778014339204e-45
3142.0	2.747795068942225e-45
3142.125	2.8638937559296e-45
3142.25	2.5895392846502556e-45
3142.375	2.7003384643779605e-45
3142.5	2.6752854872782442e-45
3142.625	2.6131868197969212e-45
3142.75	2.672274702014401e-45
3142.875	2.338766202867264e-45
3143.0	2.7176990267180247e-45
3143.125	2.6347116160313638e-45
3143.25	2.667348360518884e-45
3143.375	2.979764041456225e-45
3143.5	2.7324687244664407e-45
3143.625	2.252907428899204e-45
3143.75	2.198648936401009e-45
3143.875	2.296178521260849e-45
3144.0	2.6638341563990244e-45
3144.125	2.312977528230625e-45
3144.25	2.3810043335272962e-45
3144.375	3.014347754261776e-45
3144.5	3.1376065096929645e-45
3144.625	2.798941352820484e-45
3144.75	2.5533835779922558e-45
3144.875	2.585951228358001e-45
3145.0	2.1360334580865643e-45
3145.125	2.138512530354916e-45
3145.25	2.3833402605251557e-45
3145.375	2.5620780569166758e-45
3145.5	2.7721168496028162e-45
3145.625	2.5055504773646767e-45
3145.75	2.6163119631106093e-45
3145.875	2.730468915624321e-45
3146.0	2.623073124674916e-45
3146.125	2.7538255583790248e-45
3146.25	2.723057974653184e-45
3146.375	3.0293968665618484e-45
3146.5	3.323329605898929e-45
3146.625	2.6683914094256247e-45
3146.75	2.8367655450770243e-45
3146.875	2.772504268430625e-45
3147.0	2.573976603703129e-45
3147.125	2.6888906221761957e-45
3147.25	2.7908828490432488e-45
3147.375	3.0527649393562236e-45
3147.5	2.720125144922761e-45
3147.625	2.780105420157025e-45
3147.75	3.092488783022501e-45
3147.875	2.3934709856107687e-45
3148.0	2.804947704527049e-45
3148.125	2.7743564390656e-45
3148.25	2.7150285664360956e-45
3148.375	2.512635826187601e-45
3148.5	2.6990278638045603e-45
3148.625	2.8755117119448044e-45
3148.75	2.3318338951523558e-45
3148.875	2.5130844756942758e-45
3149.0	2.8495495240935844e-45
3149.125	2.8178574414150247e-45
3149.25	2.3830978292222888e-45
3149.375	2.812233187823049e-45
3149.5	3.0071242069115043e-45
3149.625	2.633537431908009e-45
3149.75	2.805015284136025e-45
3149.875	2.4959898094539237e-45
3150.0	2.471695769687104e-45
3150.125	3.0087315918328366e-45
3150.25	2.6973314765055997e-45
3150.375	2.490283359702121e-45
3150.5	2.6556709083728035e-45
3150.625	2.2804404091578487e-45
3150.75	2.1459099186170887e-45
3150.875	2.2250994673216e-45
3151.0	2.4113834238939206e-45
3151.125	2.64621763396e-45
3151.25	2.6737051643416887e-45
3151.375	2.400627908417209e-45
3151.5	2.789064883313604e-45
3151.625	2.7034735776238437e-45
3151.75	2.328327014013081e-45
3151.875	2.203239210755625e-45
3152.0	2.4044739837100967e-45
3152.125	2.4555143776036086e-45
3152.25	2.572201612633129e-45
3152.375	2.6220827017881758e-45
3152.5	2.626628715417316e-45
3152.625	2.369455780827136e-45
3152.75	2.6806603587088358e-45
3152.875	2.804593507478569e-45
3153.0	2.7448332270163357e-45
3153.125	2.7243743958916e-45
3153.25	2.7194114008965758e-45
3153.375	3.0735082229929004e-45
3153.5	2.9284537887360995e-45
3153.625	3.105995076417025e-45
3153.75	3.0474238728895287e-45
3153.875	2.723057661555625e-45
3154.0	2.9221481132686084e-45
3154.125	2.8560243839862245e-45
3154.25	2.4880708644803563e-45
3154.375	2.6446430412446487e-45
3154.5	2.8858092838334416e-45
3154.625	2.6611086898242246e-45
3154.75	2.5172626976289003e-45
3154.875	2.4602514632500836e-45
3155.0	2.4827415885316893e-45
3155.125	2.628361170327025e-45
3155.25	2.804205653472001e-45
3155.375	2.9935112747401e-45
3155.5	2.5907465789881286e-45
3155.625	2.2238349935780246e-45
3155.75	2.8117114980294767e-45
3155.875	2.9742707347656254e-45
3156.0	2.619711568201924e-45
3156.125	2.685810516937636e-45
3156.25	2.7169131482162886e-45
3156.375	2.955064068971001e-45
3156.5	2.6490143154677758e-45
3156.625	2.713457903903044e-45
3156.75	2.5453435601544037e-45
3156.875	2.6203268254003835e-45
3157.0	2.302984143999889e-45
3157.125	2.3268737717824e-45
3157.25	2.6712557026928636e-45
3157.375	2.711958935966784e-45
3157.5	2.4710080442852248e-45
3157.625	2.5729337121208356e-45
3157.75	2.6653235871399844e-45
3157.875	2.6872734194107236e-45
3158.0	2.848402798384899e-45
3158.125	2.475622915719424e-45
3158.25	2.784924724132996e-45
3158.375	2.0612171135956408e-45
3158.5	2.326681307419225e-45
3158.625	2.4613226621349605e-45
3158.75	2.623545664272481e-45
3158.875	2.8751416124004083e-45
3159.0	2.8391143215555994e-45
3159.125	3.047249542802405e-45
3159.25	2.5913953830625e-45
3159.375	2.279557428473521e-45
3159.5	2.7843073214392962e-45
3159.625	3.0852581340100005e-45
3159.75	2.559871429709584e-45
3159.875	2.5418771156890238e-45
3160.0	2.59958239321e-45
3160.125	2.379581570712025e-45
3160.25	2.6740902985224486e-45
3160.375	3.052244489282884e-45
3160.5	2.496056456381401e-45
3160.625	2.5970278017257637e-45
3160.75	2.8856630605834237e-45
3160.875	2.112750980138241e-45
3161.0	2.1140282555449694e-45
3161.125	2.293881406048324e-45
3161.25	2.8325557374975986e-45
3161.375	3.191005087396323e-45
3161.5	3.0052786682580844e-45
3161.625	2.8572340065162016e-45
3161.75	2.7408220548853212e-45
3161.875	2.8374753494897644e-45
3162.0	2.5133116730435998e-45
3162.125	2.6922412595233436e-45
3162.25	2.541858864756201e-45
3162.375	2.2195248086198883e-45
3162.5	2.402268973624809e-45
3162.625	2.443758815803321e-45
3162.75	2.3512044562084e-45
3162.875	2.8221279266796165e-45
3163.0	3.0409387101158484e-45
3163.125	2.869286251986961e-45
3163.25	2.598453173750625e-45
3163.375	2.509554912229764e-45
3163.5	2.827770888350521e-45
3163.625	2.6776381668099998e-45
3163.75	2.5974729145372806e-45
3163.875	3.089007344587921e-45
3164.0	3.077389417453729e-45
3164.125	2.5388366683969e-45
3164.25	2.6255699837798562e-45
3164.375	2.7038596018224998e-45
3164.5	2.977651017572449e-45
3164.625	2.3378898906963608e-45
3164.75	2.575189602498276e-45
3164.875	2.357970556805721e-45
3165.0	2.5837677887621757e-45
3165.125	2.8853246447875236e-45
3165.25	2.868078365040249e-45
3165.375	2.914779403757808e-45
3165.5	3.0675290191372834e-45
3165.625	2.735092100379664e-45
3165.75	2.4328422774702013e-45
3165.875	2.7378267194685155e-45
3166.0	2.5180432388916643e-45
3166.125	2.740481038956816e-45
3166.25	2.638238409526225e-45
3166.375	2.876776729190464e-45
3166.5	2.865321937804804e-45
3166.625	2.778667432546489e-45
3166.75	2.7611905720090236e-45
3166.875	3.0571196725830755e-45
3167.0	2.9860573364392406e-45
3167.125	2.844156949487044e-45
3167.25	2.6010935348408887e-45
3167.375	2.6345674849294443e-45
3167.5	2.5336714193057444e-45
3167.625	2.4358541342231287e-45
3167.75	2.796357962121201e-45
3167.875	2.8684567932165757e-45
3168.0	3.1206070634112364e-45
3168.125	3.1253399544675995e-45
3168.25	3.0109319942416006e-45
3168.375	2.8187896646756245e-45
3168.5	2.9483792290404e-45
3168.625	2.8370579571216e-45
3168.75	2.9378939866896486e-45
3168.875	3.274060308554025e-45
3169.0	2.6191620950625e-45
3169.125	2.4090908246000998e-45
3169.25	2.78473622436e-45
3169.375	2.8437343732089763e-45
3169.5	2.9262028130945445e-45
3169.625	3.0064487595746485e-45
3169.75	3.3223091935545757e-45
3169.875	3.1365398632324e-45
3170.0	2.2724519723385642e-45
3170.125	2.2486225422474494e-45
3170.25	2.4533104510572157e-45
3170.375	2.5896689476640995e-45
3170.5	2.414721123395344e-45
3170.625	2.5279998632499606e-45
3170.75	2.7260870962591358e-45
3170.875	2.8421607074625616e-45
3171.0	3.1899256742483286e-45
3171.125	3.553763301675601e-45
3171.25	3.232390392433225e-45
3171.375	3.128001362817443e-45
3171.5	2.617888640404249e-45
3171.625	2.8516269639931285e-45
3171.75	3.372778916048161e-45
3171.875	2.9966716741944957e-45
3172.0	2.772528384278416e-45
3172.125	2.640978248421601e-45
3172.25	2.3007125974735357e-45
3172.375	2.1217058172724843e-45
3172.5	2.417081098664761e-45
3172.625	3.022842294905161e-45
3172.75	2.898915090797476e-45
3172.875	2.581308368070084e-45
3173.0	2.818392336092089e-45
3173.125	2.6984628615863608e-45
3173.25	2.6991699029032956e-45
3173.375	2.304562114281025e-45
3173.5	2.3809861816225002e-45
3173.625	2.805347474111961e-45
3173.75	2.6846661398476957e-45
3173.875	2.5882326581049757e-45
3174.0	2.824320874035601e-45
3174.125	3.076663857388489e-45
3174.25	2.8900021263876e-45
3174.375	2.8721625945387206e-45
3174.5	2.686980848521216e-45
3174.625	2.708097799335769e-45
3174.75	2.9678477988938485e-45
3174.875	2.8314015815590564e-45
3175.0	2.2717629035641955e-45
3175.125	2.4774041891138408e-45
3175.25	2.4633435636547242e-45
3175.375	2.5866918935399606e-45
3175.5	2.7733499653860248e-45
3175.625	3.0501093405620256e-45
3175.75	2.7643112756515237e-45
3175.875	2.7039670321004883e-45
3176.0	2.8401860572128165e-45
3176.125	3.006556887462241e-45
3176.25	2.842131705852609e-45
3176.375	2.505100098450625e-45
3176.5	2.9514584589649294e-45
3176.625	3.036004049202916e-45
3176.75	2.476878807599001e-45
3176.875	2.4349217219454762e-45
3177.0	2.3694407883176042e-45
3177.125	2.152425134023696e-45
3177.25	1.9449217510052893e-45
3177.375	2.3127790028323206e-45
3177.5	2.937566722056977e-45
3177.625	2.8063284814936805e-45
3177.75	2.6276273779105438e-45
3177.875	2.851952183083583e-45
3178.0	3.2181391635360244e-45
3178.125	2.578855907658969e-45
3178.25	2.6952681487047837e-45
3178.375	2.416224052630404e-45
3178.5	2.461302519818256e-45
3178.625	2.4451445592504087e-45
3178.75	2.5615062182556248e-45
3178.875	2.321056571249025e-45
3179.0	2.4865638018188486e-45
3179.125	2.7262131373488008e-45
3179.25	3.01845535370184e-45
3179.375	2.837928251739681e-45
3179.5	2.5838917156800248e-45
3179.625	2.7026625174310437e-45
3179.75	2.7148778781600998e-45
3179.875	3.173804387094784e-45
3180.0	3.174145457598024e-45
3180.125	2.8583708532227555e-45
3180.25	2.89805982664416e-45
3180.375	2.6035834852036842e-45
3180.5	2.636481238942329e-45
3180.625	2.998356208533503e-45
3180.75	3.241705704688441e-45
3180.875	3.079750631241001e-45
3181.0	2.9890583097429604e-45
3181.125	2.862231061031329e-45
3181.25	2.7714293768306893e-45
3181.375	3.22768288129e-45
3181.5	2.7487546376734888e-45
3181.625	2.7369983846689002e-45
3181.75	2.8706721644517154e-45
3181.875	2.788436777533801e-45
3182.0	3.093505865058436e-45
3182.125	2.9300184678260263e-45
3182.25	2.6483984782836488e-45
3182.375	2.852409870913849e-45
3182.5	3.165946480361536e-45
3182.625	3.1249289563320954e-45
3182.75	2.9529602572756103e-45
3182.875	3.357973833192728e-45
3183.0	3.2358876385287687e-45
3183.125	3.0108103992059045e-45
3183.25	2.7457233201225e-45
3183.375	2.7382235609294435e-45
3183.5	2.5534009606913442e-45
3183.625	2.6188375358272407e-45
3183.75	2.6460887233816086e-45
3183.875	2.7500790379104163e-45
3184.0	3.029362851963904e-45
3184.125	2.9022268621824e-45
3184.25	2.5385121873224996e-45
3184.375	2.8659067151788965e-45
3184.5	3.163118470425664e-45
3184.625	3.228162284652561e-45
3184.75	3.181632097897764e-45
3184.875	2.655589795732225e-45
3185.0	2.445988518508096e-45
3185.125	2.6562679025320362e-45
3185.25	2.6454975033600007e-45
3185.375	2.7890093257891838e-45
3185.5	2.5364352944112252e-45
3185.625	2.606392267854244e-45
3185.75	2.2914029616972012e-45
3185.875	2.5442107496289e-45
3186.0	2.9022010035264005e-45
3186.125	2.4887767245448808e-45
3186.25	2.5574165336608357e-45
3186.375	2.6265338000784e-45
3186.5	2.906679068467876e-45
3186.625	3.1508019853200245e-45
3186.75	3.1667422546542246e-45
3186.875	2.667284112811536e-45
3187.0	2.695898341605681e-45
3187.125	3.0020311071504354e-45
3187.25	3.130098251292961e-45
3187.375	3.174782351872849e-45
3187.5	2.6156657752164e-45
3187.625	3.119574253216201e-45
3187.75	3.3501609623306236e-45
3187.875	2.911749158311876e-45
3188.0	2.7379987642920998e-45
3188.125	2.9607856692624046e-45
3188.25	3.1122882243489965e-45
3188.375	2.604772204706961e-45
3188.5	2.5794870703998006e-45
3188.625	2.8567636385874016e-45
3188.75	2.6046747250081964e-45
3188.875	2.9018340385182754e-45
3189.0	2.704889169085401e-45
3189.125	2.6755727654317208e-45
3189.25	3.142603856980623e-45
3189.375	3.272788559140681e-45
3189.5	2.6163928828733438e-45
3189.625	2.7047048539277285e-45
3189.75	2.8147063310856373e-45
3189.875	2.614007247333769e-45
3190.0	2.8764895713972244e-45
3190.125	2.780082536814144e-45
3190.25	2.5887725683203235e-45
3190.375	2.7093790564764155e-45
3190.5	2.4267635606448635e-45
3190.625	2.6991672013200998e-45
3190.75	3.202931544424704e-45
3190.875	2.9931369401657614e-45
3191.0	2.806677808135745e-45
3191.125	2.991177126639025e-45
3191.25	3.045264033255921e-45
3191.375	3.014284616055001e-45
3191.5	3.103524100955524e-45
3191.625	2.7888332564540247e-45
3191.75	2.641105184355856e-45
3191.875	2.775654959715225e-45
3192.0	3.3786539639160995e-45
3192.125	3.3147051387225764e-45
3192.25	3.0448923257748495e-45
3192.375	2.7085477505641e-45
3192.5	2.8064387760922235e-45
3192.625	3.2180979786715236e-45
3192.75	3.091983529838449e-45
3192.875	3.0687964759649604e-45
3193.0	2.624750407653124e-45
3193.125	2.474715157687081e-45
3193.25	2.4838503656505642e-45
3193.375	2.983035586511928e-45
3193.5	2.812460056847424e-45
3193.625	2.683390325705401e-45
3193.75	3.0376025988024996e-45
3193.875	3.575611366445056e-45
3194.0	3.3852641654185284e-45
3194.125	2.6226058511954566e-45
3194.25	2.6360046606252957e-45
3194.375	2.8259069237476e-45
3194.5	2.933737162752256e-45
3194.625	2.8997153394900245e-45
3194.75	2.344502791444356e-45
3194.875	2.909813588665344e-45
3195.0	2.8386347917456e-45
3195.125	3.173166689633424e-45
3195.25	3.512892359436964e-45
3195.375	3.098526206661649e-45
3195.5	3.058738371563044e-45
3195.625	2.989082037560004e-45
3195.75	2.7645752170759835e-45
3195.875	2.8835944147921e-45
3196.0	2.953185994714175e-45
3196.125	2.3780432680842245e-45
3196.25	2.3652383319686557e-45
3196.375	2.601324982150596e-45
3196.5	3.040702695349489e-45
3196.625	3.0661235018177445e-45
3196.75	3.0183949194862407e-45
3196.875	2.9057532295915207e-45
3197.0	2.549147805115396e-45
3197.125	2.3346246787461156e-45
3197.25	2.411397075336484e-45
3197.375	2.691970728482025e-45
3197.5	2.9624379903280884e-45
3197.625	2.7423178754510248e-45
3197.75	2.641789765942336e-45
3197.875	2.868272770962563e-45
3198.0	3.012907379461848e-45
3198.125	2.6075825474760357e-45
3198.25	2.9525082649121443e-45
3198.375	3.132174351452224e-45
3198.5	3.235753505411856e-45
3198.625	3.7268198438592247e-45
3198.75	3.2195891975477753e-45
3198.875	2.916962791459397e-45
3199.0	2.8003440406487293e-45
3199.125	3.033032685496575e-45
3199.25	3.200465406894336e-45
3199.375	2.775450126216681e-45
3199.5	2.9358898175579034e-45
3199.625	3.0704326699052237e-45
3199.75	2.7390316701060806e-45
3199.875	2.8207816138829606e-45
3200.0	3.0409147773600994e-45
3200.125	2.8689331576309287e-45
3200.25	3.2673058407639035e-45
3200.375	3.3127123597318875e-45
3200.5	2.827479380706304e-45
3200.625	2.8286333752704037e-45
3200.75	2.810597647104899e-45
3200.875	2.6296606555670885e-45
3201.0	2.915378169154565e-45
3201.125	2.8360646697312245e-45
3201.25	2.639659734109161e-45
3201.375	2.891337970372569e-45
3201.5	3.417342440641599e-45
3201.625	3.4105517072050416e-45
3201.75	3.3317080689024996e-45
3201.875	3.475535206468901e-45
3202.0	2.9478350697729616e-45
3202.125	2.8286593295601636e-45
3202.25	2.8547392536576e-45
3202.375	2.8017092868806248e-45
3202.5	2.759950286082441e-45
3202.625	2.8337975372306246e-45
3202.75	2.8779130577618564e-45
3202.875	3.032653905394369e-45
3203.0	2.8184837552872357e-45
3203.125	2.852657582396176e-45
3203.25	2.605052507281225e-45
3203.375	2.681981200471104e-45
3203.5	2.536430862466081e-45
3203.625	2.3491995636057638e-45
3203.75	2.603117236687009e-45
3203.875	3.105999646398016e-45
3204.0	3.006749570474896e-45
3204.125	2.827053791642116e-45
3204.25	2.8896476521262486e-45
3204.375	3.090663704812644e-45
3204.5	3.4859598895123235e-45
3204.625	3.3869342241011284e-45
3204.75	2.7541205914406564e-45
3204.875	2.8344808826646487e-45
3205.0	3.263963158521025e-45
3205.125	3.028809398544401e-45
3205.25	2.9010733549617687e-45
3205.375	2.5791255694484635e-45
3205.5	2.596296766069161e-45
3205.625	2.8739361389010244e-45
3205.75	3.3527002010800363e-45
3205.875	2.7656433094994562e-45
3206.0	2.670102649457296e-45
3206.125	2.942816644134755e-45
3206.25	2.7575223267974562e-45
3206.375	2.561139805367025e-45
3206.5	3.2116155020276885e-45
3206.625	3.6462634449528044e-45
3206.75	2.8478308028350404e-45
3206.875	2.806178670784129e-45
3207.0	2.8044822959137704e-45
3207.125	2.885971304810169e-45
3207.25	2.870686202076225e-45
3207.375	2.5034915182194087e-45
3207.5	2.869830934064809e-45
3207.625	2.686307332500801e-45
3207.75	3.0839387457012835e-45
3207.875	2.870823258244095e-45
3208.0	2.8624438872833444e-45
3208.125	2.804907983349923e-45
3208.25	2.670084150542449e-45
3208.375	2.718508168669225e-45
3208.5	2.400477492430224e-45
3208.625	2.6068525805637156e-45
3208.75	2.919157586334441e-45
3208.875	2.916759937505296e-45
3209.0	3.3263952435081e-45
3209.125	3.2103204708960996e-45
3209.25	2.972421022567395e-45
3209.375	2.8716262652282484e-45
3209.5	3.229198935733681e-45
3209.625	3.0757806533978405e-45
3209.75	3.3143333396410085e-45
3209.875	3.1552844841425616e-45
3210.0	3.1936516928344085e-45
3210.125	2.8240529266287604e-45
3210.25	2.851095545713801e-45
3210.375	2.6741863795512957e-45
3210.5	2.9002145412496e-45
3210.625	3.0462703398087846e-45
3210.75	3.2222157261100967e-45
3210.875	3.055709356097841e-45
3211.0	3.1643472439059603e-45
3211.125	3.294065152238809e-45
3211.25	3.513980516072569e-45
3211.375	3.1966265200060886e-45
3211.5	2.920924933718724e-45
3211.625	3.202323748890084e-45
3211.75	3.170541876229225e-45
3211.875	2.7632443866980403e-45
3212.0	2.8906649021292154e-45
3212.125	2.832665907612025e-45
3212.25	2.929741980122282e-45
3212.375	3.0610744946124846e-45
3212.5	2.987191761523264e-45
3212.625	2.6777646352828846e-45
3212.75	2.8185821838830406e-45
3212.875	3.177722449006681e-45
3213.0	3.273471661776121e-45
3213.125	3.1632037332779564e-45
3213.25	3.1323954203892493e-45
3213.375	3.029389821451448e-45
3213.5	2.3397377753388958e-45
3213.625	2.799558682652736e-45
3213.75	2.7043075367438486e-45
3213.875	3.18781482258317e-45
3214.0	3.6492053572744104e-45
3214.125	3.9359770926179555e-45
3214.25	3.8021590807225003e-45
3214.375	3.415118357292196e-45
3214.5	2.8867790063925155e-45
3214.625	2.6697501476406247e-45
3214.75	2.5931978617494008e-45
3214.875	2.8153652979202556e-45
3215.0	2.8143576722703994e-45
3215.125	2.753682403242681e-45
3215.25	3.256990264582209e-45
3215.375	3.562256729406736e-45
3215.5	2.685241407069225e-45
3215.625	2.531441037111184e-45
3215.75	2.916655056784224e-45
3215.875	2.978892784026756e-45
3216.0	2.755620140988001e-45
3216.125	3.295710153292176e-45
3216.25	2.6616014614855208e-45
3216.375	2.5028910353256034e-45
3216.5	2.9335677402564e-45
3216.625	3.2383478074292884e-45
3216.75	3.405173210315044e-45
3216.875	2.885543269866009e-45
3217.0	2.535997054211856e-45
3217.125	2.8989406117597204e-45
3217.25	2.7225636160324813e-45
3217.375	2.4793589819582435e-45
3217.5	2.3045961985641003e-45
3217.625	2.640793554377104e-45
3217.75	3.048218302691584e-45
3217.875	3.391180237613282e-45
3218.0	3.250108516536729e-45
3218.125	3.2881494615425436e-45
3218.25	2.8062609920157156e-45
3218.375	3.179533803896025e-45
3218.5	3.8215615606884e-45
3218.625	3.461106210581889e-45
3218.75	3.2861722492710244e-45
3218.875	3.299033666956225e-45
3219.0	3.0688774665025004e-45
3219.125	3.2549582031220803e-45
3219.25	2.8496164644764e-45
3219.375	2.7939478665648638e-45
3219.5	2.48647833316e-45
3219.625	2.4581918689843357e-45
3219.75	2.736756479304324e-45
3219.875	2.540747395553929e-45
3220.0	2.954477765691663e-45
3220.125	3.084066806640625e-45
3220.25	3.193120385320804e-45
3220.375	3.3943592688769e-45
3220.5	3.191910557024016e-45
3220.625	2.854026010917224e-45
3220.75	3.034504524077569e-45
3220.875	2.9284990292096633e-45
3221.0	3.070076273576361e-45
3221.125	2.734010264119696e-45
3221.25	2.5498349068920995e-45
3221.375	2.8622067721632156e-45
3221.5	2.9653876485691277e-45
3221.625	2.8679344125038015e-45
3221.75	2.6768961820129003e-45
3221.875	2.8688937358230256e-45
3222.0	2.5461374243402247e-45
3222.125	2.88592360054885e-45
3222.25	2.9532743574573686e-45
3222.375	2.827566693167161e-45
3222.5	3.0576368885854076e-45
3222.625	2.736972645095056e-45
3222.75	3.009747315434896e-45
3222.875	2.6628360671556248e-45
3223.0	2.6513595367533163e-45
3223.125	3.079869947723776e-45
3223.25	3.273162826479844e-45
3223.375	3.3186233649600356e-45
3223.5	3.152097645167025e-45
3223.625	2.8955755065447035e-45
3223.75	2.972212433036002e-45
3223.875	2.988500897155489e-45
3224.0	3.534428654025721e-45
3224.125	3.74764462592408e-45
3224.25	3.353341096641599e-45
3224.375	3.0021655652644405e-45
3224.5	3.1676056663681957e-45
3224.625	3.685310952524644e-45
3224.75	3.754146592330282e-45
3224.875	3.5457059894805606e-45
3225.0	3.397871108970122e-45
3225.125	2.7939305292307363e-45
3225.25	3.2820641236472035e-45
3225.375	3.3732803596827055e-45
3225.5	3.0656950437009604e-45
3225.625	3.1456525201376896e-45
3225.75	3.0785595909833615e-45
3225.875	3.270222583939601e-45
3226.0	3.0099189236019844e-45
3226.125	3.070248263252041e-45
3226.25	2.4943481979024996e-45
3226.375	2.6680715621176406e-45
3226.5	3.0621705094819235e-45
3226.625	2.9535795614540237e-45
3226.75	3.2644059396004e-45
3226.875	3.2238707391395986e-45
3227.0	3.006489225057444e-45
3227.125	3.1400413651891845e-45
3227.25	3.284989852558562e-45
3227.375	2.8645200269065203e-45
3227.5	3.161366562012961e-45
3227.625	3.9400513071495836e-45
3227.75	3.6546760806428885e-45
3227.875	3.0515983531430753e-45
3228.0	3.4837495887502087e-45
3228.125	3.554920612154025e-45
3228.25	3.109665965255641e-45
3228.375	3.1282696018360964e-45
3228.5	3.8386692294300246e-45
3228.625	3.186822432994705e-45
3228.75	2.851102487152656e-45
3228.875	3.369176053516816e-45
3229.0	3.118213372131226e-45
3229.125	2.923261899571204e-45
3229.25	3.188383746350626e-45
3229.375	3.230832777372225e-45
3229.5	3.1076545348882814e-45
3229.625	2.6246427184252886e-45
3229.75	2.943072807509025e-45
3229.875	3.873569639808064e-45
3230.0	3.7245918143603556e-45
3230.125	3.087477670885776e-45
3230.25	3.5922054237001e-45
3230.375	3.5419270275562804e-45
3230.5	3.100109059176129e-45
3230.625	3.17009098128072e-45
3230.75	2.5217270022399994e-45
3230.875	3.5669525925609e-45
3231.0	3.6738884910121e-45
3231.125	3.4837672957618086e-45
3231.25	2.8724720463207035e-45
3231.375	3.221348194914083e-45
3231.5	3.279601604053636e-45
3231.625	3.502090719756226e-45
3231.75	3.233046181053924e-45
3231.875	3.3123259388961e-45
3232.0	3.1034594785248044e-45
3232.125	3.388012125196688e-45
3232.25	3.5267689721992357e-45
3232.375	3.273749500122721e-45
3232.5	3.3969316353728045e-45
3232.625	3.599536334930496e-45
3232.75	3.5292200456031205e-45
3232.875	3.4233748134097684e-45
3233.0	3.5803290648942023e-45
3233.125	3.472667702129025e-45
3233.25	2.9992373173758494e-45
3233.375	2.937305812304889e-45
3233.5	2.531883210823684e-45
3233.625	2.7565143963403244e-45
3233.75	3.224012802112881e-45
3233.875	2.986948550798289e-45
3234.0	2.5998901544179237e-45
3234.125	2.777341013834256e-45
3234.25	4.067735329440001e-45
3234.375	3.60566622784e-45
3234.5	3.093974642226064e-45
3234.625	3.485651224675217e-45
3234.75	2.993096017548025e-45
3234.875	3.0107934990072036e-45
3235.0	3.2507086285801956e-45
3235.125	3.1066856275224993e-45
3235.25	2.7793248033672037e-45
3235.375	2.6891598575521003e-45
3235.5	3.8778287610062246e-45
3235.625	3.5303422187224896e-45
3235.75	3.505371631780041e-45
3235.875	3.775290297578881e-45
3236.0	3.5177577110333433e-45
3236.125	3.064313528362564e-45
3236.25	2.974779040156225e-45
3236.375	3.220519256645161e-45
3236.5	3.0638722442895346e-45
3236.625	3.1585132852251047e-45
3236.75	3.5855290116283686e-45
3236.875	3.5946595820304004e-45
3237.0	2.942375084144896e-45
3237.125	2.9424636104704e-45
3237.25	3.038405889897169e-45
3237.375	3.0016493370361e-45
3237.5	2.7741082533984163e-45
3237.625	3.1483606039445154e-45
3237.75	3.1403250261916086e-45
3237.875	3.07625163537709e-45
3238.0	3.2517970217209e-45
3238.125	2.963177390255625e-45
3238.25	3.0340762980025e-45
3238.375	2.8450145707876836e-45
3238.5	2.6361066268948413e-45
3238.625	2.8721258301595244e-45
3238.75	3.434395646216089e-45
3238.875	3.458119408573729e-45
3239.0	2.8899773974201e-45
3239.125	2.8494522644281204e-45
3239.25	2.9763516804024996e-45
3239.375	3.0012274895715994e-45
3239.5	3.411006424207685e-45
3239.625	3.443992957204849e-45
3239.75	3.869936290451344e-45
3239.875	3.9811426951122085e-45
3240.0	3.302468961620543e-45
3240.125	2.916573184164249e-45
3240.25	3.26507342455404e-45
3240.375	3.5736874962269284e-45
3240.5	3.616736005883024e-45
3240.625	3.670741188836164e-45
3240.75	4.0037881409440356e-45
3240.875	3.6898086310020254e-45
3241.0	3.3224270096880043e-45
3241.125	3.2395385142991356e-45
3241.25	2.9908299540873606e-45
3241.375	2.9812794659968357e-45
3241.5	3.3151560695216647e-45
3241.625	3.2793010694931235e-45
3241.75	3.2110475692032355e-45
3241.875	2.6252174622393757e-45
3242.0	2.992532211137764e-45
3242.125	3.117772244110225e-45
3242.25	3.641336423319169e-45
3242.375	3.287009479007808e-45
3242.5	3.492138419885125e-45
3242.625	3.3105710409038435e-45
3242.75	3.545389212735241e-45
3242.875	3.422499448545425e-45
3243.0	3.390049430705161e-45
3243.125	3.784479334406884e-45
3243.25	3.5598211767921694e-45
3243.375	3.285983996191009e-45
3243.5	3.5747290649654436e-45
3243.625	3.6397582501072804e-45
3243.75	3.6171769607068406e-45
3243.875	3.2779483763569003e-45
3244.0	3.189946797588996e-45
3244.125	3.228744457049763e-45
3244.25	3.234544612525249e-45
3244.375	3.3786233896093286e-45
3244.5	3.176669295078601e-45
3244.625	3.381196067690808e-45
3244.75	3.6900011913444e-45
3244.875	3.3348619950136946e-45
3245.0	3.018136267879489e-45
3245.125	3.4365472083290404e-45
3245.25	3.653768723673743e-45
3245.375	3.5171779136400004e-45
3245.5	4.080223987910161e-45
3245.625	3.325313465511961e-45
3245.75	3.044454539083776e-45
3245.875	3.460060389109285e-45
3246.0	3.396423774534025e-45
3246.125	2.962845236736575e-45
3246.25	3.2396333386217294e-45
3246.375	3.46085983003933e-45
3246.5	3.112459830251777e-45
3246.625	3.67116518639988e-45
3246.75	3.638202857045289e-45
3246.875	3.883744758811205e-45
3247.0	3.9870121815552626e-45
3247.125	3.649908547867729e-45
3247.25	3.1211292869166236e-45
3247.375	2.983118386720761e-45
3247.5	3.305400319597321e-45
3247.625	3.6390272029225013e-45
3247.75	3.074087479358117e-45
3247.875	3.114920071937961e-45
3248.0	3.1834827079695986e-45
3248.125	3.386991257766769e-45
3248.25	3.194017790672163e-45
3248.375	3.3789162343749157e-45
3248.5	4.181938713103921e-45
3248.625	3.835238198490001e-45
3248.75	3.387073317250624e-45
3248.875	3.238653743907241e-45
3249.0	2.8156384575081e-45
3249.125	3.1366869336136886e-45
3249.25	3.9317980118106007e-45
3249.375	3.234577826475801e-45
3249.5	2.7724002239665693e-45
3249.625	3.0279917493504806e-45
3249.75	3.315505573502329e-45
3249.875	3.1040769844915367e-45
3250.0	3.0531811103376035e-45
3250.125	3.304748960406916e-45
3250.25	3.4695717732310404e-45
3250.375	2.823640773719481e-45
3250.5	2.831356033198144e-45
3250.625	3.2762074180908963e-45
3250.75	3.7245321278130244e-45
3250.875	3.539619804047616e-45
3251.0	3.474894055925825e-45
3251.125	3.5678353674496005e-45
3251.25	3.597859278336964e-45
3251.375	3.4982450574892964e-45
3251.5	3.054106048577089e-45
3251.625	2.8140521095696e-45
3251.75	2.924050685058064e-45
3251.875	3.323527688502025e-45
3252.0	3.2366334420507244e-45
3252.125	3.8556567637842255e-45
3252.25	4.101518273351409e-45
3252.375	3.491195456422921e-45
3252.5	3.275637579710595e-45
3252.625	3.183236034190276e-45
3252.75	3.466544462607423e-45
3252.875	3.824327709640201e-45
3253.0	3.8209817225281e-45
3253.125	4.095954304127449e-45
3253.25	3.824254984794721e-45
3253.375	3.319626041510416e-45
3253.5	3.103803210733369e-45
3253.625	3.0926778604225e-45
3253.75	2.96316476133168e-45
3253.875	3.1449841213049653e-45
3254.0	3.4231445234460246e-45
3254.125	3.465105413601316e-45
3254.25	3.5247066581776e-45
3254.375	3.048054329200969e-45
3254.5	3.9266070783960255e-45
3254.625	4.396869423503237e-45
3254.75	4.188748815655936e-45
3254.875	3.652262554338304e-45
3255.0	3.428410245706384e-45
3255.125	3.136672036e-45
3255.25	3.0479926056423844e-45
3255.375	3.5097791402053204e-45
3255.5	4.116544994334249e-45
3255.625	3.647822613400847e-45
3255.75	3.818674798112329e-45
3255.875	2.9776166399217637e-45
3256.0	3.085016739727329e-45
3256.125	3.177482311843921e-45
3256.25	3.9067590165811834e-45
3256.375	4.274164550639025e-45
3256.5	4.0325161963932173e-45
3256.625	3.5586600861040357e-45
3256.75	3.3539774203691555e-45
3256.875	3.4478042286160363e-45
3257.0	3.7014372161558444e-45
3257.125	3.720790040961841e-45
3257.25	3.668282267791715e-45
3257.375	3.960840406003263e-45
3257.5	3.7923645240593286e-45
3257.625	3.709009511083044e-45
3257.75	3.9940215837859834e-45
3257.875	3.608347713586576e-45
3258.0	3.623190507387136e-45
3258.125	3.835093780721956e-45
3258.25	4.2646834670479365e-45
3258.375	4.074753256434436e-45
3258.5	3.627793237257225e-45
3258.625	3.1916051415698484e-45
3258.75	3.288435606283689e-45
3258.875	3.548373906196441e-45
3259.0	3.43234177588848e-45
3259.125	3.970117320623689e-45
3259.25	3.669197118914404e-45
3259.375	3.531176953621849e-45
3259.5	3.156118467552964e-45
3259.625	3.0741724208484003e-45
3259.75	3.7118079818028795e-45
3259.875	3.636492091515556e-45
3260.0	3.106413968155369e-45
3260.125	3.748931783847442e-45
3260.25	3.910881497035681e-45
3260.375	3.780427974484224e-45
3260.5	3.736395577879969e-45
3260.625	3.238042795862809e-45
3260.75	3.604562764836121e-45
3260.875	3.729476624052482e-45
3261.0	3.1399003800145965e-45
3261.125	3.368088501505226e-45
3261.25	3.5221790505066005e-45
3261.375	3.606360647092324e-45
3261.5	4.100194993545224e-45
3261.625	4.032322009321489e-45
3261.75	4.273852053837025e-45
3261.875	3.621707625390626e-45
3262.0	3.4960046123344403e-45
3262.125	3.1923208513931293e-45
3262.25	3.176338571770225e-45
3262.375	3.8806821004046414e-45
3262.5	3.338992389520225e-45
3262.625	3.130587921045649e-45
3262.75	3.003292633313025e-45
3262.875	2.93190009976253e-45
3263.0	3.516345783878656e-45
3263.125	1.01789958988201e-44
3263.25	7.606376161840683e-45
3263.375	3.5316036287262093e-45
3263.5	3.740348178124997e-45
3263.625	4.514540176747584e-45
3263.75	3.9535878030638443e-45
3263.875	4.367778920002277e-45
3264.0	4.4879937164001e-45
3264.125	3.268859186427844e-45
3264.25	3.5948569581798755e-45
3264.375	3.878054314248675e-45
3264.5	3.514452984283685e-45
3264.625	3.43353914769528e-45
3264.75	2.9304932040409006e-45
3264.875	3.2291730231109685e-45
3265.0	3.6108713149566764e-45
3265.125	3.7187168763260885e-45
3265.25	3.5215185388034555e-45
3265.375	4.544195328958609e-45
3265.5	7.993689075649488e-45
3265.625	5.105115646808462e-45
3265.75	3.4563476998855206e-45
3265.875	3.276503918488516e-45
3266.0	3.197252208062501e-45
3266.125	3.3821185913202246e-45
3266.25	3.3251291690284886e-45
3266.375	3.0245201990270446e-45
3266.5	2.7991567862153636e-45
3266.625	3.752655402084241e-45
3266.75	3.575172713391503e-45
3266.875	3.890225218588898e-45
3267.0	3.7561728555653766e-45
3267.125	3.607342099689409e-45
3267.25	3.39874903206168e-45
3267.375	2.9941932562852834e-45
3267.5	2.938949726350561e-45
3267.625	3.1952045032996e-45
3267.75	3.823416101753284e-45
3267.875	3.7594787016097446e-45
3268.0	3.593210484239236e-45
3268.125	3.628402440833283e-45
3268.25	3.2962330486089e-45
3268.375	3.645121546524965e-45
3268.5	3.832374626942976e-45
3268.625	4.1272211248763035e-45
3268.75	3.6969339130418895e-45
3268.875	4.3335317597483556e-45
3269.0	4.140815679688899e-45
3269.125	4.1626741340265206e-45
3269.25	4.17864388558976e-45
3269.375	3.782255289001848e-45
3269.5	3.446139421853583e-45
3269.625	3.449138313303224e-45
3269.75	3.999865262382144e-45
3269.875	4.6591308102462763e-45
3270.0	4.407593859442943e-45
3270.125	4.012734846514801e-45
3270.25	3.3526146217222886e-45
3270.375	3.2574241255271027e-45
3270.5	3.99241764630756e-45
3270.625	4.33928124491484e-45
3270.75	4.492607200363397e-45
3270.875	4.153719746612163e-45
3271.0	3.6227118689050235e-45
3271.125	3.3087258383256263e-45
3271.25	4.009133919269284e-45
3271.375	3.712291251530626e-45
3271.5	3.7751513139076e-45
3271.625	4.112956905610921e-45
3271.75	4.306760719587225e-45
3271.875	3.969025452040804e-45
3272.0	3.2860107089976956e-45
3272.125	3.856624372179076e-45
3272.25	4.4040355582164645e-45
3272.375	4.242171562122025e-45
3272.5	3.565357304835769e-45
3272.625	3.2223474212441773e-45
3272.75	4.216222803272704e-45
3272.875	4.651148066854276e-45
3273.0	4.801314743910399e-45
3273.125	4.697637837747856e-45
3273.25	4.1419380052521e-45
3273.375	3.929161623150625e-45
3273.5	3.8810026777176364e-45
3273.625	3.941816466828769e-45
3273.75	4.1413120840627285e-45
3273.875	4.02948187524e-45
3274.0	4.458755056688101e-45
3274.125	3.750142124467216e-45
3274.25	3.9282842351526756e-45
3274.375	4.1164561969482246e-45
3274.5	3.784028543033765e-45
3274.625	4.022051371926024e-45
3274.75	4.346776899268281e-45
3274.875	4.877081701243236e-45
3275.0	4.351972687287289e-45
3275.125	4.0134411871790757e-45
3275.25	4.249914461711425e-45
3275.375	3.6870807670675684e-45
3275.5	4.081509286929481e-45
3275.625	3.359296569194721e-45
3275.75	3.0399575443560994e-45
3275.875	3.798453502244025e-45
3276.0	3.996859184435525e-45
3276.125	3.5371520370295204e-45
3276.25	4.0899924763964003e-45
3276.375	5.011350956482816e-45
3276.5	4.030985560141849e-45
3276.625	3.2498860684039827e-45
3276.75	3.836853113021569e-45
3276.875	4.790459579217315e-45
3277.0	4.7188135660916415e-45
3277.125	3.8524526375606397e-45
3277.25	4.055639501313408e-45
3277.375	4.2025623591719285e-45
3277.5	3.874069302648483e-45
3277.625	3.787920455735056e-45
3277.75	4.069912646281688e-45
3277.875	4.735975068933239e-45
3278.0	4.424749955214436e-45
3278.125	3.670177875852049e-45
3278.25	4.142703127179557e-45
3278.375	4.607060965611555e-45
3278.5	5.505679474470756e-45
3278.625	4.931617479426574e-45
3278.75	4.0744921803990006e-45
3278.875	3.8743522600470255e-45
3279.0	4.1989993056985954e-45
3279.125	4.320441181983969e-45
3279.25	4.182587357401476e-45
3279.375	4.1443322072141446e-45
3279.5	3.772163353843601e-45
3279.625	3.559614741525049e-45
3279.75	3.8132431826403695e-45
3279.875	4.251698806322703e-45
3280.0	5.011778542615055e-45
3280.125	4.56115411392449e-45
3280.25	4.3800282686955243e-45
3280.375	4.6663015945708895e-45
3280.5	5.0211353484009006e-45
3280.625	4.9023935922390233e-45
3280.75	4.9263309186062765e-45
3280.875	4.843620197438884e-45
3281.0	3.998819266943524e-45
3281.125	3.452743358482401e-45
3281.25	3.7733257164696036e-45
3281.375	3.803199877267921e-45
3281.5	3.9066126334158004e-45
3281.625	4.229757648608569e-45
3281.75	4.2354026253608424e-45
3281.875	4.635001455914026e-45
3282.0	6.522378693950026e-45
3282.125	7.97869426219037e-45
3282.25	5.437335559600681e-45
3282.375	4.375175841492544e-45
3282.5	3.6796931059046756e-45
3282.625	4.062371006039824e-45
3282.75	4.723292628226225e-45
3282.875	4.489891948302335e-45
3283.0	4.085475185669284e-45
3283.125	6.634839642975625e-45
3283.25	7.897355774916624e-45
3283.375	4.1781430510422495e-45
3283.5	3.7369260486816046e-45
3283.625	4.259041976504896e-45
3283.75	3.871051899257284e-45
3283.875	4.527546693980209e-45
3284.0	3.844146445394761e-45
3284.125	4.253345654147041e-45
3284.25	4.329368250264225e-45
3284.375	3.277680092554729e-45
3284.5	4.142418643917376e-45
3284.625	4.9960429483668634e-45
3284.75	7.119342957687599e-45
3284.875	5.350747965523249e-45
3285.0	4.0963289666048996e-45
3285.125	4.7489059182376346e-45
3285.25	4.681249600836964e-45
3285.375	4.783552107379983e-45
3285.5	4.322670901868483e-45
3285.625	4.3375016647229426e-45
3285.75	4.2481547377368995e-45
3285.875	4.3565405567690246e-45
3286.0	4.448434984234921e-45
3286.125	4.0968000390624996e-45
3286.25	3.7541897273022496e-45
3286.375	4.0949974373558876e-45
3286.5	4.6356675828331694e-45
3286.625	5.282214655891716e-45
3286.75	4.923870581068209e-45
3286.875	4.171568020256328e-45
3287.0	4.0279834212288146e-45
3287.125	4.55569908165456e-45
3287.25	4.235509617508849e-45
3287.375	4.099629987892609e-45
3287.5	4.765128612667921e-45
3287.625	4.552422474176165e-45
3287.75	5.466457125153048e-45
3287.875	4.943066796460807e-45
3288.0	4.2100906065145207e-45
3288.125	4.0468070276013605e-45
3288.25	4.569991870941224e-45
3288.375	5.136079482270916e-45
3288.5	4.958260817776562e-45
3288.625	4.782617204547961e-45
3288.75	5.3927877879736086e-45
3288.875	4.805643112980517e-45
3289.0	5.119226774707984e-45
3289.125	5.07415125888793e-45
3289.25	5.822555731982928e-45
3289.375	5.354915186325795e-45
3289.5	4.835536503672483e-45
3289.625	4.985273605860898e-45
3289.75	5.010632029929124e-45
3289.875	4.9789001623876834e-45
3290.0	5.3414014386516634e-45
3290.125	5.382282071665443e-45
3290.25	4.7903848293112357e-45
3290.375	4.0678646738745956e-45
3290.5	4.605523446096048e-45
3290.625	5.3515660930512007e-45
3290.75	5.185728720096016e-45
3290.875	5.927568964359849e-45
3291.0	4.7361813888063995e-45
3291.125	4.215494941946648e-45
3291.25	4.8963175721108644e-45
3291.375	5.85393786468296e-45
3291.5	5.152094778272836e-45
3291.625	4.705850926632025e-45
3291.75	4.708139948796769e-45
3291.875	5.1227301155625e-45
3292.0	5.219783040740357e-45
3292.125	5.6028114247248996e-45
3292.25	5.5262051484024985e-45
3292.375	5.67739057506852e-45
3292.5	5.390576428097025e-45
3292.625	5.051281493127423e-45
3292.75	4.748995504657936e-45
3292.875	4.375768654065649e-45
3293.0	4.833960344249343e-45
3293.125	4.922114094528401e-45
3293.25	4.7301368004801e-45
3293.375	4.979608482128281e-45
3293.5	5.511710044955663e-45
3293.625	5.2019296523552154e-45
3293.75	5.755547689086274e-45
3293.875	5.605207840900095e-45
3294.0	5.661574811572968e-45
3294.125	4.8229027540828824e-45
3294.25	4.9324845212592e-45
3294.375	5.818417495216703e-45
3294.5	5.3391435003302497e-45
3294.625	4.7154528484140255e-45
3294.75	5.076059202475024e-45
3294.875	5.2069103128377754e-45
3295.0	4.807653544190025e-45
3295.125	5.4618053546247826e-45
3295.25	5.63924866189476e-45
3295.375	5.932159268742142e-45
3295.5	5.0725476441123996e-45
3295.625	6.600267113552784e-45
3295.75	6.42079590595716e-45
3295.875	5.2575507304609004e-45
3296.0	5.1525699602112155e-45
3296.125	4.8756082707091356e-45
3296.25	6.240781329915456e-45
3296.375	5.656051936465982e-45
3296.5	5.896613795305744e-45
3296.625	6.25888528145569e-45
3296.75	6.496105790086929e-45
3296.875	1.15898423265769e-44
3297.0	9.85878469553657e-45
3297.125	4.9538096227230255e-45
3297.25	4.4886083265439293e-45
3297.375	5.5016489119562014e-45
3297.5	5.913061254330622e-45
3297.625	4.7094385253718003e-45
3297.75	4.6875096278521e-45
3297.875	5.167399598929128e-45
3298.0	5.1028473584030886e-45
3298.125	5.4509033048342896e-45
3298.25	5.336188980903729e-45
3298.375	6.372154514002176e-45
3298.5	6.549675582764357e-45
3298.625	5.547353371030249e-45
3298.75	4.9881704451743607e-45
3298.875	6.213797143280163e-45
3299.0	6.806583964096577e-45
3299.125	6.917167060962065e-45
3299.25	7.103508621759225e-45
3299.375	6.658552982401849e-45
3299.5	6.230450220106401e-45
3299.625	6.124642938969604e-45
3299.75	5.825502724650362e-45
3299.875	6.727910328345599e-45
3300.0	6.905871268871185e-45
3300.125	6.624003614032324e-45
3300.25	5.5907576221341606e-45
3300.375	5.4895844543928994e-45
3300.5	6.937592746437369e-45
3300.625	6.69448114479648e-45
3300.75	5.80087004961425e-45
3300.875	5.4593585185507844e-45
3301.0	5.4395280199603365e-45
3301.125	6.109408452917025e-45
3301.25	6.618136026613329e-45
3301.375	5.836743637205056e-45
3301.5	6.167367063847396e-45
3301.625	6.326779907759363e-45
3301.75	6.768146897487505e-45
3301.875	6.624793100980225e-45
3302.0	6.749541789804026e-45
3302.125	5.78280445883101e-45
3302.25	5.75963558326117e-45
3302.375	5.957326015568655e-45
3302.5	5.6431856748996e-45
3302.625	5.719169665036864e-45
3302.75	5.449637042225648e-45
3302.875	5.652087281533225e-45
3303.0	5.9743593442404e-45
3303.125	5.649592019957823e-45
3303.25	6.36207538973916e-45
3303.375	6.371679399840001e-45
3303.5	5.525913150828195e-45
3303.625	4.9147178952924005e-45
3303.75	6.305772128667663e-45
3303.875	6.60561928555152e-45
3304.0	6.371516243081283e-45
3304.125	6.634094192102601e-45
3304.25	6.661560606771455e-45
3304.375	6.10165029878972e-45
3304.5	6.071741149418885e-45
3304.625	6.012664836890625e-45
3304.75	6.052129862430096e-45
3304.875	6.674250631111569e-45
3305.0	6.802481756711281e-45
3305.125	7.959282680195344e-45
3305.25	6.892462863056163e-45
3305.375	6.814062350507557e-45
3305.5	6.326145345110761e-45
3305.625	6.690444927619599e-45
3305.75	7.828209080345888e-45
3305.875	7.036482675225024e-45
3306.0	6.558788562377104e-45
3306.125	6.375290615903887e-45
3306.25	7.17780322015489e-45
3306.375	7.597158809069123e-45
3306.5	7.527428434648515e-45
3306.625	7.193755552320099e-45
3306.75	6.890736303390682e-45
3306.875	7.182749120712202e-45
3307.0	8.676475758350403e-45
3307.125	8.955526955253315e-45
3307.25	8.675952276723262e-45
3307.375	6.510443608782398e-45
3307.5	8.134619592399875e-45
3307.625	8.033766175175842e-45
3307.75	7.526474096604516e-45
3307.875	7.763359940824762e-45
3308.0	7.705835250054768e-45
3308.125	7.451480605597681e-45
3308.25	7.341273517037824e-45
3308.375	7.1810962303398e-45
3308.5	7.314428468922624e-45
3308.625	7.325823902914729e-45
3308.75	8.946557175682562e-45
3308.875	8.242363437976368e-45
3309.0	7.607390151885317e-45
3309.125	8.42892204352392e-45
3309.25	7.533198088824004e-45
3309.375	7.554403919573476e-45
3309.5	7.945579478480399e-45
3309.625	6.756571044276496e-45
3309.75	6.898194651947641e-45
3309.875	7.587106816e-45
3310.0	7.871043039772201e-45
3310.125	8.431071800273424e-45
3310.25	7.508824729575625e-45
3310.375	8.793698486177283e-45
3310.5	8.599145929296401e-45
3310.625	8.281518890128202e-45
3310.75	8.649254263868689e-45
3310.875	9.410545855489021e-45
3311.0	1.0353329086716098e-44
3311.125	9.601647360096015e-45
3311.25	8.303825767608898e-45
3311.375	9.591714731289999e-45
3311.5	1.008694818244e-44
3311.625	8.671053738591048e-45
3311.75	8.550597703791363e-45
3311.875	8.131836862183203e-45
3312.0	8.497190562562849e-45
3312.125	9.943212450372965e-45
3312.25	1.0422803007936899e-44
3312.375	9.783315694316025e-45
3312.5	8.066948704645635e-45
3312.625	8.644617651262097e-45
3312.75	7.703923808456001e-45
3312.875	8.765925434563441e-45
3313.0	9.613846034249283e-45
3313.125	9.041856683787684e-45
3313.25	8.953270652732177e-45
3313.375	1.0602040401764099e-44
3313.5	1.0105018282638398e-44
3313.625	1.0184309512675601e-44
3313.75	1.0156231486296898e-44
3313.875	9.926995131370246e-45
3314.0	1.07154256153156e-44
3314.125	9.092437951484176e-45
3314.25	8.754807629302642e-45
3314.375	8.975379024279529e-45
3314.5	9.877935385166807e-45
3314.625	1.0603078326562499e-44
3314.75	9.279096299300356e-45
3314.875	1.00666386493696e-44
3315.0	1.1757897657145599e-44
3315.125	1.0071258494035601e-44
3315.25	9.190256978125583e-45
3315.375	8.594598232187134e-45
3315.5	9.274303633750595e-45
3315.625	1.0590418703257598e-44
3315.75	1.0523784810249999e-44
3315.875	1.12026411568009e-44
3316.0	1.13416237886436e-44
3316.125	1.080173590596e-44
3316.25	1.0556890525692901e-44
3316.375	8.933768392480997e-45
3316.5	1.03439212637049e-44
3316.625	1.2286257106692098e-44
3316.75	1.15616170230016e-44
3316.875	1.14840778871641e-44
3317.0	1.24707584235025e-44
3317.125	1.1741735729304098e-44
3317.25	1.1309516381364098e-44
3317.375	1.0999415859610001e-44
3317.5	1.0841345070368399e-44
3317.625	1.2376135303686397e-44
3317.75	1.1402831198721597e-44
3317.875	1.22664684517281e-44
3318.0	1.1896048942380098e-44
3318.125	1.0952047383120899e-44
3318.25	1.2208619074464398e-44
3318.375	1.20956619888784e-44
3318.5	1.377327571216e-44
3318.625	1.3566761075073598e-44
3318.75	1.1068283498928098e-44
3318.875	1.19787508783504e-44
3319.0	1.29256389333604e-44
3319.125	1.4180082124022502e-44
3319.25	1.3584918835009596e-44
3319.375	1.2661587562638399e-44
3319.5	1.15868324566225e-44
3319.625	1.3173318989006398e-44
3319.75	1.2276363001562495e-44
3319.875	1.1506769229552098e-44
3320.0	1.2516237138480102e-44
3320.125	1.1948378778649598e-44
3320.25	1.1296076089e-44
3320.375	1.39648650193809e-44
3320.5	1.38317874983044e-44
3320.625	1.2030540369792397e-44
3320.75	1.3123764480999998e-44
3320.875	1.32845310429316e-44
3321.0	1.6737735375360003e-44
3321.125	1.83232311086889e-44
3321.25	1.5343573753872402e-44
3321.375	1.5014100826561603e-44
3321.5	1.3908836410632898e-44
3321.625	1.5773817669699598e-44
3321.75	1.9268962905036099e-44
3321.875	1.8408663502960901e-44
3322.0	1.6844019035940098e-44
3322.125	1.6988262741340898e-44
3322.25	1.69941597907225e-44
3322.375	1.89103119681529e-44
3322.5	1.7998226756800895e-44
3322.625	1.9735476098660097e-44
3322.75	2.1302841591304897e-44
3322.875	2.09676365802436e-44
3323.0	1.5088282453296897e-44
3323.125	1.34194129839961e-44
3323.25	1.4152823500609596e-44
3323.375	1.6178476444729604e-44
3323.5	1.85709328605441e-44
3323.625	1.7384786407904402e-44
3323.75	1.982759691025e-44
3323.875	1.9899190338960107e-44
3324.0	1.73558359964025e-44
3324.125	1.8552744575571597e-44
3324.25	1.82861035302544e-44
3324.375	2.0318224614840099e-44
3324.5	1.8041338555802504e-44
3324.625	1.8510628331212894e-44
3324.75	2.03888470218304e-44
3324.875	1.9003264886428903e-44
3325.0	2.031474388804e-44
3325.125	2.4982021571280404e-44
3325.25	2.6066083126003597e-44
3325.375	2.285708867107211e-44
3325.5	2.0120684886759997e-44
3325.625	2.49448825014601e-44
3325.75	2.1702000909680103e-44
3325.875	2.12017042248025e-44
3326.0	2.3977587215120395e-44
3326.125	2.4676903652545595e-44
3326.25	2.69135147704921e-44
3326.375	2.51408867150884e-44
3326.5	2.472856891024e-44
3326.625	2.2790699943492093e-44
3326.75	2.456103302415999e-44
3326.875	2.59264678483204e-44
3327.0	2.58311659093929e-44
3327.125	2.58244385760256e-44
3327.25	2.91510787773969e-44
3327.375	3.4114259924211606e-44
3327.5	2.9349000540249995e-44
3327.625	2.4460121703182395e-44
3327.75	2.5758876138318397e-44
3327.875	3.1015647878759996e-44
3328.0	2.945284432725609e-44
3328.125	3.09946412037025e-44
3328.25	3.07006887078544e-44
3328.375	2.92858260062404e-44
3328.5	2.9358478478785602e-44
3328.625	2.86353644028169e-44
3328.75	2.9575882156959997e-44
3328.875	2.95280645447824e-44
3329.0	2.87862902709529e-44
3329.125	2.8109268674076097e-44
3329.25	2.70824093946756e-44
3329.375	3.1984003130118397e-44
3329.5	3.50846315115664e-44
3329.625	3.3296348286036896e-44
3329.75	3.72904486240225e-44
3329.875	3.8285195295960896e-44
3330.0	3.4380913865228097e-44
3330.125	3.9610835190584104e-44
3330.25	3.853743156882089e-44
3330.375	3.45008855443396e-44
3330.5	4.128544055547609e-44
3330.625	4.64272519496256e-44
3330.75	3.622734751112889e-44
3330.875	4.12278689794609e-44
3331.0	3.77295932747449e-44
3331.125	3.9731496108312094e-44
3331.25	4.771254736128041e-44
3331.375	4.268355586800009e-44
3331.5	4.863431450697209e-44
3331.625	4.4795726733000097e-44
3331.75	4.952822653838438e-44
3331.875	4.85189213594121e-44
3332.0	4.831407536943691e-44
3332.125	4.82239096563249e-44
3332.25	4.252343018641e-44
3332.375	4.4080010265759997e-44
3332.5	4.52802352397409e-44
3332.625	4.663479121081e-44
3332.75	5.96492063236969e-44
3332.875	5.623003933398762e-44
3333.0	5.081568221675561e-44
3333.125	4.803996883924839e-44
3333.25	5.340529650913959e-44
3333.375	6.08437406242576e-44
3333.5	5.625740731987358e-44
3333.625	5.201113554025e-44
3333.75	4.827158768736159e-44
3333.875	5.005934596109161e-44
3334.0	5.92390231108624e-44
3334.125	6.007456882929959e-44
3334.25	6.57670025626084e-44
3334.375	5.820675431577761e-44
3334.5	6.029730222490809e-44
3334.625	6.726421721397161e-44
3334.75	6.001250565025e-44
3334.875	7.236322733713961e-44
3335.0	7.150754654010248e-44
3335.125	6.294247537789209e-44
3335.25	6.001223127912359e-44
3335.375	7.13210649648016e-44
3335.5	8.034922577917208e-44
3335.625	7.93234948238329e-44
3335.75	7.38192924126436e-44
3335.875	8.507599734840999e-44
3336.0	8.229215932921e-44
3336.125	7.878749923303211e-44
3336.25	8.23621867608969e-44
3336.375	7.024840144922251e-44
3336.5	7.21117497884161e-44
3336.625	8.309676211270809e-44
3336.75	1.0044788296681962e-43
3336.875	9.76165852784409e-44
3337.0	9.930732656942253e-44
3337.125	1.1270484994008492e-43
3337.25	1.0229506689599999e-43
3337.375	8.811080350392959e-44
3337.5	7.862007742899841e-44
3337.625	8.98349737185289e-44
3337.75	1.0145682508349438e-43
3337.875	9.70400501167504e-44
3338.0	9.823616463372008e-44
3338.125	1.092991039972225e-43
3338.25	1.0397527940592039e-43
3338.375	1.2849446775156248e-43
3338.5	1.3437008983886756e-43
3338.625	1.2020102868004e-43
3338.75	1.1113759046630252e-43
3338.875	1.056349322334784e-43
3339.0	1.154966291192025e-43
3339.125	1.0878728138288889e-43
3339.25	1.0859556366532811e-43
3339.375	1.0964520933475241e-43
3339.5	1.3310970685452088e-43
3339.625	1.284364609309089e-43
3339.75	1.276211606602816e-43
3339.875	1.1797796770222411e-43
3340.0	1.4576661262072364e-43
3340.125	1.735346056525225e-43
3340.25	1.4826070705017693e-43
3340.375	1.291597129807209e-43
3340.5	1.4980509379435687e-43
3340.625	1.5459139312445437e-43
3340.75	1.5104344363188641e-43
3340.875	1.5790340169177207e-43
3341.0	1.5180511586549758e-43
3341.125	1.5539550062956958e-43
3341.25	1.6227681066912162e-43
3341.375	1.8381582675675034e-43
3341.5	1.5595821264870247e-43
3341.625	1.4793150592782251e-43
3341.75	1.574026593392016e-43
3341.875	1.417050709462756e-43
3342.0	1.6391051838264958e-43
3342.125	1.545760594410244e-43
3342.25	1.556053659347716e-43
3342.375	1.458467621832321e-43
3342.5	1.3998550618417688e-43
3342.625	1.4000744698697608e-43
3342.75	1.3559479109472042e-43
3342.875	1.2957900565030561e-43
3343.0	1.2433661889144042e-43
3343.125	1.275608226372964e-43
3343.25	1.4810977650110888e-43
3343.375	1.1682001445972491e-43
3343.5	1.184532780029764e-43
3343.625	1.5578668487116838e-43
3343.75	1.6710038529913957e-43
3343.875	1.6168284181380246e-43
3344.0	1.3925894622822251e-43
3344.125	1.2639918463915692e-43
3344.25	1.283458138747456e-43
3344.375	1.1776458507540249e-43
3344.5	1.2950477589799839e-43
3344.625	1.3633286798049607e-43
3344.75	1.377743474213089e-43
3344.875	1.2417599166409954e-43
3345.0	1.334222094270025e-43
3345.125	1.1746940519161e-43
3345.25	1.132833970444801e-43
3345.375	1.2404991877598409e-43
3345.5	1.072733330801664e-43
3345.625	1.033269394562064e-43
3345.75	1.0937146538214491e-43
3345.875	1.313303244704676e-43
3346.0	1.0390377830238811e-43
3346.125	9.154058697056252e-44
3346.25	9.410606591309438e-44
3346.375	9.629383524375044e-44
3346.5	1.068577193431801e-43
3346.625	9.972535148210409e-44
3346.75	8.550904701249001e-44
3346.875	9.46164188687524e-44
3347.0	9.625401385785608e-44
3347.125	8.166000637262249e-44
3347.25	9.04337092551204e-44
3347.375	9.636198571195287e-44
3347.5	8.113507320399608e-44
3347.625	7.875746253376003e-44
3347.75	8.695376028539291e-44
3347.875	8.156801688132249e-44
3348.0	7.046342643227039e-44
3348.125	6.764856111795691e-44
3348.25	6.84238714413849e-44
3348.375	8.170925632985607e-44
3348.5	7.707537410523041e-44
3348.625	6.915960069933687e-44
3348.75	7.47895382600976e-44
3348.875	8.702333030800891e-44
3349.0	7.820320525068957e-44
3349.125	6.24983200112896e-44
3349.25	6.380292053776e-44
3349.375	5.67714873325824e-44
3349.5	5.688220230001001e-44
3349.625	5.410260183211559e-44
3349.75	5.452920852201002e-44
3349.875	6.31877617254976e-44
3350.0	5.218550521576089e-44
3350.125	5.42813205915904e-44
3350.25	6.537216524163608e-44
3350.375	5.865262001998088e-44
3350.5	5.276591227722242e-44
3350.625	4.619691236800892e-44
3350.75	4.91803760869201e-44
3350.875	4.592232130960361e-44
3351.0	4.780017880155041e-44
3351.125	4.89969336833001e-44
3351.25	4.609893696595691e-44
3351.375	4.655201943908889e-44
3351.5	4.2335202327040005e-44
3351.625	4.987925029975691e-44
3351.75	5.089126769826489e-44
3351.875	4.4225522191822497e-44
3352.0	4.0077809803024897e-44
3352.125	4.702785624126488e-44
3352.25	4.14540757355076e-44
3352.375	4.3105869237420894e-44
3352.5	3.9209266976889997e-44
3352.625	3.79054304446489e-44
3352.75	4.2551896342832105e-44
3352.875	3.8898895817680894e-44
3353.0	4.1319709256249995e-44
3353.125	3.79914595994404e-44
3353.25	3.7909304937734395e-44
3353.375	4.1743977678364896e-44
3353.5	4.250645650048361e-44
3353.625	4.3037846716922495e-44
3353.75	3.04847514373689e-44
3353.875	3.56077466100225e-44
3354.0	3.90433611728449e-44
3354.125	3.1628203786239994e-44
3354.25	2.82418713081124e-44
3354.375	3.05108490696025e-44
3354.5	2.8995295428002503e-44
3354.625	2.8833415396402497e-44
3354.75	2.9786341603839997e-44
3354.875	3.0538939545523596e-44
3355.0	2.7837804616222503e-44
3355.125	2.8345574478873604e-44
3355.25	3.01902752871801e-44
3355.375	2.787051616362249e-44
3355.5	2.82311169285924e-44
3355.625	2.49469515516816e-44
3355.75	2.5849562068440094e-44
3355.875	3.0992841968665597e-44
3356.0	2.97635540981689e-44
3356.125	2.25666913461796e-44
3356.25	2.2964495862968105e-44
3356.375	2.4925172389326397e-44
3356.5	2.39035501757529e-44
3356.625	2.262479255716e-44
3356.75	2.7720431849811597e-44
3356.875	3.4067520869732097e-44
3357.0	2.736771022897209e-44
3357.125	2.3223983049988906e-44
3357.25	2.45059080935769e-44
3357.375	2.1158085038076105e-44
3357.5	2.08518827312761e-44
3357.625	2.1302704393891603e-44
3357.75	2.2076872229094396e-44
3357.875	2.28821560668801e-44
3358.0	2.10127869740944e-44
3358.125	2.26666002595761e-44
3358.25	2.32038835618041e-44
3358.375	2.1318222177912104e-44
3358.5	1.9343026654224103e-44
3358.625	1.9034379855219606e-44
3358.75	2.0071587446092894e-44
3358.875	2.21653913698116e-44
3359.0	2.0291407063368095e-44
3359.125	1.6917034290249996e-44
3359.25	1.9107613073484096e-44
3359.375	2.2183945756417595e-44
3359.5	2.2565044941555604e-44
3359.625	2.10988261939225e-44
3359.75	1.99988131424656e-44
3359.875	1.8779991748812096e-44
3360.0	1.7956712887075598e-44
3360.125	1.6115723613198402e-44
3360.25	1.83155730518016e-44
3360.375	1.7370103902576102e-44
3360.5	1.7251088723560005e-44
3360.625	1.4698465938072898e-44
3360.75	1.6394869002002502e-44
3360.875	1.7826030920505602e-44
3361.0	2.0466203656819596e-44
3361.125	1.86148994311449e-44
3361.25	1.8286766144244895e-44
3361.375	1.5539659347748894e-44
3361.5	1.6184246507982396e-44
3361.625	1.677993799876e-44
3361.75	1.65188478489489e-44
3361.875	1.5778545376782406e-44
3362.0	1.3232526670598402e-44
3362.125	1.60157352098241e-44
3362.25	1.6907041533326394e-44
3362.375	1.57641434025156e-44
3362.5	1.4531480360628096e-44
3362.625	1.5717935282016097e-44
3362.75	1.1927684690323601e-44
3362.875	1.6364626530489999e-44
3363.0	1.78220177107569e-44
3363.125	1.5760881643522498e-44
3363.25	1.5541015658232105e-44
3363.375	1.7343607265716894e-44
3363.5	1.5781190890704098e-44
3363.625	1.5547311808099602e-44
3363.75	1.6824510289048898e-44
3363.875	1.60162388958784e-44
3364.0	1.3754342730788102e-44
3364.125	1.4303636156796094e-44
3364.25	1.4285520436202496e-44
3364.375	1.4635678903560099e-44
3364.5	1.40368895716644e-44
3364.625	1.3151692769488897e-44
3364.75	1.27448700905124e-44
3364.875	1.35547899390016e-44
3365.0	1.4723378612404902e-44
3365.125	1.4613434666881598e-44
3365.25	1.1467400687402499e-44
3365.375	1.14210301834084e-44
3365.5	1.1503263925692895e-44
3365.625	1.2974385474625594e-44
3365.75	1.3260450625240895e-44
3365.875	1.3244794301160897e-44
3366.0	1.4406836011110398e-44
3366.125	1.5511023611427598e-44
3366.25	1.5843332422089997e-44
3366.375	1.47516692466025e-44
3366.5	1.19274640791849e-44
3366.625	1.12580206185924e-44
3366.75	1.21826958125625e-44
3366.875	1.0541514942734398e-44
3367.0	1.1633350321160098e-44
3367.125	1.21787358704361e-44
3367.25	1.0624647345364899e-44
3367.375	1.0503847537358397e-44
3367.5	1.0686361680019599e-44
3367.625	1.1175921285412899e-44
3367.75	1.174292987904e-44
3367.875	1.1727490805731598e-44
3368.0	1.2241030363856102e-44
3368.125	1.11693382483081e-44
3368.25	1.0337903233230398e-44
3368.375	1.10960226142756e-44
3368.5	1.1467683396052898e-44
3368.625	9.495718238592575e-45
3368.75	8.422151009309283e-45
3368.875	1.02320750698384e-44
3369.0	1.1279984200852902e-44
3369.125	1.01015907144889e-44
3369.25	9.365253721126081e-45
3369.375	1.0195918313025599e-44
3369.5	9.606515040634561e-45
3369.625	1.0806745980249999e-44
3369.75	9.53998894799969e-45
3369.875	8.701060642834576e-45
3370.0	1.0508166837422499e-44
3370.125	9.914275508907024e-45
3370.25	8.890080609626175e-45
3370.375	9.380252374000206e-45
3370.5	1.08033635329929e-44
3370.625	8.92302089059805e-45
3370.75	7.658081834558088e-45
3370.875	8.02162787645868e-45
3371.0	9.389467751338755e-45
3371.125	9.990205799334292e-45
3371.25	1.08778287480489e-44
3371.375	9.169774781441479e-45
3371.5	1.0111824884304901e-44
3371.625	9.360484519662407e-45
3371.75	8.471803029590404e-45
3371.875	1.0552298246384398e-44
3372.0	1.16573438298724e-44
3372.125	1.0440257854656401e-44
3372.25	7.637790939535934e-45
3372.375	8.339237930247182e-45
3372.5	9.568010547499263e-45
3372.625	9.246449237254681e-45
3372.75	8.827326305637903e-45
3372.875	7.249789377033026e-45
3373.0	6.947293847783185e-45
3373.125	9.373630436235122e-45
3373.25	9.076552008483601e-45
3373.375	9.133831714650724e-45
3373.5	8.390793032017983e-45
3373.625	8.44594801158192e-45
3373.75	8.750056186810224e-45
3373.875	7.767551367166368e-45
3374.0	7.905017440327225e-45
3374.125	7.88991668799121e-45
3374.25	8.957832757805582e-45
3374.375	8.716234495322176e-45
3374.5	9.620333738889999e-45
3374.625	8.441966558030624e-45
3374.75	8.110356007975224e-45
3374.875	8.541239214380625e-45
3375.0	7.362061455631935e-45
3375.125	6.916786149859524e-45
3375.25	7.358144065140626e-45
3375.375	8.266289290986495e-45
3375.5	8.442588414506478e-45
3375.625	7.748414885056558e-45
3375.75	7.906922544290882e-45
3375.875	8.106348043267601e-45
3376.0	8.787436387720928e-45
3376.125	9.479825218987235e-45
3376.25	7.337976016788168e-45
3376.375	7.690068212125156e-45
3376.5	8.081226810174736e-45
3376.625	6.667925258743225e-45
3376.75	6.644835757603043e-45
3376.875	6.896085538984929e-45
3377.0	6.777083079487679e-45
3377.125	7.039999185518208e-45
3377.25	6.816967665904899e-45
3377.375	7.63390290553968e-45
3377.5	8.14778268157476e-45
3377.625	8.402921939507208e-45
3377.75	6.903068038767616e-45
3377.875	6.647603346202895e-45
3378.0	6.39952464882684e-45
3378.125	7.195747848684515e-45
3378.25	8.015594041022501e-45
3378.375	7.832219910028898e-45
3378.5	6.833284156469761e-45
3378.625	5.912347984538436e-45
3378.75	6.76112116072537e-45
3378.875	6.934171191132243e-45
3379.0	6.592045544936568e-45
3379.125	5.377050286827129e-45
3379.25	6.561007614002209e-45
3379.375	6.778359476008848e-45
3379.5	6.852631875390625e-45
3379.625	6.220086657360677e-45
3379.75	6.885758733342784e-45
3379.875	7.086324254974865e-45
3380.0	7.736893870948225e-45
3380.125	7.100217104481796e-45
3380.25	6.535402124483556e-45
3380.375	7.142184166965135e-45
3380.5	6.908227731830999e-45
3380.625	6.59858242389228e-45
3380.75	7.68258227741628e-45
3380.875	6.920427024322814e-45
3381.0	7.255474988213775e-45
3381.125	6.755901966158437e-45
3381.25	6.42947433710401e-45
3381.375	6.018483397843225e-45
3381.5	6.616722368324643e-45
3381.625	6.951284072158321e-45
3381.75	6.104126265272464e-45
3381.875	6.537111232579217e-45
3382.0	5.802420993293376e-45
3382.125	5.5460184618440256e-45
3382.25	6.162537941363557e-45
3382.375	6.259165028563225e-45
3382.5	6.728773903042814e-45
3382.625	6.360711362548622e-45
3382.75	6.013199574101327e-45
3382.875	6.708233437285634e-45
3383.0	6.639317627712066e-45
3383.125	6.364423020147556e-45
3383.25	5.861680125792099e-45
3383.375	5.912484237582399e-45
3383.5	6.860980690495367e-45
3383.625	1.0105687781702499e-44
3383.75	2.1868408629684104e-44
3383.875	1.0108565070649599e-44
3384.0	6.224832548121663e-45
3384.125	6.837742935897314e-45
3384.25	6.513137068672079e-45
3384.375	7.327030101313329e-45
3384.5	1.0433958535562499e-44
3384.625	1.4540392530602498e-44
3384.75	8.095524378417424e-45
3384.875	6.092750688293475e-45
3385.0	5.994115140432241e-45
3385.125	6.069620938003984e-45
3385.25	5.31411359273309e-45
3385.375	5.3299491882630006e-45
3385.5	5.746386502645778e-45
3385.625	5.979778107450625e-45
3385.75	5.862119903928322e-45
3385.875	6.313032189886462e-45
3386.0	6.26835110298056e-45
3386.125	5.018714355123224e-45
3386.25	4.874992708037903e-45
3386.375	5.86612291880316e-45
3386.5	6.293031537676899e-45
3386.625	6.194069024998465e-45
3386.75	6.189327955087524e-45
3386.875	5.958001083471922e-45
3387.0	5.61622497494153e-45
3387.125	5.603905963096081e-45
3387.25	4.8257106320022254e-45
3387.375	5.004976848631322e-45
3387.5	6.812022758530442e-45
3387.625	6.7290045708601e-45
3387.75	5.199767875861056e-45
3387.875	5.0727586053366006e-45
3388.0	5.11124576032253e-45
3388.125	4.617145965773055e-45
3388.25	5.0437227915655844e-45
3388.375	4.806324441075599e-45
3388.5	5.1412195384808035e-45
3388.625	5.79601914819128e-45
3388.75	5.642500741129561e-45
3388.875	5.5954964389086e-45
3389.0	6.203247234404416e-45
3389.125	5.348438321788324e-45
3389.25	5.1913710983688985e-45
3389.375	5.967331061244002e-45
3389.5	6.215651465396407e-45
3389.625	5.5056855588942507e-45
3389.75	5.388558726680809e-45
3389.875	5.131425944496784e-45
3390.0	5.1899215300320986e-45
3390.125	6.171127620075624e-45
3390.25	6.298138481299342e-45
3390.375	5.839899630823694e-45
3390.5	5.32765089939608e-45
3390.625	5.4227114522398435e-45
3390.75	4.537711256351297e-45
3390.875	5.732460488964196e-45
3391.0	4.7981913131644845e-45
3391.125	5.0651562317479216e-45
3391.25	5.402719675208024e-45
3391.375	5.2703896013076005e-45
3391.5	5.758287360224399e-45
3391.625	5.242115490027025e-45
3391.75	4.184164102563225e-45
3391.875	7.605036779887043e-45
3392.0	1.2830111023206402e-44
3392.125	6.63348658939596e-45
3392.25	4.9096070243137436e-45
3392.375	5.321130295582083e-45
3392.5	4.880184174639224e-45
3392.625	5.1974309281041005e-45
3392.75	4.957626540472225e-45
3392.875	4.361782593826849e-45
3393.0	5.208184140062499e-45
3393.125	4.846663139280399e-45
3393.25	4.852533154335876e-45
3393.375	4.7683993967456047e-45
3393.5	3.803607280785665e-45
3393.625	4.239702378322009e-45
3393.75	4.8758896717600395e-45
3393.875	5.1932690996355985e-45
3394.0	5.353580076794569e-45
3394.125	5.2082462045124e-45
3394.25	4.7524603907242805e-45
3394.375	4.2757587235897964e-45
3394.5	5.016294937201249e-45
3394.625	5.045894791629443e-45
3394.75	4.659410261976128e-45
3394.875	4.730460465825648e-45
3395.0	4.651537083943684e-45
3395.125	4.517828129173681e-45
3395.25	4.596961362801026e-45
3395.375	4.5705029541950263e-45
3395.5	4.4688577894342567e-45
3395.625	4.9540789129075245e-45
3395.75	7.952889046976783e-45
3395.875	1.07080214073849e-44
3396.0	5.5663775385856e-45
3396.125	4.847354609718915e-45
3396.25	4.58961143158224e-45
3396.375	4.659077296264356e-45
3396.5	4.706435684420087e-45
3396.625	4.9517056668794484e-45
3396.75	5.534061944908175e-45
3396.875	5.092112732439681e-45
3397.0	5.210965134610224e-45
3397.125	4.765136205961158e-45
3397.25	5.12893839819245e-45
3397.375	5.768595414612901e-45
3397.5	5.288812174608401e-45
3397.625	4.1942206524168094e-45
3397.75	4.977503428427776e-45
3397.875	5.420454649845169e-45
3398.0	4.6498360043664364e-45
3398.125	5.179333146797056e-45
3398.25	4.5812178018736366e-45
3398.375	4.3621512580690555e-45
3398.5	4.963950284464249e-45
3398.625	5.2428001499954884e-45
3398.75	4.638087120871008e-45
3398.875	4.379052935894569e-45
3399.0	4.246402415909477e-45
3399.125	4.241367090356841e-45
3399.25	5.1103344084796085e-45
3399.375	4.431815339878161e-45
3399.5	4.413683765384721e-45
3399.625	5.1222268248307556e-45
3399.75	4.2752421638328956e-45
3399.875	3.978957465524483e-45
3400.0	4.622370047664196e-45
3400.125	5.173019053232209e-45
3400.25	4.8767244262683035e-45
3400.375	4.577300643374e-45
3400.5	4.5293773558212013e-45
3400.625	4.9236771936285625e-45
3400.75	4.848064789778115e-45
3400.875	4.727367734292736e-45
3401.0	4.837440642130945e-45
3401.125	5.2248662066316967e-45
3401.25	5.100488444631616e-45
3401.375	4.368871045774096e-45
3401.5	4.5980413588818805e-45
3401.625	4.290535322743685e-45
3401.75	4.2720886877210884e-45
3401.875	4.431593924567525e-45
3402.0	4.6447531696854774e-45
3402.125	4.191078949762849e-45
3402.25	4.250916512096809e-45
3402.375	4.2625471005942254e-45
3402.5	3.787093690760689e-45
3402.625	4.1940472194232957e-45
3402.75	4.250328045811599e-45
3402.875	3.685367410029529e-45
3403.0	3.41094545089e-45
3403.125	4.1855988120096164e-45
3403.25	4.500385820557225e-45
3403.375	4.9735067873328345e-45
3403.5	5.0997143060966566e-45
3403.625	4.008325519350245e-45
3403.75	4.501395907708248e-45
3403.875	4.1525868041626236e-45
3404.0	4.2694763379129e-45
3404.125	4.624902540036496e-45
3404.25	4.006783530107281e-45
3404.375	3.771959203373284e-45
3404.5	4.508908965528098e-45
3404.625	4.521230644569407e-45
3404.75	4.6821961662306246e-45
3404.875	3.939776505634321e-45
3405.0	3.882950597182277e-45
3405.125	4.5534247531067615e-45
3405.25	4.519405529122576e-45
3405.375	4.157321828426209e-45
3405.5	3.7862227126441e-45
3405.625	4.302914587526025e-45
3405.75	4.851212627518607e-45
3405.875	4.2947467046564885e-45
3406.0	4.509218793614089e-45
3406.125	4.214908413250276e-45
3406.25	3.9206588879772246e-45
3406.375	3.8148986719979556e-45
3406.5	3.9168157600119615e-45
3406.625	3.9489207737127206e-45
3406.75	3.461147627847362e-45
3406.875	4.169107850939641e-45
3407.0	3.8222951375323694e-45
3407.125	4.564370625135877e-45
3407.25	4.0274105939056894e-45
3407.375	3.9129074591781686e-45
3407.5	3.875202190258884e-45
3407.625	3.0943034971432965e-45
3407.75	3.7267143542060413e-45
3407.875	5.0484254984665276e-45
3408.0	4.92655313576928e-45
3408.125	4.358234782557184e-45
3408.25	4.2712447853671216e-45
3408.375	3.858085143072197e-45
3408.5	3.5279805630016364e-45
3408.625	4.0136809136899236e-45
3408.75	4.135499828853904e-45
3408.875	5.2356853737772975e-45
3409.0	5.143046531911368e-45
3409.125	5.231757214206768e-45
3409.25	4.4541940965830006e-45
3409.375	3.7121084680556247e-45
3409.5	3.608606978309125e-45
3409.625	3.8740348206450246e-45
3409.75	3.348566889440808e-45
3409.875	4.002362544435984e-45
3410.0	3.8847416886684156e-45
3410.125	3.549579192939025e-45
3410.25	3.8491546709011355e-45
3410.375	4.4523981775218486e-45
3410.5	4.5004467338661615e-45
3410.625	3.942619764800656e-45
3410.75	3.6486616996474085e-45
3410.875	3.5418201410552497e-45
3411.0	4.51100410495208e-45
3411.125	4.6848441015382413e-45
3411.25	3.9851708978040995e-45
3411.375	3.768848496338704e-45
3411.5	4.170213209987343e-45
3411.625	4.657793325888785e-45
3411.75	3.94621934836148e-45
3411.875	4.250810238304642e-45
3412.0	4.471677946807235e-45
3412.125	4.405621641770449e-45
3412.25	4.631286075923809e-45
3412.375	5.0082045120315614e-45
3412.5	4.7308467328848e-45
3412.625	3.7903540093542014e-45
3412.75	4.272613162222441e-45
3412.875	4.55492534129497e-45
3413.0	3.638991852939249e-45
3413.125	3.8595035727594095e-45
3413.25	3.818749076576784e-45
3413.375	3.712905924437161e-45
3413.5	4.3246996984776016e-45
3413.625	4.4184124528995986e-45
3413.75	4.082302414838405e-45
3413.875	3.9398331222481e-45
3414.0	4.2055136804046235e-45
3414.125	4.602962071787689e-45
3414.25	4.4749325962339697e-45
3414.375	4.6315958608772416e-45
3414.5	4.332199076830249e-45
3414.625	4.0636492830040804e-45
3414.75	3.7064439252860405e-45
3414.875	4.249293862545665e-45
3415.0	4.100772717500177e-45
3415.125	3.888450822213136e-45
3415.25	4.7171079202520237e-45
3415.375	4.215990867758244e-45
3415.5	4.336573092486244e-45
3415.625	4.603349475648144e-45
3415.75	4.319150208538565e-45
3415.875	4.2701637553200994e-45
3416.0	4.128357284262436e-45
3416.125	4.209426078408101e-45
3416.25	3.5495249768521e-45
3416.375	3.5728691504043236e-45
3416.5	3.835849588903696e-45
3416.625	4.206901194275641e-45
3416.75	3.7298837240550765e-45
3416.875	3.9195788507715996e-45
3417.0	3.6951900622056265e-45
3417.125	4.114860958541124e-45
3417.25	3.9439555528464e-45
3417.375	4.0686153969185997e-45
3417.5	3.748079041504249e-45
3417.625	3.607569134419849e-45
3417.75	3.9652273229426004e-45
3417.875	4.079072245788225e-45
3418.0	4.688848084826896e-45
3418.125	4.6350363133722016e-45
3418.25	4.013565230817025e-45
3418.375	3.74577305780384e-45
3418.5	4.4256627731790246e-45
3418.625	4.364276499654241e-45
3418.75	4.250026982757361e-45
3418.875	4.092268370305601e-45
3419.0	3.586341260272761e-45
3419.125	3.727513622036689e-45
3419.25	4.0395821190978496e-45
3419.375	3.9659903047798805e-45
3419.5	4.683878516243689e-45
3419.625	4.14692350828532e-45
3419.75	3.7178635532097954e-45
3419.875	3.826648217768464e-45
3420.0	3.7194008738458814e-45
3420.125	3.651176395251225e-45
3420.25	3.848889013542224e-45
3420.375	4.039104687710401e-45
3420.5	3.804882793447824e-45
3420.625	3.4689341178849636e-45
3420.75	3.848253508009849e-45
3420.875	4.059312218903823e-45
3421.0	4.6665167746004634e-45
3421.125	4.238304387312122e-45
3421.25	4.041092391350569e-45
3421.375	4.420580475602916e-45
3421.5	4.1243162903055995e-45
3421.625	3.726637679793249e-45
3421.75	3.439768073015296e-45
3421.875	3.518389279584144e-45
3422.0	3.5853389572899993e-45
3422.125	3.6882748881065614e-45
3422.25	4.280464253516048e-45
3422.375	4.268781658215396e-45
3422.5	3.742281889201249e-45
3422.625	3.503196142342416e-45
3422.75	3.166043259900816e-45
3422.875	3.069383376864256e-45
3423.0	3.940641365622783e-45
3423.125	3.8421365059009e-45
3423.25	3.7442405760399995e-45
3423.375	4.1698781902648364e-45
3423.5	4.1265103659264e-45
3423.625	4.235146214156001e-45
3423.75	3.936937158330288e-45
3423.875	3.5604082970906487e-45
3424.0	3.734994822076815e-45
3424.125	3.983543871163684e-45
3424.25	3.982001986847235e-45
3424.375	4.0519028814844797e-45
3424.5	4.186742330811681e-45
3424.625	3.647265047693281e-45
3424.75	3.270658926605625e-45
3424.875	3.3367740830434885e-45
3425.0	3.812580247749025e-45
3425.125	3.931715493712448e-45
3425.25	3.6442366258051696e-45
3425.375	3.590096380612569e-45
3425.5	3.5876201813885155e-45
3425.625	3.8959596609701284e-45
3425.75	4.3399178670708094e-45
3425.875	4.3920226514415704e-45
3426.0	4.00541309391889e-45
3426.125	3.785219187498225e-45
3426.25	3.8302550050149166e-45
3426.375	3.8078559130619284e-45
3426.5	3.5979571698846755e-45
3426.625	3.823157146275855e-45
3426.75	3.549699661374735e-45
3426.875	3.537137168554896e-45
3427.0	3.384498054720721e-45
3427.125	3.6036665731192076e-45
3427.25	3.477769319938225e-45
3427.375	2.733751027531225e-45
3427.5	3.4046691683088485e-45
3427.625	3.968104694495236e-45
3427.75	3.8778358600419844e-45
3427.875	3.7591371871108094e-45
3428.0	3.8200294739937687e-45
3428.125	3.766789234182275e-45
3428.25	3.4844486957499605e-45
3428.375	4.273356135711745e-45
3428.5	4.8828578787476005e-45
3428.625	4.3905622630971235e-45
3428.75	3.743800876172448e-45
3428.875	4.0473454788000015e-45
3429.0	3.85408917547872e-45
3429.125	3.6616554288849956e-45
3429.25	3.601379412112036e-45
3429.375	3.764277608056681e-45
3429.5	4.2674059253982236e-45
3429.625	3.830762883426649e-45
3429.75	3.395195600646249e-45
3429.875	4.4196362713190255e-45
3430.0	4.331424153365136e-45
3430.125	3.886965360363025e-45
3430.25	4.043528745030008e-45
3430.375	3.6319449539844e-45
3430.5	3.2728943953346556e-45
3430.625	3.5437180329064955e-45
3430.75	3.6160411897267836e-45
3430.875	3.264961658064649e-45
3431.0	3.6091424771473207e-45
3431.125	3.944103136389025e-45
3431.25	3.918822099446016e-45
3431.375	4.622197359721536e-45
3431.5	4.286546774475625e-45
3431.625	3.9334223398680036e-45
3431.75	3.235248398011536e-45
3431.875	3.457175993040025e-45
3432.0	3.6904007852715615e-45
3432.125	4.049719442408836e-45
3432.25	3.6063369862562236e-45
3432.375	3.828146116416195e-45
3432.5	3.5632142548022244e-45
3432.625	3.945093461980441e-45
3432.75	4.4119206088440996e-45
3432.875	3.721814150528928e-45
3433.0	3.703653441807201e-45
3433.125	3.708627302250001e-45
3433.25	3.8658378154430437e-45
3433.375	4.2677403979230246e-45
3433.5	3.8480929649340005e-45
3433.625	3.4645347983694013e-45
3433.75	3.9080908418256245e-45
3433.875	3.631530579401123e-45
3434.0	3.2210028950544005e-45
3434.125	3.1828550965728044e-45
3434.25	3.415585534746121e-45
3434.375	3.944067464879721e-45
3434.5	3.786202530079876e-45
3434.625	3.785180673487685e-45
3434.75	4.604449221512462e-45
3434.875	3.993720639283881e-45
3435.0	3.762305590068496e-45
3435.125	3.3802329719324397e-45
3435.25	3.5543494452732255e-45
3435.375	3.860984896806975e-45
3435.5	4.1419830558976e-45
3435.625	3.7071751370037747e-45
3435.75	3.437856246565225e-45
3435.875	3.5203974130459676e-45
3436.0	3.5598556628046756e-45
3436.125	3.833772348191297e-45
3436.25	4.186469409396624e-45
3436.375	4.241576797957321e-45
3436.5	3.795210647088961e-45
3436.625	3.736340686876996e-45
3436.75	3.5843167980588957e-45
3436.875	3.651846297138065e-45
3437.0	3.579244921357681e-45
3437.125	3.859635402929296e-45
3437.25	3.8223119538728006e-45
3437.375	3.759393474815449e-45
3437.5	3.3470769850291836e-45
3437.625	3.6593074706841006e-45
3437.75	3.618434178310084e-45
3437.875	3.5901422774976165e-45
3438.0	3.429790938549889e-45
3438.125	3.464641218607209e-45
3438.25	3.5126802958011616e-45
3438.375	3.298111749197721e-45
3438.5	3.438926503654321e-45
3438.625	3.775750891285321e-45
3438.75	3.170136587329156e-45
3438.875	3.265767150965881e-45
3439.0	3.4888904062489004e-45
3439.125	3.831308676724356e-45
3439.25	3.621037966353722e-45
3439.375	3.598617252802576e-45
3439.5	3.527729437774864e-45
3439.625	3.615088256364816e-45
3439.75	3.909770167704025e-45
3439.875	4.1587499942336415e-45
3440.0	4.111471862977601e-45
3440.125	3.841996545113281e-45
3440.25	3.8169391618299236e-45
3440.375	3.673414152037809e-45
3440.5	3.676510332766757e-45
3440.625	3.640989577215769e-45
3440.75	3.745225925459e-45
3440.875	3.244800230069903e-45
3441.0	3.396141477674929e-45
3441.125	3.1757193290974407e-45
3441.25	3.3850159611921004e-45
3441.375	3.6972273513289004e-45
3441.5	3.788595277052356e-45
3441.625	3.815628767642175e-45
3441.75	3.511580251753744e-45
3441.875	3.8716437373811556e-45
3442.0	3.2397738132181206e-45
3442.125	3.0629607711364844e-45
3442.25	3.198767999753104e-45
3442.375	2.903717485139409e-45
3442.5	3.610660159935361e-45
3442.625	3.6433375675243557e-45
3442.75	3.5898538390213206e-45
3442.875	3.4737962907663997e-45
3443.0	3.8553307775160993e-45
3443.125	4.183337985055441e-45
3443.25	4.1024557897730554e-45
3443.375	3.820582166696164e-45
3443.5	3.689527028141528e-45
3443.625	3.6553814909820006e-45
3443.75	3.703221973642816e-45
3443.875	3.893088355365924e-45
3444.0	3.611586427618576e-45
3444.125	3.690020022436225e-45
3444.25	3.585911171420484e-45
3444.375	3.2198600868037203e-45
3444.5	2.8840761159240246e-45
3444.625	3.459416079873601e-45
3444.75	3.867418487399184e-45
3444.875	3.708762985348996e-45
3445.0	3.300539497903684e-45
3445.125	3.305821983853283e-45
3445.25	3.804051465522049e-45
3445.375	3.259174929785856e-45
3445.5	2.6956660473984162e-45
3445.625	3.1467833178628085e-45
3445.75	3.506727347511129e-45
3445.875	3.591380525584385e-45
3446.0	4.0658210426916795e-45
3446.125	3.8003669111174556e-45
3446.25	4.549422234854025e-45
3446.375	3.9127041637985426e-45
3446.5	3.391546771312145e-45
3446.625	3.5133894123702004e-45
3446.75	3.5475500062839704e-45
3446.875	3.2959652806080046e-45
3447.0	3.6177506271076e-45
3447.125	4.1657436003751834e-45
3447.25	3.6557753364080636e-45
3447.375	3.140136627234083e-45
3447.5	2.9481493316407686e-45
3447.625	3.519575581172121e-45
3447.75	4.347852681186001e-45
3447.875	4.1185139245711996e-45
3448.0	3.6590322363042245e-45
3448.125	3.391451612741241e-45
3448.25	3.3148790129001965e-45
3448.375	3.715955059145957e-45
3448.5	4.035177754256401e-45
3448.625	4.5094562416752246e-45
3448.75	3.7171422623936404e-45
3448.875	3.4049291788364415e-45
3449.0	3.4277523799400996e-45
3449.125	3.637118308292675e-45
3449.25	3.745116136601315e-45
3449.375	3.2673377363181603e-45
3449.5	3.342095996426496e-45
3449.625	3.4789478105512364e-45
3449.75	4.0156926430770486e-45
3449.875	3.9700446087240984e-45
3450.0	3.650045690009663e-45
3450.125	4.008669813799249e-45
3450.25	3.856107703124356e-45
3450.375	3.9459233510622244e-45
3450.5	3.975219904929025e-45
3450.625	3.6078319750833615e-45
3450.75	3.053111157151225e-45
3450.875	3.425457018979215e-45
3451.0	3.5505145154056346e-45
3451.125	3.441393912926025e-45
3451.25	3.2843768417272884e-45
3451.375	3.502898552384101e-45
3451.5	3.4700711714361e-45
3451.625	2.9259524696214764e-45
3451.75	2.9909140655624987e-45
3451.875	3.2406276546331203e-45
3452.0	3.0860494802417293e-45
3452.125	3.3401687445212485e-45
3452.25	3.7829179194848996e-45
3452.375	3.6013346436766416e-45
3452.5	3.7632058350606766e-45
3452.625	3.5004898885438437e-45
3452.75	3.5120116675239834e-45
3452.875	3.285252015825924e-45
3453.0	3.709896779202083e-45
3453.125	4.126288105716101e-45
3453.25	4.054583945628224e-45
3453.375	3.42740895178193e-45
3453.5	3.4054822593801004e-45
3453.625	3.701009770605625e-45
3453.75	4.14629347577496e-45
3453.875	3.574906640613529e-45
3454.0	3.888370880380808e-45
3454.125	3.718577840300449e-45
3454.25	3.438979868409855e-45
3454.375	4.4795622537390234e-45
3454.5	3.8578585564022437e-45
3454.625	3.604951341315009e-45
3454.75	3.542155684384144e-45
3454.875	3.5819434984355996e-45
3455.0	3.222834603100225e-45
3455.125	3.376878442137225e-45
3455.25	3.4751036790000996e-45
3455.375	3.747465871469401e-45
3455.5	3.5361131032310746e-45
3455.625	3.520487718355204e-45
3455.75	3.266945168896809e-45
3455.875	3.059249640314256e-45
3456.0	3.227569597760209e-45
3456.125	3.7260459214917164e-45
3456.25	3.55928087796468e-45
3456.375	3.8962551516000985e-45
3456.5	4.0396749138829695e-45
3456.625	3.887951105712969e-45
3456.75	3.649011206446116e-45
3456.875	3.4226989437225685e-45
3457.0	3.82607158143101e-45
3457.125	3.496282633114384e-45
3457.25	3.6920933157096035e-45
3457.375	3.4978296285723037e-45
3457.5	3.594236188898601e-45
3457.625	3.7080780181200986e-45
3457.75	3.172254983700625e-45
3457.875	2.957863427655048e-45
3458.0	3.3548757194215204e-45
3458.125	3.586409051623225e-45
3458.25	3.4402410391306244e-45
3458.375	3.309563864958481e-45
3458.5	4.276441153406017e-45
3458.625	4.170367421737924e-45
3458.75	3.8918401886982235e-45
3458.875	3.7099936250200887e-45
3459.0	3.678231576277476e-45
3459.125	4.1585291889822806e-45
3459.25	3.848331175336562e-45
3459.375	3.8260146748153704e-45
3459.5	3.7471249030476947e-45
3459.625	2.634862937399056e-45
3459.75	2.8478433970057207e-45
3459.875	3.558744676696225e-45
3460.0	3.8754507007219246e-45
3460.125	4.033278003512836e-45
3460.25	3.491990331094226e-45
3460.375	3.731516011410496e-45
3460.5	3.843102912345225e-45
3460.625	3.4070119552482236e-45
3460.75	3.833904233523841e-45
3460.875	3.995844429886865e-45
3461.0	3.521540376834624e-45
3461.125	3.981961979578521e-45
3461.25	4.033988309306595e-45
3461.375	3.3114612068182093e-45
3461.5	2.7579840326461435e-45
3461.625	3.0315874123816104e-45
3461.75	2.847727488994608e-45
3461.875	3.504838322805625e-45
3462.0	3.893798313694249e-45
3462.125	3.355643683814724e-45
3462.25	2.472815703127396e-45
3462.375	2.9808113345952477e-45
3462.5	3.4277948852011276e-45
3462.625	3.6815652048654095e-45
3462.75	3.491074212307968e-45
3462.875	3.0027101130600996e-45
3463.0	3.3084549174889e-45
3463.125	3.532039600831225e-45
3463.25	3.5108418100554486e-45
3463.375	3.768855003782001e-45
3463.5	3.206940590580736e-45
3463.625	3.435204659563161e-45
3463.75	3.3433607865272036e-45
3463.875	3.235102220005682e-45
3464.0	3.399315136893317e-45
3464.125	3.4193368522092156e-45
3464.25	2.9526511729198086e-45
3464.375	3.2275160813578235e-45
3464.5	3.497477148438784e-45
3464.625	3.1743449027556246e-45
3464.75	3.6093749755494755e-45
3464.875	3.263806621170225e-45
3465.0	3.1151416474101155e-45
3465.125	3.271316526539775e-45
3465.25	3.3634918231931625e-45
3465.375	3.5337646168665756e-45
3465.5	3.337446268303225e-45
3465.625	2.972661242161688e-45
3465.75	3.544049022631057e-45
3465.875	3.7684639532498557e-45
3466.0	3.097393984743696e-45
3466.125	2.772630535539076e-45
3466.25	3.0883414348311027e-45
3466.375	4.08231915479484e-45
3466.5	4.288022634170025e-45
3466.625	3.723022302697475e-45
3466.75	3.058482421388304e-45
3466.875	2.876081224875664e-45
3467.0	3.281618198868099e-45
3467.125	3.089051807819121e-45
3467.25	3.1463504944909207e-45
3467.375	3.5721376799737676e-45
3467.5	3.8090751104670253e-45
3467.625	3.8419227846965165e-45
3467.75	3.7338637986225e-45
3467.875	3.619799789811984e-45
3468.0	3.5987679454318234e-45
3468.125	3.6199917179786885e-45
3468.25	3.6961683286466416e-45
3468.375	3.58930239895937e-45
3468.5	3.069092190774544e-45
3468.625	2.965294094976196e-45
3468.75	3.7569555392920805e-45
3468.875	3.442752925950529e-45
3469.0	2.999671293255025e-45
3469.125	3.2332268842838397e-45
3469.25	3.013202804451904e-45
3469.375	2.6991470433958567e-45
3469.5	3.1711680472656246e-45
3469.625	3.1294183049696165e-45
3469.75	3.4654529621376033e-45
3469.875	3.553500292005049e-45
3470.0	3.4540738141341605e-45
3470.125	3.1159872786188405e-45
3470.25	3.1305939638275205e-45
3470.375	3.521187772122409e-45
3470.5	3.2597684559619236e-45
3470.625	3.3262219903344636e-45
3470.75	3.056974700707224e-45
3470.875	3.3610547089568156e-45
3471.0	3.592823979628901e-45
3471.125	3.117479218340881e-45
3471.25	2.9968509017370005e-45
3471.375	3.270924520848009e-45
3471.5	3.779082306526081e-45
3471.625	3.601361048618282e-45
3471.75	3.40461011882737e-45
3471.875	3.600358088904256e-45
3472.0	3.6378612266492244e-45
3472.125	3.663317387369025e-45
3472.25	3.8644720567548834e-45
3472.375	3.749750576332849e-45
3472.5	3.6170231166228635e-45
3472.625	3.828424050547598e-45
3472.75	3.659447692970161e-45
3472.875	3.3125964426256e-45
3473.0	3.5275498305123996e-45
3473.125	3.3077268798912797e-45
3473.25	3.1669568866212834e-45
3473.375	3.512418692298244e-45
3473.5	3.491592409731204e-45
3473.625	3.4410955573659035e-45
3473.75	3.183773176904356e-45
3473.875	3.2269654903809946e-45
3474.0	3.362562449611236e-45
3474.125	3.423961338890625e-45
3474.25	3.334788655121641e-45
3474.375	4.108682441990024e-45
3474.5	4.0470516927393636e-45
3474.625	3.337172325573696e-45
3474.75	3.02261775919892e-45
3474.875	3.100911105930625e-45
3475.0	3.0522889081305756e-45
3475.125	3.4466275027602246e-45
3475.25	3.9357517432249e-45
3475.375	3.5896678640625686e-45
3475.5	3.3125614491807357e-45
3475.625	3.189717833342569e-45
3475.75	3.318065402227801e-45
3475.875	2.9983421906943996e-45
3476.0	3.1263418476899996e-45
3476.125	3.3772400179286755e-45
3476.25	4.3090853718533773e-45
3476.375	4.237513431746594e-45
3476.5	3.9469171720050246e-45
3476.625	3.517219427822501e-45
3476.75	3.4230801653390257e-45
3476.875	3.6142938002860103e-45
3477.0	3.8400060059995224e-45
3477.125	3.8456750504390476e-45
3477.25	3.6398419891966086e-45
3477.375	3.7484338900470235e-45
3477.5	3.280968843586563e-45
3477.625	3.4405605911892645e-45
3477.75	3.3250102670616034e-45
3477.875	3.8631575057244153e-45
3478.0	3.819041253785664e-45
3478.125	3.266375336492944e-45
3478.25	3.1638627031541754e-45
3478.375	3.234197582440036e-45
3478.5	3.2726717408529e-45
3478.625	3.465591656764176e-45
3478.75	3.126171760528042e-45
3478.875	3.1241870814471836e-45
3479.0	3.6390641215183364e-45
3479.125	3.597728878307041e-45
3479.25	3.101085627761664e-45
3479.375	2.6711510949124e-45
3479.5	3.134811456635768e-45
3479.625	3.166886767459801e-45
3479.75	3.182261393879296e-45
3479.875	3.2056087946652164e-45
3480.0	3.4388183679907217e-45
3480.125	3.390634957847282e-45
3480.25	3.503381757754384e-45
3480.375	3.615189147832249e-45
3480.5	3.6097438643487356e-45
3480.625	3.8134722840091225e-45
3480.75	3.941574375877681e-45
3480.875	3.74528296244609e-45
3481.0	3.545424938727841e-45
3481.125	3.4887458121472353e-45
3481.25	3.535512173189929e-45
3481.375	3.9065605061702546e-45
3481.5	3.36246561100644e-45
3481.625	3.013249682955626e-45
3481.75	3.2139765144991354e-45
3481.875	3.3853032645228806e-45
3482.0	3.1276710575922245e-45
3482.125	2.9886415028039606e-45
3482.25	3.7070181730723685e-45
3482.375	4.020066708768016e-45
3482.5	4.038568183072901e-45
3482.625	3.6434489930581214e-45
3482.75	3.390972928307721e-45
3482.875	3.155990042883602e-45
3483.0	3.3981706160689004e-45
3483.125	3.520124724148321e-45
3483.25	3.8115980541358807e-45
3483.375	3.185702524752784e-45
3483.5	3.0418292520339607e-45
3483.625	3.344503442949124e-45
3483.75	3.577666864587201e-45
3483.875	3.585912249305169e-45
3484.0	3.3968505056400356e-45
3484.125	3.2932820009913755e-45
3484.25	3.3836223232637435e-45
3484.375	3.606835441594225e-45
3484.5	3.5725821239085606e-45
3484.625	3.3969635746425756e-45
3484.75	2.8009575029093292e-45
3484.875	3.134445072793225e-45
3485.0	3.467725525435609e-45
3485.125	3.2953796047276094e-45
3485.25	3.9030194182225e-45
3485.375	3.8734340866125615e-45
3485.5	3.6263793882083285e-45
3485.625	3.245080039084816e-45
3485.75	3.8430928695238566e-45
3485.875	4.2670667627385205e-45
3486.0	3.756941073919881e-45
3486.125	3.410057077741635e-45
3486.25	3.5663928814726555e-45
3486.375	3.2710045901338096e-45
3486.5	3.017646244673449e-45
3486.625	3.056579169450244e-45
3486.75	3.196863082374481e-45
3486.875	3.583545724700176e-45
3487.0	3.4221599105929e-45
3487.125	3.4129044619647607e-45
3487.25	3.8188032100891564e-45
3487.375	3.0747315558686446e-45
3487.5	3.531377927458404e-45
3487.625	4.367217973104899e-45
3487.75	3.764636781236497e-45
3487.875	3.3997542941377444e-45
3488.0	3.8322680252492254e-45
3488.125	4.2246581069169015e-45
3488.25	3.416779629807075e-45
3488.375	3.412051231770756e-45
3488.5	3.489437032102849e-45
3488.625	3.807732868648899e-45
3488.75	4.1540303983258234e-45
3488.875	3.705188917689168e-45
3489.0	3.875564002224784e-45
3489.125	3.35588177178073e-45
3489.25	3.286810997072656e-45
3489.375	3.3584380129290244e-45
3489.5	3.8281842296716827e-45
3489.625	3.822743256185569e-45
3489.75	3.0305883786084e-45
3489.875	2.9283509707776e-45
3490.0	3.089973046800676e-45
3490.125	3.5542024279054234e-45
3490.25	3.7809091728536034e-45
3490.375	3.391107096303369e-45
3490.5	3.179359118269636e-45
3490.625	3.3353834822228405e-45
3490.75	3.589783858188025e-45
3490.875	3.308687759185636e-45
3491.0	3.4435595194224996e-45
3491.125	4.1668418000642404e-45
3491.25	3.9204389866012815e-45
3491.375	3.435156364582849e-45
3491.5	3.2601868570181156e-45
3491.625	3.1656144027468483e-45
3491.75	2.7788824005912362e-45
3491.875	2.684790183431521e-45
3492.0	3.154316940849636e-45
3492.125	3.128388624000001e-45
3492.25	2.77140126481e-45
3492.375	3.133229172315025e-45
3492.5	3.515551343647225e-45
3492.625	3.585475000714896e-45
3492.75	3.403671230862081e-45
3492.875	3.410062216564644e-45
3493.0	3.495097426183802e-45
3493.125	3.538859859492489e-45
3493.25	3.692214598851216e-45
3493.375	4.255775881470864e-45
3493.5	3.862671971558404e-45
3493.625	3.97985487766028e-45
3493.75	3.791274228408976e-45
3493.875	3.479077219592209e-45
3494.0	3.7383759579076006e-45
3494.125	3.4089478833504154e-45
3494.25	2.990843079337202e-45
3494.375	3.487428891564849e-45
3494.5	3.433086563947209e-45
3494.625	3.532988063835135e-45
3494.75	3.900179235502225e-45
3494.875	3.4649914516156834e-45
3495.0	3.1709911138949164e-45
3495.125	3.189768324505156e-45
3495.25	3.325110255285361e-45
3495.375	3.269067302874565e-45
3495.5	3.619241361937161e-45
3495.625	3.247439641388721e-45
3495.75	3.2314864752072236e-45
3495.875	3.5352934820555573e-45
3496.0	3.146875765074441e-45
3496.125	3.2748605136016084e-45
3496.25	3.5941403863225e-45
3496.375	3.5173712532049e-45
3496.5	3.3228920694990244e-45
3496.625	3.382724836472809e-45
3496.75	3.471790653141409e-45
3496.875	2.854319418040561e-45
3497.0	3.40622914694228e-45
3497.125	3.4874526314969625e-45
3497.25	3.459806869735129e-45
3497.375	3.635966024256785e-45
3497.5	4.000230444390625e-45
3497.625	3.5638793815116956e-45
3497.75	3.261827490232921e-45
3497.875	3.098196682133809e-45
3498.0	3.276966325612848e-45
3498.125	3.728628173500036e-45
3498.25	3.640110950222224e-45
3498.375	3.1349252281024083e-45
3498.5	3.4078664232403553e-45
3498.625	3.3279536867195605e-45
3498.75	3.8039103498708014e-45
3498.875	3.780192858792528e-45
3499.0	3.026263591928195e-45
3499.125	3.236219172001729e-45
3499.25	3.5703105863097764e-45
3499.375	3.8365513358898014e-45
3499.5	3.483252512275397e-45
3499.625	3.4598191043315286e-45
3499.75	3.428496552823225e-45
3499.875	3.4226723830321004e-45
3500.0	3.647720784420496e-45
3500.125	3.146224961088399e-45
3500.25	3.067027692085504e-45
3500.375	3.411574950698721e-45
3500.5	3.805686821682001e-45
3500.625	3.6092411228415995e-45
3500.75	2.9533120723394554e-45
3500.875	3.778975465050383e-45
3501.0	3.338493269852416e-45
3501.125	2.933977764102025e-45
3501.25	2.9948533159140086e-45
3501.375	3.5249144535801e-45
3501.5	3.3762825991009443e-45
3501.625	2.924705780141401e-45
3501.75	3.1028840343103696e-45
3501.875	3.2242971645810256e-45
3502.0	2.8315649414274016e-45
3502.125	3.4691303676569754e-45
3502.25	3.482582677854921e-45
3502.375	3.4497264542343845e-45
3502.5	3.5636681722820887e-45
3502.625	3.649742289131409e-45
3502.75	3.8007327339068887e-45
3502.875	3.4168580744866085e-45
3503.0	3.298923158680009e-45
3503.125	3.3726882025225003e-45
3503.25	2.8123414771321955e-45
3503.375	3.095869023805156e-45
3503.5	3.242437145529604e-45
3503.625	3.1530208249187554e-45
3503.75	2.992591401203889e-45
3503.875	3.091289721999423e-45
3504.0	3.658888634607505e-45
3504.125	4.38559446784004e-45
3504.25	3.91566979704797e-45
3504.375	3.546097692774401e-45
3504.5	3.606431509959184e-45
3504.625	2.936988985672034e-45
3504.75	3.0452131539024994e-45
3504.875	2.6084376414539558e-45
3505.0	2.718403473932721e-45
3505.125	3.0007080552809607e-45
3505.25	3.177794491924901e-45
3505.375	3.1848812333015035e-45
3505.5	3.3572786087527837e-45
3505.625	3.636264269088026e-45
3505.75	3.055725497432689e-45
3505.875	2.7152305327998758e-45
3506.0	3.551840908766328e-45
3506.125	3.7437443399610244e-45
3506.25	3.376444599981124e-45
3506.375	2.9783352286638763e-45
3506.5	3.002329395642256e-45
3506.625	2.933093080009444e-45
3506.75	2.949918697427716e-45
3506.875	2.990374088281969e-45
3507.0	3.2661004401372476e-45
3507.125	3.270640740314256e-45
3507.25	3.0643792919308963e-45
3507.375	3.691881257287609e-45
3507.5	4.0794780707072636e-45
3507.625	3.984162299088841e-45
3507.75	3.690332990068321e-45
3507.875	3.56468308447109e-45
3508.0	3.887004014688964e-45
3508.125	3.386345874213124e-45
3508.25	3.2445002690652254e-45
3508.375	3.5809943507880994e-45
3508.5	3.3542446387372806e-45
3508.625	3.287944867084816e-45
3508.75	2.939550860640626e-45
3508.875	2.8272183021576487e-45
3509.0	2.96536107440664e-45
3509.125	3.0025051758143996e-45
3509.25	3.126923041696608e-45
3509.375	3.2142473943148876e-45
3509.5	3.313557568393081e-45
3509.625	3.259235444601796e-45
3509.75	3.585695477978328e-45
3509.875	3.8810208686656e-45
3510.0	3.3797962400802247e-45
3510.125	3.427962215635204e-45
3510.25	3.7600830424742555e-45
3510.375	3.9999940291960357e-45
3510.5	4.0823380671533296e-45
3510.625	3.446566916385961e-45
3510.75	3.773393532626115e-45
3510.875	3.710112034454721e-45
3511.0	2.9223612094414244e-45
3511.125	3.1377324311971556e-45
3511.25	3.288024226959616e-45
3511.375	3.3598434967206484e-45
3511.5	2.820704603413636e-45
3511.625	3.4549379248384e-45
3511.75	4.097114059742209e-45
3511.875	3.6628762919334006e-45
3512.0	3.229460568125649e-45
3512.125	3.1887393777177756e-45
3512.25	3.2037823286572955e-45
3512.375	3.3941418418216964e-45
3512.5	3.800501056425617e-45
3512.625	3.496050849817744e-45
3512.75	3.585308060463364e-45
3512.875	3.169169584162884e-45
3513.0	3.2251228407272244e-45
3513.125	3.26058598457468e-45
3513.25	3.5112037327789206e-45
3513.375	3.351694741555329e-45
3513.5	3.3166116705809616e-45
3513.625	3.7570097233914004e-45
3513.75	3.520883247894961e-45
3513.875	3.846115110873025e-45
3514.0	3.166012762932889e-45
3514.125	3.327006625644099e-45
3514.25	3.8395353131522554e-45
3514.375	3.7623174895792886e-45
3514.5	4.17668415690744e-45
3514.625	3.380013904824769e-45
3514.75	3.5157215139903996e-45
3514.875	3.8784734297668816e-45
3515.0	4.0882001967312256e-45
3515.125	3.3826972681216e-45
3515.25	3.1933675547923214e-45
3515.375	3.464010490664025e-45
3515.5	3.2806563327561955e-45
3515.625	2.930430625436305e-45
3515.75	3.1646164742457757e-45
3515.875	3.518525589099921e-45
3516.0	3.385188062452161e-45
3516.125	3.6299592322344494e-45
3516.25	3.27051092140116e-45
3516.375	3.106268278016835e-45
3516.5	3.1117059376328876e-45
3516.625	3.62747618733209e-45
3516.75	3.412015015951936e-45
3516.875	2.787250149603396e-45
3517.0	2.968522819159104e-45
3517.125	3.3489347009403596e-45
3517.25	3.3046946929526757e-45
3517.375	3.243701276157e-45
3517.5	2.981607299977216e-45
3517.625	3.058123290690601e-45
3517.75	3.339916882176197e-45
3517.875	2.8736552340552255e-45
3518.0	3.4320845873280155e-45
3518.125	3.5970156187656236e-45
3518.25	3.245774828776804e-45
3518.375	3.4054775908609e-45
3518.5	3.6678993773442243e-45
3518.625	3.8257402918997607e-45
3518.75	3.766958628806916e-45
3518.875	2.9782223704404645e-45
3519.0	3.066764196127129e-45
3519.125	3.1738954275768954e-45
3519.25	3.1669111908998564e-45
3519.375	3.5950260392632973e-45
3519.5	3.902896345117226e-45
3519.625	3.433922847700489e-45
3519.75	3.1837288270606805e-45
3519.875	3.176081579860225e-45
3520.0	3.469648465453284e-45
3520.125	4.219304410805929e-45
3520.25	3.678266267258944e-45
3520.375	3.155783535202321e-45
3520.5	3.369927192553477e-45
3520.625	3.4853040816232963e-45
3520.75	3.845086688790168e-45
3520.875	3.555612274392025e-45
3521.0	3.805911377500761e-45
3521.125	4.0457813720928496e-45
3521.25	3.7938469519009437e-45
3521.375	3.1314331838241e-45
3521.5	3.231758887770721e-45
3521.625	3.314090627923321e-45
3521.75	3.1468274096281003e-45
3521.875	3.0363312414972246e-45
3522.0	3.5402025191592004e-45
3522.125	3.435663478808089e-45
3522.25	3.148807369635225e-45
3522.375	3.103382935240225e-45
3522.5	3.1628120735654557e-45
3522.625	3.619536513557056e-45
3522.75	3.632208440053636e-45
3522.875	3.267983340373284e-45
3523.0	3.4392559643289e-45
3523.125	3.1134175851720486e-45
3523.25	2.830404390387025e-45
3523.375	2.8617242261473967e-45
3523.5	3.1778551484110245e-45
3523.625	3.283039832965488e-45
3523.75	3.568898186945536e-45
3523.875	3.668556032783236e-45
3524.0	2.7955603680174807e-45
3524.125	2.8061635204187554e-45
3524.25	3.1265345292689287e-45
3524.375	3.382938756737296e-45
3524.5	2.9193123280969204e-45
3524.625	3.010511141015625e-45
3524.75	4.038548228482329e-45
3524.875	3.7776648434695206e-45
3525.0	2.8439267791103996e-45
3525.125	3.137671822755624e-45
3525.25	3.853251619939225e-45
3525.375	3.767146685851397e-45
3525.5	4.5853388309169005e-45
3525.625	3.7739197428241686e-45
3525.75	2.919313516771583e-45
3525.875	2.64950061289e-45
3526.0	2.6877563724677756e-45
3526.125	2.876391638528003e-45
3526.25	3.5338212091863037e-45
3526.375	3.7279065718622245e-45
3526.5	3.041350655027364e-45
3526.625	3.263805021537841e-45
3526.75	3.076901707409929e-45
3526.875	2.8716039728478004e-45
3527.0	3.136365466647169e-45
3527.125	3.082551348691441e-45
3527.25	3.099101135324041e-45
3527.375	3.4355627797782767e-45
3527.5	3.405318979822321e-45
3527.625	3.3205305621620244e-45
3527.75	3.067795871209968e-45
3527.875	3.4298305282100237e-45
3528.0	3.6403929536775605e-45
3528.125	2.9084554702896033e-45
3528.25	3.1147773078361003e-45
3528.375	3.493447363473664e-45
3528.5	4.1435792940096e-45
3528.625	3.8643728422463996e-45
3528.75	3.154903425349729e-45
3528.875	3.2680457662469754e-45
3529.0	3.5011909098230446e-45
3529.125	3.0996904814184954e-45
3529.25	3.558113075306241e-45
3529.375	3.788777718090302e-45
3529.5	3.610704505583045e-45
3529.625	2.936307589917849e-45
3529.75	3.021973117570576e-45
3529.875	3.085792612107921e-45
3530.0	2.6952194517430084e-45
3530.125	2.915538534258529e-45
3530.25	3.105421849121344e-45
3530.375	3.072671812802596e-45
3530.5	3.0617496316202416e-45
3530.625	3.340756421722729e-45
3530.75	3.793295087831824e-45
3530.875	3.471500881269137e-45
3531.0	2.9652947484303997e-45
3531.125	2.7690454157584e-45
3531.25	3.265786809525969e-45
3531.375	3.439102667562769e-45
3531.5	3.3622408580378886e-45
3531.625	2.9721636941429165e-45
3531.75	3.5288855907717765e-45
3531.875	3.4197591723918484e-45
3532.0	3.3698465020436404e-45
3532.125	3.5740168934187244e-45
3532.25	3.597645385140625e-45
3532.375	3.723950788769124e-45
3532.5	3.320221819705956e-45
3532.625	3.556122716565224e-45
3532.75	3.6048563566879354e-45
3532.875	3.0207956119152253e-45
3533.0	3.616917989709124e-45
3533.125	3.355343276355624e-45
3533.25	3.0621539084398234e-45
3533.375	3.421222115193796e-45
3533.5	3.3411480811022246e-45
3533.625	3.165455628313924e-45
3533.75	3.523611380800225e-45
3533.875	3.3119837387265694e-45
3534.0	3.1642924541779366e-45
3534.125	3.2730934864339354e-45
3534.25	3.6533488749577206e-45
3534.375	3.172968971366769e-45
3534.5	3.3782835939840145e-45
3534.625	3.618804010998015e-45
3534.75	3.768705825125796e-45
3534.875	3.3622533827734805e-45
3535.0	3.2541913520703995e-45
3535.125	3.077881937310244e-45
3535.25	3.2778843674017203e-45
3535.375	3.7216020943542247e-45
3535.5	3.9496200930760084e-45
3535.625	3.925308565112089e-45
3535.75	3.713029498844688e-45
3535.875	3.5812821937542246e-45
3536.0	3.362931608842521e-45
3536.125	2.994031180143081e-45
3536.25	2.9990801430441636e-45
3536.375	3.2492690455696e-45
3536.5	3.831210136432899e-45
3536.625	3.683738936478969e-45
3536.75	3.044929186489129e-45
3536.875	2.9642142513816036e-45
3537.0	3.088635199891081e-45
3537.125	3.236476878761764e-45
3537.25	3.519790463263683e-45
3537.375	3.171647064794884e-45
3537.5	2.988128625233284e-45
3537.625	3.3863381928315037e-45
3537.75	2.840771568634321e-45
3537.875	2.9153895079564085e-45
3538.0	3.478796698755624e-45
3538.125	3.805097209120899e-45
3538.25	3.0717772105154557e-45
3538.375	3.1740993720093163e-45
3538.5	3.438111423138921e-45
3538.625	3.598745509307025e-45
3538.75	3.8035552286209e-45
3538.875	3.888164107971025e-45
3539.0	3.6240885213624094e-45
3539.125	3.170600436367224e-45
3539.25	2.673495544692736e-45
3539.375	3.5841394677884885e-45
3539.5	3.5120274312943207e-45
3539.625	3.349647002538225e-45
3539.75	3.2952173790722555e-45
3539.875	3.9599615016506246e-45
3540.0	3.7219349447215676e-45
3540.125	3.6292532671046555e-45
3540.25	3.4028522892967853e-45
3540.375	2.998247899675081e-45
3540.5	2.8635706393002804e-45
3540.625	3.2885442183888995e-45
3540.75	3.6174603599369286e-45
3540.875	3.5705617884556844e-45
3541.0	3.4747787541405156e-45
3541.125	3.2548273265968363e-45
3541.25	3.6104535777024995e-45
3541.375	3.6702207680284085e-45
3541.5	3.3822829421304034e-45
3541.625	3.834730147339204e-45
3541.75	3.2572417200625e-45
3541.875	3.182179259212864e-45
3542.0	3.3593842044380245e-45
3542.125	3.2924692199217635e-45
3542.25	2.9559322699321955e-45
3542.375	2.657033621002084e-45
3542.5	2.3595702623664635e-45
3542.625	3.2007113895288995e-45
3542.75	3.6122241995755246e-45
3542.875	3.662103470579857e-45
3543.0	3.465760024938436e-45
3543.125	3.254124038704901e-45
3543.25	3.9903271091692967e-45
3543.375	3.682629779855624e-45
3543.5	3.6085340516556236e-45
3543.625	4.1592821692950095e-45
3543.75	3.6169082469031687e-45
3543.875	3.5873916190462434e-45
3544.0	3.380524258460177e-45
3544.125	3.258683296274884e-45
3544.25	2.7667693628079208e-45
3544.375	2.947696513192249e-45
3544.5	3.302805267721444e-45
3544.625	3.143293868187396e-45
3544.75	3.094195471493049e-45
3544.875	2.811784355640121e-45
3545.0	3.159332856291249e-45
3545.125	3.531034932390143e-45
3545.25	3.331010259159025e-45
3545.375	2.8509838431060245e-45
3545.5	3.080735533131876e-45
3545.625	2.9738035902384633e-45
3545.75	3.3932760478598884e-45
3545.875	3.9434167393569e-45
3546.0	3.08616680765184e-45
3546.125	2.873892822907401e-45
3546.25	3.0463625128627677e-45
3546.375	3.555238052917489e-45
3546.5	3.4391168593922556e-45
3546.625	3.3017721521804005e-45
3546.75	3.4009025806385634e-45
3546.875	3.1482169633326756e-45
3547.0	3.1480724282745974e-45
3547.125	3.352274862761889e-45
3547.25	4.056286810330224e-45
3547.375	3.020631168552361e-45
3547.5	2.8311037146856893e-45
3547.625	3.233088143783002e-45
3547.75	3.2579325592032036e-45
3547.875	3.2918755927671604e-45
3548.0	3.1406932106045446e-45
3548.125	3.299308107676816e-45
3548.25	4.328695426723684e-45
3548.375	3.7710957399255045e-45
3548.5	3.5002434117510245e-45
3548.625	3.4786244754182253e-45
3548.75	3.6377884875027255e-45
3548.875	3.1699380626532095e-45
3549.0	3.0910408642369005e-45
3549.125	3.1495917832581754e-45
3549.25	3.464369402903236e-45
3549.375	3.2881722838525686e-45
3549.5	2.7792792540769003e-45
3549.625	2.692089337081104e-45
3549.75	2.745774567219321e-45
3549.875	3.629409780843889e-45
3550.0	3.440639660325157e-45
3550.125	3.273255395441641e-45
3550.25	3.078606531276864e-45
3550.375	3.234507986380225e-45
3550.5	3.234423360304081e-45
3550.625	3.4487296864849965e-45
3550.75	3.184921753582322e-45
3550.875	3.487461253482361e-45
3551.0	3.797878131463328e-45
3551.125	3.1138615299402253e-45
3551.25	2.8443904358119276e-45
3551.375	3.778912639525321e-45
3551.5	3.0402409490244e-45
3551.625	3.121099230506402e-45
3551.75	3.0474706856178e-45
3551.875	3.782948549251041e-45
3552.0	3.747313811104249e-45
3552.125	3.516410301251584e-45
3552.25	3.2781010156182087e-45
3552.375	3.345356746005481e-45
3552.5	3.1743275496512403e-45
3552.625	4.0184889917518086e-45
3552.75	3.9304602719846877e-45
3552.875	3.094142961250441e-45
3553.0	3.0235200210639364e-45
3553.125	3.15912668891988e-45
3553.25	3.372522575083776e-45
3553.375	3.763867285633224e-45
3553.5	3.5872379305380247e-45
3553.625	3.456594037353636e-45
3553.75	3.2991673821476416e-45
3553.875	3.345114867433024e-45
3554.0	3.112888307773696e-45
3554.125	3.192568780958041e-45
3554.25	3.4114285800940974e-45
3554.375	3.3436554529225e-45
3554.5	2.979183916773801e-45
3554.625	3.190971307074489e-45
3554.75	3.5905937123629703e-45
3554.875	3.4539146631002245e-45
3555.0	3.730244428578529e-45
3555.125	3.814226082255241e-45
3555.25	3.5778979880740886e-45
3555.375	3.5134846068197155e-45
3555.5	3.34890067347797e-45
3555.625	3.3425238105100963e-45
3555.75	3.3360964206204004e-45
3555.875	3.6725381661609e-45
3556.0	3.174017117389057e-45
3556.125	3.3304627980662436e-45
3556.25	3.584497964438329e-45
3556.375	3.300130923858756e-45
3556.5	3.178742851276281e-45
3556.625	3.3419038358768034e-45
3556.75	3.571768327218529e-45
3556.875	3.5032629065034233e-45
3557.0	3.6089621308310434e-45
3557.125	3.5955239521853434e-45
3557.25	3.3429913154204486e-45
3557.375	3.182295353714569e-45
3557.5	3.332137988406276e-45
3557.625	3.5001429539440364e-45
3557.75	4.0313586362663614e-45
3557.875	3.7199562412051367e-45
3558.0	3.3781330570806813e-45
3558.125	3.561557259718656e-45
3558.25	3.463150071646224e-45
3558.375	3.0258642217167363e-45
3558.5	3.206937419309584e-45
3558.625	3.5949713572864004e-45
3558.75	3.849704626896144e-45
3558.875	3.8908724139521635e-45
3559.0	3.762984628335241e-45
3559.125	3.789831087052816e-45
3559.25	3.4242178718114884e-45
3559.375	3.120234807519845e-45
3559.5	3.244490016180625e-45
3559.625	3.6733239668502085e-45
3559.75	3.945147981230569e-45
3559.875	3.1944319507216367e-45
3560.0	3.2242065397174086e-45
3560.125	3.5002873107270766e-45
3560.25	3.173864442117721e-45
3560.375	3.5267194439437206e-45
3560.5	3.258202088519569e-45
3560.625	3.3735053651532255e-45
3560.75	3.5465291988240484e-45
3560.875	3.869611691677209e-45
3561.0	4.5179777505372165e-45
3561.125	3.726586279075984e-45
3561.25	3.251157123928561e-45
3561.375	2.8776366792576635e-45
3561.5	3.545888559348495e-45
3561.625	3.766750568551881e-45
3561.75	3.265325763294841e-45
3561.875	3.284538341835663e-45
3562.0	3.184637439838463e-45
3562.125	3.173483953011856e-45
3562.25	2.985155983369561e-45
3562.375	3.037731898678129e-45
3562.5	3.3427673298889007e-45
3562.625	2.944482393717224e-45
3562.75	3.481520045421649e-45
3562.875	3.4611372735077595e-45
3563.0	3.419045418540817e-45
3563.125	4.015410653783825e-45
3563.25	4.204328177505681e-45
3563.375	3.330904295436169e-45
3563.5	2.6765930016399994e-45
3563.625	3.1701809550096e-45
3563.75	3.6321357574432087e-45
3563.875	3.3317589789748806e-45
3564.0	3.3986781411014894e-45
3564.125	3.6373724528606885e-45
3564.25	3.5054568891962015e-45
3564.375	3.2030666933921635e-45
3564.5	3.067070556937321e-45
3564.625	3.4408214993222556e-45
3564.75	3.429248770604944e-45
3564.875	3.634256025913681e-45
3565.0	3.191371598435076e-45
3565.125	2.8678895351823997e-45
3565.25	3.5356307377689006e-45
3565.375	3.306814444088464e-45
3565.5	3.847794591992836e-45
3565.625	4.2266289269758407e-45
3565.75	3.9488395842828486e-45
3565.875	3.6953411829051236e-45
3566.0	3.49058547570533e-45
3566.125	3.196925842980496e-45
3566.25	3.152071594615969e-45
3566.375	3.582766593838656e-45
3566.5	3.537139547508735e-45
3566.625	3.7557162766421995e-45
3566.75	3.738870615153026e-45
3566.875	4.0500884204930246e-45
3567.0	3.765723117478145e-45
3567.125	2.992343703977761e-45
3567.25	3.034092602429604e-45
3567.375	2.8551484334209206e-45
3567.5	2.851597486923201e-45
3567.625	3.1140859695680165e-45
3567.75	2.958207702590463e-45
3567.875	2.9676316342967285e-45
3568.0	3.858057688960225e-45
3568.125	3.960963634098968e-45
3568.25	3.3689769634663206e-45
3568.375	2.8380034725972246e-45
3568.5	3.0324577508755365e-45
3568.625	3.1960713339132486e-45
3568.75	3.198220997529856e-45
3568.875	3.2579569887622555e-45
3569.0	3.5107426223104e-45
3569.125	3.360406004442081e-45
3569.25	2.9013419151792355e-45
3569.375	2.658625716030769e-45
3569.5	2.993923277730024e-45
3569.625	2.931056441549824e-45
3569.75	2.8942958177956004e-45
3569.875	3.388296528773776e-45
3570.0	3.7646128521864804e-45
3570.125	3.528940480672996e-45
3570.25	3.1980384476448036e-45
3570.375	3.448885664201796e-45
3570.5	3.4157919585797286e-45
3570.625	3.62206570896e-45
3570.75	3.276467284508355e-45
3570.875	3.296286672410209e-45
3571.0	3.41623884196e-45
3571.125	3.124211227886736e-45
3571.25	3.4469357265721006e-45
3571.375	3.958610799570064e-45
3571.5	3.368408863620025e-45
3571.625	3.1730247374336645e-45
3571.75	3.2226598673625755e-45
3571.875	3.293489860434224e-45
3572.0	3.015278872518025e-45
3572.125	2.983405793195844e-45
3572.25	3.616839446227225e-45
3572.375	3.444624207828241e-45
3572.5	3.7756029280242254e-45
3572.625	3.4313823183120035e-45
3572.75	2.8740334938601686e-45
3572.875	3.441088635388849e-45
3573.0	3.2495769796137207e-45
3573.125	3.596412534189409e-45
3573.25	3.3585587860494757e-45
3573.375	3.127448142182464e-45
3573.5	3.120222853692025e-45
3573.625	2.999934958242244e-45
3573.75	2.7845819252630438e-45
3573.875	3.118117773131881e-45
3574.0	3.189149129392704e-45
3574.125	3.8485809319726237e-45
3574.25	3.8009806945848355e-45
3574.375	3.6927454487052955e-45
3574.5	3.941856146345208e-45
3574.625	3.5476923592500634e-45
3574.75	3.2253107053287606e-45
3574.875	3.3295728514074006e-45
3575.0	3.261879462733956e-45
3575.125	3.3842866448428846e-45
3575.25	3.394186934641801e-45
3575.375	3.122110948477609e-45
3575.5	3.0102167258553636e-45
3575.625	3.322425741597169e-45
3575.75	3.670051866388209e-45
3575.875	3.3267137319842404e-45
3576.0	3.324413944068361e-45
3576.125	3.008686174626064e-45
3576.25	3.473864306613009e-45
3576.375	3.8068576692686435e-45
3576.5	3.232276457790769e-45
3576.625	3.4175659878423045e-45
3576.75	3.790078568740996e-45
3576.875	3.719522604676321e-45
3577.0	3.8501235728044954e-45
3577.125	3.2970708698558765e-45
3577.25	3.097541136291364e-45
3577.375	3.358079763021481e-45
3577.5	3.4214419287066495e-45
3577.625	3.7248497292132086e-45
3577.75	3.493354095787609e-45
3577.875	3.3635275485893276e-45
3578.0	2.741714534395456e-45
3578.125	2.853689775923844e-45
3578.25	2.9494039398122247e-45
3578.375	2.905308961242724e-45
3578.5	3.352225996324921e-45
3578.625	3.9507114264492254e-45
3578.75	3.6755493429634805e-45
3578.875	3.428765552258244e-45
3579.0	3.2555297775625e-45
3579.125	3.747826690494016e-45
3579.25	4.5267757518171236e-45
3579.375	3.716033452362729e-45
3579.5	3.777090557725521e-45
3579.625	3.065208593434275e-45
3579.75	2.9794212436056246e-45
3579.875	3.793946242420324e-45
3580.0	4.027516195171224e-45
3580.125	3.793913720320517e-45
3580.25	3.6637351452096153e-45
3580.375	3.221110501309584e-45
3580.5	3.4825090295073685e-45
3580.625	3.3550564362768e-45
3580.75	3.930565848350625e-45
3580.875	4.1038574606814485e-45
3581.0	3.9665959061608894e-45
3581.125	3.6162092047556247e-45
3581.25	3.436086454295881e-45
3581.375	3.128815399714225e-45
3581.5	3.036993394219929e-45
3581.625	3.1224163733593954e-45
3581.75	3.401999733368895e-45
3581.875	3.3375500251700886e-45
3582.0	3.7662154075110016e-45
3582.125	4.1433008312995285e-45
3582.25	3.804698361324169e-45
3582.375	3.2477358629881004e-45
3582.5	3.0675624719364004e-45
3582.625	3.025063690335241e-45
3582.75	2.7558857670339613e-45
3582.875	2.8695158392510435e-45
3583.0	3.640395246433344e-45
3583.125	4.0069531736490017e-45
3583.25	3.7852028220960044e-45
3583.375	3.3331676452224626e-45
3583.5	3.153612916933444e-45
3583.625	3.657074076220009e-45
3583.75	3.316623303777423e-45
3583.875	3.1064542091094755e-45
3584.0	3.165763278493456e-45
3584.125	3.3558219883148486e-45
3584.25	3.5306978959449756e-45
3584.375	3.2970131054621286e-45
3584.5	3.0626893700649e-45
3584.625	3.528344318417424e-45
3584.75	3.6563680188322807e-45
3584.875	3.5198557241703835e-45
3585.0	4.0896858912251045e-45
3585.125	4.011143875622464e-45
3585.25	3.935626774961477e-45
3585.375	3.396638593753344e-45
3585.5	3.3694868314929606e-45
3585.625	3.1296988004515204e-45
3585.75	3.517216581127876e-45
3585.875	3.3685391021396884e-45
3586.0	3.5357320603284844e-45
3586.125	3.0091382776057684e-45
3586.25	3.024347185224224e-45
3586.375	3.293825823827044e-45
3586.5	3.1958353661584e-45
3586.625	2.771693131384384e-45
3586.75	3.3117469829284e-45
3586.875	3.053563933119843e-45
3587.0	3.2609718882063993e-45
3587.125	3.505468849e-45
3587.25	4.054892268817296e-45
3587.375	3.8511982186685295e-45
3587.5	3.9243898857924016e-45
3587.625	3.451897500628201e-45
3587.75	3.4553246996400986e-45
3587.875	3.6086608027369e-45
3588.0	3.613831980904336e-45
3588.125	3.6337334961288485e-45
3588.25	2.945266981658596e-45
3588.375	2.919169688894281e-45
3588.5	3.422550930615184e-45
3588.625	3.664394817720025e-45
3588.75	3.5378799168064e-45
3588.875	2.907638378840484e-45
3589.0	3.624225177565443e-45
3589.125	3.8966646374929006e-45
3589.25	3.1105764411417644e-45
3589.375	2.9269245849214806e-45
3589.5	3.352489555071969e-45
3589.625	3.9528398469649953e-45
3589.75	3.9597983933710413e-45
3589.875	3.9146352451661164e-45
3590.0	3.573942284521764e-45
3590.125	3.2874113917463033e-45
3590.25	3.151170334301796e-45
3590.375	3.062204154398596e-45
3590.5	2.991715426123776e-45
3590.625	3.5418650141448997e-45
3590.75	3.493927906834849e-45
3590.875	3.8933787453330247e-45
3591.0	3.3955221440898805e-45
3591.125	3.4340864599642405e-45
3591.25	3.3100628886573165e-45
3591.375	3.0284530048299237e-45
3591.5	3.2878448658318237e-45
3591.625	3.632237609730304e-45
3591.75	3.6178102939116956e-45
3591.875	3.226587852575844e-45
3592.0	3.147507112611904e-45
3592.125	3.1531707519162005e-45
3592.25	3.181948317555121e-45
3592.375	3.2572493677484874e-45
3592.5	3.3409225389097954e-45
3592.625	2.895337345938921e-45
3592.75	3.202425496860529e-45
3592.875	3.6212526741540247e-45
3593.0	3.5328382792838554e-45
3593.125	3.179456553688899e-45
3593.25	3.1369025609313645e-45
3593.375	3.432827238231556e-45
3593.5	2.997948718939729e-45
3593.625	2.982213763903201e-45
3593.75	3.3948228102516645e-45
3593.875	3.1836537828633757e-45
3594.0	2.568428241793569e-45
3594.125	2.9104132464765165e-45
3594.25	2.9310373845711365e-45
3594.375	3.0984644194779054e-45
3594.5	3.407390434342449e-45
3594.625	3.846502727232399e-45
3594.75	3.681169608605449e-45
3594.875	3.374986964351044e-45
3595.0	2.830978144921969e-45
3595.125	2.9280444757424636e-45
3595.25	2.8909114732368077e-45
3595.375	2.6855867420866088e-45
3595.5	3.1174732998982435e-45
3595.625	3.1213854985483196e-45
3595.75	3.584930962249849e-45
3595.875	4.194833978581444e-45
3596.0	4.1083902839190755e-45
3596.125	3.3177272832806545e-45
3596.25	3.2071649619945686e-45
3596.375	3.4702057170363044e-45
3596.5	3.484878913976768e-45
3596.625	2.737593672236361e-45
3596.75	2.6559088940311204e-45
3596.875	3.220728098628681e-45
3597.0	3.780292339382724e-45
3597.125	3.8298800903006254e-45
3597.25	3.180634805911689e-45
3597.375	3.712022317671424e-45
3597.5	3.4396420949654436e-45
3597.625	2.774036306912641e-45
3597.75	2.958794593408809e-45
3597.875	3.375074223061321e-45
3598.0	3.4993542505156e-45
3598.125	3.2574994634420637e-45
3598.25	2.6960081059176038e-45
3598.375	2.907035124957184e-45
3598.5	3.146718807566884e-45
3598.625	3.7311090666680246e-45
3598.75	3.5250943499750236e-45
3598.875	3.405261208507457e-45
3599.0	3.7118283306501757e-45
3599.125	3.491873800542241e-45
3599.25	3.0903682867485616e-45
3599.375	2.5314199055155236e-45
3599.5	2.854424988458761e-45
3599.625	3.0393422598528994e-45
3599.75	3.296174028483857e-45
3599.875	3.314254699150095e-45
3600.0	2.866741266473764e-45
3600.125	2.553659080522564e-45
3600.25	3.3098091723454807e-45
3600.375	3.5043273125748806e-45
3600.5	3.5316560437966434e-45
3600.625	3.7117100156780246e-45
3600.75	3.6688149075720486e-45
3600.875	3.368865522041041e-45
3601.0	3.207838689706225e-45
3601.125	3.411595861041423e-45
3601.25	3.2617895677022407e-45
3601.375	4.094603639028101e-45
3601.5	4.008996267723225e-45
3601.625	3.924375226887556e-45
3601.75	3.405535364011225e-45
3601.875	3.3773956490832246e-45
3602.0	3.747472727726024e-45
3602.125	3.796527019649296e-45
3602.25	4.046763897072399e-45
3602.375	3.22353563736372e-45
3602.5	3.712786008043225e-45
3602.625	3.3278176588176e-45
3602.75	2.9914504817757164e-45
3602.875	3.3799035600158445e-45
3603.0	3.051595038667537e-45
3603.125	2.978234813118436e-45
3603.25	3.488710491004249e-45
3603.375	3.4412948898276007e-45
3603.5	3.0879446574412836e-45
3603.625	3.062909854847844e-45
3603.75	3.5421905608530245e-45
3603.875	3.820289806931049e-45
3604.0	2.945050772695684e-45
3604.125	2.729228549196361e-45
3604.25	2.825112780204099e-45
3604.375	3.507291240422544e-45
3604.5	4.198384249603599e-45
3604.625	4.280775683403767e-45
3604.75	3.72669823786272e-45
3604.875	3.5748442195799996e-45
3605.0	4.049781552755236e-45
3605.125	3.8137231301118015e-45
3605.25	3.5702963653298484e-45
3605.375	3.5226860189284003e-45
3605.5	3.6444001028636875e-45
3605.625	3.741834963891601e-45
3605.75	4.1019524970411686e-45
3605.875	4.0421470796059236e-45
3606.0	3.4697722821815287e-45
3606.125	3.1389691504620165e-45
3606.25	3.022313076922624e-45
3606.375	3.493731902624401e-45
3606.5	3.824888010971041e-45
3606.625	4.8192063756140155e-45
3606.75	1.1240668724880402e-44
3606.875	8.140182872053443e-45
3607.0	5.2038417017249643e-45
3607.125	4.008307032460864e-45
3607.25	3.9904511741203234e-45
3607.375	3.690859451973137e-45
3607.5	3.550452426862929e-45
3607.625	3.2587202873808047e-45
3607.75	3.253406909358736e-45
3607.875	3.183380810002849e-45
3608.0	3.6799123361229604e-45
3608.125	3.468139633973569e-45
3608.25	3.939785418644101e-45
3608.375	3.3509059267401e-45
3608.5	2.6393972010040963e-45
3608.625	7.409074160808441e-45
3608.75	2.01492148312849e-44
3608.875	8.851406353739571e-45
3609.0	4.0956838461008997e-45
3609.125	4.162744201726224e-45
3609.25	3.314720453284881e-45
3609.375	3.2209873445100486e-45
3609.5	3.2823037118804484e-45
3609.625	3.867223963992064e-45
3609.75	4.0985386332288996e-45
3609.875	4.2889335510024983e-45
3610.0	3.502257131576641e-45
3610.125	3.6656054815315355e-45
3610.25	3.339768242769984e-45
3610.375	3.1760113597565445e-45
3610.5	3.007596703233601e-45
3610.625	3.4392664031770813e-45
3610.75	2.897451107912529e-45
3610.875	2.5414875077962243e-45
3611.0	2.97251468851753e-45
3611.125	3.574025980452963e-45
3611.25	3.6429758989849005e-45
3611.375	3.8199695220336043e-45
3611.5	4.120247619614025e-45
3611.625	3.541596017916101e-45
3611.75	3.4278968754835355e-45
3611.875	3.387577452004201e-45
3612.0	2.9864065271045756e-45
3612.125	3.493422421042761e-45
3612.25	3.362635282438756e-45
3612.375	3.5379964987236e-45
3612.5	3.478178837831569e-45
3612.625	3.630923644065316e-45
3612.75	3.300108174978625e-45
3612.875	3.086075256527025e-45
3613.0	3.315410911956025e-45
3613.125	3.637906824693969e-45
3613.25	3.386385561490281e-45
3613.375	3.2678385969601436e-45
3613.5	3.1745929221126756e-45
3613.625	2.790860449674025e-45
3613.75	3.0222126923690253e-45
3613.875	3.5157331355299236e-45
3614.0	3.207237111360676e-45
3614.125	3.755393440000225e-45
3614.25	3.807440383891601e-45
3614.375	2.9869582790371835e-45
3614.5	2.901967311147921e-45
3614.625	2.7225701904885163e-45
3614.75	3.062329881775684e-45
3614.875	4.2373868857057964e-45
3615.0	3.8144012339839215e-45
3615.125	3.6800022381724844e-45
3615.25	2.848306091986576e-45
3615.375	2.9949879415492887e-45
3615.5	3.1939858028988806e-45
3615.625	3.167633469483289e-45
3615.75	3.4902855860923204e-45
3615.875	3.9655404162163676e-45
3616.0	3.819726257876356e-45
3616.125	3.345120651132325e-45
3616.25	3.3753147422566824e-45
3616.375	3.891236703329284e-45
3616.5	3.98955029417477e-45
3616.625	3.382503245941264e-45
3616.75	3.410805401214201e-45
3616.875	3.609895150254409e-45
3617.0	3.7742606994401436e-45
3617.125	3.417351677018161e-45
3617.25	3.399430928920321e-45
3617.375	4.2247084150310493e-45
3617.5	4.404983404262401e-45
3617.625	3.8149879845169203e-45
3617.75	3.9033691563486005e-45
3617.875	3.77766558102209e-45
3618.0	3.6028320767712165e-45
3618.125	3.0122648718828165e-45
3618.25	3.3934770196593643e-45
3618.375	3.766055480294415e-45
3618.5	4.300693248468241e-45
3618.625	4.279726550105159e-45
3618.75	4.081261410332001e-45
3618.875	5.166431645875235e-45
3619.0	1.4141055487468897e-44
3619.125	5.704134834672729e-43
3619.25	8.821790428470009e-42
3619.375	6.71976213630016e-42
3619.5	1.7029570356099998e-43
3619.625	9.978732120108817e-45
3619.75	4.88807324636905e-45
3619.875	4.162430385610001e-45
3620.0	4.1213134852668476e-45
3620.125	3.5805057025049286e-45
3620.25	3.6998881628104356e-45
3620.375	3.3180837198961005e-45
3620.5	3.610326795140024e-45
3620.625	3.8581243988952036e-45
3620.75	2.9038471366707364e-45
3620.875	3.083560464993856e-45
3621.0	3.716423480050576e-45
3621.125	3.237098489205025e-45
3621.25	2.9995219941236645e-45
3621.375	3.240092795206968e-45
3621.5	3.378799978482916e-45
3621.625	3.5690271075822247e-45
3621.75	3.0249161805806435e-45
3621.875	3.127325782560004e-45
3622.0	3.4800900434749434e-45
3622.125	3.0798430874395563e-45
3622.25	2.7587811858582013e-45
3622.375	3.5476479257582246e-45
3622.5	3.385755713439009e-45
3622.625	2.6987044192911356e-45
3622.75	3.0658467558679216e-45
3622.875	2.927256342015625e-45
3623.0	2.675851782420496e-45
3623.125	3.3570084884518083e-45
3623.25	3.4937254007695365e-45
3623.375	3.730508524696321e-45
3623.5	4.133138267302144e-45
3623.625	3.381307945470225e-45
3623.75	3.4400430275343996e-45
3623.875	3.6254187111024996e-45
3624.0	3.1882273380721e-45
3624.125	3.0923246240382756e-45
3624.25	3.752546361996961e-45
3624.375	3.724220886696025e-45
3624.5	3.46306603644804e-45
3624.625	3.5042312951163027e-45
3624.75	3.6554571869821287e-45
3624.875	3.85880743249e-45
3625.0	3.603744253065636e-45
3625.125	3.7979716817145965e-45
3625.25	3.240558546217217e-45
3625.375	2.898728048186569e-45
3625.5	3.513818686710784e-45
3625.625	3.835126354989609e-45
3625.75	3.654591082929797e-45
3625.875	3.1415296354225013e-45
3626.0	3.1176823471640986e-45
3626.125	3.684054308280921e-45
3626.25	3.616253584466435e-45
3626.375	3.768457446144169e-45
3626.5	4.1527454583564e-45
3626.625	3.899349300352901e-45
3626.75	3.284942969194084e-45
3626.875	3.3107909531177285e-45
3627.0	3.322130052478084e-45
3627.125	3.339658903607524e-45
3627.25	3.5504739969093157e-45
3627.375	3.935440957346649e-45
3627.5	4.2465386106518415e-45
3627.625	3.5751708000238244e-45
3627.75	3.168923578135249e-45
3627.875	3.3855178481512084e-45
3628.0	3.259422701553316e-45
3628.125	3.863474250549904e-45
3628.25	3.7737204592782254e-45
3628.375	3.6239943685436404e-45
3628.5	2.984600682987001e-45
3628.625	2.939218841280969e-45
3628.75	3.534585844378689e-45
3628.875	3.6924448964710805e-45
3629.0	3.245169133900996e-45
3629.125	2.977875732247057e-45
3629.25	3.1440187194025003e-45
3629.375	3.4443177306561006e-45
3629.5	3.8278955388601207e-45
3629.625	3.243123223877476e-45
3629.75	3.3009453394533164e-45
3629.875	3.289620458275369e-45
3630.0	2.987455752010129e-45
3630.125	3.4490496325321e-45
3630.25	3.6226572175281955e-45
3630.375	3.179336451216026e-45
3630.5	2.9169643037091843e-45
3630.625	3.202351251241041e-45
3630.75	3.105764575395769e-45
3630.875	3.060602905616656e-45
3631.0	3.206493796579921e-45
3631.125	3.5700391975380244e-45
3631.25	3.0339580922161286e-45
3631.375	3.31388108320976e-45
3631.5	3.768796068651442e-45
3631.625	3.800405872194625e-45
3631.75	3.738976765891928e-45
3631.875	3.4144934390668894e-45
3632.0	3.4057870038926406e-45
3632.125	3.121078895024688e-45
3632.25	2.7470722527503998e-45
3632.375	3.11177243092717e-45
3632.5	3.450879976244481e-45
3632.625	3.4265171493315995e-45
3632.75	2.8913656088164e-45
3632.875	3.6199976142850557e-45
3633.0	3.535913659675401e-45
3633.125	4.249120467937284e-45
3633.25	4.1311605735510246e-45
3633.375	3.1878557002878005e-45
3633.5	3.3615438005076846e-45
3633.625	3.1135625500816356e-45
3633.75	3.2893199238236494e-45
3633.875	3.695802952989456e-45
3634.0	3.310164147768676e-45
3634.125	3.4614775628683286e-45
3634.25	3.542602425655225e-45
3634.375	3.2495345679867214e-45
3634.5	3.3899601154764964e-45
3634.625	3.4519616590396086e-45
3634.75	3.3906601128906237e-45
3634.875	3.9267179920609007e-45
3635.0	4.3754893749403246e-45
3635.125	3.713328815793921e-45
3635.25	3.4558570500254437e-45
3635.375	4.0398653372042246e-45
3635.5	4.231836473289489e-45
3635.625	3.589093912448209e-45
3635.75	3.210534761419561e-45
3635.875	4.014493781761088e-45
3636.0	3.5668475985942804e-45
3636.125	3.7000014230037687e-45
3636.25	4.058423347531536e-45
3636.375	4.0946996232256e-45
3636.5	3.607468949959681e-45
3636.625	3.5318800899221286e-45
3636.75	3.3637066423958407e-45
3636.875	3.506749139631721e-45
3637.0	3.612767059264804e-45
3637.125	3.8507633283213604e-45
3637.25	3.7180257465794565e-45
3637.375	3.346379071626816e-45
3637.5	2.9543244862752043e-45
3637.625	2.839262877450756e-45
3637.75	3.0317647077003695e-45
3637.875	3.540313546285157e-45
3638.0	3.161751722055936e-45
3638.125	3.552856400528964e-45
3638.25	3.2383372228321e-45
3638.375	3.489041973380769e-45
3638.5	3.885552364971601e-45
3638.625	3.2917334193769004e-45
3638.75	3.6046190807103996e-45
3638.875	7.030233046855224e-45
3639.0	8.041944241364543e-45
3639.125	4.178424104214361e-45
3639.25	3.337080821270784e-45
3639.375	3.5325945889819554e-45
3639.5	3.5404646792544157e-45
3639.625	3.255130845492516e-45
3639.75	3.288661090228801e-45
3639.875	3.3998833879733606e-45
3640.0	3.600627267321529e-45
3640.125	3.219959389238596e-45
3640.25	3.5247605656536365e-45
3640.375	3.600088320541695e-45
3640.5	3.1550086860472963e-45
3640.625	3.2165708076323996e-45
3640.75	3.3809191723315836e-45
3640.875	3.4164608333490005e-45
3641.0	2.8049878496824956e-45
3641.125	2.873624035165635e-45
3641.25	3.7511973363863606e-45
3641.375	3.4792785928681e-45
3641.5	3.453174435656088e-45
3641.625	3.6667282999622554e-45
3641.75	3.8622448858294434e-45
3641.875	3.392029806088225e-45
3642.0	3.411077910860355e-45
3642.125	3.8063791411396007e-45
3642.25	3.151828274193315e-45
3642.375	3.158951328293401e-45
3642.5	3.0577783371411226e-45
3642.625	2.933027549149489e-45
3642.75	2.6776041181160405e-45
3642.875	2.8557312098777645e-45
3643.0	2.845230809897025e-45
3643.125	2.7585154203080404e-45
3643.25	3.5958139375912356e-45
3643.375	3.3857487309729684e-45
3643.5	3.726993709693881e-45
3643.625	3.867931684519204e-45
3643.75	3.7934991989493197e-45
3643.875	3.481880925726226e-45
3644.0	3.2065350203756254e-45
3644.125	2.634700015590241e-45
3644.25	3.7098971446556235e-45
3644.375	4.2400633724613616e-45
3644.5	3.918211142419456e-45
3644.625	3.326227757677764e-45
3644.75	2.5764917147957166e-45
3644.875	2.932691890983556e-45
3645.0	3.6445528376974235e-45
3645.125	3.572636276713156e-45
3645.25	3.6121365717088087e-45
3645.375	3.5093579323475557e-45
3645.5	3.2518152695961e-45
3645.625	3.490659445730809e-45
3645.75	3.544507075992169e-45
3645.875	3.119143751997024e-45
3646.0	3.5797540654541156e-45
3646.125	3.059205060226561e-45
3646.25	3.193344498799224e-45
3646.375	3.407571392601649e-45
3646.5	3.008195054410225e-45
3646.625	2.579352177506329e-45
3646.75	3.360190479122501e-45
3646.875	3.769056614525449e-45
3647.0	3.90775752041948e-45
3647.125	4.028464130053489e-45
3647.25	3.610618578626928e-45
3647.375	3.4680614272819997e-45
3647.5	3.5127786811526023e-45
3647.625	3.257211015264361e-45
3647.75	3.2625131036385687e-45
3647.875	3.128402495151376e-45
3648.0	3.7986799400986245e-45
3648.125	3.976850149801984e-45
3648.25	3.4103182282849e-45
3648.375	3.7096127054281e-45
3648.5	3.7899326643800415e-45
3648.625	3.8193685450816e-45
3648.75	3.5011794306852253e-45
3648.875	2.956285566910225e-45
3649.0	2.924080534253823e-45
3649.125	3.3990609377491565e-45
3649.25	3.261232748697616e-45
3649.375	3.36027499575864e-45
3649.5	3.6949168856455846e-45
3649.625	3.8078366602442405e-45
3649.75	3.1421384729579603e-45
3649.875	3.337677701479044e-45
3650.0	3.9893889777921e-45
3650.125	3.8785226290617956e-45
3650.25	3.9715929993717754e-45
3650.375	3.651717823008025e-45
3650.5	3.707931386841796e-45
3650.625	3.441260865632121e-45
3650.75	3.024126553059481e-45
3650.875	3.077626740755044e-45
3651.0	3.2365872463841433e-45
3651.125	3.101958756143361e-45
3651.25	3.3354976026902886e-45
3651.375	3.282004543043524e-45
3651.5	3.347241870754608e-45
3651.625	4.120085864531024e-45
3651.75	3.6785452566241425e-45
3651.875	3.780236266107876e-45
3652.0	5.907831300806723e-45
3652.125	4.7534168859207837e-45
3652.25	3.9213788701953957e-45
3652.375	3.8504103703056246e-45
3652.5	3.443018024599696e-45
3652.625	3.3277642406477287e-45
3652.75	3.672618887762497e-45
3652.875	3.5118093491914406e-45
3653.0	3.198670947558436e-45
3653.125	3.2446123683270006e-45
3653.25	2.946933858777561e-45
3653.375	3.374005933405637e-45
3653.5	3.5541633191744163e-45
3653.625	3.7375921552224997e-45
3653.75	3.687002194076101e-45
3653.875	3.318790313577249e-45
3654.0	3.2785630773526444e-45
3654.125	3.131541521791684e-45
3654.25	3.201599336486329e-45
3654.375	3.769055509457957e-45
3654.5	3.4234789613130096e-45
3654.625	3.4665411654756003e-45
3654.75	3.157920508562883e-45
3654.875	3.1900049718566404e-45
3655.0	3.1221705124209955e-45
3655.125	3.776949820127236e-45
3655.25	3.2600218457532e-45
3655.375	3.373838298732e-45
3655.5	4.082421128705928e-45
3655.625	3.5338929013680244e-45
3655.75	3.387957294770244e-45
3655.875	3.9638759748623997e-45
3656.0	3.9852765751282083e-45
3656.125	3.081390741596176e-45
3656.25	3.514282251829923e-45
3656.375	3.7677412077610396e-45
3656.5	3.7366974244750233e-45
3656.625	3.9365724927363205e-45
3656.75	4.1498959443385966e-45
3656.875	3.7740332704519205e-45
3657.0	4.146131210230681e-45
3657.125	3.8044928388860407e-45
3657.25	3.8727037085646e-45
3657.375	3.757212488171024e-45
3657.5	3.0436657858471836e-45
3657.625	3.330518430894735e-45
3657.75	3.7336898948213287e-45
3657.875	3.472277129412961e-45
3658.0	4.10315947781628e-45
3658.125	3.536904867565689e-45
3658.25	3.529455777463729e-45
3658.375	3.5572193370200406e-45
3658.5	3.692575786498624e-45
3658.625	3.6621148474680993e-45
3658.75	3.911904044486657e-45
3658.875	4.028242876033599e-45
3659.0	4.0496028595201e-45
3659.125	3.3406437140832044e-45
3659.25	3.363372701246464e-45
3659.375	3.196294985566225e-45
3659.5	3.270148814596225e-45
3659.625	3.7284518271024986e-45
3659.75	3.9742585866418405e-45
3659.875	4.346671939197024e-45
3660.0	3.6557276917129955e-45
3660.125	3.5739320019463827e-45
3660.25	3.6166751451624014e-45
3660.375	3.9654411721190007e-45
3660.5	4.0744338383892635e-45
3660.625	3.576447967234921e-45
3660.75	3.547270788342961e-45
3660.875	3.402142051917456e-45
3661.0	2.803734058288805e-45
3661.125	3.3739090463296e-45
3661.25	3.2232666373924005e-45
3661.375	3.8013086908005166e-45
3661.5	3.9020123998881e-45
3661.625	3.8339491865076644e-45
3661.75	3.4897589789691247e-45
3661.875	3.454227796837041e-45
3662.0	2.8648533667056244e-45
3662.125	3.292209867239525e-45
3662.25	4.0068325238061165e-45
3662.375	4.0599097388912406e-45
3662.5	3.370798479382084e-45
3662.625	3.2119279941678765e-45
3662.75	3.4655918922412844e-45
3662.875	3.142620786800889e-45
3663.0	3.492140429092224e-45
3663.125	3.787702831907856e-45
3663.25	3.1838223796368997e-45
3663.375	2.7666300795252248e-45
3663.5	3.3726109634142245e-45
3663.625	3.2279047955104086e-45
3663.75	3.0214056083745954e-45
3663.875	3.5792949367296804e-45
3664.0	3.5397542633555554e-45
3664.125	3.900364218786817e-45
3664.25	3.576520210120225e-45
3664.375	3.342555839855281e-45
3664.5	4.3681459869864004e-45
3664.625	3.629096515772288e-45
3664.75	3.1844996329396416e-45
3664.875	3.0250951507482256e-45
3665.0	3.777354217313856e-45
3665.125	3.4542652939080045e-45
3665.25	3.410365180382225e-45
3665.375	3.544019137672226e-45
3665.5	3.5062919930304005e-45
3665.625	3.489249659956642e-45
3665.75	3.936416266429955e-45
3665.875	3.954376201236561e-45
3666.0	3.524968837616704e-45
3666.125	3.453502109915024e-45
3666.25	2.951897222763224e-45
3666.375	3.096127201265316e-45
3666.5	3.301812949651215e-45
3666.625	3.8833423086279605e-45
3666.75	3.3830308876135836e-45
3666.875	3.624545216006416e-45
3667.0	4.2010400957157596e-45
3667.125	3.74403167561105e-45
3667.25	3.781558156640625e-45
3667.375	3.0692886401479217e-45
3667.5	3.2793308474553635e-45
3667.625	3.596182612512401e-45
3667.75	3.5702557341146884e-45
3667.875	3.486893996805183e-45
3668.0	3.8542268730564e-45
3668.125	4.395208542584162e-45
3668.25	4.150939351150656e-45
3668.375	4.4990931870784e-45
3668.5	3.7648547231617427e-45
3668.625	3.551986327722849e-45
3668.75	3.9018741011902887e-45
3668.875	3.6790973228469694e-45
3669.0	3.2624259415225e-45
3669.125	3.2219048908542755e-45
3669.25	3.777807561232384e-45
3669.375	4.0106030249796835e-45
3669.5	3.9624953972060246e-45
3669.625	3.794063150665089e-45
3669.75	4.0127026667346094e-45
3669.875	4.5044247015301206e-45
3670.0	3.225208140119056e-45
3670.125	2.952842446843969e-45
3670.25	3.713099208392025e-45
3670.375	4.0982277588296036e-45
3670.5	3.396363281362276e-45
3670.625	3.3033307946521e-45
3670.75	3.7537065562500003e-45
3670.875	3.777701352408064e-45
3671.0	3.571261066080841e-45
3671.125	3.244602912725056e-45
3671.25	3.1840299155296806e-45
3671.375	3.542730870472337e-45
3671.5	3.1570154906556246e-45
3671.625	4.31530603579812e-45
3671.75	4.0568241083992103e-45
3671.875	3.8343114205814886e-45
3672.0	3.94406093349408e-45
3672.125	3.924954086498116e-45
3672.25	3.4893850494142886e-45
3672.375	3.300955106615721e-45
3672.5	3.533161627683217e-45
3672.625	3.4061165074591363e-45
3672.75	3.544860131857984e-45
3672.875	3.401121507148225e-45
3673.0	3.2505881000170417e-45
3673.125	3.14510805967517e-45
3673.25	2.845263134456063e-45
3673.375	3.3815185644822754e-45
3673.5	3.902270389104025e-45
3673.625	3.72998938070232e-45
3673.75	3.82485090365364e-45
3673.875	3.6596447830200046e-45
3674.0	4.352624226285241e-45
3674.125	3.926285374966084e-45
3674.25	3.632886605058623e-45
3674.375	3.3687506000017206e-45
3674.5	3.858909930015625e-45
3674.625	3.6256761798337436e-45
3674.75	3.296653668419049e-45
3674.875	3.796864805877024e-45
3675.0	2.9288038162437757e-45
3675.125	3.6923214220256246e-45
3675.25	4.0395027994688886e-45
3675.375	4.019622512643048e-45
3675.5	4.504013698578601e-45
3675.625	4.0279741551403284e-45
3675.75	4.218021753797401e-45
3675.875	3.613685181184225e-45
3676.0	3.5959272725346005e-45
3676.125	3.43467601211988e-45
3676.25	3.326717654067025e-45
3676.375	3.171834379159681e-45
3676.5	3.333100559126121e-45
3676.625	3.601110445618009e-45
3676.75	3.261237888348001e-45
3676.875	3.546612454047364e-45
3677.0	3.6125592146757615e-45
3677.125	3.989886833133601e-45
3677.25	4.2852217291760243e-45
3677.375	3.659846234135569e-45
3677.5	3.743745686056336e-45
3677.625	3.880500699132225e-45
3677.75	3.7548160701149155e-45
3677.875	3.396402327952921e-45
3678.0	3.323066965310401e-45
3678.125	3.4915114573141685e-45
3678.25	3.1786988747624005e-45
3678.375	3.4636625436463206e-45
3678.5	3.031237902509041e-45
3678.625	3.069367864319377e-45
3678.75	3.3625014469264e-45
3678.875	3.3388474687831207e-45
3679.0	3.488958097164409e-45
3679.125	3.2357039030295036e-45
3679.25	3.7735779415970234e-45
3679.375	3.9011404219921e-45
3679.5	3.7234914128947226e-45
3679.625	3.742021658708355e-45
3679.75	3.560844372641721e-45
3679.875	2.8898697738850807e-45
3680.0	3.2910324656854416e-45
3680.125	3.8183801631998493e-45
3680.25	3.8862030365787234e-45
3680.375	3.4708233407256357e-45
3680.5	2.8524598609806245e-45
3680.625	3.119896310785023e-45
3680.75	3.978053847394226e-45
3680.875	3.6107700030404904e-45
3681.0	3.726770273303839e-45
3681.125	3.361804246420623e-45
3681.25	2.7660108163228838e-45
3681.375	3.329588315682224e-45
3681.5	3.551257236565476e-45
3681.625	3.5158714096066566e-45
3681.75	3.7355943804010806e-45
3681.875	3.767895155211489e-45
3682.0	3.114844950153615e-45
3682.125	3.435320709568881e-45
3682.25	3.578987670778881e-45
3682.375	3.7354124909564407e-45
3682.5	3.4204831771006083e-45
3682.625	3.464921639052224e-45
3682.75	3.5070877552488995e-45
3682.875	3.4073793435086436e-45
3683.0	3.4746529618389685e-45
3683.125	3.242011116472921e-45
3683.25	3.6078021827902895e-45
3683.375	3.7843185277442254e-45
3683.5	3.7684747575132154e-45
3683.625	3.7826192550120037e-45
3683.75	3.5579624012009634e-45
3683.875	3.8813398401600004e-45
3684.0	4.1888738566801e-45
3684.125	3.6521130422712235e-45
3684.25	3.709521833352337e-45
3684.375	3.577299618501961e-45
3684.5	3.6619507315149154e-45
3684.625	3.5959588147465956e-45
3684.75	3.554947681117923e-45
3684.875	3.699152804476921e-45
3685.0	3.882808399474224e-45
3685.125	3.5396478856036005e-45
3685.25	3.26608009483764e-45
3685.375	3.674089848861441e-45
3685.5	3.398562711679249e-45
3685.625	2.7237383781658086e-45
3685.75	3.44171128921e-45
3685.875	3.5870731053680405e-45
3686.0	3.552617027499556e-45
3686.125	3.5461188922928043e-45
3686.25	3.347053843497984e-45
3686.375	3.5140291248870094e-45
3686.5	3.088072023539776e-45
3686.625	3.403981845384409e-45
3686.75	3.9585734266680247e-45
3686.875	3.2217334724198566e-45
3687.0	3.326034785086225e-45
3687.125	4.1115120026713285e-45
3687.25	3.407224774187845e-45
3687.375	2.8280056155680157e-45
3687.5	3.4710650089050247e-45
3687.625	3.490098545627136e-45
3687.75	3.5537593671890557e-45
3687.875	4.2483814293928805e-45
3688.0	4.3373159423232034e-45
3688.125	3.8319789328803997e-45
3688.25	3.603821093403556e-45
3688.375	3.410366348348964e-45
3688.5	3.573929012828409e-45
3688.625	3.191840388140625e-45
3688.75	3.1002363418147563e-45
3688.875	3.3945099338309287e-45
3689.0	2.878496543230885e-45
3689.125	2.956486093269242e-45
3689.25	3.649557548218624e-45
3689.375	3.944899130298624e-45
3689.5	3.5526951089511205e-45
3689.625	3.3855676548681605e-45
3689.75	3.5362383381058397e-45
3689.875	3.060908183975625e-45
3690.0	2.827784288917225e-45
3690.125	3.306377306225449e-45
3690.25	3.8205040381710756e-45
3690.375	3.6445393148003986e-45
3690.5	3.5191637520516e-45
3690.625	2.9923937021061766e-45
3690.75	3.0310314434784166e-45
3690.875	3.765949682267557e-45
3691.0	4.234656451280643e-45
3691.125	3.936286393908561e-45
3691.25	3.4729405503556e-45
3691.375	3.4466716513063204e-45
3691.5	3.655043166044209e-45
3691.625	3.7133013941544955e-45
3691.75	3.3967318434941444e-45
3691.875	3.6722535871708854e-45
3692.0	3.5415012765441955e-45
3692.125	3.1424646081360995e-45
3692.25	3.743228436161041e-45
3692.375	3.415830064680608e-45
3692.5	3.1736713216104086e-45
3692.625	3.828203038880676e-45
3692.75	4.2550323505108807e-45
3692.875	4.2340752281319843e-45
3693.0	4.323283159815683e-45
3693.125	3.379517890571641e-45
3693.25	3.367187390655841e-45
3693.375	2.892580540336656e-45
3693.5	2.9463384836342247e-45
3693.625	3.434838939035001e-45
3693.75	3.3821121941648995e-45
3693.875	3.9121798737512406e-45
3694.0	4.021721723366116e-45
3694.125	3.8214300114566556e-45
3694.25	3.4956337774932235e-45
3694.375	3.0883885607859835e-45
3694.5	2.9682470267876407e-45
3694.625	3.911634979594224e-45
3694.75	3.763242396753984e-45
3694.875	2.88572440728572e-45
3695.0	2.871492726588721e-45
3695.125	2.7244440251868488e-45
3695.25	3.795777190394641e-45
3695.375	3.839626524678401e-45
3695.5	4.1653691327882414e-45
3695.625	4.0479040707058804e-45
3695.75	3.8942922901902235e-45
3695.875	4.336962290450688e-45
3696.0	3.703682166673225e-45
3696.125	3.120326975652769e-45
3696.25	3.591621560559321e-45
3696.375	3.871938553359409e-45
3696.5	4.279335480556901e-45
3696.625	3.9547820638953644e-45
3696.75	3.4931555071439286e-45
3696.875	3.34913493406752e-45
3697.0	3.067828882360225e-45
3697.125	3.8288438170331025e-45
3697.25	4.0105224704865956e-45
3697.375	3.341791686965824e-45
3697.5	3.1228918064656e-45
3697.625	3.737926208970724e-45
3697.75	4.2495546129776635e-45
3697.875	3.8449022769401754e-45
3698.0	3.6933854846329e-45
3698.125	4.190546168487183e-45
3698.25	4.0317942098809197e-45
3698.375	3.440957001828241e-45
3698.5	3.5018676204963994e-45
3698.625	3.249077406461041e-45
3698.75	3.478167986240025e-45
3698.875	3.581169807951377e-45
3699.0	3.0295317159571236e-45
3699.125	3.480361413289744e-45
3699.25	3.943490462945089e-45
3699.375	3.916485446148901e-45
3699.5	3.343613472576169e-45
3699.625	3.290419694352399e-45
3699.75	3.641966315874436e-45
3699.875	3.441179677541761e-45
3700.0	3.877963021063849e-45
3700.125	3.5969374116277287e-45
3700.25	3.401079634138176e-45
3700.375	3.287982597310489e-45
3700.5	3.581264120944896e-45
3700.625	3.3360183309756245e-45
3700.75	2.737415780261761e-45
3700.875	2.8064877259744365e-45
3701.0	4.017756472350624e-45
3701.125	4.028034448372805e-45
3701.25	3.5114240478529005e-45
3701.375	3.4791641621135994e-45
3701.5	3.500243885053881e-45
3701.625	3.395947419958565e-45
3701.75	3.420249358478405e-45
3701.875	3.339405326857744e-45
3702.0	3.555752165296384e-45
3702.125	3.6526511549858875e-45
3702.25	3.6968472093036155e-45
3702.375	3.34107455651684e-45
3702.5	3.0468789285286813e-45
3702.625	3.1762027479961e-45
3702.75	3.658619827548676e-45
3702.875	3.712385203987717e-45
3703.0	4.162914792587716e-45
3703.125	3.9374272121620836e-45
3703.25	3.856535939828195e-45
3703.375	3.773197457144164e-45
3703.5	4.0066968107286764e-45
3703.625	3.696808782726544e-45
3703.75	3.065023347198409e-45
3703.875	2.8943624209198406e-45
3704.0	3.27310275461537e-45
3704.125	3.9721474737506236e-45
3704.25	3.473845563878244e-45
3704.375	3.043261407372169e-45
3704.5	3.1128427806367356e-45
3704.625	3.5600280953728396e-45
3704.75	3.805318539805697e-45
3704.875	3.8632356962344894e-45
3705.0	3.2167198559059554e-45
3705.125	2.7969000145470755e-45
3705.25	3.613145498426916e-45
3705.375	4.138728198370704e-45
3705.5	3.6699559067859216e-45
3705.625	3.34130368768812e-45
3705.75	3.272779863486225e-45
3705.875	3.5602459988332095e-45
3706.0	3.9676061843899687e-45
3706.125	3.8253773496332236e-45
3706.25	3.2447982933231605e-45
3706.375	3.367096636302721e-45
3706.5	3.9042118909182494e-45
3706.625	3.393843677457025e-45
3706.75	3.3841584291903994e-45
3706.875	3.8731596266617945e-45
3707.0	4.3223897721734554e-45
3707.125	3.966441604414863e-45
3707.25	3.5697069963506245e-45
3707.375	3.7377232316340835e-45
3707.5	3.6107349107508807e-45
3707.625	3.0007052067882485e-45
3707.75	3.334561710800896e-45
3707.875	3.5199371231673643e-45
3708.0	4.045553282552896e-45
3708.125	4.0552118114970253e-45
3708.25	3.1343963650624005e-45
3708.375	3.132279791967077e-45
3708.5	3.706400578446224e-45
3708.625	3.7964164814144895e-45
3708.75	3.9151485620379037e-45
3708.875	3.531182182910001e-45
3709.0	3.773576221572481e-45
3709.125	3.643869962754576e-45
3709.25	4.02977806996409e-45
3709.375	4.0882033936835993e-45
3709.5	3.8195702663395836e-45
3709.625	3.435008668448809e-45
3709.75	3.702347065017225e-45
3709.875	3.75307319955356e-45
3710.0	3.377603821528336e-45
3710.125	3.426312040645264e-45
3710.25	3.432917936667664e-45
3710.375	3.410266137530256e-45
3710.5	2.7838667382943213e-45
3710.625	3.5185152679214755e-45
3710.75	4.1477934233232254e-45
3710.875	4.131805139416161e-45
3711.0	4.3028070097662246e-45
3711.125	3.326662399055076e-45
3711.25	3.081390852616729e-45
3711.375	3.456526425957361e-45
3711.5	3.4421788739072246e-45
3711.625	3.0600894217056246e-45
3711.75	3.637747956552516e-45
3711.875	3.552720381299401e-45
3712.0	3.254723722634597e-45
3712.125	3.2139352428964e-45
3712.25	3.918236681472401e-45
3712.375	3.833601581727226e-45
3712.5	3.722916378678437e-45
3712.625	3.045629582451729e-45
3712.75	2.7908276960412248e-45
3712.875	3.6127275094289613e-45
3713.0	3.536448732930304e-45
3713.125	3.0945830820665287e-45
3713.25	3.6761498104501215e-45
3713.375	3.739018957560324e-45
3713.5	3.1496849451789164e-45
3713.625	3.276738380811205e-45
3713.75	3.3625176833283994e-45
3713.875	3.6061816914260635e-45
3714.0	3.8783910994928996e-45
3714.125	3.7850002877907356e-45
3714.25	3.4185023465616e-45
3714.375	3.584190834444544e-45
3714.5	3.5733776017302245e-45
3714.625	3.718518811756281e-45
3714.75	3.7955228690742245e-45
3714.875	3.731463966204099e-45
3715.0	3.9555299521440163e-45
3715.125	4.0630340225764894e-45
3715.25	3.6910333275156265e-45
3715.375	3.254319249382881e-45
3715.5	3.325102874327025e-45
3715.625	3.305144367448225e-45
3715.75	3.6167839972076174e-45
3715.875	3.5914489638326004e-45
3716.0	3.485162867831824e-45
3716.125	3.360668609183076e-45
3716.25	3.480632557696995e-45
3716.375	3.731464332718369e-45
3716.5	3.8119037875406894e-45
3716.625	4.0510724866572956e-45
3716.75	4.2142670050729945e-45
3716.875	4.026106557785664e-45
3717.0	3.5651243178302445e-45
3717.125	3.157980525511744e-45
3717.25	3.3601024855648804e-45
3717.375	3.760339117132816e-45
3717.5	3.911094250942564e-45
3717.625	4.2059039563494794e-45
3717.75	4.3989194029225e-45
3717.875	3.955292597507689e-45
3718.0	3.464631094487689e-45
3718.125	3.65852728374912e-45
3718.25	3.8157809723520646e-45
3718.375	4.2613663802561635e-45
3718.5	3.325010728364836e-45
3718.625	3.2717777666959364e-45
3718.75	3.4839140295960994e-45
3718.875	3.527424749584129e-45
3719.0	3.3712954791281644e-45
3719.125	3.471284061100816e-45
3719.25	3.2517276802620837e-45
3719.375	3.053311293914177e-45
3719.5	3.7336432115670246e-45
3719.625	3.8208446201063595e-45
3719.75	3.432940318507401e-45
3719.875	3.604886016734209e-45
3720.0	3.300105877116303e-45
3720.125	3.806551397929536e-45
3720.25	4.242875798044322e-45
3720.375	3.567765601562175e-45
3720.5	3.5930561915994475e-45
3720.625	3.694972200956089e-45
3720.75	3.432108606808402e-45
3720.875	3.2616313691616366e-45
3721.0	3.113829388079809e-45
3721.125	2.7506423900854888e-45
3721.25	3.3830568287306005e-45
3721.375	5.713881662009283e-45
3721.5	4.760633617049025e-45
3721.625	3.140477789281156e-45
3721.75	2.9009904086706486e-45
3721.875	3.286896076405764e-45
3722.0	3.491380399113216e-45
3722.125	3.590297825780836e-45
3722.25	3.612550800041001e-45
3722.375	3.445004770270569e-45
3722.5	3.746190716813689e-45
3722.625	3.800150039657449e-45
3722.75	4.655496926364805e-45
3722.875	4.800388638116567e-45
3723.0	3.8487885103460244e-45
3723.125	3.8216723407449746e-45
3723.25	3.9917386829232637e-45
3723.375	3.636024393895936e-45
3723.5	3.311752507517584e-45
3723.625	3.480412148820324e-45
3723.75	3.6850351061600996e-45
3723.875	5.877434827224899e-45
3724.0	5.134325380798848e-45
3724.125	4.0217408753368075e-45
3724.25	4.273245790324623e-45
3724.375	3.962704388500225e-45
3724.5	3.7146747942894246e-45
3724.625	3.054177560568995e-45
3724.75	3.1100372555732644e-45
3724.875	3.52632038004324e-45
3725.0	3.8421694819756956e-45
3725.125	3.6455830664248966e-45
3725.25	3.076211479596024e-45
3725.375	3.0097711252271606e-45
3725.5	3.496867920131041e-45
3725.625	4.015136531661025e-45
3725.75	4.069947351307321e-45
3725.875	3.344168143261089e-45
3726.0	3.6209025737320956e-45
3726.125	3.562830799439209e-45
3726.25	3.5707971042856095e-45
3726.375	3.486905570600676e-45
3726.5	3.254833374015608e-45
3726.625	3.6860386196900245e-45
3726.75	3.7008348085531683e-45
3726.875	3.2895528941813757e-45
3727.0	3.5826088145904026e-45
3727.125	3.9007590559872496e-45
3727.25	4.061946785427216e-45
3727.375	3.614044551221776e-45
3727.5	3.140040244467844e-45
3727.625	3.249461944418704e-45
3727.75	3.048564814716099e-45
3727.875	2.869686723274849e-45
3728.0	3.236205063848408e-45
3728.125	3.019632403197124e-45
3728.25	3.1518069405939353e-45
3728.375	3.417061497075769e-45
3728.5	3.600605905492401e-45
3728.625	3.252742785283684e-45
3728.75	3.723649335410943e-45
3728.875	4.185312859672037e-45
3729.0	3.811864767570601e-45
3729.125	3.4789517034043214e-45
3729.25	3.435268897101889e-45
3729.375	3.6142613361005295e-45
3729.5	4.165746052993281e-45
3729.625	4.8236250311916855e-45
3729.75	4.0421720021740837e-45
3729.875	3.453068309198596e-45
3730.0	3.242275545006289e-45
3730.125	3.130490565919369e-45
3730.25	3.4706746441546237e-45
3730.375	4.260439466849765e-45
3730.5	4.1984692609952156e-45
3730.625	3.5975110303550245e-45
3730.75	3.4664670981775205e-45
3730.875	3.1660405590564e-45
3731.0	3.2790097107190434e-45
3731.125	3.2525039362099844e-45
3731.25	3.264085763023684e-45
3731.375	4.1643503718412835e-45
3731.5	3.9387410331721006e-45
3731.625	3.6064972088661617e-45
3731.75	3.9027976381406254e-45
3731.875	3.1266431179632354e-45
3732.0	2.7558568940175355e-45
3732.125	3.8661123889248996e-45
3732.25	4.5795072986112495e-45
3732.375	4.0249558816515994e-45
3732.5	3.5092281983101204e-45
3732.625	3.155208989535009e-45
3732.75	3.796584199479185e-45
3732.875	3.9047787635564407e-45
3733.0	3.7033365019520235e-45
3733.125	3.2716403750450244e-45
3733.25	3.6624347389108083e-45
3733.375	3.7607318309376363e-45
3733.5	3.2624883142944155e-45
3733.625	3.0721597562224885e-45
3733.75	3.878850964498084e-45
3733.875	4.1334387618306245e-45
3734.0	3.1839341028495994e-45
3734.125	3.7828418991553446e-45
3734.25	4.5340870674968994e-45
3734.375	4.5186789740544005e-45
3734.5	3.868443920537856e-45
3734.625	3.200536915130944e-45
3734.75	2.8693195699609e-45
3734.875	3.5239803723131284e-45
3735.0	3.895630602210169e-45
3735.125	3.869784751268837e-45
3735.25	3.820616533610496e-45
3735.375	3.517870046373225e-45
3735.5	3.391383709705744e-45
3735.625	4.0477126945597703e-45
3735.75	3.9557245454916007e-45
3735.875	4.1087694888998556e-45
3736.0	4.4619038687302553e-45
3736.125	3.7026132142064054e-45
3736.25	3.522523633125904e-45
3736.375	3.5901548602458004e-45
3736.5	4.167167014745604e-45
3736.625	4.060502332529041e-45
3736.75	3.307655794401729e-45
3736.875	3.37499079859824e-45
3737.0	3.8575240302429605e-45
3737.125	3.3243839621158405e-45
3737.25	3.817400682703688e-45
3737.375	3.937894328990736e-45
3737.5	3.4937043584443555e-45
3737.625	3.970595698351569e-45
3737.75	3.8417311348899995e-45
3737.875	3.2694849279480984e-45
3738.0	4.0185343802319205e-45
3738.125	4.394156879902969e-45
3738.25	4.542943060244165e-45
3738.375	4.346638315321599e-45
3738.5	3.5846666819913955e-45
3738.625	2.93154642207505e-45
3738.75	3.1271877673576964e-45
3738.875	3.5626525689616006e-45
3739.0	3.048685071580201e-45
3739.125	3.1161225902620814e-45
3739.25	3.146522700327877e-45
3739.375	3.5410791215390884e-45
3739.5	3.3216033780226085e-45
3739.625	3.4492253507712356e-45
3739.75	3.560318913254464e-45
3739.875	3.8817774505037435e-45
3740.0	3.8119956581323214e-45
3740.125	4.1723719172100006e-45
3740.25	3.565800490776975e-45
3740.375	4.1020106514574797e-45
3740.5	4.014995608904049e-45
3740.625	4.388307150001401e-45
3740.75	4.381503320055625e-45
3740.875	3.9236889200947356e-45
3741.0	3.523134736e-45
3741.125	3.661673945462289e-45
3741.25	3.647700249685637e-45
3741.375	3.4995771513861766e-45
3741.5	4.160201625140625e-45
3741.625	4.498661098499481e-45
3741.75	4.2793807489845757e-45
3741.875	3.7175718579472365e-45
3742.0	3.5862422093985636e-45
3742.125	4.1849586028575346e-45
3742.25	4.14334241344e-45
3742.375	4.208839582824899e-45
3742.5	4.103843623440001e-45
3742.625	4.359835179786305e-45
3742.75	3.877675448328256e-45
3742.875	3.936577261138201e-45
3743.0	3.7243223132550764e-45
3743.125	3.522107714633104e-45
3743.25	3.093692192498961e-45
3743.375	3.1777701392977964e-45
3743.5	3.82663596951648e-45
3743.625	3.770534480283683e-45
3743.75	4.025209909589765e-45
3743.875	3.836086800694801e-45
3744.0	3.777193193347875e-45
3744.125	3.852221126917696e-45
3744.25	3.869583201288676e-45
3744.375	3.818673438613056e-45
3744.5	3.466827786291076e-45
3744.625	3.629481351761329e-45
3744.75	4.027604281901281e-45
3744.875	3.746182025547844e-45
3745.0	4.8151483522128986e-45
3745.125	7.092230060113641e-45
3745.25	4.0963842650120046e-45
3745.375	3.175723161138025e-45
3745.5	3.2864229942382237e-45
3745.625	3.767962063177984e-45
3745.75	3.3534881846761e-45
3745.875	3.325649664054917e-45
3746.0	4.1054764508160636e-45
3746.125	4.4860590478464006e-45
3746.25	4.204154146623601e-45
3746.375	3.8618703973146006e-45
3746.5	3.6948980420629287e-45
3746.625	3.1598176121850246e-45
3746.75	3.2945821771994006e-45
3746.875	3.592781422234225e-45
3747.0	3.334367572704288e-45
3747.125	3.625349949952641e-45
3747.25	3.745063751849476e-45
3747.375	3.4907513776215615e-45
3747.5	3.9865367305067293e-45
3747.625	3.2623372955318764e-45
3747.75	3.271209457582144e-45
3747.875	4.0381385983224985e-45
3748.0	3.691926098933285e-45
3748.125	3.6379820982819696e-45
3748.25	4.667288457813136e-45
3748.375	4.2208745475545637e-45
3748.5	3.749254097709408e-45
3748.625	4.7669572523540257e-45
3748.75	4.228905712221369e-45
3748.875	3.915704839301649e-45
3749.0	3.815599858973764e-45
3749.125	4.1004422918124175e-45
3749.25	3.886908252065476e-45
3749.375	5.035096091644921e-45
3749.5	5.371231495606595e-45
3749.625	4.2185053578004835e-45
3749.75	4.0258976778014446e-45
3749.875	3.4626210435215994e-45
3750.0	3.193303020825124e-45
3750.125	3.880781524054561e-45
3750.25	4.107336088604005e-45
3750.375	3.5429719339911606e-45
3750.5	3.2461307977302756e-45
3750.625	3.90765012544e-45
3750.75	4.001005135743001e-45
3750.875	3.7927510236492244e-45
3751.0	4.1862388113224985e-45
3751.125	4.8740434659225e-45
3751.25	4.75150219956188e-45
3751.375	3.9089843533406395e-45
3751.5	3.183796198319044e-45
3751.625	3.575987017396248e-45
3751.75	3.432531363420481e-45
3751.875	3.1211249292868406e-45
3752.0	3.103322993705529e-45
3752.125	3.793710460354817e-45
3752.25	4.5247567300813453e-45
3752.375	3.9873712195532254e-45
3752.5	3.6753593425665636e-45
3752.625	3.8028725394792246e-45
3752.75	4.045703772587409e-45
3752.875	3.186177332782756e-45
3753.0	3.5060308643685164e-45
3753.125	3.5594995938177634e-45
3753.25	2.8040097243158005e-45
3753.375	3.2957582616030246e-45
3753.5	3.753631320136995e-45
3753.625	3.698283241774144e-45
3753.75	4.179347095536901e-45
3753.875	4.23976045931425e-45
3754.0	3.9381890209200625e-45
3754.125	3.784205337651025e-45
3754.25	3.220825711877761e-45
3754.375	3.406870585507216e-45
3754.5	3.988037054922648e-45
3754.625	4.5023712162835207e-45
3754.75	4.6817545515291043e-45
3754.875	3.6752448839448034e-45
3755.0	3.255471351200644e-45
3755.125	3.4477829727306237e-45
3755.25	3.1022524997454244e-45
3755.375	3.6714519045450483e-45
3755.5	4.168572206799361e-45
3755.625	4.7216950162972804e-45
3755.75	4.559322037653504e-45
3755.875	3.905753140800625e-45
3756.0	4.0736880677025e-45
3756.125	4.65910391670164e-45
3756.25	4.199621146506255e-45
3756.375	3.789101124705625e-45
3756.5	4.1541119946648014e-45
3756.625	4.4614708979430475e-45
3756.75	3.8625651979125215e-45
3756.875	3.154760758904049e-45
3757.0	3.6154387971333614e-45
3757.125	3.270091515261796e-45
3757.25	3.8526255613084847e-45
3757.375	4.1676812645715606e-45
3757.5	4.1292472264899605e-45
3757.625	4.0797077533081e-45
3757.75	3.8377377005735296e-45
3757.875	4.040804426251684e-45
3758.0	3.7216042905322084e-45
3758.125	4.0606295227787615e-45
3758.25	4.0931434102270415e-45
3758.375	3.4005189805329605e-45
3758.5	3.498316033006095e-45
3758.625	3.8326125979776036e-45
3758.75	3.4890908819497284e-45
3758.875	3.6611764346143353e-45
3759.0	3.610429062227716e-45
3759.125	3.74890337386752e-45
3759.25	3.5532631624365167e-45
3759.375	3.7871026755135995e-45
3759.5	4.011321971660004e-45
3759.625	3.7441943163916835e-45
3759.75	3.664668437615025e-45
3759.875	3.7620507978424814e-45
3760.0	3.7302936557768995e-45
3760.125	3.437077875800409e-45
3760.25	3.9574750944731566e-45
3760.375	4.222338149389442e-45
3760.5	3.809829091258969e-45
3760.625	3.192330343505521e-45
3760.75	2.828420426946817e-45
3760.875	3.734769801494169e-45
3761.0	4.282611910622224e-45
3761.125	3.770391899969289e-45
3761.25	4.2420190244546555e-45
3761.375	3.6212378706652835e-45
3761.5	2.959919584850449e-45
3761.625	3.320026255669561e-45
3761.75	3.6727714855260244e-45
3761.875	3.879492603938328e-45
3762.0	3.9587260652544626e-45
3762.125	3.375484388968561e-45
3762.25	3.6532097366369435e-45
3762.375	3.8264475468577955e-45
3762.5	4.097236573315598e-45
3762.625	4.89291478309313e-45
3762.75	5.694591471975289e-45
3762.875	3.126952007752335e-45
3763.0	3.2169444557169957e-45
3763.125	3.2597882106480246e-45
3763.25	3.3540390406523567e-45
3763.375	4.1089246115992357e-45
3763.5	4.27773828634524e-45
3763.625	3.7536906267169e-45
3763.75	3.540347342669124e-45
3763.875	3.8801475020889e-45
3764.0	4.0193457108561004e-45
3764.125	3.844186250256004e-45
3764.25	3.5600570930937956e-45
3764.375	3.8965819895216633e-45
3764.5	4.1205993836910254e-45
3764.625	3.8486646822864487e-45
3764.75	4.959678793950168e-45
3764.875	4.47781516175744e-45
3765.0	4.081919577569603e-45
3765.125	4.041491745361985e-45
3765.25	3.8588787457758757e-45
3765.375	3.7075226857249013e-45
3765.5	3.965775559155216e-45
3765.625	4.4339770592532254e-45
3765.75	4.157449494454368e-45
3765.875	3.7432296597997215e-45
3766.0	3.6708071073985947e-45
3766.125	3.497738668072489e-45
3766.25	4.241011771548601e-45
3766.375	3.9125681777756255e-45
3766.5	3.238509196225801e-45
3766.625	3.1716417709635616e-45
3766.75	3.949430677494016e-45
3766.875	4.2307270094335204e-45
3767.0	4.285665046630081e-45
3767.125	3.3861608251699835e-45
3767.25	4.0613316539020845e-45
3767.375	3.662880165323288e-45
3767.5	3.813227744790245e-45
3767.625	4.059286606425961e-45
3767.75	4.2594009214153956e-45
3767.875	3.9807600883602254e-45
3768.0	4.1976165942482566e-45
3768.125	3.2598745381867194e-45
3768.25	3.1134054212184047e-45
3768.375	3.558817814365585e-45
3768.5	3.255336698691363e-45
3768.625	3.712458075843136e-45
3768.75	3.951864516916448e-45
3768.875	3.3985840484853763e-45
3769.0	4.2924639235424036e-45
3769.125	5.937171897878115e-45
3769.25	1.8090922506250001e-44
3769.375	9.754489274573122e-45
3769.5	3.103832626626601e-45
3769.625	3.642431257143364e-45
3769.75	3.916021978828129e-45
3769.875	4.043965611521125e-45
3770.0	3.901302192764025e-45
3770.125	3.826422556151056e-45
3770.25	4.2393407484484e-45
3770.375	4.4397310725282485e-45
3770.5	4.6235739218156884e-45
3770.625	3.9251177285776e-45
3770.75	3.565559129563809e-45
3770.875	3.497675978169409e-45
3771.0	3.7569224406001204e-45
3771.125	3.6377531435365216e-45
3771.25	3.689886869424721e-45
3771.375	3.8357587938510085e-45
3771.5	4.040880453126401e-45
3771.625	4.0255778963433636e-45
3771.75	4.0746407820655696e-45
3771.875	3.8243854694914556e-45
3772.0	4.043278972289089e-45
3772.125	4.219024714160399e-45
3772.25	3.6537007822225e-45
3772.375	4.0095451150989595e-45
3772.5	3.923433105134596e-45
3772.625	3.8489973351229434e-45
3772.75	3.766745658644761e-45
3772.875	4.280161209089481e-45
3773.0	4.2418862889552254e-45
3773.125	4.1574267981283215e-45
3773.25	3.734407044942025e-45
3773.375	3.3490995166740254e-45
3773.5	3.3268287422542245e-45
3773.625	3.7310456629857974e-45
3773.75	3.8385744358129e-45
3773.875	4.3247075899750805e-45
3774.0	4.675322367516241e-45
3774.125	4.1814120742179223e-45
3774.25	3.755693111364099e-45
3774.375	2.815381109827225e-45
3774.5	3.3622488599496044e-45
3774.625	3.4325146073275555e-45
3774.75	3.3157440759200045e-45
3774.875	3.7941217902522484e-45
3775.0	4.5644325104210554e-45
3775.125	5.0204758054598554e-45
3775.25	5.297556510019225e-45
3775.375	3.7295540605056244e-45
3775.5	3.262131221104899e-45
3775.625	3.312668502077796e-45
3775.75	3.6616948825636e-45
3775.875	3.793824654828962e-45
3776.0	4.134520092454757e-45
3776.125	3.859558367118337e-45
3776.25	3.696079810024448e-45
3776.375	3.73634961122197e-45
3776.5	3.3072261920461444e-45
3776.625	3.639501247101841e-45
3776.75	3.348823360022361e-45
3776.875	3.215112267841599e-45
3777.0	3.626025427054144e-45
3777.125	4.0838843006361767e-45
3777.25	3.3825743169694084e-45
3777.375	3.054802745872899e-45
3777.5	3.3701280522624154e-45
3777.625	3.4521429744035997e-45
3777.75	3.382143133190415e-45
3777.875	4.0256989549728154e-45
3778.0	4.166663899189401e-45
3778.125	3.744543840811685e-45
3778.25	3.6806239390773147e-45
3778.375	4.846251844980676e-45
3778.5	4.452137281538243e-45
3778.625	3.8644138706481e-45
3778.75	4.0002399315024996e-45
3778.875	3.7939846778089e-45
3779.0	3.640302450736561e-45
3779.125	3.6958304315289643e-45
3779.25	3.7930275467536e-45
3779.375	3.782555784180196e-45
3779.5	4.311681968233202e-45
3779.625	3.922492474338025e-45
3779.75	3.669178704472516e-45
3779.875	3.9760598926720364e-45
3780.0	3.743996920627681e-45
3780.125	3.521167834046041e-45
3780.25	3.864148433175625e-45
3780.375	3.482363269448704e-45
3780.5	3.797293684174225e-45
3780.625	3.383588003692689e-45
3780.75	3.720989508007397e-45
3780.875	4.1524468404283243e-45
3781.0	3.675482048068516e-45
3781.125	3.113454858352281e-45
3781.25	2.9352090911049e-45
3781.375	3.1170502016414e-45
3781.5	3.665229027088224e-45
3781.625	4.2228331778889e-45
3781.75	4.595089841816465e-45
3781.875	3.999251308453956e-45
3782.0	3.6202776342000484e-45
3782.125	3.912370145319365e-45
3782.25	3.2259673657600005e-45
3782.375	3.382921191523225e-45
3782.5	4.1001707891957766e-45
3782.625	4.3992757045452963e-45
3782.75	6.295782003089295e-45
3782.875	5.1709862575848997e-45
3783.0	4.281791180547609e-45
3783.125	3.4821773855405286e-45
3783.25	3.0949161973448404e-45
3783.375	3.642164745122501e-45
3783.5	4.152600207811583e-45
3783.625	4.033377711836641e-45
3783.75	3.7988252731213197e-45
3783.875	3.1522168951844496e-45
3784.0	3.260032694116416e-45
3784.125	4.254980557564945e-45
3784.25	3.9749428709339036e-45
3784.375	3.287662069307044e-45
3784.5	2.9422901391801596e-45
3784.625	3.781438735507216e-45
3784.75	4.3976902332968893e-45
3784.875	3.3669016694500807e-45
3785.0	3.2083747320952886e-45
3785.125	3.257505170895364e-45
3785.25	4.0712898603556e-45
3785.375	3.5395093827381764e-45
3785.5	3.881040430212009e-45
3785.625	3.8910241159494756e-45
3785.75	3.6099128145025e-45
3785.875	4.248913702750863e-45
3786.0	4.092816490815376e-45
3786.125	3.5522663271956635e-45
3786.25	3.6753526738479685e-45
3786.375	3.661596248765625e-45
3786.5	3.8620830568356e-45
3786.625	4.2908934961277445e-45
3786.75	3.875563255176485e-45
3786.875	3.311504711205625e-45
3787.0	3.8257724553032414e-45
3787.125	3.9649496298797165e-45
3787.25	3.650376291702336e-45
3787.375	3.5793198248918886e-45
3787.5	3.980934984811801e-45
3787.625	4.4293467989422436e-45
3787.75	4.7653109914378235e-45
3787.875	5.411861897668163e-45
3788.0	1.1049514311888898e-44
3788.125	6.7629126558249e-45
3788.25	3.5254196000595345e-45
3788.375	3.7601462018409614e-45
3788.5	4.240663370381376e-45
3788.625	4.0625861840964005e-45
3788.75	3.9264256094728086e-45
3788.875	4.135712690583049e-45
3789.0	3.7631000770685436e-45
3789.125	3.643793058817921e-45
3789.25	4.2739095837710243e-45
3789.375	4.195191114387024e-45
3789.5	3.9980846223072804e-45
3789.625	4.045368703923369e-45
3789.75	4.301195341083001e-45
3789.875	3.844531358361225e-45
3790.0	4.031371334872561e-45
3790.125	4.109706679716036e-45
3790.25	3.8362935463523996e-45
3790.375	3.9853415983118434e-45
3790.5	4.1144036018426896e-45
3790.625	3.764230979382241e-45
3790.75	3.7164473773795826e-45
3790.875	3.945009171438864e-45
3791.0	3.8313680986181157e-45
3791.125	3.625426297749168e-45
3791.25	3.689992322524249e-45
3791.375	4.0783669223406485e-45
3791.5	5.828848223447236e-45
3791.625	6.48288310042061e-45
3791.75	3.9444947799753705e-45
3791.875	4.248449607537424e-45
3792.0	3.7534293871966443e-45
3792.125	4.537583942051282e-45
3792.25	3.741313075043076e-45
3792.375	3.298869168823089e-45
3792.5	3.6180320037062405e-45
3792.625	3.437166871550736e-45
3792.75	3.5185756529618886e-45
3792.875	4.251618343669225e-45
3793.0	3.97311004947732e-45
3793.125	3.469553631108889e-45
3793.25	3.768933953022736e-45
3793.375	4.0027923731406254e-45
3793.5	4.635905477450256e-45
3793.625	4.43405217096504e-45
3793.75	3.661974937176516e-45
3793.875	3.794955112684849e-45
3794.0	3.8371881044916804e-45
3794.125	3.418368923978761e-45
3794.25	4.237904668854481e-45
3794.375	3.47998256035613e-45
3794.5	3.228954702027664e-45
3794.625	3.6526654181712255e-45
3794.75	3.341194323394225e-45
3794.875	3.838468119658384e-45
3795.0	3.8270373264808096e-45
3795.125	3.4109568979464035e-45
3795.25	3.565759168584484e-45
3795.375	4.096941366081317e-45
3795.5	4.265515879380889e-45
3795.625	3.940367673433104e-45
3795.75	3.7839389785128994e-45
3795.875	3.943995117525225e-45
3796.0	3.535916751780625e-45
3796.125	3.7455369414272635e-45
3796.25	3.738127479891984e-45
3796.375	3.459174699933001e-45
3796.5	3.507217568158757e-45
3796.625	3.9172939199475204e-45
3796.75	3.958621998891562e-45
3796.875	3.916368544162816e-45
3797.0	3.692100121123716e-45
3797.125	3.5575780356300954e-45
3797.25	4.060283004122499e-45
3797.375	3.6882427006572146e-45
3797.5	3.079958631890625e-45
3797.625	3.356649503686801e-45
3797.75	3.530526175169361e-45
3797.875	3.5815637045918896e-45
3798.0	3.67438031818889e-45
3798.125	3.881109581296704e-45
3798.25	4.3569439831368016e-45
3798.375	3.9053586758511606e-45
3798.5	3.4433179891632637e-45
3798.625	3.2222369560920004e-45
3798.75	3.7942900736004796e-45
3798.875	4.328275941853956e-45
3799.0	4.2892608760175997e-45
3799.125	4.097356528296409e-45
3799.25	4.0020983573796007e-45
3799.375	4.039071258401344e-45
3799.5	3.935472198488964e-45
3799.625	3.971373942870244e-45
3799.75	3.1710634183424164e-45
3799.875	3.57393786062124e-45
3800.0	3.802252683683282e-45
3800.125	3.7149535762755606e-45
3800.25	3.8505384460278495e-45
3800.375	4.216734876104881e-45
3800.5	3.655081979511076e-45
3800.625	3.400349872125361e-45
3800.75	3.141628395153361e-45
3800.875	4.453563161340484e-45
3801.0	1.04011421562801e-44
3801.125	5.806908182237184e-45
3801.25	3.487310075009401e-45
3801.375	3.571241823377424e-45
3801.5	3.595613417072355e-45
3801.625	3.8974840484078884e-45
3801.75	3.4785304621486243e-45
3801.875	3.653256760499329e-45
3802.0	4.2421550186215836e-45
3802.125	3.778890755218489e-45
3802.25	4.2447570432400014e-45
3802.375	4.7655335507283355e-45
3802.5	4.2524364378612635e-45
3802.625	3.863799462043024e-45
3802.75	3.1612792998150235e-45
3802.875	4.011129688910399e-45
3803.0	4.172179558792921e-45
3803.125	4.466829805247716e-45
3803.25	3.887159007997225e-45
3803.375	3.9376232422342575e-45
3803.5	4.210178072233225e-45
3803.625	3.966794172565081e-45
3803.75	4.249523061749956e-45
3803.875	4.061851568279649e-45
3804.0	4.321519353733696e-45
3804.125	3.8754228113752357e-45
3804.25	4.141464602140944e-45
3804.375	4.196157024618001e-45
3804.5	3.8547711067608085e-45
3804.625	3.738236799418884e-45
3804.75	4.163826261232089e-45
3804.875	4.566057892502544e-45
3805.0	4.130968010576449e-45
3805.125	3.738088839367744e-45
3805.25	3.927242127314945e-45
3805.375	4.722303022570225e-45
3805.5	4.194613642310569e-45
3805.625	3.3303540730084e-45
3805.75	3.2085823869225e-45
3805.875	3.770000278507584e-45
3806.0	3.6829487454138077e-45
3806.125	3.3262051497206436e-45
3806.25	3.867578811199321e-45
3806.375	3.611692198190737e-45
3806.5	3.272838216125625e-45
3806.625	3.64877236089476e-45
3806.75	3.632758705961641e-45
3806.875	3.4957068549970094e-45
3807.0	3.611451211813202e-45
3807.125	3.7630458490688996e-45
3807.25	3.5516425716442806e-45
3807.375	3.4065078938982084e-45
3807.5	3.6722543143603835e-45
3807.625	4.3526120870002414e-45
3807.75	4.568035551515536e-45
3807.875	4.2750546407456045e-45
3808.0	3.7353853546044e-45
3808.125	3.6683258756904353e-45
3808.25	3.935360910327025e-45
3808.375	3.2577093868644085e-45
3808.5	3.7415471008669695e-45
3808.625	4.2748163851263995e-45
3808.75	4.89649684635073e-45
3808.875	4.2667613188434005e-45
3809.0	4.129228591337476e-45
3809.125	4.6300605125243026e-45
3809.25	4.679588245290256e-45
3809.375	4.1421632609296e-45
3809.5	3.357284634726401e-45
3809.625	3.485376106481475e-45
3809.75	3.6839428705130486e-45
3809.875	3.530389039223928e-45
3810.0	3.703057425973504e-45
3810.125	3.5519012215132416e-45
3810.25	4.087723992666721e-45
3810.375	4.73805361325744e-45
3810.5	4.9000889004032246e-45
3810.625	4.5018165871540846e-45
3810.75	4.389618090081249e-45
3810.875	3.6451601865262435e-45
3811.0	3.4224428187159035e-45
3811.125	3.1599735469041634e-45
3811.25	3.119193793166049e-45
3811.375	3.9460579053343356e-45
3811.5	4.4324484610764956e-45
3811.625	4.403253837852325e-45
3811.75	4.334666604094224e-45
3811.875	4.1900363356400985e-45
3812.0	3.931652665163664e-45
3812.125	3.938410925697601e-45
3812.25	3.850635745287081e-45
3812.375	3.786414080484025e-45
3812.5	3.8094960368432254e-45
3812.625	3.441169470436324e-45
3812.75	4.052863231058405e-45
3812.875	4.333912262991935e-45
3813.0	3.8490637185173294e-45
3813.125	3.718034892927481e-45
3813.25	3.694219097287744e-45
3813.375	3.9929369222960995e-45
3813.5	4.1910280654224996e-45
3813.625	3.806146921464484e-45
3813.75	2.9765978419384364e-45
3813.875	3.890534213977608e-45
3814.0	4.314551542080515e-45
3814.125	4.0105712337230414e-45
3814.25	3.7356551334400355e-45
3814.375	3.297165613744401e-45
3814.5	3.0863551361406756e-45
3814.625	3.150761233616163e-45
3814.75	3.4086248985648997e-45
3814.875	3.3434861453689963e-45
3815.0	3.508787002050224e-45
3815.125	3.5616500011527204e-45
3815.25	3.612187417378576e-45
3815.375	3.96655988115816e-45
3815.5	3.587063762194199e-45
3815.625	4.0016557876841636e-45
3815.75	3.717090683330703e-45
3815.875	3.640712015685969e-45
3816.0	4.224522393498276e-45
3816.125	3.465009464077561e-45
3816.25	3.632392620803556e-45
3816.375	4.0274889062499995e-45
3816.5	3.558408348540815e-45
3816.625	3.442037597792161e-45
3816.75	3.8621941740749155e-45
3816.875	3.719149856037888e-45
3817.0	3.6702647509441e-45
3817.125	3.3060436932184355e-45
3817.25	3.634427839598656e-45
3817.375	3.764629173017476e-45
3817.5	4.1783354176020235e-45
3817.625	4.4982199093128987e-45
3817.75	4.399386338736901e-45
3817.875	3.6634756023291035e-45
3818.0	3.352229007042968e-45
3818.125	3.7234840904481647e-45
3818.25	3.747449955183561e-45
3818.375	3.981902663177761e-45
3818.5	3.2910478401990255e-45
3818.625	3.6377913825792355e-45
3818.75	3.895184597479396e-45
3818.875	3.898920816112921e-45
3819.0	3.753122577154756e-45
3819.125	4.032925033249224e-45
3819.25	4.080700649251044e-45
3819.375	3.8769383194542245e-45
3819.5	4.141744161555456e-45
3819.625	4.661015599400159e-45
3819.75	4.70499155502948e-45
3819.875	4.183568115138064e-45
3820.0	3.900561572434575e-45
3820.125	3.3777480698496084e-45
3820.25	3.3747382076950084e-45
3820.375	3.727596532970116e-45
3820.5	4.122092622425623e-45
3820.625	4.150086886484224e-45
3820.75	4.378249350692281e-45
3820.875	3.818262880904836e-45
3821.0	3.6091791236851355e-45
3821.125	3.738581154147844e-45
3821.25	4.051314480103968e-45
3821.375	3.8565863660164005e-45
3821.5	3.709381020377344e-45
3821.625	3.9714771683976486e-45
3821.75	3.905612276030404e-45
3821.875	4.0029952117159833e-45
3822.0	4.894242932005958e-45
3822.125	4.295456601711289e-45
3822.25	4.322166768403344e-45
3822.375	3.9963069073225e-45
3822.5	3.764023362579769e-45
3822.625	4.290158562487205e-45
3822.75	4.299416507044096e-45
3822.875	4.066769138000625e-45
3823.0	3.944778664645729e-45
3823.125	4.1746875421596836e-45
3823.25	3.9928343028988843e-45
3823.375	4.191086588914404e-45
3823.5	3.4432873583799613e-45
3823.625	3.6593753432584395e-45
3823.75	4.205183341338225e-45
3823.875	3.5552696546707234e-45
3824.0	3.816417621219921e-45
3824.125	3.6238657832938094e-45
3824.25	3.804096983279044e-45
3824.375	3.5856914060934485e-45
3824.5	3.6428058147469205e-45
3824.625	3.739158008309025e-45
3824.75	4.072695387134929e-45
3824.875	3.754297565816328e-45
3825.0	3.9354257759527846e-45
3825.125	3.512124977817855e-45
3825.25	3.966531036081605e-45
3825.375	4.5200405731750094e-45
3825.5	3.907076543718544e-45
3825.625	3.3002581122241283e-45
3825.75	3.5993510692464644e-45
3825.875	3.2215088190055687e-45
3826.0	3.4109753534451354e-45
3826.125	3.8305711408256654e-45
3826.25	4.0964614529960244e-45
3826.375	3.676856077297224e-45
3826.5	3.6265863051110254e-45
3826.625	3.8052419246094483e-45
3826.75	3.568085168369401e-45
3826.875	3.5439154342704356e-45
3827.0	3.4444390991503365e-45
3827.125	3.6790165300806093e-45
3827.25	3.786465892158756e-45
3827.375	4.121662855231683e-45
3827.5	4.717049266685285e-45
3827.625	4.3136918964048036e-45
3827.75	4.502730072688225e-45
3827.875	4.593886021916945e-45
3828.0	3.724883540766975e-45
3828.125	3.2899375255325284e-45
3828.25	3.666500016760161e-45
3828.375	4.213215019574088e-45
3828.5	4.379403005535365e-45
3828.625	4.040101783622025e-45
3828.75	3.817614091480335e-45
3828.875	3.4517053814786564e-45
3829.0	3.3871559597212825e-45
3829.125	3.7862067142656e-45
3829.25	3.6235699736412156e-45
3829.375	3.628275945869583e-45
3829.5	3.6573115000040997e-45
3829.625	3.212565493532003e-45
3829.75	3.7662085341302497e-45
3829.875	4.187290529862729e-45
3830.0	3.5377966451843996e-45
3830.125	3.963988798766656e-45
3830.25	3.9271725664626486e-45
3830.375	3.6651700602599036e-45
3830.5	3.8093419824976877e-45
3830.625	3.927718541709169e-45
3830.75	4.016047646822437e-45
3830.875	3.574269062906481e-45
3831.0	3.521944986084529e-45
3831.125	3.464533856604681e-45
3831.25	3.4342482008466806e-45
3831.375	3.8891246859454094e-45
3831.5	4.103216743998737e-45
3831.625	3.88412379646212e-45
3831.75	3.6505356770335675e-45
3831.875	3.7478367304980837e-45
3832.0	3.4332812111472635e-45
3832.125	3.5467556219667364e-45
3832.25	4.265584847988025e-45
3832.375	3.961688818034704e-45
3832.5	3.302579874077929e-45
3832.625	2.9436461504336407e-45
3832.75	3.4169247122540885e-45
3832.875	3.5156147864644015e-45
3833.0	2.9148639506704e-45
3833.125	3.3885411277253287e-45
3833.25	3.7896436958467243e-45
3833.375	3.223902194859889e-45
3833.5	3.126084873605604e-45
3833.625	3.2290991499765686e-45
3833.75	2.9569562259216044e-45
3833.875	3.020654251909441e-45
3834.0	3.3048678444803995e-45
3834.125	3.429282266885476e-45
3834.25	3.950608219730496e-45
3834.375	3.7171889643125166e-45
3834.5	3.7975409164044795e-45
3834.625	3.883754480690177e-45
3834.75	3.9269672715393604e-45
3834.875	3.3571955203987205e-45
3835.0	3.6193851460782756e-45
3835.125	3.9049067404980096e-45
3835.25	3.3690510265997297e-45
3835.375	3.478408376549088e-45
3835.5	3.477152493738225e-45
3835.625	3.9109136411408046e-45
3835.75	4.15358066606184e-45
3835.875	4.387452242719716e-45
3836.0	4.11541379752308e-45
3836.125	3.8486153005096804e-45
3836.25	3.9272659410816036e-45
3836.375	3.4568891835398555e-45
3836.5	4.052300350297761e-45
3836.625	4.1442316517498495e-45
3836.75	4.039144091256121e-45
3836.875	4.3295881497552365e-45
3837.0	4.243504396858596e-45
3837.125	4.8477254286208805e-45
3837.25	4.393926199169808e-45
3837.375	4.249283563067841e-45
3837.5	4.1421765190260494e-45
3837.625	3.907956811404409e-45
3837.75	3.9571342637430486e-45
3837.875	3.9454761096506245e-45
3838.0	4.3881607513216347e-45
3838.125	4.416906478155722e-45
3838.25	3.6237664563619845e-45
3838.375	3.8297519873001e-45
3838.5	4.0884540386403996e-45
3838.625	4.2091116753628885e-45
3838.75	4.134273697629124e-45
3838.875	4.117644262090128e-45
3839.0	4.1393975454224994e-45
3839.125	4.075430561131801e-45
3839.25	3.7420371964292494e-45
3839.375	3.8179905062121005e-45
3839.5	4.387809801897025e-45
3839.625	4.1924394759024997e-45
3839.75	4.4464992596697754e-45
3839.875	4.3586011842082075e-45
3840.0	3.756420951963904e-45
3840.125	4.1266353738654485e-45
3840.25	3.9525301474608e-45
3840.375	3.982207579420225e-45
3840.5	4.027407928507044e-45
3840.625	3.756359294831024e-45
3840.75	3.741432350228001e-45
3840.875	3.635931412729225e-45
3841.0	3.2275015376988165e-45
3841.125	2.9666959198034555e-45
3841.25	3.0866636961780003e-45
3841.375	4.055398525004121e-45
3841.5	4.852874076980329e-45
3841.625	4.064503151943935e-45
3841.75	3.429833222189284e-45
3841.875	3.5451734315668803e-45
3842.0	3.770670431466225e-45
3842.125	4.246995172212677e-45
3842.25	3.6065940167556244e-45
3842.375	3.939738594071569e-45
3842.5	4.4270872020495997e-45
3842.625	3.8776210236792084e-45
3842.75	3.6289266353683287e-45
3842.875	3.246097866364369e-45
3843.0	3.0340082164762236e-45
3843.125	3.6527144934114806e-45
3843.25	4.402603164973224e-45
3843.375	3.7389311502399997e-45
3843.5	3.357948336109249e-45
3843.625	3.191315219442529e-45
3843.75	3.63189433104e-45
3843.875	3.599190165549001e-45
3844.0	3.936030795986436e-45
3844.125	3.82453426186676e-45
3844.25	3.611187277854025e-45
3844.375	3.985240970425224e-45
3844.5	3.9340994617599996e-45
3844.625	3.960480424793104e-45
3844.75	3.8684935537562236e-45
3844.875	3.620860692793744e-45
3845.0	3.9148024260979226e-45
3845.125	4.9377183072099997e-45
3845.25	4.1821045232712485e-45
3845.375	3.7079838766090886e-45
3845.5	4.421577577563136e-45
3845.625	3.9879151746033643e-45
3845.75	3.7314626223186004e-45
3845.875	3.7182545306100627e-45
3846.0	3.7343102476540085e-45
3846.125	2.9693612804877164e-45
3846.25	3.309963357062961e-45
3846.375	3.4290039950592036e-45
3846.5	3.893709456164024e-45
3846.625	4.245030163978816e-45
3846.75	3.6406754507601007e-45
3846.875	3.3474326804280044e-45
3847.0	3.7073545110264004e-45
3847.125	3.684292363450383e-45
3847.25	3.269410023350024e-45
3847.375	3.8874166304208004e-45
3847.5	4.025229704311205e-45
3847.625	3.5996791271502756e-45
3847.75	3.2813684392328996e-45
3847.875	3.5072052500422437e-45
3848.0	3.4742712368166016e-45
3848.125	3.4415022064051235e-45
3848.25	4.2577660824335994e-45
3848.375	4.050609778648801e-45
3848.5	4.107502335860401e-45
3848.625	3.7099081082702246e-45
3848.75	3.552163218400729e-45
3848.875	4.160017287254415e-45
3849.0	4.108251964348609e-45
3849.125	4.289128975239364e-45
3849.25	3.3878775527975294e-45
3849.375	3.266671734588024e-45
3849.5	3.774538759425625e-45
3849.625	4.154211896486976e-45
3849.75	3.934142614889536e-45
3849.875	4.0925683990442245e-45
3850.0	3.9878871360784007e-45
3850.125	3.5458928467599994e-45
3850.25	3.077126253366201e-45
3850.375	3.6467589753368014e-45
3850.5	4.392664058534976e-45
3850.625	4.164351146222657e-45
3850.75	3.797658989272201e-45
3850.875	3.8490020501862764e-45
3851.0	3.451817714717584e-45
3851.125	3.813696328337424e-45
3851.25	3.5583014522499995e-45
3851.375	3.678349477762404e-45
3851.5	3.429927980654569e-45
3851.625	3.479534712231561e-45
3851.75	3.613509530400676e-45
3851.875	3.554698102021521e-45
3852.0	3.480668427896099e-45
3852.125	3.590897161569024e-45
3852.25	4.0232272580772245e-45
3852.375	4.001934889679104e-45
3852.5	4.0429882587430094e-45
3852.625	4.0644093073984006e-45
3852.75	3.7467459994275605e-45
3852.875	3.700565681675625e-45
3853.0	4.134982938491889e-45
3853.125	4.672996904299684e-45
3853.25	4.1924507422447695e-45
3853.375	3.8209677525565295e-45
3853.5	4.211987804229241e-45
3853.625	4.455589600541208e-45
3853.75	3.9398230793601e-45
3853.875	3.952500347539396e-45
3854.0	3.869160336630624e-45
3854.125	3.7449990057816085e-45
3854.25	4.042416654320003e-45
3854.375	4.1653016245659035e-45
3854.5	3.8565166885378804e-45
3854.625	3.4909135021062096e-45
3854.75	4.0946952719176345e-45
3854.875	4.1274328740099995e-45
3855.0	4.0038193990990805e-45
3855.125	4.1031145106913644e-45
3855.25	3.628750494070321e-45
3855.375	3.522886394872463e-45
3855.5	3.3822389752804e-45
3855.625	3.2675822740729e-45
3855.75	3.5457306414974436e-45
3855.875	3.801736340201284e-45
3856.0	3.975298969200784e-45
3856.125	3.491208219083809e-45
3856.25	3.311925728744889e-45
3856.375	3.246954592023025e-45
3856.5	3.514716323511849e-45
3856.625	3.9755824469284006e-45
3856.75	3.442838357247025e-45
3856.875	3.396002198451984e-45
3857.0	3.5149956801852e-45
3857.125	3.526971958539224e-45
3857.25	3.6962781272565745e-45
3857.375	3.861090654405624e-45
3857.5	3.8261886124532486e-45
3857.625	3.893641565700601e-45
3857.75	4.035272912344804e-45
3857.875	4.1068164754647034e-45
3858.0	3.753169136976997e-45
3858.125	3.894917855662728e-45
3858.25	3.46551571581416e-45
3858.375	3.6426894499618094e-45
3858.5	3.9175804543740846e-45
3858.625	3.6642066797014796e-45
3858.75	3.531131197515684e-45
3858.875	3.977947130598961e-45
3859.0	4.295428026435226e-45
3859.125	4.3585136425215995e-45
3859.25	3.371351103575568e-45
3859.375	3.9975916932331205e-45
3859.5	4.244052520910449e-45
3859.625	3.562211727327289e-45
3859.75	3.626917408523236e-45
3859.875	3.3802064602488485e-45
3860.0	3.8566625027330885e-45
3860.125	4.204805030203024e-45
3860.25	3.7324253950292405e-45
3860.375	4.1347911866849636e-45
3860.5	3.8229944070154236e-45
3860.625	4.1280057031953627e-45
3860.75	4.360195705841284e-45
3860.875	4.4835639267364e-45
3861.0	3.987663841794303e-45
3861.125	3.6084671327883237e-45
3861.25	3.7024143620110227e-45
3861.375	3.5347709815236e-45
3861.5	4.184973999390625e-45
3861.625	4.670421206630399e-45
3861.75	3.546192019207744e-45
3861.875	3.562463002522384e-45
3862.0	3.662648007634225e-45
3862.125	4.233104312660721e-45
3862.25	4.704367654322448e-45
3862.375	4.580571029767055e-45
3862.5	4.244898684434768e-45
3862.625	3.359495373011716e-45
3862.75	3.1044410320351206e-45
3862.875	3.589063239081681e-45
3863.0	3.3714217089630256e-45
3863.125	3.6653847405412414e-45
3863.25	3.6652952593891244e-45
3863.375	4.1577785981439206e-45
3863.5	3.7405833969754806e-45
3863.625	3.496534410513001e-45
3863.75	3.5281766939808487e-45
3863.875	3.76887219328188e-45
3864.0	4.215317303975625e-45
3864.125	3.9232265299922244e-45
3864.25	3.659542426199104e-45
3864.375	3.749008932180802e-45
3864.5	4.149481993759729e-45
3864.625	3.4257154808705444e-45
3864.75	3.283913109760969e-45
3864.875	4.104757700234689e-45
3865.0	4.20568864734096e-45
3865.125	4.153607734383121e-45
3865.25	3.9197331148039826e-45
3865.375	3.3273716360238747e-45
3865.5	4.362051924572224e-45
3865.625	4.204015002317376e-45
3865.75	4.002427580326563e-45
3865.875	4.174708217968324e-45
3866.0	4.4480106706544633e-45
3866.125	4.447392577623076e-45
3866.25	4.429703132680225e-45
3866.375	4.6405587899926093e-45
3866.5	4.473807494121728e-45
3866.625	4.1912082983697645e-45
3866.75	4.195423772512281e-45
3866.875	3.9483934343550494e-45
3867.0	4.63089491236104e-45
3867.125	3.92542484861052e-45
3867.25	3.7591776530096885e-45
3867.375	3.8082271563972246e-45
3867.5	3.5180158358824954e-45
3867.625	3.264057082733329e-45
3867.75	3.8603097475948795e-45
3867.875	3.668946347261585e-45
3868.0	3.831657291745925e-45
3868.125	4.3349293024324013e-45
3868.25	3.7131191951661605e-45
3868.375	3.585391410347044e-45
3868.5	3.7062380300544e-45
3868.625	3.3506951055657206e-45
3868.75	3.432789037440064e-45
3868.875	4.239498837536356e-45
3869.0	4.559892082542728e-45
3869.125	4.3343453197050245e-45
3869.25	4.2725284493055606e-45
3869.375	3.8743760374041965e-45
3869.5	4.2717648943875993e-45
3869.625	4.005726503874481e-45
3869.75	4.8597964058176e-45
3869.875	5.0402640408634893e-45
3870.0	4.1299395843352364e-45
3870.125	3.8023342018248996e-45
3870.25	4.5696687404556253e-45
3870.375	4.2828107247169684e-45
3870.5	3.9998075836170226e-45
3870.625	3.829167196470225e-45
3870.75	3.1831173272508835e-45
3870.875	4.1266731464209685e-45
3871.0	4.132882141950015e-45
3871.125	3.1178777769615995e-45
3871.25	3.5355001622451835e-45
3871.375	4.334027075555584e-45
3871.5	4.0617145442227226e-45
3871.625	3.6832688172036e-45
3871.75	3.5503414792065637e-45
3871.875	4.5105126121225e-45
3872.0	3.807748295372026e-45
3872.125	3.9165138583512477e-45
3872.25	3.828584430309136e-45
3872.375	3.6267125297292487e-45
3872.5	4.4353053252557434e-45
3872.625	4.4524805181480985e-45
3872.75	4.248503185774849e-45
3872.875	4.085439903162917e-45
3873.0	3.416000025154249e-45
3873.125	3.391615374830929e-45
3873.25	4.1998876267715994e-45
3873.375	4.1291406853920995e-45
3873.5	4.021640042625604e-45
3873.625	3.775462709702437e-45
3873.75	3.959656809046416e-45
3873.875	3.3627310796836e-45
3874.0	3.6228516290366405e-45
3874.125	3.5079465075264e-45
3874.25	3.653257969342969e-45
3874.375	4.052865013597456e-45
3874.5	4.3746616445006247e-45
3874.625	4.036445519782729e-45
3874.75	4.528960101407401e-45
3874.875	3.7265251114634406e-45
3875.0	3.671394947809369e-45
3875.125	3.56058993232104e-45
3875.25	4.2710079429966016e-45
3875.375	3.7407765437245434e-45
3875.5	3.8542991373320035e-45
3875.625	3.873483751833124e-45
3875.75	3.9961254784572244e-45
3875.875	4.3287775365549157e-45
3876.0	4.5614495225580165e-45
3876.125	3.9002339431336087e-45
3876.25	3.8349389619494547e-45
3876.375	4.2702421714681e-45
3876.5	3.816893320182121e-45
3876.625	3.753930921187559e-45
3876.75	4.4088253418281957e-45
3876.875	3.712765656571023e-45
3877.0	3.752041612795921e-45
3877.125	4.199813877252841e-45
3877.25	3.9365289498316964e-45
3877.375	3.365311971893481e-45
3877.5	3.778719863091849e-45
3877.625	4.670614748874817e-45
3877.75	4.343000848496705e-45
3877.875	3.887346425593744e-45
3878.0	3.684363745081599e-45
3878.125	3.7524658693758755e-45
3878.25	3.7102211872122245e-45
3878.375	4.004825166881344e-45
3878.5	4.1304933067393956e-45
3878.625	4.023920185378129e-45
3878.75	4.4902393175255024e-45
3878.875	5.078212926619561e-45
3879.0	4.236695863088837e-45
3879.125	3.8930087402403995e-45
3879.25	4.002446306712101e-45
3879.375	4.2103552125625e-45
3879.5	4.106621148389775e-45
3879.625	4.357862455035664e-45
3879.75	4.7284275964549684e-45
3879.875	4.323412954602225e-45
3880.0	3.903646433972224e-45
3880.125	3.5916783745557686e-45
3880.25	4.249029730514724e-45
3880.375	4.216239036400329e-45
3880.5	3.5541357762643283e-45
3880.625	3.6026630523073435e-45
3880.75	3.409493465793424e-45
3880.875	4.2368955612735996e-45
3881.0	4.488123146823937e-45
3881.125	3.7008828679539236e-45
3881.25	3.666555240055569e-45
3881.375	4.01316206432753e-45
3881.5	4.526776020942401e-45
3881.625	4.826009207226256e-45
3881.75	4.712673530677224e-45
3881.875	4.019615665392719e-45
3882.0	4.054360701995044e-45
3882.125	4.140071836692101e-45
3882.25	4.417836831576099e-45
3882.375	4.535417043705025e-45
3882.5	3.687827677335169e-45
3882.625	3.30497258840988e-45
3882.75	3.468711606101361e-45
3882.875	3.731822181404164e-45
3883.0	3.965862464308837e-45
3883.125	3.8089600695335286e-45
3883.25	4.306079155801285e-45
3883.375	3.6853149591720253e-45
3883.5	3.264877091644608e-45
3883.625	3.3733816518724e-45
3883.75	4.3555502876076496e-45
3883.875	4.94506174640369e-45
3884.0	4.37117167153657e-45
3884.125	4.139993981556225e-45
3884.25	3.958092628063875e-45
3884.375	4.2253679080089e-45
3884.5	4.186739483790361e-45
3884.625	4.7984682545345285e-45
3884.75	4.8415351828618817e-45
3884.875	4.3753475558880996e-45
3885.0	4.446173857092495e-45
3885.125	3.865126929321025e-45
3885.25	3.873769426389769e-45
3885.375	4.4634034646292635e-45
3885.5	4.055705860211776e-45
3885.625	4.1593914203023356e-45
3885.75	4.1476903785792245e-45
3885.875	3.644614898457316e-45
3886.0	3.897529247738024e-45
3886.125	3.7255517471408035e-45
3886.25	3.3142710489264364e-45
3886.375	4.4397961049220246e-45
3886.5	4.644505098167236e-45
3886.625	4.25022099705096e-45
3886.75	4.43266750091496e-45
3886.875	4.214659894249744e-45
3887.0	4.110938652026403e-45
3887.125	4.203790534856026e-45
3887.25	4.2514093008202246e-45
3887.375	4.1946566469365615e-45
3887.5	3.3346627664785207e-45
3887.625	4.17219247728512e-45
3887.75	4.366985489415241e-45
3887.875	4.168867142565225e-45
3888.0	3.7165721080530246e-45
3888.125	3.826286469576256e-45
3888.25	4.455221013543365e-45
3888.375	3.8261751278150565e-45
3888.5	3.4161751332830246e-45
3888.625	3.7330636058352035e-45
3888.75	3.8836334566280246e-45
3888.875	4.671666316468921e-45
3889.0	5.0784237205636e-45
3889.125	4.131853863132005e-45
3889.25	3.5069233605955246e-45
3889.375	3.5879849618436806e-45
3889.5	3.769452853056901e-45
3889.625	4.032634057144575e-45
3889.75	4.573218664582928e-45
3889.875	5.056479499091329e-45
3890.0	4.8248420515328884e-45
3890.125	4.330264990953002e-45
3890.25	4.4781739751056e-45
3890.375	4.068809945626176e-45
3890.5	3.7062292635008644e-45
3890.625	3.141345459957849e-45
3890.75	3.632897936472676e-45
3890.875	4.5369046931894014e-45
3891.0	4.3659900692583205e-45
3891.125	4.660073225443441e-45
3891.25	3.8717995441737955e-45
3891.375	3.560318077896801e-45
3891.5	4.321186198632901e-45
3891.625	4.208332141412281e-45
3891.75	3.618472075065169e-45
3891.875	3.83808165177601e-45
3892.0	3.9126112126551606e-45
3892.125	3.5272736576310246e-45
3892.25	4.30534384138416e-45
3892.375	3.6798359020458005e-45
3892.5	3.4871068159929e-45
3892.625	3.5501597480690887e-45
3892.75	3.549895322676004e-45
3892.875	4.133626238918089e-45
3893.0	4.072455819113616e-45
3893.125	3.9857758152660015e-45
3893.25	3.6730678421055997e-45
3893.375	3.827857055823685e-45
3893.5	3.266451806600161e-45
3893.625	3.5127705020768994e-45
3893.75	3.568855771489801e-45
3893.875	3.6144851014657436e-45
3894.0	3.890887134904576e-45
3894.125	3.6832815621020246e-45
3894.25	3.7198773186952085e-45
3894.375	3.416399343700729e-45
3894.5	3.585178367096881e-45
3894.625	4.239944471900736e-45
3894.75	4.4188272425476005e-45
3894.875	4.518166494766864e-45
3895.0	4.0660846464761635e-45
3895.125	3.790626627844225e-45
3895.25	5.068447235808783e-45
3895.375	4.518061098642577e-45
3895.5	3.5918736311465644e-45
3895.625	3.8331093646521004e-45
3895.75	3.391532328554496e-45
3895.875	3.893206531669224e-45
3896.0	3.796425230759045e-45
3896.125	3.524635652924163e-45
3896.25	3.9729059525040637e-45
3896.375	4.81843958723036e-45
3896.5	4.3716859278630744e-45
3896.625	3.645257270433155e-45
3896.75	3.729866012971641e-45
3896.875	3.7045908306224985e-45
3897.0	3.756866908677795e-45
3897.125	3.7244680476963995e-45
3897.25	3.5320018028386096e-45
3897.375	3.540808370014864e-45
3897.5	3.964072158530885e-45
3897.625	3.803251310296035e-45
3897.75	4.332285300729603e-45
3897.875	4.3215481471412883e-45
3898.0	3.504133029535524e-45
3898.125	3.7903040180480245e-45
3898.25	4.7037558657484887e-45
3898.375	4.3541495565604007e-45
3898.5	4.0978818160899995e-45
3898.625	4.3450143710587286e-45
3898.75	4.753278307424529e-45
3898.875	4.60113803259272e-45
3899.0	3.9650108348622243e-45
3899.125	4.443548000763248e-45
3899.25	3.605401544640017e-45
3899.375	4.1180504610734445e-45
3899.5	3.653676241248609e-45
3899.625	3.6662677443823686e-45
3899.75	4.1718525984143996e-45
3899.875	4.091683185982757e-45
3900.0	4.6172005974001957e-45
3900.125	5.059632391374649e-45
3900.25	4.1274868400704e-45
3900.375	4.360321167121984e-45
3900.5	3.86932131856916e-45
3900.625	3.6182211180258004e-45
3900.75	3.8963934755256046e-45
3900.875	3.436221511819849e-45
3901.0	3.5398919380540806e-45
3901.125	4.1522371570010243e-45
3901.25	4.0756947316042246e-45
3901.375	3.398741803015441e-45
3901.5	3.19367859279488e-45
3901.625	3.6235361435142246e-45
3901.75	3.9630206556857286e-45
3901.875	4.453766305063936e-45
3902.0	4.031919679765201e-45
3902.125	4.2148662138440003e-45
3902.25	4.4398717989637685e-45
3902.375	4.1660446323692153e-45
3902.5	4.120371762374884e-45
3902.625	4.0461502979534477e-45
3902.75	4.409011260948995e-45
3902.875	3.795596922029055e-45
3903.0	4.274939958150625e-45
3903.125	4.29164565648641e-45
3903.25	4.336204852217957e-45
3903.375	4.103586998088516e-45
3903.5	4.295734101422501e-45
3903.625	4.3257474892722245e-45
3903.75	4.226374861830625e-45
3903.875	4.229220463456849e-45
3904.0	4.21764819095693e-45
3904.125	4.242159447587042e-45
3904.25	3.885582784120249e-45
3904.375	3.9710609974860256e-45
3904.5	4.165378297426564e-45
3904.625	4.928505858209124e-45
3904.75	3.8731237795494757e-45
3904.875	4.043074606950977e-45
3905.0	4.2155188350587296e-45
3905.125	3.5878758252544004e-45
3905.25	3.5848368404790484e-45
3905.375	4.297417512105481e-45
3905.5	3.299626790294885e-45
3905.625	2.900413372296196e-45
3905.75	4.2415097170118764e-45
3905.875	5.05818824872548e-45
3906.0	4.5111534789446413e-45
3906.125	4.247271493156836e-45
3906.25	3.5426292096001e-45
3906.375	3.157937254807729e-45
3906.5	3.527214267026024e-45
3906.625	3.8493692135912247e-45
3906.75	3.644426665213569e-45
3906.875	4.0339761146881e-45
3907.0	4.393667552284516e-45
3907.125	4.2822118096093204e-45
3907.25	3.614208792524099e-45
3907.375	3.934752303580817e-45
3907.5	3.637362200060304e-45
3907.625	3.285040748325625e-45
3907.75	4.0496929692912037e-45
3907.875	3.8638776590494097e-45
3908.0	3.5485024555988646e-45
3908.125	4.196717759562241e-45
3908.25	4.114598472458496e-45
3908.375	3.6013350037433753e-45
3908.5	3.7985051496961964e-45
3908.625	3.670817407227441e-45
3908.75	3.729528411118224e-45
3908.875	4.4305778550073947e-45
3909.0	4.4314956674704e-45
3909.125	4.6273776325785596e-45
3909.25	4.686696705059207e-45
3909.375	3.522739554834241e-45
3909.5	3.1919223084099994e-45
3909.625	3.902966190428176e-45
3909.75	4.4619852284366486e-45
3909.875	4.7828026839961016e-45
3910.0	4.414463354679185e-45
3910.125	4.5445899594534756e-45
3910.25	4.012189074636649e-45
3910.375	3.4651459129401e-45
3910.5	3.6042957207093695e-45
3910.625	4.3524522986419234e-45
3910.75	4.2738172745647205e-45
3910.875	4.149264140107525e-45
3911.0	4.540620302015626e-45
3911.125	4.1791720309382563e-45
3911.25	4.4899032054276e-45
3911.375	4.4973125146200234e-45
3911.5	4.414366749371401e-45
3911.625	4.6059056641133286e-45
3911.75	3.834977356713637e-45
3911.875	3.875370145605841e-45
3912.0	4.633985336917924e-45
3912.125	4.1715814545039597e-45
3912.25	4.0109523571264e-45
3912.375	3.9507361912339246e-45
3912.5	4.326944198958145e-45
3912.625	4.0423882976888397e-45
3912.75	3.893076874764676e-45
3912.875	4.0118186600885603e-45
3913.0	4.148976339852304e-45
3913.125	4.255866299474001e-45
3913.25	3.738926992258756e-45
3913.375	3.6759139586278555e-45
3913.5	4.0246955176781427e-45
3913.625	3.933127575481104e-45
3913.75	4.5827752236552045e-45
3913.875	4.763101557861529e-45
3914.0	4.346325158022225e-45
3914.125	4.4461673224905695e-45
3914.25	4.606561416695715e-45
3914.375	4.816730186712889e-45
3914.5	4.796982645624007e-45
3914.625	4.57188383310985e-45
3914.75	4.425590659662769e-45
3914.875	4.2220678389084816e-45
3915.0	4.3305288720165164e-45
3915.125	5.0938853025315986e-45
3915.25	4.9187887566419285e-45
3915.375	4.2573436543123285e-45
3915.5	5.102533624144441e-45
3915.625	4.3567220699209e-45
3915.75	4.660251671153296e-45
3915.875	4.6950449420784054e-45
3916.0	4.2095716705889445e-45
3916.125	3.558420517640004e-45
3916.25	4.472767067805001e-45
3916.375	4.229541729895329e-45
3916.5	4.328070549053329e-45
3916.625	4.3877300486432485e-45
3916.75	4.1472127829064505e-45
3916.875	3.731061788726724e-45
3917.0	3.537408731302161e-45
3917.125	3.950033881997025e-45
3917.25	4.256325058427289e-45
3917.375	3.742276750570801e-45
3917.5	3.3990382002154404e-45
3917.625	4.276025385255625e-45
3917.75	4.2401786281557156e-45
3917.875	4.1076706373965444e-45
3918.0	4.5193590084876844e-45
3918.125	5.163796507112721e-45
3918.25	4.540866796490116e-45
3918.375	3.7742485353175684e-45
3918.5	4.2589798479396e-45
3918.625	4.260194830748223e-45
3918.75	4.186936836423936e-45
3918.875	3.723251240402498e-45
3919.0	4.091432314133025e-45
3919.125	4.3320733626061436e-45
3919.25	4.400231794383048e-45
3919.375	4.138765640231121e-45
3919.5	3.9724065106209007e-45
3919.625	4.883073103662122e-45
3919.75	4.66236447131708e-45
3919.875	4.115826045327616e-45
3920.0	4.513817372132601e-45
3920.125	4.199379429259161e-45
3920.25	4.3891169576689196e-45
3920.375	4.2945166822838435e-45
3920.5	4.0597806484224636e-45
3920.625	3.716405922878224e-45
3920.75	4.0570466555025e-45
3920.875	4.0221494192947245e-45
3921.0	3.857283920705296e-45
3921.125	4.7976967454064646e-45
3921.25	4.460737260140001e-45
3921.375	4.178431343979368e-45
3921.5	4.5848029490359285e-45
3921.625	4.109100634539288e-45
3921.75	4.1001442797521604e-45
3921.875	3.861079718182569e-45
3922.0	3.7837153178957437e-45
3922.125	3.8613168388550246e-45
3922.25	4.166196959735056e-45
3922.375	4.6680826148634234e-45
3922.5	4.3595362053826566e-45
3922.625	4.116663050145529e-45
3922.75	4.1606653903684e-45
3922.875	4.471677679324817e-45
3923.0	4.2556177501292156e-45
3923.125	3.960456258808336e-45
3923.25	4.44014046471564e-45
3923.375	3.892370101655044e-45
3923.5	4.344302895078277e-45
3923.625	5.266628127685443e-45
3923.75	3.9656472183582256e-45
3923.875	3.935826273434897e-45
3924.0	3.7500369176270245e-45
3924.125	3.1419049530792036e-45
3924.25	3.961154710667025e-45
3924.375	4.08859893027541e-45
3924.5	4.3642254994212254e-45
3924.625	4.600290989448026e-45
3924.75	3.9300814876910426e-45
3924.875	4.356714017257279e-45
3925.0	3.902283882237169e-45
3925.125	3.2342783383526555e-45
3925.25	3.3757738439881e-45
3925.375	4.282578797202226e-45
3925.5	4.2001885937350426e-45
3925.625	4.706559308679424e-45
3925.75	4.332605850536089e-45
3925.875	3.285334323722896e-45
3926.0	3.484492731686464e-45
3926.125	3.466089119997001e-45
3926.25	3.6666712587720257e-45
3926.375	3.706347856367524e-45
3926.5	4.4172466260169e-45
3926.625	4.4468705532196e-45
3926.75	3.2384099496068395e-45
3926.875	3.3875137783319037e-45
3927.0	3.4231813833616004e-45
3927.125	4.459601522941505e-45
3927.25	5.0771879517633206e-45
3927.375	4.694003626814401e-45
3927.5	4.2981948947844e-45
3927.625	4.0946733874332254e-45
3927.75	3.936862492114084e-45
3927.875	4.41773832831276e-45
3928.0	4.326958012666689e-45
3928.125	3.87600390166872e-45
3928.25	4.24568628906276e-45
3928.375	4.9750558771737754e-45
3928.5	4.669238854485242e-45
3928.625	3.823997979741289e-45
3928.75	3.6948930576394236e-45
3928.875	4.0813999136472247e-45
3929.0	4.40735472694392e-45
3929.125	3.9366249453158416e-45
3929.25	4.227738763692097e-45
3929.375	3.958544862313024e-45
3929.5	3.9710506628105287e-45
3929.625	4.1452461462193956e-45
3929.75	4.150175659328449e-45
3929.875	4.4714035140509157e-45
3930.0	4.695609155985224e-45
3930.125	4.816810555336516e-45
3930.25	4.3569307817166013e-45
3930.375	3.9160644069131556e-45
3930.5	4.0746755072442243e-45
3930.625	4.7835095029264e-45
3930.75	5.197388104825569e-45
3930.875	4.096370696386816e-45
3931.0	3.749121472204901e-45
3931.125	3.985757506716736e-45
3931.25	4.3124486881621683e-45
3931.375	3.81066697636e-45
3931.5	3.904842251855169e-45
3931.625	4.498951927647529e-45
3931.75	4.907552968337041e-45
3931.875	3.9448943568592354e-45
3932.0	3.6504266807751214e-45
3932.125	3.913663013644175e-45
3932.25	4.4014647689832965e-45
3932.375	4.188358171560677e-45
3932.5	3.9067591415893296e-45
3932.625	3.770035522378226e-45
3932.75	3.716769267257344e-45
3932.875	4.1239822202611215e-45
3933.0	4.3613675845037995e-45
3933.125	3.799249700906917e-45
3933.25	3.5452611960732164e-45
3933.375	3.933092329925642e-45
3933.5	4.6781465995324836e-45
3933.625	4.9053557626800244e-45
3933.75	4.533286482199225e-45
3933.875	4.294367138279241e-45
3934.0	4.421834251771875e-45
3934.125	4.5800551879710256e-45
3934.25	4.1705673588049e-45
3934.375	3.989726141589841e-45
3934.5	4.186842365402595e-45
3934.625	3.9387643796997754e-45
3934.75	4.2764877144195985e-45
3934.875	4.795134406054281e-45
3935.0	4.5109675678051694e-45
3935.125	4.852181377075202e-45
3935.25	4.367516285572968e-45
3935.375	4.256055488879401e-45
3935.5	3.726433177852324e-45
3935.625	3.6618965111232356e-45
3935.75	4.111878526892761e-45
3935.875	4.4291559260252156e-45
3936.0	4.320604325540417e-45
3936.125	4.2880955825367035e-45
3936.25	4.544984067751009e-45
3936.375	4.15704200166613e-45
3936.5	4.3318168059385204e-45
3936.625	3.7941068839276844e-45
3936.75	3.651137965074609e-45
3936.875	4.116266158361956e-45
3937.0	4.2923149394091215e-45
3937.125	4.177988178494881e-45
3937.25	4.0132356768108155e-45
3937.375	3.706785838457641e-45
3937.5	3.772066191288201e-45
3937.625	4.2569151141115204e-45
3937.75	4.311679079044129e-45
3937.875	4.166461473785689e-45
3938.0	4.400075246961969e-45
3938.125	4.112675369460736e-45
3938.25	4.1346984632276416e-45
3938.375	3.4254296282089007e-45
3938.5	3.421723754232003e-45
3938.625	4.718910149816974e-45
3938.75	4.8974230788912805e-45
3938.875	4.031466956019555e-45
3939.0	3.725923595638336e-45
3939.125	4.106434797360901e-45
3939.25	3.7463857220910755e-45
3939.375	4.2765363683338234e-45
3939.5	4.2437068611876e-45
3939.625	4.268892337971121e-45
3939.75	4.167878296637449e-45
3939.875	3.663900632806569e-45
3940.0	4.6964138053089964e-45
3940.125	4.585622832569529e-45
3940.25	4.311418005409321e-45
3940.375	4.400055214399745e-45
3940.5	4.275159909475849e-45
3940.625	4.458164928399081e-45
3940.75	4.0491192366361e-45
3940.875	4.3372899941910244e-45
3941.0	4.517296879083921e-45
3941.125	4.255537250401441e-45
3941.25	4.421445918554116e-45
3941.375	3.8698382499845766e-45
3941.5	3.631753432368962e-45
3941.625	3.700119916189321e-45
3941.75	3.8211727304532236e-45
3941.875	3.5820213030001e-45
3942.0	4.232243842267205e-45
3942.125	4.344426545605697e-45
3942.25	3.9080893414723685e-45
3942.375	3.9581942967291247e-45
3942.5	3.603882806393105e-45
3942.625	3.8871639957656254e-45
3942.75	4.04564194794032e-45
3942.875	4.0942456918818484e-45
3943.0	4.004781121555599e-45
3943.125	4.07872276968464e-45
3943.25	3.683168800861456e-45
3943.375	3.4507997321460636e-45
3943.5	3.8170831138072076e-45
3943.625	4.5655012462910496e-45
3943.75	3.9907893935630255e-45
3943.875	3.165533495929475e-45
3944.0	4.1315777230225004e-45
3944.125	4.225585150259001e-45
3944.25	3.562125543767025e-45
3944.375	4.190146119270244e-45
3944.5	3.865195316783026e-45
3944.625	3.680577710095225e-45
3944.75	3.566624476615729e-45
3944.875	3.4717879427344e-45
3945.0	3.572736454506384e-45
3945.125	4.0045824143328995e-45
3945.25	3.291841282684899e-45
3945.375	4.0862413394012235e-45
3945.5	3.528864442828516e-45
3945.625	3.898162440490755e-45
3945.75	4.4297156452198824e-45
3945.875	4.5512361301224997e-45
3946.0	3.5445781620496e-45
3946.125	4.0108315204278745e-45
3946.25	4.939062642756224e-45
3946.375	4.0699576862883996e-45
3946.5	3.870550564635001e-45
3946.625	4.2446415950353965e-45
3946.75	4.265623120580644e-45
3946.875	4.828284045081026e-45
3947.0	4.803808869535225e-45
3947.125	4.776454583386201e-45
3947.25	4.6770483453246004e-45
3947.375	4.673700758380899e-45
3947.5	3.768033268638865e-45
3947.625	3.4970779683934086e-45
3947.75	3.648037751424144e-45
3947.875	3.5217800062005696e-45
3948.0	3.3167346840278006e-45
3948.125	3.8995950868406435e-45
3948.25	4.255160725317649e-45
3948.375	4.4905956797766494e-45
3948.5	4.04747653448796e-45
3948.625	4.5352977082551616e-45
3948.75	4.4086172498615616e-45
3948.875	3.888673566192899e-45
3949.0	4.923429921462649e-45
3949.125	5.016163202065128e-45
3949.25	5.016483760579599e-45
3949.375	4.928156953893888e-45
3949.5	4.092715794589568e-45
3949.625	3.7739876871840996e-45
3949.75	4.416543083383929e-45
3949.875	4.778406917544484e-45
3950.0	4.5486580651876015e-45
3950.125	4.3500344558536797e-45
3950.25	4.043327934260224e-45
3950.375	4.4272427654258406e-45
3950.5	4.096909874523664e-45
3950.625	3.9191811841164955e-45
3950.75	4.248056189368997e-45
3950.875	4.163272760871184e-45
3951.0	3.641939521098256e-45
3951.125	2.859935309159769e-45
3951.25	4.1616727336167836e-45
3951.375	4.290978390913599e-45
3951.5	4.038916315995961e-45
3951.625	4.1673635182144e-45
3951.75	4.13669205372864e-45
3951.875	4.1670472041289e-45
3952.0	3.4632236327055997e-45
3952.125	3.6806273364942764e-45
3952.25	3.441848803921984e-45
3952.375	3.934569141108736e-45
3952.5	3.873782372240089e-45
3952.625	3.9217260482265955e-45
3952.75	4.683862227807505e-45
3952.875	5.020586198649025e-45
3953.0	4.5041520844804e-45
3953.125	4.017914938350625e-45
3953.25	3.679436031306026e-45
3953.375	3.9387111597591034e-45
3953.5	3.7563577013134234e-45
3953.625	3.7197402126469286e-45
3953.75	3.886537058357408e-45
3953.875	3.9634758155241636e-45
3954.0	4.208554005410162e-45
3954.125	4.2425055653613596e-45
3954.25	4.7113275588703207e-45
3954.375	4.8706380980618485e-45
3954.5	4.213057291492624e-45
3954.625	3.7809840669458504e-45
3954.75	4.103361000180324e-45
3954.875	4.6232094657909697e-45
3955.0	4.2736325283966765e-45
3955.125	4.434177891282129e-45
3955.25	4.239341399550625e-45
3955.375	3.963540660615649e-45
3955.5	3.9569125869600254e-45
3955.625	4.326834479427684e-45
3955.75	4.5874267259970255e-45
3955.875	4.1025608331276956e-45
3956.0	4.2526113347784023e-45
3956.125	4.1602879260864347e-45
3956.25	4.352544661497125e-45
3956.375	4.342908191555025e-45
3956.5	4.287091909388544e-45
3956.625	4.725225269595076e-45
3956.75	4.832117367445488e-45
3956.875	4.5622682610392245e-45
3957.0	4.2470706382198105e-45
3957.125	4.420177836798723e-45
3957.25	4.364716884528015e-45
3957.375	4.780151955881449e-45
3957.5	4.363943153781905e-45
3957.625	4.316110919323226e-45
3957.75	5.160279293287056e-45
3957.875	5.8127861450569e-45
3958.0	4.4891050566146565e-45
3958.125	4.3419898473257285e-45
3958.25	4.3628752907642236e-45
3958.375	4.128504294819845e-45
3958.5	4.074989572566025e-45
3958.625	4.549566442824675e-45
3958.75	4.290925462584335e-45
3958.875	4.878943150722623e-45
3959.0	4.5783382707695605e-45
3959.125	3.946244224701321e-45
3959.25	3.705753693509604e-45
3959.375	3.596496972581601e-45
3959.5	4.2018430676406237e-45
3959.625	4.362338832384016e-45
3959.75	4.171213441444624e-45
3959.875	4.168429262263877e-45
3960.0	4.4752872802177426e-45
3960.125	4.7693950634912494e-45
3960.25	4.701121514325625e-45
3960.375	4.3473042241281e-45
3960.5	4.539023169186529e-45
3960.625	4.6419232306189205e-45
3960.75	4.06976897925708e-45
3960.875	4.385034099768099e-45
3961.0	4.767129723715216e-45
3961.125	4.816884261865728e-45
3961.25	4.8534929790102247e-45
3961.375	4.4995538718937955e-45
3961.5	4.350798377778724e-45
3961.625	4.1620897433476e-45
3961.75	4.062267753190085e-45
3961.875	3.7327054532486404e-45
3962.0	4.146721047811522e-45
3962.125	4.318279459222689e-45
3962.25	4.906031655024899e-45
3962.375	4.3513512769415286e-45
3962.5	4.6147805360949745e-45
3962.625	4.1179905246080405e-45
3962.75	4.042606633598016e-45
3962.875	3.8594641856713956e-45
3963.0	3.4528490098587035e-45
3963.125	3.7256464776294765e-45
3963.25	3.8854899063552035e-45
3963.375	3.846031264271641e-45
3963.5	4.47981230596e-45
3963.625	4.0136804068609964e-45
3963.75	4.0385793678331236e-45
3963.875	4.0765007023504e-45
3964.0	3.8755681109917213e-45
3964.125	4.4245843249674004e-45
3964.25	4.453346809026802e-45
3964.375	4.211899151529315e-45
3964.5	3.983224892712026e-45
3964.625	4.3516317636762016e-45
3964.75	4.094348582487409e-45
3964.875	3.900203966301769e-45
3965.0	3.8424536275507843e-45
3965.125	4.11993797694805e-45
3965.25	4.5099319624247296e-45
3965.375	4.141392010907902e-45
3965.5	4.507858422704569e-45
3965.625	4.949824055060194e-45
3965.75	4.0526586236450245e-45
3965.875	3.8540562724541164e-45
3966.0	3.830622511032529e-45
3966.125	4.345890052923225e-45
3966.25	4.1527850257152366e-45
3966.375	4.6131758458924956e-45
3966.5	4.6249498727762556e-45
3966.625	4.422595540749604e-45
3966.75	5.041792533147561e-45
3966.875	4.313988375159681e-45
3967.0	3.745460563228224e-45
3967.125	3.970750837043237e-45
3967.25	4.5408907859214244e-45
3967.375	4.6359884083766475e-45
3967.5	5.035065011908864e-45
3967.625	4.854118051593e-45
3967.75	4.463914966751296e-45
3967.875	4.346215984150568e-45
3968.0	5.045102078169923e-45
3968.125	5.014123369725625e-45
3968.25	4.5268524528445437e-45
3968.375	4.0244788078884005e-45
3968.5	3.7730037208979606e-45
3968.625	4.4137641527795555e-45
3968.75	4.4737106429548104e-45
3968.875	3.838217700129201e-45
3969.0	3.7816426503838435e-45
3969.125	4.077023885386929e-45
3969.25	4.0439934649448016e-45
3969.375	4.0309103882814e-45
3969.5	4.5123708617174894e-45
3969.625	4.591924323260121e-45
3969.75	4.904748549888099e-45
3969.875	4.862268018901225e-45
3970.0	5.227703274968166e-45
3970.125	4.78335084450353e-45
3970.25	4.3777754658576e-45
3970.375	4.8722693654994483e-45
3970.5	3.997750519806289e-45
3970.625	3.9976238123652235e-45
3970.75	4.759817275462041e-45
3970.875	4.63079147590656e-45
3971.0	4.0176631690315214e-45
3971.125	4.118281740345598e-45
3971.25	4.012117878720961e-45
3971.375	5.0991024639999985e-45
3971.5	5.534288989411202e-45
3971.625	4.206969038767104e-45
3971.75	3.739455685885921e-45
3971.875	4.0302141930250235e-45
3972.0	5.6482137508508e-45
3972.125	5.311776449344225e-45
3972.25	4.1018468210182437e-45
3972.375	3.9527325887191203e-45
3972.5	4.5356039967534496e-45
3972.625	4.356593360205025e-45
3972.75	3.8923999235882e-45
3972.875	4.2744167791925745e-45
3973.0	4.8403898058681e-45
3973.125	4.630179727339776e-45
3973.25	4.3340584122763566e-45
3973.375	5.115489033886609e-45
3973.5	4.7950798396452246e-45
3973.625	4.095439763158129e-45
3973.75	4.001678687345329e-45
3973.875	4.170986363914276e-45
3974.0	5.077791351856128e-45
3974.125	4.70361019460264e-45
3974.25	4.278614750476641e-45
3974.375	5.4152396630093454e-45
3974.5	5.024353331624927e-45
3974.625	4.684253158092815e-45
3974.75	4.379631054645961e-45
3974.875	4.10623358401e-45
3975.0	4.5082209891643686e-45
3975.125	4.1042390189922244e-45
3975.25	4.2941286072192006e-45
3975.375	4.326565711923225e-45
3975.5	4.0990931917539216e-45
3975.625	4.9834024275955235e-45
3975.75	4.891758028738815e-45
3975.875	4.2204805892310765e-45
3976.0	4.5177520423506267e-45
3976.125	3.986014714121449e-45
3976.25	4.507454379706084e-45
3976.375	4.5296752333910455e-45
3976.5	3.5183209478700967e-45
3976.625	3.742054814041569e-45
3976.75	3.4733501374682247e-45
3976.875	3.8318017685994013e-45
3977.0	4.4113293374299206e-45
3977.125	4.613542894840356e-45
3977.25	4.7101473146431684e-45
3977.375	4.0049261682841956e-45
3977.5	4.408038150591363e-45
3977.625	4.4828434723216e-45
3977.75	4.1720807329893166e-45
3977.875	3.971064778468225e-45
3978.0	4.007656473050916e-45
3978.125	4.6524539027922004e-45
3978.25	4.953696165485001e-45
3978.375	4.535759704106401e-45
3978.5	3.792787851756995e-45
3978.625	4.234713196206276e-45
3978.75	4.633347239003024e-45
3978.875	3.6401717664748965e-45
3979.0	3.470450073596676e-45
3979.125	3.650711017000996e-45
3979.25	4.1227377646854007e-45
3979.375	4.624292812635409e-45
3979.5	4.760180453271721e-45
3979.625	4.3578639073461607e-45
3979.75	4.561064155993801e-45
3979.875	4.908083851367523e-45
3980.0	4.1417307754383995e-45
3980.125	4.32760951851576e-45
3980.25	4.777850884000001e-45
3980.375	5.260518361183761e-45
3980.5	5.253535080663074e-45
3980.625	4.60374693774089e-45
3980.75	4.3197028020069173e-45
3980.875	4.795766097160901e-45
3981.0	4.433625747317529e-45
3981.125	4.4818062803344363e-45
3981.25	4.5664379287797756e-45
3981.375	4.4746145833535996e-45
3981.5	4.751407764367936e-45
3981.625	4.440862277642025e-45
3981.75	4.3674542960115236e-45
3981.875	4.436265588458208e-45
3982.0	4.262146240563225e-45
3982.125	3.60562527576588e-45
3982.25	3.645840404832025e-45
3982.375	4.096677404005264e-45
3982.5	3.7968243841141286e-45
3982.625	3.631136595941569e-45
3982.75	3.4360320568763285e-45
3982.875	4.091017196323599e-45
3983.0	3.957680052909025e-45
3983.125	4.292620248284281e-45
3983.25	4.555992423640464e-45
3983.375	4.281364421522496e-45
3983.5	4.219342475209156e-45
3983.625	4.8757896791910254e-45
3983.75	4.451539318100449e-45
3983.875	4.4924992876798804e-45
3984.0	4.36075739023296e-45
3984.125	4.213591761474224e-45
3984.25	4.2263068610427034e-45
3984.375	4.591365560467456e-45
3984.5	4.2389370746943997e-45
3984.625	4.779488247948648e-45
3984.75	4.697793423283402e-45
3984.875	3.6200836527711616e-45
3985.0	4.170247048502498e-45
3985.125	4.3121541009960357e-45
3985.25	4.273033993928705e-45
3985.375	4.0269447971533696e-45
3985.5	4.0048183322459556e-45
3985.625	4.066946806573924e-45
3985.75	4.6441174656086434e-45
3985.875	4.104104356864655e-45
3986.0	3.906004503857296e-45
3986.125	4.125728499003557e-45
3986.25	5.3249453295617295e-45
3986.375	5.3267619090395606e-45
3986.5	5.0928560353340006e-45
3986.625	4.598699942101225e-45
3986.75	4.262418353265602e-45
3986.875	4.242408254947984e-45
3987.0	3.7652334368040036e-45
3987.125	4.4573076493510416e-45
3987.25	3.980524627777202e-45
3987.375	4.114738566627984e-45
3987.5	4.4269174028870564e-45
3987.625	4.2576602450610015e-45
3987.75	3.872767184496721e-45
3987.875	4.323874156093584e-45
3988.0	5.1377346805080487e-45
3988.125	5.037128119761984e-45
3988.25	4.899675765363856e-45
3988.375	4.979457047911823e-45
3988.5	4.746120753489025e-45
3988.625	4.6799146916496045e-45
3988.75	5.154773884936515e-45
3988.875	5.722310659153935e-45
3989.0	4.863110253888016e-45
3989.125	4.697981363079683e-45
3989.25	4.332271083600099e-45
3989.375	4.1506203108948634e-45
3989.5	4.5131134356841007e-45
3989.625	4.9446575487910813e-45
3989.75	4.9004033483001615e-45
3989.875	4.32001736493192e-45
3990.0	4.235069162153281e-45
3990.125	4.3907534953431214e-45
3990.25	3.950955432103876e-45
3990.375	4.2612730315943287e-45
3990.5	4.001124179713601e-45
3990.625	4.436773801428543e-45
3990.75	5.1337868419016005e-45
3990.875	5.509152446032224e-45
3991.0	4.446440312909954e-45
3991.125	3.7568398170942246e-45
3991.25	4.58943773076132e-45
3991.375	4.4408656096324e-45
3991.5	4.5313655005147226e-45
3991.625	4.7559771594696486e-45
3991.75	4.446523398614049e-45
3991.875	4.6207296424506015e-45
3992.0	4.7668623875310236e-45
3992.125	4.857944885683682e-45
3992.25	4.3573045216539235e-45
3992.375	4.332116408004224e-45
3992.5	3.9831919479011557e-45
3992.625	4.2449405126912645e-45
3992.75	3.960031100573284e-45
3992.875	4.7681835376412246e-45
3993.0	4.231452281548996e-45
3993.125	4.501525531241282e-45
3993.25	5.261531210906571e-45
3993.375	4.468039054065665e-45
3993.5	4.3112373071601686e-45
3993.625	4.30226992823948e-45
3993.75	3.6813965277871697e-45
3993.875	3.7299349032152494e-45
3994.0	4.383426832747209e-45
3994.125	4.275187501866724e-45
3994.25	4.146121165325161e-45
3994.375	4.7258326781748645e-45
3994.5	4.899267127405226e-45
3994.625	4.6355100337764e-45
3994.75	4.5158779008795236e-45
3994.875	4.2255607086019695e-45
3995.0	4.59202325885196e-45
3995.125	4.241069210274064e-45
3995.25	4.679858595698064e-45
3995.375	4.910087706592324e-45
3995.5	4.9692094744644e-45
3995.625	4.950373542749881e-45
3995.75	5.3369680062480244e-45
3995.875	5.648986516867602e-45
3996.0	5.5111752265440995e-45
3996.125	4.293877894625344e-45
3996.25	4.4158184651406255e-45
3996.375	4.9383830733769e-45
3996.5	4.978163247210001e-45
3996.625	5.726067702516226e-45
3996.75	5.551035853815076e-45
3996.875	4.629125491556329e-45
3997.0	4.775049780010224e-45
3997.125	4.8545753860970885e-45
3997.25	4.9051777270766754e-45
3997.375	4.6732040353405695e-45
3997.5	4.389986338608784e-45
3997.625	4.3887559003545976e-45
3997.75	4.1384015221072825e-45
3997.875	4.2854656425870225e-45
3998.0	5.2797349993862265e-45
3998.125	4.5390966052611236e-45
3998.25	3.5294220331057207e-45
3998.375	3.624970390506528e-45
3998.5	4.126539915422501e-45
3998.625	4.3903766008468894e-45
3998.75	4.1652836827020806e-45
3998.875	4.106140156047241e-45
3999.0	4.409060397371537e-45
3999.125	4.5872999352928805e-45
3999.25	4.121142336623375e-45
3999.375	4.130958498236088e-45
3999.5	4.6197175359980145e-45
3999.625	4.7015130270564e-45
3999.75	4.205257527073849e-45
3999.875	4.603059633605905e-45
4000.0	5.609534095493328e-45
