10.0	7.752535712631828e-39
10.5	4.812457537626552e-40
11.0	3.028165991641041e-41
11.5	1.0193493638151262e-41
12.0	7.604847032717674e-42
12.5	5.895148535215379e-42
13.0	4.518754776445995e-42
13.5	2.3477072606205148e-42
14.0	1.914902516188708e-42
14.5	1.2661267232746664e-42
15.0	1.0656709004472607e-42
15.5	7.818505528871261e-43
16.0	2.5472442904791636e-42
16.5	3.089685756189011e-42
17.0	5.13280349529447e-43
17.5	1.9234915171235556e-43
18.0	1.7288910088908329e-43
18.5	1.9665246319850598e-43
19.0	1.4256752445555136e-43
19.5	1.089349887594576e-43
20.0	8.780512438889508e-44
20.5	6.483123763006518e-44
21.0	5.439391813050141e-44
21.5	4.578157770051552e-44
22.0	3.4651969168820244e-44
22.5	2.668856147429e-44
23.0	1.8097918748830637e-44
23.5	1.5867659940270304e-44
24.0	1.3750868445689775e-44
24.5	2.2732045949888107e-44
25.0	4.4753480947416626e-44
25.5	2.0275758502009572e-44
26.0	8.658543827953988e-45
26.5	7.74903229525697e-45
27.0	6.682001350812387e-45
27.5	5.5007331841568166e-45
28.0	4.823492642992393e-45
28.5	4.277454200520692e-45
29.0	3.9059112309308833e-45
29.5	3.7974979596561135e-45
30.0	3.0018444582430457e-45
30.5	2.554402336448573e-45
31.0	2.463595434829089e-45
31.5	2.41311381243096e-45
32.0	2.1082725588115063e-45
32.5	1.747755969196921e-45
33.0	1.7867380849368342e-45
33.5	1.798671403986484e-45
34.0	1.5933667040328902e-45
34.5	1.5819242055546695e-45
35.0	1.7174829154574348e-45
35.5	1.6086177722634452e-45
36.0	1.289027311830312e-45
36.5	1.1618736244544603e-45
37.0	1.1319162497579972e-45
37.5	9.849029801003359e-46
38.0	1.0516340544963324e-45
38.5	8.699863494791187e-46
39.0	8.141279258431682e-46
39.5	7.679699729860741e-46
40.0	7.460192322272666e-46
40.5	7.56948076168839e-46
41.0	8.034753552098706e-46
41.5	8.133038715047618e-46
42.0	6.712253602585682e-46
42.5	6.5827617210271e-46
43.0	5.652994546267649e-46
43.5	6.003932839152678e-46
44.0	5.311661686172694e-46
44.5	5.463968771021836e-46
45.0	6.360501717703833e-46
45.5	6.387890995846676e-46
46.0	6.6527341986708716e-46
46.5	1.0883774884460614e-45
47.0	1.0933849548384587e-45
47.5	2.96205388383321e-45
48.0	1.6009566926055662e-44
48.5	2.5493430779686384e-44
49.0	7.020340579824466e-45
49.5	3.419789055617044e-45
50.0	3.501326140300017e-45
50.5	1.9139735969403877e-45
51.0	1.0460234024378445e-45
51.5	1.0524366106862175e-45
52.0	6.931516393012703e-46
52.5	3.9570859788618736e-46
53.0	4.268030978228884e-46
53.5	4.5274335196726376e-46
54.0	3.6257089831614016e-46
54.5	3.2491139044773444e-46
55.0	3.6982806988434825e-46
55.5	2.970665335279923e-46
56.0	2.3054881509645055e-46
56.5	2.3197444159782662e-46
57.0	2.347078991875758e-46
57.5	2.427849677562745e-46
58.0	2.2253987487005482e-46
58.5	2.1445255912963196e-46
59.0	1.972546902106813e-46
59.5	2.12918375254305e-46
60.0	2.5615934337992644e-46
60.5	3.9847855023001695e-46
61.0	7.737615612853094e-46
61.5	1.2277792333622093e-45
62.0	1.463302341661578e-45
62.5	1.8012948625189697e-45
63.0	5.058904409671013e-46
63.5	5.276160883478058e-46
64.0	2.7299872891522423e-46
64.5	1.7297784111800419e-46
65.0	1.6188722101486542e-46
65.5	1.6111693906072585e-46
66.0	1.6532290579978677e-46
66.5	1.757817163166723e-46
67.0	1.6747532109701916e-46
67.5	1.6541917732005162e-46
68.0	1.5156129610200896e-46
68.5	1.457179671234571e-46
69.0	1.4288600721915008e-46
69.5	1.498582357258481e-46
70.0	1.791588438016047e-46
70.5	2.1020448541687543e-46
71.0	1.947410435943568e-46
71.5	1.9158043889892467e-46
72.0	1.6653019477017154e-46
72.5	1.3353465302385214e-46
73.0	1.3230985637154892e-46
73.5	1.378949730387553e-46
74.0	1.4233511118238982e-46
74.5	1.268901268414697e-46
75.0	1.466783392318307e-46
75.5	1.4825746956177088e-46
76.0	1.4291477814907347e-46
76.5	1.4935776192638341e-46
77.0	1.4370105232635062e-46
77.5	1.3083982445603728e-46
78.0	1.4250842779647214e-46
78.5	1.2078279171665006e-46
79.0	1.299762710165123e-46
79.5	1.2488379010498568e-46
80.0	1.1522667708411035e-46
80.5	1.3415456183008795e-46
81.0	1.2887713247353468e-46
81.5	1.1967708497400627e-46
82.0	1.2338344263188379e-46
82.5	1.201492472414362e-46
83.0	1.1828145810072412e-46
83.5	1.2631907511061595e-46
84.0	1.3285642668522828e-46
84.5	1.2475696724746906e-46
85.0	1.3452547714334967e-46
85.5	1.3218560445480356e-46
86.0	1.216450122578024e-46
86.5	2.6064592593562854e-46
87.0	1.20923918115911e-45
87.5	6.2795304880415345e-46
88.0	1.3245934097537312e-46
88.5	1.3846664368864943e-46
89.0	1.4688458767191323e-46
89.5	1.5282418342524117e-46
90.0	1.526376580865428e-46
90.5	1.4866512486315083e-46
91.0	1.6918482177771964e-46
91.5	1.8355017920433607e-46
92.0	1.752535578872206e-46
92.5	1.3456536585232183e-46
93.0	1.4914837447948702e-46
93.5	1.3862395148471945e-46
94.0	1.3857020260132866e-46
94.5	1.3804394113754845e-46
95.0	1.3357601732328433e-46
95.5	1.263665891825474e-46
96.0	1.3381621491973487e-46
96.5	1.453717087407111e-46
97.0	2.0060878225932082e-46
97.5	1.5554331862145288e-46
98.0	1.35111355286031e-46
98.5	1.4471742019386843e-46
99.0	1.771730366721674e-46
99.5	9.555253718302827e-46
100.0	3.727285739453289e-45
100.5	1.2095604872814355e-45
101.0	2.6797275981481324e-46
101.5	2.340644471813477e-46
102.0	2.4380719817541414e-46
102.5	2.4224998280036527e-46
103.0	2.405768284324884e-46
103.5	1.9619654742702377e-46
104.0	1.7632049585586754e-46
104.5	1.7157001537758668e-46
105.0	1.5523405485597057e-46
105.5	1.3855808820704458e-46
106.0	1.4712885812716405e-46
106.5	1.4764233365802608e-46
107.0	1.5948716750106394e-46
107.5	1.8807125375013832e-46
108.0	1.6062784714651652e-46
108.5	1.3243149940518915e-46
109.0	1.2322210382108987e-46
109.5	1.256236405956719e-46
110.0	1.2745531071363776e-46
110.5	9.74448183522764e-47
111.0	1.0413758951404414e-46
111.5	1.0332034925022326e-46
112.0	1.164314664404365e-46
112.5	1.2374296002165557e-46
113.0	1.4866915586654943e-46
113.5	1.3336377771510363e-46
114.0	1.2049901383374229e-46
114.5	1.2349990325180721e-46
115.0	1.186511982946298e-46
115.5	1.2823030309851785e-46
116.0	1.315494250026625e-46
116.5	1.2824259122069693e-46
117.0	1.2221287091930348e-46
117.5	1.0415230005452335e-46
118.0	1.165452524253618e-46
118.5	1.2517537521770603e-46
119.0	1.389583605528092e-46
119.5	1.3209885466669493e-46
120.0	1.182432551345701e-46
120.5	1.2678666391589649e-46
121.0	1.208453705446807e-46
121.5	1.1539546056434308e-46
122.0	1.2984925170206943e-46
122.5	1.4065866354637406e-46
123.0	1.3881485487841906e-46
123.5	1.4252486263562192e-46
124.0	1.2490504513200665e-46
124.5	1.2717724819188929e-46
125.0	1.3856981679517459e-46
125.5	1.4649987363122981e-46
126.0	1.4238789199657325e-46
126.5	1.2792066221806475e-46
127.0	1.3508108480411866e-46
127.5	1.2976691915505149e-46
128.0	1.2964384589842227e-46
128.5	1.2647399856645686e-46
129.0	1.2572453594488683e-46
129.5	1.236464966079769e-46
130.0	1.1323533812716823e-46
130.5	1.1845945293522067e-46
131.0	1.2807984191163199e-46
131.5	1.390313308174986e-46
132.0	1.2934119706889084e-46
132.5	1.1373982468886295e-46
133.0	1.218963205075448e-46
133.5	1.3145405178657725e-46
134.0	1.3326208890274452e-46
134.5	1.4421426751229155e-46
135.0	1.425592088580914e-46
135.5	1.1955862756077054e-46
136.0	1.2455612494478277e-46
136.5	1.2396924433402392e-46
137.0	1.263280719668212e-46
137.5	1.4674585289786165e-46
138.0	1.3606890270317683e-46
138.5	1.2868262707261857e-46
139.0	1.4207367473690768e-46
139.5	1.4565889126641839e-46
140.0	1.5230608510477267e-46
140.5	1.514351535754516e-46
141.0	1.473085583098315e-46
141.5	1.3609911481230522e-46
142.0	1.3486115056892133e-46
142.5	1.3430480859972635e-46
143.0	1.423157463722893e-46
143.5	1.4158394227336827e-46
144.0	1.2387358535469722e-46
144.5	1.200861381509355e-46
145.0	1.3383084745963601e-46
145.5	1.4703555582783187e-46
146.0	1.41487024442927e-46
146.5	1.3805631565720686e-46
147.0	1.3664504787981743e-46
147.5	1.4024845717148468e-46
148.0	1.7727071689000428e-46
148.5	6.402920876573725e-46
149.0	1.9898650550797815e-45
149.5	6.208280568586061e-44
150.0	2.9329873057708635e-43
150.5	9.709106387565756e-44
151.0	2.0225591649146928e-45
151.5	6.966263531191237e-46
152.0	1.868265569516021e-46
152.5	1.755134757317318e-46
153.0	1.5791767316900422e-46
153.5	1.737610130011324e-46
154.0	1.6511391704922187e-46
154.5	1.6496339080482367e-46
155.0	1.679406428921488e-46
155.5	1.6975150053399487e-46
156.0	1.761687622723902e-46
156.5	1.6076433587431158e-46
157.0	1.529773859471594e-46
157.5	1.6199978498815822e-46
158.0	1.625643727623176e-46
158.5	1.7253084629151606e-46
159.0	1.8696096005387883e-46
159.5	1.8462624893177363e-46
160.0	1.500530751242435e-46
160.5	1.4573946883320196e-46
161.0	1.4209088453051466e-46
161.5	1.5400953287861685e-46
162.0	1.7769733837371742e-46
162.5	1.7859485912984115e-46
163.0	1.9037223948135828e-46
163.5	2.0177722231012316e-46
164.0	1.739559335749785e-46
164.5	1.8694592455567294e-46
165.0	1.9400397447143413e-46
165.5	1.7321505924626252e-46
166.0	1.861487752072e-46
166.5	1.9969648310710046e-46
167.0	2.064250418085335e-46
167.5	2.033692380652957e-46
168.0	1.9584466340833833e-46
168.5	1.7345016727931955e-46
169.0	1.818327014451036e-46
169.5	1.9277479651668637e-46
170.0	2.1010881513098514e-46
170.5	1.964887059244849e-46
171.0	1.820693523037908e-46
171.5	1.919580005242166e-46
172.0	1.8230724553188402e-46
172.5	1.7875534493668454e-46
173.0	1.764362504248811e-46
173.5	1.7715478240818343e-46
174.0	1.5607192144602612e-46
174.5	1.410491260375598e-46
175.0	1.4421826495898688e-46
175.5	1.551684198994034e-46
176.0	1.571684328804707e-46
176.5	1.64489354222359e-46
177.0	1.6242274563887701e-46
177.5	1.615199004091369e-46
178.0	1.4568286907857265e-46
178.5	1.4862741672728242e-46
179.0	1.6033295766327357e-46
179.5	1.4864513223042915e-46
180.0	1.4129787367734684e-46
180.5	1.4601073171634197e-46
181.0	1.613651670530711e-46
181.5	1.3045821221155729e-46
182.0	1.3264803961800384e-46
182.5	1.6777455177242702e-46
183.0	1.5437662615490713e-46
183.5	1.5877446242563472e-46
184.0	1.7453638217334355e-46
184.5	2.463281571947336e-46
185.0	5.960578996717396e-46
185.5	6.870337916624089e-46
186.0	2.4273085806682857e-46
186.5	1.4591976773433075e-46
187.0	1.4054053642881914e-46
187.5	1.3992855153255456e-46
188.0	1.4765365952858802e-46
188.5	1.3800647656632607e-46
189.0	1.482606857578803e-46
189.5	1.5921334369309125e-46
190.0	1.5683204443743573e-46
190.5	1.5169977309619228e-46
191.0	1.7164356211496679e-46
191.5	1.7282642059957333e-46
192.0	1.6726858346557213e-46
192.5	1.6165760777236488e-46
193.0	1.6585788813634528e-46
193.5	1.5264853562352218e-46
194.0	1.438019628125388e-46
194.5	1.57855834930315e-46
195.0	1.788881607000441e-46
195.5	1.8443556842251943e-46
196.0	1.8743029118963426e-46
196.5	2.318735044678798e-46
197.0	2.9455441739758832e-46
197.5	3.814567793501412e-46
198.0	7.624951136499463e-46
198.5	3.322452533764392e-45
199.0	1.5810137611073409e-44
199.5	4.3748870249071375e-45
200.0	7.455472920304524e-46
200.5	3.649767051385653e-46
201.0	1.56316313102819e-46
201.5	1.4583829366468398e-46
202.0	1.7258319189555532e-46
202.5	1.7131680839018317e-46
203.0	1.6747433138894113e-46
203.5	1.37853656739591e-46
204.0	1.4189773424177531e-46
204.5	1.565395928043652e-46
205.0	1.6765487032787838e-46
205.5	1.5883493597210076e-46
206.0	1.501827574486835e-46
206.5	1.6107365814261802e-46
207.0	1.4695177172694555e-46
207.5	1.5380119455336949e-46
208.0	1.5778614169342505e-46
208.5	1.4247238516738659e-46
209.0	1.5268928043823962e-46
209.5	1.4781153711970818e-46
210.0	1.45824371155569e-46
210.5	1.528106308771133e-46
211.0	1.6317645832232727e-46
211.5	1.7191469357835371e-46
212.0	1.602351313389116e-46
212.5	1.6357806137328827e-46
213.0	1.5583468017449528e-46
213.5	1.5881116266908593e-46
214.0	1.8258560458968773e-46
214.5	1.7965905819492506e-46
215.0	1.6556748507354436e-46
215.5	1.717449010761901e-46
216.0	1.886239091503131e-46
216.5	1.7896824906946717e-46
217.0	1.819017801837673e-46
217.5	1.6787239231743482e-46
218.0	1.6920626794532587e-46
218.5	1.875559324109228e-46
219.0	1.9412338380014326e-46
219.5	1.9834777517025167e-46
220.0	2.015770049564912e-46
220.5	2.085330909272165e-46
221.0	1.9032598246703303e-46
221.5	1.815960146831288e-46
222.0	1.972417231881958e-46
222.5	2.014557418984718e-46
223.0	2.04238142490445e-46
223.5	1.7584688116438377e-46
224.0	1.6872944805461443e-46
224.5	1.7537880088434462e-46
225.0	1.6850065226475836e-46
225.5	1.6764747305669441e-46
226.0	1.5921638913468397e-46
226.5	1.793962794127941e-46
227.0	1.8198650630300838e-46
227.5	1.6569705771142635e-46
228.0	1.6533254475585017e-46
228.5	1.5377492874381173e-46
229.0	1.6591472847135223e-46
229.5	1.620045848330965e-46
230.0	1.7496034107168787e-46
230.5	1.8198597590638552e-46
231.0	1.6434387562760492e-46
231.5	1.6729940863138328e-46
232.0	1.7476468634709715e-46
232.5	1.7389061476690416e-46
233.0	1.4456654189194544e-46
233.5	1.4914978362914357e-46
234.0	1.696376771838026e-46
234.5	1.5852298613108761e-46
235.0	1.5810396341934997e-46
235.5	1.5889070818208063e-46
236.0	1.5262480869473337e-46
236.5	1.5219831944935387e-46
237.0	1.7760341811447582e-46
237.5	1.9216460192545874e-46
238.0	1.839631005256548e-46
238.5	1.7611965396947857e-46
239.0	1.65743046450572e-46
239.5	1.6075048800366603e-46
240.0	1.6046576868432143e-46
240.5	1.7541491581703386e-46
241.0	1.8806715121537213e-46
241.5	1.80540940565994e-46
242.0	1.7390414423347026e-46
242.5	1.785875085170334e-46
243.0	1.536774021612034e-46
243.5	1.6729233715524383e-46
244.0	1.915052696192361e-46
244.5	1.8988316316768844e-46
245.0	1.9554214202670182e-46
245.5	2.019252474613981e-46
246.0	1.9251204930411473e-46
246.5	1.886152096245516e-46
247.0	1.8821500705310124e-46
247.5	2.104912993952493e-46
248.0	2.026212430029084e-46
248.5	1.974260212754247e-46
249.0	2.2317348435580654e-46
249.5	5.419117624349469e-46
250.0	1.514964879023297e-45
250.5	1.1707457092045681e-45
251.0	2.958011598470426e-46
251.5	2.1506540674393847e-46
252.0	2.140570649772443e-46
252.5	2.0193756624508784e-46
253.0	2.0818043986881763e-46
253.5	1.9042273312717116e-46
254.0	1.876666852660581e-46
254.5	1.9217163066914085e-46
255.0	2.0874155551479387e-46
255.5	2.1341338754878966e-46
256.0	2.0817628061129297e-46
256.5	1.879261674619962e-46
257.0	1.8732235277047485e-46
257.5	1.9107994851953707e-46
258.0	1.923059748141238e-46
258.5	1.9820449825531308e-46
259.0	1.8940032934029213e-46
259.5	2.1257824688993917e-46
260.0	2.12558133096942e-46
260.5	2.0712302443033903e-46
261.0	2.1223593779594597e-46
261.5	2.2167140017377916e-46
262.0	1.891060287035138e-46
262.5	2.1403977800691244e-46
263.0	2.5504138584930997e-46
263.5	2.184818656172759e-46
264.0	2.1601706832996516e-46
264.5	2.174382158858893e-46
265.0	1.894924965116367e-46
265.5	2.0202419030096573e-46
266.0	2.1789943108259218e-46
266.5	2.1364722668810097e-46
267.0	2.017038088329284e-46
267.5	2.021927419462992e-46
268.0	1.9816647207502307e-46
268.5	2.021779971459232e-46
269.0	1.790036401079148e-46
269.5	1.7646128106411394e-46
270.0	1.9334939856144557e-46
270.5	2.002260947668905e-46
271.0	1.8652792423948597e-46
271.5	1.9610222429830616e-46
272.0	1.875133527887323e-46
272.5	2.031849216741233e-46
273.0	2.0115214490689026e-46
273.5	1.889021122172615e-46
274.0	1.8777973331532816e-46
274.5	1.9125624628821707e-46
275.0	2.031190133147878e-46
275.5	1.8454817179538123e-46
276.0	3.019468975076884e-46
276.5	7.167203638676898e-46
277.0	5.3607532816238345e-46
277.5	2.0907551936311093e-46
278.0	2.1309239279156767e-46
278.5	3.2523398028558627e-46
279.0	8.280471661593999e-46
279.5	4.5062536599339275e-46
280.0	2.4751725137362234e-46
280.5	2.4098054595440442e-46
281.0	2.1085916437045497e-46
281.5	2.163297413157863e-46
282.0	2.087606124105772e-46
282.5	2.0028476676771927e-46
283.0	2.056521205932892e-46
283.5	2.010624467743716e-46
284.0	2.0555105157125828e-46
284.5	2.1259721066982197e-46
285.0	1.9375972358461518e-46
285.5	2.0489294648159894e-46
286.0	2.211926380479205e-46
286.5	2.4210442166329115e-46
287.0	2.293244994366341e-46
287.5	1.9392299739719155e-46
288.0	2.1905007020326108e-46
288.5	2.6789819550900727e-46
289.0	2.32039202368864e-46
289.5	2.117538311242169e-46
290.0	2.46632025556491e-46
290.5	4.9000353530627546e-46
291.0	2.1402459969055248e-45
291.5	2.816709704709793e-45
292.0	8.269628056206806e-46
292.5	2.6263873333296752e-46
293.0	2.279888670920119e-46
293.5	2.4890857364154084e-46
294.0	2.5683789684954613e-46
294.5	2.415275662841541e-46
295.0	2.5063385922869778e-46
295.5	5.730692491404651e-46
296.0	1.652434601226621e-45
296.5	6.001242558993742e-46
297.0	2.7034539772023655e-46
297.5	3.103929674268851e-46
298.0	3.3118134842723163e-46
298.5	4.362468458204823e-46
299.0	9.039849908833143e-46
299.5	2.6938429758224807e-45
300.0	5.946810399123729e-45
300.5	3.3280038866359806e-45
301.0	1.078105245968442e-45
301.5	5.405362814770856e-46
302.0	3.281223665547039e-46
302.5	2.78715409801908e-46
303.0	2.6555402790897742e-46
303.5	2.881820406081397e-46
304.0	2.6996974740372008e-46
304.5	2.3046782180010292e-46
305.0	2.553851009399745e-46
305.5	2.7024947633489157e-46
306.0	2.5962978968869142e-46
306.5	2.328232541284386e-46
307.0	2.181630636518201e-46
307.5	2.2197610578899797e-46
308.0	2.1639693750566686e-46
308.5	2.484489772710944e-46
309.0	2.507636420618761e-46
309.5	2.400718416954261e-46
310.0	2.3587158565402152e-46
310.5	2.7747966326306563e-46
311.0	2.6766664863312926e-46
311.5	2.679674667063605e-46
312.0	2.5716846602872613e-46
312.5	2.498833507287369e-46
313.0	2.396524329088422e-46
313.5	2.337627136711306e-46
314.0	2.7032144572099438e-46
314.5	2.7709268839914703e-46
315.0	2.4341619625754743e-46
315.5	2.444635346573082e-46
316.0	2.4782953004711367e-46
316.5	2.4168593216273267e-46
317.0	2.7997473371583855e-46
317.5	2.8863867682778714e-46
318.0	2.839017773901212e-46
318.5	2.7639190369025846e-46
319.0	2.606604816888819e-46
319.5	2.469463174291169e-46
320.0	2.747405438506509e-46
320.5	2.599677558134269e-46
321.0	2.5225886831474827e-46
321.5	2.6684460204970504e-46
322.0	2.5111157400407497e-46
322.5	2.550999864952251e-46
323.0	2.4050931375661596e-46
323.5	2.371529402164425e-46
324.0	2.404563684126294e-46
324.5	2.2800536050491682e-46
325.0	2.465674421323657e-46
325.5	2.5768928220491647e-46
326.0	2.4182058486249973e-46
326.5	2.5951008238265324e-46
327.0	2.3332970818509124e-46
327.5	2.3450712575175207e-46
328.0	2.5545879069603918e-46
328.5	2.963429461562235e-46
329.0	2.551695627098844e-46
329.5	2.4286113684084727e-46
330.0	2.423197563118213e-46
330.5	2.4613730787393814e-46
331.0	2.9404722478475724e-46
331.5	2.8541619765240657e-46
332.0	2.868049811027936e-46
332.5	2.704663917197776e-46
333.0	2.431346688057634e-46
333.5	2.7299232064454434e-46
334.0	2.8374153362810484e-46
334.5	2.496127261817053e-46
335.0	2.4640882574746166e-46
335.5	2.8480325416669968e-46
336.0	3.170597739708093e-46
336.5	3.3252836172004857e-46
337.0	3.4188013410273493e-46
337.5	3.2235086156718195e-46
338.0	3.022145710827483e-46
338.5	3.993842125802414e-46
339.0	4.567100123135912e-46
339.5	4.408246288356216e-46
340.0	4.040679356650261e-46
340.5	3.503819242102456e-46
341.0	3.463282792051982e-46
341.5	2.9093907285920274e-46
342.0	3.288738988827162e-46
342.5	3.409047124935702e-46
343.0	3.4386650981754647e-46
343.5	3.4085721679236124e-46
344.0	2.917846605701309e-46
344.5	2.966803518037712e-46
345.0	2.863112630256388e-46
345.5	2.5823210644802955e-46
346.0	2.8308646678998933e-46
346.5	3.1424228996302213e-46
347.0	2.7969170256358827e-46
347.5	2.9790661696581993e-46
348.0	2.9763089287402957e-46
348.5	2.6699984437641717e-46
349.0	5.073645632874417e-46
349.5	1.3284411066949213e-45
350.0	3.740163793571839e-45
350.5	1.8404736175276424e-45
351.0	6.9600871174671515e-46
351.5	4.7306636431769404e-46
352.0	3.307263619663478e-46
352.5	3.2411183665564582e-46
353.0	3.347664777869775e-46
353.5	2.9978381524169202e-46
354.0	2.797282711116081e-46
354.5	2.954778129236422e-46
355.0	3.0631865914282906e-46
355.5	4.896042290836831e-46
356.0	6.375673443157631e-46
356.5	5.6500004442949675e-46
357.0	5.8857871500228626e-46
357.5	7.24233272782174e-46
358.0	4.23507336945545e-46
358.5	3.001245126864029e-46
359.0	2.9769009662248398e-46
359.5	3.0758478497248797e-46
360.0	2.9854809496088972e-46
360.5	3.3877535503498142e-46
361.0	3.4609613651765257e-46
361.5	3.4962643453688325e-46
362.0	3.231915465392108e-46
362.5	3.800130072897876e-46
363.0	3.628069341610406e-46
363.5	3.627201613325898e-46
364.0	3.779789514713373e-46
364.5	3.572716666508701e-46
365.0	3.606708438706718e-46
365.5	3.575489452874208e-46
366.0	3.524019909307849e-46
366.5	3.41871700919718e-46
367.0	3.4995758355274466e-46
367.5	3.543569040330878e-46
368.0	3.648009331876923e-46
368.5	3.9219275991923184e-46
369.0	3.965143756719264e-46
369.5	3.798033762140733e-46
370.0	3.0571346068006554e-46
370.5	3.1665616674318812e-46
371.0	2.9792325466190163e-46
371.5	2.9627120185681484e-46
372.0	2.9080008200760165e-46
372.5	3.3368080974180493e-46
373.0	3.826117848437442e-46
373.5	3.668627217104431e-46
374.0	3.1631386996436534e-46
374.5	3.2851702286141187e-46
375.0	3.690708331160972e-46
375.5	3.4119788487768453e-46
376.0	3.521191621681143e-46
376.5	3.5757560526006675e-46
377.0	3.431558013055274e-46
377.5	3.772377129911803e-46
378.0	3.721875629047705e-46
378.5	3.532067905547165e-46
379.0	3.45248348749e-46
379.5	3.610267317400453e-46
380.0	3.528650306651049e-46
380.5	3.6324280971409555e-46
381.0	3.715485179956733e-46
381.5	3.351614657807838e-46
382.0	3.4244336370078754e-46
382.5	3.553888714307462e-46
383.0	3.523379241660473e-46
383.5	3.3852658238289738e-46
384.0	2.9077473207893916e-46
384.5	3.1282829162603438e-46
385.0	3.1981448592490635e-46
385.5	3.115842146871711e-46
386.0	3.136415879605481e-46
386.5	3.296648546382592e-46
387.0	3.331979451099325e-46
387.5	3.296033365242418e-46
388.0	2.8315030325761396e-46
388.5	2.921335756138733e-46
389.0	3.0894106592054578e-46
389.5	2.8916424988341174e-46
390.0	2.9174987209755238e-46
390.5	3.3170860874837605e-46
391.0	3.4171387839729347e-46
391.5	3.394047082395605e-46
392.0	3.1531575245290814e-46
392.5	3.0399364289302213e-46
393.0	2.9939415248610073e-46
393.5	3.003657368374238e-46
394.0	3.225251728725212e-46
394.5	3.3243151344151984e-46
395.0	3.181788879861643e-46
395.5	2.987349476956315e-46
396.0	3.296595543404044e-46
396.5	4.753987350927398e-46
397.0	9.137711239338546e-46
397.5	4.3710153077019686e-46
398.0	1.3557094148972292e-45
398.5	6.198959760159631e-46
399.0	3.596323863775421e-46
399.5	4.017334522861461e-46
400.0	4.753173509781707e-46
400.5	4.05515540172637e-46
401.0	4.427256663565931e-46
401.5	5.0352420953984995e-46
402.0	4.611168385553155e-46
402.5	3.5201502440906655e-46
403.0	3.326195031010616e-46
403.5	3.429691717039686e-46
404.0	3.483931035696615e-46
404.5	4.401283338933256e-46
405.0	5.990764021028197e-46
405.5	1.219776384539062e-45
406.0	4.4071480391109706e-45
406.5	7.678144556910466e-45
407.0	3.025975064294625e-45
407.5	7.68542388629988e-46
408.0	4.6665501423239214e-46
408.5	4.190721233337352e-46
409.0	3.946206471771717e-46
409.5	4.3019800597052415e-46
410.0	4.773275792876714e-46
410.5	4.549964867799624e-46
411.0	3.643511846456459e-46
411.5	4.0241716122818205e-46
412.0	4.7178028800984734e-46
412.5	6.0610830711728654e-46
413.0	7.428472930340431e-46
413.5	1.0412428505841785e-45
414.0	1.4601176670128554e-45
414.5	1.4684947879420432e-45
415.0	1.0535443594739495e-45
415.5	9.233785562907872e-46
416.0	9.410271303262966e-46
416.5	1.0509638254023623e-45
417.0	1.2436871001584034e-45
417.5	1.25520342010196e-45
418.0	1.280720107315379e-45
418.5	1.2826066206217241e-45
419.0	1.7334359032396264e-45
419.5	3.5148079689081634e-45
420.0	6.287809826366468e-45
420.5	4.251466615597857e-45
421.0	1.5358403079837908e-45
421.5	5.638547890813964e-46
422.0	4.490397913940756e-46
422.5	3.581577771415419e-46
423.0	3.763518411535351e-46
423.5	3.7543154333197864e-46
424.0	3.56248746875397e-46
424.5	3.308616156828218e-46
425.0	3.35886043980026e-46
425.5	3.169590409241353e-46
426.0	3.2027511941876397e-46
426.5	3.3530817940551727e-46
427.0	3.2660707043287967e-46
427.5	3.944490228710593e-46
428.0	3.647682156618276e-46
428.5	3.510106403725427e-46
429.0	3.839830042552994e-46
429.5	4.0776505086501055e-46
430.0	3.625044393879806e-46
430.5	3.2110886743072147e-46
431.0	3.437780803979748e-46
431.5	3.61302272551367e-46
432.0	3.704486298497149e-46
432.5	3.3567026732820492e-46
433.0	3.6792234160182116e-46
433.5	4.008792276892519e-46
434.0	3.928132688911095e-46
434.5	3.69836303319411e-46
435.0	3.9182068111647076e-46
435.5	4.566518645460413e-46
436.0	4.403572599074953e-46
436.5	4.520151838455796e-46
437.0	4.2265121502982045e-46
437.5	3.8814915316487975e-46
438.0	3.775134871723741e-46
438.5	4.2706831463774955e-46
439.0	4.402280903642934e-46
439.5	4.142514568301654e-46
440.0	4.2869021634902654e-46
440.5	4.585137023186563e-46
441.0	4.684482264405132e-46
441.5	5.403936759603214e-46
442.0	9.198442268778852e-46
442.5	3.0337972848867283e-45
443.0	3.263908370372569e-44
443.5	2.0520147265117057e-41
444.0	1.1848812837892868e-40
444.5	5.523100001540237e-41
445.0	8.401458811051871e-41
445.5	9.502955207267596e-41
446.0	2.2225838745546447e-41
446.5	1.417667338550305e-41
447.0	2.737964927463557e-40
447.5	3.1955989052794606e-40
448.0	1.8181871775249674e-41
448.5	1.3160437438133327e-42
449.0	4.5678843351535613e-41
449.5	2.26329771338498e-40
450.0	9.386176492000557e-41
450.5	7.064623301687994e-42
451.0	2.03897017374688e-42
451.5	5.19641411639606e-41
452.0	1.9866986090267178e-39
452.5	2.495884132899011e-39
453.0	1.5599797620805056e-40
453.5	2.335468415027775e-40
454.0	2.6549166646075723e-40
454.5	1.3766080491746908e-41
455.0	2.398140788729376e-43
455.5	2.9567506277863556e-44
456.0	7.035767311489079e-45
456.5	2.7999315066079243e-45
457.0	1.4153178235600917e-45
457.5	8.364733356904481e-46
458.0	7.05951773364718e-46
458.5	5.7872421771257516e-46
459.0	5.573846250361573e-46
459.5	4.9626933101243826e-46
460.0	5.339195519252983e-46
460.5	4.6646317534394994e-46
461.0	4.2510197697479406e-46
461.5	4.176208400297432e-46
462.0	4.3849237603215685e-46
462.5	4.322234114226718e-46
463.0	4.358190973106369e-46
463.5	4.4284898868187504e-46
464.0	3.794454424309454e-46
464.5	4.027561923268895e-46
465.0	4.213943844671549e-46
465.5	4.211898565407447e-46
466.0	4.387494417917756e-46
466.5	4.278733504831577e-46
467.0	3.546659584075658e-46
467.5	4.177025476957946e-46
468.0	4.103313081342297e-46
468.5	4.45373925361956e-46
469.0	4.2741479930269334e-46
469.5	4.71069970419119e-46
470.0	5.018660244589057e-46
470.5	4.8206155664375586e-46
471.0	4.7394739731126325e-46
471.5	4.216540972460313e-46
472.0	3.774334399699027e-46
472.5	4.007234129897785e-46
473.0	4.214526722180368e-46
473.5	4.372836806071724e-46
474.0	4.217119518168396e-46
474.5	4.303551461175959e-46
475.0	4.7800217226445195e-46
475.5	4.6229328945241255e-46
476.0	4.371440463416242e-46
476.5	4.522430404885286e-46
477.0	4.029308815086397e-46
477.5	4.1018102121143235e-46
478.0	4.920553903766013e-46
478.5	5.780061576925859e-46
479.0	5.849261124996867e-46
479.5	6.686865374905477e-46
480.0	7.97315585555804e-46
480.5	8.047400294802572e-46
481.0	7.329801674943516e-46
481.5	7.359756332997865e-46
482.0	8.899729373320622e-46
482.5	9.5222586494078e-46
483.0	7.284069810022235e-46
483.5	5.672247985462352e-46
484.0	5.3747534661651934e-46
484.5	5.4651051227693005e-46
485.0	6.0211152873126224e-46
485.5	6.5083107627426515e-46
486.0	5.42713020076732e-46
486.5	4.891154422335099e-46
487.0	4.742937798416376e-46
487.5	4.757835310972636e-46
488.0	4.573740831630934e-46
488.5	4.5091451096472704e-46
489.0	4.5669508390662216e-46
489.5	4.37536646768905e-46
490.0	4.467455568974631e-46
490.5	4.7503594230222034e-46
491.0	4.192444522381632e-46
491.5	4.483332020183239e-46
492.0	5.2199495553386485e-46
492.5	5.058465270126788e-46
493.0	4.9758121708665355e-46
493.5	5.687552915415882e-46
494.0	5.341554533162541e-46
494.5	4.3951463736217316e-46
495.0	4.820850175712956e-46
495.5	5.064461947710948e-46
496.0	4.4560261521775875e-46
496.5	4.683056991623294e-46
497.0	7.490250502951062e-46
497.5	6.685355119638342e-46
498.0	5.9956106394709236e-46
498.5	6.3202893311024475e-46
499.0	5.7406320019202034e-46
499.5	8.43253642617243e-46
500.0	2.7645960343053942e-45
500.5	1.689757711351397e-45
501.0	6.271313983364803e-46
501.5	5.7504028905224295e-46
502.0	5.631357959558437e-46
502.5	5.718332566210653e-46
503.0	5.538754693618443e-46
503.5	4.604228315205843e-46
504.0	4.701913308212888e-46
504.5	4.9347245731219324e-46
505.0	4.465716242568314e-46
505.5	4.818226303237567e-46
506.0	5.267566629989617e-46
506.5	5.5096384225475044e-46
507.0	4.8810720388874385e-46
507.5	4.62905233016611e-46
508.0	4.939909307668757e-46
508.5	4.455578688039991e-46
509.0	4.7714906988342e-46
509.5	4.8851646202610946e-46
510.0	4.194177693710845e-46
510.5	4.3159607868701296e-46
511.0	4.5569014287348844e-46
511.5	5.118277131693941e-46
512.0	5.219901077774849e-46
512.5	4.995844810051654e-46
513.0	4.76001102995229e-46
513.5	4.753600225442669e-46
514.0	4.612049158857416e-46
514.5	4.8288327685219825e-46
515.0	4.488822145689219e-46
515.5	4.604106061020372e-46
516.0	4.9065417035238025e-46
516.5	4.58904929336013e-46
517.0	3.968323577272668e-46
517.5	4.830694673383384e-46
518.0	4.791521392267461e-46
518.5	4.3301453699625915e-46
519.0	5.007068551398283e-46
519.5	5.334589756194273e-46
520.0	5.024562666971503e-46
520.5	5.251026267681575e-46
521.0	5.5153431730794974e-46
521.5	4.9362078381192945e-46
522.0	4.752852698802715e-46
522.5	4.707831779038362e-46
523.0	4.98446732776792e-46
523.5	5.4847788762202836e-46
524.0	5.717718058548268e-46
524.5	4.978176298611991e-46
525.0	4.647970321622353e-46
525.5	4.992637916657479e-46
526.0	4.656634092311288e-46
526.5	4.641408042710383e-46
527.0	4.8955063123760515e-46
527.5	5.072250816969036e-46
528.0	5.546802994034689e-46
528.5	5.1548445008189464e-46
529.0	5.4716509493040826e-46
529.5	5.5310193220556835e-46
530.0	5.2462349875795514e-46
530.5	5.3717134476272765e-46
531.0	5.9518412873485485e-46
531.5	6.522262148148944e-46
532.0	5.5608285936338965e-46
532.5	4.797750618277565e-46
533.0	4.468933837354891e-46
533.5	4.731682665958645e-46
534.0	4.992211047035811e-46
534.5	5.401441630097994e-46
535.0	5.67020949629154e-46
535.5	6.009839687226222e-46
536.0	5.2232067795946355e-46
536.5	4.391015240732103e-46
537.0	4.618784036305478e-46
537.5	5.396090661392949e-46
538.0	5.624275539603138e-46
538.5	5.112992274312421e-46
539.0	5.432594059441876e-46
539.5	5.4727248404018e-46
540.0	5.000942611628508e-46
540.5	5.6520310249230035e-46
541.0	5.9789625202252325e-46
541.5	5.9275077654688164e-46
542.0	6.154828411881798e-46
542.5	5.8750707136189596e-46
543.0	5.490610710191864e-46
543.5	6.090266702741879e-46
544.0	6.9977773935250876e-46
544.5	7.417241790282329e-46
545.0	5.611197728700443e-46
545.5	4.855057836653986e-46
546.0	4.479449356804371e-46
546.5	5.03508966692656e-46
547.0	6.077774156252327e-46
547.5	6.746434142675782e-46
548.0	5.946422195676293e-46
548.5	5.9094194411822025e-46
549.0	5.7126856302564985e-46
549.5	1.4961907129244792e-45
550.0	2.7425920278257693e-45
550.5	1.508135065919149e-45
551.0	7.197132790574884e-46
551.5	6.5741406565587355e-46
552.0	6.12124182368904e-46
552.5	5.882406016178736e-46
553.0	6.007959852879884e-46
553.5	5.801225153768343e-46
554.0	5.482420281712384e-46
554.5	6.009937881428802e-46
555.0	6.146688121367206e-46
555.5	5.420894223939889e-46
556.0	5.016896914864821e-46
556.5	4.946888296174105e-46
557.0	5.613056923786118e-46
557.5	5.3632469195984206e-46
558.0	5.388860787480936e-46
558.5	5.5634346629153695e-46
559.0	5.910693341643596e-46
559.5	5.44835520407141e-46
560.0	5.028422107318369e-46
560.5	4.955830463055578e-46
561.0	5.5809581596674115e-46
561.5	5.247610782376713e-46
562.0	5.504650214322588e-46
562.5	6.657706542958217e-46
563.0	6.197943958439392e-46
563.5	5.8727460280779264e-46
564.0	5.790687871153631e-46
564.5	6.048686453184348e-46
565.0	6.469795222775817e-46
565.5	5.847487849874023e-46
566.0	5.255714463334234e-46
566.5	5.406784238136299e-46
567.0	5.6181552965806245e-46
567.5	5.550286868630344e-46
568.0	5.214503242946921e-46
568.5	5.258069924971278e-46
569.0	5.1835658202220174e-46
569.5	5.164222231372731e-46
570.0	5.4691524404713695e-46
570.5	5.6202163242583646e-46
571.0	5.68940078646392e-46
571.5	5.4812245989781995e-46
572.0	5.477286350088989e-46
572.5	5.709056139543926e-46
573.0	5.662862784583113e-46
573.5	5.916472945425046e-46
574.0	5.553111093674352e-46
574.5	5.6309505696508436e-46
575.0	5.434976784624676e-46
575.5	5.543783863227466e-46
576.0	5.467573262986303e-46
576.5	5.29266862547078e-46
577.0	6.022692224633927e-46
577.5	6.173526934842925e-46
578.0	7.018646455708356e-46
578.5	6.914158522751124e-46
579.0	7.214737516527783e-46
579.5	6.841959135571448e-46
580.0	7.286119203159276e-46
580.5	7.345922972595464e-46
581.0	6.637255221347706e-46
581.5	6.192119755650438e-46
582.0	6.616774634859527e-46
582.5	6.9791719321568e-46
583.0	7.30002247011992e-46
583.5	5.718587336612968e-46
584.0	6.0513430647066524e-46
584.5	6.786897330476767e-46
585.0	6.2550356407196394e-46
585.5	5.646592352216937e-46
586.0	5.769487572931086e-46
586.5	5.087863949910519e-46
587.0	5.0016056711920385e-46
587.5	6.0678547008875274e-46
588.0	5.675287988831228e-46
588.5	5.624278055077961e-46
589.0	5.2676538707078484e-46
589.5	5.205191866203265e-46
590.0	5.515349199021925e-46
590.5	5.7453961690320624e-46
591.0	5.771755796414068e-46
591.5	5.8162537246772405e-46
592.0	6.190801877309242e-46
592.5	6.645031735785875e-46
593.0	5.9300382802193525e-46
593.5	5.710016955877718e-46
594.0	6.3936707757475824e-46
594.5	6.310509925661189e-46
595.0	5.754497478951523e-46
595.5	6.161215695788029e-46
596.0	6.3187313111330624e-46
596.5	6.246429058862789e-46
597.0	6.026952636532233e-46
597.5	6.484798148767402e-46
598.0	7.207809407944926e-46
598.5	6.730561419801353e-46
599.0	6.963642925445744e-46
599.5	1.7225339847010754e-45
600.0	6.6189348028502e-45
600.5	4.6074949297724366e-45
601.0	1.601844092780457e-45
601.5	8.779524230239423e-46
602.0	5.954723793012702e-46
602.5	6.024291701074886e-46
603.0	6.013453136128855e-46
603.5	7.176932057818283e-46
604.0	6.325565032505877e-46
604.5	6.114552560250188e-46
605.0	6.651064853350026e-46
605.5	6.565942172727069e-46
606.0	6.1178091718362265e-46
606.5	6.4955778316805915e-46
607.0	7.033686854932043e-46
607.5	6.949541100412617e-46
608.0	6.559502971712641e-46
608.5	6.7608826043322985e-46
609.0	6.974006465198792e-46
609.5	6.795907370552597e-46
610.0	6.954804972001523e-46
610.5	7.015733152730645e-46
611.0	6.248576565938863e-46
611.5	6.676560409998889e-46
612.0	6.883942152231593e-46
612.5	6.711117044071593e-46
613.0	6.188352946632903e-46
613.5	6.600564315611134e-46
614.0	6.341969233973928e-46
614.5	6.7514294708394925e-46
615.0	6.340569693313463e-46
615.5	6.924074696381173e-46
616.0	6.8122424521574565e-46
616.5	7.300805273518694e-46
617.0	7.318524948348414e-46
617.5	7.144139035601675e-46
618.0	7.059985306523496e-46
618.5	7.133058887001329e-46
619.0	7.166696871938983e-46
619.5	7.047720073739155e-46
620.0	6.790001173968408e-46
620.5	6.8954442895778295e-46
621.0	7.128358193920834e-46
621.5	6.0565979041862986e-46
622.0	6.077412874793396e-46
622.5	6.602067856088781e-46
623.0	6.444118029924597e-46
623.5	6.825068959774186e-46
624.0	6.356346383999094e-46
624.5	6.093104541422743e-46
625.0	6.716631847183231e-46
625.5	6.846734292412037e-46
626.0	6.5757148205915275e-46
626.5	6.7917165010526684e-46
627.0	6.472936007900667e-46
627.5	6.299676818407227e-46
628.0	5.940980701416304e-46
628.5	5.8509992544491875e-46
629.0	6.348543123949018e-46
629.5	6.7011594237490286e-46
630.0	6.729833917763784e-46
630.5	7.44641960188859e-46
631.0	7.594816516628521e-46
631.5	7.486102890535685e-46
632.0	6.437064322998462e-46
632.5	6.996121275024968e-46
633.0	7.320728198497071e-46
633.5	6.8759494325760645e-46
634.0	6.924984189187173e-46
634.5	7.516530498987532e-46
635.0	7.889051770112852e-46
635.5	7.462246482616881e-46
636.0	7.479629641292025e-46
636.5	6.806988434846921e-46
637.0	6.847403729392579e-46
637.5	7.371979703179581e-46
638.0	7.371274702734701e-46
638.5	6.245787761113318e-46
639.0	6.426338119890564e-46
639.5	6.804052053718374e-46
640.0	6.981964236998254e-46
640.5	7.748026075545568e-46
641.0	7.184438393975681e-46
641.5	6.028638065184093e-46
642.0	6.1323731528401345e-46
642.5	6.472921584534362e-46
643.0	6.89107713762351e-46
643.5	6.486724080643677e-46
644.0	6.879828320353435e-46
644.5	7.844154573650297e-46
645.0	7.213500417958756e-46
645.5	7.398100477955506e-46
646.0	7.869737333211712e-46
646.5	7.947356029345373e-46
647.0	7.419155788179948e-46
647.5	7.329536582104427e-46
648.0	7.375364169404867e-46
648.5	6.822943011349081e-46
649.0	6.47231560837969e-46
649.5	7.542113743152934e-46
650.0	9.051725152425264e-46
650.5	8.849466201104613e-46
651.0	7.790427712367825e-46
651.5	7.076964234990341e-46
652.0	7.189022103725066e-46
652.5	7.768272356707116e-46
653.0	7.491489831178881e-46
653.5	6.8487241087860756e-46
654.0	7.52269387847522e-46
654.5	7.317016411398516e-46
655.0	7.441838964701326e-46
655.5	7.890334107234179e-46
656.0	7.072926508290973e-46
656.5	7.077466383311137e-46
657.0	6.802814262257988e-46
657.5	7.543296712313286e-46
658.0	8.024378848384116e-46
658.5	7.505788365951912e-46
659.0	6.901151506080017e-46
659.5	7.570336328694886e-46
660.0	8.137412479886032e-46
660.5	8.700062171485101e-46
661.0	8.659513105127067e-46
661.5	8.583258688210495e-46
662.0	7.58807384363298e-46
662.5	6.8395225799014386e-46
663.0	7.008313816161974e-46
663.5	7.714383537922695e-46
664.0	7.282018018725942e-46
664.5	7.498286818812741e-46
665.0	7.372756687919449e-46
665.5	7.007907369788427e-46
666.0	7.756343608615114e-46
666.5	7.551322648346647e-46
667.0	7.654587764734033e-46
667.5	6.403632042885355e-46
668.0	6.966982452659507e-46
668.5	7.849236929917336e-46
669.0	7.815520832905078e-46
669.5	7.370137035473152e-46
670.0	8.037104051090496e-46
670.5	8.08317626226003e-46
671.0	7.448537374134445e-46
671.5	8.298701916304262e-46
672.0	8.010923277623744e-46
672.5	6.556835033475977e-46
673.0	7.115124397591123e-46
673.5	7.580883456208424e-46
674.0	7.420651222662736e-46
674.5	7.304826673250965e-46
675.0	7.759137909225417e-46
675.5	7.151670766568073e-46
676.0	7.009655435440406e-46
676.5	6.8037992514932274e-46
677.0	6.73077689763398e-46
677.5	6.931151226956469e-46
678.0	7.48862699963772e-46
678.5	8.333188267005722e-46
679.0	7.795354488605118e-46
679.5	6.7084243754605534e-46
680.0	7.002606233141236e-46
680.5	7.296986111152672e-46
681.0	7.79474226408195e-46
681.5	7.878751364406802e-46
682.0	8.40825480313255e-46
682.5	8.299864279483202e-46
683.0	7.609205793277906e-46
683.5	8.340388150434455e-46
684.0	8.610120794758488e-46
684.5	8.230276493647183e-46
685.0	7.820065639896011e-46
685.5	8.584422275953953e-46
686.0	8.017615711400355e-46
686.5	7.418385216798421e-46
687.0	7.892995964869327e-46
687.5	7.984821793108619e-46
688.0	7.951328698381755e-46
688.5	7.519806511580708e-46
689.0	8.11184366796221e-46
689.5	7.9781646743864e-46
690.0	7.678532995921297e-46
690.5	7.980783625522334e-46
691.0	8.523061629468787e-46
691.5	7.633745888753522e-46
692.0	7.800518300319963e-46
692.5	7.684570129381646e-46
693.0	7.803915237294766e-46
693.5	8.119218486791032e-46
694.0	7.740689099117395e-46
694.5	7.243634858328145e-46
695.0	7.069891020526856e-46
695.5	8.32427560075847e-46
696.0	8.620766533172352e-46
696.5	8.050553211645167e-46
697.0	8.67300742067627e-46
697.5	9.235782452281967e-46
698.0	9.615299230878153e-46
698.5	9.560728333732347e-46
699.0	1.0526328716677535e-45
699.5	9.778040164126987e-46
700.0	9.141523241742103e-46
700.5	9.530430996659442e-46
701.0	9.926419847120712e-46
701.5	1.0113892134864624e-45
702.0	9.14742262471058e-46
702.5	8.132407182021839e-46
703.0	8.456496346774899e-46
703.5	8.761677621165072e-46
704.0	8.931752433909456e-46
704.5	8.466907198472742e-46
705.0	7.643258932523668e-46
705.5	7.970463729935757e-46
706.0	8.38738270476279e-46
706.5	8.181202102519177e-46
707.0	7.709351613656696e-46
707.5	7.858718889161092e-46
708.0	8.431492752740412e-46
708.5	8.289701380597153e-46
709.0	8.112832231517607e-46
709.5	7.366210947439104e-46
710.0	8.21982767469092e-46
710.5	8.604263955403065e-46
711.0	8.191995942943159e-46
711.5	8.088998539686022e-46
712.0	7.688465857751683e-46
712.5	8.404103000150662e-46
713.0	8.580811138716962e-46
713.5	8.208930022350709e-46
714.0	8.400325808905755e-46
714.5	8.756880421362946e-46
715.0	8.161951809555094e-46
715.5	8.262436425536038e-46
716.0	9.015174895238016e-46
716.5	9.033980505687114e-46
717.0	8.658062897777174e-46
717.5	8.535446061205842e-46
718.0	8.572370661853401e-46
718.5	9.260379167982169e-46
719.0	8.996337196604036e-46
719.5	8.740800283035072e-46
720.0	9.477605167475553e-46
720.5	1.0118855396429887e-45
721.0	9.764024919150492e-46
721.5	7.980503264394576e-46
722.0	9.099620694609675e-46
722.5	8.847918888556143e-46
723.0	7.747763076454295e-46
723.5	7.884381058822638e-46
724.0	8.199730989483862e-46
724.5	8.352092874466877e-46
725.0	8.615219553880193e-46
725.5	8.577094457150008e-46
726.0	8.299154809311436e-46
726.5	8.398430509670257e-46
727.0	8.98119884162404e-46
727.5	8.577483465277165e-46
728.0	9.0592030874765e-46
728.5	8.481036590562358e-46
729.0	8.099269957506826e-46
729.5	8.646984394203289e-46
730.0	8.121077750833597e-46
730.5	9.345719287190068e-46
731.0	8.846352864435062e-46
731.5	9.116629151590047e-46
732.0	7.920379675461274e-46
732.5	7.999504721410408e-46
733.0	9.063384446356366e-46
733.5	9.252446229881103e-46
734.0	9.136132713671312e-46
734.5	9.84783950740413e-46
735.0	9.844059833193324e-46
735.5	9.163178118816267e-46
736.0	9.600039579757613e-46
736.5	8.677184245496223e-46
737.0	8.901110610923575e-46
737.5	8.608923712275677e-46
738.0	9.026201280260479e-46
738.5	9.651065442199866e-46
739.0	1.0015323786855087e-45
739.5	9.691860083447152e-46
740.0	9.296635383302749e-46
740.5	8.560135238138597e-46
741.0	9.405121965380113e-46
741.5	1.0635724244831524e-45
742.0	1.008696348084626e-45
742.5	1.0448895405724412e-45
743.0	1.0123210428868032e-45
743.5	8.791447532497507e-46
744.0	8.661626387125567e-46
744.5	8.261239344562796e-46
745.0	8.558836791347023e-46
745.5	8.608216718262234e-46
746.0	7.894889205910333e-46
746.5	8.214979131009593e-46
747.0	8.777601173583432e-46
747.5	8.386944678570234e-46
748.0	9.558341638458466e-46
748.5	1.0776862339293518e-45
749.0	1.0845688155522482e-45
749.5	1.0558120929561168e-45
750.0	1.0051747717837459e-45
750.5	8.591667196693052e-46
751.0	9.003753522762265e-46
751.5	9.786741832323086e-46
752.0	9.930249468078776e-46
752.5	9.766366153857775e-46
753.0	9.246293657194113e-46
753.5	9.438230598162503e-46
754.0	9.77620228285126e-46
754.5	9.503192572604246e-46
755.0	8.842167724319919e-46
755.5	8.760810569893597e-46
756.0	7.389274839629374e-46
756.5	8.243947615101034e-46
757.0	9.710239321372576e-46
757.5	9.072117826791392e-46
758.0	1.0210189539753177e-45
758.5	9.830104160414512e-46
759.0	9.402444015428893e-46
759.5	9.96646284405407e-46
760.0	9.827682005940021e-46
760.5	9.937258968263963e-46
761.0	9.048420272477675e-46
761.5	1.0006030415595717e-45
762.0	9.658674102701089e-46
762.5	9.421914217858236e-46
763.0	9.561170780700329e-46
763.5	1.0378382026066434e-45
764.0	9.654587387573094e-46
764.5	8.417676324601635e-46
765.0	8.50793051981885e-46
765.5	8.813754802493422e-46
766.0	9.983533994893366e-46
766.5	9.892939280120435e-46
767.0	9.96396496520665e-46
767.5	9.013275011018615e-46
768.0	8.730257453786928e-46
768.5	9.171022915757449e-46
769.0	9.33083438863598e-46
769.5	8.877793608482358e-46
770.0	8.328993881913768e-46
770.5	9.254409884100121e-46
771.0	8.946157944121397e-46
771.5	9.28226683612898e-46
772.0	9.006245253374755e-46
772.5	9.042069603994503e-46
773.0	1.03691658935538e-45
773.5	1.018896555433749e-45
774.0	8.360862839265394e-46
774.5	8.932194577957774e-46
775.0	8.413178825011205e-46
775.5	8.547579540555532e-46
776.0	9.415899867575242e-46
776.5	1.0064015059621008e-45
777.0	1.0786399510945512e-45
777.5	1.0820995976580168e-45
778.0	9.666633262110836e-46
778.5	9.209042128100004e-46
779.0	8.742242289980432e-46
779.5	9.700392108554649e-46
780.0	9.796465365049593e-46
780.5	9.480173985882576e-46
781.0	8.977832972508857e-46
781.5	9.173500425338617e-46
782.0	1.0349457661207107e-45
782.5	1.1063118458785311e-45
783.0	1.0853061579682557e-45
783.5	9.614344286883428e-46
784.0	9.018264792191076e-46
784.5	8.781556989919059e-46
785.0	8.809352048752498e-46
785.5	9.349372934527161e-46
786.0	1.0286598691071103e-45
786.5	8.507850991211303e-46
787.0	1.0106400508875656e-45
787.5	9.139365716139191e-46
788.0	9.665403754851416e-46
788.5	1.023090309976337e-45
789.0	1.0925902955957574e-45
789.5	1.008997624120592e-45
790.0	1.1351339831915524e-45
790.5	1.1733114063304742e-45
791.0	1.0569780491521322e-45
791.5	9.980682679540312e-46
792.0	9.458693263142204e-46
792.5	9.70545307795002e-46
793.0	9.643504790456129e-46
793.5	9.433534987880882e-46
794.0	9.079865960273073e-46
794.5	1.0526515105334803e-45
795.0	9.955480796701503e-46
795.5	1.0551202379867532e-45
796.0	1.1104181011286391e-45
796.5	9.499618632428822e-46
797.0	8.668475147670901e-46
797.5	9.018869534042772e-46
798.0	9.18274031325074e-46
798.5	8.157488693461089e-46
799.0	9.116390250141051e-46
799.5	1.0812807529165292e-45
800.0	1.0569837351643096e-45
800.5	1.0751267173151863e-45
801.0	9.27207921918191e-46
801.5	9.748958282256378e-46
802.0	1.2553903049089075e-45
802.5	2.2831395264492677e-45
803.0	1.5434971036012047e-45
803.5	1.0024634222402278e-45
804.0	1.2913903431197233e-45
804.5	1.2060938473247334e-45
805.0	1.1116579614202932e-45
805.5	1.083848077607165e-45
806.0	1.114817787962679e-45
806.5	1.1431676936115084e-45
807.0	1.1126992524211685e-45
807.5	1.048759071669651e-45
808.0	1.0556241841581716e-45
808.5	1.0298394559477174e-45
809.0	1.0130204098023689e-45
809.5	1.0676007265895127e-45
810.0	1.1866464302734413e-45
810.5	1.1283126608447919e-45
811.0	9.944419113919637e-46
811.5	9.912030835075442e-46
812.0	1.0754729034105502e-45
812.5	1.0941381550070134e-45
813.0	9.636795571358653e-46
813.5	9.241035165088248e-46
814.0	1.0459457225187015e-45
814.5	1.1323846969500396e-45
815.0	1.1097177651757656e-45
815.5	1.1287035468160833e-45
816.0	1.1357889937143662e-45
816.5	1.0656610066723186e-45
817.0	1.1814620093051934e-45
817.5	1.3522815296615354e-45
818.0	1.2470155055081605e-45
818.5	1.178581469501437e-45
819.0	1.259182131491343e-45
819.5	1.3151187782225596e-45
820.0	1.2973115483687233e-45
820.5	1.1627322455083924e-45
821.0	1.2848079227713166e-45
821.5	1.287568913903385e-45
822.0	1.2109122795450985e-45
822.5	1.2023021507897733e-45
823.0	1.37891980706963e-45
823.5	1.2348890512506433e-45
824.0	1.2787363166707549e-45
824.5	1.2744687416080355e-45
825.0	1.1143426943605152e-45
825.5	1.0631177552433673e-45
826.0	1.0431529173546485e-45
826.5	1.1299305061849718e-45
827.0	1.1132153278811896e-45
827.5	1.1011040055430006e-45
828.0	1.1029567717661636e-45
828.5	9.899253564267032e-46
829.0	1.192157591395804e-45
829.5	1.2121460382581604e-45
830.0	1.1991648758907236e-45
830.5	1.1268323395208391e-45
831.0	1.047179478358816e-45
831.5	1.1402888744325897e-45
832.0	1.2550195277125324e-45
832.5	1.2407371957564783e-45
833.0	1.1602368782891761e-45
833.5	1.141561902661254e-45
834.0	1.0944178616502533e-45
834.5	1.1492274092170642e-45
835.0	1.167097138639754e-45
835.5	1.0929939786475884e-45
836.0	1.1455096132920594e-45
836.5	1.1322847610156685e-45
837.0	1.1972685744375872e-45
837.5	1.0638921592785349e-45
838.0	1.1746976503175445e-45
838.5	1.3074188586695256e-45
839.0	1.2605295155023916e-45
839.5	1.3194757978532968e-45
840.0	1.2200709376619684e-45
840.5	1.2093579789782678e-45
841.0	1.2414352211321105e-45
841.5	1.3190484600595183e-45
842.0	1.1595644058285082e-45
842.5	1.052317426227368e-45
843.0	1.0842452751592379e-45
843.5	1.1682653182097394e-45
844.0	1.0909786095416393e-45
844.5	9.84359425773236e-46
845.0	1.1033520728622405e-45
845.5	1.1289535223418324e-45
846.0	1.1327361017863204e-45
846.5	1.0772070641632338e-45
847.0	1.15744484762286e-45
847.5	1.1936206887875597e-45
848.0	1.239457006588484e-45
848.5	1.1095327930141536e-45
849.0	1.1535229029499955e-45
849.5	1.2585214683031597e-45
850.0	1.6204569532979362e-45
850.5	1.530649513746555e-45
851.0	9.857535223703086e-46
851.5	9.86789713932097e-46
852.0	1.0327661149599305e-45
852.5	1.210219991828219e-45
853.0	1.2870833889844584e-45
853.5	1.1788057704397448e-45
854.0	1.2175334394498874e-45
854.5	1.1731016104160815e-45
855.0	1.279082797730057e-45
855.5	1.4115489415285202e-45
856.0	1.467742988465741e-45
856.5	1.2496153845787687e-45
857.0	1.0360719207739707e-45
857.5	1.048960026539533e-45
858.0	1.1281382085171206e-45
858.5	1.1625889294736285e-45
859.0	1.1161065453272301e-45
859.5	1.148174516926634e-45
860.0	1.1435940987067025e-45
860.5	1.1363572344424615e-45
861.0	1.1637939885191645e-45
861.5	1.2625094852320094e-45
862.0	1.2124379495470845e-45
862.5	1.1970019366679763e-45
863.0	1.2738772956110428e-45
863.5	1.2516809932195292e-45
864.0	1.1258453018707932e-45
864.5	1.16378291975312e-45
865.0	1.2716637798154934e-45
865.5	1.2976146978969227e-45
866.0	1.1507862136092058e-45
866.5	1.1197026763355977e-45
867.0	1.1294543221644528e-45
867.5	1.1194594636913432e-45
868.0	1.1710463570998585e-45
868.5	1.1506326589317185e-45
869.0	1.3109954825015094e-45
869.5	1.262165465008763e-45
870.0	1.3959519028486554e-45
870.5	1.3856667270229977e-45
871.0	1.272298282681679e-45
871.5	1.2587803859442792e-45
872.0	1.3480261193805659e-45
872.5	1.4496394406349483e-45
873.0	1.3313251228490302e-45
873.5	1.2818983262109135e-45
874.0	1.124904236969222e-45
874.5	1.205181648366667e-45
875.0	1.3349692445756034e-45
875.5	1.2569094722451374e-45
876.0	1.0914547914220127e-45
876.5	1.1544309804819665e-45
877.0	1.2054547413260842e-45
877.5	1.142135780185219e-45
878.0	1.0073944911796193e-45
878.5	1.1538568380043754e-45
879.0	1.2627168322149929e-45
879.5	1.1494917323740285e-45
880.0	1.0891516184114016e-45
880.5	1.0634643478498765e-45
881.0	1.094396756517724e-45
881.5	1.1588518993847775e-45
882.0	1.1002598259330429e-45
882.5	1.0851803089185932e-45
883.0	1.4830739304818897e-45
883.5	1.8862837365810487e-44
884.0	9.229988769851757e-44
884.5	6.281716899372323e-43
885.0	3.308909904811687e-43
885.5	4.469948922581923e-45
886.0	1.4182701408871087e-45
886.5	1.408083634227052e-45
887.0	1.471279258539905e-45
887.5	1.408020687070039e-45
888.0	2.8808928486530784e-45
888.5	3.031799615852001e-44
889.0	4.9803070395113424e-43
889.5	4.6845365625759624e-43
890.0	9.72124633699044e-44
890.5	1.3995790083532895e-44
891.0	1.4443252824165347e-45
891.5	1.507320812402879e-44
892.0	1.637683564119807e-43
892.5	1.2750511935558067e-42
893.0	7.61612503644272e-42
893.5	3.3768335479401363e-42
894.0	1.7745658784737377e-43
894.5	9.525553325180103e-45
895.0	2.1938424692539385e-44
895.5	1.0604757247476891e-43
896.0	1.3240423841302894e-43
896.5	1.6279729880267823e-43
897.0	8.482877261426568e-44
897.5	8.217594477320082e-44
898.0	3.3362214795271125e-43
898.5	2.908378665193293e-42
899.0	1.508236743632009e-42
899.5	2.466272418149607e-44
900.0	4.096098498395095e-45
900.5	1.564887179244212e-45
901.0	1.1984796990539544e-45
901.5	1.2636662304761455e-45
902.0	1.334937054282714e-45
902.5	4.3587146421861267e-45
903.0	6.347309515929884e-45
903.5	2.680005077254073e-45
904.0	2.363416315161929e-43
904.5	6.708200699100961e-43
905.0	1.3771341583710186e-42
905.5	1.871218632521044e-42
906.0	1.8712687069573927e-43
906.5	3.567659381065257e-44
907.0	1.3656091034828278e-44
907.5	1.3974686697650827e-45
908.0	1.320388750822035e-45
908.5	1.437735311816515e-45
909.0	1.606052399146935e-45
909.5	1.3345517613248674e-45
910.0	1.213886336298512e-45
910.5	1.3212594411964824e-45
911.0	1.3852768194328376e-45
911.5	1.2291204874072412e-45
912.0	1.1601337316781766e-45
912.5	1.3008316556031309e-45
913.0	1.227384364688038e-45
913.5	1.1825883056707346e-45
914.0	1.2898032071882164e-45
914.5	1.432294958593902e-45
915.0	1.3795281165343515e-45
915.5	1.4706661316895782e-45
916.0	1.510013580527857e-45
916.5	1.328302485138397e-45
917.0	1.2713624625808045e-45
917.5	1.2960926587229387e-45
918.0	1.4092376447132383e-45
918.5	1.4080735018057097e-45
919.0	1.2585413934599032e-45
919.5	1.2909633742203822e-45
920.0	1.4126129705446764e-45
920.5	1.4024941089167836e-45
921.0	1.2753738902873833e-45
921.5	1.3120973939109113e-45
922.0	1.3199248796043356e-45
922.5	1.2556966744767807e-45
923.0	1.3526690680834758e-45
923.5	1.4014759966015076e-45
924.0	1.5015202986457347e-45
924.5	1.4311205408935245e-45
925.0	1.526162524899887e-45
925.5	1.344979269708255e-45
926.0	1.2392348664494325e-45
926.5	1.1909525200674086e-45
927.0	1.2395596102896115e-45
927.5	1.3565630655997979e-45
928.0	1.3599261666192593e-45
928.5	1.451327018835988e-45
929.0	1.3021246757323053e-45
929.5	1.263365010043319e-45
930.0	1.3043458146388747e-45
930.5	1.4383562955278245e-45
931.0	1.3611277811798819e-45
931.5	1.4845561595434347e-45
932.0	1.4577850532872553e-45
932.5	1.4560435389529087e-45
933.0	1.567496545067716e-45
933.5	1.4615755726478056e-45
934.0	1.4384357497384776e-45
934.5	1.548363044719777e-45
935.0	1.3717948194678693e-45
935.5	1.4047050328786394e-45
936.0	1.3812628534687351e-45
936.5	1.4121084476705744e-45
937.0	1.5434101420462588e-45
937.5	1.6610656106199628e-45
938.0	1.6303000281445214e-45
938.5	1.757031155357965e-45
939.0	1.836099116256795e-45
939.5	1.689800181664127e-45
940.0	1.6585296129404943e-45
940.5	1.7394342679162368e-45
941.0	1.6145654411439314e-45
941.5	1.734189373763951e-45
942.0	1.4068146448879744e-45
942.5	1.3809859580671583e-45
943.0	1.3948234466573464e-45
943.5	1.3657735603704872e-45
944.0	1.2788343157960624e-45
944.5	1.2557980856871965e-45
945.0	1.5425750769910452e-45
945.5	1.496984942494203e-45
946.0	1.5793683546211247e-45
946.5	1.595288506237253e-45
947.0	1.5669458334724274e-45
947.5	1.491395933000428e-45
948.0	1.2117240627407366e-45
948.5	1.3589053356966694e-45
949.0	1.6618070542586044e-45
949.5	1.50715853670084e-45
950.0	1.3615061172863332e-45
950.5	1.5194469652985915e-45
951.0	1.4735525694953755e-45
951.5	1.5556487696825722e-45
952.0	1.7264886144248398e-45
952.5	1.796208673533676e-45
953.0	1.4591412145079388e-45
953.5	1.4519863594942694e-45
954.0	1.4807965688198534e-45
954.5	1.4545233986561934e-45
955.0	1.5977830100686908e-45
955.5	1.5886950760209455e-45
956.0	1.5764009702279415e-45
956.5	1.4123965776336126e-45
957.0	1.3081192845212491e-45
957.5	1.2923877556678581e-45
958.0	1.3503947759799507e-45
958.5	1.490805504255416e-45
959.0	1.388042876743451e-45
959.5	1.5768240097117997e-45
960.0	1.5539246341792812e-45
960.5	1.4885841817072838e-45
961.0	1.4072706278440133e-45
961.5	1.6552237303803625e-45
962.0	1.622533276708246e-45
962.5	1.3806995557460951e-45
963.0	1.4315058214476836e-45
963.5	1.3959852262602818e-45
964.0	1.636948432954608e-45
964.5	1.6609432203797083e-45
965.0	1.6119097832754114e-45
965.5	1.5146019690513854e-45
966.0	1.468207008020754e-45
966.5	1.5425976131829276e-45
967.0	1.7720196517366743e-45
967.5	1.703513600874106e-45
968.0	1.511382346514963e-45
968.5	1.604225799426358e-45
969.0	1.843916811994189e-45
969.5	1.6528346066027107e-45
970.0	1.5895518679518033e-45
970.5	1.5215352216428505e-45
971.0	1.535950617819108e-45
971.5	1.5405648224603647e-45
972.0	1.4386805966251028e-45
972.5	1.3783223059209101e-45
973.0	1.4802232747292002e-45
973.5	1.4120032013859854e-45
974.0	1.473044824969264e-45
974.5	1.5487847162116745e-45
975.0	1.5099116361334598e-45
975.5	1.541384606662436e-45
976.0	1.501928859104202e-45
976.5	1.6466220332215418e-45
977.0	1.484254768830967e-45
977.5	1.4183117544606256e-45
978.0	1.5257209648215234e-45
978.5	1.4995510460768544e-45
979.0	1.65729003662797e-45
979.5	1.645635412278311e-45
980.0	1.397437114753297e-45
980.5	1.6541226600801324e-45
981.0	1.657879714228242e-45
981.5	1.5068025848909358e-45
982.0	1.5150891934086674e-45
982.5	1.553127863698892e-45
983.0	1.554737970138286e-45
983.5	1.673689656234158e-45
984.0	1.7444925361642246e-45
984.5	1.54261807087394e-45
985.0	1.3244362992442894e-45
985.5	1.2678975923482168e-45
986.0	1.3810689816667035e-45
986.5	1.4094682154851307e-45
987.0	1.3762235394366194e-45
987.5	1.4029220651703236e-45
988.0	1.3720377491706127e-45
988.5	1.493947850690516e-45
989.0	1.4952104316879463e-45
989.5	1.471298643017777e-45
990.0	1.4804166197301282e-45
990.5	1.4348496842592183e-45
991.0	1.473492934090315e-45
991.5	1.4601830111671314e-45
992.0	1.453338739492211e-45
992.5	1.5933662503317997e-45
993.0	1.810401834457653e-45
993.5	1.833799294739389e-45
994.0	1.5629527537037955e-45
994.5	1.6362137935954555e-45
995.0	1.6458483729726784e-45
995.5	1.4709659252949298e-45
996.0	1.465681021239859e-45
996.5	1.61341534006664e-45
997.0	1.7672711263223497e-45
997.5	1.5278756415854886e-45
998.0	1.4363680910296618e-45
998.5	1.5507173763146672e-45
999.0	1.470232889017467e-45
999.5	1.4154512553365607e-45
1000.0	1.586528697679375e-45
1000.5	1.622279216518287e-45
1001.0	1.7138600705191736e-45
1001.5	1.6195917229085473e-45
1002.0	1.6462016874448485e-45
1002.5	1.7612202817284613e-45
1003.0	1.7964805356858204e-45
1003.5	1.9268967329042513e-45
1004.0	1.7867083169881196e-45
1004.5	1.6914927464345883e-45
1005.0	1.6761985670992054e-45
1005.5	1.592810225591561e-45
1006.0	1.5316627614404848e-45
1006.5	1.4277705152937522e-45
1007.0	1.635123865355389e-45
1007.5	1.6096813748613047e-45
1008.0	1.604488610835005e-45
1008.5	1.6264648591937474e-45
1009.0	1.6332513454871965e-45
1009.5	1.544553982153319e-45
1010.0	1.5324202888560214e-45
1010.5	1.5178065870834174e-45
1011.0	1.3762083032021538e-45
1011.5	1.639258170687369e-45
1012.0	1.658478044929197e-45
1012.5	1.6288624398517448e-45
1013.0	1.5985849054893308e-45
1013.5	1.5656043168762054e-45
1014.0	1.5815550919768632e-45
1014.5	1.5177719594404645e-45
1015.0	1.5676282553733148e-45
1015.5	1.5437383829921238e-45
1016.0	1.5728137829604827e-45
1016.5	1.5607607760264018e-45
1017.0	1.6519314133147173e-45
1017.5	1.6435297082125615e-45
1018.0	1.6552148060731102e-45
1018.5	1.5440524742159284e-45
1019.0	1.5154416574596897e-45
1019.5	1.6453967050282315e-45
1020.0	1.7251364343057814e-45
1020.5	1.633007624238205e-45
1021.0	1.4777609787704826e-45
1021.5	1.6096137059920057e-45
1022.0	1.574330911388517e-45
1022.5	1.6623840396080153e-45
1023.0	1.5789681526639655e-45
1023.5	1.7163988982885157e-45
1024.0	1.8090661063061844e-45
1024.5	1.673526542441173e-45
1025.0	1.5472159289063858e-45
1025.5	1.808267297249752e-45
1026.0	1.7278621861242138e-45
1026.5	1.5288467490487994e-45
1027.0	1.6406902881630965e-45
1027.5	1.5795145882619524e-45
1028.0	1.418904791885813e-45
1028.5	1.6300622028613203e-45
1029.0	1.7279075841080698e-45
1029.5	1.7809163007683637e-45
1030.0	1.7766738499588384e-45
1030.5	1.772183127736262e-45
1031.0	1.7978349350687006e-45
1031.5	1.847881050945913e-45
1032.0	1.8445258528995495e-45
1032.5	1.7091247412860995e-45
1033.0	1.6516101255602522e-45
1033.5	1.5745603067542788e-45
1034.0	1.7338706177829024e-45
1034.5	1.7324293640981663e-45
1035.0	1.5893468455076415e-45
1035.5	1.5290555322765897e-45
1036.0	1.4733177216855444e-45
1036.5	1.6109349767799828e-45
1037.0	1.5912910935225015e-45
1037.5	1.5889889858550942e-45
1038.0	1.9403507922020113e-45
1038.5	1.7034146275592733e-45
1039.0	1.6106112157239292e-45
1039.5	1.6328585342254166e-45
1040.0	1.737579690610819e-45
1040.5	1.7320830607546944e-45
1041.0	1.580065365719069e-45
1041.5	1.689764734469721e-45
1042.0	1.6231357006310603e-45
1042.5	1.7203065079014772e-45
1043.0	1.7629467391171656e-45
1043.5	1.6748631981283435e-45
1044.0	1.7711999780454743e-45
1044.5	1.8306018999169883e-45
1045.0	1.7740599613245672e-45
1045.5	1.5272580033519015e-45
1046.0	1.5926550173690367e-45
1046.5	1.4880191552482455e-45
1047.0	1.630000888403847e-45
1047.5	1.822447516868772e-45
1048.0	1.6937805076861217e-45
1048.5	1.7377013282219042e-45
1049.0	1.8087600667230965e-45
1049.5	1.9508622260902815e-45
1050.0	2.18581351391546e-45
1050.5	2.3712727006246978e-45
1051.0	1.8568835523910595e-45
1051.5	1.8189650233830663e-45
1052.0	1.757942206758218e-45
1052.5	1.8253162050431332e-45
1053.0	1.7174225088496802e-45
1053.5	1.8155051905495128e-45
1054.0	1.8609741946701635e-45
1054.5	1.6790676043675803e-45
1055.0	1.6757269071008792e-45
1055.5	1.6977068155684762e-45
1056.0	1.657883598396306e-45
1056.5	1.5582868971355935e-45
1057.0	1.7376720402889782e-45
1057.5	2.063543581610128e-45
1058.0	1.873199116042706e-45
1058.5	1.5921116568987037e-45
1059.0	1.76551868606856e-45
1059.5	1.8448673928964786e-45
1060.0	2.1625592809679227e-45
1060.5	2.23298107711775e-45
1061.0	1.843326490170527e-45
1061.5	1.7237738917161067e-45
1062.0	2.003926979329251e-45
1062.5	1.9242512611892127e-45
1063.0	1.8441300126919114e-45
1063.5	1.8682967747905057e-45
1064.0	1.756762408383412e-45
1064.5	1.6829467625221976e-45
1065.0	1.672155883379568e-45
1065.5	1.7104594821485284e-45
1066.0	1.7874204653060884e-45
1066.5	1.8889017041669746e-45
1067.0	1.8930085521794555e-45
1067.5	1.9141520304040252e-45
1068.0	1.864410005088926e-45
1068.5	1.7370608799363117e-45
1069.0	1.8446020855156075e-45
1069.5	1.776225779653984e-45
1070.0	1.6494092592493974e-45
1070.5	1.7630544475772185e-45
1071.0	1.7800203608587884e-45
1071.5	1.8031546946258355e-45
1072.0	1.834233800373016e-45
1072.5	1.4900941061518366e-45
1073.0	1.584325290758383e-45
1073.5	1.71575322519269e-45
1074.0	1.6995971403460132e-45
1074.5	1.789449922561349e-45
1075.0	1.7628487707462335e-45
1075.5	1.6999982519698003e-45
1076.0	1.6747282761011794e-45
1076.5	1.6106864506368192e-45
1077.0	1.8987245440701713e-45
1077.5	1.9685878850932002e-45
1078.0	1.8427489108660965e-45
1078.5	1.8474308549305053e-45
1079.0	1.9228130356933333e-45
1079.5	1.8242358435791652e-45
1080.0	1.685741994101683e-45
1080.5	1.6273737063270596e-45
1081.0	1.7282973792647374e-45
1081.5	1.805900645286093e-45
1082.0	1.7774245153331545e-45
1082.5	1.72897755602364e-45
1083.0	1.882697729594208e-45
1083.5	1.8923660536615804e-45
1084.0	1.827173744390407e-45
1084.5	1.608598416166287e-45
1085.0	1.649545001301674e-45
1085.5	1.8674494161359088e-45
1086.0	2.0617012089402387e-45
1086.5	1.783128812295435e-45
1087.0	1.6921577147841336e-45
1087.5	1.7539970656530385e-45
1088.0	1.823260376569385e-45
1088.5	1.9246960116591934e-45
1089.0	1.861480183664244e-45
1089.5	1.865376869395472e-45
1090.0	1.9017842539160345e-45
1090.5	1.8578394544685807e-45
1091.0	1.911084808153086e-45
1091.5	2.0002984178841133e-45
1092.0	1.7475944699708868e-45
1092.5	1.7359495707218028e-45
1093.0	1.8978424237485423e-45
1093.5	2.201568637371708e-45
1094.0	1.9358122920672344e-45
1094.5	1.8886722444767206e-45
1095.0	1.9189849277966127e-45
1095.5	1.9178794846776942e-45
1096.0	1.8421461870175342e-45
1096.5	1.9736076620993076e-45
1097.0	1.9032719378319648e-45
1097.5	1.9103608748372044e-45
1098.0	1.865697627778388e-45
1098.5	1.8845877888013012e-45
1099.0	1.6748229722097193e-45
1099.5	2.0999247042729402e-45
1100.0	2.294933458277005e-45
1100.5	1.9016207970364906e-45
1101.0	2.120614601497584e-45
1101.5	1.9022597867767083e-45
1102.0	1.9576654033442525e-45
1102.5	1.8511372599766712e-45
1103.0	1.9908469239808747e-45
1103.5	1.9550860451159013e-45
1104.0	1.889434098808572e-45
1104.5	1.9378902803296947e-45
1105.0	1.7732097902627853e-45
1105.5	1.760928937123995e-45
1106.0	1.9248844684789444e-45
1106.5	1.697285427941456e-45
1107.0	1.7196497774382516e-45
1107.5	1.7851933552382128e-45
1108.0	1.7716117356474664e-45
1108.5	1.8959804215138583e-45
1109.0	2.034643915187415e-45
1109.5	2.1652723548133378e-45
1110.0	2.611763084215422e-45
1110.5	2.6462184308819513e-44
1111.0	9.120678271105263e-44
1111.5	2.6295128118202726e-44
1112.0	2.7296414154912788e-45
1112.5	2.0334316717203958e-45
1113.0	1.7921448028535187e-45
1113.5	1.939433990748557e-45
1114.0	1.8025500734268225e-45
1114.5	1.976829574994705e-45
1115.0	2.265362148993763e-45
1115.5	2.11434627508034e-45
1116.0	2.0278022559928564e-45
1116.5	2.1692671991720584e-45
1117.0	2.246108764340489e-45
1117.5	1.8354189505843225e-45
1118.0	1.9340147774226048e-45
1118.5	2.0537540601381768e-45
1119.0	1.846282198639902e-45
1119.5	1.9599537412787005e-45
1120.0	2.1362189473988492e-45
1120.5	2.273802665574407e-45
1121.0	2.2140102713466524e-45
1121.5	1.889361796160405e-45
1122.0	2.0418914971920884e-45
1122.5	1.938344978525749e-45
1123.0	1.775491813402306e-45
1123.5	1.8085054157947303e-45
1124.0	2.0367412989376533e-45
1124.5	2.2033299230236184e-45
1125.0	2.042275869403373e-45
1125.5	2.0481242963492e-45
1126.0	2.074230788183194e-45
1126.5	1.9801092695945563e-45
1127.0	1.776298793430928e-45
1127.5	1.8989048584205843e-45
1128.0	1.9749732314092087e-45
1128.5	1.8279094165310668e-45
1129.0	1.9106104519315316e-45
1129.5	1.9390784022552867e-45
1130.0	2.0247100683492327e-45
1130.5	1.893397660115057e-45
1131.0	2.0184108087373288e-45
1131.5	2.0808270614163115e-45
1132.0	1.8938207511397128e-45
1132.5	2.1539686024839216e-45
1133.0	1.9850093820637405e-45
1133.5	2.1987660302099407e-45
1134.0	2.21616480871656e-45
1134.5	1.8462081739522865e-45
1135.0	1.743133618339991e-45
1135.5	1.8442084101665294e-45
1136.0	2.0148435644824382e-45
1136.5	1.938748187253086e-45
1137.0	1.979991298082965e-45
1137.5	1.9756398616861572e-45
1138.0	1.7706631337836827e-45
1138.5	1.7990075336201764e-45
1139.0	1.87442802516057e-45
1139.5	1.882018959825556e-45
1140.0	1.831552125066892e-45
1140.5	2.0006305704478247e-45
1141.0	2.1687690004344797e-45
1141.5	1.9280354756983848e-45
1142.0	1.897503401416541e-45
1142.5	1.958742860473585e-45
1143.0	1.8815548314670943e-45
1143.5	1.887709482704633e-45
1144.0	1.9455638114674643e-45
1144.5	1.8449119191856894e-45
1145.0	1.725430655024359e-45
1145.5	1.8786580094248234e-45
1146.0	2.0863968703915342e-45
1146.5	1.9920997232018744e-45
1147.0	1.8261409056294054e-45
1147.5	1.8140720846017785e-45
1148.0	1.9481171430159853e-45
1148.5	2.0722112258035394e-45
1149.0	2.0298154097951766e-45
1149.5	2.1825145849813093e-45
1150.0	2.4420661063641506e-45
1150.5	2.158173250263084e-45
1151.0	2.414676508433772e-45
1151.5	3.1716133496019956e-45
1152.0	2.1668688426777772e-45
1152.5	1.8308013536917804e-45
1153.0	1.9477146578696614e-45
1153.5	2.228864092671363e-45
1154.0	1.9870167251708044e-45
1154.5	1.802401519731988e-45
1155.0	1.911631818479956e-45
1155.5	2.0162991428771277e-45
1156.0	2.2184882441825564e-45
1156.5	1.912610430960237e-45
1157.0	1.7598443298048978e-45
1157.5	1.75987766967837e-45
1158.0	1.8009128318067866e-45
1158.5	1.913831129164941e-45
1159.0	2.1863246671425172e-45
1159.5	2.1767240491730804e-45
1160.0	2.1049641262378024e-45
1160.5	2.200495246467585e-45
1161.0	2.011286922488716e-45
1161.5	2.0619212614125156e-45
1162.0	2.1899027379116058e-45
1162.5	2.0458063603631585e-45
1163.0	1.9713853789997142e-45
1163.5	2.0101129848735688e-45
1164.0	2.2580089580944943e-45
1164.5	2.236176830693195e-45
1165.0	2.0597334121330826e-45
1165.5	1.916048105784059e-45
1166.0	2.1050665010920003e-45
1166.5	1.884695082988737e-45
1167.0	1.8707948753233854e-45
1167.5	2.0993470355596672e-45
1168.0	2.0534964406487743e-45
1168.5	1.863581194150089e-45
1169.0	1.803587989876533e-45
1169.5	2.1864985222509248e-45
1170.0	2.0946959951090533e-45
1170.5	2.0894349117083538e-45
1171.0	2.1605830761265485e-45
1171.5	1.902692618384542e-45
1172.0	2.0099508488775195e-45
1172.5	2.231120867855097e-45
1173.0	2.310028444202713e-45
1173.5	2.230044717172614e-45
1174.0	2.2370757821465316e-45
1174.5	2.3354139234011847e-45
1175.0	2.234375075993143e-45
1175.5	2.146493759745498e-45
1176.0	2.1842511353544625e-45
1176.5	2.1471756248048073e-45
1177.0	2.012139628381089e-45
1177.5	2.2002135225439532e-45
1178.0	2.31095812123695e-45
1178.5	2.1940190947759843e-45
1179.0	2.556204062236091e-45
1179.5	2.6728187666908802e-45
1180.0	2.466242824689498e-45
1180.5	2.6237204592666286e-45
1181.0	2.5602457550732714e-45
1181.5	2.4452841345322603e-45
1182.0	2.436902751025244e-45
1182.5	2.1495044563449126e-45
1183.0	2.2473838948732092e-45
1183.5	2.2743187341743258e-45
1184.0	2.41690689461523e-45
1184.5	2.1972370788903533e-45
1185.0	2.0595320784295706e-45
1185.5	2.2919369526540008e-45
1186.0	2.3021523041463756e-45
1186.5	2.4355778400010508e-45
1187.0	2.4907923904364246e-45
1187.5	2.2256948034572764e-45
1188.0	1.9839175630476362e-45
1188.5	2.2817512590024433e-45
1189.0	2.58271692234279e-45
1189.5	2.3148670109162033e-45
1190.0	2.4115556164719958e-45
1190.5	2.35182296393049e-45
1191.0	2.412296501997619e-45
1191.5	2.1618700200029723e-45
1192.0	2.2154374542480122e-45
1192.5	2.729221539272163e-45
1193.0	2.4667530227144488e-45
1193.5	2.4023126744978227e-45
1194.0	2.3659341523607086e-45
1194.5	2.368561246271727e-45
1195.0	2.5244144780562615e-45
1195.5	2.450921151108741e-45
1196.0	2.173951002636664e-45
1196.5	2.0895597354842144e-45
1197.0	2.1226187233588465e-45
1197.5	2.3333801049545733e-45
1198.0	2.4478498387750497e-45
1198.5	2.2081998706528565e-45
1199.0	2.2026304800909892e-45
1199.5	2.3739729163284295e-45
1200.0	2.177767825759585e-45
1200.5	2.230118426957102e-45
1201.0	2.3212994785058658e-45
1201.5	2.3694160172658746e-45
1202.0	2.3973621175906546e-45
1202.5	2.4773390636496448e-45
1203.0	2.093891979641721e-45
1203.5	2.007278399295967e-45
1204.0	2.277272178068913e-45
1204.5	2.2299485773198964e-45
1205.0	2.5298397307077787e-45
1205.5	2.2889495970684414e-45
1206.0	2.1250493628622628e-45
1206.5	2.4155938052505487e-45
1207.0	2.476360200134409e-45
1207.5	2.3263774854830687e-45
1208.0	2.524426965476774e-45
1208.5	2.3122815792943396e-45
1209.0	2.1815539899236873e-45
1209.5	2.22166445974524e-45
1210.0	2.2669186142230827e-45
1210.5	2.45766126678557e-45
1211.0	2.3460540196265786e-45
1211.5	2.342584441879303e-45
1212.0	2.185640010385501e-45
1212.5	2.054387807637876e-45
1213.0	2.0376984290314963e-45
1213.5	2.250577114336703e-45
1214.0	2.3042235484480318e-45
1214.5	2.2704080586455693e-45
1215.0	2.2056155548576365e-45
1215.5	2.185120292959419e-45
1216.0	2.4891930605098168e-45
1216.5	2.7197246500128528e-45
1217.0	2.5561006903190483e-45
1217.5	2.290412835471541e-45
1218.0	2.25594189102157e-45
1218.5	2.3083457506010847e-45
1219.0	2.305242256975254e-45
1219.5	2.2606509859187237e-45
1220.0	2.3842821544713158e-45
1220.5	2.3266315453771235e-45
1221.0	2.1198990508110805e-45
1221.5	2.1503864674942305e-45
1222.0	2.3898992680096376e-45
1222.5	2.1687218786253166e-45
1223.0	1.894126464226236e-45
1223.5	2.4400324471571975e-45
1224.0	2.3758593360294468e-45
1224.5	2.0465326557126595e-45
1225.0	2.0264110086999302e-45
1225.5	2.102721605494189e-45
1226.0	2.3469445172380583e-45
1226.5	2.423819430257183e-45
1227.0	2.1517836082674507e-45
1227.5	2.0427681600492865e-45
1228.0	2.288624274500728e-45
1228.5	2.550696167468198e-45
1229.0	2.3486138901589082e-45
1229.5	2.332418615616361e-45
1230.0	2.1258285228022637e-45
1230.5	2.00194487053226e-45
1231.0	2.0140104590100646e-45
1231.5	2.1558292557570814e-45
1232.0	1.9491271023480632e-45
1232.5	2.2101561341227124e-45
1233.0	2.4348878160644834e-45
1233.5	2.2889273235917542e-45
1234.0	1.9756406809974852e-45
1234.5	1.8778710400250414e-45
1235.0	2.157011290212553e-45
1235.5	2.3478032111199455e-45
1236.0	2.3573963274120868e-45
1236.5	2.374807100248034e-45
1237.0	2.111075110089825e-45
1237.5	2.3205505464214888e-45
1238.0	2.055748806506188e-45
1238.5	2.239718177385434e-45
1239.0	2.4061349837423918e-45
1239.5	2.0868484266074623e-45
1240.0	2.047221663936804e-45
1240.5	2.1807752633090526e-45
1241.0	2.1840360496342667e-45
1241.5	2.427953038380564e-45
1242.0	2.4458298802952604e-45
1242.5	2.241363202804612e-45
1243.0	2.3465864682904286e-45
1243.5	2.3849771681178805e-45
1244.0	2.1202030180995152e-45
1244.5	2.258712218472012e-45
1245.0	2.5722482789888225e-45
1245.5	2.531855006499067e-45
1246.0	2.218899235140708e-45
1246.5	2.2182703081706808e-45
1247.0	2.368018711106969e-45
1247.5	2.2393949811442565e-45
1248.0	2.1241915985764443e-45
1248.5	2.3730345826644528e-45
1249.0	2.4768921027539566e-45
1249.5	2.3524607568711682e-45
1250.0	2.752420410353009e-45
1250.5	2.977320579518626e-45
1251.0	2.5292914188900625e-45
1251.5	2.2150336479193957e-45
1252.0	1.9493362615864868e-45
1252.5	2.285484784455035e-45
1253.0	2.3127449624037662e-45
1253.5	2.3005485073919277e-45
1254.0	2.1679610207878706e-45
1254.5	2.121343907103023e-45
1255.0	2.1561549571305948e-45
1255.5	2.0806146169728194e-45
1256.0	2.8634457716952866e-45
1256.5	5.874198746632667e-45
1257.0	4.4631731537883147e-45
1257.5	2.6124135938098506e-45
1258.0	2.5502312201754742e-45
1258.5	2.5140819944494016e-45
1259.0	2.6512240193870482e-45
1259.5	2.4548645330177907e-45
1260.0	2.6887126242719623e-45
1260.5	2.433435740182982e-45
1261.0	2.345055805602704e-45
1261.5	2.507394051807165e-45
1262.0	2.661163500688612e-45
1262.5	2.445151982298653e-45
1263.0	2.092100751262369e-45
1263.5	2.0955781906605583e-45
1264.0	2.079944754931217e-45
1264.5	2.457611062242085e-45
1265.0	2.5369473458097423e-45
1265.5	2.8842782448892323e-45
1266.0	2.7293266699211814e-45
1266.5	2.0681573221968313e-45
1267.0	2.1292061449194956e-45
1267.5	2.2615981973361685e-45
1268.0	2.6623878943982323e-45
1268.5	2.6932259342912362e-45
1269.0	2.6251833745628273e-45
1269.5	2.4882131821333517e-45
1270.0	2.372712769638498e-45
1270.5	2.578607494930031e-45
1271.0	2.6346876589162613e-45
1271.5	2.5737132569414875e-45
1272.0	2.383878845943164e-45
1272.5	2.2724569566422368e-45
1273.0	2.4404988835242026e-45
1273.5	2.4511445013072678e-45
1274.0	2.4711338153116732e-45
1274.5	2.5310374484172262e-45
1275.0	2.2461966172986682e-45
1275.5	2.6242542114076018e-45
1276.0	2.623907693125752e-45
1276.5	2.405103591917291e-45
1277.0	2.3888400205131538e-45
1277.5	2.4040388238576766e-45
1278.0	2.803416492179323e-45
1278.5	2.916506171124229e-45
1279.0	2.6229337964835237e-45
1279.5	2.3876747791081854e-45
1280.0	2.23415401646485e-45
1280.5	2.6349785918269268e-45
1281.0	2.5266766593426385e-45
1281.5	2.6666081324651677e-45
1282.0	2.6572353250349886e-45
1282.5	2.5814207372289193e-45
1283.0	2.395400762234612e-45
1283.5	2.6101621357875443e-45
1284.0	2.4656709049596216e-45
1284.5	2.319107679097534e-45
1285.0	2.463635569955733e-45
1285.5	2.454078711371474e-45
1286.0	2.5880261705553627e-45
1286.5	2.3765354824344463e-45
1287.0	2.309342718266697e-45
1287.5	2.4489014792420238e-45
1288.0	2.4903017042944243e-45
1288.5	2.7025193332936362e-45
1289.0	2.7411547723025836e-45
1289.5	2.398292885270273e-45
1290.0	2.5448793805282147e-45
1290.5	2.6306235551884825e-45
1291.0	2.4812588047594e-45
1291.5	2.5654426224322207e-45
1292.0	2.4307428854102752e-45
1292.5	2.4978908321749772e-45
1293.0	2.415388600646988e-45
1293.5	2.496432323878172e-45
1294.0	2.410876220227117e-45
1294.5	2.519922634187679e-45
1295.0	2.4085903030487767e-45
1295.5	2.277830952148343e-45
1296.0	2.297123482124973e-45
1296.5	2.5260374283857937e-45
1297.0	2.5414021938267516e-45
1297.5	2.400825546282477e-45
1298.0	2.344522163408045e-45
1298.5	2.5734603156685124e-45
1299.0	2.9940633687821773e-45
1299.5	2.94614232090615e-45
1300.0	2.7529172774345326e-45
1300.5	2.900964100541881e-45
1301.0	3.1308933201422245e-45
1301.5	2.9626138045710416e-45
1302.0	2.810960268405186e-45
1302.5	3.15595277036095e-45
1303.0	3.1489776697229146e-45
1303.5	2.8722424128584625e-45
1304.0	2.6174770897490958e-45
1304.5	2.600637643579241e-45
1305.0	2.4789991457889408e-45
1305.5	2.7401135627571163e-45
1306.0	3.016231581224923e-45
1306.5	2.6131337479251237e-45
1307.0	2.3739525432351584e-45
1307.5	2.5850094879139243e-45
1308.0	2.710705464844435e-45
1308.5	2.7161278865238807e-45
1309.0	2.331155173291732e-45
1309.5	2.4496193986345823e-45
1310.0	3.022926008886964e-45
1310.5	2.8534214109260603e-45
1311.0	2.757380293250969e-45
1311.5	2.720173374250811e-45
1312.0	2.744042036368404e-45
1312.5	2.381813525179697e-45
1313.0	2.4706478195894062e-45
1313.5	2.471874412392564e-45
1314.0	2.5045179351711037e-45
1314.5	2.5226855570022045e-45
1315.0	2.3322933377099847e-45
1315.5	2.452321517443146e-45
1316.0	2.4955812502648635e-45
1316.5	2.688200121779213e-45
1317.0	2.5860000985801837e-45
1317.5	2.4855180165934167e-45
1318.0	2.5223953154320308e-45
1318.5	2.5664021389082788e-45
1319.0	2.6575717810195834e-45
1319.5	2.6029964172033637e-45
1320.0	2.457088850916093e-45
1320.5	2.6282833798035288e-45
1321.0	2.554442985270141e-45
1321.5	2.6954191178409105e-45
1322.0	2.7570342563050153e-45
1322.5	2.6176972321444556e-45
1323.0	2.6913277230368832e-45
1323.5	2.5970161446445807e-45
1324.0	2.3909986211337673e-45
1324.5	2.496153578559468e-45
1325.0	2.8023526762152106e-45
1325.5	2.848863998152641e-45
1326.0	2.680586135513665e-45
1326.5	2.5125890288567758e-45
1327.0	3.2636711293629227e-45
1327.5	3.5802315519051417e-45
1328.0	7.067886777669057e-45
1328.5	5.482178185162364e-44
1329.0	3.3112143364099534e-44
1329.5	9.930899915101923e-45
1330.0	2.1190389927233152e-44
1330.5	8.596439318205933e-45
1331.0	4.682450502151869e-45
1331.5	2.9515560241710736e-45
1332.0	3.788558557318468e-45
1332.5	3.208215545393897e-45
1333.0	2.6874568203096726e-45
1333.5	2.839577217258153e-45
1334.0	2.897931937979776e-45
1334.5	2.8128400389857406e-45
1335.0	2.7210161842160576e-45
1335.5	2.9432343167005796e-45
1336.0	3.7027673147593575e-45
1336.5	4.5589604874502315e-45
1337.0	1.3954123192153707e-44
1337.5	9.618107466675833e-45
1338.0	4.5433956983693795e-45
1338.5	1.341006229469039e-44
1339.0	6.827561276922506e-45
1339.5	4.743855774293933e-45
1340.0	4.438059102620143e-45
1340.5	6.794204648460555e-45
1341.0	1.684591794814425e-44
1341.5	1.5230589512447255e-44
1342.0	4.986664205510378e-44
1342.5	2.950245115509992e-44
1343.0	5.273821542076012e-44
1343.5	3.2477385066722137e-44
1344.0	7.290139584883658e-45
1344.5	1.4094670723167053e-44
1345.0	3.1982360926249415e-44
1345.5	8.63577332283201e-45
1346.0	3.425024982399392e-45
1346.5	7.802853614273473e-45
1347.0	1.7549114630982387e-44
1347.5	6.686914465499993e-45
1348.0	3.3341294721273136e-45
1348.5	2.919443585860783e-45
1349.0	2.2881081222687187e-45
1349.5	2.3806020221719607e-45
1350.0	2.947768206049196e-45
1350.5	3.360278652361374e-45
1351.0	2.8846280899538255e-45
1351.5	2.6519938328751005e-45
1352.0	2.5666219938040383e-45
1352.5	2.884269306930731e-45
1353.0	2.7452253222380718e-45
1353.5	2.6784953120944274e-45
1354.0	2.530482995529037e-45
1354.5	2.6462589889718926e-45
1355.0	2.8526809955415695e-45
1355.5	3.146399831424979e-45
1356.0	6.667947978055007e-45
1356.5	4.3174687784100185e-45
1357.0	3.932341598958466e-45
1357.5	4.1209331869724763e-45
1358.0	2.522944794831774e-43
1358.5	9.000064765440987e-43
1359.0	2.0328885767057842e-43
1359.5	2.8997355693441307e-45
1360.0	2.7844617657646128e-45
1360.5	2.6973901653287236e-45
1361.0	2.9712590466517344e-45
1361.5	3.174517856210613e-45
1362.0	2.9285158060082097e-45
1362.5	2.934248714341755e-45
1363.0	3.2871401412883487e-45
1363.5	2.728534231703657e-45
1364.0	2.7635695907108176e-45
1364.5	2.6802852615061926e-45
1365.0	2.8061105671870805e-45
1365.5	2.796443444867088e-45
1366.0	2.5782996880197762e-45
1366.5	2.834544379257042e-45
1367.0	3.1835278796480826e-45
1367.5	3.01374179482338e-45
1368.0	2.996513689037352e-45
1368.5	2.875682412633745e-45
1369.0	2.8497567242174987e-45
1369.5	2.6988560072455998e-45
1370.0	2.7627622810252618e-45
1370.5	2.938328669689652e-45
1371.0	3.118981615977596e-45
1371.5	3.145803359098849e-45
1372.0	3.0354824216509473e-45
1372.5	2.6091085278855183e-45
1373.0	2.6717933515644533e-45
1373.5	3.0306164868591634e-45
1374.0	2.913091090169163e-45
1374.5	2.9257206388458003e-45
1375.0	2.915162380038681e-45
1375.5	2.4674138547259995e-45
1376.0	2.573134392564121e-45
1376.5	2.862866690396089e-45
1377.0	2.605902098143481e-45
1377.5	2.5484813236832652e-45
1378.0	2.7076586336540724e-45
1378.5	2.707664584062072e-45
1379.0	2.87951114403275e-45
1379.5	2.954080905613941e-45
1380.0	2.8341659216035933e-45
1380.5	2.678949001214988e-45
1381.0	2.6391076229972596e-45
1381.5	2.693825428738517e-45
1382.0	3.0323725212758004e-45
1382.5	3.0132771493814795e-45
1383.0	2.923383228483145e-45
1383.5	3.089807023509951e-45
1384.0	2.96194855117821e-45
1384.5	2.8193649268726635e-45
1385.0	2.6959035520825638e-45
1385.5	2.7924518310882066e-45
1386.0	3.113425571543234e-45
1386.5	2.9182146961777524e-45
1387.0	2.7341340439644043e-45
1387.5	3.064698107806034e-45
1388.0	2.9040825888757637e-45
1388.5	3.220212045617023e-45
1389.0	3.0148442715794366e-45
1389.5	2.6891129318549732e-45
1390.0	2.6324932203202278e-45
1390.5	2.7136507279227135e-45
1391.0	2.7578905020816364e-45
1391.5	2.3829057926973895e-45
1392.0	2.6581964896432995e-45
1392.5	3.0429363795488217e-45
1393.0	2.885491073937427e-45
1393.5	3.206434015508454e-45
1394.0	3.060093415679057e-45
1394.5	2.8700617095249323e-45
1395.0	2.7919550521385813e-45
1395.5	2.7286435673823793e-45
1396.0	2.737590637611344e-45
1396.5	2.5875502702181473e-45
1397.0	2.7733558896786706e-45
1397.5	3.126588477268893e-45
1398.0	3.0798044059629225e-45
1398.5	2.5722605046455145e-45
1399.0	2.701822603889439e-45
1399.5	2.8926592861587645e-45
1400.0	2.873409962865505e-45
1400.5	2.798002362244627e-45
1401.0	2.631638249992851e-45
1401.5	2.5414766082911625e-45
1402.0	2.399500651318869e-45
1402.5	3.261803981790549e-45
1403.0	3.320678722643061e-45
1403.5	2.719243867582517e-45
1404.0	2.8337690852619184e-45
1404.5	3.220942755277834e-45
1405.0	2.928938030540468e-45
1405.5	2.7941707827917704e-45
1406.0	3.035344061402301e-45
1406.5	3.0245082012238064e-45
1407.0	2.839697625314669e-45
1407.5	3.2340097654574304e-45
1408.0	3.2297251539541966e-45
1408.5	2.9916873818105996e-45
1409.0	2.8782997832697085e-45
1409.5	3.197934950402949e-45
1410.0	3.0314800505555503e-45
1410.5	3.4522998513124224e-45
1411.0	3.407890857275598e-45
1411.5	3.5037457827921646e-45
1412.0	3.207578861330821e-45
1412.5	2.995328109599431e-45
1413.0	3.048548293028712e-45
1413.5	3.2097598183382323e-45
1414.0	3.0667614117208645e-45
1414.5	2.7817510288756348e-45
1415.0	2.949991926983692e-45
1415.5	3.0184918364613763e-45
1416.0	3.0199631606380114e-45
1416.5	3.021220198524827e-45
1417.0	2.92069554410302e-45
1417.5	2.96132419699373e-45
1418.0	2.9531970372928414e-45
1418.5	3.4576598696825636e-45
1419.0	4.166959167487799e-45
1419.5	3.8068464776931847e-45
1420.0	4.0357439232905694e-45
1420.5	3.9195033387924966e-45
1421.0	3.623705733207159e-45
1421.5	3.363553020938481e-45
1422.0	3.794755825220004e-45
1422.5	3.8739177518311446e-45
1423.0	3.408294082218933e-45
1423.5	3.2109126630256486e-45
1424.0	3.124040664695777e-45
1424.5	3.1741909907233956e-45
1425.0	3.623346099089744e-45
1425.5	3.9322072512480485e-45
1426.0	3.178891856616643e-45
1426.5	3.032935997952968e-45
1427.0	3.2909644306673657e-45
1427.5	3.445545896009033e-45
1428.0	3.365047636662571e-45
1428.5	2.8645382548483104e-45
1429.0	2.9565906051487856e-45
1429.5	3.112332251823765e-45
1430.0	3.160193296278167e-45
1430.5	3.074114110743266e-45
1431.0	3.091925372643386e-45
1431.5	3.063884503230144e-45
1432.0	3.0583820472350805e-45
1432.5	2.9151182697513046e-45
1433.0	2.8478336074007915e-45
1433.5	2.8873195339721643e-45
1434.0	2.7057052285072704e-45
1434.5	2.7713349055961763e-45
1435.0	3.042001309946129e-45
1435.5	3.159260555792554e-45
1436.0	3.283617223503839e-45
1436.5	3.9461204344594484e-45
1437.0	3.416442150309041e-45
1437.5	2.7625846617575954e-45
1438.0	2.931353040127151e-45
1438.5	3.133369817810825e-45
1439.0	2.958240223123009e-45
1439.5	2.954657489655529e-45
1440.0	3.3961364981373916e-45
1440.5	3.327236011879801e-45
1441.0	2.9523984029343215e-45
1441.5	3.4752093877491026e-45
1442.0	3.381105451765538e-45
1442.5	3.2988877743774626e-45
1443.0	3.214966953633829e-45
1443.5	3.440937997027218e-45
1444.0	3.653948021057609e-45
1444.5	3.3854943906768436e-45
1445.0	3.625231166432537e-45
1445.5	3.0408013363286556e-45
1446.0	3.0490673195237645e-45
1446.5	3.1709651177941966e-45
1447.0	3.323261798648145e-45
1447.5	3.734954402762279e-45
1448.0	3.7106350088231346e-45
1448.5	3.723974095438535e-45
1449.0	3.552619821218147e-45
1449.5	3.2494922733468666e-45
1450.0	3.193383950590311e-45
1450.5	2.7172370868482783e-45
1451.0	2.823746979168068e-45
1451.5	2.9289107527719797e-45
1452.0	3.030863280067837e-45
1452.5	3.420174441922359e-45
1453.0	3.0301829691372495e-45
1453.5	3.018857400931213e-45
1454.0	3.172711585322468e-45
1454.5	3.399757982652345e-45
1455.0	3.1616822008623464e-45
1455.5	3.1378304747822384e-45
1456.0	3.127803872302003e-45
1456.5	2.920009999290963e-45
1457.0	3.1542794069657973e-45
1457.5	2.9236355756797826e-45
1458.0	3.261995715144237e-45
1458.5	3.3311336060045647e-45
1459.0	3.420961448147331e-45
1459.5	3.484213574489472e-45
1460.0	3.333632112232177e-45
1460.5	3.156610277612307e-45
1461.0	3.3146062005753516e-45
1461.5	3.1674708870661935e-45
1462.0	3.0962379642761314e-45
1462.5	3.188079766296206e-45
1463.0	3.3928336870262256e-45
1463.5	3.251622237191818e-45
1464.0	2.8971167010715616e-45
1464.5	3.1400008189327916e-45
1465.0	3.415700254507498e-45
1465.5	2.968027544955565e-45
1466.0	2.8568221162907845e-45
1466.5	3.1417630164412356e-45
1467.0	3.2877078981994035e-45
1467.5	3.196551271564351e-45
1468.0	3.062974232113437e-45
1468.5	3.0984375346967987e-45
1469.0	3.415034711033479e-45
1469.5	3.2153217001597573e-45
1470.0	3.0966562984682066e-45
1470.5	3.168481089824853e-45
1471.0	3.2678271039228526e-45
1471.5	3.0044736260820455e-45
1472.0	3.079224732321969e-45
1472.5	3.357653942506049e-45
1473.0	3.117167431141425e-45
1473.5	2.9479481899152816e-45
1474.0	2.906166858411952e-45
1474.5	2.9679545691877064e-45
1475.0	3.482908546116504e-45
1475.5	3.4618467408681833e-45
1476.0	3.437762683049061e-45
1476.5	3.648064112086465e-45
1477.0	3.3933892281541106e-45
1477.5	2.996209410867645e-45
1478.0	3.058196610424092e-45
1478.5	3.229824801819391e-45
1479.0	3.242783009318569e-45
1479.5	3.323447010786768e-45
1480.0	3.677032990766481e-45
1480.5	3.369109986375073e-45
1481.0	3.459519561598519e-45
1481.5	3.082058381863986e-45
1482.0	3.500656381293904e-45
1482.5	3.5545256424904633e-45
1483.0	3.058351761140978e-45
1483.5	3.017742951508969e-45
1484.0	3.058535506616275e-45
1484.5	2.7947346654748205e-45
1485.0	3.2015388002411626e-45
1485.5	3.5448542013456713e-45
1486.0	3.2885109319653245e-45
1486.5	3.079538338297145e-45
1487.0	3.2326385932974744e-45
1487.5	2.7912089137403524e-45
1488.0	3.131325752225361e-45
1488.5	3.691784061993037e-45
1489.0	3.174063600574326e-45
1489.5	3.137775117939965e-45
1490.0	3.465637278640837e-45
1490.5	3.6045374661512357e-45
1491.0	3.3458935538443106e-45
1491.5	3.0068365143093685e-45
1492.0	3.1281424142500515e-45
1492.5	3.375584568896093e-45
1493.0	3.430936227621609e-45
1493.5	3.532372294421697e-45
1494.0	3.049182953620327e-45
1494.5	3.7299381789648153e-45
1495.0	3.745211403165618e-45
1495.5	3.5239100564112374e-45
1496.0	3.0483599234815866e-45
1496.5	3.031468652808408e-45
1497.0	3.18437722479386e-45
1497.5	3.6035500629146444e-45
1498.0	3.353561122263289e-45
1498.5	2.880455164769494e-45
1499.0	2.888118567870654e-45
1499.5	2.7017542111792444e-45
1500.0	2.876792756505239e-45
1500.5	3.179165004955373e-45
1501.0	3.2793143238596114e-45
1501.5	3.0791473764491606e-45
1502.0	3.130262012856037e-45
1502.5	2.9737844506003386e-45
1503.0	3.5353464407307054e-45
1503.5	3.843021871869171e-45
1504.0	3.7366396128679207e-45
1504.5	3.121649908345261e-45
1505.0	2.9609678244153476e-45
1505.5	3.135971724699459e-45
1506.0	3.544528062126056e-45
1506.5	3.4268916771594066e-45
1507.0	3.6131227375257794e-45
1507.5	3.452492539732243e-45
1508.0	3.203988849182409e-45
1508.5	3.2953994363929096e-45
1509.0	3.4976246053674016e-45
1509.5	3.4149225828214845e-45
1510.0	3.402241617033597e-45
1510.5	3.310503480840421e-45
1511.0	3.305308460992375e-45
1511.5	3.4178423297978824e-45
1512.0	3.5402374679401864e-45
1512.5	3.753090040455163e-45
1513.0	3.8469230132554185e-45
1513.5	3.589276130687787e-45
1514.0	3.0962085063224355e-45
1514.5	3.281062486342313e-45
1515.0	3.026488895377463e-45
1515.5	3.508235925411192e-45
1516.0	3.9134790059936306e-45
1516.5	3.619572317482564e-45
1517.0	3.456582368884492e-45
1517.5	3.8683745679835256e-45
1518.0	3.713110087925417e-45
1518.5	3.550108785801748e-45
1519.0	3.861262349955432e-45
1519.5	3.365409508088288e-45
1520.0	3.619174739477354e-45
1520.5	3.834627314068591e-45
1521.0	3.471453934494891e-45
1521.5	3.1812490429314016e-45
1522.0	3.2894502256242876e-45
1522.5	3.417329452992575e-45
1523.0	3.4167603371642257e-45
1523.5	3.369416061478297e-45
1524.0	3.52437035539646e-45
1524.5	3.4404101791140475e-45
1525.0	3.2757996978407145e-45
1525.5	3.304212494553983e-45
1526.0	3.408097153930022e-45
1526.5	3.299797794277948e-45
1527.0	3.326656113506438e-45
1527.5	3.114643866872581e-45
1528.0	3.088227151391857e-45
1528.5	3.1963990314026835e-45
1529.0	3.4874160000280696e-45
1529.5	3.447552809373244e-45
1530.0	3.518037808577798e-45
1530.5	3.401152876831195e-45
1531.0	3.4257927197826645e-45
1531.5	3.0844998775969365e-45
1532.0	3.2245058836205905e-45
1532.5	3.4644173904496193e-45
1533.0	3.447932981264767e-45
1533.5	3.79233402855005e-45
1534.0	3.679947275613813e-45
1534.5	3.7174550913229716e-45
1535.0	3.8016078964152693e-45
1535.5	3.542061151111079e-45
1536.0	3.4539739718457766e-45
1536.5	3.461818905932245e-45
1537.0	3.1816103425205003e-45
1537.5	3.5882022467538926e-45
1538.0	4.052760650528637e-45
1538.5	3.867915249688628e-45
1539.0	3.7705730325338935e-45
1539.5	3.725423063604034e-45
1540.0	4.050558010516055e-45
1540.5	4.3009261765463124e-45
1541.0	4.484351285939586e-45
1541.5	4.68920639174577e-45
1542.0	4.648203915927641e-45
1542.5	4.5770173991495424e-45
1543.0	3.780526727100992e-45
1543.5	3.600520476841604e-45
1544.0	3.9837166418676215e-45
1544.5	3.5346554237112017e-45
1545.0	3.362360922672442e-45
1545.5	4.024476606099665e-45
1546.0	3.941157344648279e-45
1546.5	3.743435142876909e-45
1547.0	3.832382843181401e-45
1547.5	3.805704631413789e-45
1548.0	3.5154400059323465e-45
1548.5	3.6721010068558266e-45
1549.0	3.732216729994271e-45
1549.5	3.3026839491497943e-45
1550.0	3.3359208879582846e-45
1550.5	3.5902725341866555e-45
1551.0	3.745374701971279e-45
1551.5	3.908800438707758e-45
1552.0	4.008344140186729e-45
1552.5	4.076060546499747e-45
1553.0	3.767484015633869e-45
1553.5	3.543636622560496e-45
1554.0	3.643314335767569e-45
1554.5	3.5265658822542916e-45
1555.0	3.251461590309369e-45
1555.5	3.455945966971061e-45
1556.0	3.675339053783321e-45
1556.5	3.2840010339381315e-45
1557.0	3.306752553171549e-45
1557.5	3.3546154821900366e-45
1558.0	3.2064811827202484e-45
1558.5	3.385208129048203e-45
1559.0	3.4169603479323086e-45
1559.5	3.3256186143242845e-45
1560.0	3.791433106563224e-45
1560.5	3.706629815526562e-45
1561.0	3.6241673341930966e-45
1561.5	3.518220037636964e-45
1562.0	3.4808145203097966e-45
1562.5	3.503600673533305e-45
1563.0	3.847632608170072e-45
1563.5	3.840019161262996e-45
1564.0	3.710712283482748e-45
1564.5	3.737313955728506e-45
1565.0	3.4863039871463253e-45
1565.5	3.820003983873556e-45
1566.0	4.274599821865819e-45
1566.5	3.7635623321070323e-45
1567.0	3.543981868834922e-45
1567.5	3.779085754827163e-45
1568.0	3.7936361981489095e-45
1568.5	3.7363760263357415e-45
1569.0	3.797354676740532e-45
1569.5	3.733742183521829e-45
1570.0	3.3490238001431096e-45
1570.5	3.755147339754672e-45
1571.0	3.91818429115398e-45
1571.5	3.754465821850742e-45
1572.0	3.81356702955542e-45
1572.5	3.5408114715481024e-45
1573.0	3.552367362596323e-45
1573.5	3.528281860130123e-45
1574.0	3.4037028736764036e-45
1574.5	4.0788773909824967e-45
1575.0	3.993312666200874e-45
1575.5	3.958728544564597e-45
1576.0	3.7364490425677196e-45
1576.5	3.7882587529987714e-45
1577.0	3.9438660173940185e-45
1577.5	3.7816596719885685e-45
1578.0	3.340170077625274e-45
1578.5	3.631268087114437e-45
1579.0	4.1824486027945285e-45
1579.5	3.597747014661002e-45
1580.0	3.735619415235944e-45
1580.5	3.779147827276162e-45
1581.0	3.5957357411343237e-45
1581.5	3.2718466284930874e-45
1582.0	3.8375744092351575e-45
1582.5	3.8431733431243684e-45
1583.0	3.7082986301300716e-45
1583.5	3.7413262004540406e-45
1584.0	3.4848490107109276e-45
1584.5	3.549392578725469e-45
1585.0	3.6600485024470296e-45
1585.5	3.516852129570698e-45
1586.0	3.5432909731314595e-45
1586.5	3.980883002163302e-45
1587.0	3.835388297680901e-45
1587.5	3.7473035599689056e-45
1588.0	3.740644934095316e-45
1588.5	3.534144525948977e-45
1589.0	3.198954725315855e-45
1589.5	3.5736014824024006e-45
1590.0	3.7291528702988064e-45
1590.5	3.835686336498633e-45
1591.0	4.478733753776793e-45
1591.5	3.83858988784605e-45
1592.0	4.032861811878745e-45
1592.5	4.0273778156183085e-45
1593.0	3.726393190913816e-45
1593.5	4.0663017809968785e-45
1594.0	3.7039679712829434e-45
1594.5	3.7080894786316304e-45
1595.0	3.561089449696023e-45
1595.5	3.346795079775566e-45
1596.0	3.165860010325249e-45
1596.5	3.762940860167997e-45
1597.0	4.3062900116480046e-45
1597.5	4.0387877573591576e-45
1598.0	3.827088926282542e-45
1598.5	3.958483208537079e-45
1599.0	3.5725398161931885e-45
1599.5	3.7044745227955603e-45
1600.0	3.479078860230932e-45
1600.5	3.5912904157336907e-45
1601.0	3.3807543035124636e-45
1601.5	3.2820243960193916e-45
1602.0	3.6751716539895425e-45
1602.5	3.581348448542388e-45
1603.0	3.7233963937482095e-45
1603.5	3.7997291261758236e-45
1604.0	3.7995559778564014e-45
1604.5	3.944036990465872e-45
1605.0	3.9694730339227503e-45
1605.5	3.71482834344983e-45
1606.0	3.8982929111458556e-45
1606.5	3.8116499076408006e-45
1607.0	4.17163239470459e-45
1607.5	3.6176069535577396e-45
1608.0	3.7109019031937086e-45
1608.5	3.6042535658095437e-45
1609.0	3.6531745939592076e-45
1609.5	3.574915606561914e-45
1610.0	3.911227960605298e-45
1610.5	3.750602162841e-45
1611.0	3.73156234844469e-45
1611.5	3.957613427131144e-45
1612.0	3.950663427482871e-45
1612.5	3.8068525008420986e-45
1613.0	3.8796874806335506e-45
1613.5	3.911644365651292e-45
1614.0	3.934728356802145e-45
1614.5	3.7960769806738504e-45
1615.0	3.597534713640413e-45
1615.5	3.477736331588779e-45
1616.0	3.3748267246489957e-45
1616.5	3.9215808294016006e-45
1617.0	4.0127118265271493e-45
1617.5	3.4276932388425006e-45
1618.0	3.5786088557523205e-45
1618.5	4.022405978451562e-45
1619.0	3.833211397583261e-45
1619.5	3.7760895725651676e-45
1620.0	3.929469477207187e-45
1620.5	4.066295987750626e-45
1621.0	3.678073102689481e-45
1621.5	3.6691048483363865e-45
1622.0	3.478389499998847e-45
1622.5	4.030778193718057e-45
1623.0	4.048176365113424e-45
1623.5	3.804130706637943e-45
1624.0	3.528768609053937e-45
1624.5	3.6839090343482405e-45
1625.0	3.8994710710849446e-45
1625.5	3.900076041247009e-45
1626.0	3.807752501186977e-45
1626.5	3.5789582461279836e-45
1627.0	3.595542348877006e-45
1627.5	3.6063374369536276e-45
1628.0	3.7449995120819136e-45
1628.5	3.917153799076012e-45
1629.0	3.601726025600818e-45
1629.5	3.4219262561047484e-45
1630.0	3.441653219115472e-45
1630.5	3.580154144819121e-45
1631.0	4.036221031410835e-45
1631.5	4.4775614395844487e-45
1632.0	4.0276482864176475e-45
1632.5	4.220023722927161e-45
1633.0	4.2681316238319985e-45
1633.5	4.3768533196749125e-45
1634.0	4.3529028519675146e-45
1634.5	3.93348164600729e-45
1635.0	3.7678157574310335e-45
1635.5	3.955668255242703e-45
1636.0	4.5491847883108525e-45
1636.5	4.4813203052972966e-45
1637.0	4.039596673146301e-45
1637.5	3.5224552833798683e-45
1638.0	3.255058660839134e-45
1638.5	3.517553013197156e-45
1639.0	3.739582004083347e-45
1639.5	3.5811923732968264e-45
1640.0	3.6387458841348455e-45
1640.5	4.1607018842758406e-45
1641.0	4.16440045429226e-45
1641.5	4.015289590562093e-45
1642.0	3.552763625188905e-45
1642.5	3.547727630447578e-45
1643.0	3.434776097910001e-45
1643.5	3.882138185344637e-45
1644.0	3.858079162036546e-45
1644.5	3.9461691182774384e-45
1645.0	4.2595786879412406e-45
1645.5	3.8707623454601596e-45
1646.0	3.775230842323798e-45
1646.5	4.0790186398040146e-45
1647.0	4.3154582551207483e-45
1647.5	3.7154711753892996e-45
1648.0	3.290862403981529e-45
1648.5	3.528275959482061e-45
1649.0	3.5412951015068936e-45
1649.5	3.146494133722939e-45
1650.0	3.6785429830890675e-45
1650.5	4.450467829536438e-45
1651.0	4.280733878137444e-45
1651.5	4.2625375834881996e-45
1652.0	4.4901079308838796e-45
1652.5	4.178483517501097e-45
1653.0	4.002256084321406e-45
1653.5	3.9946201119055684e-45
1654.0	4.266143567237881e-45
1654.5	4.3309189372734766e-45
1655.0	3.989458187443352e-45
1655.5	3.614439039991751e-45
1656.0	4.032263510518713e-45
1656.5	4.309891895059383e-45
1657.0	4.352391907461892e-45
1657.5	4.1371840469019107e-45
1658.0	3.815643341592075e-45
1658.5	3.9122301532137934e-45
1659.0	4.528806238274539e-45
1659.5	4.512230932872795e-45
1660.0	4.6772446966776375e-45
1660.5	5.1925051495342123e-45
1661.0	4.7321424183586154e-45
1661.5	4.770197133136706e-45
1662.0	4.922000656375255e-45
1662.5	4.907568421488898e-45
1663.0	4.653234487322827e-45
1663.5	4.8662283701462893e-45
1664.0	4.9214773027959504e-45
1664.5	4.568310861135624e-45
1665.0	4.369312409950504e-45
1665.5	4.287854139449779e-45
1666.0	3.7946501358562076e-45
1666.5	4.498114203650597e-45
1667.0	4.503366101689639e-45
1667.5	4.2587437001202106e-45
1668.0	4.4030049249253897e-45
1668.5	3.8351965990385435e-45
1669.0	4.150687362292736e-45
1669.5	3.9697972608844e-45
1670.0	4.2267178707394186e-45
1670.5	4.364778332893088e-45
1671.0	4.4524446067660105e-45
1671.5	4.3740760550334166e-45
1672.0	4.207946236441497e-45
1672.5	4.294055947151255e-45
1673.0	4.4528008998784e-45
1673.5	5.223275106152484e-45
1674.0	5.0216373309330044e-45
1674.5	4.3964056997693625e-45
1675.0	4.1606461104981507e-45
1675.5	4.221964666967101e-45
1676.0	4.3278548864878027e-45
1676.5	4.741680168213314e-45
1677.0	4.994213648391139e-45
1677.5	4.4036227016546125e-45
1678.0	4.258881341279817e-45
1678.5	4.479729007537711e-45
1679.0	4.37560138455251e-45
1679.5	4.3878988908376525e-45
1680.0	4.1300961178221456e-45
1680.5	3.864994928732503e-45
1681.0	4.125093819117307e-45
1681.5	4.199466528494767e-45
1682.0	4.613146832169384e-45
1682.5	4.486116084114315e-45
1683.0	4.497169204125552e-45
1683.5	4.127138986999816e-45
1684.0	4.017872802829893e-45
1684.5	4.1822622809528796e-45
1685.0	4.4189027925250267e-45
1685.5	3.9293662596781587e-45
1686.0	3.6974673515869594e-45
1686.5	3.8778379315080916e-45
1687.0	3.7676275992931536e-45
1687.5	4.148500131824885e-45
1688.0	4.18434409023999e-45
1688.5	4.412198780266741e-45
1689.0	4.509238463348073e-45
1689.5	4.587976541315915e-45
1690.0	4.090427043024328e-45
1690.5	3.9058839942054064e-45
1691.0	4.277737203479525e-45
1691.5	4.752005724042506e-45
1692.0	4.2625650653657236e-45
1692.5	4.2990079899121946e-45
1693.0	4.181506949169237e-45
1693.5	3.831949722373881e-45
1694.0	4.3222498471350494e-45
1694.5	4.410499294699041e-45
1695.0	4.1006416766376e-45
1695.5	3.9255513641628876e-45
1696.0	4.03194271676161e-45
1696.5	4.5861472498594286e-45
1697.0	3.938593381676577e-45
1697.5	3.671197398928101e-45
1698.0	4.2588190051542866e-45
1698.5	4.2549657858842355e-45
1699.0	4.581056034383435e-45
1699.5	4.4397572485250265e-45
1700.0	3.964160124379523e-45
1700.5	4.084880291844531e-45
1701.0	4.354911294681973e-45
1701.5	4.598938971038385e-45
1702.0	4.1214890735267504e-45
1702.5	3.980912916929897e-45
1703.0	3.6455486367954665e-45
1703.5	4.3862155079899147e-45
1704.0	4.939163141885065e-45
1704.5	4.7039529792324656e-45
1705.0	4.7998571896423915e-45
1705.5	4.863230884206519e-45
1706.0	4.257972652467551e-45
1706.5	4.1366435523408714e-45
1707.0	4.4542639230014085e-45
1707.5	4.2715954493087546e-45
1708.0	4.025606525274174e-45
1708.5	4.4762645332422866e-45
1709.0	4.2962240003651813e-45
1709.5	3.7829306296148147e-45
1710.0	4.004267596080199e-45
1710.5	3.9915580745978694e-45
1711.0	3.873065684253767e-45
1711.5	4.303566249207445e-45
1712.0	4.2104451805665904e-45
1712.5	4.1349704549355923e-45
1713.0	4.2114990175632246e-45
1713.5	4.7719690476960887e-45
1714.0	4.52844298597122e-45
1714.5	4.391933370484489e-45
1715.0	4.3860728002896656e-45
1715.5	4.376614977558225e-45
1716.0	3.977027548186818e-45
1716.5	4.2350686935530636e-45
1717.0	4.5231593314646646e-45
1717.5	4.415253559081925e-45
1718.0	4.8039424850918245e-45
1718.5	4.328673083562905e-45
1719.0	4.56685073134861e-45
1719.5	5.155232076190944e-45
1720.0	4.934356236439813e-45
1720.5	4.91716173993856e-45
1721.0	4.587218487422022e-45
1721.5	3.8066834783226944e-45
1722.0	3.8256460049209476e-45
1722.5	4.1275006529341454e-45
1723.0	4.233188426957361e-45
1723.5	4.246075393559917e-45
1724.0	4.11647308047432e-45
1724.5	4.2718166369443986e-45
1725.0	4.4307617191134295e-45
1725.5	4.674854392143604e-45
1726.0	4.642502710121012e-45
1726.5	4.2263638873774643e-45
1727.0	3.931900870771795e-45
1727.5	3.922422854188216e-45
1728.0	4.303351623966148e-45
1728.5	3.926696469632191e-45
1729.0	3.8497557886616217e-45
1729.5	3.9572819431320125e-45
1730.0	3.957555054522226e-45
1730.5	4.540557976909434e-45
1731.0	4.409936685813791e-45
1731.5	4.373640742208684e-45
1732.0	4.645282254447712e-45
1732.5	4.2031753621563144e-45
1733.0	3.914759674949337e-45
1733.5	3.7809072168415136e-45
1734.0	4.234840593416665e-45
1734.5	4.284141279809805e-45
1735.0	4.4957661638794304e-45
1735.5	4.3990313901426206e-45
1736.0	4.4097349098328675e-45
1736.5	4.9702010815349097e-45
1737.0	5.431329307826788e-45
1737.5	4.441674952391996e-45
1738.0	3.659483652992245e-45
1738.5	3.9393585761405307e-45
1739.0	4.391484279305087e-45
1739.5	4.2064450137053645e-45
1740.0	4.2308311171185165e-45
1740.5	4.2969258295927127e-45
1741.0	4.124763995439286e-45
1741.5	4.3705670107490663e-45
1742.0	4.4891103431160785e-45
1742.5	4.772968470550133e-45
1743.0	4.5198531713414e-45
1743.5	4.558308412109641e-45
1744.0	4.675084648910256e-45
1744.5	4.767877491056185e-45
1745.0	4.218399582694711e-45
1745.5	4.1628115868381975e-45
1746.0	4.1141600586266676e-45
1746.5	4.325096241982138e-45
1747.0	4.1261367224709926e-45
1747.5	4.0415762307538753e-45
1748.0	4.2328634281132705e-45
1748.5	4.509001930227238e-45
1749.0	4.59788721126571e-45
1749.5	4.234714717892364e-45
1750.0	4.248921163336308e-45
1750.5	4.694068882492849e-45
1751.0	4.6101974085206515e-45
1751.5	4.402108345888163e-45
1752.0	3.826396596009277e-45
1752.5	3.880393305521248e-45
1753.0	4.3644410988678075e-45
1753.5	4.519614129853137e-45
1754.0	4.9160492645587387e-45
1754.5	4.6894068492802796e-45
1755.0	4.4145066850707125e-45
1755.5	4.030640849178677e-45
1756.0	4.167508907063422e-45
1756.5	4.525144410187818e-45
1757.0	4.6466614645415184e-45
1757.5	4.8913990222158174e-45
1758.0	5.028957767305362e-45
1758.5	4.737737162865977e-45
1759.0	4.1104341049121434e-45
1759.5	4.477386384279293e-45
1760.0	4.2537132565910784e-45
1760.5	4.5848500459869587e-45
1761.0	4.8242485824679365e-45
1761.5	5.0137776259239714e-45
1762.0	6.159628241921824e-45
1762.5	6.031111630594897e-45
1763.0	4.457499067542797e-45
1763.5	5.240942630547226e-45
1764.0	1.1631451116461403e-44
1764.5	9.17762437521028e-45
1765.0	4.123992976391839e-45
1765.5	4.309226629927199e-45
1766.0	4.489150474650144e-45
1766.5	4.3769226630389613e-45
1767.0	4.3342985443543975e-45
1767.5	4.532536527603515e-45
1768.0	4.825132404473209e-45
1768.5	4.7729704284941194e-45
1769.0	4.629152109129147e-45
1769.5	3.902349856487053e-45
1770.0	3.8804954322614727e-45
1770.5	4.615401000025821e-45
1771.0	4.9141632934476e-45
1771.5	4.482505144435261e-45
1772.0	4.2989385577116947e-45
1772.5	3.977947187821914e-45
1773.0	4.4349554093445706e-45
1773.5	4.6386811818465284e-45
1774.0	4.321850446898217e-45
1774.5	4.673882043742983e-45
1775.0	5.107357784968107e-45
1775.5	4.6440534327154976e-45
1776.0	4.3833831509990235e-45
1776.5	5.2378671486171276e-45
1777.0	5.769020837448226e-45
1777.5	5.226901576265214e-45
1778.0	4.8121296278331956e-45
1778.5	6.29837250153771e-45
1779.0	2.4749948070584613e-44
1779.5	2.492372202411565e-44
1780.0	5.90929000388182e-45
1780.5	1.0600396883598962e-44
1781.0	1.409677960258891e-44
1781.5	6.883104470812254e-45
1782.0	1.2687976028459002e-44
1782.5	1.1280445330511308e-44
1783.0	6.207101480883801e-45
1783.5	5.3111016551862894e-45
1784.0	6.56867435124336e-45
1784.5	8.694826719003178e-45
1785.0	6.227313385760466e-45
1785.5	4.533567576190139e-45
1786.0	6.566380232059311e-45
1786.5	2.1465460197133307e-44
1787.0	1.7073959538987303e-44
1787.5	6.130856106722778e-45
1788.0	7.214548435062781e-45
1788.5	1.277088158291439e-44
1789.0	1.7007430208757366e-44
1789.5	7.133503880700791e-45
1790.0	1.3341426157596647e-44
1790.5	9.652096667710367e-45
1791.0	5.0245969658119123e-45
1791.5	4.6032823463840916e-45
1792.0	5.236084334956523e-45
1792.5	5.156905038386721e-45
1793.0	5.463949937022705e-45
1793.5	8.735716907284799e-45
1794.0	5.683350661048812e-45
1794.5	4.689464335261384e-45
1795.0	4.4527679373759934e-45
1795.5	1.6316070443023965e-44
1796.0	2.552455385421645e-44
1796.5	7.00696541690694e-45
1797.0	5.407074915210859e-45
1797.5	5.283766781725679e-45
1798.0	5.125727780906953e-45
1798.5	5.5703728843568356e-45
1799.0	5.731759703334193e-45
1799.5	4.974352096166097e-45
1800.0	5.2747607268208234e-45
1800.5	4.5374019722635704e-45
1801.0	4.305253709346911e-45
1801.5	4.8912860690690627e-45
1802.0	4.932092016565668e-45
1802.5	4.330654545553773e-45
1803.0	4.399570823191394e-45
1803.5	4.6252584606212254e-45
1804.0	5.086338792277094e-45
1804.5	5.564915270254386e-45
1805.0	8.493923995342966e-45
1805.5	6.050636623206399e-45
1806.0	5.2715528283648365e-45
1806.5	2.1508428071879987e-44
1807.0	2.381318965910988e-44
1807.5	6.031561026583615e-45
1808.0	5.1858598042371774e-45
1808.5	6.572244734012725e-45
1809.0	9.042540040219023e-45
1809.5	6.404431045127144e-45
1810.0	4.72349635334587e-45
1810.5	4.597724768576205e-45
1811.0	6.893759710487336e-45
1811.5	6.142989180283161e-45
1812.0	4.7883264548636176e-45
1812.5	4.884240705948319e-45
1813.0	4.774535921906691e-45
1813.5	5.26005893596325e-45
1814.0	5.737385700555392e-45
1814.5	4.7486429723363315e-45
1815.0	5.232341085068778e-45
1815.5	4.8181434905868877e-45
1816.0	4.7423188671048823e-45
1816.5	4.9929793489477264e-45
1817.0	4.834677629211431e-45
1817.5	5.3915397779231043e-45
1818.0	6.275053860661571e-45
1818.5	5.4209658059278983e-45
1819.0	5.187477150836162e-45
1819.5	4.576995008870844e-45
1820.0	5.101139878515354e-45
1820.5	4.898641151443271e-45
1821.0	5.107608634532976e-45
1821.5	5.4474779255819114e-45
1822.0	4.863517961752977e-45
1822.5	4.83694521845907e-45
1823.0	4.940066692532447e-45
1823.5	5.404730379245122e-45
1824.0	5.2154933440945424e-45
1824.5	5.4997235719038886e-45
1825.0	5.547509871298769e-45
1825.5	4.9873247627131724e-45
1826.0	4.951147223217521e-45
1826.5	4.794621695549279e-45
1827.0	4.9603418957558644e-45
1827.5	5.925515724480883e-45
1828.0	5.0696434553606254e-45
1828.5	5.0257518764028336e-45
1829.0	5.616055922166063e-45
1829.5	5.946551666960729e-45
1830.0	5.507699515556296e-45
1830.5	4.580629537405259e-45
1831.0	5.240723511004863e-45
1831.5	5.764493606873165e-45
1832.0	6.215186778315524e-45
1832.5	5.682621733668017e-45
1833.0	5.1314306752765755e-45
1833.5	4.9993327656266625e-45
1834.0	4.920371364613974e-45
1834.5	5.386332927345283e-45
1835.0	5.200210652164121e-45
1835.5	5.03514588512668e-45
1836.0	4.636460573285714e-45
1836.5	5.07704000923585e-45
1837.0	5.3937583229414905e-45
1837.5	5.101705140685608e-45
1838.0	5.17557562859677e-45
1838.5	5.514932945424345e-45
1839.0	5.1749902159924834e-45
1839.5	5.687243102940434e-45
1840.0	5.5812778418268715e-45
1840.5	5.748745344992348e-45
1841.0	6.298652083912389e-45
1841.5	6.210141727778658e-45
1842.0	5.3762642850859624e-45
1842.5	5.213995209024973e-45
1843.0	5.045589682081556e-45
1843.5	5.1564453448520463e-45
1844.0	5.13362493807802e-45
1844.5	5.914360792927891e-45
1845.0	5.911639260536391e-45
1845.5	5.772802112751261e-45
1846.0	4.7874529711826564e-45
1846.5	4.5837355830733914e-45
1847.0	5.0697492225152815e-45
1847.5	5.801575914725114e-45
1848.0	6.38189645033137e-45
1848.5	5.684011631514254e-45
1849.0	5.615163545559798e-45
1849.5	6.01151016444881e-45
1850.0	6.962239629336256e-45
1850.5	9.484130957249684e-45
1851.0	8.473407100908248e-45
1851.5	5.843033103761633e-45
1852.0	5.978241559431145e-45
1852.5	5.290843112215565e-45
1853.0	5.775796322170303e-45
1853.5	5.39909901098264e-45
1854.0	5.613267050287537e-45
1854.5	5.802547150147044e-45
1855.0	6.105328902336365e-45
1855.5	6.219880935480465e-45
1856.0	5.867848600703364e-45
1856.5	5.740247028077747e-45
1857.0	5.499539652012883e-45
1857.5	5.61580212754362e-45
1858.0	5.4538632123877705e-45
1858.5	5.229748263334226e-45
1859.0	5.051957775334651e-45
1859.5	5.0664241094898065e-45
1860.0	5.3716257741716395e-45
1860.5	6.084519673846023e-45
1861.0	6.32534236675582e-45
1861.5	5.838422594520662e-45
1862.0	5.617585816559071e-45
1862.5	5.3511586784651163e-45
1863.0	6.083917337176224e-45
1863.5	6.004726417884991e-45
1864.0	5.739644257050422e-45
1864.5	6.049765286061617e-45
1865.0	5.2567200574010933e-45
1865.5	5.397438720331598e-45
1866.0	5.590272005817436e-45
1866.5	6.051544685533309e-45
1867.0	5.906981403892549e-45
1867.5	5.387970367716513e-45
1868.0	5.990303248568457e-45
1868.5	5.684728665753961e-45
1869.0	5.202049265439438e-45
1869.5	5.1435686026562576e-45
1870.0	5.0254912508549294e-45
1870.5	4.9875453956000386e-45
1871.0	6.268262609369097e-45
1871.5	6.649717195311804e-45
1872.0	5.493176864193808e-45
1872.5	5.5067097109948003e-45
1873.0	5.96254794307711e-45
1873.5	6.157933083330385e-45
1874.0	6.379621143184113e-45
1874.5	4.94310554779739e-44
1875.0	3.844923657397629e-43
1875.5	3.52702593293584e-43
1876.0	4.055230093229362e-44
1876.5	6.108319305530707e-45
1877.0	5.579637787781368e-45
1877.5	5.698769228258452e-45
1878.0	5.631641602278e-45
1878.5	5.574826749546367e-45
1879.0	6.028394252821429e-45
1879.5	6.413318575832274e-45
1880.0	5.841375728530771e-45
1880.5	5.1553261107601605e-45
1881.0	4.8300447853761693e-45
1881.5	5.332139074825881e-45
1882.0	5.011941913465023e-45
1882.5	5.357088955265729e-45
1883.0	5.341004987377779e-45
1883.5	5.3352525435112036e-45
1884.0	5.085504259918301e-45
1884.5	5.254392456321174e-45
1885.0	5.4721326777453474e-45
1885.5	5.996584682598392e-45
1886.0	5.737378250318836e-45
1886.5	5.1233418716389e-45
1887.0	5.73094149481259e-45
1887.5	5.2409326225732175e-45
1888.0	4.918850347368224e-45
1888.5	5.0843100856378064e-45
1889.0	5.089467501099064e-45
1889.5	5.918491013293939e-45
1890.0	5.412825021287583e-45
1890.5	4.887086088667343e-45
1891.0	5.2676627638263716e-45
1891.5	6.214808034245611e-45
1892.0	5.603167210432733e-45
1892.5	5.81175423558824e-45
1893.0	5.838670014149497e-45
1893.5	5.554697074834897e-45
1894.0	5.681785090070037e-45
1894.5	4.806527839085903e-45
1895.0	5.5723836555167617e-45
1895.5	6.131886144897215e-45
1896.0	5.883064612147888e-45
1896.5	5.605574288097445e-45
1897.0	5.1009695933201476e-45
1897.5	5.416690018095051e-45
1898.0	5.678753495071195e-45
1898.5	5.565597320653142e-45
1899.0	5.2923779155590137e-45
1899.5	6.101606794540296e-45
1900.0	5.887321636362785e-45
1900.5	6.01291821407178e-45
1901.0	6.358586422077201e-45
1901.5	6.079604797045754e-45
1902.0	6.561731089121975e-45
1902.5	6.669700610406552e-45
1903.0	6.195082537857874e-45
1903.5	6.395703616846044e-45
1904.0	5.966713518113201e-45
1904.5	6.426987887533632e-45
1905.0	6.874356551724176e-45
1905.5	6.293461425980096e-45
1906.0	6.169727000652103e-45
1906.5	5.705739222558336e-45
1907.0	5.432619846171052e-45
1907.5	6.3153763610946e-45
1908.0	6.388292422357599e-45
1908.5	5.3799395587822706e-45
1909.0	5.703254470978293e-45
1909.5	5.814936861260703e-45
1910.0	5.558797187971262e-45
1910.5	5.4003399441092014e-45
1911.0	5.781405429883322e-45
1911.5	5.791458071316048e-45
1912.0	5.463812419182443e-45
1912.5	6.305819168764214e-45
1913.0	6.368654859857089e-45
1913.5	5.992845733699062e-45
1914.0	5.446139454678778e-45
1914.5	5.473105289696361e-45
1915.0	5.687366264883966e-45
1915.5	5.528426402162832e-45
1916.0	5.2401581912073375e-45
1916.5	5.4161121157237955e-45
1917.0	5.158266625171251e-45
1917.5	5.4430021416089234e-45
1918.0	5.4966193190523356e-45
1918.5	5.652268484014349e-45
1919.0	6.253831915984221e-45
1919.5	5.954007194478984e-45
1920.0	5.877680366644795e-45
1920.5	6.063177512379843e-45
1921.0	5.5063086013380803e-45
1921.5	5.242936128165221e-45
1922.0	4.946983316299423e-45
1922.5	5.1570432498911706e-45
1923.0	5.231381924878948e-45
1923.5	4.9966890465267876e-45
1924.0	5.254471455614309e-45
1924.5	5.390116139901738e-45
1925.0	5.4849815352329365e-45
1925.5	5.018449578489804e-45
1926.0	5.4798845997617536e-45
1926.5	5.955248737566962e-45
1927.0	5.998910526547008e-45
1927.5	6.2236507915833e-45
1928.0	6.152941144774148e-45
1928.5	6.41359278672269e-45
1929.0	6.036703556457596e-45
1929.5	5.5411703585252654e-45
1930.0	5.408479071074071e-45
1930.5	5.648244924983364e-45
1931.0	6.605928182255672e-45
1931.5	5.799060761859746e-45
1932.0	4.72741337077026e-45
1932.5	5.217982545116602e-45
1933.0	5.236731347511096e-45
1933.5	5.592319505258072e-45
1934.0	5.889158595436122e-45
1934.5	6.151271388849975e-45
1935.0	6.310737129764346e-45
1935.5	5.958904820774852e-45
1936.0	5.822459216044187e-45
1936.5	5.943753801279038e-45
1937.0	5.557860767093153e-45
1937.5	6.127262675577031e-45
1938.0	7.209813835425018e-45
1938.5	6.335347600933171e-45
1939.0	5.6014751457878904e-45
1939.5	5.749649292471793e-45
1940.0	5.3440305210488856e-45
1940.5	5.705630882039593e-45
1941.0	5.2733427060473823e-45
1941.5	5.532573689784846e-45
1942.0	5.504525050550584e-45
1942.5	5.2189331185249256e-45
1943.0	5.299165064266889e-45
1943.5	5.721283016421444e-45
1944.0	5.853176870173112e-45
1944.5	5.4709322992332477e-45
1945.0	5.6030450521553934e-45
1945.5	5.680252217921115e-45
1946.0	5.528593643854517e-45
1946.5	5.808189335536635e-45
1947.0	5.991848018080876e-45
1947.5	5.0664949900172717e-45
1948.0	4.871286813415946e-45
1948.5	5.608156830491424e-45
1949.0	6.013828145747839e-45
1949.5	5.70039295824637e-45
1950.0	6.708209956340671e-45
1950.5	9.442502016815711e-45
1951.0	8.344969323451417e-45
1951.5	6.579353204538861e-45
1952.0	6.348899712974465e-45
1952.5	6.093991579840269e-45
1953.0	5.664508026801322e-45
1953.5	5.806048807975897e-45
1954.0	5.56856939738728e-45
1954.5	6.00306935859133e-45
1955.0	5.326987320045315e-45
1955.5	5.3012045204553484e-45
1956.0	5.3870655872350573e-45
1956.5	5.3553274853367746e-45
1957.0	5.469399640754893e-45
1957.5	5.6010742088445286e-45
1958.0	5.162057422689427e-45
1958.5	5.5243542066446104e-45
1959.0	6.144953565904792e-45
1959.5	5.976401647528686e-45
1960.0	5.379799759584265e-45
1960.5	5.724813587570116e-45
1961.0	5.891626416775201e-45
1961.5	5.1531660173009876e-45
1962.0	5.4404261820002754e-45
1962.5	5.413284468159037e-45
1963.0	5.23150326949079e-45
1963.5	5.4765534990371147e-45
1964.0	5.893353828583433e-45
1964.5	5.945774691054002e-45
1965.0	5.858304658495563e-45
1965.5	6.077062147227231e-45
1966.0	5.836265929552995e-45
1966.5	5.760953609995256e-45
1967.0	5.967006228686651e-45
1967.5	5.791714178759294e-45
1968.0	5.4112201260114435e-45
1968.5	5.52493568088628e-45
1969.0	5.374316781268656e-45
1969.5	5.98621018645085e-45
1970.0	5.86191909861201e-45
1970.5	6.236124185479343e-45
1971.0	5.3696180997147586e-45
1971.5	5.157866919241095e-45
1972.0	5.748753460318922e-45
1972.5	5.859198845814606e-45
1973.0	6.222409087576157e-45
1973.5	6.205892983923857e-45
1974.0	5.879893419148878e-45
1974.5	5.905032354479841e-45
1975.0	5.630207100345821e-45
1975.5	5.5475576241246726e-45
1976.0	5.1200051355932696e-45
1976.5	4.86818496211332e-45
1977.0	5.228348407965433e-45
1977.5	5.4097529342710506e-45
1978.0	5.770068183243033e-45
1978.5	5.235670221785408e-45
1979.0	5.857409992082586e-45
1979.5	6.062085403316751e-45
1980.0	6.146302132559154e-45
1980.5	5.871996952431824e-45
1981.0	6.356162566530006e-45
1981.5	5.964057435722231e-45
1982.0	5.903422975610312e-45
1982.5	5.411449147771414e-45
1983.0	5.756286764082985e-45
1983.5	5.1557623766846687e-45
1984.0	4.8747555614167435e-45
1984.5	5.27328258828349e-45
1985.0	5.660573861118625e-45
1985.5	5.4815708301162104e-45
1986.0	5.75327041520845e-45
1986.5	5.831014687210721e-45
1987.0	5.875003446413723e-45
1987.5	5.905953893422818e-45
1988.0	5.757596918081876e-45
1988.5	5.36874521007385e-45
1989.0	5.3499324555607015e-45
1989.5	5.3207692858346594e-45
1990.0	5.726040093076641e-45
1990.5	5.90740552686045e-45
1991.0	5.150721024808082e-45
1991.5	5.520884316815185e-45
1992.0	5.714128604462066e-45
1992.5	6.173845943439742e-45
1993.0	5.779889397809797e-45
1993.5	6.21026552810068e-45
1994.0	6.494956957672139e-45
1994.5	6.130399407299892e-45
1995.0	5.499775927451308e-45
1995.5	5.035644354756846e-45
1996.0	5.5831654086291994e-45
1996.5	5.79362722541985e-45
1997.0	5.506234586318468e-45
1997.5	5.654299698503215e-45
1998.0	6.209091396370965e-45
1998.5	6.087538885709278e-45
1999.0	5.3970212186348075e-45
1999.5	5.540858076334915e-45
2000.0	6.483558549690931e-45
2000.5	6.541250315359622e-45
2001.0	5.535948296102608e-45
2001.5	5.29630545737095e-45
2002.0	5.543139595811858e-45
2002.5	5.55705144450227e-45
2003.0	5.830772563928293e-45
2003.5	5.902146755557099e-45
2004.0	5.130612513282034e-45
2004.5	5.4137424105687297e-45
2005.0	5.195831546952928e-45
2005.5	5.769499050711706e-45
2006.0	5.81639672916134e-45
2006.5	5.5849947723584374e-45
2007.0	5.3786663055819473e-45
2007.5	5.476827898899722e-45
2008.0	5.5261493065265894e-45
2008.5	5.544559991884069e-45
2009.0	5.471297680041857e-45
2009.5	5.374102985552653e-45
2010.0	5.57132153958317e-45
2010.5	5.061630404876367e-45
2011.0	4.960840223870109e-45
2011.5	5.943233718196522e-45
2012.0	5.878321402720339e-45
2012.5	6.01010757303713e-45
2013.0	6.244944918971465e-45
2013.5	6.467655135898492e-45
2014.0	6.051650089456641e-45
2014.5	6.379137482155266e-45
2015.0	7.094363565777308e-45
2015.5	6.152271180516633e-45
2016.0	5.344354523068613e-45
2016.5	6.027308796729371e-45
2017.0	6.109858139986108e-45
2017.5	5.6028353593145543e-45
2018.0	5.563464485557862e-45
2018.5	5.4270663807401454e-45
2019.0	6.357395856540444e-45
2019.5	7.205699756771795e-45
2020.0	7.619181779168232e-45
2020.5	6.487027813668696e-45
2021.0	6.591869156922823e-45
2021.5	7.166366580518872e-45
2022.0	6.993153225795068e-45
2022.5	6.803070380962468e-45
2023.0	6.488872445403351e-45
2023.5	6.233646080002323e-45
2024.0	6.035654459640439e-45
2024.5	6.872118741982325e-45
2025.0	6.755458493966422e-45
2025.5	6.578462735290149e-45
2026.0	7.168696775677936e-45
2026.5	6.404789041609058e-45
2027.0	5.903534555082462e-45
2027.5	5.889720925876048e-45
2028.0	6.757879106753163e-45
2028.5	6.206767557704462e-45
2029.0	5.3287612702896196e-45
2029.5	5.5021096289051765e-45
2030.0	5.759678253840797e-45
2030.5	5.586870948578028e-45
2031.0	5.800077979792087e-45
2031.5	6.448387905443797e-45
2032.0	6.139887849361482e-45
2032.5	6.221148919725443e-45
2033.0	6.660061235712736e-45
2033.5	6.866812145579496e-45
2034.0	6.17202739359979e-45
2034.5	5.59091682364315e-45
2035.0	6.006869615066296e-45
2035.5	5.988421733817039e-45
2036.0	5.821610206898105e-45
2036.5	6.770762440826447e-45
2037.0	6.30445423501778e-45
2037.5	6.168681786149045e-45
2038.0	6.200978199598519e-45
2038.5	6.079481918562308e-45
2039.0	6.438314167171866e-45
2039.5	6.772189344045144e-45
2040.0	5.795924699927636e-45
2040.5	6.290541997365002e-45
2041.0	6.201425216014679e-45
2041.5	6.097248656059499e-45
2042.0	6.039873303804098e-45
2042.5	5.736150759297877e-45
2043.0	5.4418976794641184e-45
2043.5	5.4594246235312916e-45
2044.0	6.745042447106279e-45
2044.5	6.898763914190045e-45
2045.0	6.535753696067738e-45
2045.5	6.792397253397892e-45
2046.0	6.540590629651722e-45
2046.5	7.203080680538246e-45
2047.0	7.214755259920721e-45
2047.5	7.376037657800814e-45
2048.0	7.129473573140572e-45
2048.5	6.567157589139398e-45
2049.0	6.207764926014911e-45
2049.5	5.988596737041446e-45
2050.0	5.896747488332145e-45
2050.5	6.014816233847972e-45
2051.0	6.283455892807545e-45
2051.5	5.662605006671929e-45
2052.0	5.561360659041666e-45
2052.5	5.744759297592823e-45
2053.0	5.150970909678477e-45
2053.5	5.613417979469848e-45
2054.0	6.086863292958879e-45
2054.5	6.162180459829201e-45
2055.0	6.096632761146406e-45
2055.5	6.345202676308764e-45
2056.0	6.609211223149476e-45
2056.5	6.339273870682758e-45
2057.0	5.648740535448565e-45
2057.5	5.3755995721217575e-45
2058.0	5.860559594239559e-45
2058.5	6.075533219024913e-45
2059.0	6.27374369941213e-45
2059.5	6.037824117319373e-45
2060.0	5.165461060412213e-45
2060.5	5.520901107803233e-45
2061.0	6.005250694553189e-45
2061.5	7.042561556633745e-45
2062.0	6.484158325520631e-45
2062.5	5.987521180249991e-45
2063.0	6.289490093846132e-45
2063.5	6.363160783643962e-45
2064.0	6.310832162059256e-45
2064.5	6.575224738000248e-45
2065.0	6.244674629524521e-45
2065.5	7.158738537787145e-45
2066.0	6.214696395356333e-45
2066.5	5.640293805076695e-45
2067.0	6.10494560497384e-45
2067.5	5.78432787269799e-45
2068.0	5.826168679396205e-45
2068.5	6.043076266434811e-45
2069.0	6.208450582140847e-45
2069.5	6.307181897475569e-45
2070.0	6.313332344042368e-45
2070.5	5.922367227940055e-45
2071.0	5.643146869826645e-45
2071.5	5.841436768020808e-45
2072.0	5.793682731510203e-45
2072.5	5.98229752305713e-45
2073.0	6.208796471072279e-45
2073.5	6.332151023615976e-45
2074.0	6.147962862165997e-45
2074.5	6.698523639748296e-45
2075.0	7.007621427906403e-45
2075.5	7.135605866630126e-45
2076.0	6.544521673937917e-45
2076.5	6.519336664436363e-45
2077.0	5.954115325346653e-45
2077.5	6.076479903568326e-45
2078.0	5.866944308238298e-45
2078.5	6.369313680163541e-45
2079.0	6.857089014037876e-45
2079.5	6.966990085026443e-45
2080.0	6.504479799458462e-45
2080.5	6.130744954199645e-45
2081.0	6.107462112424067e-45
2081.5	6.197046369084875e-45
2082.0	6.881021971964959e-45
2082.5	6.527554577088778e-45
2083.0	6.394213768380661e-45
2083.5	6.203091009225624e-45
2084.0	7.108846846441135e-45
2084.5	6.77622605597912e-45
2085.0	5.757661177880238e-45
2085.5	5.445102286695942e-45
2086.0	5.673541180642439e-45
2086.5	5.87762616273487e-45
2087.0	5.851219947021997e-45
2087.5	6.577436724738021e-45
2088.0	6.125672616533256e-45
2088.5	6.140394780924323e-45
2089.0	6.997925360352983e-45
2089.5	6.459363082281905e-45
2090.0	5.919005098044389e-45
2090.5	6.455102489915914e-45
2091.0	5.917437640587512e-45
2091.5	6.652235190053794e-45
2092.0	7.241064037575279e-45
2092.5	6.904280045391418e-45
2093.0	6.979064125848402e-45
2093.5	6.765516901480236e-45
2094.0	6.777810450092404e-45
2094.5	6.865346318841795e-45
2095.0	6.38976250308294e-45
2095.5	6.113766778669767e-45
2096.0	6.236509097479505e-45
2096.5	5.5694069898236654e-45
2097.0	6.410027641290288e-45
2097.5	7.179660164804172e-45
2098.0	6.604243241363768e-45
2098.5	5.57275860889408e-45
2099.0	5.1905046967478684e-45
2099.5	5.954918992672896e-45
2100.0	6.32739289726074e-45
2100.5	6.551008132615403e-45
2101.0	5.98254083773019e-45
2101.5	6.069784916591253e-45
2102.0	5.873164831685476e-45
2102.5	5.586360992448793e-45
2103.0	6.222362487499074e-45
2103.5	6.876381254600782e-45
2104.0	6.568095257375279e-45
2104.5	6.60826311190454e-45
2105.0	6.466021169046147e-45
2105.5	6.214790654141776e-45
2106.0	6.74187450219232e-45
2106.5	6.33454409011275e-45
2107.0	6.386138161908577e-45
2107.5	6.823186862456317e-45
2108.0	6.767850137030218e-45
2108.5	6.360912697101378e-45
2109.0	5.685154378863003e-45
2109.5	6.252579721993592e-45
2110.0	6.62059338000695e-45
2110.5	7.081493530220132e-45
2111.0	7.222661385435149e-45
2111.5	6.85332093211273e-45
2112.0	7.024395739426305e-45
2112.5	6.264951810332774e-45
2113.0	6.492989858121936e-45
2113.5	5.968689101328805e-45
2114.0	6.740178952104556e-45
2114.5	7.143732187556281e-45
2115.0	6.652308981823002e-45
2115.5	5.729551056636653e-45
2116.0	6.444230672558987e-45
2116.5	6.965145949726005e-45
2117.0	6.740710468134363e-45
2117.5	6.672762887255176e-45
2118.0	6.184805458253243e-45
2118.5	6.457874601324583e-45
2119.0	6.557872508260445e-45
2119.5	6.508062342348999e-45
2120.0	6.409287886948854e-45
2120.5	6.485358512761368e-45
2121.0	6.365504348933738e-45
2121.5	6.400409283487457e-45
2122.0	6.580796222930713e-45
2122.5	6.558216671130453e-45
2123.0	6.435975353180898e-45
2123.5	7.365455790100905e-45
2124.0	6.988082036013808e-45
2124.5	7.075756602735333e-45
2125.0	6.544531033369162e-45
2125.5	6.661803031725815e-45
2126.0	6.485093325564024e-45
2126.5	6.167290490036233e-45
2127.0	6.53842409098887e-45
2127.5	6.958718476715416e-45
2128.0	7.156060730909334e-45
2128.5	6.674373905734455e-45
2129.0	6.756995020179925e-45
2129.5	6.95623841047599e-45
2130.0	7.041568194623694e-45
2130.5	7.285471570030207e-45
2131.0	7.103805826505774e-45
2131.5	6.640853196185856e-45
2132.0	6.464660069825352e-45
2132.5	6.900903918482939e-45
2133.0	7.046812129636488e-45
2133.5	7.119566842299259e-45
2134.0	7.803151622561928e-45
2134.5	6.699767128432691e-45
2135.0	6.568826084001286e-45
2135.5	6.741644062271206e-45
2136.0	7.70387410717169e-45
2136.5	7.920159550944665e-45
2137.0	6.92139259295722e-45
2137.5	6.628013082253925e-45
2138.0	6.718242210571545e-45
2138.5	7.162945813293249e-45
2139.0	7.488466248027626e-45
2139.5	7.140690170769661e-45
2140.0	7.357741347487833e-45
2140.5	7.780234348564725e-45
2141.0	7.170411000373231e-45
2141.5	7.270992724576782e-45
2142.0	8.391638116244582e-45
2142.5	9.001581868433135e-45
2143.0	8.766114843998819e-45
2143.5	8.374081787272519e-45
2144.0	6.98953160382571e-45
2144.5	5.806137234520048e-45
2145.0	5.800600754719226e-45
2145.5	6.495094478523912e-45
2146.0	7.202603095801616e-45
2146.5	7.519940416712956e-45
2147.0	7.038219629789427e-45
2147.5	6.895097264475081e-45
2148.0	6.981619333250841e-45
2148.5	6.871738354690686e-45
2149.0	7.656206994485295e-45
2149.5	8.520380966325943e-45
2150.0	9.747018808803671e-45
2150.5	1.4638163024851187e-44
2151.0	1.3674418974507957e-44
2151.5	7.180280997447911e-45
2152.0	6.356642202886758e-45
2152.5	6.85250931401949e-45
2153.0	7.119030384258008e-45
2153.5	6.816257926044572e-45
2154.0	6.826856232644426e-45
2154.5	7.254318099784731e-45
2155.0	7.153632268163885e-45
2155.5	7.254260357135384e-45
2156.0	7.079679150319522e-45
2156.5	6.986747762742491e-45
2157.0	6.52575682594455e-45
2157.5	7.58429285341082e-45
2158.0	6.682867488410835e-45
2158.5	6.827242502420742e-45
2159.0	7.001515073720477e-45
2159.5	6.816144147810426e-45
2160.0	6.340539040425293e-45
2160.5	6.131864789867322e-45
2161.0	6.668683898596725e-45
2161.5	7.237008540833475e-45
2162.0	6.96192829801183e-45
2162.5	6.897906545503404e-45
2163.0	7.058847635357645e-45
2163.5	6.779087595342807e-45
2164.0	6.694509019919253e-45
2164.5	6.91498485288478e-45
2165.0	6.962670564554881e-45
2165.5	6.451017779538503e-45
2166.0	6.746124445209221e-45
2166.5	7.386257833116064e-45
2167.0	7.378676764394632e-45
2167.5	7.442985502977905e-45
2168.0	6.677594416551704e-45
2168.5	6.503825551738452e-45
2169.0	7.020413104499959e-45
2169.5	6.270123317211277e-45
2170.0	5.633310369810876e-45
2170.5	5.992867501673559e-45
2171.0	6.642705363527712e-45
2171.5	7.998382017519511e-45
2172.0	7.756064433618477e-45
2172.5	8.127313947464396e-45
2173.0	6.676582221470376e-45
2173.5	6.365134030506493e-45
2174.0	7.600481872087146e-45
2174.5	7.247760203777329e-45
2175.0	7.227357506523737e-45
2175.5	7.348054926129419e-45
2176.0	6.89667520198175e-45
2176.5	6.018685403928808e-45
2177.0	6.535684161757453e-45
2177.5	6.918421119067314e-45
2178.0	6.638157356225486e-45
2178.5	6.674778793671451e-45
2179.0	6.290149365875744e-45
2179.5	6.354679380200565e-45
2180.0	7.412389632175794e-45
2180.5	6.607334873784386e-45
2181.0	6.020511270937806e-45
2181.5	6.710204743662136e-45
2182.0	5.707944175823243e-45
2182.5	5.96114772434722e-45
2183.0	6.581820231032839e-45
2183.5	6.748368436430753e-45
2184.0	6.462038973191593e-45
2184.5	6.52882007204012e-45
2185.0	6.89886141724519e-45
2185.5	7.272059086483625e-45
2186.0	6.954586822860628e-45
2186.5	6.747415252643833e-45
2187.0	7.259383580292253e-45
2187.5	7.251590028151704e-45
2188.0	6.725053529818727e-45
2188.5	6.902116409117476e-45
2189.0	6.953303623725094e-45
2189.5	6.966006688495638e-45
2190.0	6.591378041973419e-45
2190.5	6.883734147033799e-45
2191.0	7.326995897897964e-45
2191.5	7.990111526520376e-45
2192.0	7.464681407443495e-45
2192.5	6.836911369928836e-45
2193.0	7.252960475205966e-45
2193.5	7.860385020437793e-45
2194.0	7.884360511365822e-45
2194.5	8.514309265971329e-45
2195.0	7.331110727530727e-45
2195.5	6.505208050210196e-45
2196.0	7.240476124176238e-45
2196.5	7.12464058341851e-45
2197.0	6.468363991611594e-45
2197.5	7.522207219376175e-45
2198.0	8.25099030229408e-45
2198.5	6.939050713128198e-45
2199.0	6.849823307281475e-45
2199.5	6.844433212133177e-45
2200.0	6.746241602667226e-45
2200.5	7.001934494092597e-45
2201.0	7.758925753667037e-45
2201.5	6.943334179000637e-45
2202.0	7.348152926348802e-45
2202.5	7.434258508190603e-45
2203.0	7.110930178747505e-45
2203.5	6.768925813678672e-45
2204.0	6.476533419669114e-45
2204.5	6.441560204934016e-45
2205.0	7.14534131159917e-45
2205.5	9.145426148203343e-45
2206.0	1.0152847543178844e-44
2206.5	7.764488739616971e-45
2207.0	8.339032169603843e-45
2207.5	8.319794143054108e-45
2208.0	6.139554287849449e-45
2208.5	6.223977430586896e-45
2209.0	7.080747860257187e-45
2209.5	8.674367763351666e-45
2210.0	8.26715081130368e-45
2210.5	7.661228981371558e-45
2211.0	8.070667430497705e-45
2211.5	7.988028092514971e-45
2212.0	7.194207132984829e-45
2212.5	7.351240781241462e-45
2213.0	8.345762806249204e-45
2213.5	8.830267165365506e-45
2214.0	8.790086356310918e-45
2214.5	7.248344117209885e-45
2215.0	7.688762112272465e-45
2215.5	7.141138606559525e-45
2216.0	7.609855546323583e-45
2216.5	8.943558388646945e-45
2217.0	7.85720003654953e-45
2217.5	7.524049552911501e-45
2218.0	7.622989059961698e-45
2218.5	6.910361019790305e-45
2219.0	7.932078362529371e-45
2219.5	1.5744483218239874e-44
2220.0	1.2222141777881132e-44
2220.5	7.604178460163476e-45
2221.0	7.652033524960682e-45
2221.5	7.309789916520714e-45
2222.0	8.097316676448148e-45
2222.5	8.113686132974236e-45
2223.0	8.809498723965212e-45
2223.5	8.942793432606036e-45
2224.0	1.0737055297475143e-44
2224.5	7.876555186110862e-45
2225.0	1.0974977263235852e-44
2225.5	2.2890297883411204e-44
2226.0	1.3194143347351847e-44
2226.5	1.2551231108914077e-44
2227.0	1.1787250337187405e-44
2227.5	1.180440119055723e-44
2228.0	8.876450297603491e-45
2228.5	8.686802204359668e-45
2229.0	8.768400746880591e-45
2229.5	7.97661081982407e-45
2230.0	7.706377333051528e-45
2230.5	7.032161603886872e-45
2231.0	7.741791950694858e-45
2231.5	9.335916393614847e-45
2232.0	6.918135440292873e-45
2232.5	6.198491151625665e-45
2233.0	6.09806540484783e-45
2233.5	6.741741323114537e-45
2234.0	7.341976597430391e-45
2234.5	7.688493279087161e-45
2235.0	8.240574708753794e-45
2235.5	9.016048935610582e-45
2236.0	7.801065266511079e-45
2236.5	7.071667741507243e-45
2237.0	7.051632798376268e-45
2237.5	7.390905446833279e-45
2238.0	6.955723475706e-45
2238.5	6.710270692966959e-45
2239.0	7.857143762426867e-45
2239.5	8.673143298509194e-45
2240.0	7.275509934098482e-45
2240.5	6.903751532168901e-45
2241.0	8.747372976153415e-45
2241.5	1.131850978288507e-44
2242.0	1.0487961201950269e-44
2242.5	8.817066248679961e-45
2243.0	7.802849239809212e-45
2243.5	7.673338206949421e-45
2244.0	8.316427558817886e-45
2244.5	1.243715074933087e-44
2245.0	8.367830187645264e-45
2245.5	7.350509258705119e-45
2246.0	8.163834439074279e-45
2246.5	7.647581623867424e-45
2247.0	7.38661159383265e-45
2247.5	7.362706733965464e-45
2248.0	7.479316246022651e-45
2248.5	7.144174621737047e-45
2249.0	7.163895536168089e-45
2249.5	6.983256824264126e-45
2250.0	7.824925351917556e-45
2250.5	9.061279254794324e-45
2251.0	8.620283093486661e-45
2251.5	6.413956990998056e-45
2252.0	5.982592508317888e-45
2252.5	7.227139933538974e-45
2253.0	6.510626292639814e-45
2253.5	7.051238042868285e-45
2254.0	7.701109072431146e-45
2254.5	7.798105581502811e-45
2255.0	6.989380927596975e-45
2255.5	5.213633937826783e-45
2256.0	7.11106304694674e-45
2256.5	7.590486497528268e-45
2257.0	7.409209504379547e-45
2257.5	7.247992332700466e-45
2258.0	6.350016358852182e-45
2258.5	7.152547237593634e-45
2259.0	7.19981646435913e-45
2259.5	6.551678919041239e-45
2260.0	7.383701719133359e-45
2260.5	8.315559875597122e-45
2261.0	7.798319889782421e-45
2261.5	7.474175778808429e-45
2262.0	7.565763825494033e-45
2262.5	8.795255725897536e-45
2263.0	9.164543521073131e-45
2263.5	9.037635643206451e-45
2264.0	8.613866836507958e-45
2264.5	8.676923172174232e-45
2265.0	8.493922579609386e-45
2265.5	7.10038613502796e-45
2266.0	7.311396015186104e-45
2266.5	7.862687845159586e-45
2267.0	7.854676946303602e-45
2267.5	7.416338565184437e-45
2268.0	7.512782624088788e-45
2268.5	7.862252108250965e-45
2269.0	7.842709176131236e-45
2269.5	7.527563186364378e-45
2270.0	7.788939185367854e-45
2270.5	8.482751782022798e-45
2271.0	8.331594366227334e-45
2271.5	7.817391880719945e-45
2272.0	7.061626532002473e-45
2272.5	8.320273698669607e-45
2273.0	8.799778807248795e-45
2273.5	8.253480216453817e-45
2274.0	7.678863174046871e-45
2274.5	7.06336331155414e-45
2275.0	6.717759040624034e-45
2275.5	7.432420342532104e-45
2276.0	7.837535413465242e-45
2276.5	7.637654664916084e-45
2277.0	7.1579583012767e-45
2277.5	8.069614383861687e-45
2278.0	8.209886360238873e-45
2278.5	7.754489712246257e-45
2279.0	7.726764122932751e-45
2279.5	6.662343090294463e-45
2280.0	6.955590752535694e-45
2280.5	7.26864914698538e-45
2281.0	6.666031349315497e-45
2281.5	6.425389039755573e-45
2282.0	6.574661811183189e-45
2282.5	7.370409946325386e-45
2283.0	7.8227448080844e-45
2283.5	7.478869605130954e-45
2284.0	6.97408192733922e-45
2284.5	7.633367245342895e-45
2285.0	7.82177067091222e-45
2285.5	7.202011137485538e-45
2286.0	8.198815268305299e-45
2286.5	8.010885801149987e-45
2287.0	7.457402074019405e-45
2287.5	7.738737705058658e-45
2288.0	7.730857362253448e-45
2288.5	8.520578899042997e-45
2289.0	8.122178936676397e-45
2289.5	8.279310671983212e-45
2290.0	7.995324063548629e-45
2290.5	7.156510632096264e-45
2291.0	6.674215455045201e-45
2291.5	6.326146024167811e-45
2292.0	7.020288958181073e-45
2292.5	7.543174250217384e-45
2293.0	8.359459683079063e-45
2293.5	7.879061442074256e-45
2294.0	7.600800446128266e-45
2294.5	7.487093995698771e-45
2295.0	7.594693714438387e-45
2295.5	7.867424057584741e-45
2296.0	8.019345408322862e-45
2296.5	8.641980472024682e-45
2297.0	7.581832099143768e-45
2297.5	7.830532006033364e-45
2298.0	7.634538176467364e-45
2298.5	7.806229192605135e-45
2299.0	7.185127438027242e-45
2299.5	7.188017424413204e-45
2300.0	7.1176907347765e-45
2300.5	6.445514766737424e-45
2301.0	7.043013354416435e-45
2301.5	7.358553818901165e-45
2302.0	7.338793893394928e-45
2302.5	6.973584513230657e-45
2303.0	6.736823187114761e-45
2303.5	6.321358570564811e-45
2304.0	6.726468340137192e-45
2304.5	7.18275484911501e-45
2305.0	6.824704364484627e-45
2305.5	6.560195362344312e-45
2306.0	7.645451840869639e-45
2306.5	8.338497591465687e-45
2307.0	8.010113003691188e-45
2307.5	8.006691034824543e-45
2308.0	8.117396504490459e-45
2308.5	7.904355511417235e-45
2309.0	7.295414922932571e-45
2309.5	7.078186401393456e-45
2310.0	8.016633500958721e-45
2310.5	7.917811942607472e-45
2311.0	8.039481377316715e-45
2311.5	7.869544424371029e-45
2312.0	7.478175655081498e-45
2312.5	6.629187603705705e-45
2313.0	7.344072411877208e-45
2313.5	8.851134622355976e-45
2314.0	8.91287645993764e-45
2314.5	8.492538790275168e-45
2315.0	7.788119233043931e-45
2315.5	7.443428843790793e-45
2316.0	7.625052719759838e-45
2316.5	7.317209281112563e-45
2317.0	7.77601744756495e-45
2317.5	8.599795448068202e-45
2318.0	7.71194207348862e-45
2318.5	7.401875260563191e-45
2319.0	7.67354764255962e-45
2319.5	7.721234392094205e-45
2320.0	7.778690615849655e-45
2320.5	7.923739893477368e-45
2321.0	6.959419152973232e-45
2321.5	6.245147927817462e-45
2322.0	7.051530360598683e-45
2322.5	7.742083826715247e-45
2323.0	7.818696725290903e-45
2323.5	8.280310501277391e-45
2324.0	8.205793691532622e-45
2324.5	8.016459161799447e-45
2325.0	7.138789793653679e-45
2325.5	6.721936480342627e-45
2326.0	7.985396117469703e-45
2326.5	8.623770464037858e-45
2327.0	7.758066152098819e-45
2327.5	7.442648871094988e-45
2328.0	7.788224346418676e-45
2328.5	7.714527133771861e-45
2329.0	8.124861166968784e-45
2329.5	7.754501963709586e-45
2330.0	7.464019576773755e-45
2330.5	7.75217186969911e-45
2331.0	8.468749532878365e-45
2331.5	8.1103139549797e-45
2332.0	8.066718238433556e-45
2332.5	8.505557208057414e-45
2333.0	7.908135026944827e-45
2333.5	7.593843523782912e-45
2334.0	7.232440086996752e-45
2334.5	7.194178684115062e-45
2335.0	7.396609996001883e-45
2335.5	7.915449310624313e-45
2336.0	7.386063191415562e-45
2336.5	6.793331901058236e-45
2337.0	6.987198424700035e-45
2337.5	7.573871665730674e-45
2338.0	7.515930115814491e-45
2338.5	7.50855908176684e-45
2339.0	7.251367627588344e-45
2339.5	8.602468390657948e-45
2340.0	8.42587272914628e-45
2340.5	7.256682167144855e-45
2341.0	7.036118340500646e-45
2341.5	7.069702506156985e-45
2342.0	8.030470186377192e-45
2342.5	7.357889948657843e-45
2343.0	7.645227801585849e-45
2343.5	8.694725301689755e-45
2344.0	8.572827897657425e-45
2344.5	8.786316259686416e-45
2345.0	8.753252947731721e-45
2345.5	8.271560060905223e-45
2346.0	7.576607495400558e-45
2346.5	8.610941993561805e-45
2347.0	9.925916402341645e-45
2347.5	8.426791332760739e-45
2348.0	8.714413965493928e-45
2348.5	8.327018600576777e-45
2349.0	7.56679121270757e-45
2349.5	7.379957488955985e-45
2350.0	8.480392851215749e-45
2350.5	8.130354121771451e-45
2351.0	8.051679750558185e-45
2351.5	8.384781796528463e-45
2352.0	7.740789012579847e-45
2352.5	7.128448914927558e-45
2353.0	7.962065672835162e-45
2353.5	7.680918899875691e-45
2354.0	8.102706122353656e-45
2354.5	8.028177565261756e-45
2355.0	8.005279394310497e-45
2355.5	9.132931502839623e-45
2356.0	8.725052437673565e-45
2356.5	7.862360023263471e-45
2357.0	8.013669171233088e-45
2357.5	7.532331681388155e-45
2358.0	7.988975846416815e-45
2358.5	8.16382092682554e-45
2359.0	8.427074186273316e-45
2359.5	9.665243089300631e-45
2360.0	8.462990902713962e-45
2360.5	7.74739111148055e-45
2361.0	8.925937779439398e-45
2361.5	8.41999268995183e-45
2362.0	8.741513421917665e-45
2362.5	7.554179065009462e-45
2363.0	7.754699723467769e-45
2363.5	8.022020760824519e-45
2364.0	7.956603447536711e-45
2364.5	7.866701486741222e-45
2365.0	8.79758990094249e-45
2365.5	8.59705579634581e-45
2366.0	8.045359530628798e-45
2366.5	8.470645752876932e-45
2367.0	8.730995541515778e-45
2367.5	1.0255183294463902e-44
2368.0	1.0286203980467304e-44
2368.5	8.327448549516626e-45
2369.0	8.37234447000288e-45
2369.5	7.902966879362734e-45
2370.0	8.642845696761762e-45
2370.5	8.669286285523116e-45
2371.0	9.002875118163678e-45
2371.5	8.608047069395041e-45
2372.0	8.819142215791288e-45
2372.5	9.050614904357164e-45
2373.0	9.441213971108216e-45
2373.5	8.979966058581389e-45
2374.0	8.404702034428747e-45
2374.5	9.588263205858607e-45
2375.0	8.302868224118134e-45
2375.5	7.452677829654912e-45
2376.0	8.263981800974289e-45
2376.5	9.096132027592703e-45
2377.0	8.204891603129446e-45
2377.5	7.73794399168309e-45
2378.0	8.112873445045932e-45
2378.5	8.863421372431847e-45
2379.0	8.571167572808448e-45
2379.5	9.41106978291387e-45
2380.0	9.572816940964098e-45
2380.5	9.035390128661495e-45
2381.0	9.222201996493226e-45
2381.5	1.0175984900328096e-44
2382.0	1.1011951340462592e-44
2382.5	1.0228654698085489e-44
2383.0	8.771465286293909e-45
2383.5	9.267162701005835e-45
2384.0	1.116238622504529e-44
2384.5	1.1104304266228463e-44
2385.0	9.810668419219104e-45
2385.5	9.876662634390127e-45
2386.0	1.0416653450485948e-44
2386.5	9.868365888277417e-45
2387.0	9.174344451717806e-45
2387.5	8.380032084786895e-45
2388.0	7.978792932432891e-45
2388.5	8.35062129803807e-45
2389.0	8.349986481032042e-45
2389.5	8.410375881665762e-45
2390.0	9.25555730907019e-45
2390.5	8.97595727013077e-45
2391.0	8.933231704120024e-45
2391.5	9.437273103992309e-45
2392.0	8.689540649407197e-45
2392.5	7.958586452174076e-45
2393.0	8.69112614061142e-45
2393.5	1.0006341519812786e-44
2394.0	9.673187257685104e-45
2394.5	8.274765432826258e-45
2395.0	8.244529648792099e-45
2395.5	8.741508222730574e-45
2396.0	8.122323026869506e-45
2396.5	7.672984414967757e-45
2397.0	7.545910624596782e-45
2397.5	7.41968232564057e-45
2398.0	8.771978553865216e-45
2398.5	9.681657445913004e-45
2399.0	9.438028163851438e-45
2399.5	9.083509924953559e-45
2400.0	8.874936204567274e-45
2400.5	9.000584240407011e-45
2401.0	8.359975467999188e-45
2401.5	8.215678282286321e-45
2402.0	7.797605483600798e-45
2402.5	7.768194681302127e-45
2403.0	8.829135642291544e-45
2403.5	9.59422787697495e-45
2404.0	8.411029210291684e-45
2404.5	8.670548202493841e-45
2405.0	9.967880697591208e-45
2405.5	9.764453271138708e-45
2406.0	8.384345632953912e-45
2406.5	8.030576222326297e-45
2407.0	9.391328568442968e-45
2407.5	1.0195532516917276e-44
2408.0	9.11730408847374e-45
2408.5	8.51083588310474e-45
2409.0	8.309877594347067e-45
2409.5	8.976320139000751e-45
2410.0	9.524844348830276e-45
2410.5	9.466210387674697e-45
2411.0	9.150433558776275e-45
2411.5	7.730699525331507e-45
2412.0	9.683230433545151e-45
2412.5	1.024387944114697e-44
2413.0	9.314628293213855e-45
2413.5	7.999691464985423e-45
2414.0	7.902607210238846e-45
2414.5	8.519158840308169e-45
2415.0	9.7411576723606e-45
2415.5	8.838696692551161e-45
2416.0	8.847677764880578e-45
2416.5	7.879062770245361e-45
2417.0	8.055943546762428e-45
2417.5	7.710327478118854e-45
2418.0	8.442900659491608e-45
2418.5	8.90424901724664e-45
2419.0	8.654153769740837e-45
2419.5	8.781579422481797e-45
2420.0	8.590733512879962e-45
2420.5	9.059833461540528e-45
2421.0	9.321879532183603e-45
2421.5	9.437397649261191e-45
2422.0	9.464560893603009e-45
2422.5	8.50843178047073e-45
2423.0	8.352875514027995e-45
2423.5	8.101504578459204e-45
2424.0	8.237185867912119e-45
2424.5	8.817696557024892e-45
2425.0	9.383158963714598e-45
2425.5	9.37087539880963e-45
2426.0	9.201614596341153e-45
2426.5	8.899731876659272e-45
2427.0	8.71772733258244e-45
2427.5	7.644197916009895e-45
2428.0	7.13470009160388e-45
2428.5	7.656899174713883e-45
2429.0	7.41941267696828e-45
2429.5	7.575395319074787e-45
2430.0	7.925915948213637e-45
2430.5	8.870775569226157e-45
2431.0	9.167397667629433e-45
2431.5	9.261580621053163e-45
2432.0	8.60965289447781e-45
2432.5	8.610604434076258e-45
2433.0	8.650504274776891e-45
2433.5	9.513969328448581e-45
2434.0	9.478499953837715e-45
2434.5	8.564800498530266e-45
2435.0	7.925093005344115e-45
2435.5	8.22639635838771e-45
2436.0	8.822458009882688e-45
2436.5	9.018066696010595e-45
2437.0	8.783862259230529e-45
2437.5	7.411798046246676e-45
2438.0	7.132879536706402e-45
2438.5	7.70606178752177e-45
2439.0	7.864542679933939e-45
2439.5	8.441828878017744e-45
2440.0	8.514089850855207e-45
2440.5	8.217362687860268e-45
2441.0	7.68213688539788e-45
2441.5	7.636080420031357e-45
2442.0	7.87987519469231e-45
2442.5	8.050049687791272e-45
2443.0	8.42656644245865e-45
2443.5	8.177494746447829e-45
2444.0	8.02325791583155e-45
2444.5	7.369655709477151e-45
2445.0	7.786135500220997e-45
2445.5	7.767734194887459e-45
2446.0	7.882301186875901e-45
2446.5	7.732640894284084e-45
2447.0	8.375308004851912e-45
2447.5	9.187631774231424e-45
2448.0	9.376021937842411e-45
2448.5	8.975631138506583e-45
2449.0	8.606880624838574e-45
2449.5	8.698013820689046e-45
2450.0	1.0400709978971723e-44
2450.5	1.092633067688869e-44
2451.0	1.1354900345264905e-44
2451.5	9.139152653513783e-45
2452.0	8.787815529595024e-45
2452.5	8.017112004224677e-45
2453.0	8.391736399305295e-45
2453.5	8.346866336266967e-45
2454.0	8.984712366728428e-45
2454.5	9.249186694185324e-45
2455.0	9.493627469090876e-45
2455.5	9.612261352335831e-45
2456.0	8.408812832187363e-45
2456.5	7.776017707145423e-45
2457.0	9.210319708885738e-45
2457.5	8.817195359712934e-45
2458.0	8.062204798234562e-45
2458.5	8.493202313755424e-45
2459.0	9.52701659841278e-45
2459.5	8.688774382509875e-45
2460.0	8.577929747448613e-45
2460.5	9.205470784254783e-45
2461.0	9.067598804593392e-45
2461.5	9.268620695410255e-45
2462.0	8.77992549337104e-45
2462.5	8.26539719708931e-45
2463.0	8.684602248478622e-45
2463.5	9.178466439050905e-45
2464.0	8.743222069336197e-45
2464.5	8.816949343925474e-45
2465.0	8.188010290914816e-45
2465.5	8.529933602883419e-45
2466.0	8.600896437385964e-45
2466.5	8.962466744824217e-45
2467.0	8.624319862145241e-45
2467.5	8.266777258778589e-45
2468.0	8.620168402120278e-45
2468.5	8.26802212339233e-45
2469.0	8.662510614903048e-45
2469.5	8.460159682762505e-45
2470.0	7.734476886303101e-45
2470.5	7.905206057928903e-45
2471.0	9.690392020704708e-45
2471.5	9.04871444686396e-45
2472.0	8.677546326738256e-45
2472.5	7.920290535832106e-45
2473.0	8.047780983342995e-45
2473.5	8.438849879759439e-45
2474.0	9.134120285560546e-45
2474.5	9.523757374000658e-45
2475.0	9.259114560962216e-45
2475.5	8.818562736672059e-45
2476.0	9.201310786411065e-45
2476.5	8.863326098531498e-45
2477.0	7.129380009320465e-45
2477.5	7.709845307488821e-45
2478.0	8.823656182848542e-45
2478.5	9.46107964841957e-45
2479.0	8.571935195311723e-45
2479.5	7.635516420019384e-45
2480.0	9.150361381236804e-45
2480.5	8.777624170315771e-45
2481.0	8.964314068080362e-45
2481.5	8.736905598190986e-45
2482.0	8.325003878834509e-45
2482.5	8.436682721979379e-45
2483.0	8.214324250939024e-45
2483.5	8.637701280209556e-45
2484.0	9.384891033642451e-45
2484.5	9.20546910397867e-45
2485.0	9.276969337540045e-45
2485.5	8.690262432911898e-45
2486.0	8.669690114838957e-45
2486.5	8.418162504593281e-45
2487.0	8.117452114281509e-45
2487.5	8.579108602621947e-45
2488.0	8.714423566795381e-45
2488.5	9.81535493668448e-45
2489.0	9.670330405479769e-45
2489.5	8.840783778985373e-45
2490.0	9.57260423618032e-45
2490.5	9.40008495611469e-45
2491.0	8.119227467611917e-45
2491.5	9.198446795875672e-45
2492.0	1.0358339980646834e-44
2492.5	1.0880193596571483e-44
2493.0	8.935566561203492e-45
2493.5	7.978664796003261e-45
2494.0	7.74394599970314e-45
2494.5	8.973222963533986e-45
2495.0	8.850262758539498e-45
2495.5	8.555775654637968e-45
2496.0	7.979131698229571e-45
2496.5	8.784188406588465e-45
2497.0	8.802653385966568e-45
2497.5	8.277820417320066e-45
2498.0	8.950410584973319e-45
2498.5	9.15124921397378e-45
2499.0	8.608958976979784e-45
2499.5	9.838449266153118e-45
2500.0	1.1290142009604838e-44
2500.5	1.1241931565570274e-44
2501.0	1.0064334161034654e-44
2501.5	9.492338358815268e-45
2502.0	9.688827151196231e-45
2502.5	9.754403749037205e-45
2503.0	1.032903882661379e-44
2503.5	9.739106463048656e-45
2504.0	9.501382503399072e-45
2504.5	9.505551447281959e-45
2505.0	1.0117113245095518e-44
2505.5	9.616013859884801e-45
2506.0	9.121873474570287e-45
2506.5	9.039319495149604e-45
2507.0	8.702790032923882e-45
2507.5	9.586122881781087e-45
2508.0	8.889092068693277e-45
2508.5	9.106037334497488e-45
2509.0	1.0573938247159447e-44
2509.5	9.175825365000357e-45
2510.0	8.614797068632471e-45
2510.5	1.0731334727739595e-44
2511.0	1.066501704478292e-44
2511.5	7.808480496892624e-45
2512.0	7.848030908766254e-45
2512.5	8.649897071970167e-45
2513.0	1.0207068043037239e-44
2513.5	1.04506906527435e-44
2514.0	9.9496484017513e-45
2514.5	9.32794098328225e-45
2515.0	8.396089262233219e-45
2515.5	8.999736097834786e-45
2516.0	8.427121931719524e-45
2516.5	8.170163396400756e-45
2517.0	8.742821718566152e-45
2517.5	8.011190366153904e-45
2518.0	8.513317444928937e-45
2518.5	9.465308342091278e-45
2519.0	9.282366547773777e-45
2519.5	9.05499297906958e-45
2520.0	9.066007414113728e-45
2520.5	9.516580796403713e-45
2521.0	9.551965678233352e-45
2521.5	9.370724844598175e-45
2522.0	1.0438413202607992e-44
2522.5	1.0005319973909712e-44
2523.0	1.0056357108476472e-44
2523.5	9.15857412189274e-45
2524.0	9.046436169994764e-45
2524.5	8.917252627565716e-45
2525.0	8.807303673412846e-45
2525.5	9.487039882690263e-45
2526.0	9.570924046990826e-45
2526.5	1.0016128949739985e-44
2527.0	1.0682636571547257e-44
2527.5	1.0136869359031707e-44
2528.0	9.800682359730032e-45
2528.5	9.526911091789326e-45
2529.0	8.071947033446995e-45
2529.5	7.325141036646177e-45
2530.0	8.409234296432931e-45
2530.5	9.460792698344377e-45
2531.0	8.888640858485051e-45
2531.5	9.397720609116956e-45
2532.0	9.485088469207267e-45
2532.5	1.0310415192315884e-44
2533.0	1.0895010847593975e-44
2533.5	9.339339342755319e-45
2534.0	8.534729859174395e-45
2534.5	8.803629144710392e-45
2535.0	9.077199052722004e-45
2535.5	1.0223455511556692e-44
2536.0	9.312222083684047e-45
2536.5	9.964670599005122e-45
2537.0	9.492457166994467e-45
2537.5	8.459341748873226e-45
2538.0	9.507608190676164e-45
2538.5	1.020017371685989e-44
2539.0	8.748462929809643e-45
2539.5	8.25646526505614e-45
2540.0	8.58773424576929e-45
2540.5	9.617340839263534e-45
2541.0	9.447807839904887e-45
2541.5	8.889701994913921e-45
2542.0	9.42197416887842e-45
2542.5	9.17708393062498e-45
2543.0	8.806190485237074e-45
2543.5	7.753334930331937e-45
2544.0	7.948481325215156e-45
2544.5	9.2162985805685e-45
2545.0	8.235848187607707e-45
2545.5	8.887366109288413e-45
2546.0	1.0551530259900141e-44
2546.5	1.0010506190863319e-44
2547.0	8.962148261739141e-45
2547.5	8.286549880352011e-45
2548.0	7.888932444269509e-45
2548.5	8.518334522139887e-45
2549.0	8.747213036925646e-45
2549.5	9.043940624389317e-45
2550.0	1.0472785126156015e-44
2550.5	1.0184314534971955e-44
2551.0	8.399425360366051e-45
2551.5	8.72159559499522e-45
2552.0	8.957371904438145e-45
2552.5	9.831072806634983e-45
2553.0	9.507027939142585e-45
2553.5	8.418701504973356e-45
2554.0	8.607618810636573e-45
2554.5	9.128365099581908e-45
2555.0	9.207802737337085e-45
2555.5	8.974483500703514e-45
2556.0	8.3143811701774e-45
2556.5	8.659795629307534e-45
2557.0	9.555845983443982e-45
2557.5	8.984759684129036e-45
2558.0	9.227936491192467e-45
2558.5	9.386070622613974e-45
2559.0	9.377337277534715e-45
2559.5	9.913062075910625e-45
2560.0	8.976112318983922e-45
2560.5	8.72520992000334e-45
2561.0	8.523633860532187e-45
2561.5	9.008166114044244e-45
2562.0	1.0302950647898622e-44
2562.5	9.619633254097066e-45
2563.0	9.180487311159066e-45
2563.5	8.870951297921826e-45
2564.0	8.825557190189274e-45
2564.5	9.6954835318917e-45
2565.0	8.711726179892606e-45
2565.5	8.807340805582665e-45
2566.0	9.69076202890229e-45
2566.5	9.504941527329359e-45
2567.0	8.975003916988757e-45
2567.5	9.14814241355322e-45
2568.0	9.000834519601374e-45
2568.5	8.900370167563037e-45
2569.0	8.773493059178856e-45
2569.5	8.92176595143582e-45
2570.0	9.205748742211492e-45
2570.5	8.618855493380881e-45
2571.0	8.421013762179925e-45
2571.5	8.265521597657818e-45
2572.0	9.642649525872727e-45
2572.5	1.0388689229141411e-44
2573.0	9.738741824498813e-45
2573.5	8.983639815738437e-45
2574.0	9.340474308438298e-45
2574.5	9.300189539938591e-45
2575.0	8.808637396718082e-45
2575.5	9.479711962638075e-45
2576.0	9.858342482922919e-45
2576.5	9.942872015824578e-45
2577.0	9.39505917593574e-45
2577.5	8.689190520810095e-45
2578.0	8.688077385784248e-45
2578.5	9.149049051819516e-45
2579.0	9.058570100927543e-45
2579.5	8.773858454096474e-45
2580.0	9.205213532009163e-45
2580.5	9.486237574224893e-45
2581.0	9.253998561271596e-45
2581.5	8.69332060710074e-45
2582.0	8.763482110426797e-45
2582.5	9.723421470425711e-45
2583.0	1.0217300837428896e-44
2583.5	9.680337957351032e-45
2584.0	9.593807234258647e-45
2584.5	9.029890381821163e-45
2585.0	9.702108640317086e-45
2585.5	1.0841050738136716e-44
2586.0	1.1328016129640728e-44
2586.5	9.479034191911536e-45
2587.0	9.896465062435232e-45
2587.5	1.0348586960382927e-44
2588.0	8.560980210628554e-45
2588.5	8.040934494872422e-45
2589.0	9.44639138708649e-45
2589.5	1.0727097695115567e-44
2590.0	9.069664158457974e-45
2590.5	9.397144555206139e-45
2591.0	9.026224677583465e-45
2591.5	1.0171576358218866e-44
2592.0	9.800650998395807e-45
2592.5	8.53401881440653e-45
2593.0	8.72291889238149e-45
2593.5	8.68542587665039e-45
2594.0	9.578252538501025e-45
2594.5	9.153862493022005e-45
2595.0	9.948257634839195e-45
2595.5	9.31688333806327e-45
2596.0	8.051832335145101e-45
2596.5	8.218242751858628e-45
2597.0	8.657124523937515e-45
2597.5	8.636946626486582e-45
2598.0	9.589420286851552e-45
2598.5	9.09252760963705e-45
2599.0	1.0006350844559604e-44
2599.5	9.537300889849391e-45
2600.0	9.912440976671702e-45
2600.5	9.024195006003036e-45
2601.0	8.953756304743408e-45
2601.5	9.316375646855384e-45
2602.0	1.0138995223383749e-44
2602.5	1.0276027896810733e-44
2603.0	9.716856657252973e-45
2603.5	9.420132705496613e-45
2604.0	9.876291595463241e-45
2604.5	9.116536921860579e-45
2605.0	8.433258216418964e-45
2605.5	9.23507002154142e-45
2606.0	9.969113326488609e-45
2606.5	9.791427110682395e-45
2607.0	9.100875244031724e-45
2607.5	9.65972720877738e-45
2608.0	9.486179977198897e-45
2608.5	8.651012408139402e-45
2609.0	8.519744642227824e-45
2609.5	9.03314925000858e-45
2610.0	8.958321246958583e-45
2610.5	9.440064030829355e-45
2611.0	8.804766795818724e-45
2611.5	1.0125851609266879e-44
2612.0	1.0179184147845527e-44
2612.5	8.588955911505039e-45
2613.0	8.329734514158623e-45
2613.5	9.13500406304388e-45
2614.0	1.02638699786226e-44
2614.5	8.899098893092099e-45
2615.0	9.089939450741772e-45
2615.5	1.0075660290127275e-44
2616.0	9.611552928085409e-45
2616.5	1.0187783108514342e-44
2617.0	9.458318748466267e-45
2617.5	8.469428144314803e-45
2618.0	9.256745095328225e-45
2618.5	1.0525584762425404e-44
2619.0	1.048678727177064e-44
2619.5	1.1277987783879973e-44
2620.0	1.0406739826027306e-44
2620.5	9.68886966724016e-45
2621.0	1.0296117918668718e-44
2621.5	8.95240106356899e-45
2622.0	1.0155062434856057e-44
2622.5	1.1045555787675117e-44
2623.0	9.77575727427142e-45
2623.5	9.930631646693655e-45
2624.0	1.1103003710597717e-44
2624.5	1.3770966298585753e-44
2625.0	1.4067939147397676e-44
2625.5	1.0620559515528552e-44
2626.0	1.0226277313420576e-44
2626.5	9.311598294656054e-45
2627.0	9.992036215505307e-45
2627.5	9.764940324600387e-45
2628.0	8.95800198376086e-45
2628.5	9.226605107437401e-45
2629.0	1.012030931984092e-44
2629.5	1.0041002630021476e-44
2630.0	9.303486057126944e-45
2630.5	8.752141058250644e-45
2631.0	8.407760487479497e-45
2631.5	9.789684349720992e-45
2632.0	9.857776022730524e-45
2632.5	9.401414667605766e-45
2633.0	9.80115839337835e-45
2633.5	9.99917068490802e-45
2634.0	1.0251042792454007e-44
2634.5	9.891219331234431e-45
2635.0	1.0354169945874231e-44
2635.5	9.776690525884223e-45
2636.0	1.0484809936455197e-44
2636.5	1.0709440701342939e-44
2637.0	1.0235493161543395e-44
2637.5	1.025790337441391e-44
2638.0	1.1306816413023802e-44
2638.5	1.21800242316838e-44
2639.0	1.142134140957545e-44
2639.5	9.963227043358314e-45
2640.0	9.91807939218124e-45
2640.5	9.887749825359484e-45
2641.0	1.193056478432948e-44
2641.5	1.0300339095872108e-44
2642.0	9.681024174000883e-45
2642.5	1.0093225058732055e-44
2643.0	1.0009958633429912e-44
2643.5	9.197453492604049e-45
2644.0	9.719894619690056e-45
2644.5	1.1185436356136621e-44
2645.0	1.109502692794316e-44
2645.5	9.649147674965805e-45
2646.0	9.357450826889457e-45
2646.5	1.0032432713790952e-44
2647.0	1.0151198488660683e-44
2647.5	9.955176529731129e-45
2648.0	9.069525827096309e-45
2648.5	9.515754010913043e-45
2649.0	1.0414123335021531e-44
2649.5	9.398876462920558e-45
2650.0	9.650220624129021e-45
2650.5	1.1116847914150612e-44
2651.0	1.122532754772103e-44
2651.5	1.0790328253260486e-44
2652.0	1.0949690978679787e-44
2652.5	1.1142880712615202e-44
2653.0	1.0781057345251395e-44
2653.5	1.0402856467516826e-44
2654.0	9.245375675583299e-45
2654.5	9.816704812739307e-45
2655.0	1.0018277609139681e-44
2655.5	1.0307613742128998e-44
2656.0	9.550808465853878e-45
2656.5	8.61780304150688e-45
2657.0	9.968384029213845e-45
2657.5	1.0385135971767529e-44
2658.0	1.2463426334910048e-44
2658.5	1.216990570030385e-44
2659.0	1.067735508354794e-44
2659.5	1.5511006568297163e-44
2660.0	1.415167907947987e-44
2660.5	1.1104512918654519e-44
2661.0	1.1999172690570305e-44
2661.5	1.1782918357230412e-44
2662.0	1.507248579358881e-44
2662.5	1.229620321959674e-44
2663.0	9.870692188875525e-45
2663.5	1.0354785822032823e-44
2664.0	1.1739209233637896e-44
2664.5	1.0018859710347299e-44
2665.0	9.72590610152326e-45
2665.5	9.789793858681143e-45
2666.0	8.613688684623632e-45
2666.5	1.0098842706861135e-44
2667.0	1.1390281944689696e-44
2667.5	1.148231485474033e-44
2668.0	1.189239334689083e-44
2668.5	1.5189239425682825e-44
2669.0	1.143471911462275e-44
2669.5	1.0016411578963596e-44
2670.0	1.018967744126544e-44
2670.5	9.669937412283943e-45
2671.0	1.1029600818516599e-44
2671.5	1.1336262712036404e-44
2672.0	1.1045352380936021e-44
2672.5	9.731726355967721e-45
2673.0	9.949740736461055e-45
2673.5	1.1039931925819489e-44
2674.0	1.0220766154179454e-44
2674.5	1.201244346131949e-44
2675.0	1.095972171205212e-44
2675.5	1.0496706168175572e-44
2676.0	9.90219806654043e-45
2676.5	1.0546239846771363e-44
2677.0	1.0499951272560026e-44
2677.5	1.0590602020072407e-44
2678.0	1.0849457671349517e-44
2678.5	1.1138499648653406e-44
2679.0	1.1146427726295907e-44
2679.5	1.0454085319214752e-44
2680.0	1.0621534232760029e-44
2680.5	9.123927992684126e-45
2681.0	9.449106783175859e-45
2681.5	9.93985088345727e-45
2682.0	1.0665071990253419e-44
2682.5	1.1688654078876667e-44
2683.0	1.1900402933277641e-44
2683.5	1.0346925504137217e-44
2684.0	1.0027230635930751e-44
2684.5	1.0440495992115096e-44
2685.0	1.0343158170707397e-44
2685.5	9.480967334184008e-45
2686.0	9.456164139219271e-45
2686.5	9.847175021165021e-45
2687.0	1.0723667676399172e-44
2687.5	9.763969642860953e-45
2688.0	9.254976720915379e-45
2688.5	1.0821440832341485e-44
2689.0	1.1456283687069617e-44
2689.5	9.882853880642724e-45
2690.0	9.437835565610815e-45
2690.5	1.0262864847859575e-44
2691.0	9.988734874275614e-45
2691.5	1.0009568884718924e-44
2692.0	1.0382550063947566e-44
2692.5	1.0775183873932338e-44
2693.0	1.01816059232906e-44
2693.5	1.0267951800942041e-44
2694.0	1.0108046933026899e-44
2694.5	9.383684254670225e-45
2695.0	8.469314162806497e-45
2695.5	8.827381359019707e-45
2696.0	1.0041158139912396e-44
2696.5	9.624401495474021e-45
2697.0	9.232487685878825e-45
2697.5	9.653266130870197e-45
2698.0	9.499659233852211e-45
2698.5	9.755446994603567e-45
2699.0	1.0262430197211384e-44
2699.5	9.975727727738764e-45
2700.0	1.1835460703015703e-44
2700.5	1.13021314351184e-44
2701.0	1.1040537519204905e-44
2701.5	1.1805759262296467e-44
2702.0	1.1354477997787992e-44
2702.5	1.137614835838562e-44
2703.0	9.653953652905299e-45
2703.5	1.0200011152177208e-44
2704.0	9.680424359860475e-45
2704.5	9.78844781413286e-45
2705.0	1.0174341145473799e-44
2705.5	1.0062307596968726e-44
2706.0	1.0994923965462942e-44
2706.5	1.0280916921685331e-44
2707.0	1.030716144097106e-44
2707.5	1.0006159335509375e-44
2708.0	1.0513560376956364e-44
2708.5	9.746808841304421e-45
2709.0	9.672767869679737e-45
2709.5	1.0192307625800605e-44
2710.0	1.0274185780305521e-44
2710.5	1.038155434314618e-44
2711.0	9.896054937202886e-45
2711.5	9.492171892952829e-45
2712.0	9.266296200359839e-45
2712.5	1.0932760158455851e-44
2713.0	9.72878035222322e-45
2713.5	9.470469790348873e-45
2714.0	1.0107184884120159e-44
2714.5	1.0629730715982954e-44
2715.0	9.966187301906083e-45
2715.5	9.119026859247935e-45
2716.0	9.773237743639644e-45
2716.5	9.1764416892612e-45
2717.0	8.331180057069242e-45
2717.5	1.0731003836182174e-44
2718.0	1.1208847129765615e-44
2718.5	1.0779166128553247e-44
2719.0	1.0345439985602988e-44
2719.5	1.0164654519782907e-44
2720.0	1.0704514364657392e-44
2720.5	1.0354014038953946e-44
2721.0	1.0258141422998914e-44
2721.5	1.052037562708632e-44
2722.0	1.1402238558995557e-44
2722.5	1.0343995103146452e-44
2723.0	8.256848811782571e-45
2723.5	9.30886466776154e-45
2724.0	1.1269262217664986e-44
2724.5	1.0140638069831197e-44
2725.0	1.064592435275455e-44
2725.5	1.0937069350900448e-44
2726.0	1.0216708034294743e-44
2726.5	1.097678286722514e-44
2727.0	1.150526224403258e-44
2727.5	1.0025695030279388e-44
2728.0	9.771481882193408e-45
2728.5	1.0736573711433208e-44
2729.0	1.1391245293861559e-44
2729.5	1.0871465467615544e-44
2730.0	1.0888348722804366e-44
2730.5	1.142065040266964e-44
2731.0	1.0880153395914764e-44
2731.5	1.0359357618603136e-44
2732.0	1.0052784217356791e-44
2732.5	1.0352159563826728e-44
2733.0	9.748789543061794e-45
2733.5	9.928950301183615e-45
2734.0	1.0462056855824562e-44
2734.5	9.101303282127205e-45
2735.0	9.821425307189417e-45
2735.5	1.0332834623707627e-44
2736.0	1.0413426995916099e-44
2736.5	9.884649239411684e-45
2737.0	1.0158735565964622e-44
2737.5	1.0739834892410926e-44
2738.0	1.0600384710812348e-44
2738.5	1.0709477606765404e-44
2739.0	1.1144544888047961e-44
2739.5	1.0582391742220488e-44
2740.0	1.1370706852088698e-44
2740.5	1.1547993470714607e-44
2741.0	1.007271133580269e-44
2741.5	8.953210110067744e-45
2742.0	1.016100679360025e-44
2742.5	1.2059364742867847e-44
2743.0	1.172190136758861e-44
2743.5	1.2165635214853418e-44
2744.0	1.3417508546706496e-44
2744.5	1.1704246140342766e-44
2745.0	1.2616201601223953e-44
2745.5	1.2966462351305407e-44
2746.0	1.174472439719593e-44
2746.5	1.082212203614377e-44
2747.0	1.168729733855048e-44
2747.5	1.1806442145315145e-44
2748.0	1.1961460514763444e-44
2748.5	1.2251389584198262e-44
2749.0	1.2670455770199864e-44
2749.5	1.0230846499089476e-44
2750.0	1.0097923930068504e-44
2750.5	1.1466146240647836e-44
2751.0	1.1631991380439018e-44
2751.5	1.1052150503009052e-44
2752.0	1.1074453889987267e-44
2752.5	1.2338229577660329e-44
2753.0	1.0248106306259004e-44
2753.5	1.0664448526686028e-44
2754.0	1.133567008503221e-44
2754.5	1.120235443676301e-44
2755.0	1.2343167355003991e-44
2755.5	1.2511202166748799e-44
2756.0	1.1532147046277228e-44
2756.5	1.068423659796585e-44
2757.0	1.0079636036040913e-44
2757.5	1.1136497029122869e-44
2758.0	1.0453288296691644e-44
2758.5	1.0660866166901104e-44
2759.0	1.0926941133823395e-44
2759.5	1.1372044574002134e-44
2760.0	1.0291514829150514e-44
2760.5	1.0976821415120828e-44
2761.0	1.228845716733597e-44
2761.5	1.1159065473514143e-44
2762.0	1.1600345103393808e-44
2762.5	1.0936265286297409e-44
2763.0	1.043245143794088e-44
2763.5	1.1131551395702455e-44
2764.0	1.161550289211188e-44
2764.5	1.1005560816219562e-44
2765.0	1.0578452147603847e-44
2765.5	1.0421202977669326e-44
2766.0	1.1000761070368745e-44
2766.5	1.0202168853241412e-44
2767.0	9.592428907945076e-45
2767.5	1.0362740630305155e-44
2768.0	1.0749663465231778e-44
2768.5	1.0506774258846348e-44
2769.0	1.1404994709152175e-44
2769.5	1.152159456548787e-44
2770.0	1.128133779227693e-44
2770.5	1.1391462336363648e-44
2771.0	1.0898340827388673e-44
2771.5	9.750927478745407e-45
2772.0	1.0478066591494597e-44
2772.5	1.1452312965662648e-44
2773.0	1.1521985762500052e-44
2773.5	1.1868562743904614e-44
2774.0	1.1236446932753742e-44
2774.5	1.1074057804304605e-44
2775.0	1.2198254392638176e-44
2775.5	1.157368183166525e-44
2776.0	1.0972696022180248e-44
2776.5	1.1677407466470172e-44
2777.0	1.1939079267772202e-44
2777.5	1.1022097365736926e-44
2778.0	1.0419930738466508e-44
2778.5	1.0698505799028984e-44
2779.0	1.0773294109571378e-44
2779.5	1.0957302664726527e-44
2780.0	1.050570687233858e-44
2780.5	1.0927986770901619e-44
2781.0	1.16813931744785e-44
2781.5	1.1275659309541655e-44
2782.0	1.1603741217220258e-44
2782.5	1.0204801769536851e-44
2783.0	1.1021814178880947e-44
2783.5	9.631627726478767e-45
2784.0	1.0403771760636387e-44
2784.5	1.1018053573980104e-44
2785.0	1.0501878081341782e-44
2785.5	9.965208850969688e-45
2786.0	1.0928949830955346e-44
2786.5	1.1547883272647235e-44
2787.0	1.3103224564574352e-44
2787.5	1.25354285833879e-44
2788.0	1.0682126101563731e-44
2788.5	1.1187517702057227e-44
2789.0	1.1983058331440082e-44
2789.5	1.10198647478008e-44
2790.0	1.0537180958693441e-44
2790.5	1.075749093115816e-44
2791.0	1.1220583763302671e-44
2791.5	1.2774328040879857e-44
2792.0	1.225562559417775e-44
2792.5	1.1232619975459843e-44
2793.0	9.892268528647044e-45
2793.5	1.1299261809541743e-44
2794.0	1.1597714407214538e-44
2794.5	1.1585322524728284e-44
2795.0	1.1270225410251586e-44
2795.5	1.256294227698317e-44
2796.0	1.1458259972514307e-44
2796.5	1.2465148579852003e-44
2797.0	1.150944025888158e-44
2797.5	1.1990913925724042e-44
2798.0	1.2447342397487516e-44
2798.5	1.172932091193557e-44
2799.0	1.177877846710495e-44
2799.5	1.1933721705947094e-44
2800.0	1.097278433160171e-44
2800.5	1.0706301782632368e-44
2801.0	1.0130512707241343e-44
2801.5	9.606662844693385e-45
2802.0	1.0769448662886692e-44
2802.5	1.0659093196986853e-44
2803.0	1.1204164555774401e-44
2803.5	1.2418383458886914e-44
2804.0	1.2216106757691862e-44
2804.5	1.0777499735891014e-44
2805.0	1.0644376781051892e-44
2805.5	1.0932132635585191e-44
2806.0	1.1109413602378171e-44
2806.5	1.1035324065787731e-44
2807.0	9.968524043095759e-45
2807.5	1.0713519859538172e-44
2808.0	9.879551426760539e-45
2808.5	1.006061958066992e-44
2809.0	1.0499420704708258e-44
2809.5	1.0963724131298826e-44
2810.0	1.1040947733430734e-44
2810.5	1.1036472669409219e-44
2811.0	1.0913611332757574e-44
2811.5	1.1373459611991734e-44
2812.0	1.141881363332383e-44
2812.5	1.1353230998842805e-44
2813.0	1.1626804600651428e-44
2813.5	1.2062387429409336e-44
2814.0	1.1445448902994358e-44
2814.5	1.2006062561067878e-44
2815.0	1.190327813642273e-44
2815.5	1.0780407284104272e-44
2816.0	1.1486285160079852e-44
2816.5	1.1540005323284167e-44
2817.0	1.0075841301728502e-44
2817.5	1.0790944341936596e-44
2818.0	1.1208663221473906e-44
2818.5	1.1107754549948192e-44
2819.0	1.073356588462583e-44
2819.5	1.0978556938280654e-44
2820.0	1.1489286945652848e-44
2820.5	1.1380788928264778e-44
2821.0	1.1836801275329358e-44
2821.5	1.0946113289207798e-44
2822.0	1.0949874013587346e-44
2822.5	9.956903607856237e-45
2823.0	9.85550920656758e-45
2823.5	9.859724036033181e-45
2824.0	1.1300137660334597e-44
2824.5	1.137007109989863e-44
2825.0	9.716491057668238e-45
2825.5	1.0048503671136239e-44
2826.0	1.0694295492750891e-44
2826.5	1.2006134660216896e-44
2827.0	1.2092476442452671e-44
2827.5	1.0502634946934376e-44
2828.0	1.0993289691924107e-44
2828.5	1.0348310737340196e-44
2829.0	1.131845083179318e-44
2829.5	1.2402786487122416e-44
2830.0	1.1421384009091482e-44
2830.5	1.0927379514624368e-44
2831.0	1.1758824756632834e-44
2831.5	1.15138819581319e-44
2832.0	1.0163775852133544e-44
2832.5	1.0218800508123784e-44
2833.0	1.1592844898760158e-44
2833.5	1.188679502608701e-44
2834.0	9.931275565498548e-45
2834.5	9.97966730341968e-45
2835.0	1.0092536158689162e-44
2835.5	1.1448328957481668e-44
2836.0	1.1058376462403145e-44
2836.5	1.2157336964452576e-44
2837.0	1.1042267072159291e-44
2837.5	1.057933099937684e-44
2838.0	1.0217798365110534e-44
2838.5	1.0523095850735524e-44
2839.0	1.0346032158669591e-44
2839.5	1.2248026439930634e-44
2840.0	1.2433920817686452e-44
2840.5	1.0073090653190213e-44
2841.0	1.0512683364964431e-44
2841.5	1.1119165134068819e-44
2842.0	1.0047665631999051e-44
2842.5	9.840869109063227e-45
2843.0	1.2425758529881488e-44
2843.5	1.1760466480373931e-44
2844.0	1.1004262433874535e-44
2844.5	1.098518040023179e-44
2845.0	1.1061434971537722e-44
2845.5	1.350893462454173e-44
2846.0	1.1423547876823087e-44
2846.5	1.026487059558152e-44
2847.0	1.2148240181108371e-44
2847.5	1.1273974816760215e-44
2848.0	1.0695531562055928e-44
2848.5	1.1266183824280723e-44
2849.0	1.1660573690743918e-44
2849.5	1.2838229056769514e-44
2850.0	1.1569428999043163e-44
2850.5	1.171123383569014e-44
2851.0	1.2256825427532728e-44
2851.5	1.1727113391135408e-44
2852.0	1.178374117651188e-44
2852.5	1.1229672830188012e-44
2853.0	1.1319068142208268e-44
2853.5	1.2068327268512615e-44
2854.0	1.1429594995026732e-44
2854.5	1.2744046700248162e-44
2855.0	1.2023586332118843e-44
2855.5	1.0851903454367197e-44
2856.0	9.970125514120383e-45
2856.5	1.0542316427612148e-44
2857.0	1.1777068103987522e-44
2857.5	1.1666364858586875e-44
2858.0	1.1565927124452884e-44
2858.5	1.0805319697529245e-44
2859.0	1.1841271460040032e-44
2859.5	1.1090424868384292e-44
2860.0	1.2185512571706658e-44
2860.5	1.1992299141513318e-44
2861.0	1.2507354474730711e-44
2861.5	1.0998591839638986e-44
2862.0	1.1523080351910572e-44
2862.5	1.0600250065998365e-44
2863.0	1.1154606461985307e-44
2863.5	1.1272127091865479e-44
2864.0	1.0634249593569432e-44
2864.5	1.0939272367526644e-44
2865.0	1.1133566357775276e-44
2865.5	1.2097101105774966e-44
2866.0	1.1386252723644735e-44
2866.5	1.1043443141196931e-44
2867.0	1.2515712962457258e-44
2867.5	1.0779356563605769e-44
2868.0	1.1820996856413315e-44
2868.5	1.1445488084119326e-44
2869.0	1.0862849935225201e-44
2869.5	1.1477855630816377e-44
2870.0	1.1883926585236255e-44
2870.5	1.2496560513542234e-44
2871.0	1.2862291632749612e-44
2871.5	1.3638942757600959e-44
2872.0	1.2311645453868246e-44
2872.5	1.2714628840526874e-44
2873.0	1.2463859251870543e-44
2873.5	1.1361584099998496e-44
2874.0	1.1881728748870995e-44
2874.5	1.3254448003213432e-44
2875.0	1.2107752495337217e-44
2875.5	1.190752913123058e-44
2876.0	1.1849700365617403e-44
2876.5	1.2117234662066886e-44
2877.0	1.1977995146018854e-44
2877.5	1.1605320118344594e-44
2878.0	1.210611723725392e-44
2878.5	1.2741733945819715e-44
2879.0	1.2676791206408943e-44
2879.5	1.179298465454483e-44
2880.0	1.1328672493972284e-44
2880.5	1.1993653905795818e-44
2881.0	1.2063084587765836e-44
2881.5	1.1884440915214893e-44
2882.0	1.1453997356791888e-44
2882.5	1.1556709869583577e-44
2883.0	1.2914549603247507e-44
2883.5	1.3102126231191398e-44
2884.0	1.1731969116290212e-44
2884.5	1.301185330456495e-44
2885.0	1.2640077962517357e-44
2885.5	1.1674612874242473e-44
2886.0	1.2314925583219353e-44
2886.5	1.3173708090688463e-44
2887.0	1.3222372465802936e-44
2887.5	1.2188074755479496e-44
2888.0	1.2316877766137682e-44
2888.5	1.2644593280806994e-44
2889.0	1.1627765153304378e-44
2889.5	1.200663698319593e-44
2890.0	1.1590698942227235e-44
2890.5	1.207406165451376e-44
2891.0	1.0987140688425034e-44
2891.5	1.1019241382299182e-44
2892.0	1.120173514160951e-44
2892.5	1.1716585248357758e-44
2893.0	1.1517155743030902e-44
2893.5	1.1780306582524586e-44
2894.0	1.1913256171587954e-44
2894.5	1.173959028097715e-44
2895.0	1.227357393565152e-44
2895.5	1.1542140053494173e-44
2896.0	1.1259109562923515e-44
2896.5	1.0307703568038272e-44
2897.0	1.0531452451724182e-44
2897.5	1.1961330840003447e-44
2898.0	1.308470508121517e-44
2898.5	1.2006225875152723e-44
2899.0	1.145798156878738e-44
2899.5	1.2672844958429877e-44
2900.0	1.1103480425503747e-44
2900.5	1.2162698771779246e-44
2901.0	1.2970400472910531e-44
2901.5	1.2031397509003416e-44
2902.0	1.1513712746971283e-44
2902.5	1.2157325865615246e-44
2903.0	1.345374493263757e-44
2903.5	1.1910871176568734e-44
2904.0	1.068529761000518e-44
2904.5	1.1083521494376531e-44
2905.0	1.0090115969848388e-44
2905.5	1.1243197979053844e-44
2906.0	1.1976250994159762e-44
2906.5	1.1563150861146045e-44
2907.0	1.2344303837190252e-44
2907.5	1.3040071942518767e-44
2908.0	1.3548645828433187e-44
2908.5	1.2539587165809823e-44
2909.0	1.2007964760278936e-44
2909.5	1.244315016533363e-44
2910.0	1.2015186576338444e-44
2910.5	1.186914445811312e-44
2911.0	1.15364351971133e-44
2911.5	1.262552631904262e-44
2912.0	1.1180217687856263e-44
2912.5	1.0669304293659452e-44
2913.0	1.2442679979748346e-44
2913.5	1.2916653295326094e-44
2914.0	1.1166255266891235e-44
2914.5	1.1770745472740834e-44
2915.0	1.2172510509309574e-44
2915.5	1.2719147055599222e-44
2916.0	1.2195553100441377e-44
2916.5	1.1592772011799676e-44
2917.0	1.2515598241937734e-44
2917.5	1.292822866035701e-44
2918.0	1.1791211139653911e-44
2918.5	1.2933040469048797e-44
2919.0	1.1589031225149122e-44
2919.5	1.2382324924085075e-44
2920.0	1.2705164063318146e-44
2920.5	1.1503123559682018e-44
2921.0	1.1155498247992343e-44
2921.5	1.1612006720866794e-44
2922.0	1.2943030058673514e-44
2922.5	1.1001931392389028e-44
2923.0	1.0786840941531664e-44
2923.5	1.0870457952798914e-44
2924.0	1.2000208957193445e-44
2924.5	1.2053715384285158e-44
2925.0	1.1180174882709035e-44
2925.5	1.2088710648354394e-44
2926.0	1.3110379568628907e-44
2926.5	1.404192283360946e-44
2927.0	1.3824358987121585e-44
2927.5	1.3941676933382737e-44
2928.0	1.3763144968887636e-44
2928.5	1.1562224398615943e-44
2929.0	1.1653014080863396e-44
2929.5	1.2673638081998407e-44
2930.0	1.2610592087276348e-44
2930.5	1.1087238622532737e-44
2931.0	1.0426816956130636e-44
2931.5	1.2059438588585967e-44
2932.0	1.2541490602848855e-44
2932.5	1.2074833963827882e-44
2933.0	1.1894320591899715e-44
2933.5	1.1762656726426442e-44
2934.0	1.136321774626969e-44
2934.5	1.1469616157357204e-44
2935.0	1.1473515987167517e-44
2935.5	1.202750461462978e-44
2936.0	1.2163696386225492e-44
2936.5	1.1225244809051674e-44
2937.0	1.3013697187130032e-44
2937.5	1.2644785828840465e-44
2938.0	1.2545379495272972e-44
2938.5	1.2651994671994707e-44
2939.0	1.1223869714310824e-44
2939.5	1.0737308579537874e-44
2940.0	1.1695705568815778e-44
2940.5	1.1924006505794215e-44
2941.0	1.2126838450605887e-44
2941.5	1.3321223121397482e-44
2942.0	1.2352813028605965e-44
2942.5	1.2005967236846323e-44
2943.0	1.2129912850225448e-44
2943.5	1.30973419102988e-44
2944.0	1.3659008601509023e-44
2944.5	1.2188149694464009e-44
2945.0	1.174813595819433e-44
2945.5	1.2155034104967236e-44
2946.0	1.2011124166024175e-44
2946.5	1.1761655256883515e-44
2947.0	1.2295813853279065e-44
2947.5	1.1070528570680491e-44
2948.0	1.1103946101234154e-44
2948.5	1.203140364190235e-44
2949.0	1.2882593037518368e-44
2949.5	1.3289188604659054e-44
2950.0	1.1405018336115166e-44
2950.5	1.1140753882173566e-44
2951.0	1.2387953814491245e-44
2951.5	1.284229097593024e-44
2952.0	1.2243513775613814e-44
2952.5	1.1829884527008308e-44
2953.0	1.181547606444171e-44
2953.5	1.2066921012950202e-44
2954.0	1.3190211510890263e-44
2954.5	1.2807608992311662e-44
2955.0	1.2012705274204641e-44
2955.5	1.2960152585765433e-44
2956.0	1.2150681706673199e-44
2956.5	1.1796474311337783e-44
2957.0	1.1434403874434101e-44
2957.5	1.2341689636812192e-44
2958.0	1.293599786488379e-44
2958.5	1.2069668550308e-44
2959.0	1.168195690902585e-44
2959.5	1.3028670474050026e-44
2960.0	1.1875917862425656e-44
2960.5	1.2579306097391022e-44
2961.0	1.1781630031332768e-44
2961.5	1.164311922880623e-44
2962.0	1.3205966329567463e-44
2962.5	1.1564453668548094e-44
2963.0	1.1254192207352757e-44
2963.5	1.2192916701098824e-44
2964.0	1.282299952664085e-44
2964.5	1.0638180911389086e-44
2965.0	1.228865244652863e-44
2965.5	1.3455079727273668e-44
2966.0	1.2883773972250071e-44
2966.5	1.1933768459233174e-44
2967.0	1.1163039219523939e-44
2967.5	1.1648778356510354e-44
2968.0	1.2917567838909172e-44
2968.5	1.2016788054452522e-44
2969.0	1.0349291450284851e-44
2969.5	1.1001487125728666e-44
2970.0	1.0578359197256964e-44
2970.5	1.2158972622334505e-44
2971.0	1.3386340838298794e-44
2971.5	1.2896704155533767e-44
2972.0	1.290978818761693e-44
2972.5	1.2145823326163277e-44
2973.0	1.141308222890444e-44
2973.5	1.1205213207548841e-44
2974.0	1.179211198692072e-44
2974.5	1.1496627361900214e-44
2975.0	1.2036501306751266e-44
2975.5	1.209884354317525e-44
2976.0	1.3069716393545902e-44
2976.5	1.2021871801522598e-44
2977.0	1.0374556849977312e-44
2977.5	1.2515761558888183e-44
2978.0	1.2682545237237191e-44
2978.5	1.1070140079510169e-44
2979.0	1.2380974893482527e-44
2979.5	1.334026278669852e-44
2980.0	1.4331056558828422e-44
2980.5	1.3132721983393797e-44
2981.0	1.182994506145999e-44
2981.5	1.218815318320082e-44
2982.0	1.2472638772801175e-44
2982.5	1.3853945390761755e-44
2983.0	1.4191314011558887e-44
2983.5	1.330201521472819e-44
2984.0	1.4556770630969786e-44
2984.5	1.5198754297024361e-44
2985.0	1.545613734114058e-44
2985.5	1.408475520855067e-44
2986.0	1.3402345711659188e-44
2986.5	1.307900638190217e-44
2987.0	1.4016964057008865e-44
2987.5	1.2627572082581828e-44
2988.0	1.235619512847108e-44
2988.5	1.2891084267324603e-44
2989.0	1.1427506999976165e-44
2989.5	1.1059970167760257e-44
2990.0	1.2248255802254542e-44
2990.5	1.3534106512745004e-44
2991.0	1.493119198997356e-44
2991.5	1.276037717091702e-44
2992.0	1.1626208292608984e-44
2992.5	1.1108806595667337e-44
2993.0	1.2030474916377953e-44
2993.5	1.1827757721027142e-44
2994.0	1.2193309789841498e-44
2994.5	1.2893046251202162e-44
2995.0	1.2949417395031832e-44
2995.5	1.3669573011938393e-44
2996.0	1.221969028005897e-44
2996.5	1.371557984132818e-44
2997.0	1.370207583336005e-44
2997.5	1.1581966823633232e-44
2998.0	1.1413889661598013e-44
2998.5	1.3293954709125193e-44
2999.0	1.5232438619484214e-44
2999.5	1.4273176882417902e-44
3000.0	1.2899413994618688e-44
3000.5	1.262251951803816e-44
3001.0	1.393176854417604e-44
3001.5	1.3277710577600724e-44
3002.0	1.3788228003696102e-44
3002.5	1.398731709223901e-44
3003.0	1.3252465037952667e-44
3003.5	1.256499703239319e-44
3004.0	1.2577788909720352e-44
3004.5	1.1814892082635187e-44
3005.0	1.3560890158280236e-44
3005.5	1.2447920284811146e-44
3006.0	1.2031538174739728e-44
3006.5	1.1805719916121417e-44
3007.0	1.4517311272565511e-44
3007.5	1.4162026983240703e-44
3008.0	1.3680247944107974e-44
3008.5	1.4035841964850603e-44
3009.0	1.3219668636606982e-44
3009.5	1.2110147533423568e-44
3010.0	1.3033283621433874e-44
3010.5	1.2820640581515073e-44
3011.0	1.1773855563706914e-44
3011.5	1.250328499953171e-44
3012.0	1.242041204240541e-44
3012.5	1.1772117856095318e-44
3013.0	1.0569376775286404e-44
3013.5	1.1158543301603115e-44
3014.0	1.1607388463163123e-44
3014.5	1.209422214174464e-44
3015.0	1.3139173556481463e-44
3015.5	1.2524385110567998e-44
3016.0	1.1898441423684962e-44
3016.5	1.2299880585992515e-44
3017.0	1.2084395283594751e-44
3017.5	1.3917642002644183e-44
3018.0	1.380703063759917e-44
3018.5	1.3051377484547958e-44
3019.0	1.276702081166861e-44
3019.5	1.3865039728833985e-44
3020.0	1.2983878870191079e-44
3020.5	1.201916708182783e-44
3021.0	1.0619804842431873e-44
3021.5	1.119184216780627e-44
3022.0	1.298977621118334e-44
3022.5	1.279492389670247e-44
3023.0	1.1982743370255102e-44
3023.5	1.212103066972473e-44
3024.0	1.2438610896033628e-44
3024.5	1.3586977037731723e-44
3025.0	1.3271840548549867e-44
3025.5	1.348810102469763e-44
3026.0	1.3691563420620183e-44
3026.5	1.292808362150146e-44
3027.0	1.3435691796716035e-44
3027.5	1.3978983784985689e-44
3028.0	1.3072810467130182e-44
3028.5	1.2595247828344385e-44
3029.0	1.2907516257789171e-44
3029.5	1.1439797562617546e-44
3030.0	1.1817667219572052e-44
3030.5	1.2839374371111955e-44
3031.0	1.321504474862519e-44
3031.5	1.2891502340250202e-44
3032.0	1.3750949629195443e-44
3032.5	1.370071444659404e-44
3033.0	1.3629354224530293e-44
3033.5	1.2028338582073877e-44
3034.0	1.1212537463554704e-44
3034.5	1.0903675436573746e-44
3035.0	1.2175549800160322e-44
3035.5	1.407217821687831e-44
3036.0	1.3060608724732134e-44
3036.5	1.365461934275129e-44
3037.0	1.4436234382197062e-44
3037.5	1.2845488240776795e-44
3038.0	1.2587652745979805e-44
3038.5	1.3286879857288193e-44
3039.0	1.3047301646548424e-44
3039.5	1.3188158531260392e-44
3040.0	1.3512159878488992e-44
3040.5	1.3874598733822155e-44
3041.0	1.5177726061462427e-44
3041.5	1.5286461513658163e-44
3042.0	1.4516690735048532e-44
3042.5	1.407114465129143e-44
3043.0	1.3038540565088433e-44
3043.5	1.360181135320156e-44
3044.0	1.291852732415177e-44
3044.5	1.3268837833084318e-44
3045.0	1.260776234845958e-44
3045.5	1.274446632428363e-44
3046.0	1.292810710783605e-44
3046.5	1.3351080215473736e-44
3047.0	1.251227376260615e-44
3047.5	1.2539830197328047e-44
3048.0	1.2259020179741765e-44
3048.5	1.1066265997165462e-44
3049.0	1.232612339509457e-44
3049.5	1.253702985262622e-44
3050.0	1.2799581436477028e-44
3050.5	1.4421300842759194e-44
3051.0	1.7764783049979066e-44
3051.5	1.393884011234408e-44
3052.0	1.1770796318915856e-44
3052.5	1.1694080327441706e-44
3053.0	1.1341896606038391e-44
3053.5	1.1950227267707384e-44
3054.0	1.3122023847778375e-44
3054.5	1.292070971254712e-44
3055.0	1.279338352329543e-44
3055.5	1.2895824644743592e-44
3056.0	1.3330536124315392e-44
3056.5	1.4370896058903335e-44
3057.0	1.3981310944811734e-44
3057.5	1.3112498296772705e-44
3058.0	1.3891144289263543e-44
3058.5	1.4109440059377067e-44
3059.0	1.3245163241779176e-44
3059.5	1.1862872890269243e-44
3060.0	1.1244525930721447e-44
3060.5	1.176716059849852e-44
3061.0	1.2895127986565553e-44
3061.5	1.4373255478410018e-44
3062.0	1.1958415157092846e-44
3062.5	1.1908589374327123e-44
3063.0	1.2551441170199808e-44
3063.5	1.460048791788343e-44
3064.0	1.4420034397598081e-44
3064.5	1.3107970330966474e-44
3065.0	1.3658945185644035e-44
3065.5	1.4948402612121641e-44
3066.0	1.4333754215064235e-44
3066.5	1.3245585991758078e-44
3067.0	1.3083806697163143e-44
3067.5	1.3570916716143449e-44
3068.0	1.3774905007527296e-44
3068.5	1.3184831410046943e-44
3069.0	1.2379016660470282e-44
3069.5	1.2973610478983702e-44
3070.0	1.1387026737302586e-44
3070.5	1.2335931647215537e-44
3071.0	1.6261471689576772e-44
3071.5	1.7062958169800752e-44
3072.0	1.4202531127300713e-44
3072.5	1.4534159769355634e-44
3073.0	1.4913563828818107e-44
3073.5	1.4925132083135476e-44
3074.0	1.5158752593109512e-44
3074.5	1.3097093528076636e-44
3075.0	1.1792318320297427e-44
3075.5	1.280531660412718e-44
3076.0	1.292170835719352e-44
3076.5	1.3462336053601296e-44
3077.0	1.3457814416824028e-44
3077.5	1.5658348284787122e-44
3078.0	1.3944533964224762e-44
3078.5	1.3507324200768942e-44
3079.0	1.2748774619318682e-44
3079.5	1.4304131946720515e-44
3080.0	1.3255130881004033e-44
3080.5	1.3496939159299043e-44
3081.0	1.438632377326846e-44
3081.5	1.3953274135386946e-44
3082.0	1.3027424967892975e-44
3082.5	1.384407920932265e-44
3083.0	1.2994751004988233e-44
3083.5	1.455830944641856e-44
3084.0	1.530508858335839e-44
3084.5	1.442148601456697e-44
3085.0	1.2118462133998301e-44
3085.5	1.4958255012068235e-44
3086.0	1.4406869162675166e-44
3086.5	1.3448895316854448e-44
3087.0	1.201422665865626e-44
3087.5	1.3623420503949059e-44
3088.0	1.4859533482702972e-44
3088.5	1.3845083192915907e-44
3089.0	1.2736231186525892e-44
3089.5	1.3525875374350835e-44
3090.0	1.3605381870400528e-44
3090.5	1.5328777465687119e-44
3091.0	1.4492651344394097e-44
3091.5	1.3199745202614454e-44
3092.0	1.4197508536576403e-44
3092.5	1.4744435534715024e-44
3093.0	1.405079392897731e-44
3093.5	1.4690785526431276e-44
3094.0	1.3478250204716694e-44
3094.5	1.2261565029651686e-44
3095.0	1.2996509510915662e-44
3095.5	1.2241704647984928e-44
3096.0	1.1023429858977883e-44
3096.5	1.2300276641104349e-44
3097.0	1.2456744671573421e-44
3097.5	1.3206627772638333e-44
3098.0	1.3468375237216975e-44
3098.5	1.3151687745303645e-44
3099.0	1.4770604954162898e-44
3099.5	2.001889441328837e-44
3100.0	1.6273900813429244e-44
3100.5	1.4038675471757187e-44
3101.0	1.5004800309831504e-44
3101.5	1.4833512064952548e-44
3102.0	1.58098540787975e-44
3102.5	1.4726184072618602e-44
3103.0	1.5410076679330758e-44
3103.5	1.6018900165926664e-44
3104.0	1.6310235235407834e-44
3104.5	1.522123243634789e-44
3105.0	1.6130892716509742e-44
3105.5	1.6036433713143395e-44
3106.0	1.3522872254459849e-44
3106.5	1.3821005088109034e-44
3107.0	1.4855506979321386e-44
3107.5	1.8101872448210325e-44
3108.0	1.6113536819421304e-44
3108.5	1.474192622991888e-44
3109.0	1.4813602789357184e-44
3109.5	1.5395860938395244e-44
3110.0	1.2879752948204598e-44
3110.5	1.314041528820361e-44
3111.0	1.5986436769005828e-44
3111.5	1.5330260900963452e-44
3112.0	1.3160260698566749e-44
3112.5	1.3925472401875702e-44
3113.0	1.4367733687604185e-44
3113.5	1.2683861248227743e-44
3114.0	1.3213383564060043e-44
3114.5	1.3194066367266735e-44
3115.0	1.421462312897302e-44
3115.5	1.550493686169732e-44
3116.0	1.3851196254838529e-44
3116.5	1.4122820442482868e-44
3117.0	1.304393851032852e-44
3117.5	1.2716830561518478e-44
3118.0	1.4972271931430237e-44
3118.5	1.5987707707711342e-44
3119.0	1.4475461622790712e-44
3119.5	1.52818162891037e-44
3120.0	1.5349063300697608e-44
3120.5	1.5584079626427951e-44
3121.0	1.6389518361725156e-44
3121.5	1.6015493033111392e-44
3122.0	1.478377810647184e-44
3122.5	1.391813203113067e-44
3123.0	1.5770050948870518e-44
3123.5	1.5602382520002867e-44
3124.0	1.5869608498137506e-44
3124.5	1.436348268194817e-44
3125.0	1.4871046649312844e-44
3125.5	1.5122998252535537e-44
3126.0	1.5214860143415537e-44
3126.5	1.5612076845707027e-44
3127.0	1.5236929334861789e-44
3127.5	1.5447768336984341e-44
3128.0	1.47009516813894e-44
3128.5	1.274991367152307e-44
3129.0	1.2545009076456715e-44
3129.5	1.2127282684266722e-44
3130.0	1.3176361004365208e-44
3130.5	1.4326528202241781e-44
3131.0	1.4106367471023427e-44
3131.5	1.4466719380471022e-44
3132.0	1.429652852289285e-44
3132.5	1.5223297132470515e-44
3133.0	1.6378517002532842e-44
3133.5	1.44825432874432e-44
3134.0	1.263407713439809e-44
3134.5	1.3847895734283245e-44
3135.0	1.4390778058112578e-44
3135.5	1.299597338953079e-44
3136.0	1.4337947494535105e-44
3136.5	1.3925053245336694e-44
3137.0	1.377313837021849e-44
3137.5	1.430090586259339e-44
3138.0	1.3345940128583215e-44
3138.5	1.253059247849015e-44
3139.0	1.4041693085305702e-44
3139.5	1.227829261033484e-44
3140.0	1.3140501670685879e-44
3140.5	1.2593892696799843e-44
3141.0	1.356471159781196e-44
3141.5	1.2629158269312008e-44
3142.0	1.2685518342281927e-44
3142.5	1.3169677085912311e-44
3143.0	1.415851036498067e-44
3143.5	1.556945857944923e-44
3144.0	1.5135122132840707e-44
3144.5	1.3248985014917064e-44
3145.0	1.3198944285650815e-44
3145.5	1.2160442983035771e-44
3146.0	1.2707930862299312e-44
3146.5	1.3470137112747138e-44
3147.0	1.4157000128310367e-44
3147.5	1.4570418602961842e-44
3148.0	1.3302809282879868e-44
3148.5	1.304873418381329e-44
3149.0	1.2501151550705323e-44
3149.5	1.3357322790053468e-44
3150.0	1.395445287567668e-44
3150.5	1.4299687398754154e-44
3151.0	1.5358890445128507e-44
3151.5	1.3369357425598765e-44
3152.0	1.2765360557966796e-44
3152.5	1.1652283191673212e-44
3153.0	1.4101777979459306e-44
3153.5	1.4275867825510637e-44
3154.0	1.5054557134188514e-44
3154.5	1.4690617993216767e-44
3155.0	1.429670510049449e-44
3155.5	1.4039301470770031e-44
3156.0	1.4975038890720712e-44
3156.5	1.685799186283828e-44
3157.0	1.5876863071082931e-44
3157.5	1.4496197695278147e-44
3158.0	1.4155758817560526e-44
3158.5	1.2760612090548478e-44
3159.0	1.2883771446310843e-44
3159.5	1.220063471999404e-44
3160.0	1.4670356932736548e-44
3160.5	1.6075466068417395e-44
3161.0	1.5520331488295526e-44
3161.5	1.5320465360106583e-44
3162.0	1.3815980989154982e-44
3162.5	1.3674404221745126e-44
3163.0	1.3902762305124996e-44
3163.5	1.4700621849033464e-44
3164.0	1.3890308071663854e-44
3164.5	1.2006238492605006e-44
3165.0	1.2917356382363915e-44
3165.5	1.5635738174875708e-44
3166.0	1.3627125606034498e-44
3166.5	1.2253410955702958e-44
3167.0	1.393424915083072e-44
3167.5	1.5180023317571192e-44
3168.0	1.376619792140628e-44
3168.5	1.356724008049519e-44
3169.0	1.3385500890705816e-44
3169.5	1.3362611061251398e-44
3170.0	1.3318351748843694e-44
3170.5	1.5179308181110491e-44
3171.0	1.653699384060585e-44
3171.5	1.5138705652177332e-44
3172.0	1.4866362284722525e-44
3172.5	1.5155635756481204e-44
3173.0	1.492757244503044e-44
3173.5	1.3902959735719016e-44
3174.0	1.484688586264747e-44
3174.5	1.541581280160405e-44
3175.0	1.4666483411154174e-44
3175.5	1.418415018638844e-44
3176.0	1.5873893158485117e-44
3176.5	1.3899206380559855e-44
3177.0	1.3358518380797403e-44
3177.5	1.555943035546524e-44
3178.0	1.6294552034742874e-44
3178.5	1.5497360026229137e-44
3179.0	1.324125995000946e-44
3179.5	1.502763921511901e-44
3180.0	1.2985758680199102e-44
3180.5	1.2451862323725046e-44
3181.0	1.315948747063769e-44
3181.5	1.3845982792365646e-44
3182.0	1.310526877864557e-44
3182.5	1.2862751129874598e-44
3183.0	1.3930791284298356e-44
3183.5	1.5195101550070542e-44
3184.0	1.48516158130654e-44
3184.5	1.3066037501042406e-44
3185.0	1.292849900388874e-44
3185.5	1.4608240429925964e-44
3186.0	1.3620181267949784e-44
3186.5	1.2503514804189354e-44
3187.0	1.4457630631319487e-44
3187.5	1.5340283884077504e-44
3188.0	1.4384767804305464e-44
3188.5	1.624989278454099e-44
3189.0	1.4871706495974988e-44
3189.5	1.4376004442473668e-44
3190.0	1.2407510995412204e-44
3190.5	1.4216349523996662e-44
3191.0	1.5351787375409015e-44
3191.5	1.3352453533805019e-44
3192.0	1.2956064402166306e-44
3192.5	1.3647368069723014e-44
3193.0	1.3552531015313645e-44
3193.5	1.4613010473550145e-44
3194.0	1.4384554599935342e-44
3194.5	1.4907837682764959e-44
3195.0	1.3887084587804347e-44
3195.5	1.345646039069292e-44
3196.0	1.457678701543502e-44
3196.5	1.5926979815939992e-44
3197.0	1.5683286566898708e-44
3197.5	1.3709014140733614e-44
3198.0	1.3067355754371888e-44
3198.5	1.4581327800719245e-44
3199.0	1.587032609910686e-44
3199.5	1.527397907365905e-44
3200.0	1.4351216639587632e-44
3200.5	1.5158997382472692e-44
3201.0	1.3539288355383733e-44
3201.5	1.1927304655166036e-44
3202.0	1.3119010501528224e-44
3202.5	1.590282639278151e-44
3203.0	1.5494598581657814e-44
3203.5	1.410182760764345e-44
3204.0	1.453181100183599e-44
3204.5	1.468813933373435e-44
3205.0	1.4232810131115457e-44
3205.5	1.3425754763227155e-44
3206.0	1.5035191375901783e-44
3206.5	1.5009493684374967e-44
3207.0	1.4958269265352857e-44
3207.5	1.4162413163069108e-44
3208.0	1.5640581970121856e-44
3208.5	1.6159344559192117e-44
3209.0	1.6189064032095088e-44
3209.5	1.640838905004218e-44
3210.0	1.5296783385893943e-44
3210.5	1.6527041682472117e-44
3211.0	1.7188803450763902e-44
3211.5	1.4887499843353034e-44
3212.0	1.4467747735107526e-44
3212.5	1.5679435276040162e-44
3213.0	1.583908638618718e-44
3213.5	1.4746930678318428e-44
3214.0	1.4965789977207217e-44
3214.5	1.3360317818566755e-44
3215.0	1.240770812384875e-44
3215.5	1.576840967207817e-44
3216.0	1.5778199235873544e-44
3216.5	1.4635461851229539e-44
3217.0	1.418480418408748e-44
3217.5	1.3856552607711407e-44
3218.0	1.381680091196249e-44
3218.5	1.357762365912332e-44
3219.0	1.2694723790670975e-44
3219.5	1.3233659660146058e-44
3220.0	1.5296272002745546e-44
3220.5	1.5895378312155903e-44
3221.0	1.3971981575176496e-44
3221.5	1.357875339043691e-44
3222.0	1.4420635656166622e-44
3222.5	1.4667720605616523e-44
3223.0	1.471257375495049e-44
3223.5	1.6065185464416355e-44
3224.0	1.5600107900827604e-44
3224.5	1.6206639469884756e-44
3225.0	1.6753604025322562e-44
3225.5	1.599882794769735e-44
3226.0	1.5587332173379272e-44
3226.5	1.6263457441170038e-44
3227.0	1.6667614579612625e-44
3227.5	1.483102903480785e-44
3228.0	1.6056849638669783e-44
3228.5	1.4607769924429374e-44
3229.0	1.3394531333020642e-44
3229.5	1.5111341460535875e-44
3230.0	1.483646256048626e-44
3230.5	1.4966401495250994e-44
3231.0	1.6588968863410088e-44
3231.5	1.5560054224798783e-44
3232.0	1.4229960845894687e-44
3232.5	1.1786720892584071e-44
3233.0	1.363178793725197e-44
3233.5	1.4787320306755966e-44
3234.0	1.5286360291284207e-44
3234.5	1.5179644298901092e-44
3235.0	1.2314384308744651e-44
3235.5	1.2946559236938063e-44
3236.0	1.4824619133091565e-44
3236.5	1.4192868990755042e-44
3237.0	1.3391712303616274e-44
3237.5	1.4103812663260303e-44
3238.0	1.4638576351979762e-44
3238.5	1.5436788589432715e-44
3239.0	1.5977169594897497e-44
3239.5	1.4944417837894784e-44
3240.0	1.4445507572550058e-44
3240.5	1.4833055200874198e-44
3241.0	1.4687201341726562e-44
3241.5	1.4318063927807681e-44
3242.0	1.4395605597208168e-44
3242.5	1.4660550531022058e-44
3243.0	1.4249611124088285e-44
3243.5	1.3709041520517813e-44
3244.0	1.5267425374167858e-44
3244.5	1.4501715225731882e-44
3245.0	1.3871985716333812e-44
3245.5	1.470473609964661e-44
3246.0	1.541934519392134e-44
3246.5	1.585720158491935e-44
3247.0	1.4678077531177704e-44
3247.5	1.4930471544299803e-44
3248.0	1.3050581654660024e-44
3248.5	1.3549539998809344e-44
3249.0	1.5036820852740312e-44
3249.5	1.418854722509256e-44
3250.0	1.7000549890446613e-44
3250.5	1.6874317809078533e-44
3251.0	1.4385504532098654e-44
3251.5	1.4749124256495736e-44
3252.0	1.6814189773409507e-44
3252.5	1.5444859233276782e-44
3253.0	1.4287170550542227e-44
3253.5	1.4048171754204888e-44
3254.0	1.3282913699358688e-44
3254.5	1.4742484727908892e-44
3255.0	1.4495499954692216e-44
3255.5	1.480729236431015e-44
3256.0	1.7165841470992096e-44
3256.5	1.6104790580348958e-44
3257.0	1.547937775278173e-44
3257.5	1.2109701674860904e-44
3258.0	1.2415826667207039e-44
3258.5	1.361989319145278e-44
3259.0	1.6364872893067719e-44
3259.5	1.5730365855870545e-44
3260.0	1.5193396821290368e-44
3260.5	1.4043176733073618e-44
3261.0	1.284815660646999e-44
3261.5	1.3925817852076906e-44
3262.0	1.551083179563421e-44
3262.5	1.4797109293503732e-44
3263.0	1.5573668246427915e-44
3263.5	1.5867923054585205e-44
3264.0	1.5338962635647863e-44
3264.5	1.443884578323001e-44
3265.0	1.5833787280123914e-44
3265.5	1.6143740626465041e-44
3266.0	1.4418177548584598e-44
3266.5	1.5368046152031617e-44
3267.0	1.487468432744455e-44
3267.5	1.4501989956164718e-44
3268.0	1.3429469196246223e-44
3268.5	1.3588652200718334e-44
3269.0	1.4389705987783533e-44
3269.5	1.5097345170673501e-44
3270.0	1.5956440864206402e-44
3270.5	1.6944768083190813e-44
3271.0	1.6771816743710272e-44
3271.5	1.4716265037500954e-44
3272.0	1.3027485018837438e-44
3272.5	1.377208424792969e-44
3273.0	1.4476278406591591e-44
3273.5	1.3820288965872302e-44
3274.0	1.4708665064759763e-44
3274.5	1.4955823522941995e-44
3275.0	1.322790575998891e-44
3275.5	1.414790379399288e-44
3276.0	1.5639258342458224e-44
3276.5	1.395108856676052e-44
3277.0	1.35986531045979e-44
3277.5	1.4214929898283162e-44
3278.0	1.60949638878719e-44
3278.5	1.451226743581098e-44
3279.0	1.4061114385847548e-44
3279.5	1.4242844934529786e-44
3280.0	1.699794467411125e-44
3280.5	1.5278114284436826e-44
3281.0	1.592799103049444e-44
3281.5	1.605945666023924e-44
3282.0	1.597416289904662e-44
3282.5	1.5324634901014735e-44
3283.0	1.460338962494315e-44
3283.5	1.4589908311213342e-44
3284.0	1.5123361122289407e-44
3284.5	1.5408074025143515e-44
3285.0	1.5155970084875894e-44
3285.5	1.3477517925995154e-44
3286.0	1.456812589632211e-44
3286.5	1.317438704736975e-44
3287.0	1.3567646776820956e-44
3287.5	1.3375192088459719e-44
3288.0	1.502434025698144e-44
3288.5	1.4608835422638675e-44
3289.0	1.4004052668145214e-44
3289.5	1.6691477927332585e-44
3290.0	1.5559631090893928e-44
3290.5	1.6726176011041356e-44
3291.0	1.700631468732425e-44
3291.5	1.4856068121871575e-44
3292.0	1.603581448914035e-44
3292.5	1.735121344662185e-44
3293.0	1.6451287336129094e-44
3293.5	1.5254468882571944e-44
3294.0	1.5899705749366959e-44
3294.5	1.5546075659065318e-44
3295.0	1.5739790360256186e-44
3295.5	1.6285999856755667e-44
3296.0	1.6032132896306475e-44
3296.5	1.7654424412385064e-44
3297.0	1.7238242294053843e-44
3297.5	1.5975277081468935e-44
3298.0	1.59004641448381e-44
3298.5	1.4322782227285728e-44
3299.0	1.3323804574509408e-44
3299.5	1.3799505600899203e-44
3300.0	1.5975202525346598e-44
3300.5	1.6303077136778833e-44
3301.0	1.5230218669105255e-44
3301.5	1.4657231659239992e-44
3302.0	1.4132853804924883e-44
3302.5	1.3173833935663905e-44
3303.0	1.4869120029860757e-44
3303.5	1.3091414576024597e-44
3304.0	1.3059864534236509e-44
3304.5	1.2312119015193592e-44
3305.0	1.4448437502274299e-44
3305.5	1.5255304780531078e-44
3306.0	1.3655461696089334e-44
3306.5	1.431658696553885e-44
3307.0	1.5149643736863954e-44
3307.5	1.670216168391313e-44
3308.0	1.7311888509048996e-44
3308.5	1.5960198460995296e-44
3309.0	1.4637974343678845e-44
3309.5	1.6722787145804322e-44
3310.0	1.5471122981302138e-44
3310.5	1.433691875274089e-44
3311.0	1.5752398278267618e-44
3311.5	1.6181830425984704e-44
3312.0	1.5388903892017084e-44
3312.5	1.4097681657734855e-44
3313.0	1.7167561366881645e-44
3313.5	1.5599231841918143e-44
3314.0	1.391435224767567e-44
3314.5	1.2747716858460936e-44
3315.0	1.2467486102036319e-44
3315.5	1.3912243268917303e-44
3316.0	1.42810424093037e-44
3316.5	1.5644062208357636e-44
3317.0	1.6592781429829467e-44
3317.5	1.4032219736675577e-44
3318.0	1.426422055381711e-44
3318.5	1.527686927075996e-44
3319.0	1.510979289313449e-44
3319.5	1.6151059235509123e-44
3320.0	1.5091047980167804e-44
3320.5	1.502474553766447e-44
3321.0	1.807214029263934e-44
3321.5	1.6891832358680972e-44
3322.0	1.5153279386920266e-44
3322.5	1.5547412883376994e-44
3323.0	1.5413225637893146e-44
3323.5	1.5334932436358776e-44
3324.0	1.6062554110802494e-44
3324.5	1.5597577416599454e-44
3325.0	1.6929185307831175e-44
3325.5	1.8421636229573585e-44
3326.0	1.8390509562470716e-44
3326.5	1.7981235335430686e-44
3327.0	1.5787372485732614e-44
3327.5	1.472931361748948e-44
3328.0	1.5628432137050588e-44
3328.5	1.5482648273666394e-44
3329.0	1.5033058411281357e-44
3329.5	1.4928233270123888e-44
3330.0	1.6625676059494206e-44
3330.5	1.8052150225256087e-44
3331.0	1.6423923724216708e-44
3331.5	1.41634379478153e-44
3332.0	1.4156637745044282e-44
3332.5	1.418157469327355e-44
3333.0	1.4214381994134575e-44
3333.5	1.3890123684075256e-44
3334.0	1.3906766041439762e-44
3334.5	1.3855126567130637e-44
3335.0	1.3786019774182004e-44
3335.5	1.524978605863117e-44
3336.0	1.5993936399970277e-44
3336.5	1.5439289169089923e-44
3337.0	1.5580962261750195e-44
3337.5	1.7137271328532714e-44
3338.0	1.4156460667296282e-44
3338.5	1.3871779426176732e-44
3339.0	1.4329127275392974e-44
3339.5	1.478254857634468e-44
3340.0	1.6643652109075872e-44
3340.5	1.7492969938354715e-44
3341.0	1.5171694143525988e-44
3341.5	1.4702665424926862e-44
3342.0	1.6429416752118456e-44
3342.5	1.5297250788319419e-44
3343.0	1.9499845290096955e-44
3343.5	1.7316490027465013e-44
3344.0	1.7316585276144668e-44
3344.5	2.5691262245265564e-44
3345.0	4.955606054013733e-44
3345.5	2.760671519228522e-44
3346.0	1.8521169471942136e-44
3346.5	1.5040625250242392e-44
3347.0	1.6383023006660167e-44
3347.5	1.7078077455058926e-44
3348.0	1.5609268778704658e-44
3348.5	1.5247090073668406e-44
3349.0	1.4714818848119566e-44
3349.5	1.6796002570181798e-44
3350.0	1.7125290121608704e-44
3350.5	1.724333523632359e-44
3351.0	1.590342369927548e-44
3351.5	1.4899985093711994e-44
3352.0	1.621726110763662e-44
3352.5	1.632039234457033e-44
3353.0	1.6585245835960697e-44
3353.5	1.625684877599764e-44
3354.0	1.567987725580811e-44
3354.5	1.3713126069030794e-44
3355.0	1.567323103255169e-44
3355.5	1.6517742045903665e-44
3356.0	1.545346258051647e-44
3356.5	1.4353946808709449e-44
3357.0	1.7229440499284943e-44
3357.5	1.7466180875348452e-44
3358.0	1.794863700576462e-44
3358.5	1.6389653275979215e-44
3359.0	1.5281740935195218e-44
3359.5	1.670747765938282e-44
3360.0	1.7620751899236472e-44
3360.5	1.6368391248223406e-44
3361.0	1.6276905138190348e-44
3361.5	1.5528836232797945e-44
3362.0	1.5080455255099872e-44
3362.5	1.5802345656770213e-44
3363.0	1.6105927867167086e-44
3363.5	1.5421498152754553e-44
3364.0	1.7129124984528595e-44
3364.5	1.6563392471231075e-44
3365.0	1.4343593062633865e-44
3365.5	1.4724934042794263e-44
3366.0	1.5472687960236523e-44
3366.5	1.653418661984029e-44
3367.0	1.5693944627993974e-44
3367.5	1.6429658716332482e-44
3368.0	1.76135292013221e-44
3368.5	1.7406278387857315e-44
3369.0	1.6076649175220812e-44
3369.5	1.5734416716924685e-44
3370.0	1.7337635990371164e-44
3370.5	1.6377102434295615e-44
3371.0	1.5963735465218755e-44
3371.5	1.6085977286008754e-44
3372.0	1.7707159511854254e-44
3372.5	1.7726427483155078e-44
3373.0	1.5191375145521855e-44
3373.5	1.4690800436698542e-44
3374.0	1.5958710616546818e-44
3374.5	1.6071716636356498e-44
3375.0	1.4712229660560267e-44
3375.5	1.5828924134263774e-44
3376.0	1.5725117671307143e-44
3376.5	1.5913039930065845e-44
3377.0	1.4213794727549283e-44
3377.5	1.4979065155987378e-44
3378.0	1.727916609954646e-44
3378.5	1.7488387599945934e-44
3379.0	1.7060731344495495e-44
3379.5	1.5571666538167124e-44
3380.0	1.5856247354247142e-44
3380.5	1.567228773943934e-44
3381.0	1.5466021536434916e-44
3381.5	1.4156976035718545e-44
3382.0	1.635642009917789e-44
3382.5	1.6810849622302592e-44
3383.0	1.5658158827161382e-44
3383.5	1.5695736600221914e-44
3384.0	1.778296785918746e-44
3384.5	1.577809291786618e-44
3385.0	1.5486957794303883e-44
3385.5	1.6794598980517483e-44
3386.0	1.784990487327831e-44
3386.5	1.704833569175863e-44
3387.0	1.6378888338064127e-44
3387.5	1.6270892700563316e-44
3388.0	1.6593269443165074e-44
3388.5	1.6003031644471644e-44
3389.0	1.6695639225921763e-44
3389.5	1.6610524806418702e-44
3390.0	1.511703026331532e-44
3390.5	1.573838418028828e-44
3391.0	1.6704007113041078e-44
3391.5	1.4058197451614287e-44
3392.0	1.3726909158861485e-44
3392.5	1.5249939566599775e-44
3393.0	1.490005435202155e-44
3393.5	1.5378693626293448e-44
3394.0	1.4902009281008838e-44
3394.5	1.3736068235595445e-44
3395.0	1.3364847709905626e-44
3395.5	1.5908254225425637e-44
3396.0	1.5749494177003453e-44
3396.5	1.3582234291687692e-44
3397.0	1.3567828782748697e-44
3397.5	1.4962619908388368e-44
3398.0	1.662295625910445e-44
3398.5	1.61980285359248e-44
3399.0	1.723556554858498e-44
3399.5	1.76337170520592e-44
3400.0	1.8105371122322454e-44
3400.5	1.7561599411902601e-44
3401.0	1.5194934321801674e-44
3401.5	1.5635522761137713e-44
3402.0	1.585522766173149e-44
3402.5	1.7410074547584895e-44
3403.0	1.6761404959210945e-44
3403.5	1.6172988186540972e-44
3404.0	1.3583404362905366e-44
3404.5	1.356757793838983e-44
3405.0	1.4887271756947783e-44
3405.5	1.6169699317425438e-44
3406.0	1.601392006353921e-44
3406.5	1.6964229900554367e-44
3407.0	1.6848231228690898e-44
3407.5	1.7227822407988343e-44
3408.0	1.6031917746855944e-44
3408.5	1.62085996290333e-44
3409.0	1.4989035115189848e-44
3409.5	1.6790332969495192e-44
3410.0	1.5593699837723082e-44
3410.5	1.5130241236356024e-44
3411.0	1.5101051622845135e-44
3411.5	1.565978537570736e-44
3412.0	1.6445163962199483e-44
3412.5	1.5713010621341174e-44
3413.0	1.5814100708919908e-44
3413.5	1.5366529334230002e-44
3414.0	1.4480402230083766e-44
3414.5	1.465421464614825e-44
3415.0	1.7416781203237483e-44
3415.5	1.7483641304718734e-44
3416.0	1.6614818080171559e-44
3416.5	1.7606170862994763e-44
3417.0	1.6830200350621394e-44
3417.5	1.7113259688596584e-44
3418.0	1.7102277175668386e-44
3418.5	1.7065353958247206e-44
3419.0	1.5172652363184339e-44
3419.5	1.5764235801023415e-44
3420.0	1.6550181013135693e-44
3420.5	1.7351071453384808e-44
3421.0	1.6280497096427482e-44
3421.5	1.718204652386126e-44
3422.0	1.665586330258652e-44
3422.5	1.571469732054733e-44
3423.0	1.5811783081235586e-44
3423.5	1.5715564942861686e-44
3424.0	1.4702891277608382e-44
3424.5	1.3669738180931266e-44
3425.0	1.3583387142734237e-44
3425.5	1.4150558174162888e-44
3426.0	1.620259787478204e-44
3426.5	1.7178364434019221e-44
3427.0	1.479760515736991e-44
3427.5	1.6064236128599285e-44
3428.0	1.6336617841953791e-44
3428.5	1.6322371237129553e-44
3429.0	1.7045042862370843e-44
3429.5	1.4687906649896274e-44
3430.0	1.491313117798088e-44
3430.5	1.4322254450593103e-44
3431.0	1.609282737643203e-44
3431.5	1.7721613566879358e-44
3432.0	1.8186783317497889e-44
3432.5	1.765195544504321e-44
3433.0	1.6677924306049621e-44
3433.5	1.4827633258945786e-44
3434.0	1.6642974575803003e-44
3434.5	1.6566720057420355e-44
3435.0	1.6475912658727912e-44
3435.5	1.5893056501921465e-44
3436.0	1.542921926319809e-44
3436.5	1.6405705925022342e-44
3437.0	1.716929973572514e-44
3437.5	1.6054180068603098e-44
3438.0	1.6663270817246728e-44
3438.5	1.6579934441441628e-44
3439.0	1.786386463978475e-44
3439.5	1.697840299104074e-44
3440.0	1.495632537591869e-44
3440.5	1.4814484285161822e-44
3441.0	1.5836585826970035e-44
3441.5	1.5539317915151086e-44
3442.0	1.5588503996395516e-44
3442.5	1.618512150632552e-44
3443.0	1.6415402208413811e-44
3443.5	1.6081930515540568e-44
3444.0	1.433809999841633e-44
3444.5	1.593285422413444e-44
3445.0	1.6242882279241411e-44
3445.5	1.7626905673714815e-44
3446.0	1.6039615346632448e-44
3446.5	1.4251128235819788e-44
3447.0	1.7278903245988894e-44
3447.5	1.6701912928860906e-44
3448.0	1.55900053304366e-44
3448.5	1.6833361350889968e-44
3449.0	1.5805870536448643e-44
3449.5	1.5859578419423682e-44
3450.0	1.6568241922373402e-44
3450.5	1.6177990606426097e-44
3451.0	1.6110907800512794e-44
3451.5	1.5925160528905483e-44
3452.0	1.466087104643971e-44
3452.5	1.378144036543256e-44
3453.0	1.4931321491261947e-44
3453.5	1.4995226333525522e-44
3454.0	1.7638020334517168e-44
3454.5	1.9195544405798707e-44
3455.0	1.873282272859209e-44
3455.5	1.7051352187899163e-44
3456.0	1.6198706797062285e-44
3456.5	1.7647321533170407e-44
3457.0	1.8118165860263807e-44
3457.5	1.862394718606625e-44
3458.0	1.6943144965424677e-44
3458.5	1.3806401626701528e-44
3459.0	1.548455142231375e-44
3459.5	1.7264550444696593e-44
3460.0	1.7781919819459668e-44
3460.5	1.756531935545208e-44
3461.0	1.8067908979647563e-44
3461.5	1.6058836465501174e-44
3462.0	1.7978359347548035e-44
3462.5	1.9336271257184022e-44
3463.0	1.9169719344920082e-44
3463.5	1.7749641383588401e-44
3464.0	1.5983021442620436e-44
3464.5	1.599555368202039e-44
3465.0	1.963154304507189e-44
3465.5	1.927518053482988e-44
3466.0	1.6769657702642645e-44
3466.5	1.6097268380898426e-44
3467.0	1.7657666617851246e-44
3467.5	1.8352847110244596e-44
3468.0	1.7563894585340522e-44
3468.5	1.5696794339935263e-44
3469.0	1.7228902764839283e-44
3469.5	1.977335622803677e-44
3470.0	1.9918711814007993e-44
3470.5	1.7037389993483466e-44
3471.0	1.8109003055555352e-44
3471.5	2.0235063935572517e-44
3472.0	1.900666203941224e-44
3472.5	1.821269496362052e-44
3473.0	1.8478553015755656e-44
3473.5	1.6866005339546674e-44
3474.0	1.7153643201090569e-44
3474.5	1.7836008938814203e-44
3475.0	1.6697984233983154e-44
3475.5	1.8006932760251224e-44
3476.0	1.8782605258002437e-44
3476.5	1.813522139011599e-44
3477.0	1.729303579996926e-44
3477.5	1.5870135096853898e-44
3478.0	1.7587716461906744e-44
3478.5	1.5294258681074415e-44
3479.0	1.749836157008101e-44
3479.5	1.7464624109881887e-44
3480.0	1.8215148156634003e-44
3480.5	1.687980227308215e-44
3481.0	1.8107973920824033e-44
3481.5	1.6986214615681628e-44
3482.0	1.6722433205615798e-44
3482.5	1.7868588548428249e-44
3483.0	1.8751036569367716e-44
3483.5	1.7497707958115475e-44
3484.0	1.5917190220852554e-44
3484.5	1.5464681829253595e-44
3485.0	1.4996363332024838e-44
3485.5	1.764781294449213e-44
3486.0	1.9675206918212728e-44
3486.5	1.7464686283680157e-44
3487.0	1.6490533159969635e-44
3487.5	1.7180441666340964e-44
3488.0	1.754375295928304e-44
3488.5	1.841392343619982e-44
3489.0	1.9724543125199686e-44
3489.5	1.7763717635139849e-44
3490.0	1.7476335577343184e-44
3490.5	1.6673062133928735e-44
3491.0	1.5361387087140822e-44
3491.5	1.6161257574361795e-44
3492.0	1.6569227277160574e-44
3492.5	1.5437142210764757e-44
3493.0	1.508308154731009e-44
3493.5	1.6223795628300491e-44
3494.0	1.7845367624687972e-44
3494.5	1.6634067257800263e-44
3495.0	1.6528394155769878e-44
3495.5	1.704231960444494e-44
3496.0	1.8403524953428697e-44
3496.5	1.7684121454604096e-44
3497.0	1.5977640280646276e-44
3497.5	1.802333032967869e-44
3498.0	1.8778340466762304e-44
3498.5	1.6502095876890403e-44
3499.0	1.6415222107097683e-44
3499.5	1.8061518009133558e-44
3500.0	1.7084423235565697e-44
3500.5	1.8450764704978816e-44
3501.0	1.8753532639825542e-44
3501.5	1.9479122115699376e-44
3502.0	1.9364108262701533e-44
3502.5	2.0336442062008683e-44
3503.0	1.9637340828836318e-44
3503.5	1.721071963263144e-44
3504.0	1.7654416452013413e-44
3504.5	1.957140205095486e-44
3505.0	1.9584015709095205e-44
3505.5	1.9015442235436983e-44
3506.0	2.0522913631191437e-44
3506.5	1.841214768147655e-44
3507.0	1.9541317547146887e-44
3507.5	2.0248884830052e-44
3508.0	1.7284201528923122e-44
3508.5	1.8200049912924372e-44
3509.0	1.7930150232829535e-44
3509.5	1.8469194265736898e-44
3510.0	2.075119436547044e-44
3510.5	1.7954046465697454e-44
3511.0	1.6384258481304396e-44
3511.5	1.8709716125951707e-44
3512.0	2.0509942034324622e-44
3512.5	1.9359516784636352e-44
3513.0	1.7561503849050886e-44
3513.5	1.5915240506522181e-44
3514.0	1.5601059135291982e-44
3514.5	1.5648264233042682e-44
3515.0	1.648683319740526e-44
3515.5	2.0896837391278278e-44
3516.0	1.940607151515377e-44
3516.5	1.72609546311921e-44
3517.0	1.837477586568962e-44
3517.5	1.7944295820111953e-44
3518.0	1.7364166126739874e-44
3518.5	1.8237506864240597e-44
3519.0	2.0756134077766405e-44
3519.5	1.911216093910216e-44
3520.0	1.696262198160015e-44
3520.5	1.941530888144512e-44
3521.0	1.982511459569248e-44
3521.5	1.777681904118368e-44
3522.0	1.883004801428248e-44
3522.5	1.812173422635411e-44
3523.0	1.7559378667790413e-44
3523.5	1.6084364033387163e-44
3524.0	1.895812366081453e-44
3524.5	2.0399508334441395e-44
3525.0	1.7997750441996815e-44
3525.5	1.791187515961673e-44
3526.0	1.7802921505796529e-44
3526.5	1.871501648963523e-44
3527.0	1.957566457014964e-44
3527.5	1.6803514561417558e-44
3528.0	1.71683900605167e-44
3528.5	1.8887484551436616e-44
3529.0	1.793466223048644e-44
3529.5	1.8072255878619841e-44
3530.0	2.0877386800016247e-44
3530.5	1.753094566227203e-44
3531.0	1.872995130012358e-44
3531.5	1.8049468537068173e-44
3532.0	1.778747271307774e-44
3532.5	1.7269307581400223e-44
3533.0	1.732377644141661e-44
3533.5	1.8049441929309104e-44
3534.0	1.8580035959555331e-44
3534.5	1.9282472760043721e-44
3535.0	1.642002917065235e-44
3535.5	1.6278674122598199e-44
3536.0	2.0579759442551438e-44
3536.5	2.0324630881819253e-44
3537.0	1.8056055056987774e-44
3537.5	2.0185262374530358e-44
3538.0	2.0066814286588502e-44
3538.5	2.0036248793242173e-44
3539.0	2.0164543162306991e-44
3539.5	2.077217817784765e-44
3540.0	1.8285344826943405e-44
3540.5	1.8141941490287493e-44
3541.0	1.629931833055468e-44
3541.5	1.805527622703012e-44
3542.0	1.9213797439115146e-44
3542.5	2.182972247622682e-44
3543.0	2.0675093989566296e-44
3543.5	1.903625720618401e-44
3544.0	1.7329269253493863e-44
3544.5	1.8518155591351397e-44
3545.0	1.863547675781154e-44
3545.5	2.0039802873229864e-44
3546.0	2.0958729656559046e-44
3546.5	2.1029190592884327e-44
3547.0	2.0471703705441652e-44
3547.5	1.8334496090123325e-44
3548.0	1.8281769621350984e-44
3548.5	1.997382500311492e-44
3549.0	1.88647004241445e-44
3549.5	1.9262391689436915e-44
3550.0	1.8470716028305965e-44
3550.5	1.9613707396405093e-44
3551.0	1.920054586043821e-44
3551.5	1.762729876610047e-44
3552.0	1.6442946486620666e-44
3552.5	1.8988437253899991e-44
3553.0	1.8741438989575654e-44
3553.5	1.9351272562671287e-44
3554.0	1.7843592267349978e-44
3554.5	1.7579558021760098e-44
3555.0	1.7894050320308528e-44
3555.5	1.799400426604358e-44
3556.0	1.7667989016476515e-44
3556.5	1.9095946590456193e-44
3557.0	1.918866669345752e-44
3557.5	1.901784626053245e-44
3558.0	1.6620797721741244e-44
3558.5	1.8617316170098449e-44
3559.0	1.7125447642934632e-44
3559.5	1.8030651859889765e-44
3560.0	1.8893672348765801e-44
3560.5	1.960430310091455e-44
3561.0	1.813118085178789e-44
3561.5	1.8335163606712396e-44
3562.0	1.879837317145698e-44
3562.5	1.9654467077710458e-44
3563.0	2.1829128230280082e-44
3563.5	2.2341599901917564e-44
3564.0	1.9894553315625533e-44
3564.5	1.8708822250337333e-44
3565.0	1.598815024493244e-44
3565.5	1.7214687924706033e-44
3566.0	1.8016133438843458e-44
3566.5	1.8542571516878144e-44
3567.0	1.8376149357228087e-44
3567.5	1.713755469171422e-44
3568.0	1.6484018301566855e-44
3568.5	1.877230091244475e-44
3569.0	1.8534960305826186e-44
3569.5	1.788027460083813e-44
3570.0	1.8681393471890938e-44
3570.5	1.7442180859969917e-44
3571.0	1.7853879917950897e-44
3571.5	1.884767153618247e-44
3572.0	1.8619040307946738e-44
3572.5	1.7754448821338664e-44
3573.0	1.8466266020305786e-44
3573.5	2.1217486871418847e-44
3574.0	1.8633370944913546e-44
3574.5	1.8641271319271015e-44
3575.0	1.7818891053930102e-44
3575.5	1.7902204348302635e-44
3576.0	1.81041471569852e-44
3576.5	1.677649329829515e-44
3577.0	1.7471912698797565e-44
3577.5	1.7783263176791192e-44
3578.0	1.8133582345546523e-44
3578.5	1.8345116016366653e-44
3579.0	1.764638077271979e-44
3579.5	1.6969180557389992e-44
3580.0	1.6412891399666132e-44
3580.5	1.6844961127510563e-44
3581.0	1.7787217886776416e-44
3581.5	1.829856032728208e-44
3582.0	1.861089841078141e-44
3582.5	1.779474904959519e-44
3583.0	2.1019205412991732e-44
3583.5	2.0234787575673783e-44
3584.0	2.0319917383876768e-44
3584.5	2.031212570599801e-44
3585.0	1.9447567136265643e-44
3585.5	2.085908507806025e-44
3586.0	2.3159768360795474e-44
3586.5	2.27259884669336e-44
3587.0	2.0322003527887505e-44
3587.5	1.9348916420651388e-44
3588.0	2.0210879403297126e-44
3588.5	2.0028291498200123e-44
3589.0	1.8973770910022068e-44
3589.5	1.8822689996453054e-44
3590.0	1.9371753648895815e-44
3590.5	1.9900771365803901e-44
3591.0	2.0532533848126148e-44
3591.5	2.116666926428052e-44
3592.0	1.9290854537988269e-44
3592.5	1.9169514669774762e-44
3593.0	1.8970462110521654e-44
3593.5	2.035940727520306e-44
3594.0	2.0203798339417863e-44
3594.5	1.7147601860856008e-44
3595.0	1.8647498789441465e-44
3595.5	1.8390913845820124e-44
3596.0	1.891730637102809e-44
3596.5	1.942764261753785e-44
3597.0	1.9560738898005334e-44
3597.5	1.9156173904341796e-44
3598.0	1.8454326009500524e-44
3598.5	1.814785716073485e-44
3599.0	1.8511108036030902e-44
3599.5	1.9163175714557575e-44
3600.0	1.8559551278094764e-44
3600.5	1.8947042952084161e-44
3601.0	1.8824197392981389e-44
3601.5	2.0567747877026675e-44
3602.0	1.9847846402211883e-44
3602.5	1.9444267135537477e-44
3603.0	1.9530873477127573e-44
3603.5	2.0075878293704505e-44
3604.0	1.856946399901178e-44
3604.5	1.8835995957111997e-44
3605.0	1.653817023089619e-44
3605.5	1.9476122416916784e-44
3606.0	2.2713093517438273e-44
3606.5	2.1604438304630712e-44
3607.0	1.9512209303665425e-44
3607.5	1.772188805110815e-44
3608.0	1.8742682101335366e-44
3608.5	1.9669366726682656e-44
3609.0	2.0358716046594373e-44
3609.5	2.187241153487852e-44
3610.0	1.9644083909345462e-44
3610.5	2.0045927636960002e-44
3611.0	1.9425978545128895e-44
3611.5	1.9231133836853929e-44
3612.0	1.9585826416210118e-44
3612.5	1.88980257134215e-44
3613.0	2.1179962291822006e-44
3613.5	2.1289976725610593e-44
3614.0	1.8862335460038355e-44
3614.5	1.806274468567876e-44
3615.0	1.8225813932945835e-44
3615.5	1.8871437198270545e-44
3616.0	1.8870073985343668e-44
3616.5	1.9058802080771918e-44
3617.0	1.8208456451707e-44
3617.5	1.8606781237957483e-44
3618.0	1.8552103750692403e-44
3618.5	1.8141309220790268e-44
3619.0	1.876673492336216e-44
3619.5	1.7834886969643548e-44
3620.0	1.785862675539315e-44
3620.5	1.8664422740056101e-44
3621.0	1.9542694721826012e-44
3621.5	1.591849999947174e-44
3622.0	1.8972721681691958e-44
3622.5	2.14991916515027e-44
3623.0	1.782259593001453e-44
3623.5	1.751493373274535e-44
3624.0	2.0373592628679467e-44
3624.5	1.9863299982657436e-44
3625.0	1.6849036750580664e-44
3625.5	1.5105381851561364e-44
3626.0	1.5060613012102104e-44
3626.5	1.7463106268274396e-44
3627.0	2.0268759366678747e-44
3627.5	1.976333360937684e-44
3628.0	1.9967799677777662e-44
3628.5	2.072793915116581e-44
3629.0	1.9450264125646974e-44
3629.5	1.893249064638596e-44
3630.0	1.7026211425967186e-44
3630.5	1.8236229544669824e-44
3631.0	2.0110221943564027e-44
3631.5	2.0818691886909742e-44
3632.0	2.0143461528837518e-44
3632.5	2.1943102187072456e-44
3633.0	1.9680940702114835e-44
3633.5	1.8715821658571984e-44
3634.0	2.053691881907281e-44
3634.5	2.0226497029349267e-44
3635.0	1.9728131526359436e-44
3635.5	1.964223910859186e-44
3636.0	1.9382930865121798e-44
3636.5	2.0050278664934796e-44
3637.0	1.9930666466094773e-44
3637.5	1.8261261056023922e-44
3638.0	1.9597272517163519e-44
3638.5	2.1265986167241034e-44
3639.0	1.9917659884543529e-44
3639.5	1.7633536088885992e-44
3640.0	2.1870890775090843e-44
3640.5	2.2234808082316115e-44
3641.0	2.1436279426648897e-44
3641.5	2.2912525309071104e-44
3642.0	1.9993779048538455e-44
3642.5	1.648457646090209e-44
3643.0	1.7951169936495808e-44
3643.5	2.01147135718928e-44
3644.0	2.0085480290455407e-44
3644.5	1.8888391785447861e-44
3645.0	1.82353071679754e-44
3645.5	1.8376708551328155e-44
3646.0	1.8543034430433413e-44
3646.5	1.919008638060651e-44
3647.0	2.0342507640024748e-44
3647.5	2.07579489557235e-44
3648.0	1.6669665694371417e-44
3648.5	1.6327437270080755e-44
3649.0	1.869418867452283e-44
3649.5	1.8836211238976046e-44
3650.0	1.9190113956907846e-44
3650.5	2.0318034337756735e-44
3651.0	1.954498956877429e-44
3651.5	1.914579676844537e-44
3652.0	1.8054134276113308e-44
3652.5	2.0337689186421975e-44
3653.0	2.1470272923162994e-44
3653.5	2.1421256188246617e-44
3654.0	1.8753899316301393e-44
3654.5	1.8659446451575188e-44
3655.0	1.9608520354681761e-44
3655.5	2.1132521827416096e-44
3656.0	1.978662973910084e-44
3656.5	1.8500696101009517e-44
3657.0	1.9218789149486622e-44
3657.5	1.8336072661150821e-44
3658.0	2.0148583489706998e-44
3658.5	1.9134871481929243e-44
3659.0	2.1164286719314415e-44
3659.5	2.1502333396190078e-44
3660.0	1.9013557572939549e-44
3660.5	1.8793658215470123e-44
3661.0	1.9412426847991052e-44
3661.5	2.2267459017481782e-44
3662.0	2.1508236904598933e-44
3662.5	1.9403670514035426e-44
3663.0	2.0745774455337726e-44
3663.5	1.9711583899720034e-44
3664.0	1.820556669688347e-44
3664.5	1.830668917153181e-44
3665.0	1.81200460063441e-44
3665.5	1.7967785758746434e-44
3666.0	1.9464167291567302e-44
3666.5	2.3969372184079205e-44
3667.0	1.9322144626063592e-44
3667.5	1.950054041215281e-44
3668.0	2.0365920384394798e-44
3668.5	2.0468352063907955e-44
3669.0	1.9316351595921661e-44
3669.5	2.3087346350444193e-44
3670.0	2.1241300503716056e-44
3670.5	2.0102961280631186e-44
3671.0	1.9585854063981102e-44
3671.5	1.9312473602001206e-44
3672.0	1.81049487727579e-44
3672.5	2.001866548489596e-44
3673.0	1.993925070688183e-44
3673.5	1.9568594121759816e-44
3674.0	1.9276017541724668e-44
3674.5	1.906891627549743e-44
3675.0	1.9805270161292015e-44
3675.5	1.9380743330094016e-44
3676.0	2.0294475541992055e-44
3676.5	1.918548170404038e-44
3677.0	2.0134359321203707e-44
3677.5	2.0378321516527407e-44
3678.0	1.9639755589844238e-44
3678.5	1.9556586937897866e-44
3679.0	2.1211915084044515e-44
3679.5	2.032816232609169e-44
3680.0	1.7432943224017108e-44
3680.5	1.8178719318910966e-44
3681.0	1.921763441023068e-44
3681.5	1.774829139398222e-44
3682.0	1.808901916017361e-44
3682.5	1.976257290611079e-44
3683.0	2.167970581681842e-44
3683.5	2.0356494516817584e-44
3684.0	1.9990456446758712e-44
3684.5	1.8896530532290597e-44
3685.0	1.9596069300484053e-44
3685.5	1.9205889715587353e-44
3686.0	1.8074999836155696e-44
3686.5	1.7528813496106114e-44
3687.0	2.0135630932930818e-44
3687.5	1.9961215488105768e-44
3688.0	2.047606107192187e-44
3688.5	2.1754405110731998e-44
3689.0	2.200878637239999e-44
3689.5	2.161523147781635e-44
3690.0	2.1357539621256246e-44
3690.5	1.9637558655602742e-44
3691.0	1.9357488820833052e-44
3691.5	1.747789994658235e-44
3692.0	2.0196901072893164e-44
3692.5	2.261340560334597e-44
3693.0	2.1324146019399223e-44
3693.5	1.9314661263806332e-44
3694.0	1.9966066764453502e-44
3694.5	1.9981891274316127e-44
3695.0	1.8218806771805643e-44
3695.5	1.71953802886118e-44
3696.0	2.0901123050601399e-44
3696.5	2.1555324175888255e-44
3697.0	2.0694692581483489e-44
3697.5	2.215942069159595e-44
3698.0	2.0175926498195752e-44
3698.5	1.9143058257722542e-44
3699.0	1.933354659836811e-44
3699.5	2.1857555449390153e-44
3700.0	2.0332324018148922e-44
3700.5	2.0835027819766728e-44
3701.0	2.0571888921924398e-44
3701.5	2.0320852631890787e-44
3702.0	2.154507362120876e-44
3702.5	2.3103159852767104e-44
3703.0	2.455824663919651e-44
3703.5	2.3917134272334237e-44
3704.0	2.365318230298929e-44
3704.5	2.3152337405648e-44
3705.0	2.3882304494242704e-44
3705.5	1.8927973629491014e-44
3706.0	2.00460268922961e-44
3706.5	2.490054744287716e-44
3707.0	2.1878450389135858e-44
3707.5	1.8637697818020763e-44
3708.0	2.22036208141749e-44
3708.5	1.8689194668405334e-44
3709.0	1.8199872380343666e-44
3709.5	2.298873028689157e-44
3710.0	1.99589043065486e-44
3710.5	2.0528184221959485e-44
3711.0	2.1223570169012185e-44
3711.5	2.010934227053301e-44
3712.0	2.0234049057374547e-44
3712.5	1.9520765013311943e-44
3713.0	1.9277405586312772e-44
3713.5	2.2064796216722036e-44
3714.0	2.315461575421643e-44
3714.5	2.2080675482886473e-44
3715.0	2.0118485970736875e-44
3715.5	1.9983261632210399e-44
3716.0	1.97691737052042e-44
3716.5	2.1870431077390005e-44
3717.0	2.248156705804425e-44
3717.5	2.251827977071224e-44
3718.0	2.1240193340032483e-44
3718.5	2.2369038872094536e-44
3719.0	1.9934070506839656e-44
3719.5	2.2119324608988311e-44
3720.0	2.356812601884797e-44
3720.5	1.9850908711454747e-44
3721.0	1.993892243893319e-44
3721.5	1.950998987647694e-44
3722.0	2.322122949324714e-44
3722.5	2.0511312229798187e-44
3723.0	1.704682348662634e-44
3723.5	1.8706488652212504e-44
3724.0	2.106454971535979e-44
3724.5	2.1713012029055446e-44
3725.0	1.9254723007312711e-44
3725.5	1.9580500654515238e-44
3726.0	1.9797146199214483e-44
3726.5	1.838948387613565e-44
3727.0	1.738315531208914e-44
3727.5	2.1122535323650256e-44
3728.0	2.2134422970082774e-44
3728.5	1.7155540760865176e-44
3729.0	1.5893641146417255e-44
3729.5	1.8005458323437192e-44
3730.0	2.3160440283742195e-44
3730.5	2.2797195888113727e-44
3731.0	2.049609985715584e-44
3731.5	2.1674655077906221e-44
3732.0	2.0184562073725582e-44
3732.5	1.9152126083891415e-44
3733.0	1.9382803758540041e-44
3733.5	1.8511135178684014e-44
3734.0	1.9579474750066097e-44
3734.5	2.1105512323831094e-44
3735.0	1.990174490597773e-44
3735.5	1.8278253016542172e-44
3736.0	2.165479088520072e-44
3736.5	2.1188780493365045e-44
3737.0	2.2486800617691235e-44
3737.5	2.4410457107535913e-44
3738.0	2.067007296657317e-44
3738.5	2.0484613307476601e-44
3739.0	1.807226528516603e-44
3739.5	1.8850440937919724e-44
3740.0	2.3787810950536433e-44
3740.5	2.1761210263053013e-44
3741.0	1.8957653373297115e-44
3741.5	2.009205347608413e-44
3742.0	1.8185304525761708e-44
3742.5	1.9697591460587405e-44
3743.0	2.1164067890537933e-44
3743.5	2.0589453623120825e-44
3744.0	2.2399994106111842e-44
3744.5	2.3056073109592866e-44
3745.0	2.1799149886166984e-44
3745.5	2.0995354219292937e-44
3746.0	2.294667018991876e-44
3746.5	2.08239362220292e-44
3747.0	2.0107234801356248e-44
3747.5	2.0694784967721227e-44
3748.0	2.219097247884551e-44
3748.5	2.216948410670521e-44
3749.0	2.0903653671328795e-44
3749.5	1.932204015173637e-44
3750.0	2.1241814147076755e-44
3750.5	1.9074886964113443e-44
3751.0	1.8874327499634574e-44
3751.5	1.9002003888178943e-44
3752.0	2.202968523033852e-44
3752.5	2.0691608327858658e-44
3753.0	1.9618711519506177e-44
3753.5	1.90342218749682e-44
3754.0	2.1379034889527242e-44
3754.5	2.226048389231041e-44
3755.0	2.30523271346991e-44
3755.5	2.1643162570208263e-44
3756.0	1.938859832573259e-44
3756.5	1.8754196499125076e-44
3757.0	2.0269973513652997e-44
3757.5	2.0784018315940988e-44
3758.0	1.966378409211733e-44
3758.5	1.8713301059885137e-44
3759.0	1.911484313157944e-44
3759.5	2.1263108492706255e-44
3760.0	2.1500240676658879e-44
3760.5	1.985743650251071e-44
3761.0	2.0826014062418039e-44
3761.5	1.913045297112054e-44
3762.0	1.8559978524944807e-44
3762.5	1.9144710452593388e-44
3763.0	1.8842434412552989e-44
3763.5	2.0141498518150047e-44
3764.0	2.2654220445002163e-44
3764.5	2.3251731127377077e-44
3765.0	2.1721422578209475e-44
3765.5	2.0604658586160312e-44
3766.0	2.0116094271540407e-44
3766.5	1.931323170464328e-44
3767.0	1.994391707211941e-44
3767.5	2.448893372519171e-44
3768.0	2.1776019818504716e-44
3768.5	2.0430074566660857e-44
3769.0	1.8806262522560782e-44
3769.5	1.9169090513558346e-44
3770.0	1.9875188940865117e-44
3770.5	2.094140386868504e-44
3771.0	2.254329116104535e-44
3771.5	2.1233930012246124e-44
3772.0	2.25892433671399e-44
3772.5	2.0544546771417202e-44
3773.0	1.9758100682963827e-44
3773.5	1.9865192273530123e-44
3774.0	2.0538070096996907e-44
3774.5	2.309027109680929e-44
3775.0	2.180025806216816e-44
3775.5	2.116502230279457e-44
3776.0	2.032620990710889e-44
3776.5	2.0092592966977267e-44
3777.0	2.1668138549466478e-44
3777.5	2.2719007906149177e-44
3778.0	2.0389300024369802e-44
3778.5	2.0344563366263475e-44
3779.0	2.096457904285912e-44
3779.5	2.1564810615932508e-44
3780.0	2.165279442247228e-44
3780.5	2.1557185868871583e-44
3781.0	2.2355836413542744e-44
3781.5	2.0480410608852768e-44
3782.0	2.0161163128117755e-44
3782.5	2.0740534614558989e-44
3783.0	2.209834323160886e-44
3783.5	2.2253482056310567e-44
3784.0	2.1285563695206468e-44
3784.5	1.8652939786279966e-44
3785.0	2.0320754156964562e-44
3785.5	2.303739643289503e-44
3786.0	2.0865478933806197e-44
3786.5	2.2595273381244413e-44
3787.0	2.296130687647953e-44
3787.5	2.322245651907775e-44
3788.0	2.37857329279137e-44
3788.5	2.5386122789364527e-44
3789.0	2.433078709072977e-44
3789.5	2.1679218688163418e-44
3790.0	2.0819289222599083e-44
3790.5	1.9847746015671478e-44
3791.0	2.15943417782572e-44
3791.5	2.1336203685620623e-44
3792.0	1.8193092378005119e-44
3792.5	1.9573632626233657e-44
3793.0	2.152854559951165e-44
3793.5	2.0742762690526228e-44
3794.0	1.865307031085671e-44
3794.5	1.9449789591479758e-44
3795.0	2.0725396074590799e-44
3795.5	2.0347563489732603e-44
3796.0	2.018861688212217e-44
3796.5	1.878111019384684e-44
3797.0	2.0547099089161245e-44
3797.5	2.289439278687311e-44
3798.0	2.504688804981801e-44
3798.5	2.3013837396529376e-44
3799.0	2.0480012239023082e-44
3799.5	2.1493187657682305e-44
3800.0	2.2053540015397417e-44
3800.5	2.0296692435546322e-44
3801.0	2.128418986717309e-44
3801.5	2.2254620497295124e-44
3802.0	2.264875331117359e-44
3802.5	2.366152552547584e-44
3803.0	2.1224758630057086e-44
3803.5	2.1911301930327573e-44
3804.0	2.108458864644427e-44
3804.5	2.1731616299859757e-44
3805.0	2.2377710351133547e-44
3805.5	2.0059364499091152e-44
3806.0	1.9310858796432131e-44
3806.5	1.9418976802724154e-44
3807.0	2.1229015628173694e-44
3807.5	2.0212957663608482e-44
3808.0	2.209672155920078e-44
3808.5	2.5087974141530347e-44
3809.0	2.3033225324556517e-44
3809.5	2.088148418432124e-44
3810.0	2.177551114714381e-44
3810.5	2.1682495124536408e-44
3811.0	2.091843974567015e-44
3811.5	2.363520703478041e-44
3812.0	2.45565039978856e-44
3812.5	2.3182401581869803e-44
3813.0	1.9013300330895339e-44
3813.5	2.0509430997936416e-44
3814.0	2.108903159605665e-44
3814.5	2.246073869066805e-44
3815.0	2.17944071504016e-44
3815.5	1.875689965369203e-44
3816.0	1.902687016773585e-44
3816.5	2.2120742954068085e-44
3817.0	2.1460624748349386e-44
3817.5	2.191924978686457e-44
3818.0	2.2638788246407e-44
3818.5	2.5250043086493187e-44
3819.0	2.530694795698499e-44
3819.5	2.0886718211085198e-44
3820.0	2.0877072346812331e-44
3820.5	2.2508285436351704e-44
3821.0	2.432936280705236e-44
3821.5	2.3037674008773104e-44
3822.0	2.149240168810742e-44
3822.5	2.206574247525851e-44
3823.0	2.0588853375281868e-44
3823.5	2.1872091340522842e-44
3824.0	2.4244008388021057e-44
3824.5	2.2624522082379607e-44
3825.0	2.3410588340099727e-44
3825.5	2.5837884720008607e-44
3826.0	2.292296710382344e-44
3826.5	2.0196147813332197e-44
3827.0	2.096522683130681e-44
3827.5	2.1861918443819655e-44
3828.0	2.423284538748719e-44
3828.5	2.500210997811324e-44
3829.0	2.3161695684728013e-44
3829.5	2.2265378114876717e-44
3830.0	2.280740172193204e-44
3830.5	2.3104844696985954e-44
3831.0	2.30583845214496e-44
3831.5	2.1913632955584474e-44
3832.0	2.0014331292022509e-44
3832.5	2.1364616599327905e-44
3833.0	2.3478096086130943e-44
3833.5	2.519800412986008e-44
3834.0	2.534888949297421e-44
3834.5	2.444611165400718e-44
3835.0	2.244171621521426e-44
3835.5	2.1357656309182787e-44
3836.0	2.0625647195494692e-44
3836.5	2.231571974422394e-44
3837.0	2.371531687699227e-44
3837.5	2.2217684905894582e-44
3838.0	2.2261162935129245e-44
3838.5	2.255200665552169e-44
3839.0	2.341690580489665e-44
3839.5	2.4006802573485194e-44
3840.0	2.0325783356166772e-44
3840.5	1.9899934090254117e-44
3841.0	2.366870490315413e-44
3841.5	2.6681960727215427e-44
3842.0	2.231446173027813e-44
3842.5	2.241376979576981e-44
3843.0	2.0904041075959327e-44
3843.5	2.114028294987872e-44
3844.0	1.9681499870319527e-44
3844.5	2.0599982970295433e-44
3845.0	2.2425581092431604e-44
3845.5	2.0659219101738998e-44
3846.0	2.048334015921161e-44
3846.5	1.9885414479819046e-44
3847.0	2.275153751369348e-44
3847.5	2.369443496150689e-44
3848.0	2.2276730641507503e-44
3848.5	2.1810169955273316e-44
3849.0	2.1979207978853345e-44
3849.5	1.9376665783687715e-44
3850.0	2.1941355303320134e-44
3850.5	2.2541336859485585e-44
3851.0	2.07553238395954e-44
3851.5	2.2775100767127446e-44
3852.0	2.360672983277577e-44
3852.5	2.3543318497369865e-44
3853.0	2.1525351120575678e-44
3853.5	2.510231583759218e-44
3854.0	2.1785872677473807e-44
3854.5	1.9506711040929212e-44
3855.0	2.0659149370893904e-44
3855.5	2.1501379837499729e-44
3856.0	2.325838357540937e-44
3856.5	2.251358270393478e-44
3857.0	2.206013269918466e-44
3857.5	2.0613330294011716e-44
3858.0	2.1987469009435104e-44
3858.5	2.0749727689309833e-44
3859.0	1.850789288541048e-44
3859.5	1.8801449624539585e-44
3860.0	2.2250610888305695e-44
3860.5	2.2809704876438557e-44
3861.0	2.1175387503452456e-44
3861.5	2.2161022076315168e-44
3862.0	2.057308571857831e-44
3862.5	2.0427356194799295e-44
3863.0	2.245190462878717e-44
3863.5	1.9579052058267043e-44
3864.0	2.2069570065756402e-44
3864.5	2.4126479081280237e-44
3865.0	2.3617628227987617e-44
3865.5	2.181221919811765e-44
3866.0	2.167366545746645e-44
3866.5	2.1141611761984056e-44
3867.0	2.2466457556113807e-44
3867.5	2.4366703231349037e-44
3868.0	2.2238777827485083e-44
3868.5	2.135005462294154e-44
3869.0	2.515843804202129e-44
3869.5	2.3302603865725917e-44
3870.0	2.276589123937571e-44
3870.5	2.2988919075818e-44
3871.0	2.1171726819666138e-44
3871.5	2.1919115128821595e-44
3872.0	2.3186318515540947e-44
3872.5	2.1613739837706997e-44
3873.0	2.345674012063239e-44
3873.5	2.4568104488467437e-44
3874.0	2.289274480924826e-44
3874.5	2.3487224256037987e-44
3875.0	2.271020265982069e-44
3875.5	2.1197916735912478e-44
3876.0	2.3208678006280886e-44
3876.5	2.3596594252041767e-44
3877.0	2.384891058699124e-44
3877.5	2.437887872007896e-44
3878.0	2.29916386072173e-44
3878.5	2.323506563106245e-44
3879.0	2.163666966267453e-44
3879.5	2.035309159101196e-44
3880.0	1.870647191483941e-44
3880.5	1.9294146960228107e-44
3881.0	2.097207308908896e-44
3881.5	2.2358997762712856e-44
3882.0	2.059884155768825e-44
3882.5	2.0622306974294359e-44
3883.0	2.0754208835091348e-44
3883.5	2.238804450954545e-44
3884.0	2.1747393302013867e-44
3884.5	2.1890445082230814e-44
3885.0	1.954325646469242e-44
3885.5	2.0527240540748915e-44
3886.0	2.294519985575169e-44
3886.5	2.2883023722696704e-44
3887.0	2.2479154152285576e-44
3887.5	2.210433533175866e-44
3888.0	2.2137027710332445e-44
3888.5	2.3787089719648367e-44
3889.0	2.433299740932448e-44
3889.5	2.3459175881854216e-44
3890.0	2.0974652314322484e-44
3890.5	1.9310145596235134e-44
3891.0	2.001679965963876e-44
3891.5	2.1143355509697478e-44
3892.0	2.2804889540197234e-44
3892.5	2.315356179343796e-44
3893.0	2.2382337675113949e-44
3893.5	2.0541973628714313e-44
3894.0	2.0204185597833864e-44
3894.5	2.483928088238044e-44
3895.0	2.5051464961340457e-44
3895.5	2.2106919195317157e-44
3896.0	2.027756857668486e-44
3896.5	2.2022957258028664e-44
3897.0	2.2510006121982166e-44
3897.5	2.148361289910484e-44
3898.0	2.4578998718638473e-44
3898.5	2.51661384352954e-44
3899.0	2.323391578253957e-44
3899.5	2.231936058140609e-44
3900.0	2.2283908825838458e-44
3900.5	2.3944534541687696e-44
3901.0	2.0668320176622273e-44
3901.5	2.1666837191209042e-44
3902.0	2.2806818284814913e-44
3902.5	2.42336224426792e-44
3903.0	2.2397641953934292e-44
3903.5	2.2564208618454993e-44
3904.0	2.2151187727790124e-44
3904.5	2.0594893106859699e-44
3905.0	2.1575399643519666e-44
3905.5	2.2299459337727095e-44
3906.0	2.2617751296092164e-44
3906.5	2.339113008164678e-44
3907.0	2.1628832974075473e-44
3907.5	2.0229710267579213e-44
3908.0	1.9536576716094777e-44
3908.5	1.9757433137113615e-44
3909.0	2.228110837592485e-44
3909.5	2.1474526534504644e-44
3910.0	2.2967814917794035e-44
3910.5	2.334779393427998e-44
3911.0	2.1787612498430296e-44
3911.5	1.9646796256170154e-44
3912.0	2.0177055598605876e-44
3912.5	2.332761549895921e-44
3913.0	2.3102931133424953e-44
3913.5	2.322133319812448e-44
3914.0	2.2366748831577973e-44
3914.5	2.1468469027059086e-44
3915.0	2.0889173841759317e-44
3915.5	2.3125741829993113e-44
3916.0	2.43877672145598e-44
3916.5	2.141079838812941e-44
3917.0	2.1549095920595974e-44
3917.5	2.1748937276099404e-44
3918.0	2.2423843537750837e-44
3918.5	2.468836762470723e-44
3919.0	2.6137622129231443e-44
3919.5	2.345743201105713e-44
3920.0	2.257788141906173e-44
3920.5	2.4535022111326176e-44
3921.0	2.4183119410512357e-44
3921.5	2.420984499791902e-44
3922.0	2.583853940319214e-44
3922.5	2.2517521496235914e-44
3923.0	1.9242753655925128e-44
3923.5	2.055541108451943e-44
3924.0	1.9861088708061232e-44
3924.5	2.3199503353515766e-44
3925.0	2.371541593791105e-44
3925.5	2.0257347774209657e-44
3926.0	2.042923899295161e-44
3926.5	2.0968878854631956e-44
3927.0	2.0663167817333889e-44
3927.5	2.201649142033012e-44
3928.0	2.2152064093103049e-44
3928.5	2.427383241062269e-44
3929.0	2.2106435105473717e-44
3929.5	2.020823562400051e-44
3930.0	2.13746718302154e-44
3930.5	2.4194678125525425e-44
3931.0	2.306282325547911e-44
3931.5	2.294032671563829e-44
3932.0	2.480281639649397e-44
3932.5	2.2437617356155715e-44
3933.0	2.0555205376999143e-44
3933.5	2.1393559951063522e-44
3934.0	2.253936896895828e-44
3934.5	2.1366776480389207e-44
3935.0	2.2915645226226496e-44
3935.5	2.1597548733464883e-44
3936.0	2.2332933476065766e-44
3936.5	2.2442665778472813e-44
3937.0	2.2684932670298066e-44
3937.5	2.5183724491517257e-44
3938.0	2.5542039062116307e-44
3938.5	2.523849380786017e-44
3939.0	2.3171665932361756e-44
3939.5	2.181139326609154e-44
3940.0	2.4615948443353604e-44
3940.5	2.2874745311409833e-44
3941.0	2.316842971050392e-44
3941.5	2.1925941291242712e-44
3942.0	2.1359224760811538e-44
3942.5	2.2406590881861053e-44
3943.0	2.5983906269590006e-44
3943.5	2.594151682099599e-44
3944.0	2.395690429803094e-44
3944.5	2.696090163874526e-44
3945.0	2.685447056376373e-44
3945.5	2.30293611235688e-44
3946.0	2.4348914621183493e-44
3946.5	2.314440840074961e-44
3947.0	2.5045254999480955e-44
3947.5	2.6464181501968046e-44
3948.0	2.1895335478753346e-44
3948.5	2.3435678595726163e-44
3949.0	2.3008722002102576e-44
3949.5	2.1595979698660491e-44
3950.0	2.182384722262202e-44
3950.5	2.1948602945990864e-44
3951.0	2.1736755262162622e-44
3951.5	2.127765623345578e-44
3952.0	1.925824057459021e-44
3952.5	2.124755780807183e-44
3953.0	2.4158873481706036e-44
3953.5	2.396698384392756e-44
3954.0	2.2953575054653156e-44
3954.5	2.5878462913052054e-44
3955.0	2.7104817626958723e-44
3955.5	2.5089350294455025e-44
3956.0	2.0895849891111397e-44
3956.5	2.302869725720627e-44
3957.0	2.6253208438449597e-44
3957.5	2.7248356736445496e-44
3958.0	2.6165717970678654e-44
3958.5	2.4435676031970824e-44
3959.0	2.3245473313059027e-44
3959.5	2.280671462895869e-44
3960.0	2.542901962241969e-44
3960.5	2.398294483898758e-44
3961.0	2.338470933986799e-44
3961.5	2.307972086831067e-44
3962.0	2.582405876141869e-44
3962.5	2.519276586229962e-44
3963.0	2.4485796715670982e-44
3963.5	2.52926752972905e-44
3964.0	2.5448660641185654e-44
3964.5	2.438014122042556e-44
3965.0	2.2373342436826162e-44
3965.5	2.2270069635803833e-44
3966.0	2.4026182398946814e-44
3966.5	2.266787590019574e-44
3967.0	2.2377735469887181e-44
3967.5	2.366116193348392e-44
3968.0	2.4714312993062924e-44
3968.5	2.170597551239641e-44
3969.0	2.3520432893715803e-44
3969.5	2.458722694562933e-44
3970.0	2.1651067341309328e-44
3970.5	2.248395353564834e-44
3971.0	2.44818468114085e-44
3971.5	2.470238945567453e-44
3972.0	2.504068656839823e-44
3972.5	2.431510803239232e-44
3973.0	2.299092170059089e-44
3973.5	2.1965231079843605e-44
3974.0	2.2413412100126392e-44
3974.5	2.226990796686558e-44
3975.0	2.1819665152903278e-44
3975.5	2.3883976861113126e-44
3976.0	2.743063328749646e-44
3976.5	2.465614094896685e-44
3977.0	2.1950100561060544e-44
3977.5	2.1032719536254856e-44
3978.0	2.007459650824517e-44
3978.5	2.3837889856593014e-44
3979.0	2.6479788741682813e-44
3979.5	2.2734054291842737e-44
3980.0	2.248661383124628e-44
3980.5	2.4548774196927365e-44
3981.0	2.2812637293049417e-44
3981.5	2.011667613943256e-44
3982.0	2.0494208187565675e-44
3982.5	1.9683253848600847e-44
3983.0	2.377699455079595e-44
3983.5	2.370632765191861e-44
3984.0	2.354199755939219e-44
3984.5	2.334464813295972e-44
3985.0	2.330387299609766e-44
3985.5	2.0605858111416088e-44
3986.0	2.4634456968928614e-44
3986.5	2.570099590234083e-44
3987.0	2.2299614542547556e-44
3987.5	1.9636913397017466e-44
3988.0	2.279499519258156e-44
3988.5	2.256637276475003e-44
3989.0	2.267692837222413e-44
3989.5	2.4933564521938745e-44
3990.0	2.5284274462887986e-44
3990.5	2.2247187809803245e-44
3991.0	2.123410622220752e-44
3991.5	2.267905785037025e-44
3992.0	2.0395389485141547e-44
3992.5	2.361384332062078e-44
3993.0	2.532810891774054e-44
3993.5	2.2517475761668417e-44
3994.0	2.1286861923847502e-44
3994.5	2.261624008662068e-44
3995.0	2.188329798969215e-44
3995.5	2.4060566259368155e-44
3996.0	2.422640369378742e-44
3996.5	2.345019999296082e-44
3997.0	2.4865908509975726e-44
3997.5	2.0594306767132896e-44
3998.0	2.3513337587483353e-44
3998.5	2.5257355779572827e-44
3999.0	2.721089797616263e-44
3999.5	2.9012520375130515e-44
4000.0	2.581947528118515e-44
