10.0	5.5317158416e-38
10.5	2.7576587844000003e-38
11.0	9.96505059001e-39
11.5	1.6184673960999998e-38
12.0	4.7751427441e-38
12.5	2.0108658025e-38
13.0	2.6357750640399996e-39
13.5	4.768178703999999e-41
14.0	2.60504076816e-41
14.5	1.34499694564e-41
15.0	5.9710832164e-42
15.5	4.5233633124e-42
16.0	3.2951688676e-42
16.5	5.974358062499998e-42
17.0	6.018288368400001e-42
17.5	1.7422944016e-42
18.0	1.5241630849e-42
18.5	1.1918307240999998e-42
19.0	7.37879282001e-43
19.5	7.0935137290000016e-43
20.0	7.958513310249998e-43
20.5	4.8969344796099994e-43
21.0	2.9192841241599992e-43
21.5	1.832096809e-43
22.0	1.4122564e-43
22.5	1.1064803904400002e-43
23.0	9.550510352099999e-44
23.5	8.1821169936e-44
24.0	7.551284161599998e-44
24.5	6.8757755089000025e-44
25.0	5.760432008099999e-44
25.5	4.5940349569e-44
26.0	4.2600547201e-44
26.5	3.7447281169000006e-44
27.0	3.0159532224999997e-44
27.5	2.7077360703999997e-44
28.0	2.7549028441000005e-44
28.5	2.5567050609e-44
29.0	2.251080129599999e-44
29.5	2.3156013240999996e-44
30.0	2.2972555488999995e-44
30.5	2.1802884964000001e-44
31.0	2.1194992225e-44
31.5	1.7313033240999998e-44
32.0	1.3668415744000005e-44
32.5	1.1664648009000002e-44
33.0	1.0998555875999999e-44
33.5	1.0291899600999997e-44
34.0	1.0285002225e-44
34.5	1.0669443848999998e-44
35.0	9.481656926439996e-45
35.5	1.8195851664000001e-44
36.0	3.913290669690001e-43
36.5	5.05946267401e-43
37.0	4.0945117800999997e-44
37.5	7.27895636224e-45
38.0	6.534475063209998e-45
38.5	6.01155216964e-45
39.0	5.5936188902499996e-45
39.5	5.125944258489999e-45
40.0	5.414134128639998e-45
40.5	4.777311747609999e-45
41.0	4.850300664810001e-45
41.5	4.922355440250001e-45
42.0	4.981776374890001e-45
42.5	5.634799264090001e-45
43.0	5.81333052304e-45
43.5	6.01107146721e-45
44.0	6.723819601209999e-45
44.5	6.618798736e-45
45.0	6.689227871289999e-45
45.5	8.21218376521e-45
46.0	1.1461629481e-44
46.5	1.6299628900000004e-44
47.0	1.4347967088999991e-44
47.5	1.7246255624999994e-44
48.0	4.4101260009e-44
48.5	3.6635108409e-44
49.0	7.271327971599998e-44
49.5	1.4330005263999997e-40
50.0	5.185457665600001e-40
50.5	1.1763354681000005e-40
51.0	5.475787201599998e-44
51.5	3.1334664255999995e-44
52.0	2.1140287608999996e-44
52.5	9.36100755529e-45
53.0	6.643961610250001e-45
53.5	5.20534833361e-45
54.0	4.187280564640001e-45
54.5	3.2195864739599994e-45
55.0	2.4522403040099996e-45
55.5	1.86099057664e-45
56.0	1.7312339856099998e-45
56.5	1.64061452025e-45
57.0	1.4823963036099998e-45
57.5	1.191906576e-45
58.0	1.0852083062500001e-45
58.5	1.09483559689e-45
59.0	1.1194712222499999e-45
59.5	1.0482118512100001e-45
60.0	1.1357439206399999e-45
60.5	2.51982916441e-45
61.0	2.8415083136399987e-45
61.5	1.35510861924e-45
62.0	2.2645320864099996e-45
62.5	4.0337995488399994e-45
63.0	4.548288481000001e-45
63.5	2.9955042534400004e-45
64.0	1.1171771456400003e-45
64.5	9.774564544900001e-46
65.0	7.349087246399999e-46
65.5	6.283795562499999e-46
66.0	6.640413610000001e-46
66.5	5.7021141680999995e-46
67.0	5.2930364355999994e-46
67.5	4.6371746280999995e-46
68.0	5.5807447695999995e-46
68.5	4.8686863800999996e-46
69.0	4.7665805625e-46
69.5	4.6403622225e-46
70.0	4.7303640036e-46
70.5	5.5264957225000005e-46
71.0	5.2256588409000005e-46
71.5	4.7017850896e-46
72.0	4.3934675235999996e-46
72.5	4.466755440899999e-46
73.0	4.2026640015999994e-46
73.5	4.2728610681000005e-46
74.0	4.8129339456e-46
74.5	4.204591260099999e-46
75.0	4.2118942441e-46
75.5	4.0259619904e-46
76.0	3.5843576976e-46
76.5	3.5241051075999985e-46
77.0	3.3592658088999994e-46
77.5	3.3716304400000003e-46
78.0	3.5638643524000015e-46
78.5	3.6306634849e-46
79.0	3.5810642169e-46
79.5	3.4476319684e-46
80.0	3.5979261124e-46
80.5	2.9753835049000007e-46
81.0	3.1301040240999996e-46
81.5	3.27754816e-46
82.0	2.9249892676e-46
82.5	3.1926899761000007e-46
83.0	3.3183358568999998e-46
83.5	3.1861893001e-46
84.0	3.168008412100001e-46
84.5	3.0273216064000007e-46
85.0	2.9722104801e-46
85.5	3.5098523716000006e-46
86.0	4.2312901401e-46
86.5	9.876186169599997e-46
87.0	3.56435268484e-45
87.5	1.89715998096e-45
88.0	4.9740150625e-46
88.5	4.0726872481e-46
89.0	3.8147167968999995e-46
89.5	3.3129460224999987e-46
90.0	2.4325393156e-46
90.5	2.3356397584e-46
91.0	2.1457269289e-46
91.5	2.4795226225000003e-46
92.0	2.6645991695999997e-46
92.5	2.4578400625000004e-46
93.0	2.8199141475999998e-46
93.5	2.6915355481e-46
94.0	3.1178377475999996e-46
94.5	3.4331272369000006e-46
95.0	3.2457265280999998e-46
95.5	2.7508212736e-46
96.0	2.6859276544e-46
96.5	2.9269735056000006e-46
97.0	6.4235888704e-46
97.5	6.546280444899999e-46
98.0	4.143952348899999e-46
98.5	4.0823798400999994e-46
99.0	7.2279784801e-46
99.5	2.9964566520100005e-45
100.0	6.860543846560001e-45
100.5	2.9333597602499996e-45
101.0	3.4579456984899996e-45
101.5	6.29315370436e-45
102.0	2.45577731364e-45
102.5	5.1189515001e-46
103.0	3.3952484643999994e-46
103.5	2.5341137720999998e-46
104.0	2.4216028224999995e-46
104.5	2.5012687715999997e-46
105.0	2.6731923001e-46
105.5	2.5172360964e-46
106.0	3.151299536100001e-46
106.5	4.0723643601e-46
107.0	4.7672792281000006e-46
107.5	4.5077659224999996e-46
108.0	3.5845470241e-46
108.5	3.2277356280999996e-46
109.0	2.7161676864e-46
109.5	2.53478241e-46
110.0	2.6924543569000002e-46
110.5	2.7855943801e-46
111.0	3.1239148515999998e-46
111.5	2.6291325316e-46
112.0	2.9527267225e-46
112.5	3.116990250000001e-46
113.0	2.6176327680999997e-46
113.5	2.3805095520999995e-46
114.0	2.4828620040999997e-46
114.5	2.9520394224999998e-46
115.0	3.884841e-46
115.5	3.4797544680999996e-46
116.0	2.8601912641e-46
116.5	2.6883537444e-46
117.0	2.5298811136e-46
117.5	3.1712130240999994e-46
118.0	3.0598755625e-46
118.5	2.5828989796e-46
119.0	2.2666205808999996e-46
119.5	2.3616927684e-46
120.0	2.6203515624999996e-46
120.5	2.3817131584e-46
121.0	2.4402188944e-46
121.5	2.6412100323999998e-46
122.0	2.5666923680999994e-46
122.5	2.8473187600000003e-46
123.0	3.7874219768999994e-46
123.5	3.373834240000001e-46
124.0	2.5461308356000003e-46
124.5	2.8564042081000007e-46
125.0	4.2544837696e-46
125.5	1.0261451222499999e-45
126.0	1.9005240249999998e-45
126.5	8.0426691216e-46
127.0	3.9957211448999995e-46
127.5	3.2592886225000006e-46
128.0	4.8186835224999994e-46
128.5	6.8613087481e-46
129.0	4.6469562623999995e-46
129.5	2.7034922928999997e-46
130.0	2.7288396864e-46
130.5	2.5246349881e-46
131.0	2.5689037284000004e-46
131.5	2.9444157649e-46
132.0	3.9326062864e-46
132.5	3.6171475343999986e-46
133.0	3.277801620900001e-46
133.5	2.5466095561e-46
134.0	2.6033177104e-46
134.5	2.6009948176e-46
135.0	2.6824543523999997e-46
135.5	2.5662438025000003e-46
136.0	2.4932409999999997e-46
136.5	2.5739710096e-46
137.0	2.7272540736e-46
137.5	2.7200255625e-46
138.0	3.5084286864e-46
138.5	3.5499835396e-46
139.0	2.8775693956000012e-46
139.5	2.7641390049000004e-46
140.0	2.7227640063999995e-46
140.5	2.7245463843999994e-46
141.0	2.6782631715999996e-46
141.5	2.7016181956e-46
142.0	2.5364384644e-46
142.5	2.5711481104e-46
143.0	2.8150128400000002e-46
143.5	3.1500570255999993e-46
144.0	3.2345303103999995e-46
144.5	3.6180604944000014e-46
145.0	2.9935228324e-46
145.5	3.9064731904000005e-46
146.0	5.366959888899999e-46
146.5	9.1510485049e-46
147.0	2.1923745998399997e-45
147.5	3.63752528161e-45
148.0	4.2060672576400005e-45
148.5	9.67677494436e-45
149.0	5.351865828100001e-44
149.5	1.3154113459600001e-43
150.0	2.9632889832099994e-43
150.5	1.00080486025e-43
151.0	2.8345089599999997e-44
151.5	5.80541896489e-45
152.0	3.69842773609e-45
152.5	2.61579056704e-45
153.0	2.77263327364e-45
153.5	1.471719769e-45
154.0	1.0079926512100002e-45
154.5	1.0608570126399997e-45
155.0	1.3145192896900002e-45
155.5	2.6640359644899997e-45
156.0	5.746716410410001e-45
156.5	7.853380332489999e-45
157.0	7.257046456889999e-45
157.5	6.457359949289998e-45
158.0	3.223593662890001e-45
158.5	1.7346392010000003e-45
159.0	1.0800030595600002e-45
159.5	7.905544422399997e-46
160.0	6.828082563600001e-46
160.5	5.4726519969e-46
161.0	4.670180323599999e-46
161.5	4.0882413636e-46
162.0	4.0324254481e-46
162.5	4.2025410001000015e-46
163.0	4.286142089999999e-46
163.5	3.9046945609e-46
164.0	5.203508454399998e-46
164.5	8.888507449599997e-46
165.0	6.1300312921e-46
165.5	3.941733744399999e-46
166.0	4.378514400099999e-46
166.5	7.6840394401e-46
167.0	6.4708675641000005e-46
167.5	6.4808430625e-46
168.0	8.650245676899999e-46
168.5	4.9521381156e-46
169.0	3.4844195555999994e-46
169.5	3.2945517081e-46
170.0	3.5367315844e-46
170.5	3.013279374400001e-46
171.0	2.9998586400999996e-46
171.5	3.4408395025e-46
172.0	3.8065180609e-46
172.5	3.8428152961000005e-46
173.0	3.7081664356000015e-46
173.5	3.77874721e-46
174.0	4.0427536356e-46
174.5	4.7743998016e-46
175.0	4.7825753480999985e-46
175.5	6.0510588121e-46
176.0	1.064390625e-45
176.5	2.010894649e-45
177.0	2.60483661376e-45
177.5	2.0990875296399998e-45
178.0	2.7055186131599993e-45
178.5	3.4989117825599995e-45
179.0	1.454972364809999e-45
179.5	6.4725465744e-46
180.0	3.9292357729e-46
180.5	3.6106840324e-46
181.0	3.8521520361e-46
181.5	3.7372622399999996e-46
182.0	3.2495470225e-46
182.5	3.3455336463999996e-46
183.0	3.3229279521e-46
183.5	3.3774353284e-46
184.0	3.2382722304e-46
184.5	3.3156403920999996e-46
185.0	3.4524241249e-46
185.5	3.7492189641e-46
186.0	3.7749381264e-46
186.5	4.0019602400999996e-46
187.0	4.0413462960999996e-46
187.5	3.8650380409e-46
188.0	4.2719102595999996e-46
188.5	4.7262759999999986e-46
189.0	5.6169474001000005e-46
189.5	6.4453531128999994e-46
190.0	8.869317859599997e-46
190.5	1.3472056384899998e-45
191.0	2.9287579240000003e-45
191.5	5.4014709280899996e-45
192.0	5.18584336384e-45
192.5	4.23890842761e-45
193.0	5.5870392622500013e-45
193.5	5.48498728449e-45
194.0	3.5470124262399996e-45
194.5	2.3982078122500002e-45
195.0	1.71137761344e-45
195.5	1.63204688196e-45
196.0	1.3039970988099997e-45
196.5	1.06892379136e-45
197.0	1.2551786122499998e-45
197.5	1.3392013440100004e-45
198.0	1.7571606422499998e-45
198.5	2.3212353126399994e-45
199.0	3.3599296320099986e-45
199.5	1.1107684448999999e-44
200.0	2.2460417423999997e-44
200.5	6.019044306249999e-45
201.0	8.593985402499999e-46
201.5	9.255285062499999e-46
202.0	9.386441512899999e-46
202.5	6.274323619599999e-46
203.0	4.5735671881e-46
203.5	4.078905336899999e-46
204.0	4.2031150224999996e-46
204.5	4.368852432399999e-46
205.0	4.3508536568999996e-46
205.5	4.3430143200999985e-46
206.0	4.345265320900002e-46
206.5	4.7236240920999984e-46
207.0	7.675005344400002e-46
207.5	8.2926144961e-46
208.0	6.802394259599998e-46
208.5	6.3315140625e-46
209.0	6.7645247569e-46
209.5	6.001128078399999e-46
210.0	5.6319833124e-46
210.5	5.226756164099998e-46
211.0	5.4661504804e-46
211.5	5.1870518001000014e-46
212.0	5.038049593599998e-46
212.5	3.9799452004e-46
213.0	3.7910037024999986e-46
213.5	3.5085785344000005e-46
214.0	3.7242438288999995e-46
214.5	4.3871815936e-46
215.0	4.0703869504000005e-46
215.5	4.1416320099999995e-46
216.0	4.1532809616000016e-46
216.5	3.9047340815999986e-46
217.0	4.4659946240999994e-46
217.5	4.212263664399999e-46
218.0	3.798951828099998e-46
218.5	4.2581973316000015e-46
219.0	4.1857068099999995e-46
219.5	3.8359181024999995e-46
220.0	3.9536152569e-46
220.5	4.0998555361e-46
221.0	3.5782640569e-46
221.5	3.9783493764e-46
222.0	5.043662556099999e-46
222.5	5.2129109124e-46
223.0	4.4077322916000014e-46
223.5	4.3565708176e-46
224.0	3.6225889561e-46
224.5	3.91327524e-46
225.0	4.27166224e-46
225.5	4.3638792201e-46
226.0	4.0157755236000005e-46
226.5	4.122361729599999e-46
227.0	4.2002453024999986e-46
227.5	3.7895630224000005e-46
228.0	3.9799851001e-46
228.5	3.836427342399999e-46
229.0	3.8331374656000006e-46
229.5	4.5628804881e-46
230.0	4.9308423025e-46
230.5	5.0795693641e-46
231.0	6.3549872281e-46
231.5	1.77877280025e-45
232.0	1.5261211033599998e-45
232.5	6.1166687761e-46
233.0	4.5994807296000014e-46
233.5	4.5304271103999995e-46
234.0	4.6735954225e-46
234.5	4.797895968099999e-46
235.0	4.3765895209e-46
235.5	4.8085472655999996e-46
236.0	4.9992935281e-46
236.5	5.00059044e-46
237.0	4.2092266896000005e-46
237.5	4.0390950625e-46
238.0	4.8028037408999995e-46
238.5	4.3989189696e-46
239.0	4.3378892176e-46
239.5	4.6809486025e-46
240.0	4.480969248900001e-46
240.5	4.4897795881e-46
241.0	4.6099954681e-46
241.5	4.6079344921e-46
242.0	4.4676854161e-46
242.5	4.558054201599999e-46
243.0	4.691685960899998e-46
243.5	4.9551650404e-46
244.0	4.8315556864e-46
244.5	4.3259424121e-46
245.0	4.1710709823999984e-46
245.5	4.6796938275999985e-46
246.0	5.1267827776e-46
246.5	5.7638886561000015e-46
247.0	5.0411924675999994e-46
247.5	4.7472130161e-46
248.0	4.654417908100002e-46
248.5	5.6446157056e-46
249.0	8.106661728399999e-46
249.5	1.0737549312399999e-45
250.0	1.4882080752899998e-45
250.5	7.624998595599999e-46
251.0	5.7562566084e-46
251.5	7.396985667599998e-46
252.0	8.207136336100002e-46
252.5	8.614283700099999e-46
253.0	1.1970838812100001e-45
253.5	1.50878641761e-45
254.0	2.5835770752100002e-45
254.5	9.420119483290001e-45
255.0	2.2558237635999997e-44
255.5	1.3191671025e-44
256.0	5.2344790900899996e-45
256.5	4.943158617759998e-45
257.0	3.2151848467599995e-45
257.5	2.3049408960400002e-45
258.0	2.11446387889e-45
258.5	2.3186632562500006e-45
259.0	1.7281147843599996e-45
259.5	1.60730431744e-45
260.0	1.6079458406400002e-45
260.5	1.58980828176e-45
261.0	1.3377598851599995e-45
261.5	1.0202530339600001e-45
262.0	9.819386288099998e-46
262.5	1.1235434724899997e-45
263.0	1.0868230889999998e-45
263.5	1.4157459769600004e-45
264.0	1.86964571236e-45
264.5	2.64831685924e-45
265.0	7.275441734439999e-45
265.5	2.3386667329000003e-44
266.0	2.7870299136000003e-44
266.5	1.9270714761000005e-44
267.0	2.5040847049e-44
267.5	4.054021171599999e-44
268.0	3.8494832401e-44
268.5	4.3801048368999995e-44
269.0	4.909282176099998e-44
269.5	2.3499357025e-44
270.0	5.67819517444e-45
270.5	2.696351016960001e-45
271.0	2.2319860872099997e-45
271.5	1.711642384e-45
272.0	1.36499213764e-45
272.5	1.01828639236e-45
273.0	1.2277665602500002e-45
273.5	1.71627089841e-45
274.0	2.0587545022500006e-45
274.5	2.17172776324e-45
275.0	2.4805380249999998e-45
275.5	2.90393809924e-45
276.0	2.32045487521e-45
276.5	2.76501395556e-45
277.0	2.49889012321e-45
277.5	1.36056961881e-45
278.0	1.24139247556e-45
278.5	1.41407585764e-45
279.0	2.14236602449e-45
279.5	1.6878704056900006e-45
280.0	1.3629165732899999e-45
280.5	1.6771072562500002e-45
281.0	2.1877696569600007e-45
281.5	4.554549158760001e-45
282.0	4.7983190460100004e-45
282.5	2.69503224769e-45
283.0	3.297745476e-45
283.5	3.5192301936099993e-45
284.0	2.9556184633599997e-45
284.5	2.02875473889e-45
285.0	1.4639729916100006e-45
285.5	1.9405875144100006e-45
286.0	1.81608084025e-45
286.5	1.2644211456899999e-45
287.0	1.08509630464e-45
287.5	1.0258055952400002e-45
288.0	9.4465251904e-46
288.5	1.1285030862399999e-45
289.0	1.14918966009e-45
289.5	1.1521272489999997e-45
290.0	1.2405470179599999e-45
290.5	1.3323449016899998e-45
291.0	1.2981608999999994e-45
291.5	1.247290489e-45
292.0	1.0978752096400001e-45
292.5	1.1832774414399998e-45
293.0	1.12028775849e-45
293.5	9.4448655625e-46
294.0	8.067758544399999e-46
294.5	7.849298755599997e-46
295.0	8.2001476881e-46
295.5	8.595099427600001e-46
296.0	9.3735170244e-46
296.5	7.1514526084e-46
297.0	8.237531412099997e-46
297.5	9.0341122624e-46
298.0	1.1377803610000004e-45
298.5	1.0607462748099996e-45
299.0	1.6465659684099995e-45
299.5	1.0576065600000001e-44
300.0	1.9213563768999999e-44
300.5	5.235694635609998e-45
301.0	2.2064439398399998e-45
301.5	2.06114184004e-45
302.0	1.94663616849e-45
302.5	1.6752567140100006e-45
303.0	1.5736850980899995e-45
303.5	1.5845813262400002e-45
304.0	1.633533889e-45
304.5	2.2319860872099997e-45
305.0	3.80276955556e-45
305.5	1.3311621376000002e-44
306.0	9.28210852969e-43
306.5	1.06768176516e-41
307.0	1.43676628209e-41
307.5	2.0031532435600005e-41
308.0	4.1068643716e-42
308.5	8.620800654399999e-42
309.0	1.27087972036e-41
309.5	3.528461696399999e-42
310.0	8.020224000000001e-42
310.5	1.6562783667600002e-41
311.0	1.28482101136e-41
311.5	1.99638282481e-41
312.0	1.4164910776900002e-41
312.5	5.4303340046399996e-43
313.0	1.0012804095999999e-42
313.5	8.228005402499999e-42
314.0	5.974455832900001e-42
314.5	7.712895384099999e-42
315.0	1.8114198921e-42
315.5	3.77072139844e-45
316.0	2.2855857408400003e-45
316.5	1.7702214759999993e-45
317.0	1.8482518756899997e-45
317.5	1.9813448512900006e-45
318.0	1.35016562916e-45
318.5	1.08296279056e-45
319.0	1.0784984402499999e-45
319.5	1.01623238656e-45
320.0	8.323571203599999e-46
320.5	8.4761335044e-46
321.0	8.9351372889e-46
321.5	8.467867201599997e-46
322.0	8.452800316899999e-46
322.5	8.740537473600003e-46
323.0	8.6434236009e-46
323.5	7.205681235600001e-46
324.0	7.8873352336e-46
324.5	8.772377712400001e-46
325.0	8.716429569599999e-46
325.5	8.509005680400002e-46
326.0	8.960323824399999e-46
326.5	8.387858592400001e-46
327.0	9.3149481616e-46
327.5	9.100539224099997e-46
328.0	9.2540682025e-46
328.5	1.0508813392899997e-45
329.0	9.702851203599999e-46
329.5	9.2402016529e-46
330.0	9.585897132099998e-46
330.5	9.2234904804e-46
331.0	1.04676190369e-45
331.5	1.1102823768099999e-45
332.0	1.1886497382399998e-45
332.5	1.39653932209e-45
333.0	1.9157778841599998e-45
333.5	1.9905874559999998e-45
334.0	1.59192222121e-45
334.5	1.88858907241e-45
335.0	2.21785425481e-45
335.5	2.23455689521e-45
336.0	2.91140101476e-45
336.5	3.19479300625e-45
337.0	2.46131085456e-45
337.5	2.07117830404e-45
338.0	1.9979469625599997e-45
338.5	2.2594811559999997e-45
339.0	2.5319011240000002e-45
339.5	2.916172802560001e-45
340.0	3.00544071961e-45
340.5	3.020150944810001e-45
341.0	3.72062180961e-45
341.5	4.158315225e-45
342.0	5.14288345321e-45
342.5	4.8849475777600005e-45
343.0	3.39810882489e-45
343.5	2.3164776480400002e-45
344.0	1.98180780625e-45
344.5	1.7900684046399997e-45
345.0	1.55177693476e-45
345.5	1.6091490416399996e-45
346.0	1.61394224121e-45
346.5	1.5516666374399998e-45
347.0	1.91359002916e-45
347.5	2.2015427043599998e-45
348.0	1.95777046089e-45
348.5	1.86315679449e-45
349.0	2.975757050249999e-45
349.5	1.8810945409e-44
350.0	3.1571603855999997e-44
350.5	8.223442762240001e-45
351.0	3.4112141113599995e-45
351.5	1.5347746464399998e-45
352.0	1.35220204729e-45
352.5	1.1766889484099998e-45
353.0	1.20200196601e-45
353.5	1.0504664388099999e-45
354.0	1.09957233604e-45
354.5	1.24897214464e-45
355.0	1.11420437209e-45
355.5	5.0806530736900005e-45
356.0	1.52768412736e-43
356.5	1.9883751174399997e-43
357.0	1.4655281480999996e-44
357.5	3.20004044721e-45
358.0	2.84548631761e-45
358.5	1.64757245409e-45
359.0	1.2989392646399995e-45
359.5	1.1305666512099999e-45
360.0	1.3327026384400001e-45
360.5	1.6408656577599993e-45
361.0	1.7433881652099995e-45
361.5	1.6401123028899998e-45
362.0	1.68891409296e-45
362.5	1.71731504025e-45
363.0	1.46322315441e-45
363.5	1.2117569860900001e-45
364.0	1.29720267889e-45
364.5	1.2552282126400006e-45
365.0	1.27269135504e-45
365.5	1.1415883987599999e-45
366.0	1.1605536756099997e-45
366.5	1.0246785123599997e-45
367.0	1.02657441604e-45
367.5	9.95465601e-46
368.0	9.3300313401e-46
368.5	1.00657080225e-45
369.0	1.0470078062499998e-45
369.5	1.0074339480099999e-45
370.0	9.131033497599999e-46
370.5	1.00845623844e-45
371.0	1.1048045299600002e-45
371.5	1.22051012164e-45
372.0	1.6111072099599995e-45
372.5	2.11891740489e-45
373.0	5.2377498072900014e-45
373.5	1.5176761636e-44
374.0	1.6950738024999998e-44
374.5	1.2512883320999998e-44
375.0	6.645249538560001e-45
375.5	3.30549104356e-45
376.0	2.1988502856099996e-45
376.5	1.47728766025e-45
377.0	1.2109077636099996e-45
377.5	1.4515109416899998e-45
378.0	1.614593124e-45
378.5	1.26322665561e-45
379.0	1.10980260769e-45
379.5	1.11218915025e-45
380.0	1.1472852865600001e-45
380.5	1.15515015625e-45
381.0	1.11306307876e-45
381.5	1.05584053969e-45
382.0	9.829479039999999e-46
382.5	9.9026649225e-46
383.0	9.8056033321e-46
383.5	9.9519428089e-46
384.0	1.01158346916e-45
384.5	9.491636722499999e-46
385.0	8.447858510399997e-46
385.5	8.2211225625e-46
386.0	9.352403748899999e-46
386.5	8.786007374400003e-46
387.0	9.350630094400002e-46
387.5	9.769750435600003e-46
388.0	8.9963403721e-46
388.5	9.7621253136e-46
389.0	9.5408707689e-46
389.5	8.839026302499997e-46
390.0	9.9861688081e-46
390.5	1.0763058104099999e-45
391.0	9.1427012161e-46
391.5	9.1770220096e-46
392.0	1.0961330424099997e-45
392.5	1.03046136064e-45
393.0	1.1331302439999999e-45
393.5	1.3512681921599998e-45
394.0	1.49651375104e-45
394.5	1.2138325680099999e-45
395.0	1.1593207814399999e-45
395.5	1.2153520716099999e-45
396.0	1.0089072268899999e-45
396.5	8.797571244899999e-46
397.0	1.0972921251599995e-45
397.5	1.1762293344399999e-45
398.0	1.2726842200900002e-45
398.5	1.1420952660100002e-45
399.0	1.46423318409e-45
399.5	6.62646468961e-45
400.0	1.0923176195999999e-44
400.5	3.40013773449e-45
401.0	2.1155952193600004e-45
401.5	2.20806949801e-45
402.0	1.43786572864e-45
402.5	1.2231107289999996e-45
403.0	1.21792624144e-45
403.5	1.1525413908099999e-45
404.0	1.10146989456e-45
404.5	1.29396320089e-45
405.0	1.4695185564900002e-45
405.5	1.56460593601e-45
406.0	1.7990491910400002e-45
406.5	2.45357752896e-45
407.0	5.39598961476e-45
407.5	7.973989927840002e-45
408.0	1.8346431600999998e-44
408.5	6.914533202499999e-44
409.0	1.68128701225e-43
409.5	1.4100400502499998e-43
410.0	6.0496813521e-44
410.5	2.5832204176e-44
411.0	1.8389529663999998e-44
411.5	1.1498058440999998e-44
412.0	5.62092073984e-45
412.5	4.116210469289998e-45
413.0	2.5090181180099998e-45
413.5	1.64224320516e-45
414.0	1.3681787232099997e-45
414.5	1.41197832169e-45
415.0	1.3919316339599996e-45
415.5	1.3089272768099999e-45
416.0	1.5339442233600002e-45
416.5	1.58425492729e-45
417.0	1.88244912384e-45
417.5	1.667366555559999e-45
418.0	1.33973568576e-45
418.5	1.36579028356e-45
419.0	1.1779104484899997e-45
419.5	1.0952128360000003e-45
420.0	1.1037876628899995e-45
420.5	1.1789608960000004e-45
421.0	1.10087258436e-45
421.5	9.2795781376e-46
422.0	1.0395272188899999e-45
422.5	1.08777274596e-45
423.0	1.0675379982399997e-45
423.5	1.1695168832399999e-45
424.0	1.3289816070399998e-45
424.5	1.32482168361e-45
425.0	1.1685732033599999e-45
425.5	1.1033823758399998e-45
426.0	1.18636158096e-45
426.5	1.357701409e-45
427.0	1.30615019649e-45
427.5	1.2646985187600001e-45
428.0	1.2536202422500001e-45
428.5	1.1137237562499996e-45
429.0	1.1496032736400002e-45
429.5	1.1975198670399999e-45
430.0	1.31228685025e-45
430.5	1.4139705678399994e-45
431.0	1.4079154928400003e-45
431.5	1.759718601e-45
432.0	2.9897602336899986e-45
432.5	3.6917289921599996e-45
433.0	3.1295633062500003e-45
433.5	2.0234882822399998e-45
434.0	1.64843308081e-45
434.5	1.3932899982399998e-45
435.0	1.3794390246400003e-45
435.5	1.6076731776399998e-45
436.0	1.70921884329e-45
436.5	1.588444938089999e-45
437.0	1.7661930812099998e-45
437.5	1.5713058160899998e-45
438.0	1.603922401e-45
438.5	2.09384947396e-45
439.0	3.78442741329e-45
439.5	9.19512223744e-45
440.0	1.4012640624999996e-44
440.5	2.1507689024999997e-44
441.0	6.721574760000002e-44
441.5	1.9986174948099998e-43
442.0	2.0100875559999997e-43
442.5	8.084809824400001e-44
443.0	3.0394784281000005e-44
443.5	2.571244320099999e-44
444.0	2.2411287616000002e-44
444.5	2.0210602896e-44
445.0	1.7436146116e-44
445.5	1.5586773409000006e-44
446.0	1.6222607423999995e-44
446.5	1.6750054083999997e-44
447.0	1.4070467161e-44
447.5	1.09327936e-44
448.0	7.67125484449e-45
448.5	6.22781397225e-45
449.0	7.352668055289999e-45
449.5	3.0137654404e-44
450.0	3.8139746436e-44
450.5	8.98216794049e-45
451.0	3.67796157444e-45
451.5	4.805220808090001e-45
452.0	4.61838490569e-45
452.5	2.5532303702499996e-45
453.0	1.72877166225e-45
453.5	1.4669819214399998e-45
454.0	1.40258489121e-45
454.5	1.5197288656899998e-45
455.0	1.60313753664e-45
455.5	1.54021711936e-45
456.0	1.5119810096400002e-45
456.5	1.6502037552899994e-45
457.0	1.7175554035600002e-45
457.5	1.7040301440099997e-45
458.0	1.7108315888399993e-45
458.5	1.581318849639999e-45
459.0	1.41417363025e-45
459.5	1.37468909824e-45
460.0	1.33189232401e-45
460.5	1.3224132250000001e-45
461.0	1.4307306249999998e-45
461.5	1.54738383424e-45
462.0	1.51838812225e-45
462.5	1.4391097473600006e-45
463.0	1.33956732001e-45
463.5	1.3849636680100002e-45
464.0	1.40192582929e-45
464.5	1.4276684402500002e-45
465.0	1.3940441016100001e-45
465.5	1.3140770000399999e-45
466.0	1.1852940696099999e-45
466.5	1.31267086864e-45
467.0	1.3573477008400002e-45
467.5	1.5199939664099998e-45
468.0	1.4298834704399995e-45
468.5	1.49033830401e-45
469.0	1.4101076419599994e-45
469.5	1.3116493588900001e-45
470.0	1.4075853168399998e-45
470.5	1.54072735441e-45
471.0	1.3586596e-45
471.5	1.496722656249999e-45
472.0	1.49933132944e-45
472.5	1.45578876304e-45
473.0	1.4607301802499998e-45
473.5	1.500028392039999e-45
474.0	1.4470416e-45
474.5	1.65108944896e-45
475.0	1.84447916676e-45
475.5	1.7691361332099998e-45
476.0	1.94270259121e-45
476.5	1.68130341369e-45
477.0	1.5700455264399997e-45
477.5	1.6954959169599995e-45
478.0	1.6303828840000002e-45
478.5	1.5967216809999998e-45
479.0	1.6115086209599998e-45
479.5	1.4574604228899997e-45
480.0	1.7249070239999996e-45
480.5	1.6153727488899996e-45
481.0	1.52765285904e-45
481.5	1.6300195022499998e-45
482.0	1.4791485240900006e-45
482.5	1.48359780625e-45
483.0	1.6592587560000002e-45
483.5	1.7079953184099995e-45
484.0	1.67267094289e-45
484.5	1.6156942984899998e-45
485.0	1.91770423056e-45
485.5	1.93960087281e-45
486.0	1.88054924409e-45
486.5	2.00364559641e-45
487.0	1.9678717044899998e-45
487.5	1.90211993689e-45
488.0	1.9223577180899997e-45
488.5	1.8531561328900006e-45
489.0	1.97352731536e-45
489.5	2.02076321841e-45
490.0	2.2953393540900006e-45
490.5	2.7781859722500004e-45
491.0	4.1238487758399995e-45
491.5	4.7512483984900004e-45
492.0	2.7903432816900004e-45
492.5	2.7226167336899995e-45
493.0	2.2424486702499998e-45
493.5	2.5939769472099997e-45
494.0	2.470885264e-45
494.5	2.23130582689e-45
495.0	2.26526498704e-45
495.5	2.23358321664e-45
496.0	2.2066882051599998e-45
496.5	2.2779810752400007e-45
497.0	3.04853058225e-45
497.5	5.0921068810000007e-45
498.0	8.37016392996e-45
498.5	6.456958167040001e-45
499.0	1.7506729968999997e-44
499.5	1.93196290681e-43
500.0	2.8205340156899996e-43
500.5	5.404555552899999e-44
501.0	6.540442129e-45
501.5	1.1566572303999996e-44
502.0	8.76303804321e-45
502.5	4.2990577158399997e-45
503.0	5.207282082249999e-45
503.5	7.14400229284e-45
504.0	9.36962049024e-45
504.5	8.79530735889e-45
505.0	6.25211234209e-45
505.5	4.0904978489999997e-45
506.0	3.690392401960001e-45
506.5	3.348670703290001e-45
507.0	3.8316842803599994e-45
507.5	3.72932505124e-45
508.0	3.3715674510399997e-45
508.5	3.19375307689e-45
509.0	3.079473049000001e-45
509.5	2.8247949414399996e-45
510.0	3.08593582144e-45
510.5	3.95907740944e-45
511.0	3.86666330625e-45
511.5	4.41153669636e-45
512.0	5.3454961464099984e-45
512.5	5.96903034025e-45
513.0	6.73279327296e-45
513.5	8.28686143684e-45
514.0	1.1949331969e-44
514.5	2.0164568004e-44
515.0	1.8948348408999996e-44
515.5	1.4755932676000002e-44
516.0	1.0441161124e-44
516.5	9.08925797376e-45
517.0	5.866656154809998e-45
517.5	5.0851588860900006e-45
518.0	4.62950964025e-45
518.5	3.9339489294399987e-45
519.0	4.34159752464e-45
519.5	3.9822031620900003e-45
520.0	3.54646452484e-45
520.5	4.1367279427599996e-45
521.0	4.467411817689999e-45
521.5	4.633007582439999e-45
522.0	4.8599999676899997e-45
522.5	5.072388108490001e-45
523.0	4.7179863937599995e-45
523.5	5.14480556529e-45
524.0	5.5409711812899996e-45
524.5	5.276424321e-45
525.0	5.89017875625e-45
525.5	5.814931782490001e-45
526.0	4.7918652628899994e-45
526.5	3.9193985460099997e-45
527.0	3.732232464e-45
527.5	3.49090723921e-45
528.0	3.0047609664900006e-45
528.5	2.7093066010000003e-45
529.0	2.8743430464099997e-45
529.5	2.64664975936e-45
530.0	2.3988346884100002e-45
530.5	2.1726785440000003e-45
531.0	2.2361833168899997e-45
531.5	2.16843892225e-45
532.0	1.95310079721e-45
532.5	2.26459870884e-45
533.0	2.2370818848399998e-45
533.5	2.07534002481e-45
534.0	2.0350203654399998e-45
534.5	2.3314508820099998e-45
535.0	2.1514569024399998e-45
535.5	2.15548489984e-45
536.0	2.2436516358399998e-45
536.5	2.0124644602499997e-45
537.0	1.822350721e-45
537.5	1.84500316225e-45
538.0	1.89917282025e-45
538.5	2.1250717022499998e-45
539.0	2.00045085696e-45
539.5	2.1040477260100002e-45
540.0	2.3858340250000004e-45
540.5	2.1612829081599995e-45
541.0	2.30650628121e-45
541.5	2.54865444964e-45
542.0	2.31324445444e-45
542.5	1.82732310784e-45
543.0	1.70783001081e-45
543.5	1.9192810521599997e-45
544.0	1.925629924e-45
544.5	2.31376392256e-45
545.0	2.2666454464899998e-45
545.5	2.1751963209999998e-45
546.0	2.3010729302499997e-45
546.5	2.31671830329e-45
547.0	2.4727446928899996e-45
547.5	2.4922060839999998e-45
548.0	2.5117838532899996e-45
548.5	2.5786896486399997e-45
549.0	4.89164556409e-45
549.5	2.582449e-44
550.0	3.2762810024999997e-44
550.5	8.130737104359999e-45
551.0	3.1999273104100004e-45
551.5	2.948381400999999e-45
552.0	2.7033552384399997e-45
552.5	2.64629994084e-45
553.0	2.40610851441e-45
553.5	2.18064716676e-45
554.0	2.3675717692899994e-45
554.5	2.3987563244100007e-45
555.0	2.4521907841600002e-45
555.5	2.4056180184099996e-45
556.0	2.65571192896e-45
556.5	3.0479563888900006e-45
557.0	2.8888367544100004e-45
557.5	2.23589959609e-45
558.0	2.4707361422499998e-45
558.5	2.43293589504e-45
559.0	2.66818737025e-45
559.5	2.977339225e-45
560.0	2.6820694476899998e-45
560.5	2.26984592041e-45
561.0	2.256155001e-45
561.5	2.5066143692100006e-45
562.0	2.3117248641599998e-45
562.5	2.1932830562499997e-45
563.0	2.267188225e-45
563.5	2.0842329315599998e-45
564.0	2.0042454534399995e-45
564.5	2.0827814062500006e-45
565.0	1.91465754624e-45
565.5	1.94462478441e-45
566.0	2.03136799849e-45
566.5	2.0346053635599998e-45
567.0	1.9953552963599998e-45
567.5	2.02614316129e-45
568.0	2.1127352602499998e-45
568.5	1.9244628396899998e-45
569.0	1.960098529e-45
569.5	2.0950576752400004e-45
570.0	2.1893321740899998e-45
570.5	2.258910784e-45
571.0	1.9309784604099997e-45
571.5	1.8515722940099997e-45
572.0	2.2826321736099998e-45
572.5	2.20227472656e-45
573.0	2.1142155763599998e-45
573.5	1.8013912718400002e-45
574.0	2.06913085129e-45
574.5	1.8236486976399998e-45
575.0	1.912487824e-45
575.5	2.07356372496e-45
576.0	1.9186590062499998e-45
576.5	1.873850944e-45
577.0	1.77193851136e-45
577.5	1.7779799892100006e-45
578.0	2.1559863427600006e-45
578.5	2.0225797236099997e-45
579.0	1.89959120649e-45
579.5	1.98352655424e-45
580.0	1.8628805532099998e-45
580.5	1.93556882401e-45
581.0	1.7372307360100002e-45
581.5	1.96582277376e-45
582.0	2.05013350656e-45
582.5	2.04149445241e-45
583.0	2.030313481e-45
583.5	2.02038563169e-45
584.0	2.1834872928399998e-45
584.5	2.23099407556e-45
585.0	2.0840868432399997e-45
585.5	1.7867444460099994e-45
586.0	1.91928981409e-45
586.5	2.0490198092099998e-45
587.0	2.0285115209999996e-45
587.5	2.1575653401600006e-45
588.0	2.05292360464e-45
588.5	2.0546638465600006e-45
589.0	2.05460038729e-45
589.5	1.8683055312099998e-45
590.0	1.8530355996099998e-45
590.5	1.85154647616e-45
591.0	1.91304763456e-45
591.5	1.80404917081e-45
592.0	1.8341176675599998e-45
592.5	2.12372583921e-45
593.0	2.31429307041e-45
593.5	2.24074423225e-45
594.0	2.21162337841e-45
594.5	2.10588292201e-45
595.0	1.7762600284899997e-45
595.5	1.7092684548900005e-45
596.0	2.32438730161e-45
596.5	2.40837525504e-45
597.0	2.1441159811600003e-45
597.5	2.36141571136e-45
598.0	2.8582175212899997e-45
598.5	2.59367136961e-45
599.0	3.4775552526399985e-45
599.5	1.7874620416000005e-44
600.0	2.2859928024999996e-44
600.5	5.725510022410002e-45
601.0	2.4511707864899996e-45
601.5	2.6450654720400003e-45
602.0	2.7783968102499997e-45
602.5	2.0867446248099998e-45
603.0	1.82967496009e-45
603.5	2.05111163664e-45
604.0	2.0107690905599997e-45
604.5	1.90817827929e-45
605.0	1.818851904e-45
605.5	1.940666809e-45
606.0	2.149620496e-45
606.5	2.0993441059599998e-45
607.0	2.1677218574399998e-45
607.5	2.4196659380099996e-45
608.0	2.28339666801e-45
608.5	2.5169084934399995e-45
609.0	2.3600358320399997e-45
609.5	2.120510401e-45
610.0	1.93469781904e-45
610.5	2.1928615839999997e-45
611.0	2.3837927408099997e-45
611.5	2.24482649616e-45
612.0	2.5455052089999998e-45
612.5	9.108373668839999e-45
613.0	2.74258547809e-43
613.5	4.0930309382399995e-43
614.0	5.110312359999998e-44
614.5	3.3821901235600003e-43
615.0	5.894554176000001e-43
615.5	1.14218313444e-43
616.0	2.8220212552899986e-45
616.5	2.8171360828900004e-45
617.0	5.264959702499999e-44
617.5	4.20234545025e-43
618.0	2.19795005329e-43
618.5	1.6111232654400002e-43
619.0	1.4744064040000001e-43
619.5	1.3016071743999995e-44
620.0	1.9677474964899995e-43
620.5	5.880773270439999e-43
621.0	5.09437635001e-43
621.5	1.9091306809599997e-43
622.0	3.54446385316e-43
622.5	4.4725331290000006e-43
623.0	3.5909217304900005e-43
623.5	5.69659638564e-43
624.0	1.408726089e-43
624.5	3.38693736676e-45
625.0	2.63470730436e-45
625.5	2.4514777537599997e-45
626.0	2.8962694889999987e-45
626.5	1.44024001e-44
627.0	2.3705213439999997e-43
627.5	2.14469945881e-43
628.0	1.0402164081000001e-44
628.5	1.66025281444e-43
629.0	5.3511858432399996e-43
629.5	1.1005076412099998e-43
630.0	2.877431978889999e-45
630.5	2.5612405156899998e-45
631.0	2.5392931939599998e-45
631.5	2.48730615441e-45
632.0	2.45454848356e-45
632.5	2.5565967438399995e-45
633.0	2.6026934755600003e-45
633.5	3.354471556839999e-45
634.0	3.4186941241599993e-45
634.5	2.49696092416e-45
635.0	2.4465883689999998e-45
635.5	2.33354692624e-45
636.0	2.21609328516e-45
636.5	2.1903897625599997e-45
637.0	2.44185210801e-45
637.5	2.52957696601e-45
638.0	2.5408051609599998e-45
638.5	2.4143464960000003e-45
639.0	2.4829990020899996e-45
639.5	2.4036761452899996e-45
640.0	2.513889237690001e-45
640.5	2.42637026724e-45
641.0	2.39357734564e-45
641.5	2.6312283202499996e-45
642.0	2.49243573049e-45
642.5	2.7151394489999997e-45
643.0	2.64324515625e-45
643.5	2.50963927369e-45
644.0	2.5251027001599997e-45
644.5	2.7282862889999998e-45
645.0	2.54164197609e-45
645.5	2.5237260268900003e-45
646.0	2.30787042409e-45
646.5	2.42706978409e-45
647.0	2.7751297202499998e-45
647.5	3.51881494416e-45
648.0	4.8090896257599995e-45
648.5	4.345235458560001e-45
649.0	1.1670913023999999e-44
649.5	7.671127302399999e-44
650.0	9.5451338304e-44
650.5	1.9440724899999999e-44
651.0	4.1286536211599997e-45
651.5	5.1618046084899996e-45
652.0	4.07351574081e-45
652.5	3.0418975315599997e-45
653.0	2.6200475449599995e-45
653.5	2.6828152568099996e-45
654.0	2.6976493332099996e-45
654.5	2.3860196396100002e-45
655.0	2.3289214292099998e-45
655.5	2.31558252025e-45
656.0	2.6925720999999998e-45
656.5	2.7149831302500006e-45
657.0	2.6855404128400007e-45
657.5	2.6506846310399998e-45
658.0	2.6319157248400007e-45
658.5	2.6304589439999998e-45
659.0	2.3383027360000003e-45
659.5	3.0664017000100004e-45
660.0	2.8249650201600004e-45
660.5	2.5038114516099998e-45
661.0	2.74943971201e-45
661.5	2.83504067401e-45
662.0	2.43304441081e-45
662.5	2.3784543763599998e-45
663.0	2.3003150745599998e-45
663.5	2.4732618776100006e-45
664.0	2.4604179267599997e-45
664.5	2.5588928102499997e-45
665.0	2.47019934121e-45
665.5	2.5015302340899995e-45
666.0	2.55575747025e-45
666.5	2.9521726892100004e-45
667.0	2.72039437476e-45
667.5	2.44830998416e-45
668.0	2.818335744e-45
668.5	2.939916841e-45
669.0	3.0730724860899996e-45
669.5	3.0634343128900004e-45
670.0	2.7945813504399997e-45
670.5	3.1058440460099995e-45
671.0	3.38098057444e-45
671.5	2.65440313681e-45
672.0	2.7932916225600003e-45
672.5	2.6450963302499998e-45
673.0	2.94996714496e-45
673.5	3.334334889690001e-45
674.0	3.0746692300899994e-45
674.5	3.032793012639999e-45
675.0	3.35285005444e-45
675.5	3.0128572102500003e-45
676.0	3.164512516e-45
676.5	3.65186950249e-45
677.0	3.37952707569e-45
677.5	3.1378594755599986e-45
678.0	3.2182702080400004e-45
678.5	3.1313761056899995e-45
679.0	4.4859185289999997e-45
679.5	5.5551979022400006e-45
680.0	3.98147118121e-45
680.5	3.427552152090001e-45
681.0	3.2481222592899997e-45
681.5	3.2012398202499996e-45
682.0	3.067431763359999e-45
682.5	2.91455297956e-45
683.0	2.94312760036e-45
683.5	3.1391479896099997e-45
684.0	3.3697444502500004e-45
684.5	3.1912104846400005e-45
685.0	2.8539207684100005e-45
685.5	3.26595105225e-45
686.0	3.24304053529e-45
686.5	3.6619078876899995e-45
687.0	3.1863767039999997e-45
687.5	2.9009426881600004e-45
688.0	2.99573412889e-45
688.5	3.21661391104e-45
689.0	3.2550105772899984e-45
689.5	3.1654013916099996e-45
690.0	3.1501054256399996e-45
690.5	2.95603165636e-45
691.0	2.7011823344099998e-45
691.5	2.8339013433599996e-45
692.0	2.89927325601e-45
692.5	2.805852682090001e-45
693.0	3.0700132192900005e-45
693.5	3.568700329960001e-45
694.0	3.60566622784e-45
694.5	3.52635256561e-45
695.0	3.3947053488100014e-45
695.5	3.2543031622499997e-45
696.0	2.7551056188100003e-45
696.5	3.0725070720400005e-45
697.0	3.641639716e-45
697.5	5.4488313824399994e-45
698.0	7.685485355609999e-45
698.5	5.74032007201e-45
699.0	2.0410122496e-44
699.5	1.51693891441e-43
700.0	1.7913209760000002e-43
700.5	3.1208755600000003e-44
701.0	5.3308689638399997e-45
701.5	8.176897646439997e-45
702.0	6.671687744159999e-45
702.5	4.08866888329e-45
703.0	3.311208357610001e-45
703.5	3.1578667860099995e-45
704.0	3.5835667964099996e-45
704.5	3.920387769e-45
705.0	3.8724235494399994e-45
705.5	4.04738988481e-45
706.0	3.78172111849e-45
706.5	3.4557114960899994e-45
707.0	3.4824987612899995e-45
707.5	3.3581445502500003e-45
708.0	3.4600394484100013e-45
708.5	4.13353841476e-45
709.0	3.872772038560002e-45
709.5	3.469681216e-45
710.0	3.95903965681e-45
710.5	3.926538776410001e-45
711.0	3.716950702240001e-45
711.5	3.76597005625e-45
712.0	3.70344056481e-45
712.5	3.6918991209999986e-45
713.0	3.38043402225e-45
713.5	3.49396845604e-45
714.0	3.46032180025e-45
714.5	3.41060672016e-45
715.0	3.484623542490001e-45
715.5	3.7399584870399995e-45
716.0	3.5799878890000005e-45
716.5	3.0178322510400014e-45
717.0	3.1680124820099994e-45
717.5	3.32278462096e-45
718.0	3.4076639750400005e-45
718.5	3.52994021689e-45
719.0	3.569046822249999e-45
719.5	3.6560041320099996e-45
720.0	3.8721995289999986e-45
720.5	3.77761432129e-45
721.0	4.060098217209999e-45
721.5	3.7540741702499996e-45
722.0	4.33659126784e-45
722.5	4.1704472409999994e-45
723.0	3.9987411073600003e-45
723.5	3.5519931219599997e-45
724.0	3.656391117610001e-45
724.5	3.81103736896e-45
725.0	4.159140673960001e-45
725.5	4.11641577649e-45
726.0	3.8297903560899997e-45
726.5	4.268819030439999e-45
727.0	4.3647295692099997e-45
727.5	4.21976262409e-45
728.0	4.357201282810001e-45
728.5	3.97144477636e-45
729.0	4.57278898176e-45
729.5	4.630217288490001e-45
730.0	4.60559036025e-45
730.5	3.90863786481e-45
731.0	4.117211390249999e-45
731.5	4.27429595961e-45
732.0	4.1617594368899986e-45
732.5	4.557195048999999e-45
733.0	4.63850896356e-45
733.5	4.77130036516e-45
734.0	5.5208317852899986e-45
734.5	5.4415850424099993e-45
735.0	6.48033050025e-45
735.5	6.38484098704e-45
736.0	6.26081310009e-45
736.5	6.59423578401e-45
737.0	6.575296179240001e-45
737.5	6.07986670225e-45
738.0	5.81840956225e-45
738.5	5.22487545889e-45
739.0	5.1818978131599994e-45
739.5	5.89438527001e-45
740.0	5.755316150439999e-45
740.5	6.005475025000002e-45
741.0	6.228429536159999e-45
741.5	6.905526900249996e-45
742.0	6.886460434090001e-45
742.5	6.563138574239999e-45
743.0	5.230269184360001e-45
743.5	6.24936099841e-45
744.0	6.934176020889999e-45
744.5	8.079331202009997e-45
745.0	9.462795273609999e-45
745.5	1.17983044e-44
746.0	1.1396843535999995e-44
746.5	1.1143969225e-44
747.0	1.1151360000000001e-44
747.5	1.4489418384000005e-44
748.0	1.5458943555999995e-44
748.5	1.2004489225e-44
749.0	2.2937708304000004e-44
749.5	1.0200294564099996e-43
750.0	1.0589687472399999e-43
750.5	2.3172450624999997e-44
751.0	1.1707672804e-44
751.5	1.4607864768999998e-44
752.0	1.4311576161000002e-44
752.5	1.3869537361e-44
753.0	1.4342697121e-44
753.5	1.3648314276000002e-44
754.0	1.4642936063999997e-44
754.5	1.6167885409e-44
755.0	1.7917161025e-44
755.5	2.0653426369000003e-44
756.0	2.6873700624000006e-44
756.5	3.2359692544e-44
757.0	2.5695448804e-44
757.5	2.3179149009e-44
758.0	2.3734791721e-44
758.5	2.0606028303999996e-44
759.0	1.9456065225000005e-44
759.5	1.6933036128999998e-44
760.0	1.3833993924000006e-44
760.5	1.4332160089000002e-44
761.0	1.39594225e-44
761.5	1.1986527289e-44
762.0	1.0910011401e-44
762.5	1.0988070975999996e-44
763.0	1.2603879289e-44
763.5	1.1862912888999997e-44
764.0	1.2282180625e-44
764.5	1.1018490961e-44
765.0	1.2285283920999998e-44
765.5	1.3322930624999996e-44
766.0	1.2488286000999996e-44
766.5	1.3028396163999998e-44
767.0	1.2820127075999995e-44
767.5	1.2268885225e-44
768.0	1.0832854560999998e-44
768.5	9.94950390784e-45
769.0	1.1003170816e-44
769.5	8.545430922249998e-45
770.0	7.786491729210001e-45
770.5	7.61769366436e-45
771.0	7.992163321209999e-45
771.5	7.56658159321e-45
772.0	7.36874595396e-45
772.5	6.173747758239999e-45
773.0	6.52111161156e-45
773.5	6.504535410489999e-45
774.0	6.217101721959998e-45
774.5	6.16063300609e-45
775.0	6.47443920321e-45
775.5	6.667441039359999e-45
776.0	5.744124100000001e-45
776.5	5.512914000999999e-45
777.0	6.055936836010001e-45
777.5	6.556254258489999e-45
778.0	5.56495112196e-45
778.5	6.26002187209e-45
779.0	6.210921528359999e-45
779.5	5.776030400040001e-45
780.0	5.190914304000001e-45
780.5	4.51049246404e-45
781.0	5.08923865321e-45
781.5	5.1361015555599993e-45
782.0	5.35824e-45
782.5	4.703600455840001e-45
783.0	4.8660530004099994e-45
783.5	5.0072040345600007e-45
784.0	4.254665892839998e-45
784.5	4.07849554161e-45
785.0	4.5100492176099996e-45
785.5	4.9425821122499987e-45
786.0	4.707647711290001e-45
786.5	4.746148999289999e-45
787.0	4.83018050025e-45
787.5	4.332970120090001e-45
788.0	4.602998301160002e-45
788.5	4.71031024489e-45
789.0	4.29526876689e-45
789.5	4.0733625644099996e-45
790.0	4.125621361000001e-45
790.5	4.77837622564e-45
791.0	3.99365858116e-45
791.5	4.12260305625e-45
792.0	4.302139926490001e-45
792.5	4.1031967584400005e-45
793.0	4.0064215936899996e-45
793.5	3.91589344441e-45
794.0	4.081459327690001e-45
794.5	3.58258511209e-45
795.0	3.861665449290001e-45
795.5	4.38944675841e-45
796.0	4.27595672464e-45
796.5	4.6515946467599987e-45
797.0	4.7084436476099995e-45
797.5	5.2823969360099994e-45
798.0	6.16016207689e-45
798.5	5.139198019239999e-45
799.0	9.78132868036e-45
799.5	5.248681000000001e-44
800.0	5.6908010916e-44
800.5	1.1279289616000002e-44
801.0	5.3181723056400014e-45
801.5	6.80003092129e-45
802.0	5.859734091209999e-45
802.5	4.2673686900099995e-45
803.0	4.3493233603600006e-45
803.5	4.625428110249999e-45
804.0	4.0434846145599997e-45
804.5	4.2577974032399994e-45
805.0	4.0553971239999995e-45
805.5	4.250127249e-45
806.0	4.024988871840001e-45
806.5	3.91929837849e-45
807.0	3.9578065032099997e-45
807.5	4.390586382249999e-45
808.0	4.52164794624e-45
808.5	4.0475807443600003e-45
809.0	3.8502025e-45
809.5	4.368271430409999e-45
810.0	4.39169964601e-45
810.5	4.676781769000001e-45
811.0	3.9514550323599997e-45
811.5	3.4860640404099994e-45
812.0	4.2469073248900014e-45
812.5	4.426147758490001e-45
813.0	4.022248609440001e-45
813.5	3.88679927364e-45
814.0	3.7933281e-45
814.5	3.89544498225e-45
815.0	3.9749115996099994e-45
815.5	4.07249461921e-45
816.0	3.683178996640001e-45
816.5	3.7577635603599997e-45
817.0	3.8870112468099995e-45
817.5	3.9801083616099985e-45
818.0	4.00468746276e-45
818.5	3.68276632164e-45
819.0	3.4489192562499986e-45
819.5	3.9558187620899997e-45
820.0	4.24151310361e-45
820.5	3.96432677641e-45
821.0	3.884019219610001e-45
821.5	3.7652214099599986e-45
822.0	3.60617064196e-45
822.5	3.77740535236e-45
823.0	3.5632064947600003e-45
823.5	3.22261717761e-45
824.0	3.1928263260099996e-45
824.5	3.11927835025e-45
825.0	3.2675971364100003e-45
825.5	3.82920865636e-45
826.0	3.84863899876e-45
826.5	3.50044989316e-45
827.0	3.850128040360001e-45
827.5	3.57761889424e-45
828.0	3.97779967204e-45
828.5	3.5320318748099986e-45
829.0	3.599268037210001e-45
829.5	4.046664659560001e-45
830.0	4.0010558652099996e-45
830.5	4.6272917856400003e-45
831.0	4.039060072960001e-45
831.5	4.216424356000001e-45
832.0	3.94181809921e-45
832.5	4.07798465281e-45
833.0	3.77514394084e-45
833.5	3.2925791609999993e-45
834.0	3.5837104688099996e-45
834.5	4.1992732832400015e-45
835.0	4.108707440640001e-45
835.5	3.77452954384e-45
836.0	3.76778675329e-45
836.5	3.7940302584899994e-45
837.0	3.89031628176e-45
837.5	4.164314492249999e-45
838.0	4.47166377025e-45
838.5	3.77034068961e-45
839.0	4.0018276e-45
839.5	3.8949456902499994e-45
840.0	4.2394423210000003e-45
840.5	4.2941153702499994e-45
841.0	3.8293447948899995e-45
841.5	3.93057525249e-45
842.0	4.4257485916899993e-45
842.5	4.116210469289998e-45
843.0	3.645949694890001e-45
843.5	3.3138673824399994e-45
844.0	3.73588665961e-45
844.5	4.58486077456e-45
845.0	4.7726957740899986e-45
845.5	4.1830237816899993e-45
846.0	4.1518305640899994e-45
846.5	3.9203627238399996e-45
847.0	4.15322247025e-45
847.5	5.28934743841e-45
848.0	5.619391398759999e-45
848.5	4.96814932201e-45
849.0	9.493170002409998e-45
849.5	4.2219153729000007e-44
850.0	4.0574044899999993e-44
850.5	9.397072782249999e-45
851.0	4.477550310249999e-45
851.5	5.5788948639999997e-45
852.0	4.9676277459599996e-45
852.5	4.49155976481e-45
853.0	4.13497869444e-45
853.5	3.935303824e-45
854.0	4.1678644810000015e-45
854.5	4.11772473025e-45
855.0	4.07338809361e-45
855.5	4.4249237040099996e-45
856.0	4.4553355528899995e-45
856.5	4.39819649721e-45
857.0	4.397758803360001e-45
857.5	4.7880448984899986e-45
858.0	4.305931904159998e-45
858.5	4.2034345892099996e-45
859.0	4.0280600889999986e-45
859.5	4.33647273361e-45
860.0	4.3164243002499996e-45
860.5	4.2503749860099997e-45
861.0	4.6938119299599994e-45
861.5	4.90331856169e-45
862.0	4.6817342982399994e-45
862.5	4.58101556224e-45
863.0	4.3067325004900003e-45
863.5	4.4528528620899994e-45
864.0	4.753440603040001e-45
864.5	5.296637284e-45
865.0	5.316845138889998e-45
865.5	4.65242675569e-45
866.0	5.039764675690001e-45
866.5	5.0849021722500004e-45
867.0	4.8799305922499987e-45
867.5	4.57603543296e-45
868.0	5.1494258402499996e-45
868.5	4.870350986409999e-45
869.0	4.628870081639999e-45
869.5	5.0075153904399996e-45
870.0	5.48082586276e-45
870.5	5.018503953960001e-45
871.0	5.131243709289999e-45
871.5	5.3708377959999995e-45
872.0	5.6002173571599996e-45
872.5	5.964828163289999e-45
873.0	5.82561248049e-45
873.5	4.89037273344e-45
874.0	5.0768760048399996e-45
874.5	5.20731094689e-45
875.0	4.7846964122500003e-45
875.5	5.5029839604099986e-45
876.0	4.9491225e-45
876.5	4.39551762169e-45
877.0	4.3104345852099985e-45
877.5	4.6451585491599987e-45
878.0	4.556722512250001e-45
878.5	4.5549001e-45
879.0	4.696525373440001e-45
879.5	4.788072576809999e-45
880.0	4.6336474268100005e-45
880.5	5.092649223839999e-45
881.0	5.01095510161e-45
881.5	5.138266114890001e-45
882.0	5.195194837290001e-45
882.5	5.84113218529e-45
883.0	5.906629541159998e-45
883.5	5.97351223225e-45
884.0	5.2016117328399994e-45
884.5	4.51064021769e-45
885.0	5.1147241992899996e-45
885.5	5.236114321e-45
886.0	5.49853393441e-45
886.5	5.04244850404e-45
887.0	4.215359505640001e-45
887.5	4.12897490041e-45
888.0	3.8541126422500003e-45
888.5	4.2733937894399994e-45
889.0	4.81437536449e-45
889.5	5.09701756356e-45
890.0	4.2020213290000005e-45
890.5	4.576793104e-45
891.0	4.53125537316e-45
891.5	4.876089241e-45
892.0	5.698256974239998e-45
892.5	5.4251768736399995e-45
893.0	4.7476096284100006e-45
893.5	5.518365224490001e-45
894.0	5.208941928999999e-45
894.5	4.47682766281e-45
895.0	4.82253858025e-45
895.5	4.994192364159999e-45
896.0	4.4913587097599985e-45
896.5	4.407897664000001e-45
897.0	4.822649692089999e-45
897.5	5.494085708409999e-45
898.0	5.513508009e-45
898.5	6.55928291236e-45
899.0	1.4248719424e-44
899.5	3.9763151648999995e-44
900.0	3.5232416208999995e-44
900.5	1.1696638801000002e-44
901.0	7.238827609689999e-45
901.5	6.717130155610001e-45
902.0	5.31328739929e-45
902.5	4.384148126410001e-45
903.0	4.46415068449e-45
903.5	4.58190902404e-45
904.0	4.54741179025e-45
904.5	4.7437380750399995e-45
905.0	4.7392622692899983e-45
905.5	3.8713283999999994e-45
906.0	4.31056589401e-45
906.5	5.082577780839999e-45
907.0	5.1301549500099985e-45
907.5	4.12948897321e-45
908.0	4.4639502438399985e-45
908.5	4.78321625664e-45
909.0	5.013772863999999e-45
909.5	4.4961986836899994e-45
910.0	4.69914363009e-45
910.5	4.2814774889999997e-45
911.0	4.5568980230400014e-45
911.5	4.374235044e-45
912.0	4.5410077689999996e-45
912.5	4.645921921000001e-45
913.0	4.48070923161e-45
913.5	4.70740071025e-45
914.0	4.6467398889999997e-45
914.5	4.1291162672399995e-45
915.0	4.240223689e-45
915.5	4.53679032249e-45
916.0	4.97535551044e-45
916.5	4.314979032250001e-45
917.0	4.1751757633600005e-45
917.5	4.936383288359999e-45
918.0	4.53811059025e-45
918.5	4.487861072249999e-45
919.0	4.9112624641599996e-45
919.5	2.5658593489000004e-44
920.0	8.876705184399999e-44
920.5	3.3349699161e-44
921.0	5.0525796422499995e-45
921.5	1.8975613504000002e-44
922.0	1.00187442576e-43
922.5	8.45588241e-44
923.0	2.0944457284e-44
923.5	5.2157861761599995e-45
924.0	4.985306084889998e-45
924.5	4.6502170562499994e-45
925.0	4.96696524289e-45
925.5	5.5819725987600013e-45
926.0	4.6218550225e-44
926.5	1.184185744e-43
927.0	2.5451735296000004e-44
927.5	1.7061584399999999e-44
928.0	1.22546204356e-43
928.5	6.768738822399999e-44
929.0	5.87160517696e-45
929.5	5.529008063289999e-45
930.0	4.685536452099999e-44
930.5	1.2568301232399998e-43
931.0	1.41461740996e-43
931.5	1.28492854681e-43
932.0	1.8103164304e-44
932.5	7.463222972100001e-44
933.0	6.656503200399999e-44
933.5	6.282642510399998e-44
934.0	7.529426240400001e-44
934.5	3.3274867396e-44
935.0	1.7345475744100002e-43
935.5	1.73046848121e-43
936.0	1.9369123928999997e-44
936.5	5.521604556250001e-45
937.0	5.5597453576899994e-45
937.5	4.601695761639998e-45
938.0	4.4543610809999995e-45
938.5	5.01780973225e-45
939.0	4.91004314089e-45
939.5	5.29385752921e-45
940.0	6.083485210889999e-45
940.5	5.7781102129e-44
941.0	1.05999731776e-43
941.5	1.6851674595999999e-44
942.0	5.470495783839999e-45
942.5	5.2115116046399995e-45
943.0	1.4264002624e-44
943.5	4.976200947599999e-44
944.0	1.8745717224999999e-44
944.5	5.000413224960002e-45
945.0	5.2165228502499996e-45
945.5	5.513983238440001e-45
946.0	4.93334854884e-45
946.5	5.4856390380100005e-45
947.0	5.3101826410000013e-45
947.5	6.125864170409999e-45
948.0	6.19965689641e-45
948.5	7.793164185210001e-45
949.0	1.7189832099999995e-44
949.5	4.1368712449e-44
950.0	3.5679054320999995e-44
950.5	1.2098020081e-44
951.0	6.43013138161e-45
951.5	6.27626788441e-45
952.0	5.910196132839999e-45
952.5	4.698074306249999e-45
953.0	5.236287988839998e-45
953.5	5.75722807696e-45
954.0	5.817189170249999e-45
954.5	5.605367161000001e-45
955.0	5.65311504384e-45
955.5	6.063518865959998e-45
956.0	6.025873502249998e-45
956.5	6.208399883559998e-45
957.0	5.14731632704e-45
957.5	5.62324513689e-45
958.0	6.215950585689999e-45
958.5	6.426202764960001e-45
959.0	6.175052142249998e-45
959.5	5.979588652839999e-45
960.0	5.70970651876e-45
960.5	5.109604842249999e-45
961.0	5.699600718489999e-45
961.5	6.719867835040001e-45
962.0	6.679890976359998e-45
962.5	7.55760729025e-45
963.0	7.446930579359998e-45
963.5	6.326166183839999e-45
964.0	6.67887755536e-45
964.5	7.342793238009999e-45
965.0	7.97897349001e-45
965.5	7.94078814321e-45
966.0	7.82379168484e-45
966.5	7.615058054490001e-45
967.0	7.55287879329e-45
967.5	9.567969856e-45
968.0	8.725876473759998e-45
968.5	8.74664505225e-45
969.0	9.118817556249999e-45
969.5	8.567131457440002e-45
970.0	8.44476454116e-45
970.5	9.35816325376e-45
971.0	9.70534314649e-45
971.5	8.427937694439999e-45
972.0	7.618828338809999e-45
972.5	8.498461406409999e-45
973.0	8.540901888999999e-45
973.5	7.10123065344e-45
974.0	7.322396040999998e-45
974.5	7.520306368090001e-45
975.0	7.165656360040001e-45
975.5	7.634408100009999e-45
976.0	7.83423252544e-45
976.5	6.28067345049e-45
977.0	7.217674857609999e-45
977.5	6.564613097289999e-45
978.0	5.694211599999999e-45
978.5	5.777960966410001e-45
979.0	6.020984024999999e-45
979.5	5.313681025e-45
980.0	4.931634895359999e-45
980.5	5.83584461329e-45
981.0	6.672520910250001e-45
981.5	6.276014373690001e-45
982.0	5.73677482225e-45
982.5	6.53701356324e-45
983.0	6.870155304959999e-45
983.5	6.928081872009998e-45
984.0	6.493636005609998e-45
984.5	6.070108338809999e-45
985.0	5.822285155209998e-45
985.5	6.209298160810001e-45
986.0	5.99526552681e-45
986.5	5.831765956000001e-45
987.0	6.636073736409998e-45
987.5	7.201728768999998e-45
988.0	6.631545216490002e-45
988.5	6.89494408164e-45
989.0	6.375575347839998e-45
989.5	5.892450701290001e-45
990.0	6.314320691289999e-45
990.5	6.959063240999999e-45
991.0	7.026395916959998e-45
991.5	6.32242848769e-45
992.0	6.22167578176e-45
992.5	5.73527523856e-45
993.0	5.2866859321600004e-45
993.5	5.090037680250001e-45
994.0	5.014622596e-45
994.5	5.224976656e-45
995.0	5.538589430890001e-45
995.5	5.411868077160001e-45
996.0	5.679461188839998e-45
996.5	5.91880958244e-45
997.0	5.896166582249999e-45
997.5	5.269235510250001e-45
998.0	5.011663007609999e-45
998.5	5.130011700809999e-45
999.0	5.18497924624e-45
999.5	5.47899000804e-45
1000.0	5.438457766809999e-45
1000.5	5.915286538809999e-45
1001.0	6.075423025e-45
1001.5	6.17816436169e-45
1002.0	5.4569985122499984e-45
1002.5	5.0549398236099996e-45
1003.0	4.8721098002499995e-45
1003.5	4.390559877689999e-45
1004.0	5.099759438760001e-45
1004.5	5.75005240681e-45
1005.0	5.09411940361e-45
1005.5	5.0376209664399993e-45
1006.0	5.2846211811599984e-45
1006.5	5.28547902169e-45
1007.0	5.0849164339600003e-45
1007.5	5.2069934402499997e-45
1008.0	5.21392305625e-45
1008.5	5.40599915025e-45
1009.0	5.46503869081e-45
1009.5	5.21782299025e-45
1010.0	5.376702276e-45
1010.5	5.1661881264399995e-45
1011.0	4.9450430409999995e-45
1011.5	5.410926481e-45
1012.0	5.4819808321600004e-45
1012.5	5.177334943689998e-45
1013.0	5.369079076e-45
1013.5	5.663224719359999e-45
1014.0	5.905891760039999e-45
1014.5	5.668057082249999e-45
1015.0	5.60921608809e-45
1015.5	5.872248856360001e-45
1016.0	5.671174371839998e-45
1016.5	5.67365978169e-45
1017.0	5.76527378436e-45
1017.5	6.14662272016e-45
1018.0	6.85853954569e-45
1018.5	6.492040558239999e-45
1019.0	6.668845568999999e-45
1019.5	5.87695491769e-45
1020.0	6.00986204289e-45
1020.5	5.931926360999999e-45
1021.0	5.568547355290001e-45
1021.5	6.03955905316e-45
1022.0	6.383962060089999e-45
1022.5	6.38303525721e-45
1023.0	5.625975042249999e-45
1023.5	6.28470003121e-45
1024.0	6.60463410721e-45
1024.5	5.837005840089999e-45
1025.0	5.55545131801e-45
1025.5	5.15524e-45
1026.0	5.539140165159999e-45
1026.5	5.81389475121e-45
1027.0	5.81606042161e-45
1027.5	5.5577472300900006e-45
1028.0	6.286571086409999e-45
1028.5	6.081473062439999e-45
1029.0	7.38747126016e-45
1029.5	8.247255247359999e-45
1030.0	7.746640225000001e-45
1030.5	6.272750880489999e-45
1031.0	6.426555489639998e-45
1031.5	6.78330137664e-45
1032.0	6.485403023999999e-45
1032.5	7.237364285289998e-45
1033.0	6.754357788009999e-45
1033.5	6.143910365609999e-45
1034.0	6.058193823359998e-45
1034.5	6.131077921440001e-45
1035.0	7.103978082010001e-45
1035.5	7.689413334489999e-45
1036.0	7.47434598849e-45
1036.5	7.057344064e-45
1037.0	7.077503558409999e-45
1037.5	7.663916918439998e-45
1038.0	7.491127531689999e-45
1038.5	6.691632645759998e-45
1039.0	6.808263148840001e-45
1039.5	7.58207304001e-45
1040.0	7.01699405625e-45
1040.5	6.575912463999999e-45
1041.0	6.79229815716e-45
1041.5	7.356853138409999e-45
1042.0	7.033371771039999e-45
1042.5	6.66677149009e-45
1043.0	6.765523107839999e-45
1043.5	5.692234719609999e-45
1044.0	5.70839180521e-45
1044.5	6.616927680250001e-45
1045.0	7.346066964640001e-45
1045.5	7.611986660889997e-45
1046.0	7.12192527225e-45
1046.5	7.05626880256e-45
1047.0	7.22625805476e-45
1047.5	7.25266843876e-45
1048.0	7.22394603844e-45
1048.5	6.73423749376e-45
1049.0	1.0954343569000002e-44
1049.5	2.0735712001e-44
1050.0	1.5977718409000001e-44
1050.5	7.86362806441e-45
1051.0	7.089606320040001e-45
1051.5	6.54599119329e-45
1052.0	5.853122132489998e-45
1052.5	5.899975807689998e-45
1053.0	6.495715216e-45
1053.5	7.248683376639999e-45
1054.0	6.758105939289998e-45
1054.5	6.551753060409998e-45
1055.0	7.054874444889999e-45
1055.5	6.939773008090001e-45
1056.0	6.30759993616e-45
1056.5	5.78317662784e-45
1057.0	6.836180833439998e-45
1057.5	7.309138542249999e-45
1058.0	6.433563890249999e-45
1058.5	5.984043563559999e-45
1059.0	6.12519108496e-45
1059.5	6.438955097609998e-45
1060.0	6.30175594896e-45
1060.5	6.082081351289999e-45
1061.0	7.106911506249999e-45
1061.5	7.410334538889999e-45
1062.0	6.35086267929e-45
1062.5	6.219972142239999e-45
1063.0	6.82884071424e-45
1063.5	7.249892403690002e-45
1064.0	7.732915969e-45
1064.5	7.47927469584e-45
1065.0	7.49826105625e-45
1065.5	8.027550731559999e-45
1066.0	8.051293440999999e-45
1066.5	8.260664899240001e-45
1067.0	9.33807197569e-45
1067.5	8.886323849290001e-45
1068.0	9.248630432039999e-45
1068.5	7.83168361024e-45
1069.0	8.17725935524e-45
1069.5	8.13780801604e-45
1070.0	9.08923890625e-45
1070.5	1.0297175624999999e-44
1071.0	1.1116960969e-44
1071.5	1.0902492224999999e-44
1072.0	1.0863059076e-44
1072.5	1.0069721104e-44
1073.0	1.0804563025e-44
1073.5	1.2494544841000002e-44
1074.0	1.1183697008999999e-44
1074.5	1.1112111396e-44
1075.0	1.2184627456e-44
1075.5	1.1636584129e-44
1076.0	1.1483265600000002e-44
1076.5	8.788781252250001e-45
1077.0	8.428598694759997e-45
1077.5	9.58593730084e-45
1078.0	1.0647350596e-44
1078.5	1.0135052928999998e-44
1079.0	9.207035780890001e-45
1079.5	9.39220709956e-45
1080.0	7.911800072889999e-45
1080.5	8.577667886489998e-45
1081.0	8.753305192809999e-45
1081.5	9.158566560159999e-45
1082.0	9.525642880359998e-45
1082.5	8.272375446759999e-45
1083.0	7.400696345289998e-45
1083.5	7.039310680360001e-45
1084.0	7.428629910249999e-45
1084.5	7.868718953639999e-45
1085.0	8.073741316e-45
1085.5	8.027210268089999e-45
1086.0	8.53528385956e-45
1086.5	7.625446046439999e-45
1087.0	7.119039375360001e-45
1087.5	7.441080886889998e-45
1088.0	7.850225802249999e-45
1088.5	7.111717561e-45
1089.0	7.27341182649e-45
1089.5	7.84579635225e-45
1090.0	7.12822226944e-45
1090.5	6.705579033759999e-45
1091.0	6.30018425169e-45
1091.5	6.56057880676e-45
1092.0	6.923887458009998e-45
1092.5	6.82895640625e-45
1093.0	7.11426458521e-45
1093.5	7.147823207039999e-45
1094.0	6.996067806249999e-45
1094.5	6.853770156249998e-45
1095.0	6.310618272360001e-45
1095.5	6.323748484000001e-45
1096.0	7.116963916409999e-45
1096.5	6.95891308401e-45
1097.0	7.277488987239999e-45
1097.5	7.03023556225e-45
1098.0	6.710738944809999e-45
1098.5	7.136836608039999e-45
1099.0	9.531499744359999e-45
1099.5	1.5669531683999996e-44
1100.0	1.2893148304e-44
1100.5	8.384112599040003e-45
1101.0	7.156144835999998e-45
1101.5	5.94936085041e-45
1102.0	6.934375874409998e-45
1102.5	6.94485556164e-45
1103.0	6.780649618089998e-45
1103.5	7.084201723289998e-45
1104.0	6.83517216001e-45
1104.5	6.888651404410001e-45
1105.0	6.85080668416e-45
1105.5	6.928231695999998e-45
1106.0	7.516300451559999e-45
1106.5	8.656739330559999e-45
1107.0	7.55819845641e-45
1107.5	7.998225715839999e-45
1108.0	7.93544237721e-45
1108.5	8.14881733264e-45
1109.0	8.15129094025e-45
1109.5	8.289246652089999e-45
1110.0	2.0727648840999998e-44
1110.5	1.43102567521e-43
1111.0	4.64029352809e-43
1111.5	1.4289156009999999e-43
1112.0	2.0838654736e-44
1112.5	8.745971696009999e-45
1113.0	7.92281570404e-45
1113.5	7.866944937639999e-45
1114.0	7.037448210250001e-45
1114.5	7.141365443559999e-45
1115.0	7.312781019039999e-45
1115.5	7.290051771239999e-45
1116.0	7.404602500000001e-45
1116.5	6.965421372810001e-45
1117.0	6.25431068964e-45
1117.5	6.905061550890001e-45
1118.0	6.587968255689999e-45
1118.5	6.538097022249999e-45
1119.0	6.841589253209999e-45
1119.5	7.413726609e-45
1120.0	6.53890563225e-45
1120.5	6.60647091204e-45
1121.0	6.35484791929e-45
1121.5	6.928115166089999e-45
1122.0	7.63021467121e-45
1122.5	6.98805714916e-45
1123.0	7.255649436009999e-45
1123.5	6.990113727610001e-45
1124.0	6.960347983690001e-45
1124.5	7.560650304000001e-45
1125.0	7.14844885225e-45
1125.5	7.488825444e-45
1126.0	8.558377632250001e-45
1126.5	7.211287512489998e-45
1127.0	7.115377997289998e-45
1127.5	7.425837632890001e-45
1128.0	8.11143403225e-45
1128.5	8.72987498244e-45
1129.0	7.850881467039999e-45
1129.5	8.275504512039999e-45
1130.0	8.245184809e-45
1130.5	7.300506248999998e-45
1131.0	7.23714309796e-45
1131.5	6.792232224999999e-45
1132.0	7.086154548490001e-45
1132.5	8.112929155239999e-45
1133.0	8.50995180036e-45
1133.5	8.300066362090001e-45
1134.0	8.54676213169e-45
1134.5	7.963349253760001e-45
1135.0	8.00951611681e-45
1135.5	7.79572448356e-45
1136.0	7.74414080064e-45
1136.5	7.690588415999999e-45
1137.0	7.455027306249999e-45
1137.5	6.935491776159999e-45
1138.0	7.195331520089999e-45
1138.5	7.518433339209998e-45
1139.0	7.43870025441e-45
1139.5	7.930917702489999e-45
1140.0	8.169140918889998e-45
1140.5	7.97981316804e-45
1141.0	7.563119942440001e-45
1141.5	7.492547040249998e-45
1142.0	7.616908170009999e-45
1142.5	7.738193089e-45
1143.0	7.80641164521e-45
1143.5	7.219068218009998e-45
1144.0	6.819902339289999e-45
1144.5	7.67197306404e-45
1145.0	8.026493526489998e-45
1145.5	8.251015392009998e-45
1146.0	7.75968953881e-45
1146.5	8.448808422759998e-45
1147.0	8.51032080196e-45
1147.5	7.95560531364e-45
1148.0	8.257538641000001e-45
1148.5	9.017249664639999e-45
1149.0	2.4420625441e-44
1149.5	5.6458987321e-44
1150.0	3.4728558735999995e-44
1150.5	1.3783464408999998e-44
1151.0	9.421653051040001e-45
1151.5	8.74180120576e-45
1152.0	8.615942248410001e-45
1152.5	7.282574244000001e-45
1153.0	7.451608535289999e-45
1153.5	8.42525723664e-45
1154.0	7.599986248409999e-45
1154.5	7.201270516090001e-45
1155.0	6.860162841209999e-45
1155.5	6.99934697641e-45
1156.0	8.08472520801e-45
1156.5	8.61325061776e-45
1157.0	8.20047969225e-45
1157.5	8.092549713959999e-45
1158.0	8.249816412250002e-45
1158.5	7.56421575625e-45
1159.0	7.217521935999999e-45
1159.5	7.653222799289999e-45
1160.0	7.868630248090001e-45
1160.5	7.694605417209998e-45
1161.0	7.593222748809999e-45
1161.5	7.88528016081e-45
1162.0	8.032676475039999e-45
1162.5	7.846239240999999e-45
1163.0	7.122009664e-45
1163.5	6.863144904809999e-45
1164.0	7.65626750001e-45
1164.5	8.453129092810001e-45
1165.0	7.80485669401e-45
1165.5	8.10037800441e-45
1166.0	8.06527928761e-45
1166.5	7.51453194496e-45
1167.0	8.168092506249999e-45
1167.5	8.405955856e-45
1168.0	8.211821284810001e-45
1168.5	8.37746631225e-45
1169.0	8.21564585604e-45
1169.5	8.78917500036e-45
1170.0	8.57955735081e-45
1170.5	9.295273744000001e-45
1171.0	9.880041922559997e-45
1171.5	8.625598450809998e-45
1172.0	8.82592607296e-45
1172.5	9.84488621796e-45
1173.0	9.438219650249999e-45
1173.5	7.51787841249e-45
1174.0	7.83274560784e-45
1174.5	8.82205590564e-45
1175.0	8.801197936089999e-45
1175.5	7.724001727690002e-45
1176.0	7.21014963876e-45
1176.5	8.459860506249999e-45
1177.0	8.94409015824e-45
1177.5	9.23991950025e-45
1178.0	9.495079783289999e-45
1178.5	9.317654784000001e-45
1179.0	8.79667664836e-45
1179.5	7.64895423889e-45
1180.0	8.76693269761e-45
1180.5	8.74294191369e-45
1181.0	8.73174375844e-45
1181.5	9.64701124864e-45
1182.0	8.732566083239996e-45
1182.5	1.0382387236000001e-44
1183.0	1.0566195264e-44
1183.5	9.31887107649e-45
1184.0	9.111275208999998e-45
1184.5	1.0778384760999999e-44
1185.0	1.1095883569e-44
1185.5	1.0242047209e-44
1186.0	9.701895403239999e-45
1186.5	9.64308288064e-45
1187.0	9.697739224409998e-45
1187.5	1.0640747715999999e-44
1188.0	1.0788145956000001e-44
1188.5	9.517914576040001e-45
1189.0	9.38383564804e-45
1189.5	1.0820160400000001e-44
1190.0	1.1605106528999996e-44
1190.5	9.688720819689999e-45
1191.0	8.306153271609999e-45
1191.5	8.602210053609998e-45
1192.0	8.390944724409999e-45
1192.5	8.415530390440001e-45
1193.0	9.819343374759999e-45
1193.5	9.96213591025e-45
1194.0	1.0521835775999999e-44
1194.5	1.0760742755999998e-44
1195.0	9.623080267290001e-45
1195.5	9.50003051761e-45
1196.0	9.213292998809999e-45
1196.5	9.774663915609999e-45
1197.0	9.35609318361e-45
1197.5	9.52199301249e-45
1198.0	1.0051867080999999e-44
1198.5	9.271282656249999e-45
1199.0	1.44744961e-44
1199.5	3.2341706244e-44
1200.0	2.4636127681000004e-44
1200.5	1.2485157169000005e-44
1201.0	1.1406667204000002e-44
1201.5	1.1621271204000002e-44
1202.0	1.0156205284000001e-44
1202.5	1.1367397923999999e-44
1203.0	1.1338203360999999e-44
1203.5	1.0984088024999999e-44
1204.0	1.0657052288999998e-44
1204.5	1.1138691599999999e-44
1205.0	1.0939068099999996e-44
1205.5	1.1653634304000003e-44
1206.0	1.1960484495999996e-44
1206.5	1.0021811880999998e-44
1207.0	9.56155420224e-45
1207.5	9.966647855609998e-45
1208.0	1.0187470488999999e-44
1208.5	1.0538049024999999e-44
1209.0	1.1292887824e-44
1209.5	1.0970467600000001e-44
1210.0	1.2025973569e-44
1210.5	1.26270169e-44
1211.0	1.2989844729000002e-44
1211.5	1.3793797808999994e-44
1212.0	1.2754314224999998e-44
1212.5	1.0782953281e-44
1213.0	1.1772684003999998e-44
1213.5	1.1093355625e-44
1214.0	1.2610167025e-44
1214.5	1.3936983024999999e-44
1215.0	1.3050320643999998e-44
1215.5	1.4099662563999995e-44
1216.0	1.3983535504e-44
1216.5	1.4346529729e-44
1217.0	1.4107500624999996e-44
1217.5	1.3283945535999995e-44
1218.0	1.4917935321e-44
1218.5	1.4406720783999998e-44
1219.0	1.5778374544e-44
1219.5	1.5482078328999992e-44
1220.0	1.4598197328999995e-44
1220.5	1.4082806241e-44
1221.0	1.3613522328999999e-44
1221.5	1.5557073984000004e-44
1222.0	1.6686955684000004e-44
1222.5	1.6210382400000002e-44
1223.0	1.9194439935999998e-44
1223.5	2.0695411880999998e-44
1224.0	2.0244167524e-44
1224.5	1.9738564036e-44
1225.0	1.8191535375999998e-44
1225.5	1.9968516100000005e-44
1226.0	2.3514995716e-44
1226.5	4.2851898048999997e-44
1227.0	3.9983601681e-44
1227.5	2.2562443263999997e-44
1228.0	2.2591292416e-44
1228.5	2.4879699289e-44
1229.0	2.9175714480999994e-44
1229.5	4.0864622499999994e-44
1230.0	5.201683718399999e-44
1230.5	3.9167972281000004e-44
1231.0	2.3977903104e-44
1231.5	2.4759337201000003e-44
1232.0	2.3419405156e-44
1232.5	1.9834215556e-44
1233.0	2.0733408081000002e-44
1233.5	2.1148139776e-44
1234.0	2.2707174721e-44
1234.5	2.1600180899999997e-44
1235.0	3.5557890624000005e-44
1235.5	4.2969973263999997e-44
1236.0	1.95244729e-44
1236.5	1.8001320561e-44
1237.0	1.7270690723999995e-44
1237.5	3.8766459664e-44
1238.0	2.5783367183999997e-44
1238.5	1.2703769521e-44
1239.0	1.1380835761000002e-44
1239.5	1.2204062784e-44
1240.0	1.3740997284e-44
1240.5	2.4297327375999995e-44
1241.0	2.3422159849e-44
1241.5	4.072889059599999e-44
1242.0	4.530427110399999e-44
1242.5	1.5126294121000003e-44
1243.0	1.3479674403999999e-44
1243.5	2.9482607025e-44
1244.0	2.3307823561000004e-44
1244.5	1.3184091684000001e-44
1245.0	4.360621004099999e-44
1245.5	3.0198098175999997e-44
1246.0	1.1944085520999996e-44
1246.5	3.6044541316e-44
1247.0	9.192963360099999e-44
1247.5	6.809281491599999e-44
1248.0	1.2114744489000002e-44
1248.5	9.705658399289998e-45
1249.0	1.2384351224999998e-44
1249.5	1.7402358724000002e-44
1250.0	1.5592516900000001e-44
1250.5	1.0900821649000003e-44
1251.0	9.400368980249999e-45
1251.5	9.73886738449e-45
1252.0	8.983836045610001e-45
1252.5	8.707371956889999e-45
1253.0	7.514323899039999e-45
1253.5	7.881036135039998e-45
1254.0	1.1198718975999999e-44
1254.5	2.3185543823999996e-44
1255.0	1.3184550976000002e-44
1255.5	7.470922790249999e-45
1256.0	9.924821827559999e-45
1256.5	1.4801885568999998e-44
1257.0	1.2389025636e-44
1257.5	1.0374644736000001e-44
1258.0	2.5129541529e-44
1258.5	1.5504234256e-44
1259.0	7.580975933440001e-45
1259.5	7.50785857441e-45
1260.0	7.739987719839999e-45
1260.5	8.308286040040001e-45
1261.0	9.923008764489999e-45
1261.5	9.863131556889997e-45
1262.0	9.974676052889999e-45
1262.5	8.19750970801e-45
1263.0	7.755356160249998e-45
1263.5	7.61460428689e-45
1264.0	7.898925600809999e-45
1264.5	7.681505793640001e-45
1265.0	7.80229489636e-45
1265.5	8.201023040249999e-45
1266.0	8.467827632639998e-45
1266.5	8.546096514009999e-45
1267.0	8.864391970809998e-45
1267.5	9.78231771136e-45
1268.0	9.240976899999998e-45
1268.5	7.80662369601e-45
1269.0	7.897343688999999e-45
1269.5	7.45855049641e-45
1270.0	8.114838789759999e-45
1270.5	9.3219025e-45
1271.0	8.247600345689998e-45
1271.5	8.543120041e-45
1272.0	7.933571784359999e-45
1272.5	8.319847854240001e-45
1273.0	8.13558900625e-45
1273.5	9.009312822759999e-45
1274.0	7.950664722249999e-45
1274.5	7.52396638464e-45
1275.0	8.424669796e-45
1275.5	8.629035134760001e-45
1276.0	9.864224033439999e-45
1276.5	9.71793753616e-45
1277.0	9.24930363289e-45
1277.5	8.63366180625e-45
1278.0	8.071710743289999e-45
1278.5	9.47655522576e-45
1279.0	9.197845749159999e-45
1279.5	1.0003600323999999e-44
1280.0	9.454898037689999e-45
1280.5	8.37946175236e-45
1281.0	8.88681404601e-45
1281.5	8.319191132159998e-45
1282.0	7.52202351616e-45
1282.5	8.032300053609999e-45
1283.0	7.845318046439999e-45
1283.5	8.338301384489999e-45
1284.0	7.802047572639999e-45
1284.5	7.73988214756e-45
1285.0	9.003220156090001e-45
1285.5	8.422962662889998e-45
1286.0	8.651697210249999e-45
1286.5	8.891679038489999e-45
1287.0	9.624787236e-45
1287.5	9.775791030759999e-45
1288.0	8.94416581696e-45
1288.5	8.945149409439999e-45
1289.0	8.217114292890001e-45
1289.5	8.174799893159999e-45
1290.0	8.67420273316e-45
1290.5	8.886795192039999e-45
1291.0	8.86085225041e-45
1291.5	8.669248637439999e-45
1292.0	8.374501051290001e-45
1292.5	9.164596677609998e-45
1293.0	8.21000900281e-45
1293.5	8.185345634409998e-45
1294.0	8.317494720090001e-45
1294.5	7.95514151056e-45
1295.0	7.45416390625e-45
1295.5	8.194829940089999e-45
1296.0	8.918460293760001e-45
1296.5	8.815914227609999e-45
1297.0	9.236901437439998e-45
1297.5	9.14419800009e-45
1298.0	9.42600207376e-45
1298.5	1.0524913280999997e-44
1299.0	1.0510760484e-44
1299.5	9.74733645796e-45
1300.0	8.69472327025e-45
1300.5	8.378253475839998e-45
1301.0	9.59377152484e-45
1301.5	9.329666736040001e-45
1302.0	9.60633254161e-45
1302.5	9.20822564025e-45
1303.0	1.0430741160999999e-44
1303.5	9.37420922025e-45
1304.0	9.105873370089999e-45
1304.5	9.024924000159999e-45
1305.0	8.959190408999999e-45
1305.5	1.0188479844e-44
1306.0	1.0064303040999997e-44
1306.5	1.1405172025e-44
1307.0	1.1465055625e-44
1307.5	1.0294943295999999e-44
1308.0	9.174306462759999e-45
1308.5	9.85330199044e-45
1309.0	9.54892478596e-45
1309.5	8.69662558249e-45
1310.0	9.450989542440001e-45
1310.5	1.0006801155999998e-44
1311.0	9.089143569e-45
1311.5	8.198759208999999e-45
1312.0	9.562316926409997e-45
1312.5	1.0363850809e-44
1313.0	9.86211858724e-45
1313.5	1.0190902499999997e-44
1314.0	1.0503790143999999e-44
1314.5	9.866945556250001e-45
1315.0	9.249976858239998e-45
1315.5	9.681025020839999e-45
1316.0	9.8942809e-45
1316.5	1.0313214915999997e-44
1317.0	9.418139618409999e-45
1317.5	8.47539343161e-45
1318.0	8.764798020250002e-45
1318.5	9.469352872359999e-45
1319.0	9.42318674361e-45
1319.5	8.633624639290001e-45
1320.0	9.281318528159998e-45
1320.5	1.0185653775999998e-44
1321.0	1.0776308481e-44
1321.5	1.0413182024999999e-44
1322.0	1.1254027225000005e-44
1322.5	1.0441161124e-44
1323.0	8.961121434239998e-45
1323.5	8.83870740736e-45
1324.0	9.36886549041e-45
1324.5	9.345784936959999e-45
1325.0	1.0190296808999999e-44
1325.5	9.716695472889999e-45
1326.0	8.196187875839998e-45
1326.5	8.623072460250001e-45
1327.0	1.0264931855999998e-44
1327.5	1.1099886736e-44
1328.0	1.0166285584e-44
1328.5	9.82154335369e-45
1329.0	9.313909873959998e-45
1329.5	1.0205242440999999e-44
1330.0	1.0166285584e-44
1330.5	9.846493670249999e-45
1331.0	1.0246703076e-44
1331.5	1.0340042596e-44
1332.0	9.524178945609999e-45
1332.5	9.27544274281e-45
1333.0	8.588451741209998e-45
1333.5	9.02336607396e-45
1334.0	1.0080360801e-44
1334.5	9.907096783360001e-45
1335.0	1.0308137841e-44
1335.5	1.0918369081000001e-44
1336.0	1.1843098276e-44
1336.5	1.1309471715999998e-44
1337.0	9.90868939776e-45
1337.5	9.12554146729e-45
1338.0	8.079367156090001e-45
1338.5	8.717938226009998e-45
1339.0	9.431731112409999e-45
1339.5	8.97119642896e-45
1340.0	8.898997890249999e-45
1340.5	9.114425430249998e-45
1341.0	8.903300063290002e-45
1341.5	9.141463321e-45
1342.0	9.426817627239998e-45
1342.5	1.0142705520999998e-44
1343.0	1.0591497224999997e-44
1343.5	9.41260874596e-45
1344.0	8.38035886249e-45
1344.5	9.415364275839999e-45
1345.0	8.967237720249999e-45
1345.5	8.328168577440001e-45
1346.0	9.83294358544e-45
1346.5	1.0867854000999997e-44
1347.0	9.921713820840002e-45
1347.5	9.12970695025e-45
1348.0	8.963469235359998e-45
1348.5	1.1268671716000005e-44
1349.0	1.9400868368999998e-44
1349.5	3.2293168209e-44
1350.0	2.30341329e-44
1350.5	1.0218581569e-44
1351.0	9.469878356890001e-45
1351.5	9.956208048639999e-45
1352.0	1.0302859009e-44
1352.5	1.0261082209e-44
1353.0	9.12258034884e-45
1353.5	1.0434418201e-44
1354.0	9.82247495056e-45
1354.5	9.51828530689e-45
1355.0	9.698408880249998e-45
1355.5	8.968639268410001e-45
1356.0	8.36807811984e-45
1356.5	9.629810918559999e-45
1357.0	9.710979062489999e-45
1357.5	9.38955186009e-45
1358.0	9.13050958369e-45
1358.5	9.559833295359997e-45
1359.0	9.255171134439999e-45
1359.5	1.0139684415999999e-44
1360.0	1.0835769024999998e-44
1360.5	1.1181793535999998e-44
1361.0	9.804742557209997e-45
1361.5	1.0087992720999999e-44
1362.0	9.773378688160001e-45
1362.5	9.836275683999999e-45
1363.0	9.840243204000001e-45
1363.5	1.0098039121e-44
1364.0	1.1302879225000005e-44
1364.5	1.0687217640999998e-44
1365.0	1.1102626160999999e-44
1365.5	1.0768420441e-44
1366.0	1.0117945744000001e-44
1366.5	9.29432893041e-45
1367.0	9.049317358410002e-45
1367.5	1.0619508600999999e-44
1368.0	9.520002470249999e-45
1368.5	9.41703331396e-45
1369.0	9.46952803225e-45
1369.5	9.66560327044e-45
1370.0	9.424623480249999e-45
1370.5	9.474121692009999e-45
1371.0	9.711038189159998e-45
1371.5	9.604842818489998e-45
1372.0	1.0154794440999998e-44
1372.5	9.634521811360001e-45
1373.0	1.0590673921e-44
1373.5	1.02353689e-44
1374.0	1.0245083524e-44
1374.5	9.827212903289999e-45
1375.0	9.51046246656e-45
1375.5	9.572391649959999e-45
1376.0	9.779548550560002e-45
1376.5	1.0130221201e-44
1377.0	1.0800197776e-44
1377.5	9.839231410409999e-45
1378.0	9.130337587840001e-45
1378.5	9.671739025000002e-45
1379.0	9.65882080849e-45
1379.5	1.0023413689000001e-44
1380.0	1.0213527843999999e-44
1380.5	1.0034429584e-44
1381.0	9.677325827560001e-45
1381.5	9.951379243559996e-45
1382.0	1.1235788001e-44
1382.5	1.0862433729e-44
1383.0	9.736242521759998e-45
1383.5	9.61745030596e-45
1384.0	9.55713491236e-45
1384.5	9.13966592256e-45
1385.0	1.0016006399999999e-44
1385.5	9.389474340489999e-45
1386.0	8.584300452250002e-45
1386.5	9.62541512464e-45
1387.0	1.1565281764000002e-44
1387.5	1.06193025e-44
1388.0	9.79846576384e-45
1388.5	1.0567017615999999e-44
1389.0	9.56331438084e-45
1389.5	9.91042151121e-45
1390.0	9.45890459761e-45
1390.5	8.738977806249999e-45
1391.0	9.33428431881e-45
1391.5	1.0107085156e-44
1392.0	9.982607569e-45
1392.5	9.835402936959998e-45
1393.0	1.1193428401000001e-44
1393.5	1.1021640256000001e-44
1394.0	1.1240452441e-44
1394.5	1.0538049024999999e-44
1395.0	9.78014190916e-45
1395.5	1.0208475369e-44
1396.0	9.77078871729e-45
1396.5	1.02434641e-44
1397.0	1.0896854543999999e-44
1397.5	1.1248935720999998e-44
1398.0	1.1436805248999999e-44
1398.5	1.1029830529e-44
1399.0	1.0133240895999997e-44
1399.5	1.0069319716e-44
1400.0	1.0445453208999999e-44
1400.5	1.0657258755999999e-44
1401.0	9.881711886239999e-45
1401.5	9.559872405159999e-45
1402.0	9.82663794436e-45
1402.5	1.0316058623999999e-44
1403.0	9.842425681000001e-45
1403.5	1.0870564643999998e-44
1404.0	1.0731716835999999e-44
1404.5	9.535210022560001e-45
1405.0	1.0654368399999998e-44
1405.5	1.1749909609000002e-44
1406.0	1.0392579136000001e-44
1406.5	9.624571404009998e-45
1407.0	9.996440316840001e-45
1407.5	1.0761365168999999e-44
1408.0	1.24121881e-44
1408.5	1.2765384256e-44
1409.0	1.0772156521000001e-44
1409.5	1.0836809999999999e-44
1410.0	1.1507711076e-44
1410.5	1.0797703743999999e-44
1411.0	1.1461201249000002e-44
1411.5	1.1438302499999998e-44
1412.0	1.1159387043999998e-44
1412.5	1.21638841e-44
1413.0	1.1464199040999998e-44
1413.5	1.0876821264e-44
1414.0	1.0078352881000001e-44
1414.5	9.700358892159999e-45
1415.0	1.1062832399999999e-44
1415.5	1.0622806488999999e-44
1416.0	1.0622394225000001e-44
1416.5	1.0974029049e-44
1417.0	1.1840704224999998e-44
1417.5	1.1462271844e-44
1418.0	1.1783319601e-44
1418.5	1.1557540035999995e-44
1419.0	1.2383906088999994e-44
1419.5	1.2103740289e-44
1420.0	1.1652986600999996e-44
1420.5	1.0476136608999999e-44
1421.0	1.1103890624999999e-44
1421.5	1.22965921e-44
1422.0	1.1513504601e-44
1422.5	1.0839100320999999e-44
1423.0	1.1209515625e-44
1423.5	1.0507890063999997e-44
1424.0	9.98998251001e-45
1424.5	1.0049862001000001e-44
1425.0	9.60211849216e-45
1425.5	1.1049793923999999e-44
1426.0	1.0462221224999998e-44
1426.5	1.0653542656e-44
1427.0	1.1166148899999999e-44
1427.5	1.1388304656000002e-44
1428.0	1.2076031881e-44
1428.5	1.1809386241e-44
1429.0	1.0235773584000002e-44
1429.5	1.0154995983999998e-44
1430.0	9.72495767104e-45
1430.5	1.0463653264e-44
1431.0	1.0874735523999999e-44
1431.5	1.0335772225e-44
1432.0	9.257537899209998e-45
1432.5	9.120899411559999e-45
1433.0	1.1414999280999995e-44
1433.5	1.1939495824e-44
1434.0	1.1951736976000006e-44
1434.5	1.0549549521e-44
1435.0	9.78949957561e-45
1435.5	9.61613623161e-45
1436.0	1.0705833960999999e-44
1436.5	1.0320121744e-44
1437.0	1.0474089649e-44
1437.5	1.0147338756e-44
1438.0	1.0127201956e-44
1438.5	1.0935094041e-44
1439.0	1.1017021444e-44
1439.5	1.1112533056e-44
1440.0	1.1011144356000001e-44
1440.5	1.09244304e-44
1441.0	9.981208836e-45
1441.5	9.680572422009999e-45
1442.0	1.0596231844e-44
1442.5	1.2409959999999998e-44
1443.0	1.1914377409000003e-44
1443.5	1.0658084644000001e-44
1444.0	1.1034241935999998e-44
1444.5	1.11598096e-44
1445.0	1.0435439716e-44
1445.5	1.0688251456000002e-44
1446.0	9.531812160999999e-45
1446.5	1.1002121880999998e-44
1447.0	1.11682624e-44
1447.5	1.2110782401e-44
1448.0	1.1086615848999999e-44
1448.5	1.0402980025e-44
1449.0	1.0199990024999998e-44
1449.5	1.2342543409000003e-44
1450.0	1.1970985744e-44
1450.5	1.2090102025e-44
1451.0	1.0450155076e-44
1451.5	1.1287787535999996e-44
1452.0	9.87739810201e-45
1452.5	1.0350824121e-44
1453.0	1.2057577249e-44
1453.5	1.1969891648999995e-44
1454.0	1.1405172025e-44
1454.5	1.0705213156e-44
1455.0	1.1213327449e-44
1455.5	1.0921922064e-44
1456.0	1.1686907236e-44
1456.5	1.3018581801e-44
1457.0	1.1619977615999995e-44
1457.5	1.0556124048999999e-44
1458.0	1.0921922064e-44
1458.5	1.2495439088999998e-44
1459.0	1.3143246736000002e-44
1459.5	1.2860467216e-44
1460.0	1.0680395716e-44
1460.5	9.299227056249999e-45
1461.0	1.0743737103999999e-44
1461.5	1.1365478881e-44
1462.0	1.1980615936e-44
1462.5	1.2011940801000002e-44
1463.0	1.2107701225e-44
1463.5	1.1002751236e-44
1464.0	1.05740089e-44
1464.5	1.1317342688999999e-44
1465.0	1.1317980996e-44
1465.5	1.1378702241e-44
1466.0	1.1040965775999996e-44
1466.5	1.0779838276e-44
1467.0	1.1169319225e-44
1467.5	1.2381012900000002e-44
1468.0	1.1599720803999999e-44
1468.5	1.1792874024999998e-44
1469.0	9.854949838409999e-45
1469.5	1.0147137289e-44
1470.0	1.0809345024e-44
1470.5	1.2013694448999998e-44
1471.0	1.2308127364e-44
1471.5	1.1764222369000002e-44
1472.0	1.1430603396e-44
1472.5	1.1316066129e-44
1473.0	1.0921295024999999e-44
1473.5	1.0436461281e-44
1474.0	1.1213962815999996e-44
1474.5	1.1026680064e-44
1475.0	1.0987442041000001e-44
1475.5	1.2262240225e-44
1476.0	1.1708105615999997e-44
1476.5	1.1011983843999999e-44
1477.0	1.1228157369e-44
1477.5	1.2099120015999996e-44
1478.0	1.2715719696e-44
1478.5	1.1623427344e-44
1479.0	1.1218622723999999e-44
1479.5	1.1261242161000002e-44
1480.0	1.1519514241000003e-44
1480.5	1.1962890625e-44
1481.0	1.2350099161000002e-44
1481.5	1.0747468899999999e-44
1482.0	1.1135947729e-44
1482.5	1.1409230596e-44
1483.0	1.0666138729000001e-44
1483.5	1.1881000000000005e-44
1484.0	1.3018125408999998e-44
1484.5	1.1949987856000002e-44
1485.0	1.1563561156000002e-44
1485.5	1.0154995983999998e-44
1486.0	9.624041644839999e-45
1486.5	1.0971515025e-44
1487.0	1.2011721604000001e-44
1487.5	1.2473762596000002e-44
1488.0	1.1083878399999999e-44
1488.5	1.0897898448999999e-44
1489.0	1.0614562728999998e-44
1489.5	1.1467411396e-44
1490.0	1.1965296996e-44
1490.5	1.1167839684e-44
1491.0	1.2225282624000002e-44
1491.5	1.1266761025e-44
1492.0	1.2283067240999998e-44
1492.5	1.1426327235999999e-44
1493.0	1.2721358521e-44
1493.5	1.3573881048999995e-44
1494.0	1.1486480624999995e-44
1494.5	1.1188139076000001e-44
1495.0	1.1225190601000005e-44
1495.5	1.1816342209000002e-44
1496.0	1.2039136729e-44
1496.5	1.1843098276e-44
1497.0	1.1790919396e-44
1497.5	1.2121349408999998e-44
1498.0	1.4911828995999998e-44
1498.5	1.2068121025000002e-44
1499.0	1.1593905624999999e-44
1499.5	1.1850717321e-44
1500.0	1.3281640515999996e-44
1500.5	1.2324774288999998e-44
1501.0	1.1092934328999997e-44
1501.5	1.1799390625000002e-44
1502.0	1.1683448099999998e-44
1502.5	1.1089143024999999e-44
1503.0	1.1671993369000006e-44
1503.5	1.3987319824e-44
1504.0	1.2395927569000005e-44
1504.5	1.1985651441000002e-44
1505.0	1.2519819664000002e-44
1505.5	1.1679124899999998e-44
1506.0	1.2955902975999998e-44
1506.5	1.3431187449e-44
1507.0	1.3075693801e-44
1507.5	1.2725419248999997e-44
1508.0	1.20033936e-44
1508.5	1.2446972356000002e-44
1509.0	1.2137649241e-44
1509.5	1.1454564676e-44
1510.0	1.3961076649e-44
1510.5	1.3291322944e-44
1511.0	1.3242946084e-44
1511.5	1.1536478463999997e-44
1512.0	1.1171855809e-44
1512.5	1.1779629156e-44
1513.0	1.19946304e-44
1513.5	1.2130819599999996e-44
1514.0	1.1759233600000002e-44
1514.5	1.4103937599999997e-44
1515.0	1.3034788899999998e-44
1515.5	1.2162560656e-44
1516.0	1.2185510543999995e-44
1516.5	1.1969891648999995e-44
1517.0	1.2450542723999994e-44
1517.5	1.2960228649000003e-44
1518.0	1.3689e-44
1518.5	1.4942128643999994e-44
1519.0	1.43472484e-44
1519.5	1.3932261224999995e-44
1520.0	1.1231124529000002e-44
1520.5	1.1571304899999998e-44
1521.0	1.1715464643999998e-44
1521.5	1.1705725249e-44
1522.0	1.24344801e-44
1522.5	1.0882036489e-44
1523.0	1.0193123520999998e-44
1523.5	9.63002680929e-45
1524.0	1.0197364324e-44
1524.5	1.1668536441e-44
1525.0	1.1356738624e-44
1525.5	1.1046640608999999e-44
1526.0	1.1433383328999998e-44
1526.5	1.2219754849000002e-44
1527.0	1.3537787903999998e-44
1527.5	1.3027939600000002e-44
1528.0	1.2949984803999998e-44
1528.5	1.22412096e-44
1529.0	1.3144393201000002e-44
1529.5	1.3575512196e-44
1530.0	1.3068833761e-44
1530.5	1.2414639241000005e-44
1531.0	1.1337138576000001e-44
1531.5	1.2142497249e-44
1532.0	1.2918822920999995e-44
1532.5	1.3918100624999999e-44
1533.0	1.51831684e-44
1533.5	2.7098098225000003e-44
1534.0	2.2564846656000005e-44
1534.5	1.2624544881000003e-44
1535.0	1.3622858089e-44
1535.5	1.4645114288999997e-44
1536.0	1.1787662041e-44
1536.5	1.4310379876e-44
1537.0	2.1736784356e-44
1537.5	2.3102784015999997e-44
1538.0	2.3360982649000004e-44
1538.5	1.3389035521e-44
1539.0	1.2564392281000001e-44
1539.5	1.2939290001e-44
1540.0	1.4067383236000001e-44
1540.5	1.2633759999999994e-44
1541.0	1.1559905289e-44
1541.5	1.1639173225000002e-44
1542.0	1.2427344483999996e-44
1542.5	1.1926168849000002e-44
1543.0	1.2437602576000003e-44
1543.5	1.3847876328999994e-44
1544.0	2.3534321281e-44
1544.5	2.5592000624999997e-44
1545.0	1.3359429889e-44
1545.5	1.2193901476e-44
1546.0	1.3438605625e-44
1546.5	1.5524661603999996e-44
1547.0	2.7711927961e-44
1547.5	1.9050072483999997e-44
1548.0	1.1728456803999998e-44
1548.5	1.2738733955999999e-44
1549.0	1.5613752025e-44
1549.5	2.1185966916000005e-44
1550.0	1.7389433160999996e-44
1550.5	1.5657266640999999e-44
1551.0	2.2651755024999995e-44
1551.5	1.8250118649e-44
1552.0	3.4298299204e-44
1552.5	3.9061964880999996e-44
1553.0	1.9327950625e-44
1553.5	1.3096742481e-44
1554.0	1.3307006736e-44
1554.5	2.2639415296e-44
1555.0	2.4009192600999995e-44
1555.5	1.4573076961e-44
1556.0	1.5341299600000001e-44
1556.5	2.4330072361e-44
1557.0	1.6399875844000002e-44
1557.5	1.1626446276000002e-44
1558.0	1.7415553024e-44
1558.5	3.6147895876e-44
1559.0	3.3893914609e-44
1559.5	2.2155727103999998e-44
1560.0	1.3996073025e-44
1560.5	1.3305391800999995e-44
1561.0	1.3233051225000003e-44
1561.5	1.2985742024999998e-44
1562.0	1.3172841529e-44
1562.5	1.2262461696e-44
1563.0	1.2592655089e-44
1563.5	1.3657895688999996e-44
1564.0	1.3471548489000003e-44
1564.5	1.3784638463999998e-44
1565.0	1.4340781009e-44
1565.5	1.3809070143999997e-44
1566.0	1.2314562840999998e-44
1566.5	1.2868633599999997e-44
1567.0	1.2083065929e-44
1567.5	1.3926360100000002e-44
1568.0	1.9684089999999998e-44
1568.5	2.2973464899999995e-44
1569.0	1.3804605049e-44
1569.5	1.1821125624999999e-44
1570.0	1.2520267236e-44
1570.5	1.2709405695999998e-44
1571.0	1.2534369848999995e-44
1571.5	1.2595123984e-44
1572.0	1.2326772676e-44
1572.5	2.1954052561e-44
1573.0	2.0502516969e-44
1573.5	1.33379401e-44
1574.0	1.2788443395999998e-44
1574.5	1.1859863409e-44
1575.0	1.1701181584e-44
1575.5	1.3449736729000002e-44
1576.0	1.2853437129000006e-44
1576.5	1.2842328976000002e-44
1577.0	1.2556995363999998e-44
1577.5	1.2248955625e-44
1578.0	1.1993754256e-44
1578.5	1.3259061904e-44
1579.0	1.3138432129e-44
1579.5	1.2711886009e-44
1580.0	1.4411042115999994e-44
1580.5	1.3683384575999997e-44
1581.0	1.1831783076e-44
1581.5	1.1238332120999999e-44
1582.0	1.3227300100000003e-44
1582.5	1.3819178024999998e-44
1583.0	1.2183302884e-44
1583.5	1.2222408025e-44
1584.0	1.3338402064e-44
1584.5	1.3742638440999998e-44
1585.0	1.2048355224999996e-44
1585.5	1.1331815401e-44
1586.0	1.3304699715999998e-44
1586.5	1.2507961921000006e-44
1587.0	1.1334583295999998e-44
1587.5	1.2222186915999998e-44
1588.0	1.2387244804e-44
1588.5	1.1254027225000005e-44
1589.0	1.1285875225e-44
1589.5	1.1817429263999996e-44
1590.0	1.1836352025000005e-44
1590.5	1.2665701763999998e-44
1591.0	1.2756573024999998e-44
1591.5	1.2930418943999999e-44
1592.0	1.3180876864e-44
1592.5	1.3360816921000002e-44
1593.0	1.2176460409000004e-44
1593.5	1.2593552840999996e-44
1594.0	1.3873541795999998e-44
1594.5	1.2727224224999998e-44
1595.0	1.3328009809e-44
1595.5	1.4096337984e-44
1596.0	1.2580987225000002e-44
1596.5	1.4799939024999998e-44
1597.0	1.2756347135999998e-44
1597.5	1.2630163456000002e-44
1598.0	1.3435823569000006e-44
1598.5	1.3392044175999994e-44
1599.0	1.2710533080999999e-44
1599.5	1.1751644025000002e-44
1600.0	1.3506158655999997e-44
1600.5	1.5010660324e-44
1601.0	1.5535628163999998e-44
1601.5	1.3836581640999999e-44
1602.0	1.2721132943999998e-44
1602.5	1.2068780163999998e-44
1603.0	1.2136547555999995e-44
1603.5	1.2124652544e-44
1604.0	1.2920414223999998e-44
1604.5	1.4083755625000002e-44
1605.0	1.3313467455999996e-44
1605.5	1.4590224099999998e-44
1606.0	1.3944067225000001e-44
1606.5	1.4454771984000002e-44
1607.0	1.39452481e-44
1607.5	1.27803025e-44
1608.0	1.2900870724e-44
1608.5	1.3021320320999998e-44
1609.0	1.1987184196000002e-44
1609.5	1.3420295716000002e-44
1610.0	1.4456936169e-44
1610.5	1.2247406224000002e-44
1611.0	1.3300086276000002e-44
1611.5	1.3403850624999995e-44
1612.0	1.2888606783999999e-44
1612.5	1.4472811808999996e-44
1613.0	1.3756944099999998e-44
1613.5	1.3591595888999997e-44
1614.0	1.4603030649000002e-44
1614.5	1.3550356835999995e-44
1615.0	1.2498345616000002e-44
1615.5	1.2391474488999998e-44
1616.0	1.3702575364000001e-44
1616.5	1.2071856384e-44
1617.0	1.2483816361e-44
1617.5	1.4135069880999999e-44
1618.0	1.3014702724000002e-44
1618.5	1.2583230625e-44
1619.0	1.4618744463999994e-44
1619.5	1.3828584025e-44
1620.0	1.4060979241e-44
1620.5	1.3295934864000003e-44
1621.0	1.3233051225000003e-44
1621.5	1.2740314129000002e-44
1622.0	1.3694382529000002e-44
1622.5	1.3546166544e-44
1623.0	1.1489910480999999e-44
1623.5	1.2082846084e-44
1624.0	1.3784403649000002e-44
1624.5	1.3466209936e-44
1625.0	1.320201e-44
1625.5	1.2494991961e-44
1626.0	1.2155503503999998e-44
1626.5	1.3901117409e-44
1627.0	1.4486048163999997e-44
1627.5	1.4005539025000002e-44
1628.0	1.4189336161000002e-44
1628.5	1.3644108864000002e-44
1629.0	1.5920130624999992e-44
1629.5	1.46095569e-44
1630.0	1.5147701776e-44
1630.5	1.4152671225e-44
1631.0	1.3414272400000005e-44
1631.5	1.4615359236e-44
1632.0	1.4844741921e-44
1632.5	1.5684306168999995e-44
1633.0	1.4354196481000002e-44
1633.5	1.5284376900000002e-44
1634.0	1.5093105316000002e-44
1634.5	1.4955822436000003e-44
1635.0	1.5885325368999996e-44
1635.5	1.4644146169000002e-44
1636.0	1.2589288803999996e-44
1636.5	1.2070537956e-44
1637.0	1.1926168849000002e-44
1637.5	1.3938635844000002e-44
1638.0	1.3604189768999995e-44
1638.5	1.3578308675999995e-44
1639.0	1.4973437956e-44
1639.5	1.4637128255999994e-44
1640.0	1.4389202025e-44
1640.5	1.3689936015999994e-44
1641.0	1.3665843801e-44
1641.5	1.3543140625e-44
1642.0	1.3169398563999998e-44
1642.5	1.3647613328999998e-44
1643.0	1.35559449e-44
1643.5	1.3592528569000005e-44
1644.0	1.4313968881e-44
1644.5	1.3151273041e-44
1645.0	1.4044383081e-44
1645.5	1.4401200025000006e-44
1646.0	1.3542907876000002e-44
1646.5	1.3845287555999995e-44
1647.0	1.4412242600999998e-44
1647.5	1.40256649e-44
1648.0	1.2942930288999998e-44
1648.5	1.5178486400999993e-44
1649.0	1.6471155599999998e-44
1649.5	1.5024140328999998e-44
1650.0	1.4324499225e-44
1650.5	1.3007858703999998e-44
1651.0	1.4490622129e-44
1651.5	1.4207448025000004e-44
1652.0	1.3980461120999998e-44
1652.5	1.2833717795999996e-44
1653.0	1.2904505604e-44
1653.5	1.2186393663999998e-44
1654.0	1.3511970080999998e-44
1654.5	1.5288086025e-44
1655.0	1.5318765361000002e-44
1655.5	1.3111395024999998e-44
1656.0	1.3677770303999998e-44
1656.5	1.3784403649000002e-44
1657.0	1.3640604849e-44
1657.5	1.2660075288999996e-44
1658.0	1.5242618520999998e-44
1658.5	1.5972157160999996e-44
1659.0	1.3358967561000002e-44
1659.5	1.4232967203999997e-44
1660.0	1.4242035600000003e-44
1660.5	1.3355038096000002e-44
1661.0	1.4221755025000003e-44
1661.5	1.5659018495999995e-44
1662.0	1.3165038120999997e-44
1662.5	1.3327086248999998e-44
1663.0	1.4715388248999995e-44
1663.5	1.3669351055999998e-44
1664.0	1.38250564e-44
1664.5	1.3898995236e-44
1665.0	1.3954696900000003e-44
1665.5	1.5321735960999994e-44
1666.0	1.6472952408999998e-44
1666.5	1.5175529721e-44
1667.0	1.2858199236e-44
1667.5	1.4101325001e-44
1668.0	1.2875894783999999e-44
1668.5	1.3367521923999998e-44
1669.0	1.3355269225000002e-44
1669.5	1.3987319824e-44
1670.0	1.3735371204e-44
1670.5	1.4413203024999996e-44
1671.0	1.5615751369e-44
1671.5	1.5209795583999996e-44
1672.0	1.4426652321e-44
1672.5	1.4405280484000002e-44
1673.0	1.4544359999999998e-44
1673.5	1.4928685488999995e-44
1674.0	1.4790937924e-44
1674.5	1.4771728520999998e-44
1675.0	1.5759036225e-44
1675.5	1.67055625e-44
1676.0	1.5479589889e-44
1676.5	1.7732118244e-44
1677.0	1.5687562499999997e-44
1677.5	1.3905362241e-44
1678.0	1.4147199363999998e-44
1678.5	1.4341499535999995e-44
1679.0	1.4350123264000004e-44
1679.5	1.6714352656e-44
1680.0	1.4807969343999998e-44
1680.5	1.3709131396e-44
1681.0	1.5303916681e-44
1681.5	1.4955333264000002e-44
1682.0	1.5242124680999999e-44
1682.5	1.3303546280999995e-44
1683.0	1.4569455616000003e-44
1683.5	1.5434832168999997e-44
1684.0	1.5090402648999996e-44
1684.5	1.5959774224000002e-44
1685.0	1.4476180488999997e-44
1685.5	1.4579113536e-44
1686.0	1.6507367361000004e-44
1686.5	1.6745395216e-44
1687.0	1.5220897129000002e-44
1687.5	1.5741968088999996e-44
1688.0	1.4188144996e-44
1688.5	1.2959545599999998e-44
1689.0	1.5458694888999997e-44
1689.5	1.6991643903999999e-44
1690.0	1.5536376025000004e-44
1690.5	1.4515189440999999e-44
1691.0	1.3684086441000003e-44
1691.5	1.4057422095999998e-44
1692.0	1.3804605049e-44
1692.5	1.4577906121000005e-44
1693.0	1.2666827209000002e-44
1693.5	1.3708194724000002e-44
1694.0	1.5614001935999995e-44
1694.5	1.49768644e-44
1695.0	1.4394000625e-44
1695.5	1.4572594088999999e-44
1696.0	1.47088384e-44
1696.5	1.4529650520999996e-44
1697.0	1.5441293169e-44
1697.5	1.4854490640999996e-44
1698.0	1.4464872900000002e-44
1698.5	1.3714517881e-44
1699.0	1.3864356009000005e-44
1699.5	1.5050137040999998e-44
1700.0	1.4062402225e-44
1700.5	1.2543552003999999e-44
1701.0	1.4116053720999999e-44
1701.5	1.6334373636000005e-44
1702.0	1.5617250961e-44
1702.5	1.57452304e-44
1703.0	1.6994251043999995e-44
1703.5	1.6453449441e-44
1704.0	1.4948485696000006e-44
1704.5	1.5809541696e-44
1705.0	1.6344088335999996e-44
1705.5	1.6333095600999997e-44
1706.0	1.6542589923999998e-44
1706.5	1.5031005200999998e-44
1707.0	1.3232821155999998e-44
1707.5	1.3695552784e-44
1708.0	1.4099900048999992e-44
1708.5	1.43304841e-44
1709.0	1.4569697025000002e-44
1709.5	1.4858391025e-44
1710.0	1.6513535025e-44
1710.5	1.5407263875999999e-44
1711.0	1.4059793475999998e-44
1711.5	1.5701593635999995e-44
1712.0	1.5679297088999995e-44
1712.5	1.4305834449e-44
1713.0	1.3641772803999996e-44
1713.5	1.4449001615999999e-44
1714.0	1.4343415695999998e-44
1714.5	1.5848040321e-44
1715.0	1.5228794024999995e-44
1715.5	1.5165183609e-44
1716.0	1.5322231088999998e-44
1716.5	1.7723596899999996e-44
1717.0	1.6831689169e-44
1717.5	1.4858391025e-44
1718.0	1.4031587025000003e-44
1718.5	1.5951184804e-44
1719.0	1.5633001023999995e-44
1719.5	1.4425451236e-44
1720.0	1.4933573208999994e-44
1720.5	1.3423076164e-44
1721.0	1.3773839043999992e-44
1721.5	1.4853759375999998e-44
1722.0	1.5385921599999998e-44
1722.5	1.5968618689000002e-44
1723.0	1.5366329521000003e-44
1723.5	1.3812830784e-44
1724.0	1.3605122881e-44
1724.5	1.5861639249e-44
1725.0	1.6141448401e-44
1725.5	1.6454475624999998e-44
1726.0	1.5135150624999999e-44
1726.5	1.5756525625e-44
1727.0	1.4401440036e-44
1727.5	1.5065844049e-44
1728.0	1.37545984e-44
1728.5	1.547536e-44
1729.0	1.6548764164000002e-44
1729.5	1.6779057155999998e-44
1730.0	1.5874236049e-44
1730.5	1.7035209361e-44
1731.0	1.5153117603999995e-44
1731.5	1.3330318848999999e-44
1732.0	1.4936017369000002e-44
1732.5	1.5049646328999997e-44
1733.0	1.3924708009e-44
1733.5	1.5617001024000002e-44
1734.0	1.5686811008999994e-44
1734.5	1.4901817328999999e-44
1735.0	1.6138653444000004e-44
1735.5	1.5656265625e-44
1736.0	1.6270022915999999e-44
1736.5	1.5442287289e-44
1737.0	1.3607922408999995e-44
1737.5	1.3081183129e-44
1738.0	1.5270039184e-44
1738.5	1.5906254399999998e-44
1739.0	1.5330649489000002e-44
1739.5	1.5987073599999996e-44
1740.0	1.5148932560999997e-44
1740.5	1.6488871280999995e-44
1741.0	1.8442183204000003e-44
1741.5	1.6907800900000005e-44
1742.0	1.65405321e-44
1742.5	1.5264602499999994e-44
1743.0	1.5404284996000005e-44
1743.5	1.5939567503999996e-44
1744.0	1.5182182655999996e-44
1744.5	1.4310379876e-44
1745.0	1.3573881048999995e-44
1745.5	1.3361741649e-44
1746.0	1.5800238600999995e-44
1746.5	1.6531273476e-44
1747.0	1.6413965688999996e-44
1747.5	1.5503736195999994e-44
1748.0	1.3748031504e-44
1748.5	1.5929973795999998e-44
1749.0	1.7739576099999996e-44
1749.5	1.7251509025000002e-44
1750.0	1.5675791208999995e-44
1750.5	1.4195531025000005e-44
1751.0	1.6102341025000002e-44
1751.5	1.5986820720999995e-44
1752.0	1.7477368803999998e-44
1752.5	1.6156697881e-44
1753.0	1.5844767376e-44
1753.5	1.6273849761e-44
1754.0	1.6937200448999998e-44
1754.5	1.6349969688999998e-44
1755.0	1.4282162063999998e-44
1755.5	1.5787419904000002e-44
1756.0	1.3687362049000001e-44
1756.5	1.2840742489e-44
1757.0	1.5528399769e-44
1757.5	1.5936537599999998e-44
1758.0	1.5929721369000002e-44
1758.5	1.6830391824e-44
1759.0	1.7850563236000002e-44
1759.5	1.7581699216000003e-44
1760.0	1.6460376803999994e-44
1760.5	1.6519446783999996e-44
1761.0	1.6017939844000003e-44
1761.5	1.6186200625000004e-44
1762.0	1.5519428929e-44
1762.5	1.5572793680999999e-44
1763.0	1.5373272121e-44
1763.5	1.5636001936e-44
1764.0	1.6355084768999998e-44
1764.5	1.8413404415999998e-44
1765.0	1.7738776968999998e-44
1765.5	1.8428062500000006e-44
1766.0	1.6753419225000002e-44
1766.5	1.5369304728999998e-44
1767.0	1.6616499025000006e-44
1767.5	1.7260178884e-44
1768.0	1.6489898569e-44
1768.5	1.5204862863999996e-44
1769.0	1.6211400975999999e-44
1769.5	1.5887846208999994e-44
1770.0	1.5130230024999994e-44
1770.5	1.4717086596e-44
1771.0	1.5250768035999999e-44
1771.5	1.6137129024000002e-44
1772.0	1.6571412899999999e-44
1772.5	1.4726065200999996e-44
1773.0	1.5005025025000003e-44
1773.5	1.7284623841000002e-44
1774.0	1.7619376643999995e-44
1774.5	1.6194598563999992e-44
1775.0	1.5511955208999995e-44
1775.5	1.5372528196000005e-44
1776.0	1.6554939556e-44
1776.5	1.6800307455999997e-44
1777.0	1.7756895025e-44
1777.5	1.7225250025e-44
1778.0	1.5874992016e-44
1778.5	1.6605157320999996e-44
1779.0	1.8346973400999998e-44
1779.5	1.6823387024999995e-44
1780.0	1.6271298481000005e-44
1780.5	1.6054663849000002e-44
1781.0	1.63532944e-44
1781.5	1.6722886488999995e-44
1782.0	1.6034650383999998e-44
1782.5	1.5985303489e-44
1783.0	1.5566804288999996e-44
1783.5	1.4767353440999999e-44
1784.0	1.6816383684e-44
1784.5	1.7063413129000001e-44
1785.0	1.6250895440999997e-44
1785.5	1.6914042915999994e-44
1786.0	1.6854790276000003e-44
1786.5	1.5994155024000003e-44
1787.0	1.7300140900000005e-44
1787.5	1.7846555280999996e-44
1788.0	1.8379767184e-44
1788.5	1.6547220496e-44
1789.0	1.8761054841e-44
1789.5	1.7994076163999996e-44
1790.0	1.7068377316e-44
1790.5	1.7140570083999997e-44
1791.0	1.5450738600999995e-44
1791.5	1.5570547524e-44
1792.0	1.8046160896000005e-44
1792.5	1.8018498289000006e-44
1793.0	1.7427432169e-44
1793.5	1.7544856848999993e-44
1794.0	1.6655967364000004e-44
1794.5	1.7090855823999996e-44
1795.0	1.7709221775999999e-44
1795.5	1.9290154321e-44
1796.0	1.9526708644e-44
1796.5	1.8909275121e-44
1797.0	2.0345313769e-44
1797.5	1.8340201476000003e-44
1798.0	2.1685802121e-44
1798.5	2.0811236120999998e-44
1799.0	1.9881846008999998e-44
1799.5	1.8176162761e-44
1800.0	1.9233529225e-44
1800.5	1.9041792064000006e-44
1801.0	1.8283366656e-44
1801.5	1.6858944963999994e-44
1802.0	1.7379412561e-44
1802.5	1.6951779600999996e-44
1803.0	1.6570383076000005e-44
1803.5	1.7646996963999998e-44
1804.0	1.8413404415999998e-44
1804.5	1.7724928225000003e-44
1805.0	1.7601063560999998e-44
1805.5	1.7317507215999998e-44
1806.0	1.9392512049e-44
1806.5	1.7250195599999998e-44
1807.0	1.5693575076000003e-44
1807.5	1.5696331225e-44
1808.0	1.5897679396e-44
1808.5	1.8989391204e-44
1809.0	2.1577259664000001e-44
1809.5	2.0355584929e-44
1810.0	1.8801071688999998e-44
1810.5	1.8013397796000001e-44
1811.0	1.9171448521000008e-44
1811.5	1.9234638720999999e-44
1812.0	1.9739407009e-44
1812.5	1.7494823823999997e-44
1813.0	1.6562403024999997e-44
1813.5	1.7367286224999996e-44
1814.0	1.7428488289000003e-44
1814.5	1.7089548528999995e-44
1815.0	1.5704851761e-44
1815.5	1.6279718464000002e-44
1816.0	1.8361334016000003e-44
1816.5	1.8843052899999996e-44
1817.0	1.8299596176e-44
1817.5	1.8427791001000002e-44
1818.0	1.9567813225e-44
1818.5	1.6207836099999992e-44
1819.0	1.9466109441e-44
1819.5	2.1313664063999996e-44
1820.0	1.8123352128999998e-44
1820.5	1.6491696399999998e-44
1821.0	1.7411066401e-44
1821.5	1.8437837796000003e-44
1822.0	1.6017180480999994e-44
1822.5	1.6287119640999998e-44
1823.0	1.7300140900000005e-44
1823.5	1.7207142976e-44
1824.0	1.7700173763999998e-44
1824.5	1.7241790863999994e-44
1825.0	1.7298036484000002e-44
1825.5	1.6739960689000003e-44
1826.0	1.7290935024999998e-44
1826.5	1.6382976016e-44
1827.0	1.7194552383999998e-44
1827.5	1.8806282495999999e-44
1828.0	1.7636636808999998e-44
1828.5	1.5753011120999998e-44
1829.0	1.7207930040999999e-44
1829.5	1.7538764356000004e-44
1830.0	1.6821830600999998e-44
1830.5	1.7560755288999995e-44
1831.0	1.8322329599999998e-44
1831.5	1.6562660415999999e-44
1832.0	1.5963564409000003e-44
1832.5	1.9092054275999997e-44
1833.0	1.7189569881e-44
1833.5	1.5471876995999994e-44
1834.0	1.6415503128999998e-44
1834.5	1.7893075225000002e-44
1835.0	1.8000247225000002e-44
1835.5	1.8934860816000002e-44
1836.0	1.8254171663999999e-44
1836.5	1.9022202241e-44
1837.0	2.0280038464e-44
1837.5	2.175625e-44
1838.0	1.9583763363999997e-44
1838.5	1.6440111961000002e-44
1839.0	2.0094763536000003e-44
1839.5	2.0679302809e-44
1840.0	2.18123361e-44
1840.5	3.1370785923999997e-44
1841.0	2.2860230416e-44
1841.5	1.6842588841e-44
1842.0	1.6065055504000005e-44
1842.5	1.6397570809e-44
1843.0	1.8837837001000003e-44
1843.5	2.0099016441e-44
1844.0	2.0213446275999996e-44
1844.5	2.3683363235999996e-44
1845.0	2.4491937001000003e-44
1845.5	2.7440585104e-44
1846.0	2.2304526409000005e-44
1846.5	1.8805459688999998e-44
1847.0	1.7193765624999998e-44
1847.5	1.7537175184e-44
1848.0	1.8586686888999997e-44
1848.5	1.7248094223999996e-44
1849.0	1.8460385161000007e-44
1849.5	2.0050276801000005e-44
1850.0	2.0125961956e-44
1850.5	1.9695596280999996e-44
1851.0	1.9972472975999998e-44
1851.5	1.7464415409000001e-44
1852.0	1.9272658275999996e-44
1852.5	1.9459134015999998e-44
1853.0	1.7455430161000003e-44
1853.5	2.0785853928999997e-44
1854.0	1.8718070596000002e-44
1854.5	1.8084063529e-44
1855.0	1.8729291024999998e-44
1855.5	1.7464944025e-44
1856.0	1.9039032323999998e-44
1856.5	2.9547203448999995e-44
1857.0	2.7677978689e-44
1857.5	2.0330197056000001e-44
1858.0	1.9052833023999998e-44
1858.5	1.8704938755999998e-44
1859.0	1.7501173264e-44
1859.5	1.8990769249000002e-44
1860.0	1.8813688568999994e-44
1860.5	2.0532310680999997e-44
1861.0	2.2631892721e-44
1861.5	2.3121939481e-44
1862.0	2.0225959524000001e-44
1862.5	2.1821789283999998e-44
1863.0	2.4787038721000003e-44
1863.5	2.16295849e-44
1864.0	1.8103433400999997e-44
1864.5	1.7620438564000003e-44
1865.0	1.8017692899999998e-44
1865.5	1.9520001796000004e-44
1866.0	2.4198291364e-44
1866.5	2.2072153489e-44
1867.0	2.1562572964000003e-44
1867.5	2.1426226128999998e-44
1868.0	2.3612932225e-44
1868.5	1.9667818564e-44
1869.0	1.8379496041000006e-44
1869.5	1.8941191128999998e-44
1870.0	2.3668899409e-44
1870.5	2.813536569599999e-44
1871.0	2.6064165136e-44
1871.5	2.0367285796e-44
1872.0	1.82007081e-44
1872.5	1.9043999999999998e-44
1873.0	1.9095646969e-44
1873.5	1.96644529e-44
1874.0	1.6952560804000003e-44
1874.5	2.0442422528999996e-44
1875.0	8.858004537600003e-44
1875.5	1.3719393760899997e-43
1876.0	3.2236766115999996e-44
1876.5	1.9626048648999999e-44
1877.0	1.96756729e-44
1877.5	1.8365128324e-44
1878.0	1.8946146024999998e-44
1878.5	1.9157051281e-44
1879.0	2.10888484e-44
1879.5	2.0393553636e-44
1880.0	1.8175353856000002e-44
1880.5	1.7359116516e-44
1881.0	1.6909621369000001e-44
1881.5	1.7582494801e-44
1882.0	2.5682626564000005e-44
1882.5	2.3694444899999996e-44
1883.0	1.9513854863999995e-44
1883.5	1.6842069728999999e-44
1884.0	1.5970135129000002e-44
1884.5	1.8031386961e-44
1885.0	1.8596504161e-44
1885.5	1.9777359423999998e-44
1886.0	1.9029374808999997e-44
1886.5	1.7921712383999999e-44
1887.0	2.0045179561000002e-44
1887.5	2.4893266175999994e-44
1888.0	1.9177818255999998e-44
1888.5	1.7889865008999998e-44
1889.0	1.8699468516000003e-44
1889.5	1.7566586521e-44
1890.0	1.8238772601000002e-44
1890.5	1.9176156484000008e-44
1891.0	1.8846896656000005e-44
1891.5	1.7966185443999998e-44
1892.0	1.7712149569e-44
1892.5	1.7676500208999992e-44
1893.0	1.9886922441e-44
1893.5	1.9602800099999998e-44
1894.0	1.7013028355999997e-44
1894.5	1.6628618303999998e-44
1895.0	1.5655514884000002e-44
1895.5	1.7307507364e-44
1896.0	1.7385477316000003e-44
1896.5	1.7078046488999995e-44
1897.0	1.7913145599999994e-44
1897.5	2.0245305796000002e-44
1898.0	1.9097858024999998e-44
1898.5	2.2162872384e-44
1899.0	2.3033525824000003e-44
1899.5	1.9829709124e-44
1900.0	1.8009371601000002e-44
1900.5	1.7673575364e-44
1901.0	1.9031030209e-44
1901.5	1.8813414243999996e-44
1902.0	1.8371633763999995e-44
1902.5	1.9171171600000002e-44
1903.0	1.97177764e-44
1903.5	1.9734068484e-44
1904.0	2.1723222544e-44
1904.5	2.1750055440999999e-44
1905.0	1.9226040963999997e-44
1905.5	1.7731052963999995e-44
1906.0	1.8681422399999997e-44
1906.5	1.9065810240999997e-44
1907.0	2.0236769535999999e-44
1907.5	1.9024409040999997e-44
1908.0	2.0030174783999996e-44
1908.5	1.7853769923999997e-44
1909.0	1.8512867844000001e-44
1909.5	1.8592686025000007e-44
1910.0	1.9497374689e-44
1910.5	1.8773932323999997e-44
1911.0	1.9196379601e-44
1911.5	2.1490680409000002e-44
1912.0	1.8291751009e-44
1912.5	1.6637904144e-44
1913.0	1.6564977024999996e-44
1913.5	1.9291821025e-44
1914.0	1.8829602841e-44
1914.5	1.9025512489000004e-44
1915.0	2.0265230735999999e-44
1915.5	1.9163695488999999e-44
1916.0	1.8653823240999995e-44
1916.5	2.0032156225e-44
1917.0	1.8724364569e-44
1917.5	1.8246336241e-44
1918.0	1.9211623236000004e-44
1918.5	1.9210514404e-44
1919.0	1.7854571640999998e-44
1919.5	1.8236611848999997e-44
1920.0	1.84525056e-44
1920.5	1.7168074729e-44
1921.0	1.8858704929e-44
1921.5	1.9435984568999999e-44
1922.0	1.9472807024999996e-44
1922.5	1.9326004324e-44
1923.0	1.6915603599999998e-44
1923.5	1.79265321e-44
1924.0	2.0596842256e-44
1924.5	2.1682857001000006e-44
1925.0	2.0483906883999998e-44
1925.5	1.9433754024999997e-44
1926.0	1.9894256208999999e-44
1926.5	1.91988736e-44
1927.0	1.7437202500000005e-44
1927.5	1.7820648036000002e-44
1928.0	1.9411455624999998e-44
1928.5	1.8630339048999995e-44
1929.0	1.9141829316e-44
1929.5	1.9740531000999998e-44
1930.0	1.9292098816000004e-44
1930.5	1.9636136640999998e-44
1931.0	1.9939134436e-44
1931.5	1.9951562499999998e-44
1932.0	1.9191669155999998e-44
1932.5	1.9537050625000005e-44
1933.0	2.0869269444000002e-44
1933.5	2.1732656399999997e-44
1934.0	2.1963536400999996e-44
1934.5	2.1610764036e-44
1935.0	2.0952852001e-44
1935.5	1.7818512195999999e-44
1936.0	1.8737229456e-44
1936.5	2.01980944e-44
1937.0	2.1495371769e-44
1937.5	2.1794026384e-44
1938.0	2.0234209009e-44
1938.5	2.1987848089e-44
1939.0	2.0809793536000001e-44
1939.5	1.8283096225e-44
1940.0	1.8050997316e-44
1940.5	1.8611780625000008e-44
1941.0	2.0211171556e-44
1941.5	2.1411590929000002e-44
1942.0	1.8638256484e-44
1942.5	1.7664536463999995e-44
1943.0	1.865956e-44
1943.5	1.9100622025000003e-44
1944.0	2.1539671696e-44
1944.5	2.0877938064e-44
1945.0	2.0216574224999997e-44
1945.5	2.1456390399999999e-44
1946.0	2.11004676e-44
1946.5	2.2440639204e-44
1947.0	1.9236303024999998e-44
1947.5	1.8228240143999998e-44
1948.0	1.8075995809e-44
1948.5	1.9370515684e-44
1949.0	2.0236769535999999e-44
1949.5	1.9748961961e-44
1950.0	2.0256120976e-44
1950.5	1.9077686883999999e-44
1951.0	1.86704896e-44
1951.5	1.9005655321000002e-44
1952.0	1.8712598435999997e-44
1952.5	1.9605320361e-44
1953.0	2.05664281e-44
1953.5	2.0947641288999999e-44
1954.0	2.0978915281e-44
1954.5	2.2220970488999998e-44
1955.0	2.1461078015999998e-44
1955.5	1.9974451560999998e-44
1956.0	2.00675556e-44
1956.5	1.9692508899999998e-44
1957.0	1.75960225e-44
1957.5	1.9302100624e-44
1958.0	2.2390633225000002e-44
1958.5	2.2653561121e-44
1959.0	2.1048496560999998e-44
1959.5	2.0325919761e-44
1960.0	1.9144596495999996e-44
1960.5	1.7988979128999999e-44
1961.0	1.8826309681000008e-44
1961.5	2.1395790528999998e-44
1962.0	2.0962406655999997e-44
1962.5	1.8523482200999997e-44
1963.0	1.7683946361e-44
1963.5	2.2468511024999997e-44
1964.0	2.0351304964e-44
1964.5	1.8835092080999998e-44
1965.0	1.81899169e-44
1965.5	1.8347786116e-44
1966.0	2.0036402499999998e-44
1966.5	2.1439402084e-44
1967.0	1.8456581024999999e-44
1967.5	2.0406693904000003e-44
1968.0	2.3856347025e-44
1968.5	2.2559439203999995e-44
1969.0	1.8709862656e-44
1969.5	1.8580416099999998e-44
1970.0	2.0248151616e-44
1970.5	2.1183347024999995e-44
1971.0	2.4174030399999995e-44
1971.5	2.07821056e-44
1972.0	1.7983882815999993e-44
1972.5	1.8371362680999995e-44
1973.0	2.2263624100000003e-44
1973.5	2.2765981456e-44
1974.0	2.1965314849e-44
1974.5	2.0346740163999998e-44
1975.0	2.2012766689e-44
1975.5	2.2715011224999996e-44
1976.0	2.2550127888999997e-44
1976.5	2.1768936849e-44
1977.0	2.311859430399999e-44
1977.5	2.3085763600000003e-44
1978.0	2.2388239129e-44
1978.5	2.0214299329000003e-44
1979.0	2.1007313720999995e-44
1979.5	2.20017889e-44
1980.0	2.0865224703999997e-44
1980.5	2.0401265888999996e-44
1981.0	2.2323348099999998e-44
1981.5	2.1582254281000002e-44
1982.0	2.2889269264000004e-44
1982.5	2.2907125201000004e-44
1983.0	2.4319778704e-44
1983.5	2.2590089999999996e-44
1984.0	2.2337095936e-44
1984.5	2.0425840561e-44
1985.0	2.1664896100000006e-44
1985.5	2.2347559080999996e-44
1986.0	2.4542982243999997e-44
1986.5	2.1295856761000003e-44
1987.0	2.0507099208999998e-44
1987.5	2.2893203024999997e-44
1988.0	2.3063585689e-44
1988.5	2.428392388899999e-44
1989.0	2.5047493696000003e-44
1989.5	2.5480140625e-44
1990.0	2.3170319524e-44
1990.5	2.3877666575999997e-44
1991.0	2.2737925681e-44
1991.5	2.2844508736e-44
1992.0	2.2483203135999997e-44
1992.5	1.9976712921e-44
1993.0	1.9299599928999998e-44
1993.5	2.1631349775999998e-44
1994.0	2.22159025e-44
1994.5	2.3754207376e-44
1995.0	2.5083590884e-44
1995.5	2.3039293368999996e-44
1996.0	2.1459906064e-44
1996.5	2.2265116225e-44
1997.0	2.3929924249e-44
1997.5	2.3892503184000004e-44
1998.0	2.2794054529e-44
1998.5	2.1434716835999998e-44
1999.0	2.378966912099999e-44
1999.5	2.6082573001e-44
2000.0	2.8234753024e-44
2000.5	2.6936687375999995e-44
2001.0	2.5666603264000005e-44
2001.5	2.4192691599999996e-44
2002.0	2.5205055121000003e-44
2002.5	2.6589215843999997e-44
2003.0	2.9058316224999994e-44
2003.5	3.1278752164000003e-44
2004.0	2.9462692609000003e-44
2004.5	2.9520050595999995e-44
2005.0	3.3496320399999996e-44
2005.5	3.0517644249e-44
2006.0	3.2742178704000004e-44
2006.5	3.1365118404e-44
2007.0	3.2962944249e-44
2007.5	3.1329708004e-44
2008.0	3.4074944836e-44
2008.5	3.3582761535999997e-44
2009.0	3.0175511521000004e-44
2009.5	2.6547488355999997e-44
2010.0	2.7390581000999997e-44
2010.5	2.8158182416000004e-44
2011.0	3.0511355625000004e-44
2011.5	2.650123526400001e-44
2012.0	2.3928377344e-44
2012.5	2.2090579640999998e-44
2013.0	2.4570876001000002e-44
2013.5	2.8955106243999996e-44
2014.0	2.7897350624999997e-44
2014.5	2.810652250000001e-44
2015.0	2.3856347025e-44
2015.5	2.3056904024999997e-44
2016.0	2.4222253225e-44
2016.5	2.5340819343999997e-44
2017.0	2.5465457241e-44
2017.5	2.2510501225e-44
2018.0	2.2772319025e-44
2018.5	2.5071238921e-44
2019.0	2.3201382399999996e-44
2019.5	2.4119332416e-44
2020.0	2.2393626025000003e-44
2020.5	2.4026550025e-44
2021.0	2.4550189224999997e-44
2021.5	2.5440888004e-44
2022.0	2.3249845440999997e-44
2022.5	2.2630990096000003e-44
2023.0	1.9589921296e-44
2023.5	2.1207514383999997e-44
2024.0	2.2947099288999996e-44
2024.5	2.4526378880999996e-44
2025.0	2.2910455043999996e-44
2025.5	2.2209046728999997e-44
2026.0	2.2184017249e-44
2026.5	2.1988144656e-44
2027.0	2.2342476675999996e-44
2027.5	2.0355299584000004e-44
2028.0	2.0573599224999999e-44
2028.5	2.1775134096e-44
2029.0	2.2100687568999999e-44
2029.5	2.2980740836e-44
2030.0	2.3440528609e-44
2030.5	2.3500276804e-44
2031.0	2.1516195855999998e-44
2031.5	2.5153642801e-44
2032.0	2.4061283689e-44
2032.5	2.3188893841e-44
2033.0	2.2627981476e-44
2033.5	2.1194409888999998e-44
2034.0	2.34151204e-44
2034.5	2.5318537924000003e-44
2035.0	2.2739132024999994e-44
2035.5	2.3237648721e-44
2036.0	2.4383447103999997e-44
2036.5	2.2128050025e-44
2037.0	2.1477488704000005e-44
2037.5	2.2784694916e-44
2038.0	2.42487184e-44
2038.5	2.4199224721e-44
2039.0	2.4076797888999996e-44
2039.5	2.4082073856e-44
2040.0	2.2015437376e-44
2040.5	2.1861396736e-44
2041.0	2.21861025e-44
2041.5	2.1390525025e-44
2042.0	2.3488627599999997e-44
2042.5	2.1742682116e-44
2043.0	2.0181895969e-44
2043.5	2.1537030025e-44
2044.0	2.2875957503999997e-44
2044.5	2.3178540025000003e-44
2045.0	2.3934565264e-44
2045.5	2.4363463744e-44
2046.0	2.2583176729000004e-44
2046.5	2.0402408569e-44
2047.0	2.0305680004e-44
2047.5	2.0308530063999998e-44
2048.0	2.3502116415999996e-44
2048.5	2.3848933761e-44
2049.0	2.3637525025000005e-44
2049.5	2.7214111088999995e-44
2050.0	2.6463480976e-44
2050.5	2.3346617616e-44
2051.0	2.2179251328999996e-44
2051.5	2.3784116841e-44
2052.0	2.2523105929e-44
2052.5	2.214144e-44
2053.0	2.0172804961e-44
2053.5	1.9243793283999998e-44
2054.0	2.0397838041e-44
2054.5	2.3058726201e-44
2055.0	2.3307823561000004e-44
2055.5	2.2734005283999996e-44
2056.0	2.3724008676e-44
2056.5	2.2451725921e-44
2057.0	2.1375317208999998e-44
2057.5	2.3013800209e-44
2058.0	2.2910152321000003e-44
2058.5	2.2843299599999996e-44
2059.0	2.5765065224999997e-44
2059.5	2.4087039999999997e-44
2060.0	2.5318856161e-44
2060.5	2.3102784015999997e-44
2061.0	2.2159001880999998e-44
2061.5	2.3095488784e-44
2062.0	2.2225740889000005e-44
2062.5	2.1415688280999997e-44
2063.0	2.4487242256e-44
2063.5	2.3478819984e-44
2064.0	2.27527056e-44
2064.5	2.2637609763999996e-44
2065.0	2.3442059664000003e-44
2065.5	2.5226015929000003e-44
2066.0	2.4137972496e-44
2066.5	2.3417262728999997e-44
2067.0	2.1586367929e-44
2067.5	2.2334704703999996e-44
2068.0	2.2648745025e-44
2068.5	2.3639370001e-44
2069.0	2.3745269025000004e-44
2069.5	2.0929698240999994e-44
2070.0	2.0429556623999998e-44
2070.5	2.02720644e-44
2071.0	2.3416650625e-44
2071.5	2.4288910801e-44
2072.0	2.3062674495999996e-44
2072.5	2.3827935769e-44
2073.0	2.3478819984e-44
2073.5	2.5011106200999997e-44
2074.0	2.6162739001e-44
2074.5	2.3643367695999997e-44
2075.0	2.2286011224999997e-44
2075.5	2.1607236036000004e-44
2076.0	2.1906072048999998e-44
2076.5	2.4458770449e-44
2077.0	2.4598785599999997e-44
2077.5	2.3054778243999996e-44
2078.0	2.1963832803999998e-44
2078.5	2.5380313344000004e-44
2079.0	2.2898347684e-44
2079.5	2.3949729049e-44
2080.0	2.2567851075999997e-44
2080.5	2.2794356484e-44
2081.0	2.1949904024999998e-44
2081.5	2.2235879689e-44
2082.0	2.4110015076000003e-44
2082.5	2.2788921600000003e-44
2083.0	2.3698755135999997e-44
2083.5	2.3754207376e-44
2084.0	2.5390191649e-44
2084.5	2.5783367183999997e-44
2085.0	2.75526801e-44
2085.5	2.6232661224999997e-44
2086.0	2.5222839488999994e-44
2086.5	2.6841251888999997e-44
2087.0	2.6365640625e-44
2087.5	2.8907140441000004e-44
2088.0	3.1472179216000004e-44
2088.5	3.2207327296000004e-44
2089.0	3.6145614399999997e-44
2089.5	3.2015587041e-44
2090.0	3.6089740728999996e-44
2090.5	3.4993688356e-44
2091.0	3.5217026244e-44
2091.5	3.5928444304e-44
2092.0	3.4740113769e-44
2092.5	3.2578806016000003e-44
2093.0	3.4566618241e-44
2093.5	3.059420774400001e-44
2094.0	2.9006858596e-44
2094.5	2.9127907561000003e-44
2095.0	2.5218075204000004e-44
2095.5	2.7636735049e-44
2096.0	3.2427365776e-44
2096.5	3.1613906808999993e-44
2097.0	3.1072875624999996e-44
2097.5	3.1166371600000004e-44
2098.0	3.0412569664000004e-44
2098.5	3.0063051769e-44
2099.0	3.0395830336e-44
2099.5	3.2473842025e-44
2100.0	2.6823233283999997e-44
2100.5	2.6570956036e-44
2101.0	2.5225698276000006e-44
2101.5	2.4066868225000005e-44
2102.0	2.4258997009e-44
2102.5	2.6039631424000004e-44
2103.0	2.7615792399999995e-44
2103.5	2.4074935921e-44
2104.0	2.4480670369e-44
2104.5	2.5292767369e-44
2105.0	2.4262423696e-44
2105.5	2.4533583424e-44
2106.0	2.5543071684e-44
2106.5	2.3076040463999993e-44
2107.0	2.3927139856000004e-44
2107.5	2.46113344e-44
2108.0	2.6028659555999996e-44
2108.5	2.6455998409e-44
2109.0	2.3089410304e-44
2109.5	2.3337450756e-44
2110.0	2.5055724100000004e-44
2110.5	2.6804238399999996e-44
2111.0	2.5745486116000003e-44
2111.5	2.6679302244000003e-44
2112.0	2.6729961049e-44
2112.5	2.5645780449e-44
2113.0	2.5157766543999995e-44
2113.5	2.6867799395999995e-44
2114.0	2.3096096675999996e-44
2114.5	2.4678210649e-44
2115.0	2.6521751025e-44
2115.5	2.5254295056e-44
2116.0	2.4708067343999995e-44
2116.5	2.3347534401e-44
2117.0	2.5276230224999996e-44
2117.5	2.6899608120999995e-44
2118.0	2.3241002500000005e-44
2118.5	2.1056621880999997e-44
2119.0	2.3967993856e-44
2119.5	2.5053191524e-44
2120.0	2.49166225e-44
2120.5	2.2399612225e-44
2121.0	2.3967374596e-44
2121.5	2.3611702921000003e-44
2122.0	2.6608786884e-44
2122.5	2.4047635328999997e-44
2123.0	2.4183982144e-44
2123.5	2.4835238464000004e-44
2124.0	2.5423983601e-44
2124.5	2.4889164168999997e-44
2125.0	2.1361868649e-44
2125.5	2.1063007161000003e-44
2126.0	2.1021810121e-44
2126.5	2.3450634495999997e-44
2127.0	2.30280625e-44
2127.5	2.2347559080999996e-44
2128.0	2.0985578496e-44
2128.5	2.4130204921e-44
2129.0	2.4049186083999997e-44
2129.5	2.2179847041e-44
2130.0	2.3718772080999994e-44
2130.5	2.1938349455999998e-44
2131.0	2.2469110609e-44
2131.5	2.5612161444e-44
2132.0	2.5895890084e-44
2132.5	2.7193988836e-44
2133.0	2.7430646883999996e-44
2133.5	2.2811571225e-44
2134.0	2.3725240899999996e-44
2134.5	2.1205184399999996e-44
2135.0	2.1558461583999997e-44
2135.5	2.6352002889e-44
2136.0	2.6448842161e-44
2136.5	2.4475976704e-44
2137.0	2.4600040336e-44
2137.5	2.4910624560999997e-44
2138.0	2.4465965055999997e-44
2138.5	2.5159035456e-44
2139.0	2.3816822929e-44
2139.5	2.53000836e-44
2140.0	2.3411448063999997e-44
2140.5	2.3677823376e-44
2141.0	2.4809085081e-44
2141.5	2.4808770064e-44
2142.0	2.58502084e-44
2142.5	2.6380581241e-44
2143.0	2.46741264e-44
2143.5	2.4645232144e-44
2144.0	2.2588887615999997e-44
2144.5	2.2407395480999997e-44
2145.0	2.4263046756e-44
2145.5	2.5395609599999996e-44
2146.0	2.3953443361000003e-44
2146.5	2.3477900625000004e-44
2147.0	2.7668995599999996e-44
2147.5	2.673225e-44
2148.0	2.1935091025e-44
2148.5	2.2009206025e-44
2149.0	2.2233493881000005e-44
2149.5	2.4618551409e-44
2150.0	2.9064112324e-44
2150.5	2.9077411440999995e-44
2151.0	2.4128030224e-44
2151.5	2.4122438596000005e-44
2152.0	2.510893776399999e-44
2152.5	2.9047407488999995e-44
2153.0	2.9493597169e-44
2153.5	3.2356094883999995e-44
2154.0	2.4489433080999996e-44
2154.5	2.5505687024999998e-44
2155.0	2.3638755000999996e-44
2155.5	2.3949729049e-44
2156.0	2.2538416384e-44
2156.5	2.2900768899999997e-44
2157.0	2.4070591609e-44
2157.5	2.5405809664e-44
2158.0	2.3216007424e-44
2158.5	2.5874331025000005e-44
2159.0	2.6902888441e-44
2159.5	2.5478863640999997e-44
2160.0	2.5855675209e-44
2160.5	3.0430709136000003e-44
2161.0	3.0442223529e-44
2161.5	2.7208502499999995e-44
2162.0	2.9634589608999995e-44
2162.5	3.2783447844000003e-44
2163.0	2.7421372835999994e-44
2163.5	2.7567289155999996e-44
2164.0	2.7427003320999993e-44
2164.5	2.5302628624e-44
2165.0	2.8678745104e-44
2165.5	2.7354182880999997e-44
2166.0	2.6616617316e-44
2166.5	2.7280798561e-44
2167.0	2.6027691560999996e-44
2167.5	2.9565770808999997e-44
2168.0	2.9064453288999997e-44
2168.5	2.6449167424e-44
2169.0	2.7284762761000003e-44
2169.5	2.8315129441000005e-44
2170.0	2.5715650321000005e-44
2170.5	2.6098725600999997e-44
2171.0	2.6834371343999997e-44
2171.5	2.6502863209e-44
2172.0	2.4771926880999994e-44
2172.5	2.49924481e-44
2173.0	2.9247498361000003e-44
2173.5	3.0576019599999994e-44
2174.0	2.8528223408999997e-44
2174.5	2.5695769401e-44
2175.0	2.6704135395999997e-44
2175.5	2.6652195025000003e-44
2176.0	3.0291662025e-44
2176.5	2.96252944e-44
2177.0	2.7335992895999993e-44
2177.5	2.8967699601000004e-44
2178.0	2.8767212880999997e-44
2178.5	2.8865670201000003e-44
2179.0	2.7297978841e-44
2179.5	2.7974569535999994e-44
2180.0	2.88490225e-44
2180.5	2.5673011984e-44
2181.0	2.7237871520999997e-44
2181.5	2.9067522063999995e-44
2182.0	3.2323365369e-44
2182.5	2.9187330649e-44
2183.0	2.9565426916e-44
2183.5	2.8394609049e-44
2184.0	2.4506337025e-44
2184.5	2.5334770560999996e-44
2185.0	2.9352255625e-44
2185.5	2.80026756e-44
2186.0	2.6310786436000004e-44
2186.5	2.4843749161e-44
2187.0	2.8216944441e-44
2187.5	3.0115437443999997e-44
2188.0	2.8677390335999998e-44
2188.5	2.7308223504e-44
2189.0	2.81199361e-44
2189.5	3.0108496323999996e-44
2190.0	2.8715335936e-44
2190.5	2.439875240100001e-44
2191.0	2.7531769329000004e-44
2191.5	2.80797049e-44
2192.0	2.5823847204e-44
2192.5	2.6236548528999997e-44
2193.0	2.7293352849e-44
2193.5	2.6380906084e-44
2194.0	2.5027872804e-44
2194.5	2.9861568025e-44
2195.0	3.1102496880999997e-44
2195.5	3.0457230400000005e-44
2196.0	2.4169988088999996e-44
2196.5	2.5658913856000003e-44
2197.0	2.7054328324e-44
2197.5	2.6436808836000004e-44
2198.0	2.2550127888999997e-44
2198.5	2.4169988088999996e-44
2199.0	2.6647950564000004e-44
2199.5	2.8723131441e-44
2200.0	3.0164047683999997e-44
2200.5	3.3657938520999995e-44
2201.0	2.9954609475999994e-44
2201.5	2.734624468900001e-44
2202.0	2.6811115081e-44
2202.5	2.6973792168999995e-44
2203.0	2.4490998016e-44
2203.5	2.8195447225000003e-44
2204.0	3.0012097599999995e-44
2204.5	2.80964644e-44
2205.0	2.5241265625e-44
2205.5	2.9149074361e-44
2206.0	2.8583312356e-44
2206.5	2.7307232001e-44
2207.0	2.5057940208999996e-44
2207.5	2.5313764609e-44
2208.0	2.7874305936e-44
2208.5	2.8517414641000003e-44
2209.0	2.6161121536e-44
2209.5	2.8586017475999997e-44
2210.0	2.6409825121000003e-44
2210.5	2.8317821841e-44
2211.0	2.7150471076e-44
2211.5	2.8456990864e-44
2212.0	2.6312408521000003e-44
2212.5	2.5149519396e-44
2213.0	2.5609600899999997e-44
2213.5	2.5582722915999997e-44
2214.0	2.5977058275999994e-44
2214.5	2.8398990399999995e-44
2215.0	3.15986176e-44
2215.5	2.6163386001000005e-44
2216.0	2.6517191281e-44
2216.5	2.8413822096000003e-44
2217.0	2.908627920900001e-44
2217.5	2.6998433343999996e-44
2218.0	2.5667564521e-44
2218.5	2.6518819715999995e-44
2219.0	2.5787542225e-44
2219.5	2.8710252481000003e-44
2220.0	2.8137043080999996e-44
2220.5	2.4384696336e-44
2221.0	2.8101828495999994e-44
2221.5	2.9263576355999997e-44
2222.0	2.7788223204e-44
2222.5	2.5758966016e-44
2223.0	2.6280300544e-44
2223.5	2.8660797025000003e-44
2224.0	2.8424948408999997e-44
2224.5	2.7807230024999997e-44
2225.0	2.8654364175999994e-44
2225.5	2.8936051236000004e-44
2226.0	2.5790111649e-44
2226.5	2.4059732543999997e-44
2227.0	2.8924145041e-44
2227.5	3.4690180008999996e-44
2228.0	3.1136719936000004e-44
2228.5	2.7900023088999997e-44
2229.0	2.6667869809e-44
2229.5	2.8781801104000005e-44
2230.0	3.1613551204000005e-44
2230.5	3.2543077608999997e-44
2231.0	3.1536432225e-44
2231.5	3.204243201600001e-44
2232.0	3.1614973636000003e-44
2232.5	2.8804878400000004e-44
2233.0	2.6845839409000003e-44
2233.5	2.7482345283999997e-44
2234.0	2.8398653360999997e-44
2234.5	2.9839107599999997e-44
2235.0	3.0764458404000004e-44
2235.5	3.1019663376000003e-44
2236.0	2.9313891369000003e-44
2236.5	2.6609439376e-44
2237.0	2.7283771684000004e-44
2237.5	3.0640752025e-44
2238.0	3.1062300024999997e-44
2238.5	2.9554423396e-44
2239.0	2.9934882288999994e-44
2239.5	3.0759898225e-44
2240.0	3.49465636e-44
2240.5	3.4174698495999995e-44
2241.0	3.0759196688999997e-44
2241.5	2.9246130225000003e-44
2242.0	2.9166491524e-44
2242.5	2.8285521488999996e-44
2243.0	3.0421987560999996e-44
2243.5	2.7525132648999997e-44
2244.0	2.8565394169000005e-44
2244.5	3.0027344656000003e-44
2245.0	2.7676647768999996e-44
2245.5	2.54147364e-44
2246.0	2.6591824899999995e-44
2246.5	2.9161026756e-44
2247.0	3.3003625561e-44
2247.5	3.2207327296000004e-44
2248.0	3.0889820024999996e-44
2248.5	3.0157448280999997e-44
2249.0	2.9207151801e-44
2249.5	3.0595607056e-44
2250.0	2.8425285604e-44
2250.5	3.2388840961e-44
2251.0	3.2003778816e-44
2251.5	3.1438836099999997e-44
2252.0	2.7832248899999994e-44
2252.5	2.7118514329e-44
2253.0	2.6755472041e-44
2253.5	2.80596001e-44
2254.0	3.0056463424e-44
2254.5	2.8523156544e-44
2255.0	2.7960187368999996e-44
2255.5	2.69649241e-44
2256.0	2.8279130896e-44
2256.5	3.1596840025e-44
2257.0	3.0961569681e-44
2257.5	2.8079369761e-44
2258.0	2.9315603524000003e-44
2258.5	3.0843438129e-44
2259.0	2.7070120900000004e-44
2259.5	2.9330672644e-44
2260.0	2.9394416704e-44
2260.5	2.9436264900000004e-44
2261.0	3.0744115600000004e-44
2261.5	3.0738154329000003e-44
2262.0	2.5998337600000003e-44
2262.5	2.5601920036000004e-44
2263.0	2.8985403001e-44
2263.5	2.6381555775999997e-44
2264.0	2.5249527800999995e-44
2264.5	2.8576888209000003e-44
2265.0	3.1687204081000003e-44
2265.5	3.3208137361e-44
2266.0	3.3749731521e-44
2266.5	3.5145375841e-44
2267.0	2.9309097600999993e-44
2267.5	2.3854493601e-44
2268.0	2.5043695504e-44
2268.5	2.6782304409e-44
2269.0	3.1869747441e-44
2269.5	3.1685780024999995e-44
2270.0	2.8866010000000005e-44
2270.5	2.76191161e-44
2271.0	3.2339188561000004e-44
2271.5	3.050157460899999e-44
2272.0	2.8940474160999996e-44
2272.5	2.7584891569e-44
2273.0	2.5950954649e-44
2273.5	2.9558549476e-44
2274.0	3.2787069184e-44
2274.5	2.7583895056e-44
2275.0	2.86591041e-44
2275.5	2.9163417529e-44
2276.0	3.0520089999999996e-44
2276.5	2.8861592769e-44
2277.0	2.8720758783999995e-44
2277.5	3.0061317924e-44
2278.0	3.0096351289e-44
2278.5	3.1595418000999997e-44
2279.0	3.2875854488999996e-44
2279.5	3.1920824896e-44
2280.0	3.0250949184e-44
2280.5	3.1463309641e-44
2281.0	2.9543421924e-44
2281.5	2.7846264383999995e-44
2282.0	2.9848781824e-44
2282.5	3.2195842623999997e-44
2283.0	2.9088666916000004e-44
2283.5	3.0109537441e-44
2284.0	3.0466306116000004e-44
2284.5	3.3383309521e-44
2285.0	3.0312202816000004e-44
2285.5	3.0500177449000003e-44
2286.0	3.2016302761e-44
2286.5	2.8616458895999995e-44
2287.0	2.8162545488999997e-44
2287.5	3.0675420735999997e-44
2288.0	2.8454629225e-44
2288.5	2.9115279423999997e-44
2289.0	3.0325436163999995e-44
2289.5	3.3312090256000006e-44
2290.0	2.582481140100001e-44
2290.5	2.4659991225e-44
2291.0	2.4875598400000003e-44
2291.5	2.6825526225e-44
2292.0	2.6741733841e-44
2292.5	2.6201896899999997e-44
2293.0	3.1969439999999996e-44
2293.5	3.0311854609000005e-44
2294.0	2.7124772416e-44
2294.5	2.9776608481000003e-44
2295.0	2.5894280888999995e-44
2295.5	2.6796380415999997e-44
2296.0	2.5975768900000006e-44
2296.5	2.6010270729e-44
2297.0	2.6833716100000003e-44
2297.5	3.0503670408999996e-44
2298.0	3.1497020676e-44
2298.5	2.6314355089e-44
2299.0	2.6106803776e-44
2299.5	2.7278155920999995e-44
2300.0	2.8050890255999996e-44
2300.5	2.9862950480999997e-44
2301.0	2.6471940804e-44
2301.5	2.8117923856e-44
2302.0	3.1472534025000003e-44
2302.5	2.95221124e-44
2303.0	3.0098433120999997e-44
2303.5	3.0354350624999996e-44
2304.0	3.0115437443999997e-44
2304.5	3.1500925224999994e-44
2305.0	3.1941195840999996e-44
2305.5	3.4102639561000003e-44
2306.0	3.2732770084000004e-44
2306.5	2.8813365024999997e-44
2307.0	2.6788523583999997e-44
2307.5	2.9441755395999996e-44
2308.0	2.8966338025e-44
2308.5	2.7596186640999996e-44
2309.0	2.8791641761000003e-44
2309.5	2.7668662920999997e-44
2310.0	2.9111866884e-44
2310.5	2.9545484544e-44
2311.0	2.9091054721e-44
2311.5	3.0976352000999995e-44
2312.0	3.0393738243999997e-44
2312.5	2.8270050769e-44
2313.0	3.1150485025e-44
2313.5	3.2412601224999997e-44
2314.0	3.0682426895999994e-44
2314.5	2.8562352016e-44
2315.0	2.9597073444e-44
2315.5	3.0173079616e-44
2316.0	2.9200999689000003e-44
2316.5	2.9106407236000003e-44
2317.0	2.9718312099999996e-44
2317.5	2.80261081e-44
2318.0	2.8502555929000003e-44
2318.5	3.0981984289e-44
2319.0	2.9978152163999994e-44
2319.5	2.9342662209e-44
2320.0	3.1098264408999995e-44
2320.5	2.6336096656e-44
2321.0	2.7249425476e-44
2321.5	2.7891004035999997e-44
2322.0	2.7162336100000004e-44
2322.5	2.7960521796000006e-44
2323.0	2.9876085408999995e-44
2323.5	2.5302628624e-44
2324.0	2.9375217664e-44
2324.5	3.0897553728999997e-44
2325.0	2.81299984e-44
2325.5	2.9316630841000004e-44
2326.0	3.1811932880999996e-44
2326.5	3.0395481649e-44
2327.0	3.0793230399999997e-44
2327.5	2.7557660025000004e-44
2328.0	2.7349552129000003e-44
2328.5	2.7804895504000005e-44
2329.0	2.7563968575999994e-44
2329.5	2.6670156100000003e-44
2330.0	2.694686402500001e-44
2330.5	2.7961190656000004e-44
2331.0	2.6855015624999997e-44
2331.5	2.7789223401e-44
2332.0	2.6896984009000003e-44
2332.5	2.9760045120999997e-44
2333.0	2.9114255641000005e-44
2333.5	2.766200976100001e-44
2334.0	2.949325369599999e-44
2334.5	2.6895344004e-44
2335.0	2.9594664961e-44
2335.5	3.2001989881e-44
2336.0	2.9954263329000003e-44
2336.5	2.7829246041e-44
2337.0	2.9556830241e-44
2337.5	2.9106407236000003e-44
2338.0	2.8700425743999995e-44
2338.5	2.9315261089e-44
2339.0	2.8603942129e-44
2339.5	2.7749229561e-44
2340.0	2.7640725025e-44
2340.5	2.8910540961000004e-44
2341.0	2.9457200161000004e-44
2341.5	2.9928308004e-44
2342.0	2.8714319208999995e-44
2342.5	2.6876979364000005e-44
2343.0	2.7860617225e-44
2343.5	2.6492445224999997e-44
2344.0	2.88762049e-44
2344.5	2.9156928516000005e-44
2345.0	2.7778222224e-44
2345.5	3.1080632208999995e-44
2346.0	2.9365620495999995e-44
2346.5	2.7592199880999997e-44
2347.0	2.7629753283999996e-44
2347.5	3.1320858529e-44
2348.0	3.384643267600001e-44
2348.5	3.2310062499999996e-44
2349.0	2.892448518399999e-44
2349.5	3.0375958369e-44
2350.0	3.2211993529e-44
2350.5	2.8670616975999996e-44
2351.0	2.5581763248999997e-44
2351.5	2.3883847936e-44
2352.0	2.6862882201e-44
2352.5	2.8136036643999997e-44
2353.0	2.8827625369e-44
2353.5	3.4580005849e-44
2354.0	3.3354082160999995e-44
2354.5	2.9137807203999996e-44
2355.0	2.8461377025e-44
2355.5	2.8880623249e-44
2356.0	2.9675574756e-44
2356.5	3.3139289764e-44
2357.0	3.1736709904e-44
2357.5	2.7503568964e-44
2358.0	2.7902695681e-44
2358.5	2.9736588249e-44
2359.0	2.8334652241e-44
2359.5	2.3397679369000004e-44
2360.0	2.6649256516e-44
2360.5	3.0160921561e-44
2361.0	2.6175356943999997e-44
2361.5	2.5249527800999995e-44
2362.0	3.4529444041000004e-44
2362.5	3.158297665599999e-44
2363.0	2.7798559441e-44
2363.5	2.8471162756000003e-44
2364.0	2.7720918016e-44
2364.5	2.9561644224999996e-44
2365.0	3.0885250563999997e-44
2365.5	2.9315261089e-44
2366.0	2.7329379855999997e-44
2366.5	2.696164e-44
2367.0	2.5928728576e-44
2367.5	2.5704105625e-44
2368.0	2.6717210115999996e-44
2368.5	2.9815619583999994e-44
2369.0	3.1074285841e-44
2369.5	2.7289057636000005e-44
2370.0	2.6705115889e-44
2370.5	2.6364991129000005e-44
2371.0	2.7508212736e-44
2371.5	2.87438116e-44
2372.0	2.683306086400001e-44
2372.5	2.6239140224999996e-44
2373.0	2.6687469769000003e-44
2373.5	2.790202752099999e-44
2374.0	2.7899689023999994e-44
2374.5	2.8361928100000003e-44
2375.0	2.7708931599999996e-44
2375.5	2.6207400769000004e-44
2376.0	2.9832543841e-44
2376.5	3.0073455888999994e-44
2377.0	2.6473893263999995e-44
2377.5	2.78622864e-44
2378.0	2.8248533329e-44
2378.5	3.0724480656e-44
2379.0	3.0978816064e-44
2379.5	2.9909973025e-44
2380.0	3.0651955929e-44
2380.5	3.3427905889e-44
2381.0	3.1554903768999997e-44
2381.5	2.9061384675999996e-44
2382.0	2.7757226025e-44
2382.5	2.9796283456000003e-44
2383.0	2.9576432484e-44
2383.5	2.6965909369e-44
2384.0	2.7829579684e-44
2384.5	2.8294604099999995e-44
2385.0	3.1065120008999996e-44
2385.5	2.8191753216e-44
2386.0	3.0337278975999996e-44
2386.5	2.9502184644e-44
2387.0	2.8363949056000004e-44
2387.5	3.170109030399999e-44
2388.0	3.2438171236e-44
2388.5	2.926391848900001e-44
2389.0	3.0036702720999995e-44
2389.5	3.0842033161000005e-44
2390.0	2.9240658001000005e-44
2390.5	2.7651033796000003e-44
2391.0	2.7492624481000004e-44
2391.5	2.8844266895999995e-44
2392.0	2.84158449e-44
2392.5	3.0324739600000003e-44
2393.0	3.0605403135999995e-44
2393.5	3.1844759401000003e-44
2394.0	2.9423913155999996e-44
2394.5	2.8677390335999998e-44
2395.0	2.7861284889000003e-44
2395.5	2.4991499569000003e-44
2396.0	2.8815402000999996e-44
2396.5	3.2025607849e-44
2397.0	3.0945735395999994e-44
2397.5	3.00502225e-44
2398.0	2.8367991183999996e-44
2398.5	3.0261733681000003e-44
2399.0	3.0862759683999997e-44
2399.5	2.7995647761e-44
2400.0	2.6648277049e-44
2400.5	2.4377513689e-44
2401.0	2.7649703524e-44
2401.5	3.0396179025e-44
2402.0	3.07756849e-44
2402.5	2.7389919000999995e-44
2403.0	2.7225660004e-44
2403.5	2.9466812281e-44
2404.0	2.7472731001000005e-44
2404.5	2.9208177215999995e-44
2405.0	2.8978252899999997e-44
2405.5	2.8452605041e-44
2406.0	2.9645263683999997e-44
2406.5	3.1161428676e-44
2407.0	2.9513522024999996e-44
2407.5	3.0070681281e-44
2408.0	3.0206439999999996e-44
2408.5	3.0508910224e-44
2409.0	2.8078364356e-44
2409.5	2.7053999361e-44
2410.0	2.7521814608999996e-44
2410.5	2.9817346329000003e-44
2411.0	2.8261980768999996e-44
2411.5	2.5040847049e-44
2412.0	2.8085737743999994e-44
2412.5	3.0490747456e-44
2413.0	3.176878464400001e-44
2413.5	3.3092703395999996e-44
2414.0	2.8341049104000005e-44
2414.5	2.8004349024999997e-44
2415.0	2.97010756e-44
2415.5	3.1635958224999994e-44
2416.0	3.0825176041e-44
2416.5	3.1037982976000003e-44
2417.0	3.3203399524000005e-44
2417.5	3.1192151769e-44
2418.0	2.9000727616e-44
2418.5	2.8135030224999996e-44
2419.0	2.7582898561000004e-44
2419.5	2.6901904324000004e-44
2420.0	2.8374054916e-44
2420.5	2.9988887928999997e-44
2421.0	3.1121899396000003e-44
2421.5	3.2071079055999995e-44
2422.0	3.0683127555999997e-44
2422.5	2.9521768761e-44
2423.0	3.2037778080999996e-44
2423.5	3.0832901648999995e-44
2424.0	3.0745167649e-44
2424.5	3.0263821225e-44
2425.0	2.8136036643999997e-44
2425.5	2.7308223504e-44
2426.0	2.7147834756e-44
2426.5	2.8333642275999996e-44
2427.0	2.8820494755999997e-44
2427.5	3.0862056976e-44
2428.0	3.2009145921000005e-44
2428.5	3.4178395876e-44
2429.0	3.1447347556000004e-44
2429.5	3.3061421583999995e-44
2430.0	3.5958019875999997e-44
2430.5	3.5455383616000006e-44
2431.0	2.9789724408999997e-44
2431.5	2.8565056143999996e-44
2432.0	3.3253710736e-44
2432.5	2.9821145343999996e-44
2433.0	2.9944572024999997e-44
2433.5	3.3542823609000004e-44
2434.0	3.32187076e-44
2434.5	2.9496001535999997e-44
2435.0	2.7638397503999996e-44
2435.5	2.9217748623999997e-44
2436.0	3.1580133264000003e-44
2436.5	3.2943702016000003e-44
2437.0	3.0968960399999997e-44
2437.5	2.97838564e-44
2438.0	3.48307569e-44
2438.5	3.9101503081000006e-44
2439.0	3.407716e-44
2439.5	3.3491196036e-44
2440.0	2.9384473561000003e-44
2440.5	2.7679309641000004e-44
2441.0	2.980905840899999e-44
2441.5	3.2351418225000003e-44
2442.0	3.0475034041e-44
2442.5	3.07335961e-44
2443.0	3.0953827968999997e-44
2443.5	3.0394435599999996e-44
2444.0	2.6738463361e-44
2444.5	2.999824e-44
2445.0	3.19193956e-44
2445.5	3.0918298895999994e-44
2446.0	3.2564367936000003e-44
2446.5	3.1724240769e-44
2447.0	3.006860040900001e-44
2447.5	2.9187330649e-44
2448.0	3.2193330624999997e-44
2448.5	3.3695374968999993e-44
2449.0	3.3875506808999995e-44
2449.5	3.0637951369e-44
2450.0	3.14069284e-44
2450.5	3.2742540600999997e-44
2451.0	3.1863678016e-44
2451.5	3.3340568836e-44
2452.0	3.7433736484e-44
2452.5	3.1585464729e-44
2453.0	2.8195111396000004e-44
2453.5	2.7028675216000004e-44
2454.0	3.1204869201e-44
2454.5	3.4012211775999996e-44
2455.0	3.1424298360999997e-44
2455.5	3.1608217369000003e-44
2456.0	3.3504007681e-44
2456.5	3.0822015844000003e-44
2457.0	3.0606452809000003e-44
2457.5	3.5207643768999997e-44
2458.0	3.4373530801e-44
2458.5	3.0604703363999997e-44
2459.0	3.041640640899999e-44
2459.5	3.3830612761e-44
2460.0	3.1423589289e-44
2460.5	2.9801462161000004e-44
2461.0	3.3271948836000003e-44
2461.5	3.5571091609e-44
2462.0	3.2310062499999996e-44
2462.5	3.1860465024999996e-44
2463.0	3.1391334975999997e-44
2463.5	3.3120724080999996e-44
2464.0	3.2744712024999997e-44
2464.5	3.3251887200999994e-44
2465.0	3.5608067401e-44
2465.5	3.4761738025e-44
2466.0	3.7340538168999996e-44
2466.5	3.5316557329000004e-44
2467.0	3.0706954756e-44
2467.5	3.058266464100001e-44
2468.0	3.1158604323999996e-44
2468.5	3.0198098175999997e-44
2469.0	3.3569934841e-44
2469.5	3.1824776024999996e-44
2470.0	3.2525040409e-44
2470.5	3.3884341929e-44
2471.0	3.4239431520999997e-44
2471.5	3.7095145201e-44
2472.0	3.40439401e-44
2472.5	3.0799899000999995e-44
2473.0	3.1160016483999993e-44
2473.5	3.1926185041000003e-44
2474.0	3.0284004529e-44
2474.5	3.2379123364000004e-44
2475.0	3.0340065856e-44
2475.5	3.3286542916000003e-44
2476.0	3.3211053120999996e-44
2476.5	3.6842115249e-44
2477.0	3.5688877224999995e-44
2477.5	3.2858450361e-44
2478.0	3.2149207204000004e-44
2478.5	3.1523647400999996e-44
2479.0	3.2502681224999996e-44
2479.5	3.0790773728999997e-44
2480.0	3.0551194520999996e-44
2480.5	3.4936469569e-44
2481.0	3.7254018168999996e-44
2481.5	3.4332754680999994e-44
2482.0	3.4281263104000004e-44
2482.5	3.5444086756e-44
2483.0	3.3541358449e-44
2483.5	3.1687916120999997e-44
2484.0	3.5006035800999995e-44
2484.5	3.6891269040999995e-44
2485.0	3.6975444099999997e-44
2485.5	3.3342394801e-44
2486.0	3.4555835664000003e-44
2486.5	3.5605048248999996e-44
2487.0	3.2769326529000004e-44
2487.5	3.2423044095999994e-44
2488.0	3.4542824449000007e-44
2488.5	3.3919693928999996e-44
2489.0	3.3504007681e-44
2489.5	3.5716842120999994e-44
2490.0	3.3830612761e-44
2490.5	2.7839589904e-44
2491.0	3.0980928195999995e-44
2491.5	3.0476779776e-44
2492.0	3.1282643161e-44
2492.5	3.2120166841e-44
2493.0	3.3213604516e-44
2493.5	3.4391331600999997e-44
2494.0	3.2701297224999996e-44
2494.5	3.2950236483999997e-44
2495.0	3.7415551761e-44
2495.5	4.0853707128999997e-44
2496.0	3.7076272704000004e-44
2496.5	3.314183840100001e-44
2497.0	3.2394600225000004e-44
2497.5	3.3126184036000004e-44
2498.0	3.2358972995999996e-44
2498.5	3.25008784e-44
2499.0	3.2614192836e-44
2499.5	3.0822366969e-44
2500.0	3.0059584129e-44
2500.5	3.1715335744e-44
2501.0	3.0962625444000003e-44
2501.5	3.2709977881e-44
2502.0	3.4753534928999996e-44
2502.5	3.5343248004e-44
2503.0	3.24900625e-44
2503.5	3.0226256449e-44
2504.0	3.1025651881000003e-44
2504.5	3.1559167200999997e-44
2505.0	3.5497197649e-44
2505.5	3.3161502608999995e-44
2506.0	2.9994083344e-44
2506.5	3.2603719225e-44
2507.0	3.46778884e-44
2507.5	3.2485015696e-44
2508.0	3.3497052484e-44
2508.5	3.30003556e-44
2509.0	3.15311049e-44
2509.5	3.2904146025e-44
2510.0	3.5092528899999995e-44
2510.5	3.5837897480999996e-44
2511.0	3.1777340644000003e-44
2511.5	3.2134864644e-44
2512.0	3.4109287968999996e-44
2512.5	3.5682076608999993e-44
2513.0	3.3496686441000004e-44
2513.5	3.3490830025e-44
2514.0	3.41806144e-44
2514.5	3.3206679529e-44
2515.0	3.121440897599999e-44
2515.5	3.028574478400001e-44
2516.0	3.0544552899999996e-44
2516.5	3.3070877316000007e-44
2517.0	3.400336000000001e-44
2517.5	3.1457633768999997e-44
2518.0	3.2886009025e-44
2518.5	3.1889744928999995e-44
2519.0	3.1144131529e-44
2519.5	2.9736243364000004e-44
2520.0	3.2347821025e-44
2520.5	3.5218902889000003e-44
2521.0	3.1381768200999995e-44
2521.5	3.1430325796e-44
2522.0	3.3565904099999996e-44
2522.5	3.65880384e-44
2523.0	3.368252678399999e-44
2523.5	3.0873652680999995e-44
2524.0	3.2022028808999995e-44
2524.5	3.0885953535999997e-44
2525.0	3.0504718336000005e-44
2525.5	3.1917966336000004e-44
2526.0	3.6579240049e-44
2526.5	3.5353400625e-44
2527.0	3.4937217225000005e-44
2527.5	2.8812007081e-44
2528.0	2.9445873604e-44
2528.5	3.08142916e-44
2529.0	3.1959427984e-44
2529.5	3.4369822881000003e-44
2530.0	3.2940072036e-44
2530.5	3.1464728689e-44
2531.0	3.3190281124e-44
2531.5	3.2703828964e-44
2532.0	3.3151669776e-44
2532.5	3.7139456656e-44
2533.0	3.1926899760999997e-44
2533.5	2.9753145081000004e-44
2534.0	3.0513801124000003e-44
2534.5	3.1711774083999997e-44
2535.0	3.2963307363999997e-44
2535.5	3.2713595160999997e-44
2536.0	3.2248976399999997e-44
2536.5	3.4313116644e-44
2537.0	3.452981568399999e-44
2537.5	3.1347410704000004e-44
2538.0	3.03665476e-44
2538.5	3.0277392016e-44
2539.0	3.0357486755999996e-44
2539.5	3.2163911648999996e-44
2540.0	3.314183840100001e-44
2540.5	3.1626709921e-44
2541.0	3.5405690896e-44
2541.5	2.9998586401e-44
2542.0	3.3400486564e-44
2542.5	3.4908811921000004e-44
2543.0	3.6863232003999993e-44
2543.5	3.7429093156e-44
2544.0	3.7843477155999995e-44
2544.5	3.3204857284e-44
2545.0	2.9949763599999995e-44
2545.5	3.1474662921000004e-44
2546.0	3.3087246200999996e-44
2546.5	3.4304596225e-44
2547.0	3.2012724241e-44
2547.5	3.3129824256e-44
2548.0	3.3137469369e-44
2548.5	3.7094374801e-44
2549.0	4.0430351328999995e-44
2549.5	3.746547359999999e-44
2550.0	3.420169396900001e-44
2550.5	3.4185051663999997e-44
2551.0	3.3045422656e-44
2551.5	3.3456799743999996e-44
2552.0	3.22023025e-44
2552.5	3.1054193284e-44
2553.0	3.5322571249e-44
2553.5	3.9368115396e-44
2554.0	3.3973125124e-44
2554.5	3.636992268100001e-44
2555.0	3.6567000625e-44
2555.5	3.4896108025e-44
2556.0	3.7475152224999995e-44
2556.5	3.1758091263999997e-44
2557.0	3.590646009999999e-44
2557.5	3.2224558143999997e-44
2558.0	3.0798144035999997e-44
2558.5	3.1661220095999995e-44
2559.0	3.1809435904000004e-44
2559.5	3.7247842009e-44
2560.0	3.4821426025e-44
2560.5	3.40254916e-44
2561.0	3.7090137744e-44
2561.5	3.6690636304e-44
2562.0	3.5089531683999994e-44
2562.5	3.2965122969000003e-44
2563.0	3.3606589041e-44
2563.5	3.6695616721e-44
2564.0	3.7567742976e-44
2564.5	3.5336480400000006e-44
2565.0	3.3858208036e-44
2565.5	3.2223481081000004e-44
2566.0	3.1788750435999997e-44
2566.5	3.5037849856e-44
2567.0	3.4426947025e-44
2567.5	3.3284718481e-44
2568.0	3.2888547904e-44
2568.5	3.4375384836e-44
2569.0	3.58042084e-44
2569.5	3.3126912063999996e-44
2570.0	3.1783401841000003e-44
2570.5	3.4419154576e-44
2571.0	3.3031608515999995e-44
2571.5	3.1411181823999996e-44
2572.0	3.2775843680999997e-44
2572.5	3.5045712025e-44
2573.0	3.6474506288999997e-44
2573.5	3.265249e-44
2574.0	3.4090452495999997e-44
2574.5	3.5942472225000003e-44
2575.0	3.5717976063999993e-44
2575.5	3.2609497560999997e-44
2576.0	3.2363650201000004e-44
2576.5	3.5572223236e-44
2577.0	3.4404685225e-44
2577.5	3.7479024025e-44
2578.0	3.5808749823999996e-44
2578.5	3.611368129599999e-44
2579.0	4.1501430961e-44
2579.5	3.354318990400001e-44
2580.0	3.366527736100001e-44
2580.5	3.4967878008999996e-44
2581.0	3.0643552808999993e-44
2581.5	3.21951249e-44
2582.0	3.6477562080999993e-44
2582.5	3.6531059161000004e-44
2583.0	3.4005941649e-44
2583.5	3.4617951481000003e-44
2584.0	3.5023251025000005e-44
2584.5	3.2855187599999997e-44
2585.0	3.311453667599999e-44
2585.5	3.6057452544e-44
2586.0	3.5667344164000006e-44
2586.5	3.5455760209e-44
2587.0	3.76864569e-44
2587.5	3.9218653368999995e-44
2588.0	3.619087712100001e-44
2588.5	3.3483876195999996e-44
2589.0	3.4283484964000003e-44
2589.5	3.9621300600999995e-44
2590.0	4.0216692681e-44
2590.5	3.90339049e-44
2591.0	3.7122499583999997e-44
2591.5	3.5891302499999995e-44
2592.0	3.6254444836e-44
2592.5	3.8412080099999995e-44
2593.0	4.0916389284e-44
2593.5	3.8361923044000003e-44
2594.0	3.5869329664e-44
2594.5	3.4297188025000004e-44
2595.0	3.364839922499999e-44
2595.5	3.5397035881e-44
2596.0	3.617604e-44
2596.5	3.6071505625e-44
2597.0	3.3939219076e-44
2597.5	3.4625766400000003e-44
2598.0	3.2849025049000004e-44
2598.5	3.3067240336e-44
2599.0	3.1282289424e-44
2599.5	3.2601552480999997e-44
2600.0	3.2073944463999997e-44
2600.5	3.3143658915999996e-44
2601.0	3.455174616099999e-44
2601.5	3.3506936400999996e-44
2602.0	3.6071885475999997e-44
2602.5	3.1074285841e-44
2603.0	3.2742540600999997e-44
2603.5	3.4545798224999996e-44
2604.0	3.314038202499999e-44
2604.5	3.5373710241e-44
2605.0	3.955166337599999e-44
2605.5	3.6835205625e-44
2606.0	3.8920582089e-44
2606.5	4.3564873283999996e-44
2607.0	4.017579272099999e-44
2607.5	3.4969000000000006e-44
2608.0	3.3699780624999994e-44
2608.5	3.4086021375999995e-44
2609.0	3.3339838463999994e-44
2609.5	3.3718875128999995e-44
2610.0	3.2201943600999996e-44
2610.5	3.2168216025000004e-44
2611.0	3.2915030624999996e-44
2611.5	3.2614192836e-44
2612.0	3.6041124024999995e-44
2612.5	3.5853801200999995e-44
2613.0	3.3769575225e-44
2613.5	3.4661502976000003e-44
2614.0	3.4803887364e-44
2614.5	3.7527050961e-44
2615.0	3.441321806400001e-44
2615.5	3.4011842929e-44
2616.0	3.7379582243999996e-44
2616.5	4.0548265956e-44
2617.0	3.636076922499999e-44
2617.5	3.6021003264e-44
2618.0	3.4395782520999996e-44
2618.5	3.5826161284e-44
2619.0	3.7193822448999997e-44
2619.5	4.2530812899999993e-44
2620.0	3.9898464516e-44
2620.5	3.7221213183999995e-44
2621.0	3.7610784224999995e-44
2621.5	3.5360169848999995e-44
2622.0	3.390091088399999e-44
2622.5	3.5134503363999993e-44
2623.0	3.50700529e-44
2623.5	3.5485140625e-44
2624.0	3.6698681761e-44
2624.5	3.6747739808999997e-44
2625.0	3.8665716496000003e-44
2625.5	4.3127244240999997e-44
2626.0	3.8596138680999995e-44
2626.5	3.7699658896e-44
2627.0	3.8501503524e-44
2627.5	3.6322642225e-44
2628.0	3.4042833049e-44
2628.5	3.1161781729e-44
2629.0	3.7078583364e-44
2629.5	3.2889998736e-44
2630.0	3.0378398436000004e-44
2630.5	3.3960592656e-44
2631.0	3.9271348899999994e-44
2631.5	3.5881830625000003e-44
2632.0	3.4405056195999995e-44
2632.5	3.4780385025e-44
2633.0	4.0124897344e-44
2633.5	3.932963248899999e-44
2634.0	3.5651859489e-44
2634.5	3.6781102656000004e-44
2635.0	4.0245976996000015e-44
2635.5	4.2800989456e-44
2636.0	4.2681907216e-44
2636.5	4.1155425424e-44
2637.0	3.7708590968999993e-44
2637.5	3.7777753225000006e-44
2638.0	3.56945449e-44
2638.5	3.8027730048999995e-44
2639.0	3.5294761160999997e-44
2639.5	3.0697843264e-44
2640.0	3.1417208001000004e-44
2640.5	3.6288345025000005e-44
2641.0	3.40513209e-44
2641.5	3.5625807504000003e-44
2642.0	3.5338736195999996e-44
2642.5	3.5065933081e-44
2643.0	3.457219609600001e-44
2643.5	3.1428907524000005e-44
2644.0	3.5513025601000005e-44
2644.5	4.0048814883999997e-44
2645.0	3.8310624361e-44
2645.5	3.6445100835999993e-44
2646.0	3.8094451683999996e-44
2646.5	4.1725415824e-44
2647.0	4.0649011455999993e-44
2647.5	3.6082902025000003e-44
2648.0	3.5205767423999996e-44
2648.5	3.2990183424e-44
2649.0	3.6540998649e-44
2649.5	3.7868770800999995e-44
2650.0	3.6034669583999993e-44
2650.5	3.5892060304e-44
2651.0	3.6452737476000004e-44
2651.5	3.8826337936e-44
2652.0	3.3531469455999997e-44
2652.5	3.519000810000001e-44
2653.0	3.9530982976000006e-44
2653.5	3.7553788944e-44
2654.0	3.5953468995999993e-44
2654.5	3.5003790648999995e-44
2655.0	3.6877825295999996e-44
2655.5	3.4004835215999996e-44
2656.0	3.5940576399999997e-44
2656.5	3.7166056225e-44
2657.0	4.3435978568999993e-44
2657.5	3.9134334975999996e-44
2658.0	3.595650288399999e-44
2658.5	3.8855111688999997e-44
2659.0	3.7783973161e-44
2659.5	3.6375644176e-44
2660.0	3.6050237161000004e-44
2660.5	3.6641616399999995e-44
2661.0	3.5789072399999995e-44
2661.5	4.0066427556000003e-44
2662.0	4.556730622499999e-44
2662.5	3.8893361796e-44
2663.0	3.9483279616000005e-44
2663.5	3.594133472399999e-44
2664.0	3.4871827599999996e-44
2664.5	3.5920862783999997e-44
2665.0	3.4477433760999995e-44
2665.5	3.4882285823999997e-44
2666.0	3.6495135369000003e-44
2666.5	3.6050996640999995e-44
2667.0	3.7653073936e-44
2667.5	3.7130206864e-44
2668.0	3.5227911481e-44
2668.5	3.4609765369000006e-44
2669.0	3.6848257681e-44
2669.5	3.6544439555999993e-44
2670.0	3.5375591055999997e-44
2670.5	3.9105062499999997e-44
2671.0	3.90773824e-44
2671.5	4.1811661440999996e-44
2672.0	3.7871495236e-44
2672.5	3.6017966656e-44
2673.0	3.5980778596000004e-44
2673.5	3.7623197089e-44
2674.0	3.7684903876e-44
2674.5	4.0244773320999994e-44
2675.0	3.9929231329e-44
2675.5	3.7769201649e-44
2676.0	3.8733782481000005e-44
2676.5	3.8390132356000006e-44
2677.0	3.9592244484e-44
2677.5	3.6852864840999997e-44
2678.0	3.7815469444e-44
2678.5	3.3155675568999997e-44
2679.0	3.5057319696e-44
2679.5	4.4565743235999997e-44
2680.0	4.3313518160999997e-44
2680.5	3.816318531600001e-44
2681.0	3.7136373264e-44
2681.5	3.6990444241e-44
2682.0	3.7099382544e-44
2682.5	3.968064e-44
2683.0	3.4774417440999997e-44
2683.5	3.4795306225e-44
2684.0	3.6128125476e-44
2684.5	4.0481037600999993e-44
2685.0	4.1465176899999997e-44
2685.5	3.622056048899999e-44
2686.0	3.4962642289000006e-44
2686.5	3.8112800625000004e-44
2687.0	3.7553788944e-44
2687.5	3.986331696399999e-44
2688.0	3.8988477025000003e-44
2688.5	3.730576360899999e-44
2689.0	3.5909113009000007e-44
2689.5	3.8453249025e-44
2690.0	4.209719097599999e-44
2690.5	3.98441521e-44
2691.0	3.4188749603999995e-44
2691.5	3.5975467583999996e-44
2692.0	3.8372108544000003e-44
2692.5	3.9019681155999995e-44
2693.0	3.9364940835999996e-44
2693.5	3.7926783503999996e-44
2694.0	3.8011741156e-44
2694.5	3.7635224004000007e-44
2695.0	3.5028116964e-44
2695.5	3.9274519684e-44
2696.0	3.6955064169e-44
2696.5	3.6361913344e-44
2697.0	3.509290356099999e-44
2697.5	3.676307716899999e-44
2698.0	4.154300004099999e-44
2698.5	3.8822397155999994e-44
2699.0	3.5747464899999997e-44
2699.5	3.73764889e-44
2700.0	3.9029163363999994e-44
2700.5	3.6563176225000006e-44
2701.0	3.7487929924000006e-44
2701.5	3.8144824248999995e-44
2702.0	3.7952104969e-44
2702.5	4.2692650884e-44
2703.0	3.6199248120999997e-44
2703.5	3.2836701680999996e-44
2704.0	3.7111325449000004e-44
2704.5	4.1848475761000003e-44
2705.0	4.0386931224999996e-44
2705.5	4.2053704899999997e-44
2706.0	3.5843198328999995e-44
2706.5	3.5805722176e-44
2707.0	3.9193704675999994e-44
2707.5	3.6621711424e-44
2708.0	3.4593396048999997e-44
2708.5	3.9910849729e-44
2709.0	3.7353292900000003e-44
2709.5	3.6231980409e-44
2710.0	3.9371290083999994e-44
2710.5	3.9271348899999994e-44
2711.0	3.9827386623999997e-44
2711.5	3.9462219800999997e-44
2712.0	3.5601651856e-44
2712.5	3.9496395169000003e-44
2713.0	3.930108002500001e-44
2713.5	3.3330344356e-44
2714.0	3.8412472080999996e-44
2714.5	3.4979472783999994e-44
2715.0	3.5999749696000003e-44
2715.5	3.7023532225000003e-44
2716.0	4.1140414561e-44
2716.5	3.9553254399999996e-44
2717.0	3.9814216224999993e-44
2717.5	3.859024513599999e-44
2718.0	3.7919383441e-44
2718.5	3.6953910755999995e-44
2719.0	3.5665077904000005e-44
2719.5	3.6767679000999997e-44
2720.0	4.0290525625000005e-44
2720.5	3.902797802499999e-44
2721.0	4.151773008100001e-44
2721.5	3.9902459536e-44
2722.0	3.2711424769e-44
2722.5	3.35805625e-44
2723.0	3.3414012025000003e-44
2723.5	4.2152196099999997e-44
2724.0	4.1539738968999994e-44
2724.5	3.5915935225e-44
2725.0	3.2934627441e-44
2725.5	3.6301299841000006e-44
2726.0	3.782791603600001e-44
2726.5	3.8036700900000005e-44
2727.0	4.150713528899999e-44
2727.5	3.8849986816e-44
2728.0	3.6158163408999997e-44
2728.5	3.8361923044000003e-44
2729.0	3.8812152064e-44
2729.5	3.665003936400001e-44
2730.0	3.8736144224999995e-44
2730.5	4.0784206401e-44
2731.0	4.0152545161000003e-44
2731.5	3.8678695560999997e-44
2732.0	3.73494276e-44
2732.5	3.7640656144e-44
2733.0	4.1028933136e-44
2733.5	3.6343990880999997e-44
2734.0	3.97244761e-44
2734.5	3.9826588356e-44
2735.0	3.6486730225000005e-44
2735.5	3.6470686729e-44
2736.0	3.9077777761e-44
2736.5	3.8872065599999997e-44
2737.0	4.037085562499999e-44
2737.5	3.9229348096e-44
2738.0	3.4589676289e-44
2738.5	3.7134831616000005e-44
2739.0	3.5821240224999997e-44
2739.5	3.3927798024999997e-44
2740.0	3.2583499081e-44
2740.5	3.6585743076e-44
2741.0	3.9207564080999995e-44
2741.5	3.7559215203999997e-44
2742.0	4.004561299599999e-44
2742.5	4.201024129599999e-44
2743.0	4.4233240489000003e-44
2743.5	3.7886286735999997e-44
2744.0	3.7824026255999994e-44
2744.5	3.63474225e-44
2745.0	4.0892523960999996e-44
2745.5	4.2085701904000005e-44
2746.0	3.6246448224999994e-44
2746.5	3.5914040099999995e-44
2747.0	3.5992919524000003e-44
2747.5	3.9091221225000006e-44
2748.0	4.37353569e-44
2748.5	3.906512720099999e-44
2749.0	3.8457955449e-44
2749.5	4.0177797135999997e-44
2750.0	4.3047120484e-44
2750.5	4.2834925155999995e-44
2751.0	4.225779148900001e-44
2751.5	4.6899532969e-44
2752.0	4.3581990168999994e-44
2752.5	3.4716632976e-44
2753.0	3.7924446563999995e-44
2753.5	4.1566646641e-44
2754.0	4.685579744399999e-44
2754.5	4.3615398649e-44
2755.0	3.7511555040999995e-44
2755.5	3.8037481024e-44
2756.0	3.8379160836e-44
2756.5	3.2302872900000004e-44
2757.0	4.0180202499999995e-44
2757.5	4.1079993123999995e-44
2758.0	4.1374814463999996e-44
2758.5	3.6231599716000003e-44
2759.0	3.2260829769e-44
2759.5	3.5188882569e-44
2760.0	4.0196641080999997e-44
2760.5	4.2790232163999997e-44
2761.0	3.9935226244000006e-44
2761.5	4.0767244281e-44
2762.0	3.9270159889000003e-44
2762.5	3.8753859600000005e-44
2763.0	3.7570456560999994e-44
2763.5	3.8280487716e-44
2764.0	3.9443946025e-44
2764.5	4.1404110399999995e-44
2765.0	3.5356409088999995e-44
2765.5	3.8009011681e-44
2766.0	3.7008910129e-44
2766.5	3.8657458225e-44
2767.0	3.9097152899999996e-44
2767.5	3.8091719241e-44
2768.0	3.5447099075999997e-44
2768.5	3.6797597929e-44
2769.0	4.43228809e-44
2769.5	4.353565710400001e-44
2770.0	3.9666298896e-44
2770.5	3.6446246280999996e-44
2771.0	3.8861419688999996e-44
2771.5	3.7227001249e-44
2772.0	4.2066830403999996e-44
2772.5	3.953257358399999e-44
2773.0	4.1863206025e-44
2773.5	4.079834419600001e-44
2774.0	4.1701315680999996e-44
2774.5	4.4434532025e-44
2775.0	4.3513125604000003e-44
2775.5	3.7769979025e-44
2776.0	3.8794029444e-44
2776.5	4.2887096464000004e-44
2777.0	4.481689e-44
2777.5	4.3089456399999995e-44
2778.0	3.6025938025000003e-44
2778.5	3.513075462399999e-44
2779.0	3.5068554755999995e-44
2779.5	3.8179987608999996e-44
2780.0	4.2137004529000003e-44
2780.5	4.0532560928999996e-44
2781.0	3.7690339599999996e-44
2781.5	4.1408587080999996e-44
2782.0	3.9126026809000004e-44
2782.5	3.5789829124e-44
2783.0	3.6511948561000004e-44
2783.5	3.7609620624e-44
2784.0	3.8179987608999996e-44
2784.5	3.8640551183999993e-44
2785.0	3.7494900496e-44
2785.5	3.9356211455999997e-44
2786.0	4.3173775089000006e-44
2786.5	3.8716858756e-44
2787.0	4.37730084e-44
2787.5	4.2933083209e-44
2788.0	3.9455863224999997e-44
2788.5	3.9893670756e-44
2789.0	4.382491033600001e-44
2789.5	4.1319505984e-44
2790.0	3.9537743280999997e-44
2790.5	4.816225268099999e-44
2791.0	4.0010000625000006e-44
2791.5	3.5841305124000016e-44
2792.0	4.2660837025e-44
2792.5	4.3482258575999993e-44
2793.0	4.42345024e-44
2793.5	3.915926476900001e-44
2794.0	3.8230416676e-44
2794.5	3.9228555844000005e-44
2795.0	4.046856422400001e-44
2795.5	3.8602032676e-44
2796.0	3.9938423715999993e-44
2796.5	3.9865313568999995e-44
2797.0	3.6323023396e-44
2797.5	3.4649961024999994e-44
2798.0	3.4455526883999997e-44
2798.5	3.6497045764e-44
2799.0	3.6070745929000003e-44
2799.5	3.7215425568999995e-44
2800.0	3.5851907716e-44
2800.5	3.4694650224999997e-44
2801.0	3.9414557961e-44
2801.5	3.6771514081e-44
2802.0	4.1727049983999993e-44
2802.5	4.651872512400001e-44
2803.0	4.912517616399999e-44
2803.5	4.1085263025e-44
2804.0	3.8517202563999996e-44
2804.5	3.930742412100001e-44
2805.0	4.0277278864e-44
2805.5	4.4229875481e-44
2806.0	4.0206265225e-44
2806.5	4.490160999999999e-44
2807.0	4.3524807876e-44
2807.5	3.9917642436e-44
2808.0	4.0240761201e-44
2808.5	4.283575302399999e-44
2809.0	4.491559648899998e-44
2809.5	4.4055911025e-44
2810.0	3.9232121041000004e-44
2810.5	3.8570996025000002e-44
2811.0	4.0804e-44
2811.5	4.2543187599999996e-44
2812.0	3.7105931641e-44
2812.5	3.9958810608999997e-44
2813.0	4.4667554409e-44
2813.5	4.0414669156e-44
2814.0	3.7439541049e-44
2814.5	3.7949377635999995e-44
2815.0	3.9501165001e-44
2815.5	4.4599104225e-44
2816.0	4.3164633121e-44
2816.5	3.9675859343999994e-44
2817.0	3.9959610201000004e-44
2817.5	4.2960438361e-44
2818.0	4.3376392899999995e-44
2818.5	4.3954380409e-44
2819.0	4.924671105599998e-44
2819.5	4.2032380323999995e-44
2820.0	4.3684762080999996e-44
2820.5	4.2141520656000004e-44
2821.0	3.5433921120999997e-44
2821.5	3.5900017729000004e-44
2822.0	4.1666199129e-44
2822.5	4.1228490304e-44
2823.0	3.6858624195999994e-44
2823.5	3.4881538755999997e-44
2824.0	3.7006986384000003e-44
2824.5	4.1024882116000003e-44
2825.0	4.3595352024999995e-44
2825.5	4.645835376399998e-44
2826.0	4.0999365289e-44
2826.5	3.6594924804e-44
2827.0	3.960179600400001e-44
2827.5	4.3784725503999997e-44
2828.0	4.0667965568999996e-44
2828.5	3.9183806600999997e-44
2829.0	3.794976724899999e-44
2829.5	3.7088982225e-44
2830.0	3.6316543761e-44
2830.5	4.0457299599999997e-44
2831.0	3.6625156129e-44
2831.5	3.8287922929e-44
2832.0	4.1163540544e-44
2832.5	4.3135551481000003e-44
2833.0	4.577331880899999e-44
2833.5	4.2214222520999994e-44
2834.0	3.9427662096e-44
2834.5	4.3448484249000003e-44
2835.0	4.1500208656e-44
2835.5	3.879599908899999e-44
2836.0	4.5124805476e-44
2836.5	4.1121756225e-44
2837.0	3.5997093441000003e-44
2837.5	4.1803073764e-44
2838.0	4.1100669288999997e-44
2838.5	4.0508807824e-44
2839.0	4.1422832675999997e-44
2839.5	4.3858411776e-44
2840.0	4.5926204416e-44
2840.5	3.6972752089e-44
2841.0	3.9126818025e-44
2841.5	4.3589923523999994e-44
2842.0	4.0231132929000003e-44
2842.5	4.3815281041e-44
2843.0	3.9724077481e-44
2843.5	3.6230838336e-44
2844.0	4.0540614408999997e-44
2844.5	3.7565029488999997e-44
2845.0	3.9511103076e-44
2845.5	4.1323164960999996e-44
2846.0	3.9381608704e-44
2846.5	4.1502245841e-44
2847.0	4.0578879364e-44
2847.5	4.3470165025e-44
2848.0	4.4914748761e-44
2848.5	4.3078662916000003e-44
2849.0	3.888310734399999e-44
2849.5	4.3432227215999994e-44
2850.0	4.625166384399999e-44
2850.5	4.3653416355999994e-44
2851.0	4.4306040099999996e-44
2851.5	4.292852486399999e-44
2852.0	3.8729846401000004e-44
2852.5	4.6337728644e-44
2853.0	4.4876609281e-44
2853.5	3.9858126025e-44
2854.0	4.0432764241e-44
2854.5	4.1377662225e-44
2855.0	4.4333408024999997e-44
2855.5	4.3658013024999995e-44
2856.0	4.2850242008999986e-44
2856.5	4.2502770243999996e-44
2857.0	4.2520089616e-44
2857.5	4.417184924100001e-44
2858.0	4.2025820003999996e-44
2858.5	4.000120000899999e-44
2859.0	4.573139480100001e-44
2859.5	4.1908640656e-44
2860.0	3.7758319224999997e-44
2860.5	4.141632009999999e-44
2861.0	4.3698557764e-44
2861.5	4.3740794448999996e-44
2862.0	4.475044084900001e-44
2862.5	4.505982652900001e-44
2863.0	4.2340058288999996e-44
2863.5	3.99840016e-44
2864.0	3.8095232399999995e-44
2864.5	3.8694430680999994e-44
2865.0	4.0603056004e-44
2865.5	3.9422896704e-44
2866.0	3.8717645823999996e-44
2866.5	4.3917070096e-44
2867.0	4.905471928899999e-44
2867.5	4.3369728516e-44
2868.0	4.3465161289e-44
2868.5	4.5642904164e-44
2869.0	4.717019296899998e-44
2869.5	4.2253680248999994e-44
2870.0	4.1731952655999996e-44
2870.5	4.1781812835999995e-44
2871.0	4.628435904399999e-44
2871.5	4.784806256399999e-44
2872.0	4.530001424400001e-44
2872.5	4.2608390723999996e-44
2873.0	4.0366033569e-44
2873.5	3.7573557920999995e-44
2874.0	4.0820969763999995e-44
2874.5	3.8348605583999994e-44
2875.0	3.8668469449e-44
2875.5	4.0107271824000004e-44
2876.0	4.2171908164e-44
2876.5	4.5052185025e-44
2877.0	3.98561296e-44
2877.5	3.8042942116e-44
2878.0	4.430309328899999e-44
2878.5	4.4422728288999997e-44
2879.0	4.191109728400001e-44
2879.5	4.2124278564e-44
2880.0	4.1264234495999994e-44
2880.5	4.3155492120999997e-44
2881.0	4.1862796815999997e-44
2881.5	3.7566192400000005e-44
2882.0	4.247721e-44
2882.5	4.28407204e-44
2883.0	4.496605070400001e-44
2883.5	4.8173226256e-44
2884.0	4.363085439999999e-44
2884.5	4.194304000000001e-44
2885.0	4.3349322024999995e-44
2885.5	4.08888841e-44
2886.0	4.1446445055999995e-44
2886.5	4.599523622500001e-44
2887.0	4.836832518400001e-44
2887.5	4.9282668009e-44
2888.0	4.654202169600001e-44
2888.5	4.2342115983999993e-44
2889.0	4.3813606488999994e-44
2889.5	4.2207648025e-44
2890.0	4.2419109681e-44
2890.5	4.5109087321e-44
2891.0	4.4191607524e-44
2891.5	4.04371881e-44
2892.0	4.1369526024999997e-44
2892.5	4.3381808089e-44
2893.0	4.775667208899999e-44
2893.5	4.553401176899999e-44
2894.0	4.926180249999998e-44
2894.5	4.812363564099999e-44
2895.0	4.539158080900001e-44
2895.5	4.0301365504e-44
2896.0	4.42092676e-44
2896.5	4.1327637263999995e-44
2897.0	4.0332688899999996e-44
2897.5	4.5924061401e-44
2898.0	4.611928051599998e-44
2898.5	4.5873929124e-44
2899.0	4.538817202499999e-44
2899.5	4.355569e-44
2900.0	4.2588164161000004e-44
2900.5	4.3668460899999994e-44
2901.0	4.638208322500001e-44
2901.5	4.6025266225e-44
2902.0	4.117084483599999e-44
2902.5	4.4809692489e-44
2903.0	4.847306755599999e-44
2903.5	4.625510490000001e-44
2904.0	4.4760595488999993e-44
2904.5	4.650880428100002e-44
2905.0	4.694978904100001e-44
2905.5	5.024770559999999e-44
2906.0	4.686185857599999e-44
2906.5	4.2829958116e-44
2907.0	4.3055835000999995e-44
2907.5	4.7401127524e-44
2908.0	4.422524880400001e-44
2908.5	4.4541258304000006e-44
2909.0	4.540223408400001e-44
2909.5	4.1707033729e-44
2910.0	3.8532119616000003e-44
2910.5	3.6837892624e-44
2911.0	4.2632751529e-44
2911.5	4.3530232321e-44
2912.0	4.1435045136000003e-44
2912.5	4.585765273599998e-44
2913.0	5.025577568400001e-44
2913.5	5.207341441600001e-44
2914.0	5.615241122499998e-44
2914.5	4.7267977744e-44
2915.0	4.3939705924e-44
2915.5	4.417941572099999e-44
2916.0	4.531023104399999e-44
2916.5	4.689000468099998e-44
2917.0	4.693332288099999e-44
2917.5	4.480672897599999e-44
2918.0	4.193935368100001e-44
2918.5	4.776497670400001e-44
2919.0	4.3857155240999994e-44
2919.5	3.9913646655999993e-44
2920.0	4.03809025e-44
2920.5	4.3292708761e-44
2921.0	4.1038656399999996e-44
2921.5	4.2688518543999996e-44
2922.0	4.7007443344e-44
2922.5	5.06790144e-44
2923.0	4.691859244899998e-44
2923.5	4.4242494920999993e-44
2924.0	4.230961024899999e-44
2924.5	4.554468174399998e-44
2925.0	4.7968446289e-44
2925.5	5.035984810000001e-44
2926.0	4.492025913599999e-44
2926.5	4.30438009e-44
2927.0	4.4748748521e-44
2927.5	4.2295212963999993e-44
2928.0	4.5092097800999985e-44
2928.5	4.3720300836000004e-44
2929.0	4.719061075600001e-44
2929.5	4.815874140099999e-44
2930.0	4.425890288399999e-44
2930.5	4.1773636996000004e-44
2931.0	4.68982336e-44
2931.5	5.098925286400001e-44
2932.0	5.026519160099999e-44
2932.5	5.303762940099999e-44
2933.0	4.8453694884e-44
2933.5	4.386008718399999e-44
2934.0	4.1011920196e-44
2934.5	4.2845688064e-44
2935.0	4.9765132561e-44
2935.5	5.153944252899999e-44
2936.0	4.8150841489e-44
2936.5	4.4403339840999997e-44
2937.0	4.923339699599999e-44
2937.5	4.8830392576e-44
2938.0	5.0624100004e-44
2938.5	5.037466024899999e-44
2939.0	4.55694409e-44
2939.5	4.89427129e-44
2940.0	4.935550992099999e-44
2940.5	4.692639062499999e-44
2941.0	4.495968936899999e-44
2941.5	4.1894311761e-44
2942.0	4.3034257808999995e-44
2942.5	4.1383764899999995e-44
2943.0	4.3393056099999995e-44
2943.5	4.1352849316e-44
2944.0	4.2726130208999995e-44
2944.5	4.775973159999999e-44
2945.0	4.7282762915999985e-44
2945.5	4.506237384100001e-44
2946.0	4.9896390625e-44
2946.5	5.1949805625e-44
2947.0	4.706513302499998e-44
2947.5	4.714804249599999e-44
2948.0	4.5750215449e-44
2948.5	4.8405720169e-44
2949.0	4.4356150881e-44
2949.5	4.4026950276e-44
2950.0	4.819298184100001e-44
2950.5	5.03149761e-44
2951.0	4.861187136100001e-44
2951.5	4.760731248100001e-44
2952.0	4.5064921225e-44
2952.5	4.5754065604e-44
2953.0	4.5940349569e-44
2953.5	4.660158387599999e-44
2954.0	4.5530597641e-44
2954.5	4.4308566016e-44
2955.0	4.7510049024e-44
2955.5	5.099151096899998e-44
2956.0	5.1733957401e-44
2956.5	4.693462273600001e-44
2957.0	4.485839280399999e-44
2957.5	4.3527311423999997e-44
2958.0	4.314884472900001e-44
2958.5	4.649931576899999e-44
2959.0	4.2852312063999996e-44
2959.5	4.2420757368999994e-44
2960.0	4.1401668676e-44
2960.5	4.5924061401e-44
2961.0	4.3300615744000003e-44
2961.5	4.4205483000999997e-44
2962.0	4.9130495716e-44
2962.5	5.059890336399999e-44
2963.0	4.30230564e-44
2963.5	4.3968218596e-44
2964.0	4.559975868100001e-44
2964.5	4.7765850916e-44
2965.0	4.841496115600002e-44
2965.5	4.7679779449e-44
2966.0	5.332543192900001e-44
2966.5	5.1558514225e-44
2967.0	5.0336063449e-44
2967.5	4.785593759999999e-44
2968.0	4.564674980099999e-44
2968.5	5.312978900099998e-44
2969.0	6.464967316900001e-44
2969.5	6.319089888399998e-44
2970.0	5.318558440000001e-44
2970.5	5.0535489601e-44
2971.0	5.4217725409e-44
2971.5	4.988968960000001e-44
2972.0	4.704300723600001e-44
2972.5	4.670180323599999e-44
2973.0	4.4106720256000006e-44
2973.5	5.1100410916e-44
2974.0	5.012762766399999e-44
2974.5	5.355105092099999e-44
2975.0	5.252622259600001e-44
2975.5	4.925026177599999e-44
2976.0	5.507423304099999e-44
2976.5	5.046537602500001e-44
2977.0	4.767715920100001e-44
2977.5	5.051211300099999e-44
2978.0	5.007301290000001e-44
2978.5	5.246619302499999e-44
2979.0	4.6324383361e-44
2979.5	5.030600409999998e-44
2980.0	5.020109113600001e-44
2980.5	5.383606467599999e-44
2981.0	5.69156449e-44
2981.5	5.063130019600002e-44
2982.0	5.133940272400001e-44
2982.5	4.960820744099998e-44
2983.0	4.2899108641e-44
2983.5	4.495290444099998e-44
2984.0	5.0196610116e-44
2984.5	4.927245667600001e-44
2985.0	5.050132562500001e-44
2985.5	5.483980404099999e-44
2986.0	5.346638798399999e-44
2986.5	5.257482126400001e-44
2987.0	4.535835062499998e-44
2987.5	4.801620387600001e-44
2988.0	4.4065566724e-44
2988.5	4.6115415025e-44
2989.0	5.375395880099999e-44
2989.5	5.14563856e-44
2990.0	5.741391054399999e-44
2990.5	5.0297481441000005e-44
2991.0	4.668365209599998e-44
2991.5	4.535153568099999e-44
2992.0	4.800612460900002e-44
2992.5	5.240070374400001e-44
2993.0	5.46998544e-44
2993.5	4.858100892099999e-44
2994.0	4.3749160569e-44
2994.5	5.2124086249e-44
2995.0	5.179493222499999e-44
2995.5	4.7181487369e-44
2996.0	4.5923204209e-44
2996.5	4.4009746225e-44
2997.0	4.913226896399999e-44
2997.5	5.053683841600001e-44
2998.0	4.859643891599999e-44
2998.5	4.8939615729e-44
2999.0	4.6894768703999995e-44
2999.5	4.39824784e-44
3000.0	4.3917070096e-44
3000.5	5.5359031225e-44
3001.0	5.222276152899998e-44
3001.5	4.9654100224e-44
3002.0	5.101364304400001e-44
3002.5	5.737462089999998e-44
3003.0	5.4004647321e-44
3003.5	5.3315271801e-44
3004.0	5.3041774864e-44
3004.5	5.6814536164e-44
3005.0	5.870541326399998e-44
3005.5	5.0515259536e-44
3006.0	4.883392825600001e-44
3006.5	4.8847630225e-44
3007.0	4.9970578681e-44
3007.5	5.4705935449e-44
3008.0	5.0473463569e-44
3008.5	5.5255554225e-44
3009.0	5.152809200399999e-44
3009.5	4.901530323600001e-44
3010.0	5.0951775625e-44
3010.5	5.0831760681e-44
3011.0	4.517495193600001e-44
3011.5	5.159348816400001e-44
3012.0	5.6163786121e-44
3012.5	5.471716288900001e-44
3013.0	5.592515522499998e-44
3013.5	6.0266322064e-44
3014.0	5.768787348899999e-44
3014.5	5.5951644681e-44
3015.0	5.078262250000001e-44
3015.5	4.9046746225e-44
3016.0	4.9498685289e-44
3016.5	5.133577747599999e-44
3017.0	5.336562010000001e-44
3017.5	5.677735839999998e-44
3018.0	5.102222616099999e-44
3018.5	4.829269953600001e-44
3019.0	5.3571417025e-44
3019.5	6.040240136099999e-44
3020.0	6.433426416399998e-44
3020.5	6.064940544099998e-44
3021.0	5.9915290176e-44
3021.5	6.212157456399999e-44
3022.0	6.164494465599999e-44
3022.5	5.642762702499998e-44
3023.0	5.769411841599999e-44
3023.5	5.701111289999999e-44
3024.0	5.845950265600001e-44
3024.5	5.338040576400001e-44
3025.0	5.663400444100002e-44
3025.5	5.743835356900001e-44
3026.0	6.746071182399998e-44
3026.5	6.088605600099998e-44
3027.0	5.735067039999998e-44
3027.5	6.286202272899998e-44
3028.0	6.358819588899998e-44
3028.5	5.805931202499996e-44
3029.0	6.1171139584000005e-44
3029.5	6.7871191441e-44
3030.0	6.774515784100001e-44
3030.5	6.651240999999999e-44
3031.0	6.9499722384e-44
3031.5	6.071985939599999e-44
3032.0	6.284798302500001e-44
3032.5	5.4129744964e-44
3033.0	6.181886595599998e-44
3033.5	6.4378405441e-44
3034.0	5.946428560899999e-44
3034.5	5.890717326399999e-44
3035.0	6.986559104099998e-44
3035.5	6.863614022499999e-44
3036.0	7.0083561289e-44
3036.5	6.7035423744e-44
3037.0	6.4332235044e-44
3037.5	5.9114141956e-44
3038.0	6.506937756899999e-44
3038.5	6.3631576009e-44
3039.0	6.726190380099999e-44
3039.5	7.816665388899999e-44
3040.0	8.176740249999999e-44
3040.5	7.372039522499999e-44
3041.0	7.3542388969e-44
3041.5	7.7789672464e-44
3042.0	6.892357608899999e-44
3042.5	7.099826702499999e-44
3043.0	6.870584592399999e-44
3043.5	5.78306304e-44
3044.0	5.863952833599999e-44
3044.5	6.559181988099998e-44
3045.0	5.8427108089e-44
3045.5	6.5580551569e-44
3046.0	6.193627689999999e-44
3046.5	6.1249815169000005e-44
3047.0	6.068930790400001e-44
3047.5	5.767970755600001e-44
3048.0	6.211708828899999e-44
3048.5	6.4438299409e-44
3049.0	6.388610104900001e-44
3049.5	7.015240876900002e-44
3050.0	6.718049286400001e-44
3050.5	6.2976404401e-44
3051.0	6.8350350721e-44
3051.5	6.949655888399997e-44
3052.0	6.36855696e-44
3052.5	5.3594102016000005e-44
3053.0	5.809305062500001e-44
3053.5	6.9718705849e-44
3054.0	7.023878067599999e-44
3054.5	7.458797966399999e-44
3055.0	7.491223740099998e-44
3055.5	6.832734602499998e-44
3056.0	7.169595312100001e-44
3056.5	7.477927776399998e-44
3057.0	7.4377289284e-44
3057.5	6.908801971599999e-44
3058.0	7.490895302499999e-44
3058.5	7.162421112899999e-44
3059.0	6.7052513025e-44
3059.5	6.8310095044e-44
3060.0	7.292430202500002e-44
3060.5	7.126497202499999e-44
3061.0	6.769207132899999e-44
3061.5	7.767313260099999e-44
3062.0	7.93717929e-44
3062.5	8.764737880899999e-44
3063.0	7.512971360400001e-44
3063.5	7.07719609e-44
3064.0	6.9180572484e-44
3064.5	6.3301553604e-44
3065.0	6.17323716e-44
3065.5	6.755164864899999e-44
3066.0	7.100785972900001e-44
3066.5	7.176290899600001e-44
3067.0	7.5113816761e-44
3067.5	7.420829774399999e-44
3068.0	6.5170431225e-44
3068.5	6.562768004099998e-44
3069.0	7.2372298441e-44
3069.5	6.8113170225e-44
3070.0	7.34897881e-44
3070.5	7.019956230399999e-44
3071.0	6.469290510400001e-44
3071.5	6.514541569600001e-44
3072.0	7.401936422499998e-44
3072.5	7.9835632704e-44
3073.0	7.7732228025e-44
3073.5	6.334684934399999e-44
3074.0	7.126497202499999e-44
3074.5	6.79592761e-44
3075.0	6.5282805025e-44
3075.5	7.3400355625e-44
3076.0	8.0890185744e-44
3076.5	7.881382464399999e-44
3077.0	7.957758902499999e-44
3077.5	8.367424022499999e-44
3078.0	7.355377926399999e-44
3078.5	6.333074233600001e-44
3079.0	6.6033066961e-44
3079.5	6.987299222499999e-44
3080.0	6.750591276099999e-44
3080.5	6.484967833600001e-44
3081.0	6.577429622499998e-44
3081.5	6.563946480399998e-44
3082.0	5.3891765316e-44
3082.5	6.058391504400001e-44
3083.0	6.207821402499999e-44
3083.5	6.019367833599999e-44
3084.0	6.280035999999999e-44
3084.5	5.8591591249e-44
3085.0	5.0466274609e-44
3085.5	5.465449108900001e-44
3086.0	5.741966137599999e-44
3086.5	5.843242598399998e-44
3087.0	5.9554057369000005e-44
3087.5	6.362501759999999e-44
3088.0	6.732260515600001e-44
3088.5	7.242288322499998e-44
3089.0	6.5118363489e-44
3089.5	7.470764892899998e-44
3090.0	7.493358759999999e-44
3090.5	8.452974759999999e-44
3091.0	7.274294468099999e-44
3091.5	6.257702371600001e-44
3092.0	6.959888185599998e-44
3092.5	6.3941719689e-44
3093.0	5.6294680225e-44
3093.5	5.648370156899998e-44
3094.0	5.2181178624e-44
3094.5	5.5722435136e-44
3095.0	6.053272915600001e-44
3095.5	6.6682216441e-44
3096.0	6.475345408899999e-44
3096.5	5.8865920129e-44
3097.0	6.2422024336e-44
3097.5	6.339870768099999e-44
3098.0	6.6235713769e-44
3098.5	6.5869735801e-44
3099.0	6.590259122499999e-44
3099.5	6.442205422499999e-44
3100.0	6.298995648400001e-44
3100.5	5.500103752899999e-44
3101.0	6.195569028099999e-44
3101.5	6.4781957529e-44
3102.0	5.9081566489e-44
3102.5	5.9268389401e-44
3103.0	6.363006249999999e-44
3103.5	6.413303002499998e-44
3104.0	5.862548412899999e-44
3104.5	6.507652020099998e-44
3105.0	6.339518265599999e-44
3105.5	6.335288999999999e-44
3106.0	6.273321715599999e-44
3106.5	6.475090944400001e-44
3107.0	6.268663912899999e-44
3107.5	5.293358532899998e-44
3108.0	5.3474250025e-44
3108.5	5.863468531600001e-44
3109.0	6.189546894399999e-44
3109.5	6.453682968099999e-44
3110.0	5.929224999999999e-44
3110.5	5.300401107600001e-44
3111.0	5.527153980099999e-44
3111.5	5.376091449600001e-44
3112.0	5.947647888399999e-44
3112.5	6.716649722500001e-44
3113.0	7.1519874624e-44
3113.5	5.675210352899997e-44
3114.0	5.7578881936e-44
3114.5	6.27352209e-44
3115.0	6.2515500961e-44
3115.5	5.403114291599999e-44
3116.0	5.9768025625e-44
3116.5	6.467561059600001e-44
3117.0	5.4145566864e-44
3117.5	5.4344468161e-44
3118.0	6.066566041599999e-44
3118.5	5.7707089729e-44
3119.0	5.831693712099999e-44
3119.5	6.214151552399998e-44
3120.0	6.27853249e-44
3120.5	6.145639321600001e-44
3121.0	5.4666180864e-44
3121.5	6.0406333729e-44
3122.0	6.4327162384e-44
3122.5	5.901644248899999e-44
3123.0	5.648132496400001e-44
3123.5	5.774409000000001e-44
3124.0	5.685029548900001e-44
3124.5	5.888096371599999e-44
3125.0	5.692375656900001e-44
3125.5	5.487962169600001e-44
3126.0	5.182224602500001e-44
3126.5	5.309291556099998e-44
3127.0	5.426849793599999e-44
3127.5	5.542634318400001e-44
3128.0	5.451477825600001e-44
3128.5	4.700961148899999e-44
3129.0	5.1839093124e-44
3129.5	5.9580904464e-44
3130.0	5.1998593024e-44
3130.5	5.524615202500001e-44
3131.0	5.5546005124e-44
3131.5	4.972052636099998e-44
3132.0	5.6226842884e-44
3132.5	5.311227252099999e-44
3133.0	5.12388496e-44
3133.5	5.6170422009e-44
3134.0	5.7036902976e-44
3134.5	5.738803536399999e-44
3135.0	6.083918233599998e-44
3135.5	5.813885440000001e-44
3136.0	5.7757547584e-44
3136.5	5.617516216899998e-44
3137.0	5.647942371599999e-44
3137.5	5.454560250000001e-44
3138.0	5.046133249599999e-44
3138.5	4.4697570723999993e-44
3139.0	4.763699108099999e-44
3139.5	5.66820864e-44
3140.0	5.6985806089e-44
3140.5	5.5758321424e-44
3141.0	5.982182222499999e-44
3141.5	5.420561804099998e-44
3142.0	5.1732137809e-44
3142.5	4.9648306761e-44
3143.0	5.2121346601e-44
3143.5	5.500244467599999e-44
3144.0	4.858894404100001e-44
3144.5	4.212181569599999e-44
3145.0	4.5728828649e-44
3145.5	5.153671828899999e-44
3146.0	5.727454104100001e-44
3146.5	5.050626969600001e-44
3147.0	5.844499651599999e-44
3147.5	5.7732556176e-44
3148.0	5.180403602499999e-44
3148.5	5.308231681600001e-44
3149.0	5.6575952449e-44
3149.5	5.8578036841e-44
3150.0	5.24318404e-44
3150.5	5.020198736399999e-44
3151.0	4.938795075599999e-44
3151.5	5.137384896399999e-44
3152.0	5.283102250000001e-44
3152.5	5.447742721599999e-44
3153.0	5.571063296100001e-44
3153.5	5.0813725561e-44
3154.0	5.295935664099998e-44
3154.5	5.3033944681e-44
3155.0	5.2915641156e-44
3155.5	6.014707200099999e-44
3156.0	6.0635615049e-44
3156.5	5.398791660899999e-44
3157.0	4.9972814116e-44
3157.5	5.0214087225e-44
3158.0	5.116327324900001e-44
3158.5	5.7710933361e-44
3159.0	5.794274836899999e-44
3159.5	5.863807540900001e-44
3160.0	5.6304171225e-44
3160.5	5.598145281600001e-44
3161.0	5.2120433401e-44
3161.5	4.768065288099998e-44
3162.0	5.670542064100001e-44
3162.5	4.94350756e-44
3163.0	5.2594542225e-44
3163.5	4.894315536100001e-44
3164.0	5.137928889999999e-44
3164.5	5.2050141025e-44
3165.0	5.718220038400001e-44
3165.5	5.763312476099999e-44
3166.0	5.569128009999999e-44
3166.5	4.987226904099998e-44
3167.0	4.961756249999998e-44
3167.5	5.4912423556e-44
3168.0	5.4109738225e-44
3168.5	5.0240532736e-44
3169.0	4.812363564099999e-44
3169.5	4.873895136099999e-44
3170.0	5.128141411599999e-44
3170.5	4.569547522500001e-44
3171.0	5.1921546769e-44
3171.5	5.039710704899999e-44
3172.0	4.973970457599999e-44
3172.5	5.150766420899999e-44
3173.0	5.247077422499999e-44
3173.5	4.9460870404e-44
3174.0	5.35089424e-44
3174.5	5.678021779599999e-44
3175.0	5.978367304900001e-44
3175.5	5.789076602499999e-44
3176.0	5.955600968099998e-44
3176.5	5.635733560899999e-44
3177.0	5.3446966596e-44
3177.5	5.069792624399999e-44
3178.0	4.517537702500001e-44
3178.5	4.783800096099999e-44
3179.0	5.4747576324e-44
3179.5	5.0336960881e-44
3180.0	5.5787605636e-44
3180.5	5.904705601600001e-44
3181.0	5.2376441881e-44
3181.5	5.24043664e-44
3182.0	5.120580636899999e-44
3182.5	5.263078339599999e-44
3183.0	5.539432960000001e-44
3183.5	5.405439001600001e-44
3184.0	4.974773376399999e-44
3184.5	5.0088678025e-44
3185.0	5.616852600099999e-44
3185.5	5.236454188899999e-44
3186.0	5.216473281599999e-44
3186.5	5.091115322500001e-44
3187.0	4.9549424409e-44
3187.5	5.104662422499999e-44
3188.0	4.944441432100001e-44
3188.5	5.178673948899998e-44
3189.0	5.850883699600002e-44
3189.5	5.375395880099999e-44
3190.0	5.3071258384e-44
3190.5	4.848804e-44
3191.0	5.074206759999999e-44
3191.5	5.182133544900002e-44
3192.0	5.592988502500001e-44
3192.5	5.779648728099999e-44
3193.0	5.688415801599999e-44
3193.5	5.725443984099998e-44
3194.0	5.761968168099999e-44
3194.5	5.030106984099998e-44
3195.0	4.6017972324e-44
3195.5	5.391173172100001e-44
3196.0	5.3451590416e-44
3196.5	4.9772271409e-44
3197.0	5.613582489999999e-44
3197.5	5.2278078736e-44
3198.0	5.521137084099999e-44
3198.5	6.080366905599999e-44
3199.0	5.8163933584e-44
3199.5	5.285952774399999e-44
3200.0	5.817213372100001e-44
3200.5	6.2264222784e-44
3201.0	5.090212822499999e-44
3201.5	4.1131896099999997e-44
3202.0	4.853253060099999e-44
3202.5	5.146682076899999e-44
3203.0	5.2114041225e-44
3203.5	4.822328160399998e-44
3204.0	5.3773899664e-44
3204.5	5.767298310399999e-44
3205.0	5.135617116100001e-44
3205.5	5.214737616399999e-44
3206.0	5.042090611600001e-44
3206.5	4.974148878399999e-44
3207.0	5.16016656e-44
3207.5	5.432768488900001e-44
3208.0	4.8094244416e-44
3208.5	4.698923289999998e-44
3209.0	5.513667534399999e-44
3209.5	5.212362963599998e-44
3210.0	5.249093388100001e-44
3210.5	5.3006773824e-44
3211.0	5.471061340900001e-44
3211.5	5.3262639369e-44
3212.0	4.9552986025e-44
3212.5	5.1286396225e-44
3213.0	5.690562540099998e-44
3213.5	6.193229504400001e-44
3214.0	5.714490249999998e-44
3214.5	5.8881449025e-44
3215.0	6.018877155600001e-44
3215.5	6.248550084099999e-44
3216.0	5.3998605376e-44
3216.5	4.938706182400001e-44
3217.0	5.8444513009e-44
3217.5	5.0452796689e-44
3218.0	5.1451848899999985e-44
3218.5	5.046492673599998e-44
3219.0	5.5817370049e-44
3219.5	6.288910372900001e-44
3220.0	5.589347072399999e-44
3220.5	6.025404808899998e-44
3221.0	5.862838968900001e-44
3221.5	5.379941080899998e-44
3222.0	4.788831955599999e-44
3222.5	5.711861002500001e-44
3223.0	6.2385552441e-44
3223.5	5.811763777599999e-44
3224.0	5.523769072899999e-44
3224.5	5.513291841599999e-44
3225.0	6.1515904576e-44
3225.5	6.003529044099999e-44
3226.0	5.7606240169e-44
3226.5	5.959799212900001e-44
3227.0	6.3901772944e-44
3227.5	6.2773799209e-44
3228.0	6.504387136899999e-44
3228.5	5.829761960099998e-44
3229.0	5.052604839999999e-44
3229.5	5.0169280225e-44
3230.0	6.1304274409e-44
3230.5	6.4817086464e-44
3231.0	6.699555722499999e-44
3231.5	5.920316248899999e-44
3232.0	5.8261890625e-44
3232.5	5.843290944099999e-44
3233.0	6.401102401599998e-44
3233.5	6.0008341156e-44
3234.0	5.817213372100001e-44
3234.5	7.176505209999999e-44
3235.0	7.029232612899998e-44
3235.5	6.524806096899999e-44
3236.0	6.7422276964e-44
3236.5	7.0167771664e-44
3237.0	6.979318585599999e-44
3237.5	6.218190576900001e-44
3238.0	6.189596652099999e-44
3238.5	6.4053535744e-44
3239.0	6.4567318201e-44
3239.5	7.0890127504e-44
3240.0	7.7234523921e-44
3240.5	6.932109752099998e-44
3241.0	6.400798800399999e-44
3241.5	7.2458949124e-44
3242.0	7.4227912704e-44
3242.5	6.661302902500001e-44
3243.0	6.317380633599998e-44
3243.5	6.7159240801e-44
3244.0	6.338863644099999e-44
3244.5	6.224276522499999e-44
3245.0	6.549607008400001e-44
3245.5	7.183472039999999e-44
3246.0	6.900603610000001e-44
3246.5	6.2774801401e-44
3247.0	6.5337494544e-44
3247.5	7.5704771025e-44
3248.0	7.2811466896e-44
3248.5	7.399868872900001e-44
3249.0	7.233894368099999e-44
3249.5	7.498286889999998e-44
3250.0	7.458197140900001e-44
3250.5	7.1521479225e-44
3251.0	7.031990204099999e-44
3251.5	7.936446808899999e-44
3252.0	8.507780576099998e-44
3252.5	8.786837347600003e-44
3253.0	8.862112224899998e-44
3253.5	8.910344400399998e-44
3254.0	8.6282600121e-44
3254.5	7.9842979225e-44
3255.0	7.048175425600001e-44
3255.5	6.650983102500001e-44
3256.0	7.4455853956e-44
3256.5	7.032255385599998e-44
3257.0	7.028755392399999e-44
3257.5	7.296913638399998e-44
3258.0	7.8636498084e-44
3258.5	7.5954257604e-44
3259.0	7.288542072899999e-44
3259.5	6.36704289e-44
3260.0	6.6861547776e-44
3260.5	7.517357568400001e-44
3261.0	7.4170164964e-44
3261.5	7.634113740100002e-44
3262.0	8.642188857600002e-44
3262.5	8.055322476100001e-44
3263.0	6.6295435441e-44
3263.5	6.889732528899998e-44
3264.0	7.708896720100001e-44
3264.5	7.540515999999999e-44
3265.0	8.311112409999998e-44
3265.5	8.552700249999998e-44
3266.0	8.778361608899999e-44
3266.5	8.190185422499999e-44
3267.0	8.631197652099998e-44
3267.5	7.562499999999999e-44
3268.0	7.687698928899998e-44
3268.5	8.272181299600001e-44
3269.0	8.220491779599999e-44
3269.5	9.1126100641e-44
3270.0	8.086004088099998e-44
3270.5	6.945702120900001e-44
3271.0	7.6765568356e-44
3271.5	9.902224368399999e-44
3272.0	9.366905091599999e-44
3272.5	9.136775744099997e-44
3273.0	8.143946137599997e-44
3273.5	7.4584156201e-44
3274.0	8.300103380100002e-44
3274.5	9.1922963344e-44
3275.0	9.790202944899999e-44
3275.5	8.902107649599998e-44
3276.0	9.127709864099999e-44
3276.5	1.00816410256e-43
3277.0	9.817631556100002e-44
3277.5	9.6339468996e-44
3278.0	1.01976119569e-43
3278.5	9.4936701924e-44
3279.0	1.22967344889e-43
3279.5	1.12082335369e-43
3280.0	1.03765804129e-43
3280.5	1.01197789456e-43
3281.0	1.02373121764e-43
3281.5	1.0724511528899997e-43
3282.0	9.35014084e-44
3282.5	9.781881759999999e-44
3283.0	1.0426957646399998e-43
3283.5	1.06357515625e-43
3284.0	1.1198861460899999e-43
3284.5	9.5259884164e-44
3285.0	9.522038208399999e-44
3285.5	1.15062067264e-43
3286.0	1.00909146244e-43
3286.5	1.05805777284e-43
3287.0	1.1469872358399996e-43
3287.5	1.14515913604e-43
3288.0	1.1422507278399999e-43
3288.5	1.2355928009999996e-43
3289.0	1.0689499470399999e-43
3289.5	1.1527179328900002e-43
3290.0	1.2684923328100002e-43
3290.5	1.333272196e-43
3291.0	1.1699546611599999e-43
3291.5	1.3702730958399998e-43
3292.0	1.3157595475599998e-43
3292.5	1.2680293683599998e-43
3293.0	1.20243884644e-43
3293.5	1.2392300872899999e-43
3294.0	1.27724752996e-43
3294.5	1.44298177956e-43
3295.0	1.44158421124e-43
3295.5	1.25423639104e-43
3296.0	1.25696484369e-43
3296.5	1.5557818035599998e-43
3297.0	1.51203544801e-43
3297.5	1.52602734736e-43
3298.0	1.71140243481e-43
3298.5	1.70275896025e-43
3299.0	1.6480433352099997e-43
3299.5	1.7644956348100004e-43
3300.0	1.35989837824e-43
3300.5	1.32113348676e-43
3301.0	1.46969489956e-43
3301.5	1.7247907363599999e-43
3302.0	1.56599067076e-43
3302.5	1.5700296769599999e-43
3303.0	2.01555204601e-43
3303.5	1.7792789422500002e-43
3304.0	1.7092519176099997e-43
3304.5	1.7049962305599998e-43
3305.0	1.92936170025e-43
3305.5	1.84998052996e-43
3306.0	1.7859075999999999e-43
3306.5	1.6487254202499999e-43
3307.0	1.60458728329e-43
3307.5	1.59008740081e-43
3308.0	1.82768220196e-43
3308.5	1.79019533449e-43
3309.0	1.59190626169e-43
3309.5	1.53778485316e-43
3310.0	1.706681344e-43
3310.5	2.0264402559999997e-43
3311.0	1.8642360582399997e-43
3311.5	1.77234264064e-43
3312.0	1.80619050049e-43
3312.5	1.8269640489999997e-43
3313.0	1.50810285649e-43
3313.5	1.5266836998399998e-43
3314.0	1.67596896996e-43
3314.5	1.6671950596900002e-43
3315.0	1.79710709929e-43
3315.5	1.7667562758399999e-43
3316.0	1.6294866156099996e-43
3316.5	1.509866449e-43
3317.0	1.36115247844e-43
3317.5	1.6529997804100007e-43
3318.0	1.96879451521e-43
3318.5	1.9016140562500004e-43
3319.0	1.6463630851599997e-43
3319.5	1.62087565201e-43
3320.0	1.58817393361e-43
3320.5	1.7513639104899998e-43
3321.0	1.5236609628100001e-43
3321.5	1.318270864e-43
3322.0	1.3388939628100002e-43
3322.5	1.4137449600400002e-43
3323.0	1.4853238920100002e-43
3323.5	1.6305443999999993e-43
3324.0	1.6416353924099999e-43
3324.5	1.3885013587599998e-43
3325.0	1.5264414580899997e-43
3325.5	1.67884409169e-43
3326.0	1.4943559176099997e-43
3326.5	1.2707656448399999e-43
3327.0	1.31829264889e-43
3327.5	1.52049304225e-43
3328.0	1.5810086916099993e-43
3328.5	1.50194227401e-43
3329.0	1.3464863302499999e-43
3329.5	1.19408258025e-43
3330.0	1.2583053507599999e-43
3330.5	1.1682724e-43
3331.0	1.2350304490000002e-43
3331.5	1.3069526432399996e-43
3332.0	1.11953144836e-43
3332.5	1.0934992376099999e-43
3333.0	1.1102223999999999e-43
3333.5	9.729346256100002e-44
3334.0	1.0112272800399999e-43
3334.5	9.3667214601e-44
3335.0	1.0321762562500002e-43
3335.5	1.0569391123600002e-43
3336.0	9.845224044099998e-44
3336.5	9.9463282884e-44
3337.0	9.8304196225e-44
3337.5	8.835637350400002e-44
3338.0	8.510931022499998e-44
3338.5	8.5594279225e-44
3339.0	1.00345767076e-43
3339.5	1.05574306084e-43
3340.0	1.07140346329e-43
3340.5	9.7267263129e-44
3341.0	9.021252531599998e-44
3341.5	8.8029109809e-44
3342.0	8.430544531599998e-44
3342.5	9.145846124099999e-44
3343.0	9.6028713225e-44
3343.5	8.9908823104e-44
3344.0	9.767750115599998e-44
3344.5	1.7085408902499999e-43
3345.0	3.41574789136e-43
3345.5	1.5364988832399994e-43
3346.0	9.8892638784e-44
3346.5	8.853362211599998e-44
3347.0	8.156621760399999e-44
3347.5	9.5047656804e-44
3348.0	9.9564229444e-44
3348.5	9.186597283600002e-44
3349.0	9.6976810921e-44
3349.5	8.500198560099999e-44
3350.0	7.759901635599999e-44
3350.5	8.11794064e-44
3351.0	8.1137813409e-44
3351.5	8.818880515599999e-44
3352.0	9.46669824e-44
3352.5	9.040425292899999e-44
3353.0	9.5619482176e-44
3353.5	9.0295442064e-44
3354.0	7.764024959999999e-44
3354.5	8.5093557264e-44
3355.0	7.119558062499999e-44
3355.5	7.406562249999999e-44
3356.0	7.5699818496e-44
3356.5	6.6782963776e-44
3357.0	7.545020112399998e-44
3357.5	7.913587872100001e-44
3358.0	7.5589804096e-44
3358.5	7.243633960000001e-44
3359.0	7.2362614009e-44
3359.5	7.750099210000001e-44
3360.0	6.938798905599999e-44
3360.5	7.820915628099999e-44
3361.0	8.061510918400003e-44
3361.5	7.573448960099999e-44
3362.0	7.591457667600001e-44
3362.5	7.6663088161e-44
3363.0	7.233410249999999e-44
3363.5	7.416362889999999e-44
3364.0	6.858427699599999e-44
3364.5	6.351559252900001e-44
3365.0	7.005920796899999e-44
3365.5	8.5438705401e-44
3366.0	8.737522164899999e-44
3366.5	7.948001408399999e-44
3367.0	8.738822822499998e-44
3367.5	7.945238812899998e-44
3368.0	6.9623682769e-44
3368.5	7.030240131599999e-44
3369.0	7.7315139136e-44
3369.5	8.209886784100001e-44
3370.0	7.493249264400001e-44
3370.5	7.447386420099998e-44
3371.0	7.8701008369e-44
3371.5	7.5898046016e-44
3372.0	8.353602867600002e-44
3372.5	7.857481734399999e-44
3373.0	7.470655562499999e-44
3373.5	7.556781081599999e-44
3374.0	7.904813402499999e-44
3374.5	6.956881008099999e-44
3375.0	6.076619406399999e-44
3375.5	6.4182675649e-44
3376.0	7.900034489999999e-44
3376.5	8.015127210000001e-44
3377.0	7.1468002225e-44
3377.5	6.6186309289e-44
3378.0	6.912745224099999e-44
3378.5	6.756880360000001e-44
3379.0	6.884431392400001e-44
3379.5	6.622902250000001e-44
3380.0	6.364166652899999e-44
3380.5	6.408694771599999e-44
3381.0	7.054070402500002e-44
3381.5	7.559145372100001e-44
3382.0	7.822146176099999e-44
3382.5	7.3984e-44
3383.0	7.414674540099999e-44
3383.5	7.375135118400001e-44
3384.0	7.78521604e-44
3384.5	7.4652447076e-44
3385.0	7.1323714225e-44
3385.5	7.0881607696e-44
3386.0	6.9618405609e-44
3386.5	7.595370640899998e-44
3387.0	7.7879506761e-44
3387.5	6.67912336e-44
3388.0	6.423234048099999e-44
3388.5	6.817321e-44
3389.0	7.201708959999999e-44
3389.5	6.890887502499999e-44
3390.0	6.860732490000001e-44
3390.5	7.428132211599999e-44
3391.0	6.7404621376e-44
3391.5	6.450634836099998e-44
3392.0	7.479513916900001e-44
3392.5	7.864827624900003e-44
3393.0	7.155571500099998e-44
3393.5	7.679050632099999e-44
3394.0	7.6796048641e-44
3394.5	6.7061835369e-44
3395.0	7.9705711684e-44
3395.5	7.032202348900001e-44
3396.0	6.50097009e-44
3396.5	6.7375546624e-44
3397.0	7.817280483599999e-44
3397.5	7.437783472900001e-44
3398.0	6.638300720100001e-44
3398.5	7.114702675599999e-44
3399.0	7.869090936099998e-44
3399.5	7.944167731599999e-44
3400.0	7.524926785600001e-44
3400.5	6.613075128099999e-44
3401.0	6.225274502499999e-44
3401.5	7.147762660900001e-44
3402.0	7.630743264399999e-44
3402.5	7.3790462736e-44
3403.0	7.074961614399998e-44
3403.5	6.746850400900001e-44
3404.0	6.370576e-44
3404.5	7.325791824399998e-44
3405.0	8.1375549696e-44
3405.5	7.184865811599999e-44
3406.0	7.378991944899995e-44
3406.5	7.715561736100001e-44
3407.0	6.888997596099999e-44
3407.5	7.316484009999998e-44
3408.0	7.4410019524e-44
3408.5	7.1918366976e-44
3409.0	8.152680984100001e-44
3409.5	7.289568006399998e-44
3410.0	7.3274158864e-44
3410.5	6.862932878399999e-44
3411.0	7.425461500900003e-44
3411.5	7.443402627599999e-44
3412.0	7.1653653124e-44
3412.5	7.3842084121e-44
3413.0	6.916426608099999e-44
3413.5	6.685585922499999e-44
3414.0	7.471475559999997e-44
3414.5	8.3940575625e-44
3415.0	7.4351110276e-44
3415.5	7.016724188099999e-44
3416.0	7.5479320225e-44
3416.5	8.471883422500002e-44
3417.0	7.863201139599999e-44
3417.5	7.8172245649e-44
3418.0	6.9503940496e-44
3418.5	7.677498888900001e-44
3419.0	7.4979582976e-44
3419.5	7.3204336969e-44
3420.0	7.17221961e-44
3420.5	7.080974220099998e-44
3421.0	6.282993428100001e-44
3421.5	6.29959801e-44
3422.0	7.1437529284e-44
3422.5	7.900203132899999e-44
3423.0	9.0302654016e-44
3423.5	8.0617380624e-44
3424.0	8.7861259396e-44
3424.5	8.71312324e-44
3425.0	8.330958595600001e-44
3425.5	7.8698764089e-44
3426.0	7.965998208099999e-44
3426.5	8.464317422499999e-44
3427.0	9.235156323600002e-44
3427.5	7.6604400624999955e-44
3428.0	7.423772115599997e-44
3428.5	8.609118856899998e-44
3429.0	8.8820092729e-44
3429.5	8.9684077729e-44
3430.0	8.971822089999999e-44
3430.5	8.301025322500001e-44
3431.0	8.654540259599998e-44
3431.5	8.6495986404e-44
3432.0	8.3153219769e-44
3432.5	8.559310896899996e-44
3433.0	8.432693288099999e-44
3433.5	8.443847988899998e-44
3434.0	8.0919767296e-44
3434.5	7.3685645401e-44
3435.0	8.0091830025e-44
3435.5	8.352042200099998e-44
3436.0	8.595451239999999e-44
3436.5	8.6568939076e-44
3437.0	8.651480995599999e-44
3437.5	8.10882576e-44
3438.0	9.095290905599997e-44
3438.5	9.6728464144e-44
3439.0	8.3942313984e-44
3439.5	8.190471609999998e-44
3440.0	7.550734579599998e-44
3440.5	7.938588002500003e-44
3441.0	9.097040176899996e-44
3441.5	7.652028412899999e-44
3442.0	8.939801002500003e-44
3442.5	8.836172404900002e-44
3443.0	8.6568350625e-44
3443.5	8.8400371684e-44
3444.0	9.588250320099999e-44
3444.5	8.832546241600002e-44
3445.0	8.104611859600001e-44
3445.5	7.953640848400002e-44
3446.0	7.957476810000001e-44
3446.5	8.195623839999999e-44
3447.0	9.5448866704e-44
3447.5	9.396064089999998e-44
3448.0	9.5682574276e-44
3448.5	9.548223600399998e-44
3449.0	9.289816326399996e-44
3449.5	1.03326245136e-43
3450.0	1.1635944322499999e-43
3450.5	1.20440232025e-43
3451.0	9.26958916e-44
3451.5	8.114009220099998e-44
3452.0	9.4856608144e-44
3452.5	9.979091460899998e-44
3453.0	9.7614379489e-44
3453.5	9.072144000000002e-44
3454.0	9.046439752899999e-44
3454.5	9.2723295025e-44
3455.0	9.498107610000002e-44
3455.5	1.0101018804100001e-43
3456.0	1.0499803315599998e-43
3456.5	9.502607716900001e-44
3457.0	9.717122872899996e-44
3457.5	9.665321388099998e-44
3458.0	9.55984561e-44
3458.5	9.477654816399998e-44
3459.0	1.06331427225e-43
3459.5	1.0869285859599999e-43
3460.0	1.01341628964e-43
3460.5	8.7787171521e-44
3461.0	9.5927717284e-44
3461.5	1.04972760025e-43
3462.0	1.05000625444e-43
3462.5	1.0587604899599999e-43
3463.0	1.0843585561600002e-43
3463.5	1.09365797025e-43
3464.0	1.1550413988100002e-43
3464.5	1.1583676110399998e-43
3465.0	1.0948686854400001e-43
3465.5	9.7609380625e-44
3466.0	1.0997912016099998e-43
3466.5	1.2433169644899997e-43
3467.0	1.1923070880399998e-43
3467.5	1.0938894759999999e-43
3468.0	1.1105223002499998e-43
3468.5	1.1519982692099998e-43
3469.0	1.11735095824e-43
3469.5	1.19783825604e-43
3470.0	1.0896204883599998e-43
3470.5	1.09271235844e-43
3471.0	1.1313132249999998e-43
3471.5	1.23792089281e-43
3472.0	1.13869128025e-43
3472.5	1.17334336681e-43
3473.0	1.19154064969e-43
3473.5	1.2117778723599999e-43
3474.0	1.02834379684e-43
3474.5	1.2353256678399999e-43
3475.0	1.20314634496e-43
3475.5	1.0953121202499998e-43
3476.0	1.2020505043599999e-43
3476.5	1.16133734656e-43
3477.0	1.20014437761e-43
3477.5	1.14895915369e-43
3478.0	1.06544140921e-43
3478.5	1.1951955265600002e-43
3479.0	1.1557688115599998e-43
3479.5	1.1092363470399998e-43
3480.0	1.12869793521e-43
3480.5	1.10032187521e-43
3481.0	1.1238116428899999e-43
3481.5	1.2016552920099999e-43
3482.0	1.23663348964e-43
3482.5	1.1384955705600002e-43
3483.0	1.05079057281e-43
3483.5	1.1994239092899999e-43
3484.0	1.289456281e-43
3484.5	1.2727270300899996e-43
3485.0	1.0995855999999999e-43
3485.5	1.2042288039999999e-43
3486.0	1.275989841e-43
3486.5	1.135622601e-43
3487.0	1.2955608372099999e-43
3487.5	1.5733994892100001e-43
3488.0	1.449401041e-43
3488.5	1.26513241969e-43
3489.0	1.31830717225e-43
3489.5	1.4683764163599996e-43
3490.0	1.4439772000900001e-43
3490.5	1.3727247300899997e-43
3491.0	1.2336813264400002e-43
3491.5	1.4528675722499998e-43
3492.0	1.3038598809999996e-43
3492.5	1.2309782760899998e-43
3493.0	1.3492471704099999e-43
3493.5	1.29430855225e-43
3494.0	1.2912020488900001e-43
3494.5	1.2873600480399998e-43
3495.0	1.3111061646400001e-43
3495.5	1.4827736462400002e-43
3496.0	1.5974010562499997e-43
3496.5	1.3806352176099998e-43
3497.0	1.2850217478399997e-43
3497.5	1.38058319844e-43
3498.0	1.3793350323599999e-43
3498.5	1.38522418596e-43
3499.0	1.5179984822499998e-43
3499.5	1.3490120952099999e-43
3500.0	1.4731548948899998e-43
3500.5	1.6465253907599998e-43
3501.0	1.57116311641e-43
3501.5	1.6216084686399997e-43
3502.0	1.6362591304899993e-43
3502.5	1.61976466369e-43
3503.0	1.51048045201e-43
3503.5	1.48030254009e-43
3504.0	1.55253336484e-43
3504.5	1.7120892307599999e-43
3505.0	1.6703405520400001e-43
3505.5	1.5207660089999997e-43
3506.0	1.90037580489e-43
3506.5	1.8435000959999996e-43
3507.0	1.4543468688100002e-43
3507.5	1.4582927937599999e-43
3508.0	1.6208595480100007e-43
3508.5	1.6463630851599997e-43
3509.0	1.48655742481e-43
3509.5	1.43608407849e-43
3510.0	1.7259787160099998e-43
3510.5	1.8935552249999997e-43
3511.0	1.58415144196e-43
3511.5	1.62431568784e-43
3512.0	1.671256161e-43
3512.5	1.79832820489e-43
3513.0	1.5110634817599996e-43
3513.5	1.51940142025e-43
3514.0	1.94394573604e-43
3514.5	2.09768580025e-43
3515.0	2.04024759481e-43
3515.5	1.87709895025e-43
3516.0	1.6082185267599999e-43
3516.5	1.7155418448099996e-43
3517.0	1.7074746265599999e-43
3517.5	1.92047285824e-43
3518.0	1.8730545294399997e-43
3518.5	1.7372890886399996e-43
3519.0	1.8953397602499995e-43
3519.5	1.82709228025e-43
3520.0	2.1511786086399997e-43
3520.5	2.12577245721e-43
3521.0	1.860110641e-43
3521.5	1.74277026225e-43
3522.0	1.8303251932900003e-43
3522.5	1.8096516e-43
3523.0	1.6889798478399998e-43
3523.5	1.81598708736e-43
3524.0	1.83023962969e-43
3524.5	1.9302051428099997e-43
3525.0	1.8317116022500004e-43
3525.5	1.8516669609999998e-43
3526.0	2.0445680456099996e-43
3526.5	1.88467988641e-43
3527.0	1.8341091022499997e-43
3527.5	2.0449840622499998e-43
3528.0	1.87807823424e-43
3528.5	1.92876437329e-43
3529.0	2.2227358868099998e-43
3529.5	2.0440254788099997e-43
3530.0	1.9996100890000004e-43
3530.5	1.89952147225e-43
3531.0	1.7815405888899999e-43
3531.5	2.0034396960399995e-43
3532.0	2.1016356609600004e-43
3532.5	1.93446030625e-43
3533.0	2.09551541824e-43
3533.5	1.9372674073599997e-43
3534.0	1.93965372225e-43
3534.5	2.1231452217599996e-43
3535.0	2.30360641681e-43
3535.5	2.35223060004e-43
3536.0	2.36173644529e-43
3536.5	2.1782009094399996e-43
3537.0	2.3964549529600004e-43
3537.5	2.28886653241e-43
3538.0	2.0563141315599998e-43
3538.5	2.13550273225e-43
3539.0	2.25687704356e-43
3539.5	2.6700782598399996e-43
3540.0	2.4757889032899994e-43
3540.5	2.69647564176e-43
3541.0	3.0432434233599997e-43
3541.5	2.94014457361e-43
3542.0	2.7819717313599996e-43
3542.5	2.77738486081e-43
3543.0	2.9068164420100003e-43
3543.5	3.1187868852099997e-43
3544.0	3.0008703120399997e-43
3544.5	3.12141220416e-43
3545.0	2.6294537952400003e-43
3545.5	2.639082384e-43
3546.0	2.699114209e-43
3546.5	2.4652714522499996e-43
3547.0	2.9315294209599996e-43
3547.5	3.5734451508900007e-43
3548.0	3.440491142489999e-43
3548.5	3.06930404169e-43
3549.0	2.7538250336100003e-43
3549.5	2.57476071241e-43
3550.0	2.8170617760000004e-43
3550.5	3.15036360961e-43
3551.0	3.3123247878400007e-43
3551.5	3.1936739587599997e-43
3552.0	2.91665883721e-43
3552.5	3.137299334560001e-43
3553.0	3.817398582009999e-43
3553.5	3.8470013856399985e-43
3554.0	3.27828388969e-43
3554.5	3.1274490369600005e-43
3555.0	3.54384471204e-43
3555.5	4.3218922292100006e-43
3556.0	3.96728658496e-43
3556.5	3.628014289e-43
3557.0	2.9427261596100002e-43
3557.5	3.3934120089999996e-43
3558.0	3.90335053824e-43
3558.5	3.80809941604e-43
3559.0	3.23640383236e-43
3559.5	3.2157745808399996e-43
3560.0	3.74610098916e-43
3560.5	4.77901220416e-43
3561.0	3.9871773648099994e-43
3561.5	3.5882256432399995e-43
3562.0	3.82340645569e-43
3562.5	4.0681817932899995e-43
3563.0	3.9438148800399995e-43
3563.5	3.5624424704400007e-43
3564.0	4.152449160249999e-43
3564.5	4.1754988476100005e-43
3565.0	4.4240323795599996e-43
3565.5	4.33256201284e-43
3566.0	4.145672891609999e-43
3566.5	4.3475297216400005e-43
3567.0	4.24860186969e-43
3567.5	4.431178802409999e-43
3568.0	4.70501336761e-43
3568.5	4.7665215999999995e-43
3569.0	5.05543752256e-43
3569.5	5.3060152377599996e-43
3570.0	4.9367908012900006e-43
3570.5	5.66325482116e-43
3571.0	5.08815435969e-43
3571.5	5.0820644899599996e-43
3572.0	5.85664192369e-43
3572.5	5.689096561209999e-43
3573.0	5.1803574400900005e-43
3573.5	4.766010717689999e-43
3574.0	5.41385452521e-43
3574.5	5.04019063249e-43
3575.0	4.6958812022499995e-43
3575.5	4.9327023822399995e-43
3576.0	6.09359778225e-43
3576.5	5.93371333636e-43
3577.0	5.532681924000001e-43
3577.5	5.068827698489999e-43
3578.0	5.909473503609999e-43
3578.5	5.4830174467599994e-43
3579.0	5.59735904025e-43
3579.5	6.77317478049e-43
3580.0	6.741986412159999e-43
3580.5	5.77423693456e-43
3581.0	6.3508148640000005e-43
3581.5	5.68010932225e-43
3582.0	5.7853213576900005e-43
3582.5	7.1231405616899984e-43
3583.0	6.7848004260100005e-43
3583.5	5.977330894240001e-43
3584.0	6.4170353209600005e-43
3584.5	7.0148162702499995e-43
3585.0	6.30855301696e-43
3585.5	5.3141038244099995e-43
3586.0	6.927882109209999e-43
3586.5	8.052926591609999e-43
3587.0	7.43154340096e-43
3587.5	7.470853642809999e-43
3588.0	8.42790097296e-43
3588.5	7.978348226560001e-43
3589.0	8.807878810090001e-43
3589.5	1.0170319104e-42
3590.0	1.1491411203999994e-42
3590.5	1.3304238335999996e-42
3591.0	1.3439533040999998e-42
3591.5	9.28268660089e-43
3592.0	8.073651462250002e-43
3592.5	9.027318148839998e-43
3593.0	1.09935225e-42
3593.5	9.946711182239999e-43
3594.0	1.0470610276e-42
3594.5	1.0462221224999999e-42
3595.0	1.0125994384e-42
3595.5	1.0574625889000001e-42
3596.0	1.0530043455999998e-42
3596.5	1.2160355075999998e-42
3597.0	1.2580314243999999e-42
3597.5	1.2173591556e-42
3598.0	1.2157708644e-42
3598.5	1.2140954596e-42
3599.0	1.1161288608999998e-42
3599.5	1.0593143929e-42
3600.0	1.3350647024999999e-42
3600.5	1.4486770321e-42
3601.0	1.1737772280999999e-42
3601.5	1.0626104889e-42
3602.0	1.2688896024999999e-42
3602.5	1.2614883856e-42
3603.0	1.4135783236000002e-42
3603.5	1.4445876481e-42
3604.0	1.44144036e-42
3604.5	1.3027711321e-42
3605.0	1.3042782024999999e-42
3605.5	1.3110479000999999e-42
3606.0	1.5750501000999998e-42
3606.5	1.7276210721e-42
3607.0	1.6069111696e-42
3607.5	1.7757428048999993e-42
3608.0	1.7169385024000002e-42
3608.5	1.4230104099999998e-42
3609.0	1.5704851761000002e-42
3609.5	1.7582494800999995e-42
3610.0	1.8457939599999997e-42
3610.5	1.9408669225e-42
3611.0	2.1373562809e-42
3611.5	2.1072296568999997e-42
3612.0	2.3336839696000003e-42
3612.5	2.1597535520999997e-42
3613.0	2.3555189528999998e-42
3613.5	1.9534534755999998e-42
3614.0	2.5787863396e-42
3614.5	2.8782819024999995e-42
3615.0	2.3181280515999995e-42
3615.5	2.3500276803999997e-42
3616.0	2.7634740169e-42
3616.5	2.8632024100000002e-42
3617.0	2.2445732760999998e-42
3617.5	2.4922305424e-42
3618.0	3.2188665744000006e-42
3618.5	3.0463513444e-42
3619.0	2.7140256049e-42
3619.5	2.6122317376e-42
3620.0	2.6857965455999996e-42
3620.5	2.88864016e-42
3621.0	2.5591680676e-42
3621.5	2.7771222608999996e-42
3622.0	2.7980591076e-42
3622.5	2.8495128025000003e-42
3623.0	3.4001147236000006e-42
3623.5	4.248421768899999e-42
3624.0	3.882712611600001e-42
3624.5	3.2392440440999994e-42
3625.0	3.1939766088999994e-42
3625.5	3.493310521599999e-42
3626.0	3.6400442520999996e-42
3626.5	3.2258674449e-42
3627.0	3.317024412899999e-42
3627.5	3.9904057599999996e-42
3628.0	3.9470960929e-42
3628.5	3.2235688849e-42
3629.0	3.2535140625e-42
3629.5	3.9445534880999996e-42
3630.0	4.039738208100001e-42
3630.5	4.5199185201e-42
3631.0	3.9888477840999997e-42
3631.5	5.0085992401000005e-42
3632.0	7.214595999999999e-42
3632.5	6.6407743809e-42
3633.0	5.4721373476000006e-42
3633.5	4.677098275599999e-42
3634.0	4.6388113641e-42
3634.5	4.8727472049e-42
3635.0	5.0672711235999994e-42
3635.5	5.698198668100001e-42
3636.0	5.889503848899999e-42
3636.5	5.3147769444e-42
3637.0	4.646007811600001e-42
3637.5	4.8422882704e-42
3638.0	6.247950168099999e-42
3638.5	6.4331727769e-42
3639.0	5.9882494681e-42
3639.5	6.3082350244e-42
3640.0	6.7621841764e-42
3640.5	8.417019464100001e-42
3641.0	6.854290524899999e-42
3641.5	6.4823196816e-42
3642.0	6.4786539024e-42
3642.5	6.376534032399999e-42
3643.0	5.3586231168999984e-42
3643.5	5.6576903881000004e-42
3644.0	5.846530561599999e-42
3644.5	6.3843139584e-42
3645.0	6.227270702500001e-42
3645.5	5.61500416e-42
3646.0	7.1196647929e-42
3646.5	7.865276340099999e-42
3647.0	7.441656643599999e-42
3647.5	5.8179369616e-42
3648.0	5.7900871876e-42
3648.5	5.2510639104e-42
3649.0	5.2314668175999993e-42
3649.5	5.8478363329e-42
3650.0	5.1428261284e-42
3650.5	4.2815886399999996e-42
3651.0	5.3290799104e-42
3651.5	5.9896688644e-42
3652.0	5.4236354769e-42
3652.5	4.8917938276000004e-42
3653.0	4.1829248483999986e-42
3653.5	3.48531561e-42
3654.0	3.5534135025e-42
3654.5	4.0830264225000005e-42
3655.0	3.8801514361e-42
3655.5	4.5118432920999986e-42
3656.0	3.6705961744e-42
3656.5	3.0046755599999995e-42
3657.0	2.9321425225e-42
3657.5	3.1868676323999996e-42
3658.0	3.4127020225000004e-42
3658.5	3.3066876649e-42
3659.0	3.141082736100001e-42
3659.5	3.1587597441e-42
3660.0	3.3212146564e-42
3660.5	4.1209406001e-42
3661.0	3.7535575081e-42
3661.5	3.6036947555999987e-42
3662.0	4.0219500304e-42
3662.5	3.8739686976000014e-42
3663.0	4.5065770369000013e-42
3663.5	4.9772717604e-42
3664.0	5.353809268899999e-42
3664.5	5.4086014096000007e-42
3665.0	3.7790193609e-42
3665.5	3.7352906361e-42
3666.0	4.5489638088999995e-42
3666.5	4.978922822499999e-42
3667.0	8.533526288399999e-42
3667.5	7.5629400064e-42
3668.0	4.801883342400001e-42
3668.5	5.185503208900001e-42
3669.0	5.3915911204e-42
3669.5	5.917104900099998e-42
3670.0	5.861822054399999e-42
3670.5	6.016375008899998e-42
3671.0	5.674495694400001e-42
3671.5	4.8215815560999996e-42
3672.0	4.8681127043999994e-42
3672.5	5.5190225476e-42
3673.0	5.6169474001e-42
3673.5	5.5184117569e-42
3674.0	4.7882192400000004e-42
3674.5	4.6925957375999985e-42
3675.0	4.9091935488999994e-42
3675.5	4.646568248100001e-42
3676.0	4.6554535224999984e-42
3676.5	4.4113020960999987e-42
3677.0	4.8227234448999985e-42
3677.5	4.426816e-42
3678.0	4.2594355456e-42
3678.5	4.673465712399999e-42
3679.0	5.2531264809e-42
3679.5	4.5441022561e-42
3680.0	4.1600905369e-42
3680.5	4.2436824003999995e-42
3681.0	4.903567359999998e-42
3681.5	5.1502217481e-42
3682.0	4.220148489999998e-42
3682.5	4.414747276899999e-42
3683.0	4.9047632088999995e-42
3683.5	4.2679428099999996e-42
3684.0	4.1157859876e-42
3684.5	4.1868935161e-42
3685.0	4.5689917504e-42
3685.5	4.7618659089000007e-42
3686.0	5.0360745744e-42
3686.5	5.0389025624999996e-42
3687.0	5.7336781400999997e-42
3687.5	5.4761148121e-42
3688.0	4.0789457296e-42
3688.5	4.2425700625e-42
3689.0	5.7126736144e-42
3689.5	5.256244022499999e-42
3690.0	4.8885652201000005e-42
3690.5	4.6497590689e-42
3691.0	4.3533987904e-42
3691.5	4.3787236516e-42
3692.0	4.6147202761e-42
3692.5	4.8933864099999994e-42
3693.0	4.9616671503999995e-42
3693.5	5.3894086801e-42
3694.0	4.32016225e-42
3694.5	4.4029048561000003e-42
3695.0	4.2790645880999996e-42
3695.5	3.77369476e-42
3696.0	4.7880004225e-42
3696.5	5.1439600808999986e-42
3697.0	4.6513980241e-42
3697.5	3.7178395488999987e-42
3698.0	4.7239718409e-42
3698.5	4.878267342400001e-42
3699.0	3.9081336099999985e-42
3699.5	3.836388168899998e-42
3700.0	4.2169033201e-42
3700.5	3.7553401369e-42
3701.0	4.1596418304e-42
3701.5	3.8583173475999995e-42
3702.0	4.2079957956000006e-42
3702.5	3.4149931209e-42
3703.0	3.8806242049000006e-42
3703.5	4.1061348495999995e-42
3704.0	4.211401708900001e-42
3704.5	3.7640656144e-42
3705.0	2.9270761568999996e-42
3705.5	3.0215130624999996e-42
3706.0	3.48046336e-42
3706.5	3.8771579025e-42
3707.0	3.95651881e-42
3707.5	4.0370453776e-42
3708.0	3.9168368099999996e-42
3708.5	3.3473629764e-42
3709.0	3.4146235369e-42
3709.5	3.2106905855999996e-42
3710.0	3.1879388304e-42
3710.5	3.2664778755999996e-42
3711.0	3.0597356241e-42
3711.5	3.2758104064e-42
3712.0	3.2109772864e-42
3712.5	2.7542057763999996e-42
3713.0	2.8851060735999986e-42
3713.5	2.87065249e-42
3714.0	3.530828902499999e-42
3714.5	3.1082747808999986e-42
3715.0	2.6762996836000002e-42
3715.5	2.58405625e-42
3716.0	2.7419716921e-42
3716.5	2.67845956e-42
3717.0	2.8675696921e-42
3717.5	3.1429616656000005e-42
3718.0	3.1380351024999996e-42
3718.5	2.4818536520999998e-42
3719.0	2.3959634521000003e-42
3719.5	2.4969056256e-42
3720.0	2.3545368025000003e-42
3720.5	2.4111567840999996e-42
3721.0	2.2106039761e-42
3721.5	2.3163926809000003e-42
3722.0	2.5530607089000004e-42
3722.5	2.6111974463999995e-42
3723.0	2.2579870756e-42
3723.5	2.0390412025e-42
3724.0	2.1977469504e-42
3724.5	2.3737256760999997e-42
3725.0	2.4035851224999997e-42
3725.5	2.1973318755999997e-42
3726.0	2.2298254275999998e-42
3726.5	2.6713287363999995e-42
3727.0	2.3999276888999997e-42
3727.5	2.2886848656e-42
3728.0	2.4665330704e-42
3728.5	2.4548622400000003e-42
3729.0	2.2727673048999998e-42
3729.5	2.3160578595999998e-42
3730.0	2.4721272899999996e-42
3730.5	2.2130430169e-42
3731.0	1.9414242224999998e-42
3731.5	2.3707684728999995e-42
3732.0	2.3854493601e-42
3732.5	2.1208388160999998e-42
3733.0	2.1512675584e-42
3733.5	1.9120805283999998e-42
3734.0	2.1946644736e-42
3734.5	1.9636977424e-42
3735.0	2.0289153600000003e-42
3735.5	2.1710843716e-42
3736.0	1.9326282361e-42
3736.5	1.7734248899999998e-42
3737.0	1.7624155535999997e-42
3737.5	1.7320928881e-42
3738.0	1.8425890563999996e-42
3738.5	1.8593231449e-42
3739.0	1.5918616560999997e-42
3739.5	1.5474364816e-42
3740.0	1.7403677928999995e-42
3740.5	1.9174217841e-42
3741.0	1.7841212041e-42
3741.5	1.7110994480999997e-42
3742.0	1.7087195524e-42
3742.5	1.5219169955999998e-42
3743.0	1.4730191424e-42
3743.5	1.4439386895999997e-42
3744.0	1.4463429695999998e-42
3744.5	1.4565834721e-42
3745.0	1.4942128643999998e-42
3745.5	1.5800741400999995e-42
3746.0	1.7710286399999995e-42
3746.5	1.6364038083999998e-42
3747.0	1.3947373800999999e-42
3747.5	1.4071890625e-42
3748.0	1.5189330024999998e-42
3748.5	1.4070467160999998e-42
3749.0	1.4181475396e-42
3749.5	1.4867168761e-42
3750.0	1.4261614084e-42
3750.5	1.5956489761000003e-42
3751.0	1.7360961121e-42
3751.5	1.5315300024999998e-42
3752.0	1.22389969e-42
3752.5	1.0827651136e-42
3753.0	1.0647556969e-42
3753.5	1.3245247744e-42
3754.0	1.4053154115999998e-42
3754.5	1.4093488655999999e-42
3755.0	1.2326328576e-42
3755.5	1.1824822564e-42
3756.0	1.26720049e-42
3756.5	1.4211262520999997e-42
3757.0	1.3370759424e-42
3757.5	1.2758606116e-42
3758.0	1.3783229604e-42
3758.5	1.2590410849e-42
3759.0	1.2757024809e-42
3759.5	1.3188914649e-42
3760.0	1.2294152640999998e-42
3760.5	1.7932691569e-42
3761.0	1.82115025e-42
3761.5	1.4125084801000002e-42
3762.0	1.2695655625e-42
3762.5	1.1300115203999999e-42
3763.0	1.0492519489e-42
3763.5	1.08889225e-42
3764.0	1.2766966081000001e-42
3764.5	1.4183142648999995e-42
3765.0	1.3754832960999999e-42
3765.5	1.2651300483999998e-42
3766.0	1.28278276e-42
3766.5	1.4540742225e-42
3767.0	1.4578389080999997e-42
3767.5	1.3014702724e-42
3768.0	1.2059773489e-42
3768.5	1.0411549368999998e-42
3769.0	1.2350543688999999e-42
3769.5	1.1497415076e-42
3770.0	1.1276953248999999e-42
3770.5	1.1426541024999998e-42
3771.0	1.2580089920999998e-42
3771.5	1.3427479129e-42
3772.0	1.5313320009e-42
3772.5	1.2551169024000001e-42
3773.0	1.0287842040999998e-42
3773.5	1.1530893923999998e-42
3774.0	1.13103225e-42
3774.5	1.2907232099999998e-42
3775.0	1.1309471716e-42
3775.5	9.535112374409998e-43
3776.0	1.1228369295999998e-42
3776.5	1.1843751241e-42
3777.0	1.0054473984e-42
3777.5	1.0052669169e-42
3778.0	1.1309684409e-42
3778.5	1.1784405135999998e-42
3779.0	1.0210294115999999e-42
3779.5	9.069552849639998e-43
3780.0	9.149381625759999e-43
3780.5	9.428274060489999e-43
3781.0	8.661875988639999e-43
3781.5	8.530960714240001e-43
3782.0	1.0684116495999998e-42
3782.5	1.1355246721e-42
3783.0	9.88694137561e-43
3783.5	1.0908131363999998e-42
3784.0	1.0863892899999997e-42
3784.5	1.0187874224999999e-42
3785.0	8.33758914816e-43
3785.5	8.168833618559998e-43
3786.0	8.43919659801e-43
3786.5	7.915892223689998e-43
3787.0	7.335853980159998e-43
3787.5	7.04112304996e-43
3788.0	8.670272864489999e-43
3788.5	8.865823122249999e-43
3789.0	7.47572932129e-43
3789.5	8.76107232036e-43
3790.0	8.547557209e-43
3790.5	9.45052291044e-43
3791.0	9.369756006250002e-43
3791.5	8.40439730025e-43
3792.0	8.560727585640001e-43
3792.5	9.25205439376e-43
3793.0	8.117199120250003e-43
3793.5	7.78232730625e-43
3794.0	7.405153230239999e-43
3794.5	6.83573436225e-43
3795.0	7.740797131239998e-43
3795.5	7.536687958810001e-43
3796.0	7.74415840081e-43
3796.5	7.334603549289999e-43
3797.0	7.328113299359998e-43
3797.5	6.26814224656e-43
3798.0	6.2411264006399996e-43
3798.5	8.72737113616e-43
3799.0	1.0193931225e-42
3799.5	8.698378878009998e-43
3800.0	7.437406592159998e-43
3800.5	7.38238387264e-43
3801.0	6.2277508392099994e-43
3801.5	6.4880286328899995e-43
3802.0	6.92242304121e-43
3802.5	7.643550270759998e-43
3803.0	7.74454560961e-43
3803.5	5.9914875820900005e-43
3804.0	5.763649009689999e-43
3804.5	6.695494276e-43
3805.0	7.03298599641e-43
3805.5	7.11585038025e-43
3806.0	7.30604400516e-43
3806.5	6.43244100625e-43
3807.0	6.408562862250001e-43
3807.5	6.01425066256e-43
3808.0	6.693481507690001e-43
3808.5	7.1522878694399985e-43
3809.0	6.1619831028899995e-43
3809.5	5.72184832041e-43
3810.0	5.932003380249999e-43
3810.5	4.96727534521e-43
3811.0	5.613710670089999e-43
3811.5	6.700208283040001e-43
3812.0	7.097135780250001e-43
3812.5	6.0245073532899995e-43
3813.0	5.429493962009999e-43
3813.5	5.2282010196899995e-43
3814.0	5.137735684e-43
3814.5	5.143414149760001e-43
3815.0	5.73091392784e-43
3815.5	5.3804718928899995e-43
3816.0	5.14391618521e-43
3816.5	5.368214477610001e-43
3817.0	5.010204775839999e-43
3817.5	5.2571635396899985e-43
3818.0	5.48466142225e-43
3818.5	6.26081310009e-43
3819.0	5.39935448809e-43
3819.5	5.161186753959999e-43
3820.0	4.8358116e-43
3820.5	4.2706486400400005e-43
3821.0	4.306115640999999e-43
3821.5	5.211150656889999e-43
3822.0	5.7893076562499996e-43
3822.5	5.381983044e-43
3823.0	5.09029452369e-43
3823.5	5.2989227596899994e-43
3824.0	5.204093032359999e-43
3824.5	5.54718102436e-43
3825.0	5.287805719289999e-43
3825.5	5.64550865956e-43
3826.0	5.21117953225e-43
3826.5	5.20830682596e-43
3827.0	5.08618580625e-43
3827.5	4.87974896704e-43
3828.0	5.2347684928899995e-43
3828.5	4.71751932964e-43
3829.0	4.2079741872099994e-43
3829.5	4.664357275209998e-43
3830.0	4.08754356921e-43
3830.5	4.207143906249999e-43
3831.0	4.85190261136e-43
3831.5	5.27376606849e-43
3832.0	4.7939560345600006e-43
3832.5	4.288534071609999e-43
3833.0	4.35255548121e-43
3833.5	4.930553480410001e-43
3834.0	4.578836422409999e-43
3834.5	4.566150872889999e-43
3835.0	5.436319345960001e-43
3835.5	5.06669205249e-43
3836.0	4.95057181609e-43
3836.5	4.42018874025e-43
3837.0	4.36371221056e-43
3837.5	4.814625156249999e-43
3838.0	5.13532758544e-43
3838.5	5.09046575625e-43
3839.0	4.61451207204e-43
3839.5	4.73152755321e-43
3840.0	5.06898433024e-43
3840.5	4.600651149609999e-43
3841.0	4.25867182225e-43
3841.5	5.4823658489999995e-43
3842.0	4.91590288225e-43
3842.5	5.444550883840001e-43
3843.0	4.67791706209e-43
3843.5	4.10741273881e-43
3844.0	3.98765727441e-43
3844.5	4.2670420707600005e-43
3845.0	4.575304881000001e-43
3845.5	4.5346621320100005e-43
3846.0	4.5881386016399996e-43
3846.5	4.48745913225e-43
3847.0	4.72733253136e-43
3847.5	4.712094838089999e-43
3848.0	4.663278259239999e-43
3848.5	4.412626041760001e-43
3849.0	3.9390560916100005e-43
3849.5	4.59103815184e-43
3850.0	4.466195436159999e-43
3850.5	3.99838699584e-43
3851.0	3.98674799649e-43
3851.5	3.97302041761e-43
3852.0	3.80724786841e-43
3852.5	3.808494369e-43
3853.0	4.227665420250001e-43
3853.5	4.48881240196e-43
3854.0	4.0655288822499996e-43
3854.5	3.64503195081e-43
3855.0	3.8719506249999995e-43
3855.5	4.087914394240001e-43
3856.0	4.172488187039999e-43
3856.5	4.65496446529e-43
3857.0	4.32941628289e-43
3857.5	3.9187725200100005e-43
3858.0	3.9102260112399996e-43
3858.5	3.9866848560399994e-43
3859.0	3.7002159043600004e-43
3859.5	3.4945004644899994e-43
3860.0	3.5859138062499996e-43
3860.5	3.4954108840000005e-43
3861.0	3.5296669209999996e-43
3861.5	4.1415274120899995e-43
3862.0	3.9149673580899995e-43
3862.5	3.5426423040100004e-43
3863.0	3.900127400999999e-43
3863.5	3.91931089936e-43
3864.0	3.75974996224e-43
3864.5	3.4163440502499997e-43
3865.0	3.3699418214400003e-43
3865.5	3.47080048225e-43
3866.0	3.944279612249999e-43
3866.5	4.00667478289e-43
3867.0	3.7172921241600005e-43
3867.5	3.1829681568400006e-43
3868.0	3.1561362202500005e-43
3868.5	3.74145082276e-43
3869.0	3.46892728576e-43
3869.5	3.3643480089999993e-43
3870.0	3.0401990439999995e-43
3870.5	2.9628208512399993e-43
3871.0	2.9244625308900002e-43
3871.5	2.8416362490000003e-43
3872.0	2.9790855609999995e-43
3872.5	3.2306832888099996e-43
3873.0	2.9867427312099995e-43
3873.5	3.0703345923600003e-43
3874.0	3.1462675905599997e-43
3874.5	3.599508016810001e-43
3875.0	3.5731223553599996e-43
3875.5	2.8931381864099996e-43
3876.0	2.9300244220900007e-43
3876.5	3.3059740057599996e-43
3877.0	3.053004516e-43
3877.5	2.97895456804e-43
3878.0	3.59396653009e-43
3878.5	3.776741607039999e-43
3879.0	3.3641160009999995e-43
3879.5	3.11329404961e-43
3880.0	2.9101601268099994e-43
3880.5	2.66268384144e-43
3881.0	2.8115657856399995e-43
3881.5	2.9393854992100002e-43
3882.0	2.62872569521e-43
3882.5	2.88521528164e-43
3883.0	3.0949750562500004e-43
3883.5	2.5584780259599996e-43
3884.0	2.19463203961e-43
3884.5	2.6765516131600003e-43
3885.0	2.9110233252099997e-43
3885.5	2.4956119272099996e-43
3886.0	2.75986318336e-43
3886.5	3.0251430016899994e-43
3887.0	3.2969760124900007e-43
3887.5	3.0446337552400003e-43
3888.0	2.8067320579600015e-43
3888.5	2.3242523102499997e-43
3889.0	2.8781722819599998e-43
3889.5	3.0290163322499998e-43
3890.0	2.6133770894399997e-43
3890.5	2.6416721678399998e-43
3891.0	2.73773818756e-43
3891.5	2.2799097025599997e-43
3892.0	2.3912099999999996e-43
3892.5	2.91915445264e-43
3893.0	2.6222182977599998e-43
3893.5	2.1701063233600003e-43
3894.0	2.1759146208900003e-43
3894.5	2.5973496816399997e-43
3895.0	2.859682576e-43
3895.5	2.3255252416899997e-43
3896.0	2.39863878081e-43
3896.5	2.5722850932899998e-43
3897.0	2.3017733382399996e-43
3897.5	2.20985548281e-43
3898.0	2.2969589875599997e-43
3898.5	2.21104027089e-43
3899.0	2.27745609529e-43
3899.5	2.47608745609e-43
3900.0	2.6364014468099997e-43
3900.5	2.4239276755599997e-43
3901.0	2.39275548964e-43
3901.5	2.212479369e-43
3902.0	2.13754576896e-43
3902.5	2.16211050225e-43
3903.0	2.4455299752900003e-43
3903.5	2.32301828529e-43
3904.0	2.26408478976e-43
3904.5	2.1112003248400003e-43
3905.0	2.21021276641e-43
3905.5	2.3620474808099994e-43
3906.0	2.0804180545600003e-43
3906.5	2.267569161e-43
3907.0	2.3711348524899996e-43
3907.5	2.27246703616e-43
3908.0	2.0209520249999997e-43
3908.5	2.08542008896e-43
3909.0	1.9991540016099995e-43
3909.5	2.2046217715600005e-43
3910.0	2.15956313521e-43
3910.5	2.07822927376e-43
3911.0	2.2195122768900005e-43
3911.5	2.17101947364e-43
3912.0	2.07186101329e-43
3912.5	2.0952865404899998e-43
3913.0	2.29418966529e-43
3913.5	2.2791839846399998e-43
3914.0	1.98588770689e-43
3914.5	1.9235066208399997e-43
3915.0	2.15389738201e-43
3915.5	1.9207883982399997e-43
3916.0	2.04789736369e-43
3916.5	2.2615446024899996e-43
3917.0	2.4617276096399997e-43
3917.5	2.23025729536e-43
3918.0	1.9346186464899995e-43
3918.5	3.4758009224999994e-42
3919.0	1.3488578382400002e-41
3919.5	3.5977743683999995e-42
3920.0	2.06313083089e-43
3920.5	2.01642310116e-43
3921.0	1.91909705625e-43
3921.5	1.85978287504e-43
3922.0	1.6505450036099996e-43
3922.5	1.74500859289e-43
3923.0	1.7089625281600002e-43
3923.5	1.7669075971599998e-43
3924.0	2.13202904121e-43
3924.5	2.0394707602499995e-43
3925.0	2.18376766864e-43
3925.5	2.22978506436e-43
3926.0	1.9852549584399997e-43
3926.5	2.04097939984e-43
3927.0	2.15433365904e-43
3927.5	2.3401019251599994e-43
3928.0	2.46687048976e-43
3928.5	2.302301113290001e-43
3929.0	2.22823649764e-43
3929.5	2.2308618239999994e-43
3930.0	2.21703489316e-43
3930.5	2.15561489796e-43
3931.0	2.29986425761e-43
3931.5	1.8388487712399997e-43
3932.0	1.7054752467600002e-43
3932.5	1.98620857561e-43
3933.0	2.13599260224e-43
3933.5	2.1583829305600003e-43
3934.0	2.0510120016100003e-43
3934.5	2.059979769e-43
3935.0	1.84372336996e-43
3935.5	1.98276059524e-43
3936.0	2.0808103328100004e-43
3936.5	1.9628621376399998e-43
3937.0	1.9704188323600003e-43
3937.5	1.9119368404899998e-43
3938.0	2.03696060929e-43
3938.5	2.10898622169e-43
3939.0	2.05676762256e-43
3939.5	2.0591810352400003e-43
3940.0	2.0204305806400003e-43
3940.5	1.9647765456399997e-43
3941.0	1.7510542393599996e-43
3941.5	1.6852092316900002e-43
3942.0	1.7933615736099999e-43
3942.5	1.7004901689999998e-43
3943.0	1.68742673089e-43
3943.5	1.89951275556e-43
3944.0	2.00952268729e-43
3944.5	1.8567911902499995e-43
3945.0	1.89179762704e-43
3945.5	1.728979561e-43
3946.0	1.5941573436099999e-43
3946.5	1.52135882116e-43
3947.0	1.5337953976899999e-43
3947.5	1.7901022521600001e-43
3948.0	1.73198301241e-43
3948.5	1.6890045062499998e-43
3949.0	1.8092517460899998e-43
3949.5	1.8215311843599997e-43
3950.0	1.6457788512399999e-43
3950.5	1.6304474894399999e-43
3951.0	1.6276302672100001e-43
3951.5	1.75244378884e-43
3952.0	1.8123411265599995e-43
3952.5	1.9119980569600004e-43
3953.0	1.9553199610000005e-43
3953.5	1.9822708152899997e-43
3954.0	1.99327424521e-43
3954.5	2.0792140825599998e-43
3955.0	2.0785939905600005e-43
3955.5	1.92677980401e-43
3956.0	2.06894890449e-43
3956.5	1.9788084624400002e-43
3957.0	1.93531366084e-43
3957.5	1.86387339076e-43
3958.0	1.92418209025e-43
3958.5	1.7983536489999996e-43
3959.0	1.8148707616900002e-43
3959.5	1.9948907616399998e-43
3960.0	2.36014270969e-43
3960.5	2.27100855601e-43
3961.0	2.0041648704100003e-43
3961.5	1.98314355625e-43
3962.0	1.9086850322500004e-43
3962.5	1.8558864e-43
3963.0	2.0676755008900003e-43
3963.5	2.1555591839999996e-43
3964.0	1.91279396025e-43
3964.5	1.9576996668100004e-43
3965.0	2.1916348620100005e-43
3965.5	2.1463113808899997e-43
3966.0	2.2915560480399995e-43
3966.5	2.22789664036e-43
3967.0	2.4560250988900003e-43
3967.5	2.3977572956100003e-43
3968.0	2.02776394249e-43
3968.5	2.11862281225e-43
3969.0	2.38087395364e-43
3969.5	2.16668837529e-43
3970.0	2.4447882470400004e-43
3970.5	2.5064341344899996e-43
3971.0	2.1868249322500003e-43
3971.5	2.47157128201e-43
3972.0	2.40524527489e-43
3972.5	2.2668644545599996e-43
3973.0	2.30568030625e-43
3973.5	2.1868716959999994e-43
3974.0	2.5371973443599998e-43
3974.5	2.638003682250001e-43
3975.0	2.13005325625e-43
3975.5	1.99547143849e-43
3976.0	1.8822755790400003e-43
3976.5	1.8179222964100003e-43
3977.0	1.9438575566399997e-43
3977.5	1.8207289e-43
3978.0	1.9704720999999997e-43
3978.5	1.8547148089599997e-43
3979.0	1.9919618659600005e-43
3979.5	2.1863105640000004e-43
3980.0	1.98498763024e-43
3980.5	2.00000361796e-43
3981.0	2.15387881801e-43
3981.5	1.89143228836e-43
3982.0	1.72951183876e-43
3982.5	1.5639889372900007e-43
3983.0	1.6023848880399998e-43
3983.5	1.84931821369e-43
3984.0	1.7531387702499998e-43
3984.5	2.02936735225e-43
3985.0	2.3751489602499995e-43
3985.5	2.0856301596899997e-43
3986.0	1.9635799312900003e-43
3986.5	1.99132815049e-43
3987.0	1.88851954041e-43
3987.5	1.85406025744e-43
3988.0	1.96097523241e-43
3988.5	2.26865500416e-43
3989.0	2.2367508124899997e-43
3989.5	1.93458345921e-43
3990.0	1.9636951449600003e-43
3990.5	1.69395626929e-43
3991.0	1.5508867896899996e-43
3991.5	1.6441970716900002e-43
3992.0	1.59670569744e-43
3992.5	1.6543336022500002e-43
3993.0	1.7413929e-43
3993.5	1.84184313889e-43
3994.0	1.7334648980099997e-43
3994.5	1.8562310560000002e-43
3995.0	2.1253114212099998e-43
3995.5	1.95489548164e-43
3996.0	1.92291897121e-43
3996.5	1.97398935616e-43
3997.0	2.0892029808399995e-43
3997.5	2.08348428304e-43
3998.0	1.8270495360000004e-43
3998.5	2.05490862721e-43
3999.0	2.0960830889999997e-43
3999.5	1.83010273209e-43
4000.0	2.1288811440399998e-43
