0.0	2.861213319777863e-45
0.5	6.060123740472216e-45
1.0	1.092130758323522e-44
1.5	5.2243409012764076e-45
2.0	1.7564342304431947e-45
2.5	1.3237398061715323e-45
3.0	9.826623774615303e-46
3.5	1.4882478323181353e-45
4.0	1.6778155484077873e-45
4.5	3.939050146665209e-45
5.0	5.987966122904829e-45
5.5	2.1470781631350395e-44
6.0	4.666249222645833e-44
6.5	4.79083562590976e-43
7.0	4.232340130415673e-42
7.5	5.5938284621857285e-40
8.0	4.7888165808852155e-39
8.5	6.744214355850198e-39
9.0	4.6166054820102105e-39
9.5	3.016129996893144e-39
10.0	9.662848231721108e-40
10.5	3.953477710017173e-41
11.0	7.598073650899254e-42
11.5	2.5308146778657416e-42
12.0	1.879522598186736e-42
12.5	1.2995486237886293e-42
13.0	9.06055278080722e-43
13.5	6.202346435209062e-43
14.0	4.3863116732163594e-43
14.5	4.389330964308752e-43
15.0	5.346241339553571e-43
15.5	5.452318191953614e-43
16.0	1.13749941885806e-42
16.5	1.4569404958385374e-42
17.0	4.843681353846542e-43
17.5	1.0856816987567614e-43
18.0	8.725926831745701e-44
18.5	8.710229982032051e-44
19.0	8.341047152570133e-44
19.5	6.136882127714852e-44
20.0	4.980399675555191e-44
20.5	4.233116302086283e-44
21.0	3.3143215468355735e-44
21.5	2.52000797878204e-44
22.0	1.7662314766822906e-44
22.5	1.5173469454110824e-44
23.0	1.2024528392772714e-44
23.5	9.13895348335289e-45
24.0	8.416213981502807e-45
24.5	9.017364560675285e-45
25.0	8.043244221072071e-45
25.5	6.042720244571504e-45
26.0	6.00825930790507e-45
26.5	4.896361308578557e-45
27.0	4.153384894136569e-45
27.5	3.484417645115207e-45
28.0	3.0802999207071124e-45
28.5	2.888933368475949e-45
29.0	3.029928432703139e-45
29.5	2.6371211012472173e-45
30.0	2.1509458598494046e-45
30.5	1.9847937794122682e-45
31.0	1.9458759992770767e-45
31.5	1.655629149407241e-45
32.0	1.4882282097283238e-45
32.5	1.1809066463495857e-45
33.0	1.2500188528060583e-45
33.5	1.2052167164081247e-45
34.0	1.1893714511977424e-45
34.5	1.106678008018773e-45
35.0	8.53547155263341e-46
35.5	7.768255663115517e-46
36.0	7.618032280969492e-46
36.5	1.0377120591925874e-45
37.0	8.882453187043334e-46
37.5	6.40687128588347e-46
38.0	6.591171809244287e-46
38.5	6.156737056645368e-46
39.0	5.233777850864192e-46
39.5	4.9128322252496114e-46
40.0	4.6517226980253145e-46
40.5	4.780104773327648e-46
41.0	5.7213869920220755e-46
41.5	6.380280483282962e-46
42.0	5.417033414051025e-46
42.5	4.759662552511962e-46
43.0	4.3595456945782745e-46
43.5	4.358930740508686e-46
44.0	4.919970521196515e-46
44.5	4.572367917276619e-46
45.0	4.0716468359349426e-46
45.5	4.666375703261015e-46
46.0	5.19095661248999e-46
46.5	4.841386217883926e-46
47.0	5.807553133071231e-46
47.5	7.89970783436093e-46
48.0	8.53753552659669e-46
48.5	1.1040753519353783e-45
49.0	8.601690205280936e-46
49.5	9.97008873513551e-46
50.0	1.543714148033283e-45
50.5	8.774420170135124e-46
51.0	4.159381610484645e-46
51.5	2.729821332686507e-46
52.0	2.6062360157454635e-46
52.5	3.086891188735625e-46
53.0	2.779104006194091e-46
53.5	2.6601503944572517e-46
54.0	2.4280426954331484e-46
54.5	2.1611261800466426e-46
55.0	2.103988951852744e-46
55.5	2.056634173743437e-46
56.0	1.749870805367408e-46
56.5	1.813182971764273e-46
57.0	1.7923555193033094e-46
57.5	1.65566510109307e-46
58.0	1.6171869321596897e-46
58.5	1.7600554543457753e-46
59.0	1.5342249618581e-46
59.5	1.4532986717044608e-46
60.0	2.401734491585571e-46
60.5	6.588560465900184e-46
61.0	1.2612872498344763e-45
61.5	1.2910986992028253e-45
62.0	1.3666726739059195e-45
62.5	1.5901762919988615e-45
63.0	3.524131666219694e-46
63.5	5.424482157463642e-46
64.0	2.3087544563248354e-46
64.5	1.4056987164349658e-46
65.0	1.383041681724776e-46
65.5	1.3001796382437166e-46
66.0	1.32857752075512e-46
66.5	1.4384958533803627e-46
67.0	1.3311487591604505e-46
67.5	1.1400742807941778e-46
68.0	1.0268092018283206e-46
68.5	1.2169981158975002e-46
69.0	1.2471912582361927e-46
69.5	1.2304705334390486e-46
70.0	1.4112984480580565e-46
70.5	1.5728077447111359e-46
71.0	1.5412801521369914e-46
71.5	1.3123746185135354e-46
72.0	1.155387087034963e-46
72.5	1.0956097824834535e-46
73.0	1.190426915424237e-46
73.5	1.1107284863166129e-46
74.0	1.0364561856540849e-46
74.5	1.0271973482669188e-46
75.0	1.1200384727247004e-46
75.5	1.187787300686107e-46
76.0	1.2812729975309268e-46
76.5	1.1547768527707547e-46
77.0	1.0497596635751734e-46
77.5	1.0236501982019691e-46
78.0	9.743780216377846e-47
78.5	9.943354762602136e-47
79.0	1.0512934268461408e-46
79.5	9.73386693083197e-47
80.0	9.75872549150539e-47
80.5	1.1944394674140689e-46
81.0	1.151983333869424e-46
81.5	1.043180739621882e-46
82.0	1.0676543792297373e-46
82.5	9.255270849743877e-47
83.0	8.966239125869291e-47
83.5	9.00180217479799e-47
84.0	9.353680807653248e-47
84.5	8.52292127153816e-47
85.0	7.941920363647905e-47
85.5	8.635920679703647e-47
86.0	8.740496667356815e-47
86.5	1.0012448681039971e-46
87.0	1.2121574881369626e-46
87.5	9.63145170606814e-47
88.0	8.57638863105429e-47
88.5	9.980976224821387e-47
89.0	1.0465250961873162e-46
89.5	1.037229108004891e-46
90.0	9.765854983826395e-47
90.5	9.488762250638605e-47
91.0	9.739622048389202e-47
91.5	1.0006822079227164e-46
92.0	1.048271777874638e-46
92.5	1.017704708561288e-46
93.0	1.2830319534720957e-46
93.5	1.3118459099738719e-46
94.0	1.1867330551659383e-46
94.5	1.1625068123885807e-46
95.0	1.0562705392194435e-46
95.5	1.0015819270612832e-46
96.0	9.911191055187644e-47
96.5	1.0577767980529146e-46
97.0	1.3932087440157367e-46
97.5	1.0870998446988174e-46
98.0	1.0745584411414959e-46
98.5	1.1432602116738e-46
99.0	1.2839693458303162e-46
99.5	8.027636447139727e-46
100.0	3.0195951664996975e-45
100.5	9.947833397438125e-46
101.0	6.3855334855057806e-46
101.5	5.314421336754767e-46
102.0	2.075808685734446e-46
102.5	1.2633567559535462e-46
103.0	1.1047586413883883e-46
103.5	1.381834893126246e-46
104.0	1.4754683805733433e-46
104.5	1.4250453959650392e-46
105.0	1.7759369257864685e-46
105.5	2.3079117167463537e-46
106.0	2.7227845934904252e-46
106.5	2.308981851602584e-46
107.0	1.7438732691474978e-46
107.5	1.665730164722042e-46
108.0	1.3912718633859143e-46
108.5	1.111636766394344e-46
109.0	1.1381928237533121e-46
109.5	1.3008107663581443e-46
110.0	1.4621992422052135e-46
110.5	1.080059521706888e-46
111.0	9.843933719508128e-47
111.5	1.0523756479946285e-46
112.0	9.99644565469863e-47
112.5	9.746014696827522e-47
113.0	9.527909559199025e-47
113.5	8.73216721933849e-47
114.0	9.664102629698714e-47
114.5	9.220508160800714e-47
115.0	8.663382359044334e-47
115.5	9.963718866289455e-47
116.0	1.0210162318561869e-46
116.5	1.0082410033109186e-46
117.0	1.0746369065345717e-46
117.5	9.95928182846101e-47
118.0	1.1104422027033524e-46
118.5	1.0525917218575564e-46
119.0	1.136074748619225e-46
119.5	1.1711132544570792e-46
120.0	1.0629305892373086e-46
120.5	1.081067918342633e-46
121.0	1.1668648606153276e-46
121.5	1.1733133379278742e-46
122.0	1.1325512401372862e-46
122.5	1.2083525550116423e-46
123.0	1.2412468156997053e-46
123.5	1.2626985518027906e-46
124.0	1.3785845925714521e-46
124.5	1.429215128113221e-46
125.0	1.4898707052944031e-46
125.5	1.3713500961746296e-46
126.0	1.1623012475554376e-46
126.5	1.143047179543763e-46
127.0	1.187105579925326e-46
127.5	1.074590441537767e-46
128.0	9.632396897845274e-47
128.5	1.0292221899528051e-46
129.0	9.961121194949706e-47
129.5	9.654095885130191e-47
130.0	9.510954500384003e-47
130.5	9.214955132183019e-47
131.0	1.0243428717863985e-46
131.5	1.0900895694086884e-46
132.0	1.119987716577674e-46
132.5	1.0653227728806594e-46
133.0	1.1884606820924535e-46
133.5	1.2101184833425628e-46
134.0	1.2318093775828924e-46
134.5	1.1482391867846122e-46
135.0	1.0579003505620559e-46
135.5	1.0364439807151641e-46
136.0	1.0687780021932422e-46
136.5	1.1352359964297548e-46
137.0	1.1831204453242263e-46
137.5	1.2013730991955259e-46
138.0	1.0446988466104873e-46
138.5	1.0816882924983767e-46
139.0	1.1495394357998829e-46
139.5	1.2022459866018229e-46
140.0	1.0915045109330702e-46
140.5	1.068047498604217e-46
141.0	1.1989001171290658e-46
141.5	1.1393281945066013e-46
142.0	1.1202526099668957e-46
142.5	1.1379621128526944e-46
143.0	1.1148467840114156e-46
143.5	1.0529717590121006e-46
144.0	1.0713177973188358e-46
144.5	1.1390338391455513e-46
145.0	1.3024282858768202e-46
145.5	1.3137836911196427e-46
146.0	1.2926481041260985e-46
146.5	1.3572653087873008e-46
147.0	1.2818611130482048e-46
147.5	1.5964848800577167e-46
148.0	2.280729281761773e-46
148.5	7.706229284190486e-46
149.0	3.667997228721991e-45
149.5	1.0374598123202023e-42
150.0	4.3765353241567645e-42
150.5	1.1800952245351059e-42
151.0	4.131792708274372e-45
151.5	8.087355458920544e-46
152.0	2.305081961002207e-46
152.5	1.4734070318463384e-46
153.0	1.3298044450402764e-46
153.5	1.287020614219287e-46
154.0	1.2574908153319113e-46
154.5	1.3052520656020308e-46
155.0	1.4514074580150834e-46
155.5	1.3986570033699792e-46
156.0	1.6639986480042117e-46
156.5	2.3197668445860333e-46
157.0	3.431997206659212e-46
157.5	3.896376317069352e-46
158.0	2.9688772918462917e-46
158.5	1.8767819003468507e-46
159.0	1.656430594197818e-46
159.5	1.851734420448002e-46
160.0	1.5973914823513285e-46
160.5	1.3096333214782443e-46
161.0	1.3355000976143991e-46
161.5	1.3124419157623179e-46
162.0	1.3199164898097069e-46
162.5	1.2236911547429922e-46
163.0	1.1848049483985587e-46
163.5	1.3294269521934013e-46
164.0	1.1666287556822935e-46
164.5	1.2828097062500657e-46
165.0	1.4721882291804476e-46
165.5	1.626751868090113e-46
166.0	1.6180317415355659e-46
166.5	1.5380852660635507e-46
167.0	1.261414858430312e-46
167.5	1.1342636539484751e-46
168.0	1.1885912164068718e-46
168.5	1.1262573769156255e-46
169.0	1.2192175747901609e-46
169.5	1.059604799268498e-46
170.0	9.607547990391835e-47
170.5	9.973205370112913e-47
171.0	1.1283729067019876e-46
171.5	1.1772914581684305e-46
172.0	1.3259607451143436e-46
172.5	1.2123433971206845e-46
173.0	1.2142325242181686e-46
173.5	1.3073999271699674e-46
174.0	1.2239873669264126e-46
174.5	1.2092952542394724e-46
175.0	1.2600676985118009e-46
175.5	1.2283511737189984e-46
176.0	1.2331228267642871e-46
176.5	1.1871546750151993e-46
177.0	1.3078858082312685e-46
177.5	1.1910672857611021e-46
178.0	1.3558773165454322e-46
178.5	1.4898638780669313e-46
179.0	1.4786771316209635e-46
179.5	1.75350819592748e-46
180.0	2.159890451609681e-46
180.5	2.1532514834724534e-46
181.0	1.8133776681739447e-46
181.5	1.6642354823446384e-46
182.0	1.6804506589354581e-46
182.5	1.717536272785677e-46
183.0	1.6300965458866296e-46
183.5	1.6995456487634725e-46
184.0	1.748116336447802e-46
184.5	1.8814399060551964e-46
185.0	1.701791733810706e-46
185.5	1.5659318016015418e-46
186.0	1.5596829665541908e-46
186.5	1.4627352501496614e-46
187.0	1.3857916066566688e-46
187.5	1.4903873702987714e-46
188.0	1.50281608465164e-46
188.5	1.3131087548160783e-46
189.0	1.2494222662500415e-46
189.5	1.2419154565422758e-46
190.0	1.2207137644368936e-46
190.5	1.1547232069478744e-46
191.0	1.203594384343223e-46
191.5	1.3098227137552947e-46
192.0	1.2206712140667178e-46
192.5	1.3528369818699889e-46
193.0	1.2512188537276028e-46
193.5	1.1134315385774056e-46
194.0	1.2618243286333141e-46
194.5	1.2921970032385347e-46
195.0	1.3029119733159486e-46
195.5	1.3380207573378454e-46
196.0	1.4095491898757617e-46
196.5	1.5461063980102126e-46
197.0	1.7808686864957625e-46
197.5	3.406779567554472e-46
198.0	7.62323473302019e-46
198.5	2.425150220986603e-45
199.0	1.327453457978565e-44
199.5	3.7576680381466104e-45
200.0	5.134512784790811e-46
200.5	2.592553080700329e-46
201.0	1.2515271612141457e-46
201.5	1.3259818081622442e-46
202.0	1.3184365291505912e-46
202.5	1.2553904053459782e-46
203.0	1.2135265943237242e-46
203.5	1.2149157419131555e-46
204.0	1.1770106096004368e-46
204.5	1.1467268596140732e-46
205.0	1.1303982906607615e-46
205.5	1.0410458952367427e-46
206.0	1.184906574671755e-46
206.5	1.3791493496385427e-46
207.0	1.2137596297746842e-46
207.5	1.1360254683778206e-46
208.0	1.1558083050796787e-46
208.5	1.1748185750152712e-46
209.0	1.2330292280856292e-46
209.5	1.2947046792301918e-46
210.0	1.170102229026313e-46
210.5	1.2223871532343923e-46
211.0	1.1383170936664643e-46
211.5	1.0811650736137336e-46
212.0	1.003787995098226e-46
212.5	1.1212933501178066e-46
213.0	1.2154375260044916e-46
213.5	1.312867462153092e-46
214.0	1.199904900327022e-46
214.5	1.237425335109388e-46
215.0	1.290044729898152e-46
215.5	1.266511156575267e-46
216.0	1.12735134182376e-46
216.5	1.2213187592004068e-46
217.0	1.2887852809835749e-46
217.5	1.3502713535492606e-46
218.0	1.2571634907565805e-46
218.5	1.1437959032350547e-46
219.0	1.1776120972182729e-46
219.5	1.2719991374112291e-46
220.0	1.2993521541720424e-46
220.5	1.3764303209623411e-46
221.0	1.2137266602661666e-46
221.5	1.1962590834513901e-46
222.0	1.1563913646427012e-46
222.5	1.1564727402084058e-46
223.0	1.1121568970844503e-46
223.5	1.1310304136711058e-46
224.0	1.1249019550912722e-46
224.5	1.2509620990566492e-46
225.0	1.3506190289696872e-46
225.5	1.2022116041321535e-46
226.0	1.2659974514739894e-46
226.5	1.2347143753932847e-46
227.0	1.1496470862330224e-46
227.5	1.1725475246601366e-46
228.0	1.2073664705783039e-46
228.5	1.2938969216457427e-46
229.0	1.4132146243176914e-46
229.5	1.2767226248979487e-46
230.0	1.3858682833321014e-46
230.5	1.3560763745284851e-46
231.0	1.3700521545495027e-46
231.5	1.3324283983744942e-46
232.0	1.2578566858134831e-46
232.5	1.2419386484475084e-46
233.0	1.2131860122437037e-46
233.5	1.1923947845496926e-46
234.0	1.2610175102249477e-46
234.5	1.2733602070918524e-46
235.0	1.3381155534395595e-46
235.5	1.2577482054208067e-46
236.0	1.3069005543069067e-46
236.5	1.3979546735137398e-46
237.0	1.3666838882902443e-46
237.5	1.4866069653342113e-46
238.0	1.540306840055424e-46
238.5	1.5815379886287023e-46
239.0	1.442492891662161e-46
239.5	1.5088116934052565e-46
240.0	1.4416295168420018e-46
240.5	1.4378139985743489e-46
241.0	1.3994275438090311e-46
241.5	1.5154497702683049e-46
242.0	1.5362529604884957e-46
242.5	1.4380077529681245e-46
243.0	1.3547573215456213e-46
243.5	1.1868939350728591e-46
244.0	1.2705967750538034e-46
244.5	1.3819980071335038e-46
245.0	1.4177200856073538e-46
245.5	1.3856947268964176e-46
246.0	1.361819282725904e-46
246.5	1.3655931837997967e-46
247.0	1.4237940292167803e-46
247.5	1.3518836539957518e-46
248.0	1.315715579595037e-46
248.5	1.524178179375947e-46
249.0	1.631013733600227e-46
249.5	3.2163084481647348e-46
250.0	6.395294268560952e-46
250.5	3.513542510140744e-46
251.0	1.6553921317723936e-46
251.5	1.4443888241101681e-46
252.0	1.4249005595396972e-46
252.5	1.4702328184637337e-46
253.0	1.4712834541597567e-46
253.5	1.4557368526153747e-46
254.0	1.4499203056716779e-46
254.5	1.4563616168612794e-46
255.0	1.627757778393254e-46
255.5	1.6001542724390083e-46
256.0	1.5893466998355674e-46
256.5	1.4019593427996738e-46
257.0	1.2188385389453568e-46
257.5	1.4349205829381109e-46
258.0	1.6273538307795372e-46
258.5	1.79894951756009e-46
259.0	1.7966854361779106e-46
259.5	1.7044709006338108e-46
260.0	1.7699555735135754e-46
260.5	1.6205807578838987e-46
261.0	1.4526691121264528e-46
261.5	1.5181930492911899e-46
262.0	1.3647456273419418e-46
262.5	1.4945711015183115e-46
263.0	1.4057931688879954e-46
263.5	1.4703856905805147e-46
264.0	1.438506172886673e-46
264.5	1.5279665968996778e-46
265.0	1.6286466544272215e-46
265.5	1.7304166170112928e-46
266.0	1.4937572990279354e-46
266.5	1.4530499923432567e-46
267.0	1.4949797380405384e-46
267.5	1.474075949268632e-46
268.0	1.2656835426719384e-46
268.5	1.2459705881479148e-46
269.0	1.6021828440054875e-46
269.5	1.6679001433439329e-46
270.0	1.5971305064436442e-46
270.5	1.5201146118186238e-46
271.0	1.5264977133620197e-46
271.5	1.3520588492804171e-46
272.0	1.281755095369819e-46
272.5	1.4961129716967526e-46
273.0	1.547060831532334e-46
273.5	1.5223002397837876e-46
274.0	1.5396689064356795e-46
274.5	1.4614278049900765e-46
275.0	1.4474630727805481e-46
275.5	1.6197802327875303e-46
276.0	2.246093242254363e-46
276.5	4.299444329907615e-46
277.0	3.2607311623021116e-46
277.5	1.61362009108038e-46
278.0	1.4946615785553405e-46
278.5	2.154047033201697e-46
279.0	5.547845330783321e-46
279.5	3.093090690706605e-46
280.0	1.4903864884378408e-46
280.5	1.392993278706584e-46
281.0	1.4989750031687355e-46
281.5	1.608471756681853e-46
282.0	1.6188495916189259e-46
282.5	1.4840121679153934e-46
283.0	1.4949832751603526e-46
283.5	1.6544722191139372e-46
284.0	1.617876512783379e-46
284.5	1.4957783341079037e-46
285.0	1.7222380738430047e-46
285.5	1.6600232176983908e-46
286.0	1.770751329925449e-46
286.5	1.7920003464711117e-46
287.0	1.6133363705468578e-46
287.5	1.5902880604184663e-46
288.0	1.6670492382122145e-46
288.5	1.8002706421175473e-46
289.0	1.6882985678550276e-46
289.5	1.585531822883077e-46
290.0	1.640799624444153e-46
290.5	1.521802312264551e-46
291.0	1.8596618943943363e-46
291.5	2.0642856324469883e-46
292.0	1.6091984996010216e-46
292.5	1.717087427031096e-46
293.0	1.9126214979984915e-46
293.5	1.9469577918120758e-46
294.0	1.8668909983846577e-46
294.5	1.8913587828666702e-46
295.0	1.9959905605225778e-46
295.5	5.83720100108262e-46
296.0	1.7181682537013074e-45
296.5	6.042940632353337e-46
297.0	1.774520773417787e-46
297.5	1.8036906668783798e-46
298.0	2.161954275646554e-46
298.5	2.3832060213257736e-46
299.0	5.0876880866810045e-46
299.5	2.062273534306076e-45
300.0	4.959525220872717e-45
300.5	2.224782149617116e-45
301.0	6.1160156858934e-46
301.5	2.489005848304164e-46
302.0	1.8104678946340507e-46
302.5	1.8705461600834382e-46
303.0	1.9127978827169352e-46
303.5	1.618599727131104e-46
304.0	1.6895471419073477e-46
304.5	1.7249457469666772e-46
305.0	1.9004320937979838e-46
305.5	1.829624449361523e-46
306.0	1.5923320823489422e-46
306.5	1.5891908382916294e-46
307.0	1.718971981043503e-46
307.5	1.8143612173068988e-46
308.0	1.8528831126948585e-46
308.5	1.7403548245289227e-46
309.0	1.7179073553501125e-46
309.5	1.7517363676138673e-46
310.0	1.7582273435315826e-46
310.5	1.7653371972997578e-46
311.0	1.744576326105783e-46
311.5	1.773369338362488e-46
312.0	1.8447876871992337e-46
312.5	1.775300886555925e-46
313.0	1.6567308896906807e-46
313.5	1.840525920581818e-46
314.0	1.853017190488361e-46
314.5	1.9182500793979654e-46
315.0	1.9103899250907193e-46
315.5	1.927930726417651e-46
316.0	1.7535233730687855e-46
316.5	1.8469814501823867e-46
317.0	2.0012977963919732e-46
317.5	1.9714306104053886e-46
318.0	2.057431173303502e-46
318.5	2.0528480301349995e-46
319.0	1.951295387689911e-46
319.5	1.9154533538383944e-46
320.0	2.0665784078337007e-46
320.5	2.044716612067884e-46
321.0	1.916969518615633e-46
321.5	1.8079355669055852e-46
322.0	1.8781491655997657e-46
322.5	2.0460689367207014e-46
323.0	2.1056402174911214e-46
323.5	2.0509512337159297e-46
324.0	2.071513961210868e-46
324.5	2.2254500765048055e-46
325.0	2.4407957419549004e-46
325.5	2.2013984494030183e-46
326.0	2.2159198269270246e-46
326.5	2.3152273607559924e-46
327.0	2.9774545124175172e-46
327.5	3.272150476493964e-46
328.0	3.222065750897286e-46
328.5	2.8959276100589514e-46
329.0	2.7996247406374878e-46
329.5	2.81012820177078e-46
330.0	2.745416196577236e-46
330.5	2.7467017223371158e-46
331.0	2.835891738218588e-46
331.5	2.322704747147521e-46
332.0	2.072392652167499e-46
332.5	2.4123654116435565e-46
333.0	2.562982258861129e-46
333.5	2.557622457593666e-46
334.0	2.503816538943316e-46
334.5	2.3736489799760766e-46
335.0	2.4711654538403417e-46
335.5	2.599076603010644e-46
336.0	2.449492124115993e-46
336.5	2.421015985510768e-46
337.0	2.6261678012114825e-46
337.5	2.693041692879103e-46
338.0	2.44782296457388e-46
338.5	2.7369649461499386e-46
339.0	3.6760565043002015e-46
339.5	4.1697664084734634e-46
340.0	4.274939861856986e-46
340.5	4.835341776720993e-46
341.0	6.64285381542116e-46
341.5	6.5875851658110135e-46
342.0	4.777687800146366e-46
342.5	3.57373240101965e-46
343.0	3.1564036273394657e-46
343.5	2.8885743168795423e-46
344.0	2.8747917523725996e-46
344.5	3.2886550723715466e-46
345.0	3.1912508158399635e-46
345.5	2.992010757038115e-46
346.0	3.375052173785771e-46
346.5	3.4107561321640925e-46
347.0	3.2588930130691517e-46
347.5	3.766445286964058e-46
348.0	4.1310529801232e-46
348.5	5.106191102597314e-46
349.0	9.104395349544402e-46
349.5	4.733124670874758e-45
350.0	1.3330318869397218e-44
350.5	5.086044733103955e-45
351.0	8.615797744188635e-46
351.5	3.436362978932661e-46
352.0	3.1557689471195445e-46
352.5	3.0382346051763064e-46
353.0	2.565427455504759e-46
353.5	2.4228165762597198e-46
354.0	2.698759323125248e-46
354.5	2.725472478780128e-46
355.0	2.704359060578545e-46
355.5	3.342642797126226e-46
356.0	4.394443962091767e-46
356.5	4.3326682858323386e-46
357.0	4.0019397910458684e-46
357.5	4.5439162625850884e-46
358.0	3.519360484824317e-46
358.5	2.784170989340951e-46
359.0	2.755854621630564e-46
359.5	2.9223080773720227e-46
360.0	3.361965316331106e-46
360.5	3.1128691564184317e-46
361.0	2.923736183435605e-46
361.5	2.9161251986581767e-46
362.0	2.779849674655677e-46
362.5	2.782061742176719e-46
363.0	2.719843281360667e-46
363.5	2.866898890372933e-46
364.0	2.8363523642051036e-46
364.5	3.0274567319954578e-46
365.0	2.904047122378753e-46
365.5	3.012528752644706e-46
366.0	2.9799727853584988e-46
366.5	2.701932477236204e-46
367.0	3.1056686162502433e-46
367.5	3.097488830005004e-46
368.0	3.0470348027846734e-46
368.5	3.0652003059443294e-46
369.0	3.4244827450749334e-46
369.5	3.4721195047211247e-46
370.0	3.3998568349242725e-46
370.5	3.1277595485027887e-46
371.0	3.0760178482576076e-46
371.5	2.8215189318462122e-46
372.0	2.7456084490375818e-46
372.5	2.4157760459866277e-46
373.0	2.8804832982326046e-46
373.5	2.8093849114616988e-46
374.0	2.549537375643671e-46
374.5	2.8268196934289727e-46
375.0	2.6702029284316345e-46
375.5	2.3791406671252065e-46
376.0	2.39598474822768e-46
376.5	2.6390601262092967e-46
377.0	2.8339176440278143e-46
377.5	2.8084435475335156e-46
378.0	2.7934105712863684e-46
378.5	2.77348230506625e-46
379.0	2.9605283703495183e-46
379.5	2.9873500976357915e-46
380.0	2.5404431862908866e-46
380.5	2.6742188299277853e-46
381.0	2.6720327311306674e-46
381.5	2.6407659466093465e-46
382.0	2.3551860836719627e-46
382.5	2.322609151955817e-46
383.0	2.7858189156314973e-46
383.5	2.7825296794407316e-46
384.0	2.88540868739508e-46
384.5	3.022066313829628e-46
385.0	2.8939060075625197e-46
385.5	2.838108959461442e-46
386.0	2.8950073040329153e-46
386.5	2.9224007247234238e-46
387.0	2.760920315287026e-46
387.5	2.8231893255847977e-46
388.0	2.6983572241638022e-46
388.5	2.649646887573288e-46
389.0	2.744085167617052e-46
389.5	3.1784823195205284e-46
390.0	2.9155278947996227e-46
390.5	2.7318313498846877e-46
391.0	2.6084886237754034e-46
391.5	2.6096557575582742e-46
392.0	2.6364451178357557e-46
392.5	2.622599750984809e-46
393.0	2.5347508246780712e-46
393.5	2.5605057765022167e-46
394.0	2.492611033908673e-46
394.5	2.4989446023821525e-46
395.0	2.5175753600421966e-46
395.5	2.5322548059786317e-46
396.0	2.375631182669293e-46
396.5	3.594989014814058e-46
397.0	6.426246767579408e-46
397.5	3.2182079854134865e-46
398.0	1.3902337348760619e-45
398.5	5.1659430790155395e-46
399.0	2.9482838583047205e-46
399.5	3.438903560118468e-46
400.0	3.964783296541029e-46
400.5	3.525588407889605e-46
401.0	4.258829448542783e-46
401.5	5.393854699883717e-46
402.0	3.511050188454757e-46
402.5	2.7121871976010015e-46
403.0	2.5268184476861938e-46
403.5	2.800914470433144e-46
404.0	2.9613788881562858e-46
404.5	3.2529289625053724e-46
405.0	2.910705466730138e-46
405.5	2.8076473973372747e-46
406.0	2.7776268220830484e-46
406.5	2.980654549783104e-46
407.0	2.8238360073337013e-46
407.5	2.9254634200098482e-46
408.0	2.7259075804555993e-46
408.5	2.498682626349935e-46
409.0	2.732092417456353e-46
409.5	2.7685695313335183e-46
410.0	2.615487594793401e-46
410.5	2.7316475327825924e-46
411.0	3.0800370787504287e-46
411.5	2.9624915327318294e-46
412.0	3.390920525207228e-46
412.5	3.7531831248434084e-46
413.0	3.3114976053373923e-46
413.5	3.0214220410512676e-46
414.0	3.217237654376977e-46
414.5	3.4336124170292605e-46
415.0	3.9392459354634536e-46
415.5	4.2094699802079765e-46
416.0	5.682173965078032e-46
416.5	1.03150148604854e-45
417.0	1.5544685761351623e-45
417.5	1.6848948974274702e-45
418.0	1.1500108671409721e-45
418.5	9.756452234647835e-46
419.0	1.2200671570003778e-45
419.5	2.5447236389730072e-45
420.0	2.953812753306379e-45
420.5	1.2466132333575025e-45
421.0	4.525668443832333e-46
421.5	3.659948226349769e-46
422.0	3.18881908597147e-46
422.5	3.0657995512432196e-46
423.0	2.9351874443944076e-46
423.5	3.0993454466763178e-46
424.0	3.2327002907179142e-46
424.5	3.0677462981622596e-46
425.0	3.2629326661397012e-46
425.5	3.0966541459593944e-46
426.0	2.9594044859297776e-46
426.5	2.855769814922966e-46
427.0	3.049990519008182e-46
427.5	3.1068575655200197e-46
428.0	2.6273882886645104e-46
428.5	3.173945072057782e-46
429.0	2.8193287477326852e-46
429.5	2.6595240880549716e-46
430.0	2.921486362952953e-46
430.5	3.0125193754545764e-46
431.0	3.0708201182602995e-46
431.5	2.9470532061237647e-46
432.0	3.513532957807806e-46
432.5	3.75304468924823e-46
433.0	3.720480619911605e-46
433.5	3.462340662851518e-46
434.0	3.2139906213618823e-46
434.5	3.316933470998846e-46
435.0	3.091422720871229e-46
435.5	3.0426050328292234e-46
436.0	3.558311089047046e-46
436.5	2.951298127340102e-46
437.0	2.6431155346810158e-46
437.5	2.963587201258958e-46
438.0	3.0345103349207886e-46
438.5	3.795993952561257e-46
439.0	4.1452736281465455e-46
439.5	3.915085141257406e-46
440.0	3.680675035067017e-46
440.5	3.427272159971829e-46
441.0	3.5711318265254275e-46
441.5	3.7120251640190486e-46
442.0	4.114057396648748e-46
442.5	4.948440225358415e-46
443.0	4.663544830933457e-45
443.5	2.908526935754261e-43
444.0	1.4398951551408017e-42
444.5	1.0600703820810156e-42
445.0	8.672673282246776e-43
445.5	1.1915873993118464e-42
446.0	2.7281149698427796e-42
446.5	3.1017520432300516e-42
447.0	3.253760522458868e-42
447.5	3.630664575085007e-42
448.0	5.1572936615073674e-43
448.5	9.556353083924775e-44
449.0	1.8775372295366388e-42
449.5	6.260080295592602e-42
450.0	4.423851406568894e-42
450.5	5.219478775309034e-42
451.0	1.8723004999415297e-42
451.5	2.0224908128856397e-43
452.0	3.744636861942099e-42
452.5	5.329506781980066e-42
453.0	1.0046624571909484e-42
453.5	1.3495258806538302e-42
454.0	1.2239759712350698e-42
454.5	6.342226573763738e-44
455.0	1.4379789114510494e-45
455.5	5.3267926705561276e-46
456.0	3.765479694399812e-46
456.5	4.196713133126295e-46
457.0	3.579096688204466e-46
457.5	4.1254648652316086e-46
458.0	3.855639503476249e-46
458.5	3.290518025415157e-46
459.0	3.4929651696346688e-46
459.5	3.688067843693357e-46
460.0	3.71811474655447e-46
460.5	3.55815582390829e-46
461.0	3.652614336595984e-46
461.5	3.560056222908141e-46
462.0	3.3787371379154685e-46
462.5	4.004722628434765e-46
463.0	3.46154976974083e-46
463.5	3.310265514601752e-46
464.0	3.617809640595221e-46
464.5	3.5577229866763834e-46
465.0	3.1285957435577233e-46
465.5	3.127398341889392e-46
466.0	3.48531907689199e-46
466.5	3.3837505648140523e-46
467.0	3.1942403628021706e-46
467.5	3.357638164497005e-46
468.0	3.4968933894935084e-46
468.5	3.329585880601245e-46
469.0	3.4041405123480647e-46
469.5	3.0498639722646635e-46
470.0	3.1202174982212236e-46
470.5	3.587139943833495e-46
471.0	3.6190892298453005e-46
471.5	3.7721331257369414e-46
472.0	3.3561250717526244e-46
472.5	3.5284708685181606e-46
473.0	3.69588556417264e-46
473.5	3.679431285871558e-46
474.0	3.554300472963259e-46
474.5	3.500895178276581e-46
475.0	3.598393054042634e-46
475.5	3.553962250460715e-46
476.0	3.4518083385845504e-46
476.5	3.3159143524069614e-46
477.0	3.581646943052538e-46
477.5	3.861707268194239e-46
478.0	3.650717340227165e-46
478.5	3.631769035587882e-46
479.0	3.493319345735681e-46
479.5	3.625385414913905e-46
480.0	3.860330672336587e-46
480.5	3.742292991081703e-46
481.0	3.496901331192318e-46
481.5	3.433386336119423e-46
482.0	4.0192934682688486e-46
482.5	4.093687849535572e-46
483.0	3.980509766879395e-46
483.5	4.121422740612061e-46
484.0	5.067371532586182e-46
484.5	5.142348752424462e-46
485.0	5.691275677970149e-46
485.5	6.149837919432501e-46
486.0	4.818042009019159e-46
486.5	4.575074754578744e-46
487.0	4.6809839967429405e-46
487.5	4.242482555737892e-46
488.0	4.406900323375478e-46
488.5	4.454250183357739e-46
489.0	4.658388481685788e-46
489.5	4.737968837733491e-46
490.0	3.9686439434330315e-46
490.5	3.9694483032500615e-46
491.0	4.271255345067807e-46
491.5	4.074188763158483e-46
492.0	3.9623407012047635e-46
492.5	3.619595728255703e-46
493.0	3.582985013844821e-46
493.5	3.933364091658509e-46
494.0	4.593264994187968e-46
494.5	4.0711507503335675e-46
495.0	4.382211168055087e-46
495.5	5.0370704965674265e-46
496.0	4.666026549640853e-46
496.5	4.6124784166980385e-46
497.0	5.933959644407171e-46
497.5	5.8947330812247934e-46
498.0	5.9557881276585056e-46
498.5	6.773752851823914e-46
499.0	7.940686364748185e-46
499.5	2.314597706758455e-45
500.0	5.783433811413725e-45
500.5	2.717034719116281e-45
501.0	1.0403960311488984e-45
501.5	8.469005198303657e-46
502.0	7.751277797733087e-46
502.5	6.0948492805236115e-46
503.0	5.280214196208545e-46
503.5	5.3833545724261895e-46
504.0	4.6750168701194765e-46
504.5	4.441630190342421e-46
505.0	4.654746571385734e-46
505.5	4.8973143828759676e-46
506.0	4.7406165432475256e-46
506.5	4.613545194950546e-46
507.0	4.451066122750427e-46
507.5	4.345562281645273e-46
508.0	4.122641220710555e-46
508.5	3.86143847506502e-46
509.0	4.1619354197232015e-46
509.5	4.16153744233263e-46
510.0	4.4160542983256826e-46
510.5	4.562032927394887e-46
511.0	4.66145688814844e-46
511.5	4.7297297838523005e-46
512.0	4.738031204057206e-46
512.5	4.78406546205985e-46
513.0	4.2077610676034865e-46
513.5	4.160403803088757e-46
514.0	3.639951688199483e-46
514.5	3.5815562089273216e-46
515.0	3.727610630764218e-46
515.5	4.03553505097553e-46
516.0	4.2525475567825845e-46
516.5	4.572831501757712e-46
517.0	4.364586106632342e-46
517.5	4.1884719487178835e-46
518.0	4.383439659990468e-46
518.5	3.789895369334169e-46
519.0	4.3381772027253734e-46
519.5	4.3073852818013735e-46
520.0	4.657196651870245e-46
520.5	4.799246430471921e-46
521.0	4.541606157997847e-46
521.5	4.178114105398416e-46
522.0	4.016856645903438e-46
522.5	3.50797543148673e-46
523.0	4.216287333025003e-46
523.5	4.9990398418072216e-46
524.0	4.5955334116984415e-46
524.5	3.9643612464590236e-46
525.0	4.036092392958719e-46
525.5	4.046325802275967e-46
526.0	4.1498837639980415e-46
526.5	4.128729577303713e-46
527.0	4.1183110021715716e-46
527.5	4.3673497990655646e-46
528.0	4.2798132157294065e-46
528.5	4.024436483457127e-46
529.0	4.2908608585148515e-46
529.5	4.85981658973981e-46
530.0	4.540591788649001e-46
530.5	4.372733029115954e-46
531.0	4.262951169961842e-46
531.5	4.671101225728884e-46
532.0	4.8763392210792e-46
532.5	3.993938959776106e-46
533.0	4.2675354323513646e-46
533.5	4.39732253918224e-46
534.0	4.740499986057052e-46
534.5	4.586152995585099e-46
535.0	3.977630539806333e-46
535.5	4.134381378601023e-46
536.0	4.1484197892924e-46
536.5	4.12247984005778e-46
537.0	4.065966645737571e-46
537.5	4.131740417071078e-46
538.0	3.585907668727864e-46
538.5	3.9231558287627964e-46
539.0	4.356338999980342e-46
539.5	4.559170794992686e-46
540.0	4.357189860729951e-46
540.5	4.651398759492438e-46
541.0	4.4802227591501225e-46
541.5	3.976042310602569e-46
542.0	4.336738813447312e-46
542.5	4.543534747974089e-46
543.0	4.591479218675727e-46
543.5	4.4083239864351085e-46
544.0	4.53289470679213e-46
544.5	4.7556412811421785e-46
545.0	4.804110983825237e-46
545.5	4.2194150934643626e-46
546.0	4.465557644434478e-46
546.5	4.5358602813622695e-46
547.0	4.7914906056627434e-46
547.5	4.533897421622157e-46
548.0	5.104561985663768e-46
548.5	5.4244042359545044e-46
549.0	9.490598093915682e-46
549.5	2.782229185291895e-45
550.0	5.902883523952345e-45
550.5	2.7905767342321785e-45
551.0	8.841004282605166e-46
551.5	5.624738135682009e-46
552.0	5.514143217379173e-46
552.5	5.319288207073623e-46
553.0	5.0463783413134056e-46
553.5	4.82726292157155e-46
554.0	4.604711016268298e-46
554.5	4.271699873800506e-46
555.0	4.0524745803906565e-46
555.5	4.060739963096717e-46
556.0	3.642074396617437e-46
556.5	4.2931040843793775e-46
557.0	4.488042916096637e-46
557.5	4.660591287191268e-46
558.0	4.835435398241138e-46
558.5	4.826309606823238e-46
559.0	4.778715421695271e-46
559.5	4.2974290087640376e-46
560.0	4.667639024677366e-46
560.5	4.4335737365894184e-46
561.0	4.54878358677462e-46
561.5	4.9830301811457276e-46
562.0	4.8977196978594804e-46
562.5	4.8341861232313565e-46
563.0	4.0190820734670484e-46
563.5	4.561772509966408e-46
564.0	4.6386606679970455e-46
564.5	4.400127219299357e-46
565.0	4.722294463336153e-46
565.5	5.0100217748700245e-46
566.0	5.204672880470984e-46
566.5	4.9105208421876915e-46
567.0	4.559604518403223e-46
567.5	4.492661713228279e-46
568.0	4.775493807109577e-46
568.5	4.9257422564982735e-46
569.0	4.570735965446853e-46
569.5	4.781278122795783e-46
570.0	4.024165965748157e-46
570.5	4.096423563227956e-46
571.0	4.79081408288779e-46
571.5	4.4278706394011096e-46
572.0	4.630504206179156e-46
572.5	5.359708429845618e-46
573.0	5.337999622263718e-46
573.5	5.58645543857593e-46
574.0	5.2701944488228475e-46
574.5	5.480829353001499e-46
575.0	4.9798515178811675e-46
575.5	4.766151382366933e-46
576.0	4.6960437192764036e-46
576.5	4.882927851405952e-46
577.0	5.149224561152132e-46
577.5	5.136032341471379e-46
578.0	5.3492427180040315e-46
578.5	5.2525706951803545e-46
579.0	5.049890732816338e-46
579.5	4.614227307989428e-46
580.0	4.677346140561123e-46
580.5	4.8032661281322194e-46
581.0	5.0799386391919696e-46
581.5	4.994244183230806e-46
582.0	4.635995993811368e-46
582.5	4.508204482959698e-46
583.0	4.8079409975211115e-46
583.5	4.3393606291184835e-46
584.0	4.6482321839585376e-46
584.5	4.816274131312581e-46
585.0	4.5038680622937784e-46
585.5	4.3931683692038625e-46
586.0	4.7650968159924396e-46
586.5	5.328865269695166e-46
587.0	5.6870485169410145e-46
587.5	5.487369652794353e-46
588.0	5.2770473427777545e-46
588.5	4.934826488587228e-46
589.0	5.463809373844914e-46
589.5	5.582318103336058e-46
590.0	5.416516637779539e-46
590.5	5.20106800260836e-46
591.0	5.419425536539625e-46
591.5	5.661234862982237e-46
592.0	4.8913522880308756e-46
592.5	4.544853998253799e-46
593.0	4.6172742918436995e-46
593.5	5.3231038640343656e-46
594.0	5.579726526962952e-46
594.5	4.98122481291535e-46
595.0	4.9411731064493745e-46
595.5	5.731138626922311e-46
596.0	5.216309177690276e-46
596.5	4.8787070298794745e-46
597.0	4.9046632200733185e-46
597.5	5.0397657106915386e-46
598.0	5.207673878241031e-46
598.5	5.503333092918748e-46
599.0	6.851375814514622e-46
599.5	1.8746374586162954e-45
600.0	4.312142175436154e-45
600.5	2.2193967116027292e-45
601.0	1.697525844555272e-45
601.5	7.892692960123872e-46
602.0	4.818054061942841e-46
602.5	4.9321852437218074e-46
603.0	5.0800146684394545e-46
603.5	5.209534266583178e-46
604.0	5.336414771908008e-46
604.5	5.654734604472765e-46
605.0	5.504138439618541e-46
605.5	5.193491123147048e-46
606.0	4.726851098569291e-46
606.5	5.418481862079315e-46
607.0	5.432489754385809e-46
607.5	4.957373827975831e-46
608.0	5.0882230330430826e-46
608.5	5.0913763558846154e-46
609.0	5.4322303542874225e-46
609.5	5.012067916152435e-46
610.0	5.0614496283728e-46
610.5	5.067664418191236e-46
611.0	5.2406922149558005e-46
611.5	5.0066447043103845e-46
612.0	5.369183685834067e-46
612.5	4.8358110890591456e-46
613.0	4.604936673491829e-46
613.5	4.922140857537709e-46
614.0	5.6634459267888155e-46
614.5	4.9973009500639195e-46
615.0	4.929085099878422e-46
615.5	5.591001115488574e-46
616.0	5.991155981177736e-46
616.5	6.380451237220256e-46
617.0	6.214841911260365e-46
617.5	4.864282999415357e-46
618.0	5.191419759947376e-46
618.5	5.087404136803883e-46
619.0	5.162311955712748e-46
619.5	5.404680591538663e-46
620.0	5.5382781246285994e-46
620.5	5.904863463355302e-46
621.0	5.93295705707055e-46
621.5	6.385577094113328e-46
622.0	6.9698950299617805e-46
622.5	6.942967645150718e-46
623.0	6.668391118213092e-46
623.5	6.087749462428732e-46
624.0	5.461818449661567e-46
624.5	5.85217724968415e-46
625.0	6.0528550411144146e-46
625.5	5.772216029262329e-46
626.0	6.063761780857097e-46
626.5	5.891053001429459e-46
627.0	6.0413542013048104e-46
627.5	6.0734866284865226e-46
628.0	5.912608510453607e-46
628.5	5.793543434978451e-46
629.0	5.084244289493958e-46
629.5	6.0017377515860535e-46
630.0	6.159051363073822e-46
630.5	5.4677054084947036e-46
631.0	6.4162840258773325e-46
631.5	6.543903620555652e-46
632.0	5.538207284197326e-46
632.5	5.6146795538126796e-46
633.0	5.550358953546517e-46
633.5	5.365904011264398e-46
634.0	5.688827878942235e-46
634.5	6.083345715189305e-46
635.0	6.154425749786458e-46
635.5	6.5057906930391476e-46
636.0	6.663794841676989e-46
636.5	6.134510841930727e-46
637.0	5.437017519477339e-46
637.5	5.954944221153743e-46
638.0	6.647346163292988e-46
638.5	6.4511628293306724e-46
639.0	5.889144597028652e-46
639.5	6.517171052905482e-46
640.0	6.650290796752632e-46
640.5	6.064824854130962e-46
641.0	6.5377304334684574e-46
641.5	6.710069150827461e-46
642.0	6.137701071357197e-46
642.5	7.317195097440325e-46
643.0	7.695013550694467e-46
643.5	8.049718960106836e-46
644.0	8.917306963488357e-46
644.5	8.240305812657123e-46
645.0	7.06691302834823e-46
645.5	6.556423676418716e-46
646.0	6.2788131615721075e-46
646.5	6.261882275580431e-46
647.0	6.1641899540546745e-46
647.5	6.253925387994099e-46
648.0	6.160644585897955e-46
648.5	6.130440068683351e-46
649.0	6.650304100734433e-46
649.5	7.755539148380573e-46
650.0	1.0764629108537034e-45
650.5	8.096875115880975e-46
651.0	6.744791180131657e-46
651.5	6.328309073691332e-46
652.0	5.433498071100488e-46
652.5	5.921524022427387e-46
653.0	6.47675695235887e-46
653.5	6.576259707992458e-46
654.0	6.210947371500802e-46
654.5	6.516828673782513e-46
655.0	6.599575063569807e-46
655.5	6.410359239384692e-46
656.0	6.1403962953665154e-46
656.5	5.230994885702561e-46
657.0	6.420205251297169e-46
657.5	6.17129604235866e-46
658.0	5.888670985148163e-46
658.5	5.532759701045588e-46
659.0	6.186372549592694e-46
659.5	6.682828736776973e-46
660.0	6.652385566596007e-46
660.5	6.621051596146494e-46
661.0	6.388054640273878e-46
661.5	6.3701136659135044e-46
662.0	7.136814262027564e-46
662.5	6.6596654707646216e-46
663.0	6.445694385855835e-46
663.5	5.9332060158156795e-46
664.0	6.521927714389663e-46
664.5	6.3428677443707664e-46
665.0	6.262258909422866e-46
665.5	5.5667484499937105e-46
666.0	6.158703941543171e-46
666.5	6.4404922899826794e-46
667.0	5.987781431396632e-46
667.5	6.8097935662056355e-46
668.0	6.8344749149250064e-46
668.5	6.226176227514378e-46
669.0	5.395189092426153e-46
669.5	5.747004120656753e-46
670.0	6.527825913512463e-46
670.5	6.0420231220382755e-46
671.0	6.201326498492375e-46
671.5	6.372117764479987e-46
672.0	6.197105893133182e-46
672.5	5.690286463862361e-46
673.0	6.313658668998308e-46
673.5	6.5680639508835205e-46
674.0	6.865882970533582e-46
674.5	5.840909985341111e-46
675.0	5.98195004492157e-46
675.5	6.6019338697941414e-46
676.0	6.266817978070536e-46
676.5	6.240625233449084e-46
677.0	5.565336654353617e-46
677.5	6.2379071640418275e-46
678.0	6.736443488696336e-46
678.5	6.4658616987896375e-46
679.0	6.4483248979144885e-46
679.5	5.5995593858226535e-46
680.0	5.874460715205885e-46
680.5	6.2089135349216756e-46
681.0	6.983628961232901e-46
681.5	7.114620702996185e-46
682.0	7.567075035415948e-46
682.5	7.113772292923203e-46
683.0	6.607118015355194e-46
683.5	7.012445064395064e-46
684.0	6.266066435222172e-46
684.5	6.486481783766979e-46
685.0	6.346489633806976e-46
685.5	6.229732951130353e-46
686.0	6.130981342573155e-46
686.5	7.304553946124762e-46
687.0	8.082738914122234e-46
687.5	7.021876652810065e-46
688.0	6.8807710752108715e-46
688.5	7.08467142163364e-46
689.0	6.179305411763031e-46
689.5	5.879214439455825e-46
690.0	6.5525398406801945e-46
690.5	6.710239483560819e-46
691.0	6.6186859900355536e-46
691.5	6.151630066367102e-46
692.0	5.649026599941678e-46
692.5	6.541818436541079e-46
693.0	7.41345961221581e-46
693.5	7.528249173491996e-46
694.0	7.123470748920772e-46
694.5	6.9603736986449645e-46
695.0	7.279952777225693e-46
695.5	6.583413869530161e-46
696.0	6.861957415946063e-46
696.5	6.6806659991216064e-46
697.0	6.577762539240598e-46
697.5	7.244733547881657e-46
698.0	6.641333004662975e-46
698.5	6.268660293264095e-46
699.0	6.980810551498916e-46
699.5	6.924703267342713e-46
700.0	6.8400905252933436e-46
700.5	7.615837131280587e-46
701.0	7.435918126430263e-46
701.5	6.7272076165294016e-46
702.0	6.200468199839735e-46
702.5	6.468583984360519e-46
703.0	7.28755265560611e-46
703.5	6.6340360924885884e-46
704.0	6.984431568816202e-46
704.5	7.26387910761869e-46
705.0	6.9564709202215665e-46
705.5	7.725198675551337e-46
706.0	7.313125507601816e-46
706.5	7.711968601674751e-46
707.0	7.573493219741457e-46
707.5	6.475626600312458e-46
708.0	7.796842675665871e-46
708.5	7.58102892147075e-46
709.0	7.40655105832987e-46
709.5	7.832931865501415e-46
710.0	7.011753731582916e-46
710.5	6.5351122082419195e-46
711.0	7.295759202162398e-46
711.5	6.919723429157188e-46
712.0	6.930599480360388e-46
712.5	7.574620652328812e-46
713.0	6.663057710735044e-46
713.5	6.3879800005454296e-46
714.0	7.828873607455116e-46
714.5	7.95971298372893e-46
715.0	7.541725469898712e-46
715.5	7.20190535569383e-46
716.0	7.053464185330692e-46
716.5	7.167780310324452e-46
717.0	7.260095401640456e-46
717.5	6.785141101609342e-46
718.0	7.082504427739222e-46
718.5	7.804836315234277e-46
719.0	6.974144143437874e-46
719.5	7.042510759260933e-46
720.0	8.082670956428641e-46
720.5	7.640629959195327e-46
721.0	7.942505987361454e-46
721.5	8.478761796076258e-46
722.0	7.968366533416341e-46
722.5	7.482430701749962e-46
723.0	7.528550342702983e-46
723.5	7.477388754126843e-46
724.0	6.261765756367927e-46
724.5	6.709549463304383e-46
725.0	7.21414832803171e-46
725.5	7.713010887360895e-46
726.0	7.05523185895358e-46
726.5	6.351908001050762e-46
727.0	6.3363592421785395e-46
727.5	7.388471449529981e-46
728.0	8.162275242951327e-46
728.5	8.110479619282542e-46
729.0	6.972450058610636e-46
729.5	6.853838836161741e-46
730.0	7.099634053585394e-46
730.5	7.66084462791521e-46
731.0	8.054185593686448e-46
731.5	7.765924242935948e-46
732.0	7.842182120914395e-46
732.5	6.638388727055163e-46
733.0	7.63680937676604e-46
733.5	7.848861505407677e-46
734.0	7.599762902797645e-46
734.5	7.152052546991199e-46
735.0	7.093647994026643e-46
735.5	8.2693823150059e-46
736.0	8.374501914128856e-46
736.5	8.676281449852987e-46
737.0	7.721489141507066e-46
737.5	6.963317790270973e-46
738.0	7.365700768566014e-46
738.5	7.543082742629294e-46
739.0	7.139092835963851e-46
739.5	7.329754255234681e-46
740.0	7.40372058932866e-46
740.5	7.253078412000074e-46
741.0	7.364507089039575e-46
741.5	7.120706893200318e-46
742.0	7.508433099042363e-46
742.5	7.228537430863186e-46
743.0	7.307625951961981e-46
743.5	7.121774790481569e-46
744.0	7.056116028418372e-46
744.5	7.54432562748691e-46
745.0	8.119521744707077e-46
745.5	8.327969280339496e-46
746.0	8.485324871911674e-46
746.5	7.24011770118307e-46
747.0	8.134676810782156e-46
747.5	8.663766886573482e-46
748.0	8.08759123127194e-46
748.5	9.043972304272856e-46
749.0	8.701360741150634e-46
749.5	8.786320866424246e-46
750.0	8.908375305887381e-46
750.5	8.083795246817139e-46
751.0	7.690602864673813e-46
751.5	7.663501035884656e-46
752.0	7.07444790638988e-46
752.5	7.779670268546588e-46
753.0	8.685797922612347e-46
753.5	7.843104268749402e-46
754.0	7.578802714394623e-46
754.5	7.99060840618475e-46
755.0	8.920017805013206e-46
755.5	8.646952940165846e-46
756.0	8.270681742250718e-46
756.5	8.303016475477397e-46
757.0	8.294897189427695e-46
757.5	7.791791535148507e-46
758.0	8.253614403523412e-46
758.5	7.779492007972535e-46
759.0	7.515204932415859e-46
759.5	8.160791888288493e-46
760.0	7.584426346763617e-46
760.5	8.158621513877931e-46
761.0	7.537160998967939e-46
761.5	7.227678623037483e-46
762.0	7.481962017334064e-46
762.5	6.8650094074665274e-46
763.0	6.976602558639652e-46
763.5	8.099371346673011e-46
764.0	7.277590412254097e-46
764.5	7.587947378440125e-46
765.0	7.841772213373213e-46
765.5	8.375266582930941e-46
766.0	8.278966469998823e-46
766.5	7.585401904727236e-46
767.0	8.372868933421582e-46
767.5	8.04836822135619e-46
768.0	6.9364093532049725e-46
768.5	7.656908302272927e-46
769.0	8.641147197870525e-46
769.5	8.571706406138192e-46
770.0	8.685025717452308e-46
770.5	7.908484396737148e-46
771.0	6.835110445268151e-46
771.5	7.220273089940005e-46
772.0	8.51553477604811e-46
772.5	8.36609777443509e-46
773.0	8.862210900174644e-46
773.5	9.072020692954922e-46
774.0	8.988252179032132e-46
774.5	9.303763935574199e-46
775.0	9.277098533352347e-46
775.5	9.608955322134147e-46
776.0	9.569049701990786e-46
776.5	8.382146039610912e-46
777.0	8.470740850777899e-46
777.5	8.806610493941863e-46
778.0	8.341827873438652e-46
778.5	8.480104971956962e-46
779.0	8.219129358529417e-46
779.5	8.403215926362298e-46
780.0	8.347696672890475e-46
780.5	8.957437273803728e-46
781.0	8.808654315658334e-46
781.5	7.717629318700617e-46
782.0	7.785367327109652e-46
782.5	8.27762137856093e-46
783.0	8.729726253745157e-46
783.5	8.35957014362088e-46
784.0	8.131395121445701e-46
784.5	8.448435091632864e-46
785.0	8.93676892761846e-46
785.5	8.580337851130259e-46
786.0	8.384509738803334e-46
786.5	8.297333932424212e-46
787.0	8.382059488670967e-46
787.5	9.317750178309747e-46
788.0	9.301110999563382e-46
788.5	8.937122823479087e-46
789.0	7.955298577381486e-46
789.5	7.528691807431237e-46
790.0	9.601542819680716e-46
790.5	9.1710073085025e-46
791.0	8.290232187308934e-46
791.5	7.716701251271016e-46
792.0	7.841196841036767e-46
792.5	7.763451390963656e-46
793.0	7.947585551699217e-46
793.5	8.956440365712657e-46
794.0	8.573887990769387e-46
794.5	7.625223541584557e-46
795.0	8.439620370136853e-46
795.5	7.850160627668883e-46
796.0	7.759258493740147e-46
796.5	8.485235641684191e-46
797.0	8.971258698916e-46
797.5	9.778907396429828e-46
798.0	9.969456536737743e-46
798.5	9.21427448865998e-46
799.0	9.029330814249645e-46
799.5	8.121809549257615e-46
800.0	7.758405829567474e-46
800.5	8.661066883106604e-46
801.0	8.477445792704505e-46
801.5	9.29481252347599e-46
802.0	1.2191914501903231e-45
802.5	2.0218730581463065e-45
803.0	1.4187761847529607e-45
803.5	9.324598926028552e-46
804.0	9.135651469745543e-46
804.5	9.404233339207096e-46
805.0	8.614586724428732e-46
805.5	8.360642894728952e-46
806.0	8.805754946336945e-46
806.5	8.769739287149644e-46
807.0	7.952099346699557e-46
807.5	8.80239216504604e-46
808.0	1.1151355111439485e-45
808.5	1.0547585591753006e-45
809.0	8.595944749764739e-46
809.5	7.69183951471146e-46
810.0	8.04522330111138e-46
810.5	8.918058969440464e-46
811.0	9.233963909757952e-46
811.5	8.475145176466296e-46
812.0	9.990472713834663e-46
812.5	8.904785136326447e-46
813.0	9.112984557556488e-46
813.5	9.607604433017801e-46
814.0	9.677504737485512e-46
814.5	1.006352790113848e-45
815.0	9.579311095327359e-46
815.5	1.0311084873655071e-45
816.0	9.23186688925458e-46
816.5	7.998047234201852e-46
817.0	9.210323706835242e-46
817.5	9.195858923603244e-46
818.0	8.804157204796414e-46
818.5	9.045991845874284e-46
819.0	9.701135494697635e-46
819.5	9.863370996859091e-46
820.0	1.0142533675776045e-45
820.5	1.026722922443032e-45
821.0	1.0047290273934486e-45
821.5	9.571190838318311e-46
822.0	9.424750676867266e-46
822.5	8.813068601509344e-46
823.0	9.568212124513184e-46
823.5	8.782798163300589e-46
824.0	9.559373655029774e-46
824.5	9.779593799623477e-46
825.0	8.54418017351284e-46
825.5	9.061246317696666e-46
826.0	9.304569907456254e-46
826.5	8.589786854211984e-46
827.0	9.096593930673897e-46
827.5	9.171083117316084e-46
828.0	9.46052151132379e-46
828.5	1.0387246190765585e-45
829.0	1.1177554033255896e-45
829.5	1.0269462658410743e-45
830.0	8.93380682028499e-46
830.5	9.432905104390163e-46
831.0	9.378639202325966e-46
831.5	8.868192438025479e-46
832.0	9.68354110680702e-46
832.5	9.496616483179504e-46
833.0	9.264771775375642e-46
833.5	9.661480459279324e-46
834.0	9.792260696439316e-46
834.5	9.304254280323287e-46
835.0	9.857041450170668e-46
835.5	9.976759232103158e-46
836.0	9.416368059929257e-46
836.5	1.0507126269769271e-45
837.0	1.064857002718265e-45
837.5	1.0223637019381883e-45
838.0	9.666572938679994e-46
838.5	8.889981018356834e-46
839.0	8.90258810809857e-46
839.5	8.905503161572329e-46
840.0	9.142528673727104e-46
840.5	9.87811790210642e-46
841.0	9.567877299899642e-46
841.5	9.035498189428132e-46
842.0	9.600731574099652e-46
842.5	1.0516320755899186e-45
843.0	9.935880335756986e-46
843.5	9.487712209593707e-46
844.0	1.0327913498274421e-45
844.5	1.0957787990732883e-45
845.0	1.0981148904715166e-45
845.5	1.0797922342948499e-45
846.0	1.0076825618214765e-45
846.5	9.047103519762004e-46
847.0	9.094209479887826e-46
847.5	1.0121816035256916e-45
848.0	1.0298403457176718e-45
848.5	1.0132239289039873e-45
849.0	1.0337670783571762e-45
849.5	1.037549858501773e-45
850.0	1.1255765879640495e-45
850.5	1.0028371542829223e-45
851.0	9.81119891053153e-46
851.5	1.1402361207717178e-45
852.0	1.0694671151663867e-45
852.5	1.0128604866137482e-45
853.0	1.1248344896151146e-45
853.5	9.553244936490002e-46
854.0	8.606043368369573e-46
854.5	1.0924279976968658e-45
855.0	1.0289928257465252e-45
855.5	1.1146220271727548e-45
856.0	9.853949805836928e-46
856.5	9.189508812839443e-46
857.0	1.0681321070160018e-45
857.5	1.0149452705913252e-45
858.0	9.610816938657967e-46
858.5	1.0013209440625998e-45
859.0	1.0089407126526088e-45
859.5	1.0177683443151344e-45
860.0	8.968209914258459e-46
860.5	1.0030958696188524e-45
861.0	1.0299844587842666e-45
861.5	1.0041989151814465e-45
862.0	1.0394430586815291e-45
862.5	9.501690049053696e-46
863.0	9.806336520941242e-46
863.5	9.595389681518739e-46
864.0	1.0156775271418507e-45
864.5	1.1278289028047321e-45
865.0	1.2670446841033826e-45
865.5	1.2046210949532138e-45
866.0	1.1248614296930027e-45
866.5	1.3164878242999187e-45
867.0	1.1686494665735533e-45
867.5	9.407721967785153e-46
868.0	9.391864096550147e-46
868.5	1.0036666878149024e-45
869.0	8.615075572639764e-46
869.5	1.0351504627181792e-45
870.0	1.0977979875319406e-45
870.5	1.0348598188680595e-45
871.0	1.0121078514642074e-45
871.5	1.1062856276764539e-45
872.0	1.0822243860875965e-45
872.5	9.281392347827115e-46
873.0	1.0147156391595159e-45
873.5	1.1552762911282552e-45
874.0	1.1022043043150835e-45
874.5	1.1499425589809619e-45
875.0	1.117905856906824e-45
875.5	1.0753076047373098e-45
876.0	1.1841716970305691e-45
876.5	1.163991268913298e-45
877.0	1.1420824478707212e-45
877.5	9.948065548273945e-46
878.0	9.949110076729185e-46
878.5	1.0283862000450082e-45
879.0	1.0115532861859242e-45
879.5	1.0849284889936286e-45
880.0	1.054182780452138e-45
880.5	1.0080501454758672e-45
881.0	1.040380908338884e-45
881.5	1.0731505900874727e-45
882.0	1.1044199519080029e-45
882.5	1.0001040437843696e-45
883.0	1.1570749608494196e-45
883.5	5.679419430177573e-45
884.0	9.670816063466628e-45
884.5	1.880805887172759e-44
885.0	1.0215646661385664e-44
885.5	1.2854481016667903e-45
886.0	1.2242167576295768e-45
886.5	1.1118051402085705e-45
887.0	1.1963551031925159e-45
887.5	1.3113948960863195e-45
888.0	4.870856831638447e-45
888.5	1.7127835672329556e-44
889.0	1.0120298553171805e-43
889.5	1.3629323565975089e-43
890.0	1.433090292646187e-43
890.5	2.2392294038284481e-44
891.0	1.4168433802081948e-45
891.5	5.49801516295151e-45
892.0	6.560435038313736e-44
892.5	3.3181458838802127e-43
893.0	1.209914735591689e-42
893.5	4.3358512966986e-43
894.0	5.224689249607232e-44
894.5	8.421038896255671e-45
895.0	3.9148141690407163e-44
895.5	1.8767658638228453e-43
896.0	9.567538249971524e-44
896.5	5.228837804137211e-44
897.0	1.1048566316504626e-43
897.5	6.824572315044755e-44
898.0	2.3955884900478e-44
898.5	1.0342982990568571e-43
899.0	1.120457026655918e-43
899.5	1.9746114912919658e-43
900.0	4.4370362405740544e-44
900.5	1.2534554482297575e-45
901.0	1.1512046075739036e-45
901.5	1.1309957536026315e-45
902.0	1.2177096205061799e-45
902.5	4.413042873877377e-45
903.0	6.855868511796644e-45
903.5	3.3284045086199405e-44
904.0	8.799188336401014e-44
904.5	4.0200477684754967e-44
905.0	3.6787124431933853e-44
905.5	6.983634474432542e-44
906.0	7.141547933144506e-44
906.5	1.0734128753320541e-43
907.0	4.704044590434081e-44
907.5	1.5867149648485503e-45
908.0	1.1080540356933352e-45
908.5	1.0486388861908672e-45
909.0	1.164356960900639e-45
909.5	1.111795699633244e-45
910.0	1.1451085115481003e-45
910.5	1.2295172334822985e-45
911.0	1.2348231597225144e-45
911.5	1.2250341816851936e-45
912.0	1.2137838174973192e-45
912.5	1.1334802025335778e-45
913.0	1.0728065993437532e-45
913.5	1.043272698497032e-45
914.0	1.1951340421388956e-45
914.5	1.2562102071962874e-45
915.0	1.128058499703542e-45
915.5	1.137092890746339e-45
916.0	1.2500849448338883e-45
916.5	1.097125049749089e-45
917.0	1.1707161506920647e-45
917.5	1.1185995985907342e-45
918.0	1.1752576545439665e-45
918.5	1.3136572201966735e-45
919.0	1.2631878149201478e-45
919.5	1.3059501359950551e-45
920.0	1.2156059064901438e-45
920.5	1.1457374239712045e-45
921.0	1.1617778972103795e-45
921.5	1.2680976840084183e-45
922.0	1.2125136004830315e-45
922.5	1.1641231077414415e-45
923.0	1.106664504184007e-45
923.5	1.1980300344775333e-45
924.0	1.1956604488249648e-45
924.5	1.1586251054363967e-45
925.0	1.2163288648727859e-45
925.5	1.0979109582522495e-45
926.0	1.20921288855891e-45
926.5	1.0777620814861894e-45
927.0	1.0632103667963324e-45
927.5	1.1198159745986024e-45
928.0	1.1988497880303024e-45
928.5	1.1264922928145433e-45
929.0	1.1799499593758986e-45
929.5	1.194108771542114e-45
930.0	1.1206647775252751e-45
930.5	1.2596719436908944e-45
931.0	1.3507510605240599e-45
931.5	1.1784092964919713e-45
932.0	1.2493809843224063e-45
932.5	1.2918956066936994e-45
933.0	1.3840242898002922e-45
933.5	1.3634853825874162e-45
934.0	1.4030583946730942e-45
934.5	1.3845756310306316e-45
935.0	1.412720304682955e-45
935.5	1.3363473984641536e-45
936.0	1.2405184173437914e-45
936.5	1.1506924056362531e-45
937.0	1.1900605116409151e-45
937.5	1.2218940919980522e-45
938.0	1.2725885062795884e-45
938.5	1.3880363366701265e-45
939.0	1.2023176081867355e-45
939.5	1.1369360538349509e-45
940.0	1.2790583263454643e-45
940.5	1.413935336758717e-45
941.0	1.1679861183690816e-45
941.5	1.1975404504484939e-45
942.0	1.3851403055437406e-45
942.5	1.212987544926828e-45
943.0	1.0910602121914182e-45
943.5	1.0598718124399056e-45
944.0	1.2403554493937208e-45
944.5	1.2025385821656166e-45
945.0	1.2778238069341633e-45
945.5	1.3222103573065992e-45
946.0	1.254200442813032e-45
946.5	1.2960114192223853e-45
947.0	1.1688539755908991e-45
947.5	1.1049216313215603e-45
948.0	1.1321972246366469e-45
948.5	1.1717290290140334e-45
949.0	1.4102336690650095e-45
949.5	2.5532419546947074e-45
950.0	4.599621921019648e-45
950.5	2.766157897943991e-45
951.0	1.3841457710704694e-45
951.5	1.392345670976545e-45
952.0	1.2532615414707457e-45
952.5	1.181597681027072e-45
953.0	1.3111296213130327e-45
953.5	1.423390746679442e-45
954.0	1.2685698391654708e-45
954.5	1.2851781901396695e-45
955.0	1.2985361166760976e-45
955.5	1.3615220754388803e-45
956.0	1.4690525317067474e-45
956.5	1.4636317450746895e-45
957.0	1.3360444537153724e-45
957.5	1.1394263934753452e-45
958.0	1.1829287224487136e-45
958.5	1.2136707960663822e-45
959.0	1.3026581619301005e-45
959.5	1.2781356603510843e-45
960.0	1.2320476246382282e-45
960.5	1.2049349187239496e-45
961.0	1.2494341731439247e-45
961.5	1.3022972479689994e-45
962.0	1.2865441019472404e-45
962.5	1.4352716927617485e-45
963.0	1.3198541565923568e-45
963.5	1.1960888015649589e-45
964.0	1.233963551444428e-45
964.5	1.3315788383212869e-45
965.0	1.3827083920084725e-45
965.5	1.3605533352605523e-45
966.0	1.4483156542878814e-45
966.5	1.2947100365254895e-45
967.0	1.2503740957846854e-45
967.5	1.0886606472608203e-45
968.0	1.1416104734510177e-45
968.5	1.2958603708536174e-45
969.0	1.3345996766193603e-45
969.5	1.349365355930312e-45
970.0	1.2521838985644015e-45
970.5	1.3066826683916764e-45
971.0	1.2457223979367704e-45
971.5	1.355515817809104e-45
972.0	1.3508564182739394e-45
972.5	1.2296389902821122e-45
973.0	1.195907234097423e-45
973.5	1.2111376208575057e-45
974.0	1.272004110792987e-45
974.5	1.3522691348045436e-45
975.0	1.3252580118792878e-45
975.5	1.3266059431422737e-45
976.0	1.3674411850964963e-45
976.5	1.49542283077357e-45
977.0	1.3381119775029998e-45
977.5	1.1729344195092514e-45
978.0	1.3813375621169885e-45
978.5	1.484454828261604e-45
979.0	1.5291080388670777e-45
979.5	1.5947735856823184e-45
980.0	1.52884267406015e-45
980.5	1.5037824530372852e-45
981.0	1.5517620515113974e-45
981.5	1.492028335987145e-45
982.0	1.3398756698675075e-45
982.5	1.3295584777708745e-45
983.0	1.4723928740053758e-45
983.5	1.4820769712881986e-45
984.0	1.34984523091551e-45
984.5	1.3827625609306876e-45
985.0	1.465490919611412e-45
985.5	1.5026394622096927e-45
986.0	1.412311034657955e-45
986.5	1.4379628314095868e-45
987.0	1.3169794839472074e-45
987.5	1.102498725140373e-45
988.0	1.2551560833394456e-45
988.5	1.3043297015410074e-45
989.0	1.3861704577420317e-45
989.5	1.3342991178207752e-45
990.0	1.3757619218591814e-45
990.5	1.4898705423246368e-45
991.0	1.4361311814421154e-45
991.5	1.369946506562062e-45
992.0	1.3789506346719855e-45
992.5	1.360924944375812e-45
993.0	1.2523704552738067e-45
993.5	1.3227517858972814e-45
994.0	1.398044365160082e-45
994.5	1.45333187524324e-45
995.0	1.359357109606253e-45
995.5	1.3782232555948192e-45
996.0	1.5441732495793532e-45
996.5	1.3970666477659937e-45
997.0	1.3466729769349076e-45
997.5	1.2393173140092572e-45
998.0	1.2593196438512857e-45
998.5	1.4164994898658326e-45
999.0	1.6018274556226483e-45
999.5	2.2358217362880842e-45
1000.0	3.298984989028909e-45
1000.5	1.8573276001658933e-45
1001.0	1.3232559221896609e-45
1001.5	1.3540784553110142e-45
1002.0	1.4020686486291125e-45
1002.5	1.3801338512318965e-45
1003.0	1.5734268064414718e-45
1003.5	1.4094571154656662e-45
1004.0	1.4249869178492884e-45
1004.5	1.382830001375234e-45
1005.0	1.3461405927659374e-45
1005.5	1.2286109910757538e-45
1006.0	1.225258012833244e-45
1006.5	1.2748790883130113e-45
1007.0	1.4428269431012838e-45
1007.5	1.391573259605672e-45
1008.0	1.2935250137171274e-45
1008.5	1.310518564864115e-45
1009.0	1.322441910058872e-45
1009.5	1.3833648686253535e-45
1010.0	1.2873273735544873e-45
1010.5	1.3510902050774468e-45
1011.0	1.3491777743593844e-45
1011.5	1.341049265342041e-45
1012.0	1.3365499576084483e-45
1012.5	1.4634038137311787e-45
1013.0	1.6353650922711323e-45
1013.5	1.5066960939648902e-45
1014.0	1.3852004543465287e-45
1014.5	1.4183460581025283e-45
1015.0	1.4450983839031162e-45
1015.5	1.3927332135012667e-45
1016.0	1.3167495694218255e-45
1016.5	1.4257397545777485e-45
1017.0	1.5114605785393008e-45
1017.5	1.375154782502196e-45
1018.0	1.273301700860581e-45
1018.5	1.2994042439859832e-45
1019.0	1.4074366868746205e-45
1019.5	1.3582344465504303e-45
1020.0	1.4280045426733644e-45
1020.5	1.4857247534132307e-45
1021.0	1.3739011055474524e-45
1021.5	1.423566237443008e-45
1022.0	1.3275225188248745e-45
1022.5	1.406779310877829e-45
1023.0	1.4491654954344103e-45
1023.5	1.4150850681172178e-45
1024.0	1.2908363470038299e-45
1024.5	1.3324521100360405e-45
1025.0	1.5674912417609145e-45
1025.5	1.469734762537855e-45
1026.0	1.5118112726529552e-45
1026.5	1.5206508283411537e-45
1027.0	1.3654474133551103e-45
1027.5	1.3064296522705098e-45
1028.0	1.3035659688426843e-45
1028.5	1.4439606474211228e-45
1029.0	1.557191319918567e-45
1029.5	1.5122515691826324e-45
1030.0	1.564496545032559e-45
1030.5	1.413853657154206e-45
1031.0	1.6250453566841956e-45
1031.5	1.4071407064405635e-45
1032.0	1.2741906321881802e-45
1032.5	1.3421267474817375e-45
1033.0	1.3859374440090686e-45
1033.5	1.5373504608184198e-45
1034.0	1.406638160751828e-45
1034.5	1.348729984020116e-45
1035.0	1.470155464249305e-45
1035.5	1.4761955194413402e-45
1036.0	1.305278321009808e-45
1036.5	1.3025524703974482e-45
1037.0	1.535616218421836e-45
1037.5	1.5786173261387164e-45
1038.0	1.4484364926296664e-45
1038.5	1.4077378191986048e-45
1039.0	1.4434150621956947e-45
1039.5	1.4261406974872156e-45
1040.0	1.3815083334950406e-45
1040.5	1.3816931291765561e-45
1041.0	1.457150071877306e-45
1041.5	1.5430821557638987e-45
1042.0	1.4362169468931226e-45
1042.5	1.4378925798691547e-45
1043.0	1.5203221984961318e-45
1043.5	1.3472056619804348e-45
1044.0	1.512443392011506e-45
1044.5	1.4454037436439494e-45
1045.0	1.345065335398643e-45
1045.5	1.5419141395060915e-45
1046.0	1.594109947857331e-45
1046.5	1.4677145267148854e-45
1047.0	1.3022417529285294e-45
1047.5	1.3190354673553193e-45
1048.0	1.456840069732852e-45
1048.5	1.4636791571957474e-45
1049.0	2.0224062984885358e-45
1049.5	4.6734977746576125e-45
1050.0	7.019653490698437e-45
1050.5	3.663918783734968e-45
1051.0	1.679467116011195e-45
1051.5	1.5666240520318088e-45
1052.0	1.805129953126713e-45
1052.5	1.9111191250938967e-45
1053.0	1.783967838951179e-45
1053.5	1.6019879657634593e-45
1054.0	1.4925294898195788e-45
1054.5	1.4301277142012162e-45
1055.0	1.5649334011370553e-45
1055.5	1.7030322003575943e-45
1056.0	1.5823820651888266e-45
1056.5	1.5176129416788165e-45
1057.0	1.5241861840551953e-45
1057.5	1.5555280584719422e-45
1058.0	1.7276115566720772e-45
1058.5	1.5397260560045098e-45
1059.0	1.5700467128799165e-45
1059.5	1.5269377510922596e-45
1060.0	1.5930305795981762e-45
1060.5	1.487833278873644e-45
1061.0	1.417261634223916e-45
1061.5	1.4004239276079906e-45
1062.0	1.6518550903803187e-45
1062.5	1.6207685584906652e-45
1063.0	1.489164883930976e-45
1063.5	1.6047256376172603e-45
1064.0	1.4998141378025995e-45
1064.5	1.362602253852736e-45
1065.0	1.4851903299320843e-45
1065.5	1.6334263485679072e-45
1066.0	1.722476501456288e-45
1066.5	1.758154507468746e-45
1067.0	1.704607833588951e-45
1067.5	1.759025717226481e-45
1068.0	1.5982505377644296e-45
1068.5	1.4572715892420143e-45
1069.0	1.4915732257748532e-45
1069.5	1.564734021053361e-45
1070.0	1.5952938634202452e-45
1070.5	1.5687765865874553e-45
1071.0	1.5102605496110283e-45
1071.5	1.4731536919994173e-45
1072.0	1.5238917153011587e-45
1072.5	1.3491151467701281e-45
1073.0	1.332121604222257e-45
1073.5	1.3746439391465623e-45
1074.0	1.513339598606476e-45
1074.5	1.4834833172359452e-45
1075.0	1.5531499800034878e-45
1075.5	1.4890848092734837e-45
1076.0	1.4325401516757817e-45
1076.5	1.4333813806795856e-45
1077.0	1.4492395130148413e-45
1077.5	1.447663301145665e-45
1078.0	1.6357393744745015e-45
1078.5	1.7956246045869592e-45
1079.0	1.8740187005450102e-45
1079.5	1.9142608654510908e-45
1080.0	1.5816868725870563e-45
1080.5	1.3622358839599767e-45
1081.0	1.4519053570276818e-45
1081.5	1.713898516129998e-45
1082.0	1.7296929546908648e-45
1082.5	1.7613119410126738e-45
1083.0	1.7387493885744165e-45
1083.5	1.6729879392370195e-45
1084.0	1.6071864653001534e-45
1084.5	1.5882776676172685e-45
1085.0	1.529088785765601e-45
1085.5	1.3256537968195055e-45
1086.0	1.5525963351048055e-45
1086.5	1.6010993595341538e-45
1087.0	1.5221075783494214e-45
1087.5	1.6437776336266684e-45
1088.0	1.8023522796403352e-45
1088.5	1.7165690876802773e-45
1089.0	1.6081987242622517e-45
1089.5	1.837396000654588e-45
1090.0	1.619893100628589e-45
1090.5	1.5316580102951558e-45
1091.0	1.5643094405391687e-45
1091.5	1.4934561402828147e-45
1092.0	1.3859935293486714e-45
1092.5	1.5886087587736097e-45
1093.0	1.8134532375110837e-45
1093.5	1.6585660420579473e-45
1094.0	1.5225469505674966e-45
1094.5	1.6757014064357117e-45
1095.0	1.7786796323495555e-45
1095.5	1.811104881267838e-45
1096.0	1.8479888983454746e-45
1096.5	1.6704453729576894e-45
1097.0	1.5958298050942502e-45
1097.5	1.7887963640472384e-45
1098.0	1.822109332183689e-45
1098.5	1.6840639164856703e-45
1099.0	1.7632512357642574e-45
1099.5	2.0453603637487585e-45
1100.0	1.8418692156873238e-45
1100.5	1.7149438892001935e-45
1101.0	1.7074889338403528e-45
1101.5	1.661350615052618e-45
1102.0	1.7915373705601233e-45
1102.5	1.722386380606341e-45
1103.0	1.7777413692611408e-45
1103.5	1.804505280830304e-45
1104.0	1.564089181322744e-45
1104.5	1.6346039152335446e-45
1105.0	1.807093056601604e-45
1105.5	1.73648048116846e-45
1106.0	1.793010282079258e-45
1106.5	1.6273420676106762e-45
1107.0	1.4807975541831816e-45
1107.5	1.8245823347984646e-45
1108.0	1.6649009830768107e-45
1108.5	1.6152288723606477e-45
1109.0	1.7603595948592353e-45
1109.5	1.9333776833299162e-45
1110.0	2.8193133778969516e-45
1110.5	2.1228120006816666e-44
1111.0	6.352104509082526e-44
1111.5	2.2371697110909944e-44
1112.0	3.031471086150638e-45
1112.5	2.0006408674134685e-45
1113.0	1.7594491518086314e-45
1113.5	1.608240539925176e-45
1114.0	1.739640359662011e-45
1114.5	1.6465177252736058e-45
1115.0	1.5310296005142814e-45
1115.5	1.5391691286183922e-45
1116.0	1.6659189213793974e-45
1116.5	1.7793637300361756e-45
1117.0	1.619697979327614e-45
1117.5	1.6754882799218697e-45
1118.0	1.7893476153894972e-45
1118.5	1.7369958656828533e-45
1119.0	1.5574820602309745e-45
1119.5	1.7948387423295884e-45
1120.0	1.649068878739189e-45
1120.5	1.7563179539354435e-45
1121.0	1.6531992442596458e-45
1121.5	1.722085549749483e-45
1122.0	1.6372853398406e-45
1122.5	1.5012594865016394e-45
1123.0	1.6319387776478554e-45
1123.5	1.7824641151804647e-45
1124.0	1.7514291054093318e-45
1124.5	1.7925277260669253e-45
1125.0	1.819589956568125e-45
1125.5	1.836894652500539e-45
1126.0	1.7588521406131563e-45
1126.5	1.6934028040885954e-45
1127.0	1.5885158178503423e-45
1127.5	1.8902270556855648e-45
1128.0	1.8283134507422762e-45
1128.5	1.6932170405839945e-45
1129.0	1.8359027807345365e-45
1129.5	1.793525079802647e-45
1130.0	1.8274262887323043e-45
1130.5	2.0017079476629636e-45
1131.0	1.775082056411092e-45
1131.5	1.4712252778421574e-45
1132.0	1.7158415356891253e-45
1132.5	1.6785348205762234e-45
1133.0	1.658083312203139e-45
1133.5	1.8428904018704854e-45
1134.0	1.9865973688708748e-45
1134.5	1.616271418329347e-45
1135.0	1.8279883506605615e-45
1135.5	1.9321601638015098e-45
1136.0	1.6213008713738915e-45
1136.5	1.6909685898047446e-45
1137.0	1.7650468117627054e-45
1137.5	1.8089562672828797e-45
1138.0	1.7841654915497812e-45
1138.5	1.94280962916332e-45
1139.0	1.7697220771506703e-45
1139.5	1.649476047555834e-45
1140.0	1.548980040356343e-45
1140.5	1.803379530223041e-45
1141.0	1.8049379277089628e-45
1141.5	1.7990405425915182e-45
1142.0	1.5938243946528128e-45
1142.5	1.767168711004394e-45
1143.0	1.9858637474616962e-45
1143.5	1.9411252590065606e-45
1144.0	1.7367614028947215e-45
1144.5	1.695701872661681e-45
1145.0	1.9506620395479818e-45
1145.5	1.8113230044906918e-45
1146.0	1.839927139969493e-45
1146.5	1.9199511788214302e-45
1147.0	1.8900688767951442e-45
1147.5	1.898895265032532e-45
1148.0	1.766019920536942e-45
1148.5	1.747323382439743e-45
1149.0	1.7479129662355464e-45
1149.5	2.0010701370900628e-45
1150.0	2.3069939746776485e-45
1150.5	1.9682457309682445e-45
1151.0	1.6633506685639803e-45
1151.5	1.7177473071479345e-45
1152.0	1.666625819641129e-45
1152.5	1.6304982205498265e-45
1153.0	1.6608131931164737e-45
1153.5	1.7013652389654348e-45
1154.0	1.7183552828371818e-45
1154.5	1.7966259283275182e-45
1155.0	1.7600973917328915e-45
1155.5	1.743759222151782e-45
1156.0	1.9811171008384032e-45
1156.5	1.922838667345872e-45
1157.0	1.8810381904267813e-45
1157.5	1.8659431632476232e-45
1158.0	1.9682733669665695e-45
1158.5	1.9602103170921754e-45
1159.0	1.851583771513938e-45
1159.5	1.9367714071811458e-45
1160.0	1.967287883113633e-45
1160.5	1.7048139366752218e-45
1161.0	1.828754703721861e-45
1161.5	1.8715975049608925e-45
1162.0	1.9230955031747795e-45
1162.5	1.7697653006229094e-45
1163.0	1.934767974659573e-45
1163.5	1.7454798579099333e-45
1164.0	1.888844825701247e-45
1164.5	1.7970456237183343e-45
1165.0	1.9153481452701156e-45
1165.5	1.8518579088060777e-45
1166.0	1.9149738461334804e-45
1166.5	1.9808519695588274e-45
1167.0	1.9175577022713604e-45
1167.5	1.8293718928558433e-45
1168.0	1.7537229802461954e-45
1168.5	1.700210500154297e-45
1169.0	1.905132923248088e-45
1169.5	1.9608231957797415e-45
1170.0	1.958342163241246e-45
1170.5	1.9024622323840472e-45
1171.0	2.0928576977899412e-45
1171.5	1.8577490984898983e-45
1172.0	1.914655849183064e-45
1172.5	2.022533777892324e-45
1173.0	1.9952261406550823e-45
1173.5	2.0323133283572706e-45
1174.0	2.0615220384669948e-45
1174.5	2.196770976960115e-45
1175.0	2.0872721458789648e-45
1175.5	2.3247422994696878e-45
1176.0	2.347241223981943e-45
1176.5	1.8364212869240687e-45
1177.0	1.7628815095994873e-45
1177.5	1.826254833603413e-45
1178.0	1.9712887150684712e-45
1178.5	2.1426570109785817e-45
1179.0	1.978349601534461e-45
1179.5	1.9409222543840334e-45
1180.0	1.826791028733004e-45
1180.5	1.873505647106167e-45
1181.0	1.8839913433821992e-45
1181.5	1.8971677841908866e-45
1182.0	1.964986451076516e-45
1182.5	1.7567776695845977e-45
1183.0	1.6125046111072774e-45
1183.5	1.766562911079771e-45
1184.0	2.0918164927992192e-45
1184.5	2.278300781822527e-45
1185.0	2.1822808532322734e-45
1185.5	1.959798450044413e-45
1186.0	1.8180272020110326e-45
1186.5	2.080488458668526e-45
1187.0	2.056106389301945e-45
1187.5	1.8842140646296796e-45
1188.0	1.6587854240820147e-45
1188.5	1.7874516117473705e-45
1189.0	2.228389937386751e-45
1189.5	2.344314695252477e-45
1190.0	1.9613286695435938e-45
1190.5	1.8614509260267186e-45
1191.0	1.7997210708682143e-45
1191.5	1.8817874654288606e-45
1192.0	1.8289866287652365e-45
1192.5	1.8303939491001143e-45
1193.0	1.7995009902788973e-45
1193.5	1.8703818215876833e-45
1194.0	2.0967685160770345e-45
1194.5	1.98017947517242e-45
1195.0	2.055756012405557e-45
1195.5	2.0274008547132402e-45
1196.0	1.973304849140984e-45
1196.5	2.0125887222780498e-45
1197.0	1.7374012894054812e-45
1197.5	1.7398843821057085e-45
1198.0	1.8999106530328783e-45
1198.5	1.8621069958238368e-45
1199.0	2.185960864650545e-45
1199.5	2.3987498048362287e-45
1200.0	1.9833900822851667e-45
1200.5	1.9639759835066033e-45
1201.0	1.7105798886015278e-45
1201.5	1.8783208066064246e-45
1202.0	1.869833855920621e-45
1202.5	1.9281343658705475e-45
1203.0	1.8562900894402522e-45
1203.5	1.7833056587757886e-45
1204.0	1.9214928249569944e-45
1204.5	2.180749824665197e-45
1205.0	2.065026453199787e-45
1205.5	2.3030492758643656e-45
1206.0	2.0729825818703028e-45
1206.5	1.8895022104028438e-45
1207.0	2.1013796499301927e-45
1207.5	2.0491631361425436e-45
1208.0	1.9578196545255514e-45
1208.5	2.0318577277174696e-45
1209.0	2.1289774110566235e-45
1209.5	2.2169857771925267e-45
1210.0	2.092247978439081e-45
1210.5	2.1331829240058286e-45
1211.0	2.296136645805258e-45
1211.5	2.126704854738663e-45
1212.0	1.746624220427825e-45
1212.5	1.8020077417205545e-45
1213.0	1.9385144938717013e-45
1213.5	2.152327093883428e-45
1214.0	2.0759994404252432e-45
1214.5	1.8608740950341448e-45
1215.0	1.843396517393848e-45
1215.5	1.862713087775977e-45
1216.0	1.7753594796084983e-45
1216.5	1.867277612906295e-45
1217.0	2.3000060239610758e-45
1217.5	2.3278382813488175e-45
1218.0	2.039228230703241e-45
1218.5	2.214256187516282e-45
1219.0	2.113923612446343e-45
1219.5	1.9738018362567506e-45
1220.0	2.1434369215206664e-45
1220.5	2.001093580219472e-45
1221.0	1.9407051939632143e-45
1221.5	1.9883897714709985e-45
1222.0	2.223207505632636e-45
1222.5	2.2569931978029006e-45
1223.0	2.239882118677623e-45
1223.5	2.3789278126510133e-45
1224.0	2.214811017228968e-45
1224.5	2.305929556194265e-45
1225.0	2.0777093874415126e-45
1225.5	1.9786144953498127e-45
1226.0	2.3210520219331366e-45
1226.5	2.242595263738107e-45
1227.0	1.9310953712355637e-45
1227.5	2.0969990885282946e-45
1228.0	2.016607908235271e-45
1228.5	2.071452251845602e-45
1229.0	2.0183776915295253e-45
1229.5	2.3724509692773953e-45
1230.0	2.251512208430111e-45
1230.5	2.0140470864093432e-45
1231.0	2.1479334191942363e-45
1231.5	2.2620258363432155e-45
1232.0	2.0016963486756834e-45
1232.5	1.9532399995387867e-45
1233.0	2.0191554646498747e-45
1233.5	1.9485743672687397e-45
1234.0	1.974255797691996e-45
1234.5	2.130611685030195e-45
1235.0	2.1115531225754997e-45
1235.5	2.1167421283047347e-45
1236.0	2.042043669841717e-45
1236.5	1.8112410633153547e-45
1237.0	1.9500762800288928e-45
1237.5	2.2629792718952968e-45
1238.0	2.0531664268175145e-45
1238.5	2.073514867695332e-45
1239.0	2.1925645206532705e-45
1239.5	1.9937331337297286e-45
1240.0	1.958548559206798e-45
1240.5	1.9622153649049613e-45
1241.0	2.0141141375347926e-45
1241.5	2.1143378039535988e-45
1242.0	2.182746995260637e-45
1242.5	2.2047785503261408e-45
1243.0	2.0145352086862342e-45
1243.5	2.144867051662844e-45
1244.0	2.3812023855603264e-45
1244.5	2.4337707856720776e-45
1245.0	2.294138273596311e-45
1245.5	2.1316932812245325e-45
1246.0	1.995907812575566e-45
1246.5	1.934741338891097e-45
1247.0	1.8964433373081894e-45
1247.5	1.9964655820523304e-45
1248.0	1.921763049206389e-45
1248.5	2.0505139714654978e-45
1249.0	2.1174291456910145e-45
1249.5	1.9066708640392276e-45
1250.0	2.044292352076575e-45
1250.5	2.3229709281937108e-45
1251.0	2.1610188459446636e-45
1251.5	2.0770998318604353e-45
1252.0	2.0267918146879604e-45
1252.5	2.137029578073321e-45
1253.0	2.2048593029738102e-45
1253.5	2.149717107605378e-45
1254.0	2.0411251039357846e-45
1254.5	2.251893014575365e-45
1255.0	2.1719262658571124e-45
1255.5	2.044127496717005e-45
1256.0	2.215638556065848e-45
1256.5	3.173021910295247e-45
1257.0	2.585629544433564e-45
1257.5	1.9804937111130474e-45
1258.0	2.0107050954066596e-45
1258.5	2.2818820785551414e-45
1259.0	2.422457345691531e-45
1259.5	2.231939206389881e-45
1260.0	1.96885260328904e-45
1260.5	2.0545917050382116e-45
1261.0	2.426185349211518e-45
1261.5	2.31800403490694e-45
1262.0	2.2290643989906574e-45
1262.5	2.1755483882989478e-45
1263.0	2.0860326506522166e-45
1263.5	2.1211438767873118e-45
1264.0	2.3434425631799154e-45
1264.5	2.2308067576849607e-45
1265.0	2.1313581323746256e-45
1265.5	2.0811454579215778e-45
1266.0	2.027398239440356e-45
1266.5	1.9039171909965628e-45
1267.0	1.976493267476957e-45
1267.5	2.1150733262685603e-45
1268.0	2.1476391345909114e-45
1268.5	1.988620827979993e-45
1269.0	2.0233264590576273e-45
1269.5	2.1515981190273052e-45
1270.0	2.2388401370569127e-45
1270.5	2.2037611521472618e-45
1271.0	2.2549555383069607e-45
1271.5	2.0630164958362248e-45
1272.0	2.2057112962355985e-45
1272.5	2.1889602340587193e-45
1273.0	1.967237336179319e-45
1273.5	2.1224424972355534e-45
1274.0	2.1962831678318788e-45
1274.5	2.4025875429120183e-45
1275.0	2.1060082190962646e-45
1275.5	2.0617400901277227e-45
1276.0	2.1949081333089944e-45
1276.5	2.2840280989580274e-45
1277.0	2.478987179058399e-45
1277.5	2.256212684635089e-45
1278.0	1.8339169965898056e-45
1278.5	2.263866656698666e-45
1279.0	2.284355168813384e-45
1279.5	2.0299639148453424e-45
1280.0	2.2018130216078753e-45
1280.5	2.1306681467604047e-45
1281.0	2.2814060835181036e-45
1281.5	2.280171279808169e-45
1282.0	2.201860955985638e-45
1282.5	2.1530143681723542e-45
1283.0	2.29709303194366e-45
1283.5	2.1809515152157673e-45
1284.0	2.2220579352958757e-45
1284.5	2.2878346773179698e-45
1285.0	2.3624085557509376e-45
1285.5	1.9943888354901103e-45
1286.0	2.2966010948200397e-45
1286.5	2.4736212067167063e-45
1287.0	2.5458197516837783e-45
1287.5	2.3885376978614528e-45
1288.0	2.2350156320026083e-45
1288.5	2.210949265541084e-45
1289.0	2.423912968770504e-45
1289.5	2.2841396584217858e-45
1290.0	2.1924740567013336e-45
1290.5	2.357221748064085e-45
1291.0	2.229057396469615e-45
1291.5	2.367777855463279e-45
1292.0	2.3285876795415897e-45
1292.5	2.2110808371179885e-45
1293.0	2.1813217510401583e-45
1293.5	2.5433170569342135e-45
1294.0	2.7505448415403495e-45
1294.5	2.475369895066142e-45
1295.0	2.222451044808668e-45
1295.5	2.1950648221040827e-45
1296.0	2.4830072228188044e-45
1296.5	2.5279331118423555e-45
1297.0	2.203374894163674e-45
1297.5	2.4066721804649027e-45
1298.0	2.4897739811868318e-45
1298.5	2.3700623525677857e-45
1299.0	2.3386266265615552e-45
1299.5	2.07049542267226e-45
1300.0	2.1097980320578597e-45
1300.5	2.2493480232713516e-45
1301.0	2.3084796329806607e-45
1301.5	2.6736907019694115e-45
1302.0	2.4112331257218113e-45
1302.5	2.3112734594316146e-45
1303.0	2.478978177734367e-45
1303.5	2.4752265116338343e-45
1304.0	2.195248899633261e-45
1304.5	2.2044662089933647e-45
1305.0	2.1007148053476826e-45
1305.5	2.2763592842287733e-45
1306.0	2.581845968619731e-45
1306.5	2.391784734013877e-45
1307.0	2.096041844132933e-45
1307.5	2.252557547482036e-45
1308.0	2.333984930630757e-45
1308.5	2.432729044353461e-45
1309.0	2.257371518662631e-45
1309.5	2.1153844813441087e-45
1310.0	2.470313165862637e-45
1310.5	2.6857585575741345e-45
1311.0	2.49116851756994e-45
1311.5	2.3399317759558012e-45
1312.0	2.211184659628633e-45
1312.5	2.022182773031553e-45
1313.0	2.2438089001289385e-45
1313.5	2.410027042686915e-45
1314.0	2.32936096344628e-45
1314.5	2.2450559108826758e-45
1315.0	2.326527509985072e-45
1315.5	2.6505462791459972e-45
1316.0	2.8263515605027585e-45
1316.5	2.7612096444640862e-45
1317.0	2.4526361747229037e-45
1317.5	2.49712859598631e-45
1318.0	2.5909134826050068e-45
1318.5	2.4249668814823147e-45
1319.0	2.4677440293835845e-45
1319.5	2.3496761931863782e-45
1320.0	2.312571449093673e-45
1320.5	2.2015714414882052e-45
1321.0	2.2441295978604252e-45
1321.5	2.4281463489988543e-45
1322.0	2.4924962238885625e-45
1322.5	2.1504312008115667e-45
1323.0	2.155403864135756e-45
1323.5	2.2952590062635786e-45
1324.0	2.4218646406488694e-45
1324.5	2.41117372437448e-45
1325.0	2.249154711354824e-45
1325.5	2.15113921527045e-45
1326.0	1.944905044482605e-45
1326.5	2.298785990531589e-45
1327.0	3.7382821402836445e-45
1327.5	4.4244989813348727e-45
1328.0	3.948277859950477e-45
1328.5	1.5906443103962782e-44
1329.0	1.0252175919132769e-44
1329.5	3.939336658453114e-45
1330.0	6.731599236006342e-45
1330.5	3.588033891605875e-45
1331.0	2.9785546890594466e-45
1331.5	4.6533071012423e-45
1332.0	1.8155744406428134e-44
1332.5	9.867723337347828e-45
1333.0	2.8373316271058175e-45
1333.5	2.6836464393040123e-45
1334.0	2.5256746659836195e-45
1334.5	2.7303665301840098e-45
1335.0	2.9472166694217494e-45
1335.5	2.9744598918325627e-45
1336.0	3.1648841621054606e-45
1336.5	8.778062132494808e-45
1337.0	4.181024138715721e-44
1337.5	2.653412403306725e-44
1338.0	4.6262135048471213e-45
1338.5	1.0162614393746119e-44
1339.0	5.728574039163376e-45
1339.5	5.51940924901929e-45
1340.0	5.058946584798156e-45
1340.5	2.1050235326150139e-44
1341.0	6.895887614405402e-44
1341.5	2.0122649247629214e-44
1342.0	1.408699720568047e-44
1342.5	1.9338445259077664e-44
1343.0	1.540347502281306e-44
1343.5	1.1414129464768654e-44
1344.0	3.9814202065975176e-45
1344.5	1.3294010466605863e-44
1345.0	5.369074886746755e-44
1345.5	2.1393215504633995e-44
1346.0	1.0005011420053294e-44
1346.5	2.1207883359359363e-44
1347.0	8.443785174589886e-45
1347.5	3.886319027212552e-45
1348.0	4.3684372954186435e-45
1348.5	3.121433903823345e-45
1349.0	3.0348006203912104e-45
1349.5	1.2933812480167563e-44
1350.0	1.1881482447482019e-44
1350.5	3.471496987536094e-45
1351.0	2.547160072728097e-45
1351.5	2.656998815318113e-45
1352.0	2.4587853661783335e-45
1352.5	2.836202788558985e-45
1353.0	3.001647191291122e-45
1353.5	2.6134333012162392e-45
1354.0	2.6895735481181253e-45
1354.5	2.577025352056431e-45
1355.0	2.8421393626752156e-45
1355.5	3.5917920667195155e-45
1356.0	5.5286914698262204e-45
1356.5	5.5228795480148816e-45
1357.0	2.881988209076186e-44
1357.5	2.4711904805109054e-44
1358.0	7.888567536832793e-45
1358.5	1.9159014993605235e-44
1359.0	6.35834047448624e-45
1359.5	2.75689464178727e-45
1360.0	2.5192908467225452e-45
1360.5	2.244949554570707e-45
1361.0	2.6991068063675264e-45
1361.5	2.735089970574605e-45
1362.0	2.4995188258083013e-45
1362.5	2.5331843230892525e-45
1363.0	2.482857353183984e-45
1363.5	2.6792631854339824e-45
1364.0	2.7967076244463865e-45
1364.5	2.5372546548776038e-45
1365.0	2.5300731030110963e-45
1365.5	2.5808270727852622e-45
1366.0	2.3985172224774796e-45
1366.5	2.4051500002637445e-45
1367.0	2.740478518734133e-45
1367.5	2.6810043775698557e-45
1368.0	2.520121603377081e-45
1368.5	2.266427996947701e-45
1369.0	2.6123333343941246e-45
1369.5	2.830010610861412e-45
1370.0	2.56958269000916e-45
1370.5	2.4225343404060155e-45
1371.0	2.312425259672289e-45
1371.5	2.276993979948605e-45
1372.0	2.4468206098579055e-45
1372.5	2.431920839623731e-45
1373.0	2.7740916463563388e-45
1373.5	2.555896990751016e-45
1374.0	2.373021949256445e-45
1374.5	2.345842782695467e-45
1375.0	2.523303039841121e-45
1375.5	2.5250473943715373e-45
1376.0	2.7333443675146837e-45
1376.5	2.706400130399063e-45
1377.0	3.2066860082554256e-45
1377.5	2.9041064942525785e-45
1378.0	2.3962048070739526e-45
1378.5	2.04699942336164e-45
1379.0	2.2628411392886008e-45
1379.5	2.5079616274172135e-45
1380.0	2.112193644066692e-45
1380.5	2.520295448646581e-45
1381.0	2.436823450849077e-45
1381.5	2.290456287492749e-45
1382.0	2.5312519648068363e-45
1382.5	2.459931103826256e-45
1383.0	2.6533986080580603e-45
1383.5	2.583173983741134e-45
1384.0	2.528123421274868e-45
1384.5	2.4969025892650616e-45
1385.0	2.701500733129106e-45
1385.5	2.903410617478141e-45
1386.0	2.6878036013490228e-45
1386.5	2.546321433482201e-45
1387.0	2.5622731724655463e-45
1387.5	2.420686056448642e-45
1388.0	2.5184356508050886e-45
1388.5	2.5410946268032093e-45
1389.0	2.2521774589011995e-45
1389.5	2.446775243632526e-45
1390.0	2.570354123390255e-45
1390.5	2.577352071883298e-45
1391.0	2.294058945171191e-45
1391.5	2.290093525221493e-45
1392.0	2.4459253963726856e-45
1392.5	2.7196321741886305e-45
1393.0	2.5550662683525272e-45
1393.5	2.632303319624493e-45
1394.0	2.603894649467853e-45
1394.5	2.279591207986744e-45
1395.0	2.1779521923101268e-45
1395.5	2.4647121327124206e-45
1396.0	2.6740586593384703e-45
1396.5	2.4607013028596694e-45
1397.0	2.554052534300065e-45
1397.5	2.4415404358373304e-45
1398.0	2.8016132373607488e-45
1398.5	2.5099942687206794e-45
1399.0	2.6039916649607637e-45
1399.5	2.6422455635325133e-45
1400.0	2.6967132150241108e-45
1400.5	2.7021677319359715e-45
1401.0	2.6439458931609402e-45
1401.5	2.598947123465613e-45
1402.0	2.8300805032403077e-45
1402.5	2.7231832936257663e-45
1403.0	2.4177583268645593e-45
1403.5	2.5399367213989307e-45
1404.0	2.6929341845330757e-45
1404.5	2.5780360424334905e-45
1405.0	2.6432368488260552e-45
1405.5	2.4918781004331812e-45
1406.0	2.246683154588673e-45
1406.5	2.5187228861572548e-45
1407.0	2.723875246590177e-45
1407.5	2.7707129114184634e-45
1408.0	2.4753369996831613e-45
1408.5	2.869368471287971e-45
1409.0	2.6313153944923376e-45
1409.5	2.5313943201277765e-45
1410.0	2.736643066108068e-45
1410.5	2.770271226121882e-45
1411.0	2.675483835766301e-45
1411.5	2.6595389378990204e-45
1412.0	2.7427406588273847e-45
1412.5	2.896472300830573e-45
1413.0	2.853866385826518e-45
1413.5	3.0620453566333974e-45
1414.0	3.030466788238326e-45
1414.5	3.1827907615301024e-45
1415.0	2.9400525513185417e-45
1415.5	2.9426330550242936e-45
1416.0	2.691493619171397e-45
1416.5	2.717404960479048e-45
1417.0	2.5242677452810363e-45
1417.5	2.424794055829026e-45
1418.0	2.827764427689512e-45
1418.5	2.7224561661867732e-45
1419.0	2.858329778632512e-45
1419.5	2.781567081701967e-45
1420.0	2.4796911550839567e-45
1420.5	2.6133834133367544e-45
1421.0	3.080444207033575e-45
1421.5	2.862878550862542e-45
1422.0	2.6893789181028525e-45
1422.5	2.8762658003671417e-45
1423.0	2.6656698621822528e-45
1423.5	2.7821706179635432e-45
1424.0	2.8910855669047356e-45
1424.5	2.4373072096171314e-45
1425.0	2.6576021707591577e-45
1425.5	2.8813073660325285e-45
1426.0	2.5736630009858683e-45
1426.5	2.438632357012904e-45
1427.0	2.8152079537051035e-45
1427.5	2.6126342838518883e-45
1428.0	2.512540949554861e-45
1428.5	2.874831268691371e-45
1429.0	2.7479978853538486e-45
1429.5	3.0078790982200236e-45
1430.0	2.8619606000034685e-45
1430.5	2.8207490068491206e-45
1431.0	2.7032625509289267e-45
1431.5	2.7288995492198027e-45
1432.0	2.6349254707319142e-45
1432.5	2.7837038211185212e-45
1433.0	3.0584171444137766e-45
1433.5	2.803752497365757e-45
1434.0	3.05616466579124e-45
1434.5	2.8891377571701286e-45
1435.0	3.074263991400484e-45
1435.5	3.241470962522275e-45
1436.0	3.0192008372793347e-45
1436.5	2.705481283398583e-45
1437.0	2.666712987458036e-45
1437.5	2.7513943203859888e-45
1438.0	2.706687152538033e-45
1438.5	2.7885270614686814e-45
1439.0	2.8616577497637796e-45
1439.5	3.2073282586218515e-45
1440.0	2.631983965610374e-45
1440.5	2.4087136637866622e-45
1441.0	2.6473605732403774e-45
1441.5	2.5186959831011078e-45
1442.0	2.857642172971768e-45
1442.5	2.7727679777548885e-45
1443.0	2.6042412553710256e-45
1443.5	2.790948160952589e-45
1444.0	3.253780146820626e-45
1444.5	2.8517481738158755e-45
1445.0	2.81763510763695e-45
1445.5	2.87104327638843e-45
1446.0	2.4574346437143826e-45
1446.5	2.6356120614271645e-45
1447.0	2.9116139123159277e-45
1447.5	3.146378488441572e-45
1448.0	3.028139145126107e-45
1448.5	2.8179034609064265e-45
1449.0	2.7238202819318322e-45
1449.5	2.909798549816786e-45
1450.0	3.0051299907585594e-45
1450.5	2.7165530471578562e-45
1451.0	2.585773028197696e-45
1451.5	2.88238119668816e-45
1452.0	3.3314948146828e-45
1452.5	3.155019340282872e-45
1453.0	3.071795544621152e-45
1453.5	2.846331963403441e-45
1454.0	2.569591315772423e-45
1454.5	2.8400679869484197e-45
1455.0	2.7004567429517933e-45
1455.5	2.645739780393799e-45
1456.0	2.9589018756861047e-45
1456.5	3.2277071116957514e-45
1457.0	2.970300261759163e-45
1457.5	2.581766906261957e-45
1458.0	2.6196535312616668e-45
1458.5	3.0018045594703163e-45
1459.0	3.113835942282172e-45
1459.5	2.7805077750907203e-45
1460.0	2.5438809654470767e-45
1460.5	2.6184119065619964e-45
1461.0	2.978958412117439e-45
1461.5	3.2189902041238833e-45
1462.0	3.2085234023617694e-45
1462.5	3.3718216180484865e-45
1463.0	3.1907199027638103e-45
1463.5	3.120485108924187e-45
1464.0	3.150526113125371e-45
1464.5	2.9055268581927554e-45
1465.0	2.785365670240733e-45
1465.5	3.125656812418565e-45
1466.0	3.1633312078859924e-45
1466.5	3.13767407065319e-45
1467.0	3.0379610362995586e-45
1467.5	2.8486576044224393e-45
1468.0	2.8933627296944226e-45
1468.5	3.0910617351904334e-45
1469.0	2.9977944281888776e-45
1469.5	3.1285741751328745e-45
1470.0	3.0383306451197915e-45
1470.5	2.9822561850214666e-45
1471.0	2.8643117142881877e-45
1471.5	2.7503899786803434e-45
1472.0	2.7601100610782144e-45
1472.5	2.9759312044537187e-45
1473.0	2.877629509737532e-45
1473.5	2.5308318611635945e-45
1474.0	2.9019693918382675e-45
1474.5	3.0833208700037684e-45
1475.0	2.58583214334343e-45
1475.5	2.855438081582784e-45
1476.0	3.3077258839035434e-45
1476.5	3.302411335613103e-45
1477.0	3.1969575692449784e-45
1477.5	3.124560574424489e-45
1478.0	3.789128339056702e-45
1478.5	3.283476843843224e-45
1479.0	2.8932798590286245e-45
1479.5	2.873444855132785e-45
1480.0	2.652223623490624e-45
1480.5	2.9082621359224795e-45
1481.0	3.038559534355985e-45
1481.5	2.876734233852668e-45
1482.0	2.824129181143165e-45
1482.5	2.891421635567701e-45
1483.0	3.171176151185086e-45
1483.5	2.7753980711502788e-45
1484.0	2.597697332636296e-45
1484.5	2.6728709359671075e-45
1485.0	2.997181633010315e-45
1485.5	2.886224674814062e-45
1486.0	2.67183322304033e-45
1486.5	3.1502116289608536e-45
1487.0	3.529217307146769e-45
1487.5	2.8984612830603647e-45
1488.0	2.8037613457351266e-45
1488.5	2.905501137902005e-45
1489.0	2.829009350974111e-45
1489.5	2.7107883849636568e-45
1490.0	2.808491132731254e-45
1490.5	3.0900638834914805e-45
1491.0	3.0813961586571494e-45
1491.5	3.001604061764825e-45
1492.0	3.0933412824846505e-45
1492.5	3.496313714307033e-45
1493.0	3.183008473404513e-45
1493.5	2.758010424614248e-45
1494.0	2.6801877908121356e-45
1494.5	2.8383386653077385e-45
1495.0	2.965254542256305e-45
1495.5	3.27645759818273e-45
1496.0	3.391082692046461e-45
1496.5	3.2543461740552886e-45
1497.0	2.7762591865950654e-45
1497.5	2.934506758356093e-45
1498.0	3.1134445158725237e-45
1498.5	2.926818797959369e-45
1499.0	3.0240608637622376e-45
1499.5	3.061922487055596e-45
1500.0	2.7885301020445984e-45
1500.5	2.7447767471995955e-45
1501.0	3.019271495298766e-45
1501.5	2.889642833695658e-45
1502.0	2.8775742685869607e-45
1502.5	2.7348525792592093e-45
1503.0	2.613843692273099e-45
1503.5	2.5067583989177948e-45
1504.0	2.613703730652273e-45
1504.5	2.8061557868741086e-45
1505.0	2.969929682875317e-45
1505.5	2.8256024493398536e-45
1506.0	2.693973793606905e-45
1506.5	2.6911939867513128e-45
1507.0	2.967122467745069e-45
1507.5	3.136019166112951e-45
1508.0	2.978014852201716e-45
1508.5	2.9767877032612434e-45
1509.0	2.972728009274717e-45
1509.5	2.827771142910557e-45
1510.0	2.884237659598244e-45
1510.5	3.382292310357107e-45
1511.0	3.302038418714722e-45
1511.5	2.941236056956536e-45
1512.0	2.951780542167867e-45
1512.5	2.9792818543402753e-45
1513.0	3.204297167985992e-45
1513.5	2.942725908903122e-45
1514.0	2.7201905676279465e-45
1514.5	2.7602957512756056e-45
1515.0	2.850600166407052e-45
1515.5	3.069038269954557e-45
1516.0	2.7258084244606195e-45
1516.5	2.950534073744177e-45
1517.0	2.672564672147031e-45
1517.5	3.255707116987729e-45
1518.0	3.202393093985603e-45
1518.5	2.852008499425004e-45
1519.0	2.6845715962171526e-45
1519.5	2.8745834877200747e-45
1520.0	3.333635583244168e-45
1520.5	2.9025329322124657e-45
1521.0	2.924793094267623e-45
1521.5	2.877711560945156e-45
1522.0	2.9841173183038236e-45
1522.5	3.093691719021151e-45
1523.0	3.1519977820953197e-45
1523.5	3.344734436927364e-45
1524.0	2.996169268026996e-45
1524.5	2.7539596025597062e-45
1525.0	3.237712616041303e-45
1525.5	3.331427618883225e-45
1526.0	3.198052904551603e-45
1526.5	3.335654237780243e-45
1527.0	3.3120978019043234e-45
1527.5	2.9786174381884066e-45
1528.0	3.251933588559109e-45
1528.5	3.09212075557171e-45
1529.0	2.8233299301617356e-45
1529.5	3.108018942232794e-45
1530.0	3.0484799498423054e-45
1530.5	2.8109859196741645e-45
1531.0	3.170177793260414e-45
1531.5	3.4109696719409426e-45
1532.0	3.2222614568992124e-45
1532.5	2.930652919600876e-45
1533.0	3.0257637483209854e-45
1533.5	2.998108177234021e-45
1534.0	3.4750103250223536e-45
1534.5	3.333281757639318e-45
1535.0	3.0558631777278796e-45
1535.5	3.629906027537595e-45
1536.0	3.807670452333624e-45
1536.5	3.763515577849729e-45
1537.0	3.448221739443178e-45
1537.5	3.1096634398500073e-45
1538.0	3.1654224893382905e-45
1538.5	3.507397058890792e-45
1539.0	3.513254787601807e-45
1539.5	3.3338214865837856e-45
1540.0	3.4166288987460517e-45
1540.5	3.503407610893119e-45
1541.0	3.340473890595286e-45
1541.5	3.2298554373048647e-45
1542.0	3.107444911811559e-45
1542.5	3.183537600229571e-45
1543.0	3.0694008916013186e-45
1543.5	3.121292757119357e-45
1544.0	3.3300633798431316e-45
1544.5	3.5982341426124226e-45
1545.0	3.349566850600966e-45
1545.5	2.9796666180832503e-45
1546.0	2.9075940112938147e-45
1546.5	2.939499547400213e-45
1547.0	3.547293729226342e-45
1547.5	3.241814644846198e-45
1548.0	3.232257631605937e-45
1548.5	3.5814576897658385e-45
1549.0	3.434113468515369e-45
1549.5	3.276959329187906e-45
1550.0	3.6308944090081887e-45
1550.5	3.8960338714889926e-45
1551.0	3.4094615105727895e-45
1551.5	3.358686240544477e-45
1552.0	3.006936283143826e-45
1552.5	2.9971450794918946e-45
1553.0	3.097518735284816e-45
1553.5	3.399120317658702e-45
1554.0	3.3822574607014383e-45
1554.5	3.137416149829689e-45
1555.0	3.3085848087797526e-45
1555.5	3.4621173667436585e-45
1556.0	3.7005363277214526e-45
1556.5	3.723393904453256e-45
1557.0	3.34399855509248e-45
1557.5	3.420966317579097e-45
1558.0	3.244008824955726e-45
1558.5	3.441656187527274e-45
1559.0	3.4649012634109074e-45
1559.5	3.149727136970894e-45
1560.0	3.411920241459468e-45
1560.5	3.193936799867015e-45
1561.0	3.3003640160871366e-45
1561.5	3.1650858660111133e-45
1562.0	2.9037463887860476e-45
1562.5	3.317583347644221e-45
1563.0	3.610136022253476e-45
1563.5	3.684409334572113e-45
1564.0	3.2263772523031577e-45
1564.5	3.066707733886002e-45
1565.0	3.292378445015998e-45
1565.5	3.355045178911993e-45
1566.0	3.6892397098908916e-45
1566.5	3.779890130649491e-45
1567.0	3.33233076371572e-45
1567.5	3.269884951355713e-45
1568.0	3.3852555530980955e-45
1568.5	3.3075397074976124e-45
1569.0	3.8497366089128646e-45
1569.5	3.8885605440974945e-45
1570.0	3.9108726852202486e-45
1570.5	3.389136308565928e-45
1571.0	3.381297475825468e-45
1571.5	3.316598820563849e-45
1572.0	3.288828468262932e-45
1572.5	3.225517259689968e-45
1573.0	3.167149206865316e-45
1573.5	3.471112227957094e-45
1574.0	3.22904476088719e-45
1574.5	3.463316777373319e-45
1575.0	3.364529302118065e-45
1575.5	3.3840798335344205e-45
1576.0	3.38930642411056e-45
1576.5	3.709182257088531e-45
1577.0	2.987552427589533e-45
1577.5	2.854617055126136e-45
1578.0	3.1658160627745505e-45
1578.5	3.1220733277957145e-45
1579.0	3.533308150097513e-45
1579.5	3.8083255969610467e-45
1580.0	4.0395244862495797e-45
1580.5	3.0752863389351206e-45
1581.0	3.1004291490424755e-45
1581.5	3.6541407131836304e-45
1582.0	3.3925685283680805e-45
1582.5	3.2563755884004395e-45
1583.0	3.3932356003052424e-45
1583.5	3.915875903320015e-45
1584.0	3.543484935167128e-45
1584.5	3.4628326615787e-45
1585.0	3.374335124688675e-45
1585.5	3.2884747981855404e-45
1586.0	3.3129226835195366e-45
1586.5	3.1889947622257516e-45
1587.0	3.217871887961488e-45
1587.5	3.446079181287035e-45
1588.0	3.4707013548082045e-45
1588.5	3.404334679351685e-45
1589.0	3.298690840726102e-45
1589.5	3.88054988357032e-45
1590.0	3.9306984439313326e-45
1590.5	3.692162677022546e-45
1591.0	3.807457638522293e-45
1591.5	3.6558911718630166e-45
1592.0	3.6537460912271645e-45
1592.5	3.501558428760349e-45
1593.0	3.3674650143902594e-45
1593.5	3.1129731912922744e-45
1594.0	3.3518178661875777e-45
1594.5	3.690917828470224e-45
1595.0	3.6388354184613355e-45
1595.5	3.439507498655775e-45
1596.0	3.5494927100108005e-45
1596.5	3.5994257364909594e-45
1597.0	3.147998381027676e-45
1597.5	3.055470144098221e-45
1598.0	3.5229955648253446e-45
1598.5	3.6016404390926046e-45
1599.0	3.6979592089236923e-45
1599.5	3.3777143246817186e-45
1600.0	3.56254238380639e-45
1600.5	3.517083012377522e-45
1601.0	3.604609793617222e-45
1601.5	3.888902983155214e-45
1602.0	3.6115015285860475e-45
1602.5	3.8137824490548134e-45
1603.0	3.586808271180155e-45
1603.5	3.6432584044467887e-45
1604.0	4.065555873438554e-45
1604.5	3.8218504077756453e-45
1605.0	3.4705640063636714e-45
1605.5	3.510106558763455e-45
1606.0	3.468749837691384e-45
1606.5	3.0565865809655166e-45
1607.0	3.424888987725947e-45
1607.5	3.5917386805795897e-45
1608.0	3.449247748860291e-45
1608.5	3.1680219774862995e-45
1609.0	3.67100385495933e-45
1609.5	3.741666231200561e-45
1610.0	3.4848881574187156e-45
1610.5	3.3994158085592424e-45
1611.0	3.109563283188517e-45
1611.5	3.527283205240433e-45
1612.0	4.280554464609643e-45
1612.5	4.318546784019461e-45
1613.0	3.801510704178461e-45
1613.5	3.6617340510620505e-45
1614.0	4.0271644187530123e-45
1614.5	3.6458086726415166e-45
1615.0	3.2513050749782427e-45
1615.5	3.4094507237089194e-45
1616.0	3.4749632938405933e-45
1616.5	3.161217546534485e-45
1617.0	2.880035301168569e-45
1617.5	3.375645602915687e-45
1618.0	3.9608958722958534e-45
1618.5	3.7405792198556215e-45
1619.0	3.509311628814793e-45
1619.5	3.192433536732555e-45
1620.0	3.502576683307741e-45
1620.5	4.353823464137255e-45
1621.0	4.0799942630475504e-45
1621.5	3.493726281263172e-45
1622.0	3.391288221659799e-45
1622.5	3.8045750582022296e-45
1623.0	3.6242903316182127e-45
1623.5	3.271917832920242e-45
1624.0	3.1654050891098125e-45
1624.5	3.4439808632508787e-45
1625.0	3.775205394182902e-45
1625.5	3.446845550658499e-45
1626.0	3.3647446063549236e-45
1626.5	3.281090834775649e-45
1627.0	3.196834907667285e-45
1627.5	3.5815451201118347e-45
1628.0	3.791025737205863e-45
1628.5	3.499029062308552e-45
1629.0	3.611037111608765e-45
1629.5	3.9003044105520257e-45
1630.0	3.450148580187213e-45
1630.5	2.9704131543888545e-45
1631.0	3.036695957401607e-45
1631.5	3.707845486315665e-45
1632.0	4.0282597340699614e-45
1632.5	4.0177757817230333e-45
1633.0	3.4559000299247713e-45
1633.5	3.3824330360326274e-45
1634.0	3.502469023719281e-45
1634.5	3.195816449559882e-45
1635.0	3.468991807982176e-45
1635.5	3.6459363378970564e-45
1636.0	3.8536787533508e-45
1636.5	3.9740135952392556e-45
1637.0	4.1604613399623165e-45
1637.5	4.248090795569586e-45
1638.0	3.240048237329709e-45
1638.5	3.4145490803800454e-45
1639.0	3.505529706030318e-45
1639.5	3.859380567512313e-45
1640.0	3.697998284880358e-45
1640.5	3.3251213797578333e-45
1641.0	3.4613773391516244e-45
1641.5	3.820017952139005e-45
1642.0	3.61659910598861e-45
1642.5	3.5684771775998304e-45
1643.0	3.638552258218098e-45
1643.5	3.4114051772401776e-45
1644.0	3.6219118009932454e-45
1644.5	3.732310995537738e-45
1645.0	3.4541883143003744e-45
1645.5	4.007021711412425e-45
1646.0	3.942666524392453e-45
1646.5	3.961094308669467e-45
1647.0	3.769471016468129e-45
1647.5	3.3201149249985163e-45
1648.0	3.691539060993973e-45
1648.5	3.766603066617481e-45
1649.0	3.741138658215447e-45
1649.5	3.553956677122469e-45
1650.0	4.151795797984473e-45
1650.5	3.655309477951849e-45
1651.0	3.7061458921499516e-45
1651.5	3.782928925974511e-45
1652.0	3.364205533056889e-45
1652.5	3.1162152042028165e-45
1653.0	3.2016414021112466e-45
1653.5	3.6932728216610934e-45
1654.0	4.068274624733515e-45
1654.5	4.0111508580441456e-45
1655.0	3.900036316638019e-45
1655.5	3.3778328842603443e-45
1656.0	3.1668564848808085e-45
1656.5	3.9282201267972576e-45
1657.0	3.7461920433930997e-45
1657.5	3.592941232935722e-45
1658.0	3.755164806721461e-45
1658.5	3.881639580317965e-45
1659.0	4.1100266658201535e-45
1659.5	3.8013831803487395e-45
1660.0	3.9767343916722146e-45
1660.5	4.251801936784735e-45
1661.0	4.1209534453637406e-45
1661.5	3.48414124585692e-45
1662.0	3.4971530824300083e-45
1662.5	3.6028762742090124e-45
1663.0	3.953248525284903e-45
1663.5	4.24986208291242e-45
1664.0	3.666402420802304e-45
1664.5	3.4546619682541315e-45
1665.0	4.006483980622617e-45
1665.5	3.5959772885203245e-45
1666.0	3.219720326823179e-45
1666.5	3.6805735278107376e-45
1667.0	4.042124893357493e-45
1667.5	3.921972093600452e-45
1668.0	3.667084857928741e-45
1668.5	3.692368086354848e-45
1669.0	3.806800135542782e-45
1669.5	3.401148031576016e-45
1670.0	3.3262400131564283e-45
1670.5	3.8206999173864483e-45
1671.0	4.318790464712656e-45
1671.5	3.890736894405298e-45
1672.0	4.003046174882219e-45
1672.5	3.6281194871307785e-45
1673.0	3.6291405583467815e-45
1673.5	3.8762928425299015e-45
1674.0	3.6153020283263733e-45
1674.5	3.314414483697384e-45
1675.0	3.4611196331641985e-45
1675.5	3.714565595012373e-45
1676.0	3.9003559152875335e-45
1676.5	3.17521566013533e-45
1677.0	3.610206146361285e-45
1677.5	4.0211494757668046e-45
1678.0	3.3829485097663424e-45
1678.5	4.1561874579433866e-45
1679.0	4.452762921161102e-45
1679.5	3.893835761601409e-45
1680.0	3.5601267793470884e-45
1680.5	3.650222631537597e-45
1681.0	4.199774846912489e-45
1681.5	3.998395590854777e-45
1682.0	3.623982317085673e-45
1682.5	3.6762724299770895e-45
1683.0	3.756474480652639e-45
1683.5	3.8599667257610507e-45
1684.0	3.630027344583078e-45
1684.5	3.1960326173082113e-45
1685.0	3.34506420926274e-45
1685.5	4.031011548788709e-45
1686.0	4.196016220424446e-45
1686.5	3.618976008622611e-45
1687.0	3.4492359848412783e-45
1687.5	3.270419337248908e-45
1688.0	4.1800698186238365e-45
1688.5	4.0248541113303675e-45
1689.0	4.153342585657561e-45
1689.5	4.160833027415414e-45
1690.0	4.15062438355197e-45
1690.5	3.802618228293911e-45
1691.0	3.8335722442149774e-45
1691.5	3.583418189722454e-45
1692.0	3.7793293306301985e-45
1692.5	3.954277928765479e-45
1693.0	3.703551156173665e-45
1693.5	3.7661494062984316e-45
1694.0	3.704282558248253e-45
1694.5	4.0108205814303656e-45
1695.0	4.206708764765135e-45
1695.5	4.086232948485344e-45
1696.0	4.2135054635063504e-45
1696.5	4.258279182952653e-45
1697.0	4.4471244376462133e-45
1697.5	3.9268284766954535e-45
1698.0	4.144739862118657e-45
1698.5	3.9893393685828113e-45
1699.0	3.702396668299519e-45
1699.5	3.753246814906393e-45
1700.0	4.0490777690794327e-45
1700.5	4.03998589478062e-45
1701.0	3.8520660802577317e-45
1701.5	4.2315662399696036e-45
1702.0	4.131319550686159e-45
1702.5	4.258148165072961e-45
1703.0	4.069016888930518e-45
1703.5	3.647753124097801e-45
1704.0	3.5153185934138234e-45
1704.5	3.659154399165781e-45
1705.0	3.950867603971184e-45
1705.5	3.8454006942952236e-45
1706.0	3.590768102850944e-45
1706.5	3.7858417408093164e-45
1707.0	3.9292405167182307e-45
1707.5	3.7732918677385344e-45
1708.0	4.0014518144353914e-45
1708.5	3.900356979255797e-45
1709.0	4.032763820156561e-45
1709.5	4.013458322800607e-45
1710.0	3.753925670688881e-45
1710.5	3.8070598585924496e-45
1711.0	4.033006658277754e-45
1711.5	4.770783435882034e-45
1712.0	4.646910039201559e-45
1712.5	4.473636551526587e-45
1713.0	4.056845870130731e-45
1713.5	3.852811177816492e-45
1714.0	3.813803350077883e-45
1714.5	3.8886857413000717e-45
1715.0	3.9065839077692206e-45
1715.5	3.999229581114904e-45
1716.0	3.571360020940041e-45
1716.5	3.347247325025934e-45
1717.0	4.0123652147994957e-45
1717.5	4.582673862083996e-45
1718.0	4.267029373104954e-45
1718.5	3.9043305214372604e-45
1719.0	3.642510825412575e-45
1719.5	3.62360487194022e-45
1720.0	3.947271876905485e-45
1720.5	3.954400220709107e-45
1721.0	3.952546763834113e-45
1721.5	3.6337598957468714e-45
1722.0	3.6159299292840703e-45
1722.5	3.997371360252548e-45
1723.0	3.8134700103283735e-45
1723.5	3.5038270731330074e-45
1724.0	3.1786246598299126e-45
1724.5	3.3782009308793705e-45
1725.0	3.772047808579752e-45
1725.5	4.292350451687733e-45
1726.0	4.0659679740003796e-45
1726.5	4.104510947340066e-45
1727.0	3.598185525230737e-45
1727.5	3.617341647650049e-45
1728.0	4.096897097609928e-45
1728.5	4.337152891746269e-45
1729.0	3.7867289826510225e-45
1729.5	3.7667211773763935e-45
1730.0	3.9068231677550686e-45
1730.5	3.8462006982540476e-45
1731.0	3.608626447533669e-45
1731.5	3.6167092856069537e-45
1732.0	3.9979005000857237e-45
1732.5	3.694465386415019e-45
1733.0	3.6782823745783503e-45
1733.5	4.2997244789452357e-45
1734.0	4.107047209150657e-45
1734.5	4.0749807144325016e-45
1735.0	4.512064059965335e-45
1735.5	4.017540101112043e-45
1736.0	3.932368101167433e-45
1736.5	3.5969372939942775e-45
1737.0	3.7937324250363296e-45
1737.5	3.770429059192217e-45
1738.0	3.7908198668076506e-45
1738.5	4.1054888971722337e-45
1739.0	3.818305981283397e-45
1739.5	3.618519961457368e-45
1740.0	3.649676310365339e-45
1740.5	4.034961784173101e-45
1741.0	3.936411090011121e-45
1741.5	3.997450163240312e-45
1742.0	4.2026696331369583e-45
1742.5	4.4057271142218166e-45
1743.0	3.961877300979047e-45
1743.5	3.785801944886073e-45
1744.0	3.9358521250898616e-45
1744.5	3.6342115097003146e-45
1745.0	4.1700801199364913e-45
1745.5	4.434341941161207e-45
1746.0	4.241233425879233e-45
1746.5	4.2020452840542246e-45
1747.0	4.4279512274860914e-45
1747.5	4.291545676011096e-45
1748.0	4.1296531768271086e-45
1748.5	3.994327765599666e-45
1749.0	4.687101430448749e-45
1749.5	4.4844557808657106e-45
1750.0	4.0143341753833413e-45
1750.5	3.8143049836213817e-45
1751.0	4.361900730702433e-45
1751.5	4.4130341142700167e-45
1752.0	4.159880854099616e-45
1752.5	4.2893655371242876e-45
1753.0	4.4404407591852085e-45
1753.5	4.003008046732973e-45
1754.0	3.5848179031557896e-45
1754.5	3.835061062843285e-45
1755.0	4.3144587056697926e-45
1755.5	5.0285778017890366e-45
1756.0	5.3363065498845085e-45
1756.5	4.483951837260695e-45
1757.0	3.658353116059713e-45
1757.5	3.9428182312790476e-45
1758.0	4.3105174823409775e-45
1758.5	4.562922701345724e-45
1759.0	4.280716940288197e-45
1759.5	4.2610967377839555e-45
1760.0	4.215764831669297e-45
1760.5	4.3954353792759884e-45
1761.0	4.2422876151064806e-45
1761.5	4.3886270868202136e-45
1762.0	4.702814475771284e-45
1762.5	4.5219000032591355e-45
1763.0	4.566792170371599e-45
1763.5	4.406314513919035e-45
1764.0	7.445954356450245e-45
1764.5	6.630470837313559e-45
1765.0	4.4104303672709864e-45
1765.5	4.28832085067003e-45
1766.0	4.646742598581271e-45
1766.5	4.8370520770702915e-45
1767.0	4.707555838212149e-45
1767.5	4.185521138349074e-45
1768.0	3.994076315196935e-45
1768.5	4.1668145255056197e-45
1769.0	4.0587513437001774e-45
1769.5	4.018649961969804e-45
1770.0	3.7602230605759526e-45
1770.5	4.0927641018821525e-45
1771.0	4.1883601537663324e-45
1771.5	4.111810516585852e-45
1772.0	4.348169443929592e-45
1772.5	4.3685161242094924e-45
1773.0	4.403202069656079e-45
1773.5	4.140318349176196e-45
1774.0	4.598063089482504e-45
1774.5	5.876028650109299e-45
1775.0	5.984919209792559e-45
1775.5	4.8010737310153966e-45
1776.0	4.8615890496133345e-45
1776.5	5.3895839344520486e-45
1777.0	8.020072418735367e-45
1777.5	6.569133934600313e-45
1778.0	4.198772063339703e-45
1778.5	6.693219967427281e-45
1779.0	1.3282044118075223e-44
1779.5	1.246047541470637e-44
1780.0	5.3539073492291393e-45
1780.5	7.219509826680003e-45
1781.0	7.460324411679591e-45
1781.5	5.099685865295178e-45
1782.0	9.573704043471568e-45
1782.5	8.522251272355848e-45
1783.0	4.4448060920000625e-45
1783.5	4.189016600598759e-45
1784.0	7.247801436920472e-45
1784.5	1.691444750704347e-44
1785.0	8.041158515308268e-45
1785.5	4.521398766747633e-45
1786.0	5.425861492175978e-45
1786.5	2.278490503083083e-44
1787.0	2.1457790034035205e-44
1787.5	5.698674795810444e-45
1788.0	5.64598875406634e-45
1788.5	1.4123180996235945e-44
1789.0	1.237874311299953e-44
1789.5	6.27330283576224e-45
1790.0	2.2797456619166473e-44
1790.5	1.4912101553333086e-44
1791.0	4.292671989314495e-45
1791.5	3.592287791089372e-45
1792.0	4.083542526182881e-45
1792.5	4.501177258025557e-45
1793.0	7.401511130535007e-45
1793.5	8.87812429847066e-45
1794.0	4.1412694913192705e-45
1794.5	4.233389082811046e-45
1795.0	5.590358093941398e-45
1795.5	7.755440957229811e-45
1796.0	5.529242650172858e-45
1796.5	3.7111258406184834e-45
1797.0	3.7683233801418873e-45
1797.5	4.011014420425118e-45
1798.0	3.929319882123201e-45
1798.5	4.067354267963077e-45
1799.0	4.1548534770127145e-45
1799.5	4.099954559422763e-45
1800.0	4.6567889966605806e-45
1800.5	5.03927660782676e-45
1801.0	4.872302346314979e-45
1801.5	4.2515859913462865e-45
1802.0	3.83236704395438e-45
1802.5	3.817768635729318e-45
1803.0	3.8219670733434205e-45
1803.5	4.0199258695155625e-45
1804.0	3.863358935579258e-45
1804.5	4.388557920565745e-45
1805.0	5.065448534896448e-45
1805.5	5.125055545932952e-45
1806.0	4.846902723914632e-45
1806.5	1.3569767790116196e-44
1807.0	1.5148659500485748e-44
1807.5	5.080913556325282e-45
1808.0	4.430885738696225e-45
1808.5	3.947791910026102e-45
1809.0	4.4916682895590563e-45
1809.5	5.045754955240376e-45
1810.0	5.2377195890022426e-45
1810.5	4.6837474253327603e-45
1811.0	6.617273717930176e-45
1811.5	5.859840475797513e-45
1812.0	4.793155174813157e-45
1812.5	4.6183158241089655e-45
1813.0	4.1875154968524836e-45
1813.5	3.60832140116813e-45
1814.0	4.254067795541152e-45
1814.5	4.505998137417802e-45
1815.0	4.9548881967447415e-45
1815.5	4.8445429872247847e-45
1816.0	4.977781677490888e-45
1816.5	5.4671461171248456e-45
1817.0	4.7636199386210255e-45
1817.5	4.781297412038264e-45
1818.0	4.1441520218340826e-45
1818.5	3.4685859212650796e-45
1819.0	4.397525337153317e-45
1819.5	4.666596675597674e-45
1820.0	4.382012245501984e-45
1820.5	4.1454422441179174e-45
1821.0	4.7187329499648183e-45
1821.5	4.783401394690101e-45
1822.0	4.5588109092657223e-45
1822.5	4.340304955451318e-45
1823.0	4.447872357861876e-45
1823.5	4.234328954984503e-45
1824.0	4.581714212281141e-45
1824.5	4.484120772373665e-45
1825.0	4.894272641029463e-45
1825.5	4.216244743445968e-45
1826.0	4.296841191207266e-45
1826.5	4.6660254007992027e-45
1827.0	4.3043193925044077e-45
1827.5	4.242364462245895e-45
1828.0	4.75895301290604e-45
1828.5	4.67745568918845e-45
1829.0	4.5031780930363446e-45
1829.5	4.652118236383407e-45
1830.0	5.244762162574547e-45
1830.5	5.105061930349942e-45
1831.0	4.316432566523928e-45
1831.5	4.307966726360713e-45
1832.0	4.6368136033654266e-45
1832.5	5.164384017720633e-45
1833.0	4.6146731798077416e-45
1833.5	4.477142722952673e-45
1834.0	4.271101928003413e-45
1834.5	4.590110933182766e-45
1835.0	4.8030572616378126e-45
1835.5	4.270463712342253e-45
1836.0	4.088115962034543e-45
1836.5	4.4499698410257117e-45
1837.0	4.3776917643687415e-45
1837.5	4.537969711144487e-45
1838.0	4.920894108005349e-45
1838.5	4.648818445771398e-45
1839.0	4.1697486629975136e-45
1839.5	4.9350281726341894e-45
1840.0	4.664710120296853e-45
1840.5	4.95024822554355e-45
1841.0	5.1547371085577156e-45
1841.5	4.715591280810046e-45
1842.0	4.498757284051635e-45
1842.5	4.406229523157958e-45
1843.0	4.626178063544086e-45
1843.5	5.1223590148117856e-45
1844.0	4.980144514306702e-45
1844.5	4.367603578257517e-45
1845.0	4.0781729517694366e-45
1845.5	4.2670357897577395e-45
1846.0	4.650156967247497e-45
1846.5	4.430675356572712e-45
1847.0	3.8472840472386276e-45
1847.5	3.9182637862568856e-45
1848.0	4.283194462362453e-45
1848.5	4.126070656977343e-45
1849.0	4.106554781027277e-45
1849.5	4.1952768664075054e-45
1850.0	5.003937435826775e-45
1850.5	4.9725058812215403e-45
1851.0	4.874729785587934e-45
1851.5	4.8175962754614654e-45
1852.0	4.7356553017390435e-45
1852.5	4.4189459124610115e-45
1853.0	4.868623339485385e-45
1853.5	5.1316731757778065e-45
1854.0	4.791335333015293e-45
1854.5	4.486888995177085e-45
1855.0	4.61079905655543e-45
1855.5	4.553482351308915e-45
1856.0	4.917148247778638e-45
1856.5	4.503314073815529e-45
1857.0	3.9994010805483643e-45
1857.5	4.821996911506762e-45
1858.0	5.398674457214984e-45
1858.5	4.90397470834815e-45
1859.0	4.667664387929177e-45
1859.5	4.3422428421100654e-45
1860.0	4.6799837813850487e-45
1860.5	4.611489239624368e-45
1861.0	4.22866571052601e-45
1861.5	4.523800244051986e-45
1862.0	4.397661965692928e-45
1862.5	4.7076704740148894e-45
1863.0	5.0627300750402665e-45
1863.5	4.913051366499686e-45
1864.0	4.4885426563987156e-45
1864.5	4.3824544085605375e-45
1865.0	4.523322820057743e-45
1865.5	4.343709721547167e-45
1866.0	4.50961521538882e-45
1866.5	4.9697054427760686e-45
1867.0	5.095692579501858e-45
1867.5	5.0738016866941914e-45
1868.0	4.484253316646249e-45
1868.5	3.8999842932285023e-45
1869.0	3.886761247147484e-45
1869.5	4.6750946635900786e-45
1870.0	4.854059100404764e-45
1870.5	4.8362670585980985e-45
1871.0	5.0374906166360325e-45
1871.5	5.487644216455235e-45
1872.0	5.0311797963013335e-45
1872.5	4.68899307626187e-45
1873.0	4.1762448236208236e-45
1873.5	4.1727862967851366e-45
1874.0	4.907686182617904e-45
1874.5	5.339667457732223e-44
1875.0	4.076638446867628e-43
1875.5	4.12154940963426e-43
1876.0	5.205966589590007e-44
1876.5	5.0494580992913797e-45
1877.0	4.3861021408541126e-45
1877.5	5.129048586144914e-45
1878.0	5.5606428890968596e-45
1878.5	4.871748599474033e-45
1879.0	4.341672670108435e-45
1879.5	4.1364294679844744e-45
1880.0	4.938542756534478e-45
1880.5	5.32458641474199e-45
1881.0	5.4972781842001286e-45
1881.5	5.39418378258986e-45
1882.0	5.102814718304619e-45
1882.5	4.7613546712216886e-45
1883.0	4.62337287242111e-45
1883.5	4.604904692335371e-45
1884.0	4.6188512998145586e-45
1884.5	4.4358179042544706e-45
1885.0	4.870380456917336e-45
1885.5	5.405577614030692e-45
1886.0	4.877079169499852e-45
1886.5	4.2777490166679373e-45
1887.0	4.388538973770811e-45
1887.5	4.5081548353473314e-45
1888.0	4.375426102986783e-45
1888.5	4.6254309353594564e-45
1889.0	4.800473574356208e-45
1889.5	4.4906777594492244e-45
1890.0	4.422993279018983e-45
1890.5	4.9502563339575977e-45
1891.0	5.0516007076842725e-45
1891.5	4.695334156199805e-45
1892.0	4.691744626667039e-45
1892.5	4.724276475848529e-45
1893.0	5.10108408170009e-45
1893.5	4.677989337641368e-45
1894.0	4.8190052399269293e-45
1894.5	5.3607704689252696e-45
1895.0	5.453550668998737e-45
1895.5	5.663463361860332e-45
1896.0	6.133535071176896e-45
1896.5	5.572880602516048e-45
1897.0	5.2963833019080226e-45
1897.5	5.149651767556987e-45
1898.0	4.821150089670628e-45
1898.5	4.7233126421575964e-45
1899.0	4.907167593460605e-45
1899.5	5.25852869822594e-45
1900.0	5.139662775183538e-45
1900.5	5.078500482378874e-45
1901.0	4.699565986428942e-45
1901.5	4.1973287367590774e-45
1902.0	4.920440826891842e-45
1902.5	4.9850941130057365e-45
1903.0	4.946333697687154e-45
1903.5	4.5618858548267365e-45
1904.0	4.815513284123756e-45
1904.5	4.984759290322389e-45
1905.0	4.7532678729688354e-45
1905.5	4.544145015663687e-45
1906.0	5.225618818902935e-45
1906.5	5.2996869369558604e-45
1907.0	5.276153100627601e-45
1907.5	5.541918776237458e-45
1908.0	5.373800750469068e-45
1908.5	5.2641525695052296e-45
1909.0	4.9460197502019e-45
1909.5	4.583472079279652e-45
1910.0	4.7225317117859637e-45
1910.5	4.9590331729857866e-45
1911.0	4.777543054437717e-45
1911.5	4.614337620350429e-45
1912.0	4.5590634913891347e-45
1912.5	4.823722217854756e-45
1913.0	5.028797760720923e-45
1913.5	5.1847074940423815e-45
1914.0	5.798821414100455e-45
1914.5	5.380617620075198e-45
1915.0	5.306487899171538e-45
1915.5	5.235153626527872e-45
1916.0	4.636874331061097e-45
1916.5	5.0546391407133364e-45
1917.0	5.3275925205485336e-45
1917.5	4.946591384843796e-45
1918.0	5.1619032412812234e-45
1918.5	5.307760586549408e-45
1919.0	5.253592422801429e-45
1919.5	4.8836422179062456e-45
1920.0	4.8855940920183906e-45
1920.5	4.8728533444152414e-45
1921.0	4.9467041449736296e-45
1921.5	4.956787933168289e-45
1922.0	5.0143978542011503e-45
1922.5	4.907053557690333e-45
1923.0	4.837970400429813e-45
1923.5	5.2623189226556625e-45
1924.0	5.4864093661852966e-45
1924.5	4.5823604070121033e-45
1925.0	4.5390442616481184e-45
1925.5	4.879667848281688e-45
1926.0	5.0330861430612166e-45
1926.5	4.980249159563001e-45
1927.0	4.4612663067135017e-45
1927.5	4.35112741765126e-45
1928.0	5.1783168490539106e-45
1928.5	5.1343206140025875e-45
1929.0	5.192364858398989e-45
1929.5	4.955287735356429e-45
1930.0	4.943186406360031e-45
1930.5	5.715463680555826e-45
1931.0	6.037986582088941e-45
1931.5	5.890640372263202e-45
1932.0	5.568357946690255e-45
1932.5	5.175269533582469e-45
1933.0	5.1344243501052135e-45
1933.5	4.9552159598177154e-45
1934.0	5.411240441378888e-45
1934.5	4.971239695961771e-45
1935.0	5.19325352465661e-45
1935.5	5.092117203406189e-45
1936.0	5.337349004731713e-45
1936.5	5.4803217743721655e-45
1937.0	5.081451250290794e-45
1937.5	4.7724533101008324e-45
1938.0	5.147074894511898e-45
1938.5	4.788129537315222e-45
1939.0	5.0256139233645656e-45
1939.5	4.6498073135972087e-45
1940.0	4.4742050251861175e-45
1940.5	5.42722493712709e-45
1941.0	5.4056731284710596e-45
1941.5	5.122217028097686e-45
1942.0	5.1730918304983864e-45
1942.5	5.255031098396053e-45
1943.0	5.770668005330295e-45
1943.5	4.6994325326429e-45
1944.0	4.605292719339223e-45
1944.5	4.6925788696663695e-45
1945.0	5.393167589141475e-45
1945.5	5.422745870689487e-45
1946.0	5.03919049673645e-45
1946.5	4.8118896917016574e-45
1947.0	5.2434846752493704e-45
1947.5	4.439230960369775e-45
1948.0	4.803988776641347e-45
1948.5	4.904853626457325e-45
1949.0	4.9567825333719416e-45
1949.5	8.340133824234477e-45
1950.0	1.2801823479184366e-44
1950.5	8.477013042234974e-45
1951.0	5.2929340261131e-45
1951.5	5.128838776210555e-45
1952.0	5.21424302377583e-45
1952.5	5.384522107594138e-45
1953.0	4.901704639610512e-45
1953.5	4.9313570115274877e-45
1954.0	5.08642313879022e-45
1954.5	5.236149859645818e-45
1955.0	4.935566606561616e-45
1955.5	5.412613418457443e-45
1956.0	5.227115529843991e-45
1956.5	5.255518109097022e-45
1957.0	5.188797553871717e-45
1957.5	5.005615898163645e-45
1958.0	5.238578909266608e-45
1958.5	5.925685413546977e-45
1959.0	5.888700299794274e-45
1959.5	5.278956803579528e-45
1960.0	5.4809212848735266e-45
1960.5	5.0187016072299724e-45
1961.0	4.906409516542019e-45
1961.5	5.5836970117656414e-45
1962.0	5.1499155769539245e-45
1962.5	4.743587682704563e-45
1963.0	4.496298901317199e-45
1963.5	4.675298989237353e-45
1964.0	5.0229974484407026e-45
1964.5	4.9686117569076396e-45
1965.0	4.9589034176304916e-45
1965.5	4.968172009905414e-45
1966.0	5.1385119782935025e-45
1966.5	5.104169298650004e-45
1967.0	4.936452856353074e-45
1967.5	4.671443524359408e-45
1968.0	4.7731526259028266e-45
1968.5	4.9633842444783296e-45
1969.0	5.1003345763073725e-45
1969.5	5.230575502688196e-45
1970.0	5.444569193275853e-45
1970.5	5.474211398587949e-45
1971.0	5.661330545012322e-45
1971.5	5.3675876062631977e-45
1972.0	4.6011253695252686e-45
1972.5	4.881303722827405e-45
1973.0	5.88668129039607e-45
1973.5	5.701913270370766e-45
1974.0	5.642720356224432e-45
1974.5	5.814254828224975e-45
1975.0	5.874731465369439e-45
1975.5	5.687290919024514e-45
1976.0	5.3200823103153536e-45
1976.5	4.838157101000059e-45
1977.0	5.0495742708386014e-45
1977.5	5.541229118175092e-45
1978.0	5.3988273698332045e-45
1978.5	5.0676432957440403e-45
1979.0	5.1509504999156513e-45
1979.5	4.6013585337898714e-45
1980.0	5.074962030971481e-45
1980.5	5.3160388850262647e-45
1981.0	5.38101039831123e-45
1981.5	5.396234154380662e-45
1982.0	5.244858373122554e-45
1982.5	5.656664444195567e-45
1983.0	5.1148907077047844e-45
1983.5	5.2457518068159946e-45
1984.0	5.2914327922985184e-45
1984.5	5.12937616667624e-45
1985.0	5.225801245473154e-45
1985.5	5.132555855207795e-45
1986.0	5.466986265315312e-45
1986.5	5.619178372863771e-45
1987.0	5.341303589694368e-45
1987.5	5.408303361540696e-45
1988.0	5.465673659135138e-45
1988.5	4.7940602384675784e-45
1989.0	4.392601056937214e-45
1989.5	5.3773831700869807e-45
1990.0	5.074489149175779e-45
1990.5	5.2678899636080324e-45
1991.0	6.163163476667759e-45
1991.5	5.813170131575416e-45
1992.0	5.5727621836031245e-45
1992.5	5.598766623270344e-45
1993.0	5.16509203956745e-45
1993.5	4.64136298744288e-45
1994.0	5.762918518469782e-45
1994.5	5.437940784911539e-45
1995.0	4.8447462883654716e-45
1995.5	5.1170756380783155e-45
1996.0	4.96255972680544e-45
1996.5	5.2103569102856695e-45
1997.0	5.883256404883231e-45
1997.5	5.508103587980072e-45
1998.0	5.258525231082078e-45
1998.5	5.578006974094013e-45
1999.0	5.65731645228482e-45
1999.5	5.5635259643936297e-45
2000.0	5.541509928168531e-45
2000.5	6.020511741902821e-45
2001.0	5.64883029955973e-45
2001.5	4.9298286268576253e-45
2002.0	4.5202308261815526e-45
2002.5	4.659194329944977e-45
2003.0	5.309738592245029e-45
2003.5	5.439743001445837e-45
2004.0	4.970026575048109e-45
2004.5	5.1949132722985653e-45
2005.0	5.866906031755944e-45
2005.5	6.531279904784749e-45
2006.0	6.393852347827377e-45
2006.5	5.0988285190332254e-45
2007.0	5.770353818162767e-45
2007.5	5.924614869142589e-45
2008.0	5.522846246989756e-45
2008.5	4.9794253348916794e-45
2009.0	5.2219289478864365e-45
2009.5	5.935363676741474e-45
2010.0	5.3834608054184017e-45
2010.5	5.525892014561044e-45
2011.0	5.360534950946787e-45
2011.5	4.674919344994216e-45
2012.0	4.8348482487510665e-45
2012.5	5.725481414611512e-45
2013.0	5.510935455204553e-45
2013.5	5.328576436109198e-45
2014.0	5.763926814050662e-45
2014.5	5.4901469632464507e-45
2015.0	5.1195441481506756e-45
2015.5	4.950989996813833e-45
2016.0	5.753686644965575e-45
2016.5	5.431110117770258e-45
2017.0	5.676494453266158e-45
2017.5	5.700105085305753e-45
2018.0	5.622071892339694e-45
2018.5	6.365799265779783e-45
2019.0	6.05939826069331e-45
2019.5	5.682583774267652e-45
2020.0	5.814002071884254e-45
2020.5	5.814007136314205e-45
2021.0	5.282270220461913e-45
2021.5	5.4270575836987495e-45
2022.0	5.899438361458073e-45
2022.5	6.018937948816629e-45
2023.0	5.1773697975558475e-45
2023.5	5.2323282064033396e-45
2024.0	5.159678115184583e-45
2024.5	5.3231953138494674e-45
2025.0	5.261809344182941e-45
2025.5	5.5255041580447486e-45
2026.0	5.379986927057335e-45
2026.5	5.250368541845901e-45
2027.0	5.377708699691941e-45
2027.5	5.624670587843308e-45
2028.0	5.710070897075153e-45
2028.5	4.7582353637114415e-45
2029.0	5.465011863817423e-45
2029.5	6.385359939088531e-45
2030.0	6.021907224828894e-45
2030.5	5.177349748189328e-45
2031.0	5.3086554016425066e-45
2031.5	5.713515764904185e-45
2032.0	5.658769701748339e-45
2032.5	5.186733658485196e-45
2033.0	4.7775907923886364e-45
2033.5	5.0471379987988494e-45
2034.0	5.3936681381512077e-45
2034.5	5.5023564508297286e-45
2035.0	5.515447200121584e-45
2035.5	5.1751302035262877e-45
2036.0	4.97824614072384e-45
2036.5	5.239691609391493e-45
2037.0	4.572129480657373e-45
2037.5	5.0724051515063e-45
2038.0	5.340587775051951e-45
2038.5	5.1869797115780705e-45
2039.0	5.0018155786241236e-45
2039.5	5.4722929951768367e-45
2040.0	5.606267225801311e-45
2040.5	6.128040459395166e-45
2041.0	5.834562367101534e-45
2041.5	6.018310286482322e-45
2042.0	5.260367729804028e-45
2042.5	5.2041657511133265e-45
2043.0	5.621470486532736e-45
2043.5	6.107674628675375e-45
2044.0	5.845249033032843e-45
2044.5	4.9759224757054376e-45
2045.0	5.248871937257066e-45
2045.5	5.434786769864112e-45
2046.0	5.325282393383941e-45
2046.5	5.687826260803587e-45
2047.0	5.811960648287038e-45
2047.5	5.822403567180365e-45
2048.0	5.622760465720823e-45
2048.5	5.4919391220927016e-45
2049.0	5.683721899194495e-45
2049.5	5.908729574078658e-45
2050.0	5.788294722598037e-45
2050.5	5.549096942609455e-45
2051.0	5.859017116291586e-45
2051.5	5.907049376011406e-45
2052.0	5.658076758087423e-45
2052.5	5.832879618263495e-45
2053.0	5.988352470610569e-45
2053.5	5.412847219394453e-45
2054.0	5.296840447686025e-45
2054.5	4.968013929039672e-45
2055.0	4.8673300022958376e-45
2055.5	5.340821526775473e-45
2056.0	5.852672655913007e-45
2056.5	5.71367000583525e-45
2057.0	6.202225377775654e-45
2057.5	5.905842768376331e-45
2058.0	5.790288786399552e-45
2058.5	6.381257416473657e-45
2059.0	6.187699274893528e-45
2059.5	5.965072979161747e-45
2060.0	6.443159116389162e-45
2060.5	6.765874980290787e-45
2061.0	6.12236764360075e-45
2061.5	5.990600745405561e-45
2062.0	6.287081039969319e-45
2062.5	5.0756327665648306e-45
2063.0	5.001299805480756e-45
2063.5	4.845942899326381e-45
2064.0	5.036032584840546e-45
2064.5	5.985794516491405e-45
2065.0	6.315594765076346e-45
2065.5	6.770682222929342e-45
2066.0	6.511274258497912e-45
2066.5	6.526452750398432e-45
2067.0	6.119731649494613e-45
2067.5	6.028768769173285e-45
2068.0	5.804980804085975e-45
2068.5	5.495627470865283e-45
2069.0	5.667652620822003e-45
2069.5	5.934517237541053e-45
2070.0	6.109777132848111e-45
2070.5	6.12278666153446e-45
2071.0	4.9340069335411915e-45
2071.5	5.156394850294396e-45
2072.0	5.20949682045684e-45
2072.5	5.41911564579681e-45
2073.0	5.514103210662221e-45
2073.5	4.902710719196789e-45
2074.0	5.466151545728024e-45
2074.5	6.10365192463761e-45
2075.0	5.93833501103457e-45
2075.5	5.794026745505196e-45
2076.0	5.90150321365647e-45
2076.5	5.973214640739356e-45
2077.0	5.235012936696447e-45
2077.5	4.8909894236905467e-45
2078.0	5.487940841794774e-45
2078.5	6.315900722504643e-45
2079.0	6.483822741742866e-45
2079.5	6.040634514704863e-45
2080.0	5.970327947283056e-45
2080.5	5.858330580155084e-45
2081.0	5.857758227560956e-45
2081.5	5.892115796350828e-45
2082.0	5.5941984424160936e-45
2082.5	6.081089591173542e-45
2083.0	6.258353584733702e-45
2083.5	5.954691963512452e-45
2084.0	5.956842649449285e-45
2084.5	5.976212663230125e-45
2085.0	5.893373315477534e-45
2085.5	5.491466228501415e-45
2086.0	6.333514823870796e-45
2086.5	6.352341035242734e-45
2087.0	5.618304579199123e-45
2087.5	5.564258325004033e-45
2088.0	5.400975634807416e-45
2088.5	5.70227053893193e-45
2089.0	6.279537974979312e-45
2089.5	6.350822321465804e-45
2090.0	5.767350305668474e-45
2090.5	5.2129088669602755e-45
2091.0	5.658111312473559e-45
2091.5	5.616637610371533e-45
2092.0	5.902670296202546e-45
2092.5	6.361076238894747e-45
2093.0	6.054836777732394e-45
2093.5	6.007519080871804e-45
2094.0	5.936384458728939e-45
2094.5	5.694229277505138e-45
2095.0	5.943348330746967e-45
2095.5	6.112002973423866e-45
2096.0	5.72324144481607e-45
2096.5	5.241021685970478e-45
2097.0	5.113917081387605e-45
2097.5	5.3377502270741937e-45
2098.0	5.5142172023286153e-45
2098.5	5.505453583588131e-45
2099.0	5.890786918677977e-45
2099.5	6.331939849515328e-45
2100.0	5.584033216172755e-45
2100.5	5.915490698775513e-45
2101.0	5.86256544679954e-45
2101.5	6.237220096961644e-45
2102.0	5.695182100532187e-45
2102.5	5.344482430961867e-45
2103.0	6.135593068101469e-45
2103.5	6.393585030392679e-45
2104.0	6.182999453853581e-45
2104.5	5.601710480962334e-45
2105.0	5.620891411697896e-45
2105.5	6.114250853663125e-45
2106.0	5.905884121238317e-45
2106.5	6.0422666871475e-45
2107.0	6.169260121090656e-45
2107.5	6.339290211292864e-45
2108.0	6.153256289666587e-45
2108.5	6.155420330456402e-45
2109.0	6.434183448827185e-45
2109.5	5.5944392676216935e-45
2110.0	4.8838604587596295e-45
2110.5	5.4180971623699156e-45
2111.0	6.13940457809607e-45
2111.5	6.470435596204079e-45
2112.0	6.841118975293975e-45
2112.5	5.647619551557679e-45
2113.0	5.45918542716008e-45
2113.5	6.057920755476662e-45
2114.0	5.619544656354885e-45
2114.5	5.563082213962017e-45
2115.0	6.359987310265297e-45
2115.5	6.004222266457126e-45
2116.0	5.85200389582706e-45
2116.5	5.660369091175809e-45
2117.0	5.5930418836849435e-45
2117.5	6.018393247918294e-45
2118.0	6.437687390316637e-45
2118.5	6.402301728088017e-45
2119.0	6.290180215161956e-45
2119.5	5.913024675720964e-45
2120.0	5.642275391275726e-45
2120.5	5.841378921140911e-45
2121.0	5.690361191992695e-45
2121.5	5.384685869559875e-45
2122.0	5.2705734363187326e-45
2122.5	5.878918535554747e-45
2123.0	6.054196787259849e-45
2123.5	5.854182951993522e-45
2124.0	5.7508159783961e-45
2124.5	5.5436889384065435e-45
2125.0	5.898689443587501e-45
2125.5	5.532814198013194e-45
2126.0	5.975435977919591e-45
2126.5	6.593743033289779e-45
2127.0	5.758792310960777e-45
2127.5	5.753008807201115e-45
2128.0	6.250340827741335e-45
2128.5	6.665471100896805e-45
2129.0	6.381121916324613e-45
2129.5	5.527072804500605e-45
2130.0	5.474305829852452e-45
2130.5	5.883795990047045e-45
2131.0	5.679841101291019e-45
2131.5	5.3932811802116663e-45
2132.0	5.350383430895977e-45
2132.5	5.4767842457477185e-45
2133.0	5.752023601311158e-45
2133.5	6.247507170774363e-45
2134.0	6.609172462508546e-45
2134.5	6.037897522820862e-45
2135.0	6.676647953954626e-45
2135.5	7.224634776823733e-45
2136.0	6.468857516535167e-45
2136.5	5.973942276088086e-45
2137.0	6.205729467924028e-45
2137.5	6.47029366512909e-45
2138.0	6.826510578292598e-45
2138.5	6.486764938114775e-45
2139.0	5.2540921493339056e-45
2139.5	6.433704262664686e-45
2140.0	6.384415220535671e-45
2140.5	5.748492631384589e-45
2141.0	6.358089041298343e-45
2141.5	6.390525593922571e-45
2142.0	5.937924908245876e-45
2142.5	6.324572260561063e-45
2143.0	6.451601740005197e-45
2143.5	6.155218264914501e-45
2144.0	5.5906118491269293e-45
2144.5	6.325279355872976e-45
2145.0	5.765123189316059e-45
2145.5	5.761426949438732e-45
2146.0	6.295492996909747e-45
2146.5	6.325381449946701e-45
2147.0	6.518867901991342e-45
2147.5	5.911326193100306e-45
2148.0	6.062012333536828e-45
2148.5	5.6006081314394925e-45
2149.0	6.715462690796612e-45
2149.5	7.400098215096289e-45
2150.0	7.113470511118765e-45
2150.5	7.022839289020739e-45
2151.0	6.946122148662614e-45
2151.5	7.595230025393297e-45
2152.0	6.832867882596228e-45
2152.5	6.146847835456439e-45
2153.0	6.378114498500717e-45
2153.5	6.09141257292691e-45
2154.0	5.707610554449145e-45
2154.5	6.059607518809278e-45
2155.0	5.798647306106712e-45
2155.5	5.942127699648075e-45
2156.0	5.4648466215695375e-45
2156.5	5.554731319225483e-45
2157.0	6.523228462994782e-45
2157.5	6.318806328963379e-45
2158.0	5.755832411696966e-45
2158.5	6.208751540554774e-45
2159.0	5.907334421526187e-45
2159.5	5.880160924128783e-45
2160.0	5.927732176501475e-45
2160.5	6.104292603118716e-45
2161.0	6.874380947472055e-45
2161.5	6.433345401622017e-45
2162.0	6.22164766707836e-45
2162.5	6.07581284463586e-45
2163.0	5.544862199215782e-45
2163.5	5.861890151734555e-45
2164.0	6.182143360429212e-45
2164.5	6.006191814702569e-45
2165.0	5.821278657863506e-45
2165.5	6.383071452636904e-45
2166.0	6.817742329045519e-45
2166.5	6.352946061882914e-45
2167.0	6.943652509076897e-45
2167.5	6.391657209587481e-45
2168.0	5.923392429618028e-45
2168.5	5.829944506969102e-45
2169.0	5.952184512548723e-45
2169.5	7.006244319487795e-45
2170.0	6.135673556475838e-45
2170.5	6.622752130539666e-45
2171.0	6.564696480819792e-45
2171.5	6.287325376442187e-45
2172.0	6.060472208062688e-45
2172.5	6.256985587918258e-45
2173.0	6.669770933589482e-45
2173.5	6.786567796866994e-45
2174.0	6.402114222599187e-45
2174.5	7.306982880522227e-45
2175.0	6.604864545577648e-45
2175.5	6.238157197854407e-45
2176.0	5.980003540800367e-45
2176.5	5.771105907683958e-45
2177.0	6.612731908987863e-45
2177.5	6.3887458365671e-45
2178.0	5.976779938495879e-45
2178.5	7.054964624557375e-45
2179.0	6.669578853121263e-45
2179.5	7.005785530955737e-45
2180.0	7.26593149350081e-45
2180.5	6.290339957662071e-45
2181.0	5.68223401860913e-45
2181.5	5.764975116606423e-45
2182.0	7.065421274507889e-45
2182.5	7.102602412047106e-45
2183.0	6.150782602674797e-45
2183.5	6.231315765882201e-45
2184.0	6.772997694213827e-45
2184.5	6.914782687366288e-45
2185.0	6.544671918445045e-45
2185.5	6.167767130480837e-45
2186.0	6.319973111688111e-45
2186.5	6.250308525842049e-45
2187.0	6.332164480519644e-45
2187.5	5.985709136137527e-45
2188.0	5.710899149287838e-45
2188.5	5.657893347970842e-45
2189.0	6.186793568554164e-45
2189.5	7.101537538605791e-45
2190.0	7.254365292090374e-45
2190.5	7.466817814019502e-45
2191.0	7.469298580123633e-45
2191.5	6.970450717596618e-45
2192.0	5.957053164400345e-45
2192.5	5.975122346166725e-45
2193.0	6.490017295953259e-45
2193.5	6.655075067501948e-45
2194.0	6.259693493715727e-45
2194.5	5.516837780355757e-45
2195.0	6.312774543720254e-45
2195.5	7.255684722892022e-45
2196.0	7.238628729510507e-45
2196.5	6.840837512704753e-45
2197.0	7.544660581129245e-45
2197.5	6.786623851535494e-45
2198.0	6.7936395049976e-45
2198.5	6.11981042155946e-45
2199.0	5.160313829863712e-45
2199.5	6.589176360818019e-45
2200.0	6.763919478928634e-45
2200.5	6.450115361627669e-45
2201.0	7.055056059776069e-45
2201.5	6.917768359201436e-45
2202.0	6.206852814608724e-45
2202.5	5.802358170501141e-45
2203.0	5.504817084586826e-45
2203.5	5.810854058454908e-45
2204.0	7.642135323436426e-45
2204.5	7.459544943792137e-45
2205.0	6.782874601385223e-45
2205.5	1.0687233732036296e-44
2206.0	1.1153264330491996e-44
2206.5	6.991916472774198e-45
2207.0	9.150012461875053e-45
2207.5	8.224522576829813e-45
2208.0	5.868441475178415e-45
2208.5	5.564919844343741e-45
2209.0	6.941271373000556e-45
2209.5	8.388704425811205e-45
2210.0	7.212314969922474e-45
2210.5	6.412061264212366e-45
2211.0	7.54641789320897e-45
2211.5	7.866336528572539e-45
2212.0	6.658353022094112e-45
2212.5	5.599660159616039e-45
2213.0	6.465976013156208e-45
2213.5	7.495396911971727e-45
2214.0	7.507248832564753e-45
2214.5	6.313198252350937e-45
2215.0	5.5714545703053767e-45
2215.5	6.436016911677943e-45
2216.0	8.181366388023608e-45
2216.5	1.0573264394890044e-44
2217.0	8.547975455163826e-45
2217.5	6.694392098029957e-45
2218.0	6.559772251623133e-45
2218.5	6.329415327469034e-45
2219.0	6.020859324986756e-45
2219.5	6.206587334479575e-45
2220.0	5.896460640899445e-45
2220.5	6.767964357317235e-45
2221.0	7.126243660894119e-45
2221.5	5.935258883581289e-45
2222.0	7.165524304286998e-45
2222.5	7.608048790642624e-45
2223.0	8.203298962563979e-45
2223.5	6.72625114465579e-45
2224.0	7.045972191161379e-45
2224.5	8.297037213862626e-45
2225.0	9.270308108386164e-45
2225.5	1.0027347732428475e-44
2226.0	7.220072724522106e-45
2226.5	1.0402262765277475e-44
2227.0	9.294717224546528e-45
2227.5	7.055343947461237e-45
2228.0	6.984728806477686e-45
2228.5	7.863591973993203e-45
2229.0	8.995166394708991e-45
2229.5	6.588221144892905e-45
2230.0	5.818718913198792e-45
2230.5	5.788498301218759e-45
2231.0	7.664185639741461e-45
2231.5	1.0716213459185678e-44
2232.0	6.974049844468343e-45
2232.5	6.14586386109265e-45
2233.0	5.942510312817139e-45
2233.5	6.230370257757558e-45
2234.0	7.061671082245335e-45
2234.5	7.22473425984055e-45
2235.0	8.24928793722707e-45
2235.5	1.13305951981225e-44
2236.0	7.093219859307835e-45
2236.5	6.100404022999358e-45
2237.0	7.373510919175976e-45
2237.5	7.088626550055734e-45
2238.0	7.652875835142748e-45
2238.5	7.001845982253144e-45
2239.0	7.960610271897258e-45
2239.5	9.373084056490637e-45
2240.0	7.750304370330452e-45
2240.5	6.5717772642026e-45
2241.0	6.527095817651155e-45
2241.5	7.388859177337058e-45
2242.0	8.162413768691214e-45
2242.5	7.03202407362285e-45
2243.0	6.376705164528237e-45
2243.5	6.99269987592418e-45
2244.0	6.595581810900035e-45
2244.5	7.70667207537384e-45
2245.0	7.373649957047029e-45
2245.5	6.484171565652029e-45
2246.0	6.475863672290177e-45
2246.5	6.770587283707164e-45
2247.0	7.551779247446521e-45
2247.5	6.969442533406986e-45
2248.0	6.64530037647754e-45
2248.5	7.586540369935615e-45
2249.0	6.878875129007478e-45
2249.5	7.256720330537173e-45
2250.0	8.304812953230882e-45
2250.5	8.468677038626514e-45
2251.0	7.413368351955494e-45
2251.5	5.834849375208033e-45
2252.0	6.728623229861369e-45
2252.5	7.569596198221079e-45
2253.0	7.213488312265014e-45
2253.5	6.483982767473293e-45
2254.0	6.347863723887046e-45
2254.5	7.061041404358759e-45
2255.0	6.348641422207695e-45
2255.5	5.966051607858352e-45
2256.0	7.215945755458847e-45
2256.5	6.945951262070181e-45
2257.0	7.028515608858785e-45
2257.5	7.168273878478393e-45
2258.0	6.548024153981768e-45
2258.5	5.971816952671615e-45
2259.0	6.549806064772019e-45
2259.5	7.136444240757417e-45
2260.0	6.339825130733687e-45
2260.5	6.238625396754991e-45
2261.0	6.978589366926997e-45
2261.5	6.837532902016103e-45
2262.0	7.143277002353419e-45
2262.5	6.810134373631617e-45
2263.0	7.486917809002727e-45
2263.5	7.011954144792648e-45
2264.0	6.600659689789808e-45
2264.5	7.259325744835662e-45
2265.0	6.870369471052565e-45
2265.5	6.52230019335745e-45
2266.0	6.931927298532159e-45
2266.5	6.912916561812193e-45
2267.0	6.620671203911798e-45
2267.5	6.393250327470785e-45
2268.0	6.402165801400579e-45
2268.5	6.327506904009998e-45
2269.0	6.21834441898102e-45
2269.5	6.535414179138663e-45
2270.0	6.812646363506447e-45
2270.5	6.851690696295037e-45
2271.0	6.737162645063623e-45
2271.5	7.122251011812799e-45
2272.0	7.111631292717184e-45
2272.5	6.444966657589654e-45
2273.0	5.865677093004302e-45
2273.5	6.351242578434557e-45
2274.0	6.579630124100333e-45
2274.5	7.763342501696075e-45
2275.0	7.159469461413154e-45
2275.5	6.585245779712507e-45
2276.0	7.492661456434142e-45
2276.5	6.307615095966934e-45
2277.0	6.591659083076184e-45
2277.5	6.968474882567427e-45
2278.0	7.450087785275212e-45
2278.5	7.80482955431569e-45
2279.0	7.654376322369858e-45
2279.5	7.449039330392362e-45
2280.0	6.855985629890221e-45
2280.5	6.317459052202763e-45
2281.0	6.46983175965001e-45
2281.5	7.141403342327156e-45
2282.0	7.397559812517789e-45
2282.5	7.101407777991176e-45
2283.0	6.955141495316556e-45
2283.5	6.996355598104391e-45
2284.0	6.919236728795064e-45
2284.5	7.03227344130848e-45
2285.0	6.547832981387441e-45
2285.5	6.345301426236491e-45
2286.0	6.876213302438544e-45
2286.5	7.022404672391141e-45
2287.0	7.100203449323565e-45
2287.5	8.235174683594045e-45
2288.0	7.379764555475429e-45
2288.5	7.049526446404361e-45
2289.0	6.534104220467415e-45
2289.5	7.2678898398769e-45
2290.0	6.802484027590929e-45
2290.5	6.76391593090276e-45
2291.0	6.714404525975773e-45
2291.5	6.914699964893398e-45
2292.0	6.763084027796406e-45
2292.5	7.141350417362734e-45
2293.0	6.656927158638277e-45
2293.5	6.91477773465098e-45
2294.0	7.70609109750979e-45
2294.5	6.280587217795672e-45
2295.0	6.146928002698957e-45
2295.5	7.171078389453087e-45
2296.0	8.379268228314786e-45
2296.5	7.267076681469007e-45
2297.0	6.552648457692967e-45
2297.5	7.14161639585562e-45
2298.0	7.573269430771859e-45
2298.5	6.706102122219874e-45
2299.0	6.774795873879913e-45
2299.5	7.285601404110555e-45
2300.0	6.739091126748137e-45
2300.5	6.514048962543786e-45
2301.0	6.730571194523294e-45
2301.5	6.425968098266604e-45
2302.0	6.801172990593786e-45
2302.5	6.974860725262937e-45
2303.0	7.284461770869011e-45
2303.5	7.502382085669633e-45
2304.0	6.982829171570788e-45
2304.5	6.970514702251121e-45
2305.0	6.431579416220329e-45
2305.5	5.95165585774624e-45
2306.0	7.061200876650205e-45
2306.5	7.138702960389411e-45
2307.0	7.011118474655514e-45
2307.5	7.202524513309284e-45
2308.0	7.395557365983207e-45
2308.5	7.14449468962244e-45
2309.0	6.636617522502838e-45
2309.5	7.168087811643408e-45
2310.0	6.62566438970587e-45
2310.5	6.083251479388591e-45
2311.0	7.463286391724378e-45
2311.5	7.622951484811779e-45
2312.0	7.773227632725632e-45
2312.5	6.69700153078974e-45
2313.0	7.604810283233775e-45
2313.5	7.281500078005901e-45
2314.0	6.543443448151966e-45
2314.5	6.923854270433248e-45
2315.0	7.180168365586855e-45
2315.5	6.851070152239714e-45
2316.0	7.450740302829382e-45
2316.5	7.087622918825272e-45
2317.0	7.213205269410468e-45
2317.5	7.803420809041291e-45
2318.0	7.402634212971984e-45
2318.5	6.282017697223115e-45
2319.0	6.78436125317639e-45
2319.5	7.477707858990615e-45
2320.0	7.132974411413722e-45
2320.5	7.862696155810259e-45
2321.0	7.840433894036009e-45
2321.5	7.436887673252528e-45
2322.0	7.106243613222744e-45
2322.5	6.97133003315675e-45
2323.0	6.137267902744668e-45
2323.5	6.483436843527446e-45
2324.0	6.507791282336819e-45
2324.5	6.478787896913999e-45
2325.0	7.84635574376475e-45
2325.5	7.181805764878781e-45
2326.0	6.967089424361642e-45
2326.5	7.660592106442829e-45
2327.0	7.920129252099422e-45
2327.5	6.813312415992086e-45
2328.0	7.370334405454708e-45
2328.5	7.003687106837623e-45
2329.0	6.69633190690395e-45
2329.5	6.1165809374451e-45
2330.0	6.150576923809465e-45
2330.5	6.548419864881068e-45
2331.0	7.989945023327202e-45
2331.5	8.452413107048764e-45
2332.0	7.548196192818468e-45
2332.5	7.013580749706159e-45
2333.0	7.015589923500664e-45
2333.5	7.365703673662209e-45
2334.0	7.767556142527963e-45
2334.5	8.024727094885577e-45
2335.0	7.118737337435123e-45
2335.5	6.903043520945717e-45
2336.0	7.178353353917712e-45
2336.5	8.150997915978186e-45
2337.0	8.713087891163068e-45
2337.5	7.793177082740616e-45
2338.0	6.532210659665925e-45
2338.5	7.041508867570976e-45
2339.0	6.543588052243946e-45
2339.5	6.609765860135472e-45
2340.0	7.376551626261816e-45
2340.5	7.728483561621254e-45
2341.0	6.9504716258518e-45
2341.5	6.802057802377901e-45
2342.0	7.512294680888042e-45
2342.5	7.174018204149452e-45
2343.0	6.688840164825777e-45
2343.5	6.492581601707373e-45
2344.0	6.559313517071955e-45
2344.5	6.955131486166208e-45
2345.0	7.290078112481844e-45
2345.5	7.18652609727118e-45
2346.0	7.891443648375034e-45
2346.5	7.905980505283411e-45
2347.0	7.080066916232356e-45
2347.5	7.411713475367668e-45
2348.0	7.498909115419958e-45
2348.5	7.690990247921305e-45
2349.0	7.850491501415781e-45
2349.5	7.64392885162224e-45
2350.0	7.517669251340075e-45
2350.5	7.469578567055576e-45
2351.0	7.766463057331185e-45
2351.5	6.943280357695379e-45
2352.0	6.488755220127948e-45
2352.5	6.562448606599261e-45
2353.0	7.17472563953233e-45
2353.5	7.098599218253537e-45
2354.0	6.815560308745742e-45
2354.5	7.611551708124122e-45
2355.0	6.49531247902143e-45
2355.5	7.162044056402691e-45
2356.0	7.821453451413069e-45
2356.5	6.829395517202223e-45
2357.0	6.636375539290517e-45
2357.5	7.22220512770394e-45
2358.0	7.137766448561703e-45
2358.5	6.365485973679128e-45
2359.0	6.506427765276183e-45
2359.5	7.887769353824016e-45
2360.0	7.886627755667993e-45
2360.5	7.057031204620277e-45
2361.0	6.482630462618529e-45
2361.5	6.547616952211125e-45
2362.0	7.5957200804813e-45
2362.5	7.193556920044256e-45
2363.0	6.840307322651192e-45
2363.5	7.317770053270347e-45
2364.0	8.019463602541059e-45
2364.5	7.220390854566409e-45
2365.0	6.749693205676529e-45
2365.5	7.242028869712664e-45
2366.0	7.231623303217613e-45
2366.5	7.621186151522868e-45
2367.0	7.291528824417636e-45
2367.5	7.42684742090634e-45
2368.0	7.733060573622316e-45
2368.5	8.32734636369467e-45
2369.0	7.472817235781456e-45
2369.5	6.647146113790582e-45
2370.0	7.203684644989376e-45
2370.5	8.176713439473788e-45
2371.0	8.197670580702253e-45
2371.5	7.69585413200938e-45
2372.0	6.972959407908628e-45
2372.5	6.765435215222623e-45
2373.0	7.143330728562148e-45
2373.5	8.058911453585272e-45
2374.0	7.838687422719771e-45
2374.5	7.323925448912e-45
2375.0	7.028219773998669e-45
2375.5	7.87174942819058e-45
2376.0	7.886720236014875e-45
2376.5	7.539370220710878e-45
2377.0	7.19714485235168e-45
2377.5	7.186663578195229e-45
2378.0	7.099478942916373e-45
2378.5	7.091884724226181e-45
2379.0	7.24815371683006e-45
2379.5	8.170268845712624e-45
2380.0	8.341195926085744e-45
2380.5	7.687550653187028e-45
2381.0	8.127552652762744e-45
2381.5	7.507528282504691e-45
2382.0	7.894607818827942e-45
2382.5	7.910337000753553e-45
2383.0	7.763145150199444e-45
2383.5	7.617269023443557e-45
2384.0	7.78754650025068e-45
2384.5	8.654533994941824e-45
2385.0	8.625581633281589e-45
2385.5	8.185768232497291e-45
2386.0	8.072010627700383e-45
2386.5	7.388218904192846e-45
2387.0	7.007894873147211e-45
2387.5	7.422979866010517e-45
2388.0	8.272070848075604e-45
2388.5	8.177820018854238e-45
2389.0	8.508233809790017e-45
2389.5	7.279455298156685e-45
2390.0	7.853366785850605e-45
2390.5	9.004004586849452e-45
2391.0	8.495553902482956e-45
2391.5	7.217564308631383e-45
2392.0	7.887774327512944e-45
2392.5	7.84097746122963e-45
2393.0	7.997414983732836e-45
2393.5	7.817261315843514e-45
2394.0	7.278959581768888e-45
2394.5	7.742838745968479e-45
2395.0	7.924957591297633e-45
2395.5	7.502321409216223e-45
2396.0	7.941341394825981e-45
2396.5	7.209302966456202e-45
2397.0	7.146564868840556e-45
2397.5	7.478532618546546e-45
2398.0	7.491003851706606e-45
2398.5	7.903226172177185e-45
2399.0	8.204539891409429e-45
2399.5	7.396237684904009e-45
2400.0	7.336712053731144e-45
2400.5	7.83859167580842e-45
2401.0	8.268402849203965e-45
2401.5	8.765899506997591e-45
2402.0	7.775413224419599e-45
2402.5	7.420183351496518e-45
2403.0	7.393205714928333e-45
2403.5	7.048724927485771e-45
2404.0	6.676921838202107e-45
2404.5	7.430321496965932e-45
2405.0	7.501345270098222e-45
2405.5	6.98337189028584e-45
2406.0	7.563164893469767e-45
2406.5	8.485057940252282e-45
2407.0	8.735718841007204e-45
2407.5	7.670256469397275e-45
2408.0	7.588946879517712e-45
2408.5	8.454496007699196e-45
2409.0	7.683370684668333e-45
2409.5	8.440331681408796e-45
2410.0	8.95420581279823e-45
2410.5	7.916604764699373e-45
2411.0	7.946929841429208e-45
2411.5	8.045741703262172e-45
2412.0	8.182010685534742e-45
2412.5	8.35525870942002e-45
2413.0	7.586760380262523e-45
2413.5	7.346030140496422e-45
2414.0	7.953056567867992e-45
2414.5	7.977164095802689e-45
2415.0	7.103683243221581e-45
2415.5	7.051792350184268e-45
2416.0	7.784733167422758e-45
2416.5	7.349902589955801e-45
2417.0	7.866214913578288e-45
2417.5	8.461326220633611e-45
2418.0	7.665512833165606e-45
2418.5	6.89103779465925e-45
2419.0	7.622647598747084e-45
2419.5	7.823784648739411e-45
2420.0	7.810061209510292e-45
2420.5	7.645797601382437e-45
2421.0	7.781888475159058e-45
2421.5	7.724212204549925e-45
2422.0	8.250181025379379e-45
2422.5	7.793085270444224e-45
2423.0	7.858001663754246e-45
2423.5	8.726616493476973e-45
2424.0	7.546301590700417e-45
2424.5	7.513992574812309e-45
2425.0	7.397303798791247e-45
2425.5	7.965187198187296e-45
2426.0	7.294768296140844e-45
2426.5	7.203239507462303e-45
2427.0	7.553824846828207e-45
2427.5	7.163429282001569e-45
2428.0	7.552416278275495e-45
2428.5	7.750487830004419e-45
2429.0	7.144904743321282e-45
2429.5	7.502310638025719e-45
2430.0	7.827515267483353e-45
2430.5	7.868005552538631e-45
2431.0	7.341515300760279e-45
2431.5	7.470984626956587e-45
2432.0	8.473855586148949e-45
2432.5	8.525504049908796e-45
2433.0	7.805361464744278e-45
2433.5	8.056894455261996e-45
2434.0	7.156382880166421e-45
2434.5	7.640955088927717e-45
2435.0	8.016142344571706e-45
2435.5	7.816742531138191e-45
2436.0	7.804202149364882e-45
2436.5	7.557812298768814e-45
2437.0	7.2382211065017e-45
2437.5	7.899385936369463e-45
2438.0	7.540135832875649e-45
2438.5	7.418786360127235e-45
2439.0	8.107461320313846e-45
2439.5	8.505255272215423e-45
2440.0	8.565258246986455e-45
2440.5	8.560207380628173e-45
2441.0	8.522510968894043e-45
2441.5	8.223978869439901e-45
2442.0	7.888940377887069e-45
2442.5	7.471875497679749e-45
2443.0	7.44733116372362e-45
2443.5	7.070940837328446e-45
2444.0	6.971343136039835e-45
2444.5	7.101615567994591e-45
2445.0	7.002745675461623e-45
2445.5	7.099252072561052e-45
2446.0	7.063007100392368e-45
2446.5	8.32425410707035e-45
2447.0	8.431376220292838e-45
2447.5	8.203191065145868e-45
2448.0	7.750533999290797e-45
2448.5	7.403891924460377e-45
2449.0	7.493505619989599e-45
2449.5	8.544470322771681e-45
2450.0	8.897672612620593e-45
2450.5	8.466375902739544e-45
2451.0	8.280164413742363e-45
2451.5	8.593279370312022e-45
2452.0	7.946338519438661e-45
2452.5	7.58529571331775e-45
2453.0	8.907754080341159e-45
2453.5	8.785078966730562e-45
2454.0	7.822509093602316e-45
2454.5	7.68266163769235e-45
2455.0	8.262661595524627e-45
2455.5	8.754710119655154e-45
2456.0	7.879843159604469e-45
2456.5	7.081501122198034e-45
2457.0	7.812115603502723e-45
2457.5	7.25619516457273e-45
2458.0	8.20536123061323e-45
2458.5	9.229580846071873e-45
2459.0	8.436290624834484e-45
2459.5	7.175151454264534e-45
2460.0	7.345357889378365e-45
2460.5	7.734629350282537e-45
2461.0	8.434494146339897e-45
2461.5	8.78165459916555e-45
2462.0	7.45714375364422e-45
2462.5	7.319454069852978e-45
2463.0	8.2244619760063e-45
2463.5	7.976063267552392e-45
2464.0	7.193381862386295e-45
2464.5	8.245694495833686e-45
2465.0	7.974181759461887e-45
2465.5	6.995426597569298e-45
2466.0	7.105580007958955e-45
2466.5	7.154675485138767e-45
2467.0	8.13276550469072e-45
2467.5	8.47192595463923e-45
2468.0	7.746886007572205e-45
2468.5	8.924087187107872e-45
2469.0	7.923598634013862e-45
2469.5	7.61650395426869e-45
2470.0	7.59906616986636e-45
2470.5	7.566523235871327e-45
2471.0	7.27228624107736e-45
2471.5	7.169373412800979e-45
2472.0	8.010124747365828e-45
2472.5	7.7773595745955e-45
2473.0	8.436971338576999e-45
2473.5	8.348907238702393e-45
2474.0	8.732954807766353e-45
2474.5	8.311171862279457e-45
2475.0	7.718111309668485e-45
2475.5	7.712861012266243e-45
2476.0	8.388679362339989e-45
2476.5	8.260357114046031e-45
2477.0	6.846185628845192e-45
2477.5	7.928200317862746e-45
2478.0	9.120706233774322e-45
2478.5	7.988199887472392e-45
2479.0	8.64646234016245e-45
2479.5	9.068755468133845e-45
2480.0	7.930160569091339e-45
2480.5	7.109644008933559e-45
2481.0	8.037074743588555e-45
2481.5	8.943691162031093e-45
2482.0	8.111194727047917e-45
2482.5	8.472165406071929e-45
2483.0	8.02011907742268e-45
2483.5	8.814925324368085e-45
2484.0	8.97816473379705e-45
2484.5	7.560558513134147e-45
2485.0	7.4057991409319e-45
2485.5	7.674516008139563e-45
2486.0	8.294054173896751e-45
2486.5	8.928093850817664e-45
2487.0	8.762867336445137e-45
2487.5	8.377977187958572e-45
2488.0	8.664479940906206e-45
2488.5	8.699352226980823e-45
2489.0	7.616244484232901e-45
2489.5	7.008380530929608e-45
2490.0	7.059353147657806e-45
2490.5	9.101390653040524e-45
2491.0	7.935680517352917e-45
2491.5	7.801789389516344e-45
2492.0	8.399050746690165e-45
2492.5	9.257114274707835e-45
2493.0	8.822751634447126e-45
2493.5	8.224221083922922e-45
2494.0	7.750486271426203e-45
2494.5	8.231809746857614e-45
2495.0	7.264571723159083e-45
2495.5	7.842715736669155e-45
2496.0	8.622690970298493e-45
2496.5	8.923560553149582e-45
2497.0	8.68084477585681e-45
2497.5	8.245879553275461e-45
2498.0	8.088530278271974e-45
2498.5	8.20820746442346e-45
2499.0	8.176437464113043e-45
2499.5	8.238180993050475e-45
2500.0	8.404239878289819e-45
2500.5	8.726617264787231e-45
2501.0	9.204707849332444e-45
2501.5	8.124270886151528e-45
2502.0	7.763656484705358e-45
2502.5	8.779498380013212e-45
2503.0	8.672132971134571e-45
2503.5	7.489651174712567e-45
2504.0	8.551439642364697e-45
2504.5	9.422621828815244e-45
2505.0	9.12773599550212e-45
2505.5	8.273566947336738e-45
2506.0	7.254514631213928e-45
2506.5	8.386524189008872e-45
2507.0	9.135130112975893e-45
2507.5	8.475275616476662e-45
2508.0	8.438681181634078e-45
2508.5	7.664788355003905e-45
2509.0	7.659228920940897e-45
2509.5	9.110639452290363e-45
2510.0	8.818461623430247e-45
2510.5	8.628639717831949e-45
2511.0	8.639520858542177e-45
2511.5	8.922775545649805e-45
2512.0	8.720533300050543e-45
2512.5	8.88849229922487e-45
2513.0	8.066411646417561e-45
2513.5	8.175625152605403e-45
2514.0	8.740090225820768e-45
2514.5	8.130499590134055e-45
2515.0	7.90031376566233e-45
2515.5	8.778636894570838e-45
2516.0	8.746800666449496e-45
2516.5	7.858849722583499e-45
2517.0	8.093170766217747e-45
2517.5	7.782982404124116e-45
2518.0	9.464164568169728e-45
2518.5	9.630208803303173e-45
2519.0	8.718481080139737e-45
2519.5	8.802029066646782e-45
2520.0	9.635854516461812e-45
2520.5	9.152569653146116e-45
2521.0	8.548906945508437e-45
2521.5	9.173553098084594e-45
2522.0	9.122594701680053e-45
2522.5	7.301132531685108e-45
2523.0	7.901555985499625e-45
2523.5	8.309417279628267e-45
2524.0	8.802265312810006e-45
2524.5	8.955114859525826e-45
2525.0	8.641974321557733e-45
2525.5	8.729526006395174e-45
2526.0	8.305491584690831e-45
2526.5	8.333868023655335e-45
2527.0	7.825741650496204e-45
2527.5	7.609052795305975e-45
2528.0	7.97180673141763e-45
2528.5	8.367902712535652e-45
2529.0	8.261856781352038e-45
2529.5	8.448326418455964e-45
2530.0	8.132495950110221e-45
2530.5	8.638624165162504e-45
2531.0	9.179569645697344e-45
2531.5	9.087139076058465e-45
2532.0	8.625155622962105e-45
2532.5	8.158904265417727e-45
2533.0	7.782081751232657e-45
2533.5	7.481214841101776e-45
2534.0	7.615953287449642e-45
2534.5	7.883603767483477e-45
2535.0	7.588790087014074e-45
2535.5	8.939070974213459e-45
2536.0	8.973426324935737e-45
2536.5	8.205427066333547e-45
2537.0	8.491274179472244e-45
2537.5	8.940830459684063e-45
2538.0	8.453645952217672e-45
2538.5	8.411591250732992e-45
2539.0	8.33910749576645e-45
2539.5	8.523589932590783e-45
2540.0	9.084985314651724e-45
2540.5	8.636064361832391e-45
2541.0	8.151746249713638e-45
2541.5	7.90928189627055e-45
2542.0	7.404763085816012e-45
2542.5	7.357105052608268e-45
2543.0	8.067687124169201e-45
2543.5	8.828352847821344e-45
2544.0	8.807690326310853e-45
2544.5	8.608877799057709e-45
2545.0	8.819370269075247e-45
2545.5	9.270250772253035e-45
2546.0	8.261454905477583e-45
2546.5	8.054671139536097e-45
2547.0	8.990774878926251e-45
2547.5	8.76363984492289e-45
2548.0	8.354925403014215e-45
2548.5	8.016843816953868e-45
2549.0	7.629375379939147e-45
2549.5	8.056583045860049e-45
2550.0	9.540919071934644e-45
2550.5	9.372643203166894e-45
2551.0	8.695740119986509e-45
2551.5	7.875510860213261e-45
2552.0	8.223628124342334e-45
2552.5	8.565841475694731e-45
2553.0	8.554892112351218e-45
2553.5	8.836658894347236e-45
2554.0	8.76867954846245e-45
2554.5	9.09491201082749e-45
2555.0	7.575917243508104e-45
2555.5	7.41206152138722e-45
2556.0	7.99025742637188e-45
2556.5	8.421492819168554e-45
2557.0	8.445638454252933e-45
2557.5	8.650529093811174e-45
2558.0	8.652783798228723e-45
2558.5	8.881273371036733e-45
2559.0	9.199009173069936e-45
2559.5	8.589032763606241e-45
2560.0	8.240722365478248e-45
2560.5	8.3054845747752e-45
2561.0	8.509140868767941e-45
2561.5	8.83807404129895e-45
2562.0	8.461311832142522e-45
2562.5	8.370720212501664e-45
2563.0	7.762770040120617e-45
2563.5	8.02455849862022e-45
2564.0	8.991184632719679e-45
2564.5	8.644212983200627e-45
2565.0	8.23278345086701e-45
2565.5	8.198047128638938e-45
2566.0	8.83936650952378e-45
2566.5	8.749796193088151e-45
2567.0	9.359870150742991e-45
2567.5	9.340599948533815e-45
2568.0	9.013470446923907e-45
2568.5	9.728873632594995e-45
2569.0	9.061989206510908e-45
2569.5	8.313038456224453e-45
2570.0	8.381940930193724e-45
2570.5	8.259943030561962e-45
2571.0	7.859364115216507e-45
2571.5	8.914973664853866e-45
2572.0	9.076542893323063e-45
2572.5	8.531669776247401e-45
2573.0	8.417455375893669e-45
2573.5	7.744926700877474e-45
2574.0	8.712590467350226e-45
2574.5	8.597416945583909e-45
2575.0	8.455233097761502e-45
2575.5	8.882638493714841e-45
2576.0	9.341828470676451e-45
2576.5	9.437564109994571e-45
2577.0	9.571980543439996e-45
2577.5	8.173632255039817e-45
2578.0	7.673271089151112e-45
2578.5	8.862349471341466e-45
2579.0	9.321499808917227e-45
2579.5	9.093441771926527e-45
2580.0	8.835873951367908e-45
2580.5	9.24116709866023e-45
2581.0	9.225058135578387e-45
2581.5	9.276306987975669e-45
2582.0	8.502124084736084e-45
2582.5	7.989711337820641e-45
2583.0	7.984196940789663e-45
2583.5	9.244539894533829e-45
2584.0	8.667475310280442e-45
2584.5	8.062169398592601e-45
2585.0	8.58224694591039e-45
2585.5	8.95796880975419e-45
2586.0	9.309709842603472e-45
2586.5	9.469200280954365e-45
2587.0	9.365484108487922e-45
2587.5	9.31416676590596e-45
2588.0	7.86100970871376e-45
2588.5	7.8004284858242e-45
2589.0	8.865721047225583e-45
2589.5	9.417104299243112e-45
2590.0	9.677570853707414e-45
2590.5	8.689556517932059e-45
2591.0	9.24084596749457e-45
2591.5	9.019433468138127e-45
2592.0	8.646278574815651e-45
2592.5	8.700883867142481e-45
2593.0	9.040456169563367e-45
2593.5	9.117400506810918e-45
2594.0	9.555183385916435e-45
2594.5	9.116573475104707e-45
2595.0	8.846225084255671e-45
2595.5	8.408158860857181e-45
2596.0	8.2348828878331e-45
2596.5	8.360102808357916e-45
2597.0	9.01632430773152e-45
2597.5	9.698264644813274e-45
2598.0	9.930798147377617e-45
2598.5	8.096108974242411e-45
2599.0	8.492274438588675e-45
2599.5	8.675990791500287e-45
2600.0	8.593311249202978e-45
2600.5	7.964805641444482e-45
2601.0	8.042338592429041e-45
2601.5	7.932794138295389e-45
2602.0	9.003335662572144e-45
2602.5	9.014511343960612e-45
2603.0	8.837272804953709e-45
2603.5	8.925251047316203e-45
2604.0	7.785893890219051e-45
2604.5	8.517937894727142e-45
2605.0	9.124333340883811e-45
2605.5	9.083756837732081e-45
2606.0	8.607369264814977e-45
2606.5	9.887734385263566e-45
2607.0	1.0520709899545755e-44
2607.5	8.917760994810914e-45
2608.0	9.139893395671211e-45
2608.5	9.484841510131152e-45
2609.0	9.102315313192237e-45
2609.5	9.641607406415039e-45
2610.0	9.642685249290131e-45
2610.5	9.324471907390564e-45
2611.0	8.265244764342642e-45
2611.5	8.604036731174318e-45
2612.0	9.638664368450536e-45
2612.5	8.758787713887377e-45
2613.0	8.632695375450425e-45
2613.5	9.447474403815776e-45
2614.0	1.0876054527727725e-44
2614.5	1.0773229033251684e-44
2615.0	1.0125738921521938e-44
2615.5	9.697431382685047e-45
2616.0	8.859349257403833e-45
2616.5	9.583990026303347e-45
2617.0	1.0934156818734861e-44
2617.5	1.0886115994470358e-44
2618.0	1.06017782299704e-44
2618.5	9.021830226936778e-45
2619.0	9.684807482778107e-45
2619.5	9.296291149621209e-45
2620.0	8.752339566284128e-45
2620.5	9.367778672559126e-45
2621.0	1.0991312672163183e-44
2621.5	1.006067041991261e-44
2622.0	9.749698209827378e-45
2622.5	8.599962294522544e-45
2623.0	8.563175436704672e-45
2623.5	8.956502809060042e-45
2624.0	9.679224449727643e-45
2624.5	1.061560313090866e-44
2625.0	1.0968700399475619e-44
2625.5	9.971774626290463e-45
2626.0	9.219554119315855e-45
2626.5	8.725925804666365e-45
2627.0	9.136676430981844e-45
2627.5	8.758688888216363e-45
2628.0	8.58042460318865e-45
2628.5	8.986499086909819e-45
2629.0	8.830186075880608e-45
2629.5	1.0311999463618965e-44
2630.0	9.703889588449133e-45
2630.5	9.04141636390504e-45
2631.0	9.6109774002284e-45
2631.5	9.845637107494866e-45
2632.0	9.291551234698465e-45
2632.5	8.95940690182549e-45
2633.0	9.751842205216788e-45
2633.5	1.0011670783913994e-44
2634.0	9.22169176303402e-45
2634.5	8.636117647400694e-45
2635.0	8.68584807310508e-45
2635.5	9.021299467963246e-45
2636.0	9.086186871907012e-45
2636.5	8.632608020848278e-45
2637.0	8.343229398888823e-45
2637.5	9.092218487799827e-45
2638.0	8.934359099021667e-45
2638.5	9.172396070164785e-45
2639.0	1.01054070971894e-44
2639.5	9.112625546789374e-45
2640.0	9.678565789718318e-45
2640.5	1.0405739218911203e-44
2641.0	1.3888964219460143e-44
2641.5	1.4213275916887914e-44
2642.0	1.4048145439895003e-44
2642.5	9.494239061422904e-45
2643.0	9.777305620497724e-45
2643.5	9.336310695068342e-45
2644.0	8.484985172875039e-45
2644.5	8.637385532203372e-45
2645.0	9.47057096771292e-45
2645.5	9.29305223966552e-45
2646.0	1.0079003151211464e-44
2646.5	9.657035164821737e-45
2647.0	9.583407938545595e-45
2647.5	9.198073164029072e-45
2648.0	9.229859558944916e-45
2648.5	9.56321401562895e-45
2649.0	9.624600060626243e-45
2649.5	8.815977276637158e-45
2650.0	8.777920693309642e-45
2650.5	9.807049323974104e-45
2651.0	9.097346290290292e-45
2651.5	8.978166301792924e-45
2652.0	9.646175801189526e-45
2652.5	1.0454265110884995e-44
2653.0	1.1347895907157243e-44
2653.5	1.1082802395186514e-44
2654.0	9.056205186580731e-45
2654.5	8.827863418182673e-45
2655.0	8.935538926828007e-45
2655.5	1.0627065541146864e-44
2656.0	1.029439434906112e-44
2656.5	9.162831132247421e-45
2657.0	1.0683463511276312e-44
2657.5	1.1728979052689805e-44
2658.0	9.920621920651342e-45
2658.5	9.022648578808391e-45
2659.0	1.0706880448879188e-44
2659.5	1.8786803940162328e-44
2660.0	1.430350671163261e-44
2660.5	9.128421496932393e-45
2661.0	8.538768036291596e-45
2661.5	8.421179736956384e-45
2662.0	1.1040399473431536e-44
2662.5	1.0383437808529765e-44
2663.0	1.0139227800193766e-44
2663.5	9.131164505272992e-45
2664.0	9.352686594764362e-45
2664.5	1.0523529049173795e-44
2665.0	9.391815890861187e-45
2665.5	8.561796951065628e-45
2666.0	9.074069668416689e-45
2666.5	9.040804611040588e-45
2667.0	1.0360102263485185e-44
2667.5	1.0322771473976517e-44
2668.0	1.0474477295806566e-44
2668.5	9.848021017326428e-45
2669.0	9.377634064431966e-45
2669.5	9.379481889852177e-45
2670.0	8.812373539385675e-45
2670.5	7.945682901570994e-45
2671.0	7.697581257636616e-45
2671.5	9.137487869984219e-45
2672.0	1.0553513382165296e-44
2672.5	1.1087395846242469e-44
2673.0	1.0647365751446956e-44
2673.5	9.120876921003507e-45
2674.0	9.941871609013307e-45
2674.5	1.3797215509994654e-44
2675.0	1.2497539219006855e-44
2675.5	1.3624761303327383e-44
2676.0	1.1138932221864043e-44
2676.5	1.0663526009622944e-44
2677.0	9.801161774514946e-45
2677.5	1.062362301278288e-44
2678.0	1.0687185109067795e-44
2678.5	1.0714141445430882e-44
2679.0	9.779530738107819e-45
2679.5	9.305828774460301e-45
2680.0	1.0079505198308894e-44
2680.5	1.147713725321871e-44
2681.0	1.093887373444254e-44
2681.5	9.156067050837768e-45
2682.0	8.563045285795566e-45
2682.5	1.0087137033430817e-44
2683.0	1.3096956109738252e-44
2683.5	9.975077968707614e-45
2684.0	9.59135419730011e-45
2684.5	9.384877354783427e-45
2685.0	8.906209135492151e-45
2685.5	8.875199001767335e-45
2686.0	8.730571463969512e-45
2686.5	9.239742324519868e-45
2687.0	9.450625970378671e-45
2687.5	7.811835169128074e-45
2688.0	9.4805783244764e-45
2688.5	9.89203218260794e-45
2689.0	9.090959930630256e-45
2689.5	8.918551756927075e-45
2690.0	9.226999947182224e-45
2690.5	1.0371115145924483e-44
2691.0	1.1604135293706222e-44
2691.5	9.12515540799615e-45
2692.0	9.729108232598387e-45
2692.5	9.265486719965931e-45
2693.0	8.992190483707096e-45
2693.5	1.0020163918960601e-44
2694.0	9.837064097841653e-45
2694.5	8.848137316778446e-45
2695.0	1.0439993999121723e-44
2695.5	1.0241169203297418e-44
2696.0	1.0632029210551435e-44
2696.5	9.856421267392359e-45
2697.0	1.0467863438151258e-44
2697.5	1.0192220151094027e-44
2698.0	1.0152670968347343e-44
2698.5	1.033533767871384e-44
2699.0	9.740699708291068e-45
2699.5	8.714377097338348e-45
2700.0	8.365408099510195e-45
2700.5	1.0179568792814935e-44
2701.0	9.829277729631009e-45
2701.5	9.165954440701283e-45
2702.0	9.056675860369613e-45
2702.5	9.227113850036779e-45
2703.0	8.66108157238932e-45
2703.5	8.718681954430505e-45
2704.0	8.739238130035251e-45
2704.5	9.531608789028299e-45
2705.0	9.721795058220304e-45
2705.5	9.644106270726311e-45
2706.0	1.0483440030433552e-44
2706.5	1.0374781122610446e-44
2707.0	1.0168030022555377e-44
2707.5	1.0064210145312919e-44
2708.0	9.618469657632344e-45
2708.5	9.407222084473173e-45
2709.0	9.093924177813763e-45
2709.5	8.954648413356373e-45
2710.0	9.014032119405916e-45
2710.5	1.7607501460926356e-44
2711.0	6.047640271994657e-44
2711.5	4.73159727190363e-44
2712.0	1.3186901827039388e-44
2712.5	1.1069819164229366e-44
2713.0	1.001771868452171e-44
2713.5	9.510979849297374e-45
2714.0	9.334995114434568e-45
2714.5	9.736521688591715e-45
2715.0	1.0222486064117826e-44
2715.5	1.0271190691292948e-44
2716.0	9.916948080004825e-45
2716.5	9.467875206254924e-45
2717.0	9.445524202106462e-45
2717.5	8.408368692416763e-45
2718.0	8.68265060171252e-45
2718.5	9.502609519824186e-45
2719.0	1.0133570823129605e-44
2719.5	8.540316722967249e-45
2720.0	9.173148266735788e-45
2720.5	9.472963101263479e-45
2721.0	1.0559099869665091e-44
2721.5	1.1119232434321013e-44
2722.0	9.4450965103477e-45
2722.5	9.445562631993351e-45
2723.0	9.723736313739346e-45
2723.5	9.844447060696539e-45
2724.0	9.545811963211996e-45
2724.5	1.0257235557517991e-44
2725.0	9.843836800896146e-45
2725.5	1.0041049728720583e-44
2726.0	9.208379422784464e-45
2726.5	8.319339078130294e-45
2727.0	9.3681399720928e-45
2727.5	9.345509899104013e-45
2728.0	1.0216540135509579e-44
2728.5	9.837050664125297e-45
2729.0	8.983454942524602e-45
2729.5	1.0848265535005377e-44
2730.0	9.659357775330898e-45
2730.5	7.757421557289214e-45
2731.0	9.304764318985587e-45
2731.5	9.68083607111145e-45
2732.0	9.580178067863249e-45
2732.5	9.268864406178423e-45
2733.0	9.546642001924189e-45
2733.5	1.0167861708166302e-44
2734.0	1.0832864981155918e-44
2734.5	1.0189601753780283e-44
2735.0	9.900076232216218e-45
2735.5	1.051177580543976e-44
2736.0	1.010430092514418e-44
2736.5	1.0289373726979025e-44
2737.0	1.152552605298007e-44
2737.5	1.145771468623199e-44
2738.0	1.0949120634333757e-44
2738.5	1.0378935071753145e-44
2739.0	1.0170628262843162e-44
2739.5	9.73540184114732e-45
2740.0	1.0667722080102659e-44
2740.5	1.0645870371495168e-44
2741.0	9.476093305211701e-45
2741.5	8.877970565398607e-45
2742.0	9.938297204130309e-45
2742.5	9.573073791113681e-45
2743.0	1.0404804299914279e-44
2743.5	1.0730302998969317e-44
2744.0	1.0448388849623475e-44
2744.5	8.691020574644538e-45
2745.0	8.500593008415459e-45
2745.5	8.377409435612708e-45
2746.0	1.0165536382664042e-44
2746.5	1.0971057927986189e-44
2747.0	1.0709614183312734e-44
2747.5	1.2066931015578954e-44
2748.0	1.1309516754277422e-44
2748.5	9.887246415504723e-45
2749.0	8.898638522091503e-45
2749.5	1.0131383574468747e-44
2750.0	1.0546679407047584e-44
2750.5	1.0940249687352261e-44
2751.0	1.0474285234787393e-44
2751.5	9.812048290225028e-45
2752.0	1.0452760466597712e-44
2752.5	9.39397697224258e-45
2753.0	9.992193089277933e-45
2753.5	1.0829541318201434e-44
2754.0	1.0637846393592814e-44
2754.5	1.0380487374943723e-44
2755.0	9.727690760954817e-45
2755.5	9.770268541062317e-45
2756.0	1.0040436856835211e-44
2756.5	1.0623039274273871e-44
2757.0	9.427221953311631e-45
2757.5	8.999497463413539e-45
2758.0	1.1119001997258353e-44
2758.5	1.1389067546126232e-44
2759.0	9.849446843044452e-45
2759.5	9.197219993092169e-45
2760.0	8.360028814617033e-45
2760.5	1.1070483028258348e-44
2761.0	1.0176729489197117e-44
2761.5	9.269863835187047e-45
2762.0	9.57846002167562e-45
2762.5	1.0087037039263907e-44
2763.0	9.862874384241104e-45
2763.5	9.904369885037523e-45
2764.0	1.0548433404658143e-44
2764.5	1.0613543656195152e-44
2765.0	1.0676190544033422e-44
2765.5	1.071214502972836e-44
2766.0	1.0130230798819751e-44
2766.5	9.752052060899715e-45
2767.0	9.656843191024686e-45
2767.5	9.927212606589481e-45
2768.0	1.0618047290138309e-44
2768.5	9.927653652169883e-45
2769.0	1.0606757474582773e-44
2769.5	1.1487537778092383e-44
2770.0	1.0657124703690417e-44
2770.5	1.0053474852159291e-44
2771.0	9.310470142408616e-45
2771.5	9.551466884019224e-45
2772.0	1.0281078229416136e-44
2772.5	9.753275623844102e-45
2773.0	9.282439350250176e-45
2773.5	9.18980941562444e-45
2774.0	1.031557439356844e-44
2774.5	1.0610027878065395e-44
2775.0	1.0428795487075682e-44
2775.5	1.0900093932704848e-44
2776.0	1.040358831233279e-44
2776.5	9.663443783572181e-45
2777.0	8.978360796227994e-45
2777.5	1.0206629189185924e-44
2778.0	1.0381747077309496e-44
2778.5	9.817680683340842e-45
2779.0	1.1275161742826667e-44
2779.5	1.2124193418430148e-44
2780.0	1.0616374720502845e-44
2780.5	8.727163047332947e-45
2781.0	8.568487520416881e-45
2781.5	9.316195117960773e-45
2782.0	1.0085333487357282e-44
2782.5	1.148980024903912e-44
2783.0	1.144579629538961e-44
2783.5	1.0767601773792981e-44
2784.0	1.0331977425624376e-44
2784.5	1.0475742410390159e-44
2785.0	1.0043985104266832e-44
2785.5	1.0926940995601552e-44
2786.0	1.18011208705266e-44
2786.5	1.087980533757121e-44
2787.0	1.128312889348134e-44
2787.5	1.1039257221651683e-44
2788.0	9.757353376602302e-45
2788.5	9.936665455468787e-45
2789.0	9.549980188111882e-45
2789.5	9.650469425530056e-45
2790.0	1.0471668204609912e-44
2790.5	1.2459978480928256e-44
2791.0	1.0506075689372908e-44
2791.5	1.0383397024945859e-44
2792.0	1.0579883946037139e-44
2792.5	1.0945328750556246e-44
2793.0	1.0388185604018114e-44
2793.5	1.0087195020608596e-44
2794.0	1.1045140143297657e-44
2794.5	1.1610397069520468e-44
2795.0	1.1094665772007914e-44
2795.5	1.0704912344426501e-44
2796.0	1.1410916584337575e-44
2796.5	9.515748096954575e-45
2797.0	1.0386528800376632e-44
2797.5	1.1410643093164318e-44
2798.0	1.1560121341719306e-44
2798.5	1.0496336892688856e-44
2799.0	1.131189054955234e-44
2799.5	1.1689112094311889e-44
2800.0	9.981062763818198e-45
2800.5	1.0987199962690593e-44
2801.0	1.159924056356645e-44
2801.5	1.236267420440154e-44
2802.0	1.0986301761878809e-44
2802.5	1.1397875982665505e-44
2803.0	9.826263551932953e-45
2803.5	9.378365899778888e-45
2804.0	1.035678081142193e-44
2804.5	1.0380590203567548e-44
2805.0	9.95890437893133e-45
2805.5	1.1322990215283954e-44
2806.0	1.0585056781231543e-44
2806.5	1.0890923616542475e-44
2807.0	1.1395367640825462e-44
2807.5	9.908490977843054e-45
2808.0	9.919431636758939e-45
2808.5	1.0498145972974183e-44
2809.0	8.838550892025034e-45
2809.5	1.0143627116554244e-44
2810.0	1.0004082297852827e-44
2810.5	1.0307223816189797e-44
2811.0	1.0465731725767215e-44
2811.5	1.0418849222503724e-44
2812.0	1.0205289174712437e-44
2812.5	1.0218946595367218e-44
2813.0	9.67724568847973e-45
2813.5	9.561488070869476e-45
2814.0	1.1713581405935504e-44
2814.5	1.232059030107285e-44
2815.0	1.0669128888818236e-44
2815.5	1.0667901546699267e-44
2816.0	1.1371698732068334e-44
2816.5	1.1117217576855037e-44
2817.0	1.13597726194096e-44
2817.5	8.701720213795235e-45
2818.0	9.084299020669407e-45
2818.5	1.0833176428891197e-44
2819.0	1.0327352694066457e-44
2819.5	1.0970362088899474e-44
2820.0	1.0432654992250859e-44
2820.5	9.921594306077808e-45
2821.0	1.02041057505713e-44
2821.5	1.0079598365566088e-44
2822.0	9.796725460931256e-45
2822.5	9.398343833380811e-45
2823.0	9.957822543752796e-45
2823.5	1.0921101741393623e-44
2824.0	1.1427189358021597e-44
2824.5	1.1389374698679374e-44
2825.0	1.0602345136577465e-44
2825.5	1.0513666081364974e-44
2826.0	1.0844866014774107e-44
2826.5	1.1015594652037431e-44
2827.0	1.0424647546516585e-44
2827.5	1.0992464541520562e-44
2828.0	9.50998391970473e-45
2828.5	9.249563736926343e-45
2829.0	9.990060226581544e-45
2829.5	1.0728505901960996e-44
2830.0	1.0550493036718789e-44
2830.5	1.2062053709509083e-44
2831.0	1.1181962166806571e-44
2831.5	1.144006579884508e-44
2832.0	1.1086390000505499e-44
2832.5	9.786412724724906e-45
2833.0	9.944794738285776e-45
2833.5	9.966503940659157e-45
2834.0	1.097600801434554e-44
2834.5	1.205742000325667e-44
2835.0	1.2149775283026958e-44
2835.5	1.1124779765760266e-44
2836.0	1.2119743580569808e-44
2836.5	1.112247886112896e-44
2837.0	1.043522091312715e-44
2837.5	1.0460073206167741e-44
2838.0	1.186605589170754e-44
2838.5	1.1270667787386665e-44
2839.0	1.068855782752434e-44
2839.5	1.095238274269086e-44
2840.0	1.1960089301578849e-44
2840.5	1.241539421903488e-44
2841.0	1.1061689911547181e-44
2841.5	1.0789647344556657e-44
2842.0	1.0725999375579491e-44
2842.5	1.0812687395638888e-44
2843.0	1.0298800005716084e-44
2843.5	1.1303428029803022e-44
2844.0	1.2934383778359151e-44
2844.5	1.2404921214419805e-44
2845.0	1.1287894418560322e-44
2845.5	1.0212977134077523e-44
2846.0	1.065994046125848e-44
2846.5	1.1563330053216373e-44
2847.0	9.87325338351234e-45
2847.5	1.0157776383490655e-44
2848.0	9.706206009960758e-45
2848.5	1.0631083766989624e-44
2849.0	1.1383921163420448e-44
2849.5	1.0832649467854171e-44
2850.0	1.0018764747757863e-44
2850.5	1.0342494475289944e-44
2851.0	1.1064743039589446e-44
2851.5	1.0784589086595235e-44
2852.0	9.565565070334983e-45
2852.5	1.0560780392993031e-44
2853.0	1.0234554705741327e-44
2853.5	1.0609679593410461e-44
2854.0	1.1584527091259538e-44
2854.5	1.2161497363481064e-44
2855.0	1.1064645467291798e-44
2855.5	1.0122872270678508e-44
2856.0	1.012588442555776e-44
2856.5	1.1453760510269602e-44
2857.0	1.2558390572125255e-44
2857.5	1.220462928542787e-44
2858.0	1.1210324971923006e-44
2858.5	1.0543624203518119e-44
2859.0	1.020688253702631e-44
2859.5	9.960803642706204e-45
2860.0	1.1297335280451323e-44
2860.5	1.1065763926076234e-44
2861.0	1.1350356418023636e-44
2861.5	1.0673528607229262e-44
2862.0	1.0804445156768893e-44
2862.5	1.1678989211617358e-44
2863.0	1.072598203749392e-44
2863.5	1.0079510288593843e-44
2864.0	1.0126468088890903e-44
2864.5	1.1030020160474391e-44
2865.0	1.1469303138992307e-44
2865.5	1.1240357117663967e-44
2866.0	1.1685928823956878e-44
2866.5	1.2347640437283503e-44
2867.0	1.1330299037908306e-44
2867.5	1.0198946846117364e-44
2868.0	9.791924344887087e-45
2868.5	1.0215340181948532e-44
2869.0	8.983909635039359e-45
2869.5	1.0079501644017054e-44
2870.0	1.160245761006047e-44
2870.5	1.1450469552174364e-44
2871.0	1.0761777908685759e-44
2871.5	1.0631669246784994e-44
2872.0	1.0704787243578382e-44
2872.5	1.0718121597914959e-44
2873.0	1.1093330959215149e-44
2873.5	1.198009629032722e-44
2874.0	1.2617350306072976e-44
2874.5	1.2103976331125344e-44
2875.0	1.2637251492335068e-44
2875.5	1.2061993968489972e-44
2876.0	1.108400637770663e-44
2876.5	1.1263348196131065e-44
2877.0	1.1385957449147156e-44
2877.5	1.1136165614263206e-44
2878.0	1.2220883132362757e-44
2878.5	1.085266696869838e-44
2879.0	1.0690794243109032e-44
2879.5	1.0552222523417317e-44
2880.0	1.1382468612716456e-44
2880.5	1.0503983051865e-44
2881.0	1.1245315082381586e-44
2881.5	1.155519473567956e-44
2882.0	1.0003792385786094e-44
2882.5	1.032317324436669e-44
2883.0	1.067861675118245e-44
2883.5	1.1126168489702701e-44
2884.0	1.1162184884317349e-44
2884.5	1.1854774313915976e-44
2885.0	1.1440647472595826e-44
2885.5	1.1144568208881092e-44
2886.0	1.2063868531702087e-44
2886.5	1.1552297386200699e-44
2887.0	1.1691814057290275e-44
2887.5	1.0523414809911645e-44
2888.0	1.1395886397088703e-44
2888.5	1.2305106116502217e-44
2889.0	1.0523628259712938e-44
2889.5	1.0307576430479332e-44
2890.0	1.0911227713550074e-44
2890.5	1.0896560445026119e-44
2891.0	1.127188852845382e-44
2891.5	1.0381627855426254e-44
2892.0	1.1122161479213662e-44
2892.5	1.0831566618581748e-44
2893.0	1.157888346929777e-44
2893.5	1.2125028620934727e-44
2894.0	1.1549770217616438e-44
2894.5	1.0104596368158042e-44
2895.0	1.056605907977481e-44
2895.5	9.98417121822682e-45
2896.0	1.0568198131007136e-44
2896.5	1.2160508078554171e-44
2897.0	1.153948051756422e-44
2897.5	1.1096493658378578e-44
2898.0	1.1903980003225454e-44
2898.5	1.2152779701756696e-44
2899.0	1.0969160900932339e-44
2899.5	1.0971212916069858e-44
2900.0	1.0473254642776388e-44
2900.5	1.095188942576255e-44
2901.0	1.187182890902663e-44
2901.5	1.0775580325074794e-44
2902.0	1.1856831795631752e-44
2902.5	1.1262354820347894e-44
2903.0	1.2621348856976177e-44
2903.5	1.2733648739992251e-44
2904.0	1.2304923855500455e-44
2904.5	1.269748794625429e-44
2905.0	1.1989588902284547e-44
2905.5	9.724774381609582e-45
2906.0	9.903902892371545e-45
2906.5	9.489799856334532e-45
2907.0	1.0557936529360176e-44
2907.5	1.1002356533489421e-44
2908.0	1.0232925019956432e-44
2908.5	9.668074480116181e-45
2909.0	1.0460136889289981e-44
2909.5	1.0455155185768637e-44
2910.0	1.0010870872248506e-44
2910.5	1.0809705506567342e-44
2911.0	1.2210071109577637e-44
2911.5	1.1956013265396015e-44
2912.0	1.1033218195702222e-44
2912.5	1.0919550555451355e-44
2913.0	1.0175280571369006e-44
2913.5	1.1169303496091422e-44
2914.0	1.1113818604287402e-44
2914.5	1.1777135547747754e-44
2915.0	1.1779648255326564e-44
2915.5	1.0663411101010407e-44
2916.0	9.262944281283326e-45
2916.5	9.917356738029312e-45
2917.0	1.0581082238450565e-44
2917.5	1.0990280739137734e-44
2918.0	1.2066223547368728e-44
2918.5	1.1007787251704151e-44
2919.0	1.0952997174280851e-44
2919.5	1.1886546978100958e-44
2920.0	1.1457725402806885e-44
2920.5	1.1209901757331029e-44
2921.0	1.1221739236319793e-44
2921.5	1.159200869967474e-44
2922.0	1.0630106055381035e-44
2922.5	1.0380457805690822e-44
2923.0	1.1476259091996647e-44
2923.5	1.1563831836618356e-44
2924.0	1.184587942762595e-44
2924.5	1.0103625619396356e-44
2925.0	1.1076033522382404e-44
2925.5	1.1620495223839856e-44
2926.0	1.1938594190196306e-44
2926.5	1.1429694257438844e-44
2927.0	1.2198802742761018e-44
2927.5	1.1853799412200176e-44
2928.0	1.166102609896073e-44
2928.5	1.2107301112445987e-44
2929.0	1.1915043061119083e-44
2929.5	1.230095492143121e-44
2930.0	1.2207095125898848e-44
2930.5	1.182886415397737e-44
2931.0	1.1525906084971487e-44
2931.5	1.1498047617171472e-44
2932.0	1.0335088650457397e-44
2932.5	1.0400647298302196e-44
2933.0	1.1271496094711465e-44
2933.5	1.0866538053808176e-44
2934.0	1.0349753909104222e-44
2934.5	9.278732496834746e-45
2935.0	1.0337869507145334e-44
2935.5	1.0372080100810882e-44
2936.0	1.1390822359102313e-44
2936.5	1.1413531721995028e-44
2937.0	1.0682718183654107e-44
2937.5	1.1439467862413335e-44
2938.0	1.1066350902679873e-44
2938.5	1.102137306778275e-44
2939.0	1.143617654836358e-44
2939.5	1.1433659503200481e-44
2940.0	1.147938172596537e-44
2940.5	1.178845753661717e-44
2941.0	1.0377406789006711e-44
2941.5	1.1887956510156325e-44
2942.0	1.0478557933267345e-44
2942.5	1.1482508630662454e-44
2943.0	1.2883561792955639e-44
2943.5	1.186366047684443e-44
2944.0	1.0112642180333636e-44
2944.5	1.0942156013860455e-44
2945.0	1.2162784664786138e-44
2945.5	1.2066160002463252e-44
2946.0	1.1820373741158527e-44
2946.5	1.185858639176888e-44
2947.0	1.0151389397828203e-44
2947.5	1.1195020507897496e-44
2948.0	1.2343720889872618e-44
2948.5	1.1444219468635976e-44
2949.0	1.1126862261648728e-44
2949.5	1.217568874648852e-44
2950.0	1.3940554937527403e-44
2950.5	1.279650606953567e-44
2951.0	1.151289634465493e-44
2951.5	1.1015049369274475e-44
2952.0	9.380689766567479e-45
2952.5	1.1127800356707048e-44
2953.0	1.2827371661638818e-44
2953.5	1.2676801193485543e-44
2954.0	1.2070887003152608e-44
2954.5	9.907174618546463e-45
2955.0	1.0310794892447743e-44
2955.5	1.2019516252419662e-44
2956.0	1.3367237051021554e-44
2956.5	1.160026779316554e-44
2957.0	1.0988992098020089e-44
2957.5	1.1777523651867858e-44
2958.0	1.2387491102737758e-44
2958.5	1.2466470236942107e-44
2959.0	1.1692915096648894e-44
2959.5	1.1324206910469124e-44
2960.0	1.0890699099377873e-44
2960.5	1.088624047031382e-44
2961.0	1.106449435993395e-44
2961.5	1.0710780280608536e-44
2962.0	1.0418638849890157e-44
2962.5	1.0644464151058896e-44
2963.0	1.0768159769933675e-44
2963.5	1.1544027065111248e-44
2964.0	1.2795737968938703e-44
2964.5	1.248071935516109e-44
2965.0	1.1428897983399723e-44
2965.5	1.1429051859815901e-44
2966.0	1.2311287233615424e-44
2966.5	1.1203522936394014e-44
2967.0	1.1807871354097916e-44
2967.5	1.0904339697750923e-44
2968.0	1.0634704409224071e-44
2968.5	1.193893312205253e-44
2969.0	1.1975268703449842e-44
2969.5	1.234556952182525e-44
2970.0	1.1154274833167454e-44
2970.5	1.122323356987047e-44
2971.0	1.2150170088258365e-44
2971.5	1.2270803962083373e-44
2972.0	1.2634417204091792e-44
2972.5	1.2248681159463797e-44
2973.0	1.1791025305132754e-44
2973.5	1.1756503406059655e-44
2974.0	1.0845029468904403e-44
2974.5	1.140931146096049e-44
2975.0	1.1785367993759473e-44
2975.5	1.085831282123335e-44
2976.0	1.2955532126913007e-44
2976.5	1.114376763234808e-44
2977.0	1.141183249723517e-44
2977.5	1.2311734055645451e-44
2978.0	1.2145959283502553e-44
2978.5	1.1388131963716765e-44
2979.0	1.2684679810362602e-44
2979.5	1.3213112664799396e-44
2980.0	1.284576367687412e-44
2980.5	1.1666155847092994e-44
2981.0	1.1458582340407734e-44
2981.5	1.1008788818379109e-44
2982.0	1.0132644427255628e-44
2982.5	1.22808055236144e-44
2983.0	1.2811053333874003e-44
2983.5	1.2237632474206927e-44
2984.0	1.2314848171642912e-44
2984.5	1.1524356259577495e-44
2985.0	1.2134298400668417e-44
2985.5	1.2506888137915484e-44
2986.0	1.3122913896067257e-44
2986.5	1.1909289710728264e-44
2987.0	1.1160602815000862e-44
2987.5	1.1848143042781872e-44
2988.0	1.2702861832774597e-44
2988.5	1.2251468897817883e-44
2989.0	1.236065315216382e-44
2989.5	1.1846024307105116e-44
2990.0	1.1528856012690482e-44
2990.5	1.1593749855044407e-44
2991.0	1.2076643041810194e-44
2991.5	1.1176109999185944e-44
2992.0	1.0294529221704527e-44
2992.5	1.234433046042548e-44
2993.0	1.1013235363634328e-44
2993.5	1.1459797595335283e-44
2994.0	1.1086498168075157e-44
2994.5	1.1189695396667462e-44
2995.0	1.1170075077169881e-44
2995.5	1.0372844503001935e-44
2996.0	1.0811031776124012e-44
2996.5	1.2342567109144695e-44
2997.0	1.2552371475910123e-44
2997.5	1.1931728332450143e-44
2998.0	1.2597366719130603e-44
2998.5	1.335711173962414e-44
2999.0	1.2673578925327729e-44
2999.5	1.1648338096142438e-44
3000.0	1.127937502875319e-44
3000.5	1.2315922056147018e-44
3001.0	1.1506241549085794e-44
3001.5	1.0249280050387741e-44
3002.0	1.1060279517169716e-44
3002.5	1.1055889786210686e-44
3003.0	1.1011265926736393e-44
3003.5	1.1439387732780392e-44
3004.0	1.175527457042997e-44
3004.5	1.1980410700409235e-44
3005.0	1.0646403217423405e-44
3005.5	1.0459621820647724e-44
3006.0	1.0690041350158392e-44
3006.5	1.24308858394037e-44
3007.0	1.316916540101139e-44
3007.5	1.2814424581242118e-44
3008.0	1.2698369488151735e-44
3008.5	1.3017590405177846e-44
3009.0	1.2892835525035645e-44
3009.5	1.2298920094130708e-44
3010.0	1.2975910539403985e-44
3010.5	1.1650322626532016e-44
3011.0	1.0579475570860751e-44
3011.5	1.1660396652099218e-44
3012.0	1.2816817546860275e-44
3012.5	1.270342953380104e-44
3013.0	1.303857590141531e-44
3013.5	1.1859446299545305e-44
3014.0	1.2132884944418042e-44
3014.5	1.1622722392977403e-44
3015.0	1.3718788016006556e-44
3015.5	1.321094693221355e-44
3016.0	1.3977611234815462e-44
3016.5	1.2771370740047984e-44
3017.0	1.0902299692726736e-44
3017.5	1.0327694615399076e-44
3018.0	1.1300178608827888e-44
3018.5	1.1923009322739532e-44
3019.0	1.2231550999822522e-44
3019.5	1.2086648261536928e-44
3020.0	1.1873300937856047e-44
3020.5	1.1606500777536897e-44
3021.0	1.113078171468195e-44
3021.5	1.186471513077443e-44
3022.0	1.2911293246598371e-44
3022.5	1.3551085284596038e-44
3023.0	1.203674507063892e-44
3023.5	1.2508918153692417e-44
3024.0	1.431154943108271e-44
3024.5	1.2988588319701534e-44
3025.0	1.1053213986801189e-44
3025.5	1.0482122415710448e-44
3026.0	1.121938260395044e-44
3026.5	1.0893077131237846e-44
3027.0	1.1017262667951127e-44
3027.5	1.1995686003967726e-44
3028.0	1.1654690325231817e-44
3028.5	1.1652528735486728e-44
3029.0	1.2797168679304262e-44
3029.5	1.2137422021782543e-44
3030.0	1.1458391058487482e-44
3030.5	1.1899009748629363e-44
3031.0	1.1228063626665926e-44
3031.5	1.1806741793993942e-44
3032.0	1.2680825973892717e-44
3032.5	1.2426554250262604e-44
3033.0	1.047515076399037e-44
3033.5	1.180931540213202e-44
3034.0	1.245529717381712e-44
3034.5	1.1440587366459298e-44
3035.0	1.2241071878648786e-44
3035.5	1.1776033062029397e-44
3036.0	1.1787377622145494e-44
3036.5	1.2937925247446177e-44
3037.0	1.2929714650036443e-44
3037.5	1.3037725140490656e-44
3038.0	1.3648041808351465e-44
3038.5	1.1387386377222517e-44
3039.0	1.1273657968456828e-44
3039.5	1.2922496584214274e-44
3040.0	1.40409835626609e-44
3040.5	1.2113877846729403e-44
3041.0	1.1076747616398108e-44
3041.5	1.2023336530176406e-44
3042.0	1.358620691611852e-44
3042.5	1.3103271820665922e-44
3043.0	1.1842429471178291e-44
3043.5	1.242773689506315e-44
3044.0	1.3189932026047182e-44
3044.5	1.273961876104203e-44
3045.0	1.1589417768386374e-44
3045.5	1.2877229671910168e-44
3046.0	1.4126078822832206e-44
3046.5	1.3779939509734429e-44
3047.0	1.267343279129746e-44
3047.5	1.1982957916365775e-44
3048.0	1.254035350328234e-44
3048.5	1.2477142101058979e-44
3049.0	1.1021951251535893e-44
3049.5	1.0851306818041328e-44
3050.0	1.2794131163215503e-44
3050.5	1.4022707010965978e-44
3051.0	1.1926441675163735e-44
3051.5	1.2747498392528352e-44
3052.0	1.303860970590473e-44
3052.5	1.3017067984904898e-44
3053.0	1.1973625230744923e-44
3053.5	1.244768282547645e-44
3054.0	1.1038217176390237e-44
3054.5	9.825053546786415e-45
3055.0	1.0856021818277296e-44
3055.5	1.1840719790674484e-44
3056.0	1.1972209666977748e-44
3056.5	1.3011119336713663e-44
3057.0	1.564512764882598e-44
3057.5	1.5755804827475808e-44
3058.0	1.2502928558583491e-44
3058.5	1.304554646362089e-44
3059.0	1.3529486359164435e-44
3059.5	1.2438754905499863e-44
3060.0	1.2802784337266264e-44
3060.5	1.4524921568197863e-44
3061.0	1.3136566297411796e-44
3061.5	1.1574282004936552e-44
3062.0	1.1818326560800384e-44
3062.5	1.207942174655823e-44
3063.0	1.4920143704451953e-44
3063.5	1.4256916338083467e-44
3064.0	1.2973064032941984e-44
3064.5	1.2018040287693598e-44
3065.0	1.1653612639323115e-44
3065.5	1.351326902004771e-44
3066.0	1.1959568210986e-44
3066.5	1.195927375235084e-44
3067.0	1.3399709254670472e-44
3067.5	1.450541677944027e-44
3068.0	1.2843554247570215e-44
3068.5	1.3879632659903882e-44
3069.0	1.6131713221231854e-44
3069.5	1.4912449642269116e-44
3070.0	1.3921600628987078e-44
3070.5	1.330741885228245e-44
3071.0	1.2491453976356818e-44
3071.5	1.1020759752478465e-44
3072.0	1.1227086838083302e-44
3072.5	1.2953394209205044e-44
3073.0	1.3562849811938224e-44
3073.5	1.3745731350088592e-44
3074.0	1.3681074988133503e-44
3074.5	1.27490804941534e-44
3075.0	1.3564214407088009e-44
3075.5	1.3659172918165235e-44
3076.0	1.3547114633816023e-44
3076.5	1.319623521984919e-44
3077.0	1.3106933571263824e-44
3077.5	1.43172756821456e-44
3078.0	1.3207292765280446e-44
3078.5	1.2634737881052354e-44
3079.0	1.2875158545415295e-44
3079.5	1.1085465430293646e-44
3080.0	1.0906770280039484e-44
3080.5	1.2814020932603548e-44
3081.0	1.1017474840979406e-44
3081.5	1.2165052117227142e-44
3082.0	1.245431829682848e-44
3082.5	1.3737815194068704e-44
3083.0	1.349996490779705e-44
3083.5	1.3728447019771636e-44
3084.0	1.232404668556827e-44
3084.5	1.1716383588278062e-44
3085.0	1.2146231332170243e-44
3085.5	1.3901705096722948e-44
3086.0	1.3818434126619645e-44
3086.5	1.4164377973512726e-44
3087.0	1.3763372400952078e-44
3087.5	1.4050070600778167e-44
3088.0	1.3226395337612643e-44
3088.5	1.225114259803483e-44
3089.0	1.2689823130608353e-44
3089.5	1.2720096973698149e-44
3090.0	1.202326315455955e-44
3090.5	1.1879379453345192e-44
3091.0	1.20891336709092e-44
3091.5	1.200841950364624e-44
3092.0	1.1824931663016794e-44
3092.5	1.1528457699745864e-44
3093.0	1.290184224229628e-44
3093.5	1.480939459538423e-44
3094.0	1.3197833473398837e-44
3094.5	1.2947134272878512e-44
3095.0	1.3849184701802813e-44
3095.5	1.4323257950780825e-44
3096.0	1.3341603523793958e-44
3096.5	1.363361092202656e-44
3097.0	1.3044010086549883e-44
3097.5	1.2296022106748338e-44
3098.0	1.302748823777809e-44
3098.5	1.2654706846302695e-44
3099.0	1.315455576863464e-44
3099.5	1.570235433199579e-44
3100.0	1.5413901088544358e-44
3100.5	1.3007792729466095e-44
3101.0	1.2698371362930456e-44
3101.5	1.3317286872956265e-44
3102.0	1.326754959200295e-44
3102.5	1.2624188658436816e-44
3103.0	1.48513663771341e-44
3103.5	1.4615633411655023e-44
3104.0	1.4170824120484408e-44
3104.5	1.4474947009280563e-44
3105.0	1.3842367725988665e-44
3105.5	1.470336146905583e-44
3106.0	1.3630495294475486e-44
3106.5	1.331664404303734e-44
3107.0	1.3572585141111046e-44
3107.5	1.6468575260976817e-44
3108.0	1.5716460926278587e-44
3108.5	1.232768415191247e-44
3109.0	1.4456242496023346e-44
3109.5	1.292488134588897e-44
3110.0	1.3047573260799736e-44
3110.5	1.3048130057195458e-44
3111.0	1.3490975902126923e-44
3111.5	1.4205052314630712e-44
3112.0	1.357478428171106e-44
3112.5	1.2767118670575524e-44
3113.0	1.2990228430419408e-44
3113.5	1.3531220711962043e-44
3114.0	1.403691227097713e-44
3114.5	1.3215093971149755e-44
3115.0	1.2068659737514768e-44
3115.5	1.199932426730514e-44
3116.0	1.3088317019520477e-44
3116.5	1.2248953202313346e-44
3117.0	1.3009528130495395e-44
3117.5	1.283327560170985e-44
3118.0	1.347696930592235e-44
3118.5	1.5097199098657683e-44
3119.0	1.5104288113128586e-44
3119.5	1.2527438484815483e-44
3120.0	1.3621741207535106e-44
3120.5	1.377958609711707e-44
3121.0	1.1973883648967612e-44
3121.5	1.1546873772078777e-44
3122.0	1.2291332500561663e-44
3122.5	1.2235603571839705e-44
3123.0	1.2076066205117723e-44
3123.5	1.2643273997128615e-44
3124.0	1.3152877017049016e-44
3124.5	1.3456707114745895e-44
3125.0	1.4113931046823148e-44
3125.5	1.287253133855654e-44
3126.0	1.3839914065750583e-44
3126.5	1.4367359924397106e-44
3127.0	1.35672752375537e-44
3127.5	1.233051062400515e-44
3128.0	1.2165090454193795e-44
3128.5	1.0487648167299572e-44
3129.0	1.1829092888943858e-44
3129.5	1.2544424580388258e-44
3130.0	1.3005308164349826e-44
3130.5	1.2784497628737094e-44
3131.0	1.2596936001891934e-44
3131.5	1.2102350329518611e-44
3132.0	1.2583127248905308e-44
3132.5	1.3223324333723505e-44
3133.0	1.2297370409277542e-44
3133.5	1.1815748215446686e-44
3134.0	1.2617243215114422e-44
3134.5	1.2402310174233001e-44
3135.0	1.1691222659766372e-44
3135.5	1.1555072200929793e-44
3136.0	1.0695237267459399e-44
3136.5	1.4021839811184138e-44
3137.0	1.4528279052452268e-44
3137.5	1.30577720082812e-44
3138.0	1.3175547787025243e-44
3138.5	1.3412090241269232e-44
3139.0	1.3819068439253764e-44
3139.5	1.3464074766505556e-44
3140.0	1.25000519341685e-44
3140.5	1.3965702468015392e-44
3141.0	1.301685467599435e-44
3141.5	1.3474288022302922e-44
3142.0	1.4274769500055531e-44
3142.5	1.3072600080324227e-44
3143.0	1.217979120343149e-44
3143.5	1.3975323449639251e-44
3144.0	1.3010337271503506e-44
3144.5	1.2588941190450874e-44
3145.0	1.1961958898563398e-44
3145.5	1.2778869147758875e-44
3146.0	1.1971356753528446e-44
3146.5	1.1879486178460775e-44
3147.0	1.3122238110335149e-44
3147.5	1.1627087820404534e-44
3148.0	1.170931523261496e-44
3148.5	1.3334557237641072e-44
3149.0	1.3384268805241923e-44
3149.5	1.373902216739137e-44
3150.0	1.4432072150936887e-44
3150.5	1.3823171275299705e-44
3151.0	1.268124755104989e-44
3151.5	1.2785273422183225e-44
3152.0	1.3067233401246209e-44
3152.5	1.25775565170592e-44
3153.0	1.1943038185751735e-44
3153.5	1.1992172809869805e-44
3154.0	1.2630754725784757e-44
3154.5	1.2145994974905162e-44
3155.0	1.2603695880174186e-44
3155.5	1.2301177226715025e-44
3156.0	1.2927363553061108e-44
3156.5	1.435143637893234e-44
3157.0	1.400432972570468e-44
3157.5	1.267206755017193e-44
3158.0	1.4189737492643703e-44
3158.5	1.3053315951121124e-44
3159.0	1.2700974920333346e-44
3159.5	1.3956045875000114e-44
3160.0	1.376206098358493e-44
3160.5	1.2673943054077097e-44
3161.0	1.316221469011755e-44
3161.5	1.1690504994195963e-44
3162.0	1.265273505812939e-44
3162.5	1.3371988885864397e-44
3163.0	1.1929895382407812e-44
3163.5	1.0907324449558882e-44
3164.0	1.2019538041515732e-44
3164.5	1.300588261701053e-44
3165.0	1.375950108466849e-44
3165.5	1.2621969388353611e-44
3166.0	1.2958267163690736e-44
3166.5	1.3459689647487736e-44
3167.0	1.3637943235979966e-44
3167.5	1.345208156114017e-44
3168.0	1.356272540729711e-44
3168.5	1.1891400137945402e-44
3169.0	1.3424263930695156e-44
3169.5	1.2149526985139792e-44
3170.0	1.2557758892147064e-44
3170.5	1.3535125433812505e-44
3171.0	1.193599380497706e-44
3171.5	1.1377367096076284e-44
3172.0	1.1893584349208414e-44
3172.5	1.2850883794403126e-44
3173.0	1.16345941255008e-44
3173.5	1.3059301089679784e-44
3174.0	1.2465547985706951e-44
3174.5	1.107604640218052e-44
3175.0	1.21821250037286e-44
3175.5	1.4898847482792318e-44
3176.0	1.4409576522019705e-44
3176.5	1.3432301993850193e-44
3177.0	1.427235931941998e-44
3177.5	1.3260595270942736e-44
3178.0	1.1516002563927623e-44
3178.5	1.37061565557319e-44
3179.0	1.425168593906099e-44
3179.5	1.284642579538e-44
3180.0	1.3668460727967228e-44
3180.5	1.487853864520063e-44
3181.0	1.475756514565774e-44
3181.5	1.4476067814929708e-44
3182.0	1.4692894760850122e-44
3182.5	1.344430583504659e-44
3183.0	1.3263501865841818e-44
3183.5	1.3588272494274634e-44
3184.0	1.3221094404834795e-44
3184.5	1.1908805017318676e-44
3185.0	1.221810014008706e-44
3185.5	1.3599648611269194e-44
3186.0	1.4446025442596195e-44
3186.5	1.3249824560031782e-44
3187.0	1.3296834835519322e-44
3187.5	1.2003341486064626e-44
3188.0	1.201547839663729e-44
3188.5	1.4339693200521774e-44
3189.0	1.5068283738605283e-44
3189.5	1.268307327741231e-44
3190.0	1.2420890241313818e-44
3190.5	1.3913510807833789e-44
3191.0	1.3098692050189715e-44
3191.5	1.313237109882446e-44
3192.0	1.2724876025571483e-44
3192.5	1.2790409492134717e-44
3193.0	1.3940328105836259e-44
3193.5	1.5815311688258702e-44
3194.0	1.4024316765422699e-44
3194.5	1.274368893460498e-44
3195.0	1.3681823633188325e-44
3195.5	1.296608919702985e-44
3196.0	1.1605516072506664e-44
3196.5	1.1438834235464242e-44
3197.0	1.1790642917985546e-44
3197.5	1.2193555400648163e-44
3198.0	1.2147079365380716e-44
3198.5	1.307260682161721e-44
3199.0	1.3804623004228348e-44
3199.5	1.6527306020660881e-44
3200.0	1.5959615249201916e-44
3200.5	1.285128904382337e-44
3201.0	1.279429291947181e-44
3201.5	1.1720701575627656e-44
3202.0	1.3031981225425826e-44
3202.5	1.547528227816507e-44
3203.0	1.2916675146638808e-44
3203.5	1.2478910422075334e-44
3204.0	1.304603159221409e-44
3204.5	1.2531815872554597e-44
3205.0	1.3000243701829308e-44
3205.5	1.4316307779465912e-44
3206.0	1.3459752725609839e-44
3206.5	1.2670068560853429e-44
3207.0	1.3947401115526208e-44
3207.5	1.4203470844505591e-44
3208.0	1.3889169215219596e-44
3208.5	1.3674522641974259e-44
3209.0	1.3486047788423316e-44
3209.5	1.3213818073663533e-44
3210.0	1.4240513951284774e-44
3210.5	1.4872997800926664e-44
3211.0	1.40384244193995e-44
3211.5	1.5249308175828893e-44
3212.0	1.447571886332964e-44
3212.5	1.3888167220636992e-44
3213.0	1.3602135458057488e-44
3213.5	1.208612375007004e-44
3214.0	1.418268080345287e-44
3214.5	1.231990499015152e-44
3215.0	1.2925059560617835e-44
3215.5	1.2335720402090402e-44
3216.0	1.2545337566218634e-44
3216.5	1.3975161574332366e-44
3217.0	1.4076160686455127e-44
3217.5	1.4903612563878776e-44
3218.0	1.7292490957862077e-44
3218.5	1.7836220419993148e-44
3219.0	1.4797493771877926e-44
3219.5	1.2456579598580892e-44
3220.0	1.2882641947197868e-44
3220.5	1.5403630747410875e-44
3221.0	1.5104780230707964e-44
3221.5	1.4319718675419917e-44
3222.0	1.235675905394447e-44
3222.5	1.2661312989538941e-44
3223.0	1.3703852417998403e-44
3223.5	1.356195236810639e-44
3224.0	1.210336369820638e-44
3224.5	1.236447951312422e-44
3225.0	1.2610902294238724e-44
3225.5	1.4548729926205683e-44
3226.0	1.40573244736229e-44
3226.5	1.4660963020004862e-44
3227.0	1.510920462519417e-44
3227.5	1.43087928427134e-44
3228.0	1.420671049157811e-44
3228.5	1.4017278014346523e-44
3229.0	1.4697728273548985e-44
3229.5	1.3518021163990395e-44
3230.0	1.2886787715601075e-44
3230.5	1.2619844319788015e-44
3231.0	1.2878209847853756e-44
3231.5	1.3608567516785386e-44
3232.0	1.4400613744320306e-44
3232.5	1.4602405577691033e-44
3233.0	1.2868960330809083e-44
3233.5	1.277993904172888e-44
3234.0	1.5267327981661246e-44
3234.5	1.5234080626956374e-44
3235.0	1.38560253698291e-44
3235.5	1.3803938952524015e-44
3236.0	1.407531811269673e-44
3236.5	1.480174812100874e-44
3237.0	1.3039389524564342e-44
3237.5	1.207978536236457e-44
3238.0	1.1577952557211588e-44
3238.5	1.378812417745464e-44
3239.0	1.40961364336038e-44
3239.5	1.5092179646334706e-44
3240.0	1.469220650449478e-44
3240.5	1.4054399944722508e-44
3241.0	1.3402090279441101e-44
3241.5	1.3562122222504684e-44
3242.0	1.396065955425775e-44
3242.5	1.381985418148231e-44
3243.0	1.4226709743217222e-44
3243.5	1.6018406204707104e-44
3244.0	1.3960721708673055e-44
3244.5	1.2382763820298944e-44
3245.0	1.3481327829256896e-44
3245.5	1.439314141024291e-44
3246.0	1.5093558552576786e-44
3246.5	1.4199787237070176e-44
3247.0	1.371415010451027e-44
3247.5	1.3113403373320987e-44
3248.0	1.1840449695642622e-44
3248.5	1.3754757089382781e-44
3249.0	1.6263168529927262e-44
3249.5	1.4942697513416012e-44
3250.0	1.4352508499663816e-44
3250.5	1.3355988926976043e-44
3251.0	1.3804557303258003e-44
3251.5	1.181505392626963e-44
3252.0	1.2652635882512654e-44
3252.5	1.2945304201594154e-44
3253.0	1.2008005942451665e-44
3253.5	1.2134322648028452e-44
3254.0	1.2606552100149054e-44
3254.5	1.4880960075449376e-44
3255.0	1.4870645893077408e-44
3255.5	1.6647827284831035e-44
3256.0	1.5784614253007575e-44
3256.5	1.4288186920407243e-44
3257.0	1.4619512986688316e-44
3257.5	1.4230726768010003e-44
3258.0	1.320855507716433e-44
3258.5	1.188044124965453e-44
3259.0	1.4368214294827354e-44
3259.5	1.310403722857912e-44
3260.0	1.1637639944521851e-44
3260.5	1.363496395601264e-44
3261.0	1.352554206338802e-44
3261.5	1.1686215957197312e-44
3262.0	1.3415577633949867e-44
3262.5	1.4369302360243722e-44
3263.0	1.3669558947209856e-44
3263.5	1.5598050824204035e-44
3264.0	1.4637535474417714e-44
3264.5	1.3204431111502783e-44
3265.0	1.41742143600499e-44
3265.5	1.5094495139860673e-44
3266.0	1.5940974016221506e-44
3266.5	1.3849451238826203e-44
3267.0	1.3759138628584842e-44
3267.5	1.469672461189222e-44
3268.0	1.484187950299405e-44
3268.5	1.3012957124506641e-44
3269.0	1.4522565457305358e-44
3269.5	1.2445468537303877e-44
3270.0	1.441453099351241e-44
3270.5	1.322409435363984e-44
3271.0	1.251748965617412e-44
3271.5	1.2298543505478944e-44
3272.0	1.264050745137406e-44
3272.5	1.2537943825293403e-44
3273.0	1.4458261520052054e-44
3273.5	1.5282947158738531e-44
3274.0	1.454417970370084e-44
3274.5	1.3222494586378922e-44
3275.0	1.365561010403946e-44
3275.5	1.4235716163241477e-44
3276.0	1.321947265021479e-44
3276.5	1.316516922223615e-44
3277.0	1.415998645081639e-44
3277.5	1.481129750264513e-44
3278.0	1.400188999554027e-44
3278.5	1.4160592955154386e-44
3279.0	1.3403410029326546e-44
3279.5	1.4756897374472854e-44
3280.0	1.6155016457350163e-44
3280.5	1.510358417195973e-44
3281.0	1.3227826907156392e-44
3281.5	1.3101366306359857e-44
3282.0	1.5534972671305165e-44
3282.5	1.740074195008099e-44
3283.0	1.6151148530538907e-44
3283.5	1.3000257900755666e-44
3284.0	1.3265183319588943e-44
3284.5	1.443262219221494e-44
3285.0	1.2860123987426314e-44
3285.5	1.3927934045776015e-44
3286.0	1.4267606521100922e-44
3286.5	1.2246946689529168e-44
3287.0	1.316920557962396e-44
3287.5	1.5752248386259778e-44
3288.0	1.6730729701998997e-44
3288.5	1.2884662637709767e-44
3289.0	1.306711338566017e-44
3289.5	1.2605419008601961e-44
3290.0	1.3630164520024298e-44
3290.5	1.3713637355701966e-44
3291.0	1.345085835081261e-44
3291.5	1.327199248374109e-44
3292.0	1.4152559103442074e-44
3292.5	1.3556697661368562e-44
3293.0	1.4078464834856427e-44
3293.5	1.2829872869369328e-44
3294.0	1.4155189383617334e-44
3294.5	1.408433784161401e-44
3295.0	1.4626906598621972e-44
3295.5	1.433076508785782e-44
3296.0	1.4500112318402098e-44
3296.5	1.4467685313087572e-44
3297.0	1.2331121712941946e-44
3297.5	1.3005477571219489e-44
3298.0	1.3766042948858024e-44
3298.5	1.4511013041338986e-44
3299.0	1.3304532842026915e-44
3299.5	1.2068379994853615e-44
3300.0	1.2952664495055842e-44
3300.5	1.4428576784873878e-44
3301.0	1.3809899035699484e-44
3301.5	1.4432332733721013e-44
3302.0	1.324696996676347e-44
3302.5	1.3865412754932855e-44
3303.0	1.4326719384870024e-44
3303.5	1.4396649599221975e-44
3304.0	1.3741925171332355e-44
3304.5	1.364504554742438e-44
3305.0	1.592801549919309e-44
3305.5	1.3991909297204374e-44
3306.0	1.2198065679911455e-44
3306.5	1.322885407993976e-44
3307.0	1.5441884086873392e-44
3307.5	1.4588850828225523e-44
3308.0	1.3425528707098807e-44
3308.5	1.3866862060973807e-44
3309.0	1.4136231200907525e-44
3309.5	1.3528746611984315e-44
3310.0	1.3881712616430312e-44
3310.5	1.3939336946722463e-44
3311.0	1.5236772027239373e-44
3311.5	1.527030490900681e-44
3312.0	1.496792875060874e-44
3312.5	1.5432899385897425e-44
3313.0	1.5269297212880148e-44
3313.5	1.5446322581980842e-44
3314.0	1.6429565153933486e-44
3314.5	1.4937460321214676e-44
3315.0	1.5319831999108038e-44
3315.5	1.4352479860391416e-44
3316.0	1.56451205014141e-44
3316.5	1.6403939337585878e-44
3317.0	1.4109713682154057e-44
3317.5	1.4297803616295703e-44
3318.0	1.3066562176690857e-44
3318.5	1.2059999978584467e-44
3319.0	1.30582093839098e-44
3319.5	1.5397449307758114e-44
3320.0	1.4645605808551271e-44
3320.5	1.4222618728880348e-44
3321.0	1.409768134234896e-44
3321.5	1.3625194407061072e-44
3322.0	1.3544033947819643e-44
3322.5	1.4830798945241632e-44
3323.0	1.3149849016635163e-44
3323.5	1.329680643526789e-44
3324.0	1.40785070415934e-44
3324.5	1.2281496688059807e-44
3325.0	1.3600681258169112e-44
3325.5	1.5367068328171828e-44
3326.0	1.466425914503011e-44
3326.5	1.5089029516078958e-44
3327.0	1.4570553093466235e-44
3327.5	1.4414709903810225e-44
3328.0	1.608900306079528e-44
3328.5	1.558992084525176e-44
3329.0	1.5345103311973954e-44
3329.5	1.5792720849872295e-44
3330.0	1.6397884764216288e-44
3330.5	1.5622010838824758e-44
3331.0	1.4517543825186974e-44
3331.5	1.4072620362523585e-44
3332.0	1.4477295755208719e-44
3332.5	1.4211017167999137e-44
3333.0	1.298736889908743e-44
3333.5	1.3760865160416862e-44
3334.0	1.4276962323539666e-44
3334.5	1.4268060977308118e-44
3335.0	1.5010774150959856e-44
3335.5	1.6630022890515613e-44
3336.0	1.5183222543789426e-44
3336.5	1.379388121726981e-44
3337.0	1.4121424535551363e-44
3337.5	1.4251717066203697e-44
3338.0	1.637297102460318e-44
3338.5	1.6640582691024886e-44
3339.0	1.7347114049216398e-44
3339.5	1.5374055454375592e-44
3340.0	1.3021740296584266e-44
3340.5	1.4767277941581456e-44
3341.0	1.5690569188427508e-44
3341.5	1.5531981564789598e-44
3342.0	1.5540243452297522e-44
3342.5	1.5255955506860534e-44
3343.0	1.4225003673214544e-44
3343.5	2.1464607020950958e-44
3344.0	4.552892003096082e-44
3344.5	5.1849655687234395e-43
3345.0	1.581529661116488e-42
3345.5	5.1056192311176466e-43
3346.0	4.497445588834166e-44
3346.5	2.0038530488048088e-44
3347.0	1.4581827570923863e-44
3347.5	1.704259782298553e-44
3348.0	1.4695549472694007e-44
3348.5	1.4047873363229153e-44
3349.0	1.33034106758612e-44
3349.5	1.4237644515915147e-44
3350.0	1.4005329006394726e-44
3350.5	1.5330148309576065e-44
3351.0	1.3617654622999354e-44
3351.5	1.557330653023144e-44
3352.0	1.6563538506799903e-44
3352.5	1.6088772190539262e-44
3353.0	1.5732754249139458e-44
3353.5	1.5148398559843025e-44
3354.0	1.4114792541177042e-44
3354.5	1.3930921353157281e-44
3355.0	1.2894614310671779e-44
3355.5	1.475826967069959e-44
3356.0	1.42587975141703e-44
3356.5	1.3979105262194066e-44
3357.0	1.5192439463956186e-44
3357.5	1.6332648862034658e-44
3358.0	1.4290980773454663e-44
3358.5	1.3465495254445887e-44
3359.0	1.497572869491742e-44
3359.5	1.54107810971291e-44
3360.0	1.4860367825528704e-44
3360.5	1.4535283842007546e-44
3361.0	1.5920078584531707e-44
3361.5	1.6248575667631498e-44
3362.0	1.5259163348050383e-44
3362.5	1.662083541091439e-44
3363.0	1.6225368622373597e-44
3363.5	1.6114518406381888e-44
3364.0	1.4973064927026567e-44
3364.5	1.6855124656493509e-44
3365.0	1.593905364640585e-44
3365.5	1.4336440338505407e-44
3366.0	1.463187977998554e-44
3366.5	1.455463876747899e-44
3367.0	1.4155891608388094e-44
3367.5	1.4059006243200511e-44
3368.0	1.3593411362503623e-44
3368.5	1.3993521423896984e-44
3369.0	1.4310740436609404e-44
3369.5	1.6943586419300208e-44
3370.0	1.6333903034661245e-44
3370.5	1.6452184465989418e-44
3371.0	1.6582568364536414e-44
3371.5	1.6339566016420195e-44
3372.0	1.5174093898505462e-44
3372.5	1.5392972280473386e-44
3373.0	1.5957875849820757e-44
3373.5	1.4531394413770943e-44
3374.0	1.420992234548678e-44
3374.5	1.5707738593534276e-44
3375.0	1.5741635943098982e-44
3375.5	1.6054361395471902e-44
3376.0	1.5737840478853862e-44
3376.5	1.6765761213790808e-44
3377.0	1.7683858084933336e-44
3377.5	1.6634473174894104e-44
3378.0	1.45246737619998e-44
3378.5	1.471362786467453e-44
3379.0	1.4584342137275175e-44
3379.5	1.3086114898108303e-44
3380.0	1.3240967425415748e-44
3380.5	1.510735389256493e-44
3381.0	1.41762188987221e-44
3381.5	1.3519403184114435e-44
3382.0	1.3275450227912261e-44
3382.5	1.4841989356116307e-44
3383.0	1.4529611002459122e-44
3383.5	1.420018546766288e-44
3384.0	1.4290916695983644e-44
3384.5	1.537972953101595e-44
3385.0	1.2972645058885993e-44
3385.5	1.4247220712123433e-44
3386.0	1.5279322763790002e-44
3386.5	1.6483091997533722e-44
3387.0	1.3572177293043244e-44
3387.5	1.3096644245307902e-44
3388.0	1.47781999683386e-44
3388.5	1.5459894769876958e-44
3389.0	1.5040746555270655e-44
3389.5	1.477595808786202e-44
3390.0	1.3948228147330402e-44
3390.5	1.449493015215733e-44
3391.0	1.5325244939842763e-44
3391.5	1.2676932697067194e-44
3392.0	1.1941831994990795e-44
3392.5	1.4156910808619508e-44
3393.0	1.475329444075005e-44
3393.5	1.3519640085634438e-44
3394.0	1.2192652350254222e-44
3394.5	1.3771637286349857e-44
3395.0	1.5503889151108292e-44
3395.5	1.5930023758145515e-44
3396.0	1.4938257970321828e-44
3396.5	1.337671031370405e-44
3397.0	1.3745166491879942e-44
3397.5	1.4840351768472575e-44
3398.0	1.6177659390136012e-44
3398.5	1.5285577163216857e-44
3399.0	1.5842622348390718e-44
3399.5	1.6549245376048697e-44
3400.0	1.5260399686559157e-44
3400.5	1.4934318202987458e-44
3401.0	1.595328521797889e-44
3401.5	1.603802283634145e-44
3402.0	1.5260007490277542e-44
3402.5	1.6379617808846006e-44
3403.0	1.6652250649508146e-44
3403.5	1.4745113998490313e-44
3404.0	1.5538031443587903e-44
3404.5	1.5154738581038487e-44
3405.0	1.516208837424813e-44
3405.5	1.5468611297035016e-44
3406.0	1.5100995263234764e-44
3406.5	1.376816088085885e-44
3407.0	1.4587486083074762e-44
3407.5	1.7876793916289246e-44
3408.0	1.6182348773059627e-44
3408.5	1.427901443863269e-44
3409.0	1.5538750429114462e-44
3409.5	1.6321007876892206e-44
3410.0	1.6634198257849558e-44
3410.5	1.6118747393404452e-44
3411.0	1.5019802800850075e-44
3411.5	1.6034506920538392e-44
3412.0	1.572306565705089e-44
3412.5	1.437172431754777e-44
3413.0	1.5360978363946432e-44
3413.5	1.4745793370631882e-44
3414.0	1.4679111186772904e-44
3414.5	1.5225409499521866e-44
3415.0	1.3641460307679597e-44
3415.5	1.2816216405608357e-44
3416.0	1.446408078084475e-44
3416.5	1.5571584970938102e-44
3417.0	1.6820336666562923e-44
3417.5	1.587078863179924e-44
3418.0	1.5960287756887514e-44
3418.5	1.5822270336164073e-44
3419.0	1.3809389695512471e-44
3419.5	1.5094547699343743e-44
3420.0	1.5764044390152656e-44
3420.5	1.706169183120501e-44
3421.0	1.5346765635445537e-44
3421.5	1.5159905518660584e-44
3422.0	1.5932540855302117e-44
3422.5	1.4578469688577645e-44
3423.0	1.6216061699361033e-44
3423.5	1.4969197422798715e-44
3424.0	1.3964773011867534e-44
3424.5	1.505780631121565e-44
3425.0	1.4768316534545518e-44
3425.5	1.519797367083511e-44
3426.0	1.3678900625411028e-44
3426.5	1.4222628860629587e-44
3427.0	1.3962904304853747e-44
3427.5	1.6837916800554782e-44
3428.0	1.6988231622896703e-44
3428.5	1.4045289140601169e-44
3429.0	1.386026493249868e-44
3429.5	1.5542794875821883e-44
3430.0	1.4097067590369094e-44
3430.5	1.4290174955198643e-44
3431.0	1.4944683643906134e-44
3431.5	1.3477874031162522e-44
3432.0	1.4359028314843685e-44
3432.5	1.639213444098289e-44
3433.0	1.5988853223750457e-44
3433.5	1.6284788688530554e-44
3434.0	1.6266840987412176e-44
3434.5	1.7290409094482548e-44
3435.0	1.5981015711000965e-44
3435.5	1.6759114599571325e-44
3436.0	1.5685732228430432e-44
3436.5	1.4319012556117288e-44
3437.0	1.4835644147233557e-44
3437.5	1.598500824488914e-44
3438.0	1.4413398782240213e-44
3438.5	1.434151725606228e-44
3439.0	1.525271868453451e-44
3439.5	1.6135033820659393e-44
3440.0	1.708785543400882e-44
3440.5	1.6800686181156568e-44
3441.0	1.734011314812642e-44
3441.5	1.5368717830801962e-44
3442.0	1.435866453437515e-44
3442.5	1.5462722435645516e-44
3443.0	1.4465292873197104e-44
3443.5	1.447420657837568e-44
3444.0	1.4821404106569732e-44
3444.5	1.5908174304817251e-44
3445.0	1.6168640049838322e-44
3445.5	1.604875948046766e-44
3446.0	1.6924689235665918e-44
3446.5	1.6116517367007217e-44
3447.0	1.4139442493790703e-44
3447.5	1.5208772322259434e-44
3448.0	1.6331997383195615e-44
3448.5	1.7349847494031175e-44
3449.0	1.628440450577024e-44
3449.5	1.7784593041709496e-44
3450.0	1.6610071068055931e-44
3450.5	1.5295497542093e-44
3451.0	1.3603390208482237e-44
3451.5	1.412006938873283e-44
3452.0	1.5743834864538469e-44
3452.5	1.4583096945480382e-44
3453.0	1.387761051213183e-44
3453.5	1.5043413751911624e-44
3454.0	1.5046291744263726e-44
3454.5	1.5370181446024347e-44
3455.0	1.7100311641448236e-44
3455.5	1.7150478520928517e-44
3456.0	1.802733182725621e-44
3456.5	1.6944327773698023e-44
3457.0	1.6681430926461406e-44
3457.5	2.4865824555705194e-44
3458.0	1.7615993186151972e-44
3458.5	1.3628172890913225e-44
3459.0	1.4885811252342092e-44
3459.5	1.559901778815466e-44
3460.0	1.6502373485464759e-44
3460.5	1.4947522225338436e-44
3461.0	1.4198556831290148e-44
3461.5	1.62237749643336e-44
3462.0	1.6332733612437912e-44
3462.5	1.5604964538955314e-44
3463.0	1.5764464604610915e-44
3463.5	1.54748641967502e-44
3464.0	1.3874190592775302e-44
3464.5	1.6296430055462566e-44
3465.0	1.6195648585875305e-44
3465.5	1.590312011925599e-44
3466.0	1.6348623620198458e-44
3466.5	1.6956126516407233e-44
3467.0	1.618673704263319e-44
3467.5	1.5898120276615432e-44
3468.0	1.5414811627836607e-44
3468.5	1.5920304283183794e-44
3469.0	1.6309010357016949e-44
3469.5	1.7352043651349441e-44
3470.0	1.5130628005547705e-44
3470.5	1.5260686700598333e-44
3471.0	1.6580301661664496e-44
3471.5	1.7228229798229428e-44
3472.0	1.6085480441338669e-44
3472.5	1.5553483984620688e-44
3473.0	1.6602478675899738e-44
3473.5	1.533753646040615e-44
3474.0	1.7214271521295878e-44
3474.5	1.6801902098363821e-44
3475.0	1.6259893074241664e-44
3475.5	1.902500327678339e-44
3476.0	1.8994265559031184e-44
3476.5	1.6686925281729142e-44
3477.0	1.4971823135718014e-44
3477.5	1.5220596463472966e-44
3478.0	1.5722404135357417e-44
3478.5	1.5884304961652363e-44
3479.0	1.494331714910398e-44
3479.5	1.473695797284319e-44
3480.0	1.697927154164567e-44
3480.5	1.7683424411066592e-44
3481.0	1.4611359735653886e-44
3481.5	1.4479653458302014e-44
3482.0	1.339450338131945e-44
3482.5	1.425375320010465e-44
3483.0	1.4467044630418744e-44
3483.5	1.4099240045092752e-44
3484.0	1.413896593464671e-44
3484.5	1.5968625744963223e-44
3485.0	1.756070767218538e-44
3485.5	1.7208650060971114e-44
3486.0	1.403287895170723e-44
3486.5	1.488813674940586e-44
3487.0	1.624404682244883e-44
3487.5	1.541547533740456e-44
3488.0	1.6095394253206266e-44
3488.5	1.5408996384707228e-44
3489.0	1.5437442421492474e-44
3489.5	1.5793922158576911e-44
3490.0	1.6447107501525625e-44
3490.5	1.6265390510452998e-44
3491.0	1.7814245404120937e-44
3491.5	1.544351135125538e-44
3492.0	1.4978921898230588e-44
3492.5	1.4753725602519618e-44
3493.0	1.3939992204684846e-44
3493.5	1.641811393464443e-44
3494.0	1.6546505202950134e-44
3494.5	1.7584380778963735e-44
3495.0	1.7049234269776911e-44
3495.5	1.6916827669895872e-44
3496.0	1.608010811262148e-44
3496.5	1.642901625975138e-44
3497.0	1.643424302300508e-44
3497.5	1.7243233055983434e-44
3498.0	1.6990982542743422e-44
3498.5	1.5441233947171456e-44
3499.0	1.624200488267607e-44
3499.5	1.6525956469453165e-44
3500.0	1.6495289000017081e-44
3500.5	1.6548323278583647e-44
3501.0	1.4646882296743976e-44
3501.5	1.6807152093740943e-44
3502.0	2.0270881425223159e-44
3502.5	1.9044365378486049e-44
3503.0	1.721083264471988e-44
3503.5	1.7467430187448836e-44
3504.0	1.8266228648281517e-44
3504.5	1.6518023019153349e-44
3505.0	1.7115896929149192e-44
3505.5	1.799882470632017e-44
3506.0	2.021677108235868e-44
3506.5	1.7425522686060834e-44
3507.0	1.5048203543381969e-44
3507.5	1.4125819986655056e-44
3508.0	1.438131906677331e-44
3508.5	1.7250360235551698e-44
3509.0	1.6994856900423878e-44
3509.5	1.8064331445905267e-44
3510.0	2.0612792460431331e-44
3510.5	1.7310547694429305e-44
3511.0	1.564015216414665e-44
3511.5	1.5817387579852968e-44
3512.0	1.527741700871066e-44
3512.5	1.716970560275543e-44
3513.0	1.825021831281944e-44
3513.5	1.6191483232685476e-44
3514.0	1.6257582837582824e-44
3514.5	1.439048636061965e-44
3515.0	1.614308682983296e-44
3515.5	1.9968975671947523e-44
3516.0	1.8369417204479654e-44
3516.5	1.6627403373226723e-44
3517.0	1.5685084220845916e-44
3517.5	1.3831072808243163e-44
3518.0	1.570988178311501e-44
3518.5	1.756057416838821e-44
3519.0	1.6491836091024116e-44
3519.5	1.672793394945269e-44
3520.0	1.945600867697939e-44
3520.5	1.819579550130371e-44
3521.0	1.6840601703424952e-44
3521.5	1.800525127315212e-44
3522.0	1.8558100699366784e-44
3522.5	1.7590304123521627e-44
3523.0	1.6253512912415104e-44
3523.5	1.5586718940603674e-44
3524.0	1.9129972893450771e-44
3524.5	1.8938037290268837e-44
3525.0	1.7464478896283124e-44
3525.5	1.8305993743830503e-44
3526.0	1.7895595195160828e-44
3526.5	1.84834980429433e-44
3527.0	1.6960561778031487e-44
3527.5	1.4888867790332646e-44
3528.0	1.4385992937577324e-44
3528.5	1.6655850849382584e-44
3529.0	1.5445261601258775e-44
3529.5	1.630772644097455e-44
3530.0	1.7520170049050794e-44
3530.5	1.6734445194110837e-44
3531.0	1.7083852494142486e-44
3531.5	1.764560010342272e-44
3532.0	1.7099097368036492e-44
3532.5	1.7676143333171983e-44
3533.0	1.7180708782962574e-44
3533.5	1.7155171999571103e-44
3534.0	1.746330516691547e-44
3534.5	1.8297309075870287e-44
3535.0	1.58374127073022e-44
3535.5	1.5029336609485584e-44
3536.0	2.1034728098111916e-44
3536.5	2.2832917786976315e-44
3537.0	2.129234522173079e-44
3537.5	1.7420082625356033e-44
3538.0	1.5010862929275096e-44
3538.5	1.5728798965956018e-44
3539.0	1.6409343872026683e-44
3539.5	1.5384908596206507e-44
3540.0	1.6254228671464243e-44
3540.5	1.4789720419864597e-44
3541.0	1.5253838893555583e-44
3541.5	1.4975792172346082e-44
3542.0	1.5174908018071596e-44
3542.5	1.5469626456344407e-44
3543.0	1.6557184135682502e-44
3543.5	1.8215911846739054e-44
3544.0	1.6460000541807938e-44
3544.5	1.5836876682848382e-44
3545.0	1.5992412458936853e-44
3545.5	1.7348683323648722e-44
3546.0	1.6927252059364184e-44
3546.5	1.7173724854073396e-44
3547.0	1.7153722411962367e-44
3547.5	1.6166975997080392e-44
3548.0	1.6911550175922962e-44
3548.5	1.6327756538866835e-44
3549.0	1.7103664502127058e-44
3549.5	1.79161159171248e-44
3550.0	1.6216136831595542e-44
3550.5	1.5837416100521458e-44
3551.0	1.713940788174623e-44
3551.5	1.9205307534158145e-44
3552.0	1.9654432435823599e-44
3552.5	1.683545400400739e-44
3553.0	1.857979613397053e-44
3553.5	1.8599074561839165e-44
3554.0	1.763374722485879e-44
3554.5	1.7253759731477087e-44
3555.0	1.6815960724677822e-44
3555.5	1.894577925257956e-44
3556.0	1.7540668955063876e-44
3556.5	1.5300799629590139e-44
3557.0	1.6735028953521647e-44
3557.5	1.5902129504687514e-44
3558.0	1.5933373541521992e-44
3558.5	1.6433784784487005e-44
3559.0	1.6349617914034363e-44
3559.5	1.9062940033122103e-44
3560.0	1.9098298474629825e-44
3560.5	1.660530345279956e-44
3561.0	1.7533416516101595e-44
3561.5	1.7589224426539298e-44
3562.0	1.7517267260660144e-44
3562.5	2.0419434303973607e-44
3563.0	1.9969405962710168e-44
3563.5	1.7418497548879767e-44
3564.0	1.5999535012303456e-44
3564.5	1.8739302868235245e-44
3565.0	1.8756980283828402e-44
3565.5	1.787456779425218e-44
3566.0	1.7854965407743709e-44
3566.5	1.531160783505481e-44
3567.0	1.6756222332265082e-44
3567.5	1.6919888323978956e-44
3568.0	1.7166239120580556e-44
3568.5	1.7424888029172139e-44
3569.0	1.8401685075474274e-44
3569.5	1.840386933297875e-44
3570.0	1.7840126932075024e-44
3570.5	1.7798663139232534e-44
3571.0	1.7857608747210414e-44
3571.5	1.9078624103704975e-44
3572.0	1.847655177872772e-44
3572.5	1.8313663820376482e-44
3573.0	1.7322184000329192e-44
3573.5	1.904493990947596e-44
3574.0	1.9148917944412234e-44
3574.5	1.7847535485070742e-44
3575.0	1.7358458324765843e-44
3575.5	1.668270509928306e-44
3576.0	1.536714136755871e-44
3576.5	1.7310223471282802e-44
3577.0	1.8034181515471947e-44
3577.5	1.858603150849385e-44
3578.0	1.81260931332506e-44
3578.5	1.7500263840399508e-44
3579.0	1.9304820936897223e-44
3579.5	1.736923944544134e-44
3580.0	1.7232020649718753e-44
3580.5	1.9413674977847347e-44
3581.0	1.7613734581642861e-44
3581.5	1.8185731205291415e-44
3582.0	1.8855401033955046e-44
3582.5	1.8322642426130991e-44
3583.0	1.7932747496523467e-44
3583.5	1.614031369823444e-44
3584.0	1.692141448273965e-44
3584.5	1.9177050819603951e-44
3585.0	1.8663588929070448e-44
3585.5	1.624773638049904e-44
3586.0	1.59928703639906e-44
3586.5	1.782742048520203e-44
3587.0	1.9347260618634437e-44
3587.5	1.951392306710183e-44
3588.0	1.7139681151241508e-44
3588.5	1.925620327480501e-44
3589.0	2.0380179404136347e-44
3589.5	1.8442909466699224e-44
3590.0	1.6842161228502883e-44
3590.5	1.702126891241754e-44
3591.0	1.9586454678735297e-44
3591.5	1.791196124549807e-44
3592.0	1.8329518751247692e-44
3592.5	1.4847377434471298e-44
3593.0	1.3732526849092988e-44
3593.5	1.4455082611621242e-44
3594.0	1.6690146998735763e-44
3594.5	1.721676925685129e-44
3595.0	1.8156396402515144e-44
3595.5	1.964851356904941e-44
3596.0	2.027637678410821e-44
3596.5	1.9988565454401549e-44
3597.0	1.807709067204058e-44
3597.5	1.9965067405975902e-44
3598.0	2.1003070393753822e-44
3598.5	2.05423376208724e-44
3599.0	1.979768743601269e-44
3599.5	2.1176310661961983e-44
3600.0	1.923835463092056e-44
3600.5	1.743015892976885e-44
3601.0	1.7027742315216544e-44
3601.5	1.7473199692028146e-44
3602.0	1.8695081759646116e-44
3602.5	1.916538204857504e-44
3603.0	1.6276697335610093e-44
3603.5	1.6595446489331526e-44
3604.0	1.7914939773012835e-44
3604.5	1.9216543554259864e-44
3605.0	1.9160375093186304e-44
3605.5	1.6736893614956405e-44
3606.0	1.7242476248380876e-44
3606.5	1.5635859155043225e-44
3607.0	1.6133622560061697e-44
3607.5	1.659181240638465e-44
3608.0	1.7051306132848015e-44
3608.5	1.7559931032162017e-44
3609.0	1.7923441299035536e-44
3609.5	1.7126974269615236e-44
3610.0	1.7248075166165055e-44
3610.5	1.6749108682257402e-44
3611.0	1.8592665521108153e-44
3611.5	1.7885491339888987e-44
3612.0	1.7260625821672066e-44
3612.5	1.8385076723637567e-44
3613.0	2.0352032003394487e-44
3613.5	2.1169030286807953e-44
3614.0	1.855926996530396e-44
3614.5	1.7515245579493636e-44
3615.0	1.744879920694095e-44
3615.5	1.9962450916740018e-44
3616.0	2.1904096547081475e-44
3616.5	2.2033455458356906e-44
3617.0	1.870714620663637e-44
3617.5	1.7607714846126058e-44
3618.0	1.7703692735375523e-44
3618.5	1.7308773059519816e-44
3619.0	1.9396680927492518e-44
3619.5	1.9040833571948722e-44
3620.0	1.8938503904526723e-44
3620.5	1.667340240145546e-44
3621.0	1.6262314036296662e-44
3621.5	1.5961086110771806e-44
3622.0	1.6286409281263522e-44
3622.5	1.893985075398666e-44
3623.0	1.991127138040343e-44
3623.5	1.8172041260232765e-44
3624.0	1.819504776836807e-44
3624.5	1.825885959800869e-44
3625.0	1.7634350233265747e-44
3625.5	1.8117026661488262e-44
3626.0	1.7828459497850872e-44
3626.5	1.723508818747502e-44
3627.0	1.5703995810826682e-44
3627.5	1.7372951792832542e-44
3628.0	1.698823523800527e-44
3628.5	1.8383928623563603e-44
3629.0	1.6250309755113331e-44
3629.5	1.7377583437822592e-44
3630.0	1.6734464242177235e-44
3630.5	1.7322455973765587e-44
3631.0	1.8088016317009103e-44
3631.5	1.823156935253164e-44
3632.0	1.8976760602577599e-44
3632.5	1.7383454853205336e-44
3633.0	1.7128724244053463e-44
3633.5	1.889170096386208e-44
3634.0	1.8235717650220732e-44
3634.5	2.028429490095806e-44
3635.0	1.7486081440420954e-44
3635.5	1.8205537874964227e-44
3636.0	1.666682922430539e-44
3636.5	1.6271670990850646e-44
3637.0	1.7861596563838485e-44
3637.5	1.8602740766529843e-44
3638.0	1.8507708740610166e-44
3638.5	1.9730927358576521e-44
3639.0	1.8561685715305235e-44
3639.5	1.8540612176013607e-44
3640.0	1.8596570342926775e-44
3640.5	1.9847267281359372e-44
3641.0	1.7258109935552125e-44
3641.5	1.6128494676115578e-44
3642.0	1.767617731724583e-44
3642.5	1.8178712258832967e-44
3643.0	1.7203140341182885e-44
3643.5	1.8517327728199624e-44
3644.0	1.9201894276404038e-44
3644.5	1.6985789255745398e-44
3645.0	1.7345535845067042e-44
3645.5	1.818575529922706e-44
3646.0	1.877980601421223e-44
3646.5	1.7596392364186447e-44
3647.0	1.626844127521871e-44
3647.5	1.809417986059954e-44
3648.0	1.7285726965093012e-44
3648.5	1.8806555759053407e-44
3649.0	1.938441417742148e-44
3649.5	1.8697158859785286e-44
3650.0	1.7908115237004284e-44
3650.5	1.8159799443298677e-44
3651.0	1.7028580065810288e-44
3651.5	1.7574653608636824e-44
3652.0	1.7670906047288459e-44
3652.5	1.8618260492970319e-44
3653.0	1.9050619585228075e-44
3653.5	1.883431035514037e-44
3654.0	1.7658345738823556e-44
3654.5	1.738889283247385e-44
3655.0	1.7726276579519918e-44
3655.5	1.684543640160322e-44
3656.0	1.8871277703293747e-44
3656.5	2.1547902981915857e-44
3657.0	1.9478043802652747e-44
3657.5	1.6736222347102807e-44
3658.0	1.729059976724204e-44
3658.5	1.7907009301646603e-44
3659.0	2.0824210250008583e-44
3659.5	1.929280271645895e-44
3660.0	1.9497492781541282e-44
3660.5	2.0336285198019064e-44
3661.0	1.8435096941564974e-44
3661.5	1.7430786426291902e-44
3662.0	1.5770046123895694e-44
3662.5	1.853378058399243e-44
3663.0	1.914456360626941e-44
3663.5	2.0473831722510425e-44
3664.0	1.9424697451895941e-44
3664.5	1.7118143548256368e-44
3665.0	1.7323477370091667e-44
3665.5	1.933136885957233e-44
3666.0	1.8250645901576315e-44
3666.5	1.8303141749448038e-44
3667.0	1.772862494979266e-44
3667.5	1.7660696251988047e-44
3668.0	1.8349032948354304e-44
3668.5	1.8974480443498076e-44
3669.0	1.843944453283684e-44
3669.5	1.8237511810262647e-44
3670.0	1.9404046685705282e-44
3670.5	1.8573732397242474e-44
3671.0	1.7452112842119748e-44
3671.5	1.7254084846500952e-44
3672.0	1.763453645230661e-44
3672.5	1.8746043451102107e-44
3673.0	1.8913714029203993e-44
3673.5	1.8853139973613079e-44
3674.0	1.7004254977965413e-44
3674.5	1.8052767352069661e-44
3675.0	1.8289966909225212e-44
3675.5	1.8389755192144157e-44
3676.0	1.7921135835155885e-44
3676.5	1.780683389796053e-44
3677.0	1.671148769303139e-44
3677.5	1.7298291179361359e-44
3678.0	1.6832157994713187e-44
3678.5	1.7594178530143595e-44
3679.0	1.805258889454404e-44
3679.5	1.866740511662295e-44
3680.0	1.8601624277547248e-44
3680.5	1.905674048693367e-44
3681.0	2.17539035676012e-44
3681.5	2.1294618895356476e-44
3682.0	1.8248079537787385e-44
3682.5	1.7785442231227043e-44
3683.0	1.6253589721398878e-44
3683.5	1.8069211669552645e-44
3684.0	1.9766765071826366e-44
3684.5	1.939252273423866e-44
3685.0	1.9731710724465282e-44
3685.5	1.7152496210418852e-44
3686.0	1.8365077332010928e-44
3686.5	2.049235153153894e-44
3687.0	1.999603905626053e-44
3687.5	1.8007432074382351e-44
3688.0	1.901736566009685e-44
3688.5	1.9153788160442867e-44
3689.0	1.709860749139852e-44
3689.5	1.8269066496670258e-44
3690.0	1.7063444619656441e-44
3690.5	1.61342700837879e-44
3691.0	1.7929284808192474e-44
3691.5	1.8301689101205602e-44
3692.0	1.7166208190347784e-44
3692.5	1.7595549484786703e-44
3693.0	1.801913043192521e-44
3693.5	2.1337119725851965e-44
3694.0	1.571801424612602e-44
3694.5	1.577347729435748e-44
3695.0	1.7045854298758232e-44
3695.5	1.8931979954036404e-44
3696.0	1.8468594714460258e-44
3696.5	1.8420997654801913e-44
3697.0	1.8525183061708934e-44
3697.5	1.775237943439441e-44
3698.0	1.7619419111892863e-44
3698.5	2.1090239675945717e-44
3699.0	2.02910235414415e-44
3699.5	1.871237104674536e-44
3700.0	1.8854608925283917e-44
3700.5	1.7076018532890696e-44
3701.0	1.8156647295574216e-44
3701.5	1.7888675659381344e-44
3702.0	1.888443990190144e-44
3702.5	2.052925229272441e-44
3703.0	1.6625546577581582e-44
3703.5	1.7639264470272427e-44
3704.0	1.697484611688849e-44
3704.5	1.7911513705544668e-44
3705.0	1.8359794478038985e-44
3705.5	1.8590388211127504e-44
3706.0	1.8324763764898202e-44
3706.5	1.6900817362948866e-44
3707.0	1.6207031332872234e-44
3707.5	1.7921660521095996e-44
3708.0	1.9053709238398081e-44
3708.5	1.8765073056203788e-44
3709.0	1.8383944614116543e-44
3709.5	1.7291629547087494e-44
3710.0	1.7932699880825158e-44
3710.5	1.8860692565166093e-44
3711.0	1.7585971079017747e-44
3711.5	1.790496498032679e-44
3712.0	1.9386770473952435e-44
3712.5	1.9090977767332141e-44
3713.0	1.9059160943526267e-44
3713.5	2.125971965016166e-44
3714.0	1.9945921064456828e-44
3714.5	2.0855332594852293e-44
3715.0	2.0202777186026755e-44
3715.5	1.9342779495220636e-44
3716.0	2.029302586303913e-44
3716.5	1.8827709471007236e-44
3717.0	2.088017420234725e-44
3717.5	2.1286294439885253e-44
3718.0	1.9636167695823416e-44
3718.5	1.9234002705234622e-44
3719.0	1.811223430160569e-44
3719.5	1.9011444147764572e-44
3720.0	1.9678921990889206e-44
3720.5	2.0949898523872182e-44
3721.0	2.1152101246036248e-44
3721.5	2.1365581692525626e-44
3722.0	2.0468090689898976e-44
3722.5	1.9761845303004928e-44
3723.0	1.8810219273266287e-44
3723.5	2.010785785687877e-44
3724.0	2.0905093085036999e-44
3724.5	1.9216727212799511e-44
3725.0	1.9394873812824704e-44
3725.5	2.0187708199915864e-44
3726.0	2.0829503361229452e-44
3726.5	2.038564705519394e-44
3727.0	2.1444223317611493e-44
3727.5	2.10647540909952e-44
3728.0	1.8734363273913783e-44
3728.5	1.9353124090261639e-44
3729.0	1.887551701037436e-44
3729.5	1.8233175797010823e-44
3730.0	1.81112182699113e-44
3730.5	1.8483732105824232e-44
3731.0	2.082769018651017e-44
3731.5	2.178121837087891e-44
3732.0	2.0569842889951134e-44
3732.5	1.832269883966663e-44
3733.0	1.8166747046914987e-44
3733.5	1.87317534676014e-44
3734.0	1.933543021099551e-44
3734.5	1.951238007875818e-44
3735.0	1.6774688458904086e-44
3735.5	1.7381277270004592e-44
3736.0	1.7932180502422668e-44
3736.5	1.989281665556483e-44
3737.0	1.5857110017057374e-44
3737.5	1.6020785506324636e-44
3738.0	1.8887463954015092e-44
3738.5	1.9699855722627358e-44
3739.0	1.7329120753283408e-44
3739.5	1.8751697180731153e-44
3740.0	1.814232029018964e-44
3740.5	1.9764184308331562e-44
3741.0	1.992561451729879e-44
3741.5	1.8311093413774557e-44
3742.0	1.8883819722803358e-44
3742.5	1.7648284303470437e-44
3743.0	1.6245058564623832e-44
3743.5	1.6947753677379423e-44
3744.0	1.6342585184633992e-44
3744.5	1.7026829892079653e-44
3745.0	1.7893134938898583e-44
3745.5	1.7399807626157223e-44
3746.0	1.9630255630082606e-44
3746.5	1.963969241086629e-44
3747.0	1.7681564528559469e-44
3747.5	1.7163754457812275e-44
3748.0	2.0037790295538348e-44
3748.5	1.9894813896387172e-44
3749.0	1.942298987860554e-44
3749.5	1.91006653027945e-44
3750.0	1.9925408909788296e-44
3750.5	1.9090182360952684e-44
3751.0	1.930511452754808e-44
3751.5	2.0294158593763217e-44
3752.0	1.9860958228009643e-44
3752.5	2.0646089764799094e-44
3753.0	1.9010889096730562e-44
3753.5	2.1959714547316192e-44
3754.0	2.387706249938213e-44
3754.5	2.3113247175811314e-44
3755.0	1.8992438919658565e-44
3755.5	1.9641037612905466e-44
3756.0	1.8375151260875558e-44
3756.5	1.7379521745130695e-44
3757.0	1.6646612774087264e-44
3757.5	1.7530568763451518e-44
3758.0	1.845048681092479e-44
3758.5	1.8719649393899687e-44
3759.0	2.018090102771917e-44
3759.5	1.9449135669943421e-44
3760.0	1.824426534912705e-44
3760.5	1.9034869461659607e-44
3761.0	1.6809839326982622e-44
3761.5	1.950438758403161e-44
3762.0	1.995930446138109e-44
3762.5	1.962773560311373e-44
3763.0	1.918491702296522e-44
3763.5	2.279165782433236e-44
3764.0	2.113294614954246e-44
3764.5	1.9248377964131723e-44
3765.0	1.902483953093776e-44
3765.5	1.9120996828345018e-44
3766.0	1.9839225418850813e-44
3766.5	1.951646028317558e-44
3767.0	1.9293571959177944e-44
3767.5	1.8432299844971654e-44
3768.0	1.862798210244957e-44
3768.5	2.1564753067403245e-44
3769.0	2.0924105748595293e-44
3769.5	1.9762488407869445e-44
3770.0	1.9519912347390718e-44
3770.5	1.766405184110624e-44
3771.0	1.5704623885173223e-44
3771.5	1.7409033363756584e-44
3772.0	1.900604230252208e-44
3772.5	2.015869033647476e-44
3773.0	2.320201902117408e-44
3773.5	2.22677824745889e-44
3774.0	1.919633605233758e-44
3774.5	1.7601956342120464e-44
3775.0	1.8543192197265802e-44
3775.5	1.9308895211819392e-44
3776.0	1.6169739365747258e-44
3776.5	1.8206254927302022e-44
3777.0	2.0598203415102613e-44
3777.5	1.870454533880343e-44
3778.0	1.640052610758821e-44
3778.5	1.76175300587537e-44
3779.0	1.9774036550015677e-44
3779.5	2.0218715490836124e-44
3780.0	1.9484338920695995e-44
3780.5	1.9587187673298143e-44
3781.0	1.9658339284640924e-44
3781.5	2.033361558136156e-44
3782.0	1.9510604313403806e-44
3782.5	1.9201718875435644e-44
3783.0	1.9016050113992487e-44
3783.5	2.0474620950607286e-44
3784.0	1.689536015818778e-44
3784.5	1.968980785101609e-44
3785.0	2.0200609938166785e-44
3785.5	2.0523307921022092e-44
3786.0	1.9923515183493145e-44
3786.5	1.754996379745889e-44
3787.0	2.0103547591566628e-44
3787.5	2.270405584959141e-44
3788.0	1.9930768409072538e-44
3788.5	1.9995146822738963e-44
3789.0	2.0272761258406839e-44
3789.5	2.0458844485418144e-44
3790.0	2.1931621333821086e-44
3790.5	2.0703467569368368e-44
3791.0	2.0485304100742852e-44
3791.5	2.0489537012740116e-44
3792.0	1.9525123349922187e-44
3792.5	1.8448201770962303e-44
3793.0	1.7727835812076172e-44
3793.5	1.9315795793753005e-44
3794.0	1.9225772342893078e-44
3794.5	1.884544462485475e-44
3795.0	1.969938385514753e-44
3795.5	1.8495607872031488e-44
3796.0	1.7975265568607916e-44
3796.5	1.8854731958862e-44
3797.0	1.873178929020973e-44
3797.5	1.783448238494542e-44
3798.0	1.8492852386081841e-44
3798.5	2.0488152182934976e-44
3799.0	2.080864557828627e-44
3799.5	1.9150922637237398e-44
3800.0	1.934636859088892e-44
3800.5	2.0775732269279143e-44
3801.0	2.2290614524381033e-44
3801.5	2.05557377870058e-44
3802.0	1.87204385665944e-44
3802.5	1.96618287366248e-44
3803.0	1.8081786145509763e-44
3803.5	1.8411304896169092e-44
3804.0	2.001071142944996e-44
3804.5	1.9943375810490642e-44
3805.0	1.765153863576366e-44
3805.5	1.7291575341967416e-44
3806.0	1.9392635242317195e-44
3806.5	1.927704393640096e-44
3807.0	2.0036847912958652e-44
3807.5	1.970952394661067e-44
3808.0	1.985067235185829e-44
3808.5	1.916082106132953e-44
3809.0	1.9439580106434743e-44
3809.5	1.9490886571181958e-44
3810.0	2.0359504714681098e-44
3810.5	2.2977392945181077e-44
3811.0	1.921733532510281e-44
3811.5	2.0013855198669396e-44
3812.0	1.8882441712956597e-44
3812.5	2.1361239982491483e-44
3813.0	1.892749788478968e-44
3813.5	1.8062842051269424e-44
3814.0	1.7638620183564056e-44
3814.5	1.9195686889610756e-44
3815.0	2.2474047447282357e-44
3815.5	2.143425304811483e-44
3816.0	1.8940621627716965e-44
3816.5	1.8714421190647165e-44
3817.0	2.0594067282000053e-44
3817.5	2.1757213913973637e-44
3818.0	1.9838240278449852e-44
3818.5	2.154669087960243e-44
3819.0	1.8594407909550933e-44
3819.5	1.9615138487048302e-44
3820.0	2.0787273532956798e-44
3820.5	2.0857641636040187e-44
3821.0	2.011166802720962e-44
3821.5	1.854473320436011e-44
3822.0	1.840273557913737e-44
3822.5	1.8847846957411873e-44
3823.0	1.8886370499354917e-44
3823.5	1.9797048218717931e-44
3824.0	2.0418480968225573e-44
3824.5	1.9160189181782235e-44
3825.0	2.0384023929626994e-44
3825.5	1.9672634842815886e-44
3826.0	1.7630168847936003e-44
3826.5	2.14800913881546e-44
3827.0	2.1145327996536998e-44
3827.5	2.0908885325348181e-44
3828.0	1.9789860884375825e-44
3828.5	1.9773157494820982e-44
3829.0	2.2674800246438434e-44
3829.5	2.102089511202261e-44
3830.0	1.9311478847823638e-44
3830.5	1.8312123530102156e-44
3831.0	1.9012976364587741e-44
3831.5	2.0029507365473045e-44
3832.0	2.1040501746516016e-44
3832.5	2.046423838739641e-44
3833.0	2.0058559703486293e-44
3833.5	2.1856895540501583e-44
3834.0	1.8730617017366825e-44
3834.5	1.8747242726337568e-44
3835.0	2.28039289195604e-44
3835.5	2.2320389342451157e-44
3836.0	2.1050609326982212e-44
3836.5	2.2125036344877325e-44
3837.0	2.2512404617993804e-44
3837.5	2.132855264693689e-44
3838.0	1.99859996335164e-44
3838.5	2.1190873556182002e-44
3839.0	2.1263156304980436e-44
3839.5	2.0251720607036071e-44
3840.0	1.950281857366374e-44
3840.5	2.3254007841893114e-44
3841.0	2.420653859209666e-44
3841.5	2.2140684532655865e-44
3842.0	2.1547042840083847e-44
3842.5	1.9542833849180916e-44
3843.0	2.154706214179639e-44
3843.5	2.1263742319471282e-44
3844.0	2.0566754536688733e-44
3844.5	1.986457132523628e-44
3845.0	2.077990295196413e-44
3845.5	1.9053059312167567e-44
3846.0	1.771343844154934e-44
3846.5	1.9272635480122256e-44
3847.0	2.0206135265529142e-44
3847.5	2.2125203987251884e-44
3848.0	2.2791724084401375e-44
3848.5	2.218200216440785e-44
3849.0	2.079557470423831e-44
3849.5	2.2194561803051277e-44
3850.0	2.1749161378369673e-44
3850.5	2.0217287416337773e-44
3851.0	1.969866204274192e-44
3851.5	1.937309201134206e-44
3852.0	1.8413466032568887e-44
3852.5	1.9350712636110178e-44
3853.0	1.8893132727685724e-44
3853.5	1.948321953974849e-44
3854.0	2.1616654144797578e-44
3854.5	2.0751780883258946e-44
3855.0	2.086561839606176e-44
3855.5	2.000196024113335e-44
3856.0	2.2362260142176324e-44
3856.5	2.0664371601730878e-44
3857.0	2.1014980718097286e-44
3857.5	2.0649538988647905e-44
3858.0	1.8758753722920348e-44
3858.5	1.8017697163079574e-44
3859.0	1.9910928828387404e-44
3859.5	2.2885665954182763e-44
3860.0	2.3461286268795913e-44
3860.5	1.888183863191771e-44
3861.0	2.0818353569938723e-44
3861.5	2.1406456221032417e-44
3862.0	2.0237996654569296e-44
3862.5	2.16759415287552e-44
3863.0	2.3079782088781176e-44
3863.5	2.1677574272087032e-44
3864.0	1.9821766555170675e-44
3864.5	2.0567857060354786e-44
3865.0	2.0645550567730418e-44
3865.5	1.9794836442999358e-44
3866.0	1.824835114604004e-44
3866.5	1.919694315221973e-44
3867.0	2.304796655346804e-44
3867.5	2.196805664823655e-44
3868.0	2.1035291806661855e-44
3868.5	1.978186045987641e-44
3869.0	2.0461975735974612e-44
3869.5	2.0901509019750387e-44
3870.0	2.0561310418575546e-44
3870.5	2.019799135734432e-44
3871.0	2.1130462872842448e-44
3871.5	2.226552444042349e-44
3872.0	2.3178597206423573e-44
3872.5	2.1341607652119543e-44
3873.0	1.8355091720261741e-44
3873.5	1.9957476779813467e-44
3874.0	2.3262808709228966e-44
3874.5	1.9048416379357987e-44
3875.0	1.9722185826406687e-44
3875.5	1.971589194473681e-44
3876.0	2.0151338156386086e-44
3876.5	2.0018605609892118e-44
3877.0	2.0841108873503519e-44
3877.5	2.0355320671507344e-44
3878.0	2.133261001238273e-44
3878.5	2.0202265397708474e-44
3879.0	1.7843447971909894e-44
3879.5	2.018402381130803e-44
3880.0	2.2473248911396924e-44
3880.5	2.0192128503793143e-44
3881.0	2.143354508411379e-44
3881.5	1.9873672509574083e-44
3882.0	2.1784657507794077e-44
3882.5	2.1574722593048697e-44
3883.0	1.9725838770949397e-44
3883.5	2.117302981553614e-44
3884.0	2.0534338777524696e-44
3884.5	2.136821955476709e-44
3885.0	2.0856542698225397e-44
3885.5	1.9665271659605865e-44
3886.0	1.9725956108153418e-44
3886.5	2.091283693410477e-44
3887.0	2.320886250083358e-44
3887.5	2.248996183995809e-44
3888.0	1.9568105158403846e-44
3888.5	1.9730183027841426e-44
3889.0	2.0573929528800646e-44
3889.5	2.128615152776245e-44
3890.0	2.0248005865702065e-44
3890.5	2.208743480866344e-44
3891.0	1.9713116022588494e-44
3891.5	1.9505394885777682e-44
3892.0	1.831864720286825e-44
3892.5	1.9259905580580108e-44
3893.0	2.282005074971525e-44
3893.5	2.0026000537839688e-44
3894.0	1.9316244390853695e-44
3894.5	2.1175186298195412e-44
3895.0	2.1685422598887746e-44
3895.5	2.1176033932602443e-44
3896.0	2.25063742579267e-44
3896.5	2.140257677197864e-44
3897.0	2.2420769607532552e-44
3897.5	2.007825270000316e-44
3898.0	2.0774326530471413e-44
3898.5	2.2278547200060333e-44
3899.0	2.2248249925078007e-44
3899.5	2.0878366935169649e-44
3900.0	2.1690618674444758e-44
3900.5	2.1433984441696983e-44
3901.0	2.058944424594904e-44
3901.5	2.1032989797107635e-44
3902.0	1.9540160017778398e-44
3902.5	1.9682648696952009e-44
3903.0	1.9939396298295397e-44
3903.5	1.9512326635490445e-44
3904.0	1.9316242820177585e-44
3904.5	2.164128215482893e-44
3905.0	2.4817851596860864e-44
3905.5	2.070144149906858e-44
3906.0	1.785751004104363e-44
3906.5	2.0282402588828797e-44
3907.0	2.249684595677767e-44
3907.5	2.243887240620826e-44
3908.0	2.0431676958037866e-44
3908.5	2.2201114533819196e-44
3909.0	2.181301557040386e-44
3909.5	2.2805632285997144e-44
3910.0	2.189128963413285e-44
3910.5	2.0316371561651706e-44
3911.0	2.2004567406167679e-44
3911.5	2.0734890945970983e-44
3912.0	2.0327164108214904e-44
3912.5	1.9967060795948888e-44
3913.0	2.0702606234746946e-44
3913.5	1.9319016087362e-44
3914.0	2.0656449158643334e-44
3914.5	2.0761299706514682e-44
3915.0	2.0856311209848398e-44
3915.5	2.0045101895621191e-44
3916.0	2.0093765098300419e-44
3916.5	1.9746560768222853e-44
3917.0	2.0839893290630552e-44
3917.5	2.2668658028884707e-44
3918.0	1.9433851270514751e-44
3918.5	1.1104643264667662e-43
3919.0	3.922683417435346e-43
3919.5	1.0853551680953503e-43
3920.0	2.0417031217406358e-44
3920.5	2.1358948119242066e-44
3921.0	2.0842924721859221e-44
3921.5	2.1788445719096902e-44
3922.0	2.5156065050494883e-44
3922.5	2.33916249661029e-44
3923.0	2.394928498406891e-44
3923.5	2.309706752745017e-44
3924.0	2.1673945859618602e-44
3924.5	2.1693265505289484e-44
3925.0	2.4904808846092613e-44
3925.5	1.8568499479803469e-44
3926.0	1.8427277036608457e-44
3926.5	2.1558465424865903e-44
3927.0	2.1181477215328983e-44
3927.5	2.444812696236871e-44
3928.0	2.793624983508246e-44
3928.5	2.5559513355226735e-44
3929.0	2.3007017904891376e-44
3929.5	2.2135393705436818e-44
3930.0	2.2203781343496198e-44
3930.5	2.16341217521083e-44
3931.0	2.0169634767118021e-44
3931.5	1.9541881831395042e-44
3932.0	2.0518691745299563e-44
3932.5	2.009027543027618e-44
3933.0	2.260836888173373e-44
3933.5	2.1450411652967723e-44
3934.0	2.1474034639463485e-44
3934.5	2.219222393852505e-44
3935.0	2.0803272571755163e-44
3935.5	1.9872388831377452e-44
3936.0	2.046041358267773e-44
3936.5	2.2016948389085333e-44
3937.0	2.0585065250325669e-44
3937.5	2.3660116287397203e-44
3938.0	2.4250702954045593e-44
3938.5	2.4145485249129947e-44
3939.0	1.9640947747339803e-44
3939.5	2.1034373884602138e-44
3940.0	2.324477349803605e-44
3940.5	2.334949595146233e-44
3941.0	2.0358195001695188e-44
3941.5	1.938866667131341e-44
3942.0	1.99502700371485e-44
3942.5	2.1710387082914396e-44
3943.0	2.1124378470683423e-44
3943.5	2.293747779421435e-44
3944.0	2.0883262236515704e-44
3944.5	2.0153593308506701e-44
3945.0	1.979658174957351e-44
3945.5	2.0112072097081827e-44
3946.0	1.9245733396251893e-44
3946.5	1.7681511310462992e-44
3947.0	1.8346808165087293e-44
3947.5	2.0248363860450768e-44
3948.0	2.0966224161434734e-44
3948.5	2.1176870950175125e-44
3949.0	2.2280009614496867e-44
3949.5	2.533658192916061e-44
3950.0	2.2059896237160368e-44
3950.5	1.882113005755548e-44
3951.0	1.9988593808634235e-44
3951.5	2.342011018567162e-44
3952.0	2.3792546555469875e-44
3952.5	2.2405479765355548e-44
3953.0	2.438189288444896e-44
3953.5	2.1604001228115768e-44
3954.0	1.9281524792249079e-44
3954.5	2.306095170239481e-44
3955.0	2.451063552489605e-44
3955.5	2.416289236604145e-44
3956.0	2.04336492831266e-44
3956.5	2.2182379768770219e-44
3957.0	2.0712922997503783e-44
3957.5	2.2187321135565824e-44
3958.0	2.19657634212824e-44
3958.5	2.0452722098116704e-44
3959.0	1.980988994434977e-44
3959.5	1.8317700571991786e-44
3960.0	1.9500199712028864e-44
3960.5	2.1870517943641556e-44
3961.0	2.4053052438008855e-44
3961.5	2.408895735207271e-44
3962.0	2.3344369395290356e-44
3962.5	2.113593936515335e-44
3963.0	1.9946713372312507e-44
3963.5	2.127989598002357e-44
3964.0	2.2296259311989274e-44
3964.5	2.1337063248849552e-44
3965.0	2.1458947088054818e-44
3965.5	2.213325156270868e-44
3966.0	2.23386812868184e-44
3966.5	2.2500109827696955e-44
3967.0	2.1349466338910965e-44
3967.5	2.2268364921750968e-44
3968.0	2.1045403854237916e-44
3968.5	2.000629477421674e-44
3969.0	2.1069959597868878e-44
3969.5	2.1408418893101185e-44
3970.0	2.2845148016881776e-44
3970.5	2.30214567301582e-44
3971.0	2.39461230333187e-44
3971.5	2.1099222587348632e-44
3972.0	2.1676833554507528e-44
3972.5	2.504413654912154e-44
3973.0	2.447970120255906e-44
3973.5	2.319653240463704e-44
3974.0	2.3339164743179875e-44
3974.5	2.3331642755614015e-44
3975.0	2.1521873408014247e-44
3975.5	2.1211638268560883e-44
3976.0	2.342767268666026e-44
3976.5	2.364384471353538e-44
3977.0	2.213828090725729e-44
3977.5	2.1406179518719356e-44
3978.0	2.0919347115852288e-44
3978.5	2.046335631205288e-44
3979.0	2.261676649340694e-44
3979.5	2.2344840786249608e-44
3980.0	2.2806494613641697e-44
3980.5	2.427827563693508e-44
3981.0	2.5584167055028074e-44
3981.5	2.367332227291526e-44
3982.0	2.0174498613783102e-44
3982.5	2.0508956256123853e-44
3983.0	2.1371144198724957e-44
3983.5	2.0580113761568564e-44
3984.0	2.2233638607159918e-44
3984.5	2.070952055251372e-44
3985.0	2.2931367814021573e-44
3985.5	2.4753549789352107e-44
3986.0	2.374843704704701e-44
3986.5	2.260123859137896e-44
3987.0	2.1950398733573962e-44
3987.5	2.2372334937879317e-44
3988.0	2.1616339178533409e-44
3988.5	2.2334295828320624e-44
3989.0	2.4620718434459937e-44
3989.5	2.500522430786747e-44
3990.0	2.3507517351479324e-44
3990.5	2.0741765262578226e-44
3991.0	1.856326838163872e-44
3991.5	2.2178485547356515e-44
3992.0	2.4156519425449595e-44
3992.5	2.4779968287195683e-44
3993.0	2.187771120463689e-44
3993.5	1.86628027730229e-44
3994.0	2.059377054194148e-44
3994.5	2.6715494081604183e-44
3995.0	2.483758226816856e-44
3995.5	2.1964681205074192e-44
3996.0	2.095761105659088e-44
3996.5	2.173977785339908e-44
3997.0	2.3588250407175987e-44
3997.5	2.0519889440820995e-44
3998.0	2.1424999731894931e-44
3998.5	2.189026193077258e-44
3999.0	2.1294179960353657e-44
3999.5	2.367650154596396e-44
4000.0	2.5864462698114345e-44
4000.5	2.2408840661306362e-44
4001.0	2.0145753544994912e-44
4001.5	2.2279110292683266e-44
4002.0	2.245436715696856e-44
4002.5	2.3142668202302163e-44
4003.0	2.245031104650294e-44
4003.5	1.9042780800190933e-44
4004.0	1.8209353753800093e-44
4004.5	2.005728054219047e-44
4005.0	2.3580531531050007e-44
4005.5	2.5158999385569347e-44
4006.0	2.251284616969437e-44
4006.5	2.0222086138854197e-44
4007.0	2.130090654872243e-44
4007.5	1.9988733573575e-44
4008.0	2.0301159640814387e-44
4008.5	2.370288161178225e-44
4009.0	2.1934593738138826e-44
4009.5	2.0951678368400908e-44
4010.0	2.1236634559767434e-44
4010.5	2.0989455418343043e-44
4011.0	2.0844495251889265e-44
4011.5	2.3223113123312336e-44
4012.0	2.3627308225165483e-44
4012.5	2.374443267377845e-44
4013.0	2.307319694021538e-44
4013.5	2.2911361797283916e-44
4014.0	3.115235236308835e-44
4014.5	2.455131805812711e-43
4015.0	2.627459469589874e-43
4015.5	3.1915863140838825e-44
4016.0	2.035576923709594e-44
4016.5	1.9615113064424309e-44
4017.0	2.2333490907810596e-44
4017.5	3.015841352712927e-44
4018.0	4.3806415985268413e-44
4018.5	2.6765181960201237e-44
4019.0	2.1824337999210912e-44
4019.5	2.3002150841008943e-44
4020.0	2.288971251179616e-44
4020.5	2.329993863804193e-44
4021.0	2.2263847189156918e-44
4021.5	2.1836000205894577e-44
4022.0	2.036808933246077e-44
4022.5	2.1364625784178264e-44
4023.0	2.1105309052509448e-44
4023.5	2.514176446182349e-44
4024.0	2.4926081169695836e-44
4024.5	2.401507100026249e-44
4025.0	2.1515437592807783e-44
4025.5	2.1671148157710396e-44
4026.0	2.1978392551507718e-44
4026.5	2.0306894399944467e-44
4027.0	2.274049683988474e-44
4027.5	2.3645104552620307e-44
4028.0	2.466060985850421e-44
4028.5	2.304263412696045e-44
4029.0	2.19497285451842e-44
4029.5	2.2779154603050986e-44
4030.0	2.2200097321850128e-44
4030.5	1.9646378837085056e-44
4031.0	2.165411933402668e-44
4031.5	2.2748635992607897e-44
4032.0	2.07813144497998e-44
4032.5	2.341712246736729e-44
4033.0	2.2586061446613954e-44
4033.5	2.3012433871807555e-44
4034.0	2.3475857832183756e-44
4034.5	2.2798949582490655e-44
4035.0	2.3802580279662015e-44
4035.5	2.1987743423571083e-44
4036.0	2.292171577543634e-44
4036.5	2.6318091533740714e-44
4037.0	2.776554822633632e-44
4037.5	2.388610565680796e-44
4038.0	2.316800662804678e-44
4038.5	2.4629147101543603e-44
4039.0	2.3869548269637743e-44
4039.5	2.335904233334569e-44
4040.0	2.2200615815618403e-44
4040.5	2.054811652414474e-44
4041.0	2.2054304677047092e-44
4041.5	2.119252214245666e-44
4042.0	2.25526436593928e-44
4042.5	2.205437384080941e-44
4043.0	2.0087870289982406e-44
4043.5	2.0216084845144573e-44
4044.0	2.260931587231585e-44
4044.5	2.128254052509801e-44
4045.0	2.102871563277121e-44
4045.5	2.289808881996304e-44
4046.0	2.702467666624288e-44
4046.5	2.339280337840401e-44
4047.0	2.311376427330047e-44
4047.5	2.300254219169329e-44
4048.0	2.1237666710058357e-44
4048.5	2.035775171436811e-44
4049.0	2.1794928377065684e-44
4049.5	2.3962933931051585e-44
4050.0	2.4703002546541157e-44
4050.5	2.6221790130041795e-44
4051.0	2.434386076907123e-44
4051.5	2.2164163267264214e-44
4052.0	2.279980914166665e-44
4052.5	2.266326335691698e-44
4053.0	2.2174510489058064e-44
4053.5	2.1358343552200127e-44
4054.0	2.503162596235464e-44
4054.5	2.683122407736359e-44
4055.0	2.2641216765838244e-44
4055.5	2.1346355401010603e-44
4056.0	2.156182085959663e-44
4056.5	2.3886106397883404e-44
4057.0	2.366418163737326e-44
4057.5	2.2470644606981745e-44
4058.0	2.299399464193621e-44
4058.5	2.421320791305702e-44
4059.0	2.3215263543297e-44
4059.5	2.0256999555312405e-44
4060.0	2.0489316656229824e-44
4060.5	2.2015084219207368e-44
4061.0	2.14155418735639e-44
4061.5	2.0877836561349092e-44
4062.0	2.2361830618650233e-44
4062.5	2.066229922527293e-44
4063.0	2.1481914185364424e-44
4063.5	2.1851800382324866e-44
4064.0	2.1800528056050838e-44
4064.5	2.1345870059850934e-44
4065.0	2.4415620389423636e-44
4065.5	2.2030279876458565e-44
4066.0	2.466215619191774e-44
4066.5	9.326969960217526e-44
4067.0	9.87381746043867e-44
4067.5	2.521153238215748e-44
4068.0	2.2546805774146954e-44
4068.5	2.333306202569046e-44
4069.0	2.3167975690460544e-44
4069.5	2.394409072053985e-44
4070.0	2.270179254940905e-44
4070.5	2.483716636904166e-44
4071.0	2.2181978491934498e-44
4071.5	2.0563197396470733e-44
4072.0	2.1587621985268878e-44
4072.5	2.473480061188476e-44
4073.0	2.523969840997183e-44
4073.5	2.293551216221014e-44
4074.0	2.1146149603362874e-44
4074.5	2.1978973389301647e-44
4075.0	2.4229924996410237e-44
4075.5	2.3916081858583814e-44
4076.0	2.366808030860429e-44
4076.5	2.2374868624906782e-44
4077.0	2.1208261494125486e-44
4077.5	2.317251489029148e-44
4078.0	2.591221306888185e-44
4078.5	2.4187510836389283e-44
4079.0	2.3397548498712717e-44
4079.5	2.478265366093588e-44
4080.0	2.3490326304052664e-44
4080.5	2.4932641763816234e-44
4081.0	2.3199367701595483e-44
4081.5	2.389856004130856e-44
4082.0	2.1833941821524983e-44
4082.5	2.0202616005549801e-44
4083.0	2.392614723973805e-44
4083.5	2.5177466430456676e-44
4084.0	2.5516482226562074e-44
4084.5	2.5925159110802285e-44
4085.0	2.693163723126013e-44
4085.5	2.5367915269515845e-44
4086.0	2.1388231674168857e-44
4086.5	2.0237529610288082e-44
4087.0	2.0192888464390936e-44
4087.5	2.1424398371300763e-44
4088.0	2.2081055069837733e-44
4088.5	2.3020045193937366e-44
4089.0	2.1170863638377344e-44
4089.5	2.362943353915818e-44
4090.0	2.313399109894207e-44
4090.5	2.1378312335877191e-44
4091.0	2.4750763792067364e-44
4091.5	2.4738323460161195e-44
4092.0	2.3054841220605733e-44
4092.5	2.2205570501743163e-44
4093.0	2.4741909175670933e-44
4093.5	2.479940381133915e-44
4094.0	2.1784415829423084e-44
4094.5	2.1909470303036843e-44
4095.0	2.2597492330880723e-44
4095.5	2.2243087331874637e-44
4096.0	2.159873777602603e-44
4096.5	2.3386833498675705e-44
4097.0	2.256561763643874e-44
4097.5	2.3892546434194387e-44
4098.0	2.1819279793229635e-44
4098.5	2.045098925967336e-44
4099.0	2.1645885367154147e-44
4099.5	2.3473315687285113e-44
4100.0	2.2103480080830876e-44
4100.5	2.3011808325740836e-44
4101.0	2.333329493866317e-44
4101.5	2.2847898901377e-44
4102.0	2.0554040013380438e-44
4102.5	2.320930807002919e-44
4103.0	2.5061293413481343e-44
4103.5	2.515945187173369e-44
4104.0	2.2191187071252085e-44
4104.5	2.2404161257366704e-44
4105.0	2.1004124599738024e-44
4105.5	2.0503346569745234e-44
4106.0	2.1420206725214607e-44
4106.5	2.2334670144344784e-44
4107.0	2.402530952715824e-44
4107.5	2.491545091723689e-44
4108.0	2.2308249222190966e-44
4108.5	2.393642874547663e-44
4109.0	2.35393733532324e-44
4109.5	2.1920639691165474e-44
4110.0	2.4987586900670175e-44
4110.5	2.6840765914636285e-44
4111.0	2.610524242309365e-44
4111.5	2.384008804207012e-44
4112.0	2.2867243460175806e-44
4112.5	2.4530083272170886e-44
4113.0	2.2209546538062e-44
4113.5	2.1879132768524826e-44
4114.0	2.389818519473139e-44
4114.5	2.291196443181806e-44
4115.0	2.292954534654265e-44
4115.5	2.259387082075121e-44
4116.0	2.1404283662310903e-44
4116.5	9.527200645661679e-42
4117.0	3.805009442015053e-41
4117.5	9.578636383401571e-42
4118.0	2.5262024943153324e-44
4118.5	2.6657572474737235e-44
4119.0	2.4722234944860835e-44
4119.5	2.5284112978998797e-44
4120.0	2.567046512512253e-44
4120.5	2.484181688577197e-44
4121.0	2.163412571962636e-44
4121.5	2.1738294259077723e-44
4122.0	2.305050241882328e-44
4122.5	2.5469131786699907e-44
4123.0	2.6539862045719977e-44
4123.5	2.60312057649411e-44
4124.0	2.8382643067025927e-44
4124.5	2.9133886011125715e-44
4125.0	2.69160124071944e-44
4125.5	2.2319169621780808e-44
4126.0	2.1984197444776276e-44
4126.5	2.341118383232804e-44
4127.0	2.5480053417803143e-44
4127.5	2.455529924816832e-44
4128.0	2.4389995847394433e-44
4128.5	2.6290803485049325e-44
4129.0	2.358057005859267e-44
4129.5	2.455394098754509e-44
4130.0	2.4702859238108104e-44
4130.5	2.2084796304018778e-44
4131.0	2.1771430846872324e-44
4131.5	2.271360191163457e-44
4132.0	2.4570838061186384e-44
4132.5	2.3994406968476125e-44
4133.0	2.572742619453087e-44
4133.5	2.333274374903922e-44
4134.0	2.2177255747232292e-44
4134.5	2.1394385664068038e-44
4135.0	2.371797512078388e-44
4135.5	2.304616100235871e-44
4136.0	2.427297257801089e-44
4136.5	2.586236419881747e-44
4137.0	2.4709139402264525e-44
4137.5	2.6941536099138506e-44
4138.0	2.383577117282175e-44
4138.5	2.5455672958779837e-44
4139.0	2.285712868694053e-44
4139.5	2.2486053716157477e-44
4140.0	2.5809885363181907e-44
4140.5	2.8474899590041413e-44
4141.0	2.4404632949781213e-44
4141.5	2.0117840335685768e-44
4142.0	2.0898711470255826e-44
4142.5	2.231167033656689e-44
4143.0	2.2556992645570914e-44
4143.5	2.3431649415885387e-44
4144.0	2.3757977105101027e-44
4144.5	2.5328167101777464e-44
4145.0	2.41566504310522e-44
4145.5	2.4255838837173064e-44
4146.0	2.2217874055366764e-44
4146.5	2.1234869164181558e-44
4147.0	2.2749967973172797e-44
4147.5	2.522594336856694e-44
4148.0	2.574778575693018e-44
4148.5	2.146930302957277e-44
4149.0	2.0838441880957632e-44
4149.5	2.158118348375243e-44
4150.0	2.2752784163319876e-44
4150.5	2.384005270018753e-44
4151.0	2.3545223265294213e-44
4151.5	2.4990687620390243e-44
4152.0	2.455952788868351e-44
4152.5	2.3568435138468492e-44
4153.0	2.197641605547336e-44
4153.5	2.3021909862484295e-44
4154.0	2.2561654423522503e-44
4154.5	2.272224324677056e-44
4155.0	2.3947918926725204e-44
4155.5	2.3123184775472536e-44
4156.0	2.329568554732653e-44
4156.5	2.612830749211805e-44
4157.0	2.699234374858692e-44
4157.5	2.43414271749543e-44
4158.0	2.4974357182454686e-44
4158.5	2.4404754455162363e-44
4159.0	2.2212664607741395e-44
4159.5	2.4073203994575016e-44
4160.0	2.293334775661231e-44
4160.5	2.320726499902658e-44
4161.0	2.317636287847258e-44
4161.5	2.4878673629761757e-44
4162.0	2.4767654970556245e-44
4162.5	2.3306234518891024e-44
4163.0	2.3283716502691983e-44
4163.5	2.4062730290705283e-44
4164.0	2.5071734602245153e-44
4164.5	2.2414762269060232e-44
4165.0	2.1227612830149237e-44
4165.5	2.30563870577206e-44
4166.0	2.321064532644802e-44
4166.5	2.633191262477228e-44
4167.0	2.958887875225461e-44
4167.5	2.5221989614888156e-44
4168.0	2.4873950645015106e-44
4168.5	2.403546284688437e-44
4169.0	2.3431225881911423e-44
4169.5	2.28665194223327e-44
4170.0	2.5277098189675134e-44
4170.5	2.477531938422079e-44
4171.0	2.1043629677959965e-44
4171.5	2.2307703272545048e-44
4172.0	2.267097229296519e-44
4172.5	2.5751073992376927e-44
4173.0	2.5164050410047796e-44
4173.5	2.395675151504753e-44
4174.0	2.4712777792499843e-44
4174.5	2.688714592183781e-44
4175.0	2.7332509473976565e-44
4175.5	2.5848232874494757e-44
4176.0	2.219018889588735e-44
4176.5	2.4580846948942064e-44
4177.0	2.655401452792622e-44
4177.5	2.2273814695782075e-44
4178.0	2.3056940949452533e-44
4178.5	2.4760876956153064e-44
4179.0	2.526399495818579e-44
4179.5	2.4684562481772204e-44
4180.0	2.528242679022073e-44
4180.5	2.420998441626948e-44
4181.0	2.3365997759556755e-44
4181.5	2.1218939256226255e-44
4182.0	2.2252039856024138e-44
4182.5	2.3581084009433843e-44
4183.0	2.423445932461229e-44
4183.5	2.2999733427599207e-44
4184.0	2.3699836271306204e-44
4184.5	2.4947517144567575e-44
4185.0	2.6867296367359124e-44
4185.5	2.6908379419283886e-44
4186.0	2.332339560131513e-44
4186.5	2.1423549239000956e-44
4187.0	2.542473016945747e-44
4187.5	2.6519198650888627e-44
4188.0	2.448490619004286e-44
4188.5	2.519071785439173e-44
4189.0	2.3018445608119487e-44
4189.5	2.3869750973958415e-44
4190.0	2.3553955093310917e-44
4190.5	2.301936855861744e-44
4191.0	2.328659442141169e-44
4191.5	2.331412513554608e-44
4192.0	2.320893074700004e-44
4192.5	2.372438986040888e-44
4193.0	2.3514421165168855e-44
4193.5	2.45979678562396e-44
4194.0	2.415787425360258e-44
4194.5	2.629065736258085e-44
4195.0	2.717036990726516e-44
4195.5	2.5875795565050007e-44
4196.0	2.392625876159708e-44
4196.5	2.612217361891948e-44
4197.0	2.51418501284664e-44
4197.5	2.02805666924844e-44
4198.0	2.2357809997334892e-44
4198.5	2.1475303867774455e-44
4199.0	2.2037130554661328e-44
4199.5	2.5498226220872744e-44
4200.0	2.623738114107391e-44
4200.5	2.74174211893302e-44
4201.0	2.474617427561171e-44
4201.5	2.519158745667208e-44
4202.0	2.560382417410895e-44
4202.5	2.5337101696266937e-44
4203.0	2.4716472612110605e-44
4203.5	2.3477980658072475e-44
4204.0	2.2794724886937665e-44
4204.5	2.6097003969324867e-44
4205.0	3.022043256793097e-44
4205.5	2.6617631558885776e-44
4206.0	2.682714105551176e-44
4206.5	2.5323171836114065e-44
4207.0	2.633288462584846e-44
4207.5	2.4904363669136767e-44
4208.0	2.4813894005029816e-44
4208.5	2.6799178591127025e-44
4209.0	2.53973242722704e-44
4209.5	2.6962630678187907e-44
4210.0	2.5161800022153747e-44
4210.5	2.094820488893403e-44
4211.0	2.27195590576732e-44
4211.5	2.324760902678028e-44
4212.0	2.394012245026156e-44
4212.5	2.3644058181065063e-44
4213.0	2.209838298129083e-44
4213.5	2.2501407988971026e-44
4214.0	2.433781895650314e-44
4214.5	2.301119342571604e-44
4215.0	2.1245535193442423e-44
4215.5	2.3352142037259004e-44
4216.0	2.8910573207506703e-44
4216.5	2.770951941105424e-44
4217.0	2.316944597978689e-44
4217.5	2.1677629134092088e-44
4218.0	2.281399783043255e-44
4218.5	2.326552585145325e-44
4219.0	2.625530574837239e-44
4219.5	2.677419762953735e-44
4220.0	2.277746845479507e-44
4220.5	2.5323683635236897e-44
4221.0	2.8890271498961873e-44
4221.5	2.443665410899981e-44
4222.0	2.2876821377284755e-44
4222.5	2.2339322312854748e-44
4223.0	2.448691654491801e-44
4223.5	2.6058305909540064e-44
4224.0	2.6040298160050507e-44
4224.5	2.744195505077585e-44
4225.0	2.6769150548793545e-44
4225.5	2.565300537493973e-44
4226.0	2.7589612280605386e-44
4226.5	2.5176345590147835e-44
4227.0	2.3410975736227173e-44
4227.5	2.1324665567503564e-44
4228.0	2.1135181519659095e-44
4228.5	2.28676371589421e-44
4229.0	2.532721287893949e-44
4229.5	2.52250308521438e-44
4230.0	2.660888294300493e-44
4230.5	2.759824240784666e-44
4231.0	2.629828673955822e-44
4231.5	2.3555962593888984e-44
4232.0	2.347005897886095e-44
4232.5	2.371402379278015e-44
4233.0	2.3886685367481245e-44
4233.5	2.68271194196648e-44
4234.0	2.397478106035565e-44
4234.5	2.358154924317508e-44
4235.0	2.723950978373733e-44
4235.5	2.6359024548862463e-44
4236.0	2.5513819693734826e-44
4236.5	2.489871389105977e-44
4237.0	2.4481293135624905e-44
4237.5	2.5772611247037116e-44
4238.0	2.596240175019795e-44
4238.5	2.7247961311450817e-44
4239.0	2.568747768905482e-44
4239.5	2.2500904844043357e-44
4240.0	2.0856483763763645e-44
4240.5	2.1507501621517626e-44
4241.0	2.5244194639306713e-44
4241.5	2.52498215764074e-44
4242.0	2.5843171251015837e-44
4242.5	2.743057955860753e-44
4243.0	2.668495309499833e-44
4243.5	2.3383632582944333e-44
4244.0	2.424572029939035e-44
4244.5	2.571363857470169e-44
4245.0	2.7491288722706514e-44
4245.5	2.5454045351711336e-44
4246.0	2.489842881859799e-44
4246.5	2.7178952792830897e-44
4247.0	2.868138457236515e-44
4247.5	2.3676303894667613e-44
4248.0	2.327264887688808e-44
4248.5	2.461284948727897e-44
4249.0	2.484032650966977e-44
4249.5	2.441779048911052e-44
4250.0	2.421368037356064e-44
4250.5	2.4338023996093515e-44
4251.0	2.850732511731205e-44
4251.5	2.7411877859808757e-44
4252.0	2.399473326224397e-44
4252.5	2.6078784386735453e-44
4253.0	2.552821962041164e-44
4253.5	2.623215352800273e-44
4254.0	2.415506072373996e-44
4254.5	2.3316524627162354e-44
4255.0	2.5696533955135843e-44
4255.5	2.7544532644004444e-44
4256.0	2.6715332478571424e-44
4256.5	2.5679893068257214e-44
4257.0	2.6433593001099567e-44
4257.5	2.7632535671751473e-44
4258.0	2.5149038693347007e-44
4258.5	2.50616694249999e-44
4259.0	2.504410351345342e-44
4259.5	2.8700244661264795e-44
4260.0	2.634946500153097e-44
4260.5	2.3104660821463286e-44
4261.0	2.2866153050838473e-44
4261.5	2.4764714623921023e-44
4262.0	2.737017012750229e-44
4262.5	2.865058205770472e-44
4263.0	2.7371835657459113e-44
4263.5	2.4640458024792474e-44
4264.0	2.631642142933039e-44
4264.5	2.536963542441369e-44
4265.0	2.2356642087665697e-44
4265.5	2.0950863459200924e-44
4266.0	2.3998380071342597e-44
4266.5	2.8194832052367304e-44
4267.0	2.6884538587551746e-44
4267.5	2.5798473146909745e-44
4268.0	2.5748680794296514e-44
4268.5	2.774535801493592e-44
4269.0	2.661486564290227e-44
4269.5	2.357673079590256e-44
4270.0	2.544322740263445e-44
4270.5	2.430690059690151e-44
4271.0	2.560578073135905e-44
4271.5	2.5082735852007113e-44
4272.0	2.5316860019236687e-44
4272.5	2.4732011191859393e-44
4273.0	2.4657195932408387e-44
4273.5	2.6191755960519646e-44
4274.0	2.473822096612732e-44
4274.5	2.5528686369040263e-44
4275.0	2.693689266804649e-44
4275.5	2.8514557066237274e-44
4276.0	2.7033195100231726e-44
4276.5	2.533859454228973e-44
4277.0	2.579548089638375e-44
4277.5	2.507406325784919e-44
4278.0	2.2334456298832507e-44
4278.5	2.1234129674439493e-44
4279.0	2.4581060492913685e-44
4279.5	2.301929740113238e-44
4280.0	2.375517208479678e-44
4280.5	2.642054298577248e-44
4281.0	2.7605508668888585e-44
4281.5	2.766144757488065e-44
4282.0	2.8848122709533984e-44
4282.5	2.681607624636034e-44
4283.0	2.6163963091614006e-44
4283.5	2.7932144433861605e-44
4284.0	2.6240918258117387e-44
4284.5	2.606718550819571e-44
4285.0	2.672009409853245e-44
4285.5	2.851290836029743e-44
4286.0	2.7534802813039247e-44
4286.5	2.418200880739257e-44
4287.0	2.2115801072541992e-44
4287.5	2.498757709965725e-44
4288.0	2.753139749119408e-44
4288.5	2.569714026139573e-44
4289.0	2.604746449781622e-44
4289.5	2.516217157559005e-44
4290.0	2.3576856400887087e-44
4290.5	2.5010940522186685e-44
4291.0	2.326150873476849e-44
4291.5	2.0825346559119125e-44
4292.0	2.801148485066684e-44
4292.5	2.941453709313227e-44
4293.0	2.6660862729908863e-44
4293.5	2.5368613070268026e-44
4294.0	2.277981359841882e-44
4294.5	2.4027693931013687e-44
4295.0	2.5153608476332084e-44
4295.5	2.472793530485542e-44
4296.0	2.47441294508975e-44
4296.5	2.5452216364550634e-44
4297.0	2.689124921788809e-44
4297.5	2.454621729797525e-44
4298.0	2.382556675559203e-44
4298.5	2.548699909864475e-44
4299.0	2.855347833504596e-44
4299.5	2.961582933319352e-44
4300.0	2.5027737178477775e-44
4300.5	2.4605912684681394e-44
4301.0	2.4115460818432595e-44
4301.5	2.92598063679851e-44
4302.0	2.6280143145004947e-44
4302.5	2.539963690508436e-44
4303.0	2.6299842105932376e-44
4303.5	2.484836208533564e-44
4304.0	2.524882706688164e-44
4304.5	2.538468374006839e-44
4305.0	2.4788249115009896e-44
4305.5	2.512353622288725e-44
4306.0	2.5745547490547105e-44
4306.5	2.6601481451713554e-44
4307.0	2.5597325901737895e-44
4307.5	2.33736101960826e-44
4308.0	2.1336013240200902e-44
4308.5	2.515930030034401e-44
4309.0	2.680309323997179e-44
4309.5	2.9234152217015903e-44
4310.0	3.0266215435498237e-44
4310.5	2.7930864403435095e-44
4311.0	2.8374664300563233e-44
4311.5	2.636137971697304e-44
4312.0	2.4488533958125915e-44
4312.5	2.699338768615259e-44
4313.0	2.743070648853641e-44
4313.5	2.677085135989911e-44
4314.0	2.6537379287652524e-44
4314.5	2.6065368548991024e-44
4315.0	2.7083617550337013e-44
4315.5	1.9614593561523344e-42
4316.0	7.750651416843057e-42
4316.5	1.9640713227598242e-42
4317.0	2.737814456480141e-44
4317.5	2.936045237849822e-44
4318.0	2.7004918164604905e-44
4318.5	2.637278148611747e-44
4319.0	2.80982582776947e-44
4319.5	2.6789751913199513e-44
4320.0	2.607009827980318e-44
4320.5	2.6596008481145896e-44
4321.0	2.4355380661015663e-44
4321.5	2.238244070449054e-44
4322.0	2.254063089608734e-44
4322.5	2.777101547958868e-44
4323.0	3.090744222091852e-44
4323.5	3.077751600026844e-44
4324.0	2.572771815512687e-44
4324.5	2.606549608163415e-44
4325.0	2.64987422375049e-44
4325.5	2.3855069885285226e-44
4326.0	2.1221005787105548e-44
4326.5	2.444800838883111e-44
4327.0	2.7465794137558156e-44
4327.5	2.64086118181017e-44
4328.0	2.4730933891563875e-44
4328.5	2.535827489523483e-44
4329.0	2.5208302254601153e-44
4329.5	2.635512575490264e-44
4330.0	2.813139052720345e-44
4330.5	2.7891998677094343e-44
4331.0	2.8808477780982364e-44
4331.5	2.7727910714121713e-44
4332.0	2.5318622842756944e-44
4332.5	2.5497678712468607e-44
4333.0	2.4594264460645875e-44
4333.5	2.371788656505014e-44
4334.0	2.4983376030758306e-44
4334.5	2.548583304053236e-44
4335.0	2.6372031575079486e-44
4335.5	2.7431571225048103e-44
4336.0	2.5550470885455467e-44
4336.5	2.608526358346001e-44
4337.0	2.8483761468402414e-44
4337.5	2.837182600577075e-44
4338.0	2.659547640375849e-44
4338.5	2.647055824682876e-44
4339.0	2.643924594804268e-44
4339.5	2.5468807563696734e-44
4340.0	2.5227350278555686e-44
4340.5	2.928948336758589e-44
4341.0	2.7677713948860936e-44
4341.5	2.9804447657425046e-44
4342.0	2.6700422593628986e-44
4342.5	2.530500662944128e-44
4343.0	2.5804547969909576e-44
4343.5	2.694035126457853e-44
4344.0	2.6073728045663146e-44
4344.5	2.7913335918699804e-44
4345.0	2.821923082017024e-44
4345.5	2.752507989760355e-44
4346.0	2.81248878435884e-44
4346.5	2.772777760318526e-44
4347.0	2.57269541488897e-44
4347.5	2.5216713533490094e-44
4348.0	2.466406265627201e-44
4348.5	2.3731451505691544e-44
4349.0	2.735815350389098e-44
4349.5	2.9352216746514947e-44
4350.0	2.8296164195457577e-44
4350.5	2.6261297918751677e-44
4351.0	2.390708908822024e-44
4351.5	2.5397104476878894e-44
4352.0	2.7457220097051403e-44
4352.5	2.5517000902057937e-44
4353.0	2.719963866240532e-44
4353.5	2.8495859203289753e-44
4354.0	2.8552859268529733e-44
4354.5	2.7744050854947834e-44
4355.0	3.088716060435837e-44
4355.5	2.866655423854753e-44
4356.0	2.5702418882066363e-44
4356.5	2.570390017711101e-44
4357.0	2.4682585750374606e-44
4357.5	2.305727542447528e-44
4358.0	2.4528531678032513e-44
4358.5	2.5987996545085897e-44
4359.0	2.4567980016682766e-44
4359.5	2.4165773405831243e-44
4360.0	2.8031256796575473e-44
4360.5	2.8132926652577954e-44
4361.0	2.7695534722386794e-44
4361.5	2.676094016492207e-44
4362.0	2.739822884828366e-44
4362.5	2.8187347345945327e-44
4363.0	2.8185106363280094e-44
4363.5	2.7209701777944624e-44
4364.0	2.786973012812198e-44
4364.5	2.5482355238985046e-44
4365.0	2.482801771468268e-44
4365.5	2.8170710507362727e-44
4366.0	2.9686831791019333e-44
4366.5	2.5042424390469914e-44
4367.0	2.642246678789652e-44
4367.5	2.4240725570842103e-44
4368.0	2.532054213738419e-44
4368.5	2.436995234664877e-44
4369.0	2.5844685308206343e-44
4369.5	2.8051773578365887e-44
4370.0	3.034988609685743e-44
4370.5	2.8997478329372827e-44
4371.0	2.3107150497487083e-44
4371.5	2.415903441344703e-44
4372.0	2.6352978608783846e-44
4372.5	2.8090906933312697e-44
4373.0	2.9292293643113397e-44
4373.5	2.4782128301403753e-44
4374.0	2.574970373091189e-44
4374.5	2.5411166350349524e-44
4375.0	2.5679415995550365e-44
4375.5	2.4477865262062227e-44
4376.0	2.6050869066898187e-44
4376.5	2.4355806900467365e-44
4377.0	2.5491185546660336e-44
4377.5	2.7794330728568407e-44
4378.0	2.5251825294529445e-44
4378.5	2.9024776678239496e-44
4379.0	2.7544384789570877e-44
4379.5	2.312490046849008e-44
4380.0	2.26437775671532e-44
4380.5	2.4958556319004205e-44
4381.0	2.5946260576630044e-44
4381.5	2.5116210879209315e-44
4382.0	2.4989607250771487e-44
4382.5	2.4953627138336854e-44
4383.0	2.395238456832063e-44
4383.5	2.508707361459114e-44
4384.0	2.6847184476299314e-44
4384.5	2.8691678601439346e-44
4385.0	2.7118442635338687e-44
4385.5	2.65624860236164e-44
4386.0	3.0794657548539395e-44
4386.5	2.8490688352348736e-44
4387.0	2.620886296749608e-44
4387.5	2.737956389442937e-44
4388.0	2.6584439806026304e-44
4388.5	2.563811221031603e-44
4389.0	2.7093713055106127e-44
4389.5	2.8077058644550417e-44
4390.0	2.869470016991924e-44
4390.5	2.6382290646349043e-44
4391.0	2.694713162663821e-44
4391.5	2.8485130952133184e-44
4392.0	2.803374654962888e-44
4392.5	2.684541046844826e-44
4393.0	2.6752199390876315e-44
4393.5	2.5750084377021507e-44
4394.0	2.488913491482436e-44
4394.5	2.7745638582520533e-44
4395.0	2.6668247692383186e-44
4395.5	2.6919815725225437e-44
4396.0	2.7642854027883575e-44
4396.5	2.7189497151212314e-44
4397.0	2.457836763886686e-44
4397.5	2.554501812372985e-44
4398.0	2.810326262242769e-44
4398.5	2.9197911539405506e-44
4399.0	2.862662030219014e-44
4399.5	2.846489771630466e-44
4400.0	2.658314198215572e-44
4400.5	2.67076860221979e-44
4401.0	2.5828987872873167e-44
4401.5	2.439618872540567e-44
4402.0	2.534846611654524e-44
4402.5	2.5071968766013167e-44
4403.0	2.1994327855990492e-44
4403.5	2.2122037241834433e-44
4404.0	2.590430680005332e-44
4404.5	2.8265251615891366e-44
4405.0	2.6240790145267467e-44
4405.5	2.483365026605671e-44
4406.0	2.702365542193938e-44
4406.5	2.7693885842621766e-44
4407.0	2.7066065835929047e-44
4407.5	2.736724695563143e-44
4408.0	2.81721585743969e-44
4408.5	2.8005938226004844e-44
4409.0	2.890468782933845e-44
4409.5	3.063921614123238e-44
4410.0	3.039863105760321e-44
4410.5	3.024707646693779e-44
4411.0	2.926614026386109e-44
4411.5	2.7666034114132205e-44
4412.0	2.6446500947264576e-44
4412.5	1.6768882229190785e-43
4413.0	5.774283405398834e-43
4413.5	1.6158483189805452e-43
4414.0	3.0027694254132097e-44
4414.5	2.9846745949391034e-44
4415.0	2.6243429314063266e-44
4415.5	2.6695381290193764e-44
4416.0	2.7419900723881076e-44
4416.5	2.497519613816868e-44
4417.0	2.5869325702866747e-44
4417.5	3.033154182673953e-44
4418.0	2.8868722206990787e-44
4418.5	2.886071771032304e-44
4419.0	2.892852383391104e-44
4419.5	2.6585625275146833e-44
4420.0	2.5800683435955365e-44
4420.5	2.7360532213326303e-44
4421.0	2.7315745507748723e-44
4421.5	2.804948118660688e-44
4422.0	2.630225156911233e-44
4422.5	2.8078774375190355e-44
4423.0	2.6599628159886086e-44
4423.5	2.5744778921425235e-44
4424.0	2.666064691617861e-44
4424.5	2.647900139451191e-44
4425.0	2.5195426689868403e-44
4425.5	2.740337842930178e-44
4426.0	2.819402480407502e-44
4426.5	2.60185934192562e-44
4427.0	2.84598684233499e-44
4427.5	2.8334352577330762e-44
4428.0	2.886188727862276e-44
4428.5	2.8901135087480447e-44
4429.0	2.7328211472954517e-44
4429.5	2.80835157272259e-44
4430.0	2.840802031910422e-44
4430.5	2.6355838687162815e-44
4431.0	2.6151307986049395e-44
4431.5	3.0191639142487917e-44
4432.0	2.767957855444693e-44
4432.5	2.664082801615447e-44
4433.0	2.6680960283256493e-44
4433.5	2.6326216018666924e-44
4434.0	2.9094685546683406e-44
4434.5	3.0893321672392807e-44
4435.0	2.6894822327703456e-44
4435.5	2.530188759460864e-44
4436.0	2.789677274275673e-44
4436.5	2.6083194802716156e-44
4437.0	2.3582881369527523e-44
4437.5	2.465050665950391e-44
4438.0	2.386707471000997e-44
4438.5	2.3399119110070864e-44
4439.0	2.36206544733424e-44
4439.5	2.407478311078523e-44
4440.0	2.6304297631863275e-44
4440.5	2.4901143526933496e-44
4441.0	2.797149232232074e-44
4441.5	2.7944359624037783e-44
4442.0	2.8647510750916625e-44
4442.5	2.900278277456146e-44
4443.0	2.73880075434362e-44
4443.5	2.6964133203465385e-44
4444.0	2.714737139628078e-44
4444.5	2.689702009651915e-44
4445.0	2.842961255528129e-44
4445.5	2.643034329730417e-44
4446.0	2.6656817561560684e-44
4446.5	2.9344109425879053e-44
4447.0	2.6042214063525565e-44
4447.5	2.6812819429971873e-44
4448.0	2.921144908117879e-44
4448.5	2.911181579605469e-44
4449.0	2.790751739079076e-44
4449.5	3.0768524888177667e-44
4450.0	2.74104087796049e-44
4450.5	2.341187097046174e-44
4451.0	2.3011668286759637e-44
4451.5	2.2865750383600806e-44
4452.0	2.5724099632747984e-44
4452.5	2.6949040730563014e-44
4453.0	2.613120778536238e-44
4453.5	2.6599137128150284e-44
4454.0	2.8623134423510933e-44
4454.5	2.903382205750674e-44
4455.0	2.9071031526517176e-44
4455.5	3.1013990391424827e-44
4456.0	2.3857122152290933e-44
4456.5	2.373059459751117e-44
4457.0	2.657639068649804e-44
4457.5	3.0093953562162653e-44
4458.0	2.937126028010896e-44
4458.5	2.9863677071255647e-44
4459.0	3.165144008444515e-44
4459.5	3.0325601094395993e-44
4460.0	2.9512682587711464e-44
4460.5	3.0280667948975985e-44
4461.0	2.91951134392992e-44
4461.5	2.599311952062959e-44
4462.0	2.9423367391702896e-44
4462.5	2.869579682094609e-44
4463.0	2.8891351768172407e-44
4463.5	2.900254407026873e-44
4464.0	2.5960912440738287e-44
4464.5	2.5291648681153537e-44
4465.0	3.1131903940366564e-44
4465.5	3.053915806640752e-44
4466.0	3.0361267638849847e-44
4466.5	2.7543482945759963e-44
4467.0	2.9886107585530413e-44
4467.5	2.913149896176269e-44
4468.0	2.746040566322478e-44
4468.5	3.011476977090269e-44
4469.0	3.3744977711933847e-44
4469.5	3.2232653900944866e-44
4470.0	2.7605660980949617e-44
4470.5	2.517313300740121e-44
4471.0	2.998290982722055e-44
4471.5	3.1821983160663103e-44
4472.0	2.658268373885017e-44
4472.5	2.5388632924162464e-44
4473.0	2.4167793473568573e-44
4473.5	2.540976970841844e-44
4474.0	2.4511825912945037e-44
4474.5	2.6695735067953707e-44
4475.0	2.7691795617895704e-44
4475.5	2.599552971123669e-44
4476.0	2.436374828780891e-44
4476.5	2.772198378815868e-44
4477.0	3.2856728416574882e-44
4477.5	3.0070459664855995e-44
4478.0	2.8281779611523207e-44
4478.5	2.528585067180164e-44
4479.0	2.720529833247625e-44
4479.5	2.8777845502588505e-44
4480.0	2.567670063849842e-44
4480.5	2.60210580736253e-44
4481.0	2.9535863543829827e-44
4481.5	2.6753092546423786e-44
4482.0	2.6162334164084406e-44
4482.5	2.5602857734198393e-44
4483.0	3.0341094024906434e-44
4483.5	3.0670393871741974e-44
4484.0	2.8128286459719857e-44
4484.5	3.055897023371272e-44
4485.0	2.8504877037402526e-44
4485.5	2.6087672942840727e-44
4486.0	2.6447167222030094e-44
4486.5	2.9386017246661557e-44
4487.0	2.8040657989826633e-44
4487.5	2.8818906274008896e-44
4488.0	3.0857747223638105e-44
4488.5	2.9511633196103726e-44
4489.0	2.7905944773660503e-44
4489.5	2.8373730062674257e-44
4490.0	2.9489736876078065e-44
4490.5	3.1079107971086973e-44
4491.0	2.8118878179718797e-44
4491.5	2.593320820469561e-44
4492.0	2.763832033830241e-44
4492.5	2.70556724385581e-44
4493.0	2.7259201116953447e-44
4493.5	2.7591211598135566e-44
4494.0	2.577515839093914e-44
4494.5	3.17673280742875e-44
4495.0	3.307347107333363e-44
4495.5	3.138340533190158e-44
4496.0	2.819503716626698e-44
4496.5	2.4479164749949624e-44
4497.0	2.5507755428052057e-44
4497.5	2.9564760993873836e-44
4498.0	2.827013952253625e-44
4498.5	2.6790216119198847e-44
4499.0	2.822424227324721e-44
4499.5	3.1862469932852203e-44
4500.0	2.9630372466729286e-44
4500.5	3.0658899413746266e-44
4501.0	3.0999982202999683e-44
4501.5	2.578082740322547e-44
4502.0	2.5973657446216506e-44
4502.5	2.680205468406897e-44
4503.0	2.9887674812321717e-44
4503.5	2.815189024677717e-44
4504.0	2.612981129901948e-44
4504.5	2.891234585607586e-44
4505.0	3.130788653902806e-44
4505.5	3.0179268926320347e-44
4506.0	2.5975979694614627e-44
4506.5	2.6250392502070017e-44
4507.0	2.8103383637467726e-44
4507.5	2.7247099924251324e-44
4508.0	2.7717033865175923e-44
4508.5	2.646568090540586e-44
4509.0	2.4091632370956642e-44
4509.5	2.734497191236816e-44
4510.0	2.763763901705804e-44
4510.5	2.8461846046381837e-44
4511.0	3.116366643447111e-44
4511.5	2.956433711582908e-44
4512.0	2.7817331348169805e-44
4512.5	2.5201106288648703e-44
4513.0	2.791817826982043e-44
4513.5	2.7840294032500844e-44
4514.0	2.504121947292911e-44
4514.5	8.576348787550451e-44
4515.0	2.616048133045239e-43
4515.5	8.906903202424818e-44
4516.0	2.8116934243242256e-44
4516.5	2.9460449707304747e-44
4517.0	2.6610100409412003e-44
4517.5	2.6128333914615595e-44
4518.0	2.732456100822932e-44
4518.5	2.5739757645203166e-44
4519.0	2.583923089531663e-44
4519.5	2.796394642544095e-44
4520.0	3.182106178613905e-44
4520.5	3.0900687250547697e-44
4521.0	2.856497237975375e-44
4521.5	2.8434361357666915e-44
4522.0	3.1017375891264354e-44
4522.5	2.9667066058308746e-44
4523.0	2.8016338000728243e-44
4523.5	2.7692925184008875e-44
4524.0	3.0515969188905797e-44
4524.5	3.176229661747972e-44
4525.0	3.0590641719949975e-44
4525.5	2.6736282469780155e-44
4526.0	2.8290113635212286e-44
4526.5	3.039821375518395e-44
4527.0	2.782023934828075e-44
4527.5	2.9882496567173904e-44
4528.0	3.0024080220587257e-44
4528.5	3.039619630853068e-44
4529.0	3.309842114590397e-44
4529.5	3.098099180346951e-44
4530.0	3.1566871026626587e-44
4530.5	2.6686733219831305e-44
4531.0	2.634082140122188e-44
4531.5	2.575221968364943e-44
4532.0	2.613310763408469e-44
4532.5	2.8951235045122e-44
4533.0	2.927869392864136e-44
4533.5	3.005524120763726e-44
4534.0	3.083111923414837e-44
4534.5	2.7775347577352417e-44
4535.0	2.6510918204568744e-44
4535.5	2.871854240214625e-44
4536.0	3.0526813857505807e-44
4536.5	3.257707841801824e-44
4537.0	3.2635101600926106e-44
4537.5	2.980972592842435e-44
4538.0	2.8294154214499327e-44
4538.5	2.9569093909895645e-44
4539.0	3.041383793293462e-44
4539.5	3.1812084563643657e-44
4540.0	2.8614422293911537e-44
4540.5	3.026414824097341e-44
4541.0	2.988941502338143e-44
4541.5	2.6342039270675277e-44
4542.0	2.8471358115448157e-44
4542.5	2.6692202035352434e-44
4543.0	2.567802774671773e-44
4543.5	2.553056281364994e-44
4544.0	2.501779931400494e-44
4544.5	2.568325046715865e-44
4545.0	2.4306472184766514e-44
4545.5	2.7527274520563457e-44
4546.0	3.0162416484074516e-44
4546.5	3.1540854981233196e-44
4547.0	3.113085286097081e-44
4547.5	3.2054609316975977e-44
4548.0	2.9903940136225435e-44
4548.5	2.7132363732350845e-44
4549.0	2.9725260417939657e-44
4549.5	3.178470171967935e-44
4550.0	2.966553183007369e-44
4550.5	2.9102278951353005e-44
4551.0	2.883255154026016e-44
4551.5	2.711936433415222e-44
4552.0	2.946643763635319e-44
4552.5	2.908737785044131e-44
4553.0	2.7508280326463837e-44
4553.5	2.709707968454738e-44
4554.0	3.1091753084001077e-44
4554.5	2.8500145263098765e-44
4555.0	2.9102968732806477e-44
4555.5	2.9139573849378286e-44
4556.0	3.0858759408506327e-44
4556.5	2.9268955867050288e-44
4557.0	2.558424200130591e-44
4557.5	2.8155475974648763e-44
4558.0	2.8522765254161035e-44
4558.5	2.698632020647541e-44
4559.0	2.579807879202141e-44
4559.5	2.936877757575097e-44
4560.0	3.1416376308850434e-44
4560.5	2.825601021810258e-44
4561.0	3.03967216787895e-44
4561.5	3.2087098792229643e-44
4562.0	3.1297148740347597e-44
4562.5	3.040560846714437e-44
4563.0	3.205743468220232e-44
4563.5	2.7726517691627647e-44
4564.0	2.77938931420149e-44
4564.5	2.8118594371663945e-44
4565.0	2.852996864625264e-44
4565.5	2.8869741452228007e-44
4566.0	3.0320502732569583e-44
4566.5	2.9679097778849875e-44
4567.0	2.7512605234639037e-44
4567.5	2.9083944684296987e-44
4568.0	2.9620021227870845e-44
4568.5	2.720139279966753e-44
4569.0	2.741103051143787e-44
4569.5	2.8325127243970297e-44
4570.0	3.0036683551003627e-44
4570.5	2.959499732116005e-44
4571.0	3.138831158433992e-44
4571.5	3.015663510092881e-44
4572.0	2.7669882923789075e-44
4572.5	2.803980946493137e-44
4573.0	2.969896168388104e-44
4573.5	2.7613211213043043e-44
4574.0	2.73475856065566e-44
4574.5	2.5824219133263267e-44
4575.0	2.456663634168299e-44
4575.5	2.869829792607828e-44
4576.0	2.8005263533113523e-44
4576.5	2.704912071692634e-44
4577.0	2.694365799748749e-44
4577.5	2.719962225022264e-44
4578.0	2.91792074462186e-44
4578.5	3.1932657775637563e-44
4579.0	3.162778525332877e-44
4579.5	3.3664254300284735e-44
4580.0	3.2320539105655495e-44
4580.5	2.9220414867575923e-44
4581.0	2.838488236967278e-44
4581.5	3.0423712088907877e-44
4582.0	2.827208722472539e-44
4582.5	2.977794039815063e-44
4583.0	2.8694322281874137e-44
4583.5	2.7598035237521624e-44
4584.0	2.947713180230264e-44
4584.5	2.910428091169145e-44
4585.0	3.315192761549172e-44
4585.5	3.172540510479153e-44
4586.0	2.6553829546184993e-44
4586.5	2.8976350509950015e-44
4587.0	3.110594912762392e-44
4587.5	3.2793678190171715e-44
4588.0	3.5118432623641783e-44
4588.5	2.9318539625023885e-44
4589.0	2.8369625095991635e-44
4589.5	3.142937060369973e-44
4590.0	2.8222462281976915e-44
4590.5	2.826893208043167e-44
4591.0	2.8798607143211085e-44
4591.5	2.7219089254252235e-44
4592.0	3.0581290276045564e-44
4592.5	2.9081283588536295e-44
4593.0	2.815483476324406e-44
4593.5	3.07640461881498e-44
4594.0	3.126254861764826e-44
4594.5	3.218594125536109e-44
4595.0	2.739222294983792e-44
4595.5	2.77058147101702e-44
4596.0	2.8559769226680927e-44
4596.5	2.678247115160694e-44
4597.0	2.901324213461693e-44
4597.5	3.176525912028908e-44
4598.0	3.1408316223639253e-44
4598.5	2.63478553490268e-44
4599.0	2.840473978556457e-44
4599.5	3.131110374926873e-44
4600.0	3.3198990560702016e-44
4600.5	3.098189453478298e-44
4601.0	2.988279682804738e-44
4601.5	2.797802816932381e-44
4602.0	2.912544625247061e-44
4602.5	3.0445231442658635e-44
4603.0	3.191403510455223e-44
4603.5	2.8377222209934714e-44
4604.0	2.7576681490060696e-44
4604.5	2.9737186690294485e-44
4605.0	2.9226201136491086e-44
4605.5	2.8588672666064213e-44
4606.0	2.7425037310494785e-44
4606.5	2.617627166143768e-44
4607.0	2.8322441288425845e-44
4607.5	2.874458920795426e-44
4608.0	2.9340118417523016e-44
4608.5	3.2983150143918537e-44
4609.0	3.398742378507315e-44
4609.5	3.3298518211150717e-44
4610.0	3.164610376923887e-44
4610.5	3.2454473855782496e-44
4611.0	2.8802264818316267e-44
4611.5	2.7215002807048336e-44
4612.0	2.805508593505877e-44
4612.5	2.8501014722826226e-44
4613.0	2.5073100173138194e-44
4613.5	2.9655004383146577e-44
4614.0	4.280076603453806e-44
4614.5	2.902446637147696e-44
4615.0	2.640836674169185e-44
4615.5	2.6096992068058607e-44
4616.0	2.837573883018122e-44
4616.5	2.946947620078334e-44
4617.0	3.004723794368247e-44
4617.5	3.2584144290294965e-44
4618.0	2.986064503895413e-44
4618.5	2.86647429761316e-44
4619.0	2.816674166095842e-44
4619.5	2.899602639251663e-44
4620.0	2.687110179488809e-44
4620.5	3.03448656482976e-44
4621.0	3.213483403401569e-44
4621.5	2.9636295703045586e-44
4622.0	3.223164922925863e-44
4622.5	3.1107191268002183e-44
4623.0	2.9278264312520384e-44
4623.5	3.1070029313841163e-44
4624.0	2.8665592649295795e-44
4624.5	2.609765852429546e-44
4625.0	2.677230413018832e-44
4625.5	2.9669797694464797e-44
4626.0	3.0766072545880843e-44
4626.5	3.245947816368538e-44
4627.0	3.0735786106754544e-44
4627.5	3.11017521918478e-44
4628.0	2.665287996919838e-44
4628.5	2.78172364424062e-44
4629.0	2.680041245686931e-44
4629.5	2.8258607938133814e-44
4630.0	2.941359726327548e-44
4630.5	2.9478470972288967e-44
4631.0	2.9331683005136173e-44
4631.5	3.198092158968341e-44
4632.0	3.1595815376931826e-44
4632.5	2.840678360684536e-44
4633.0	2.856194444413585e-44
4633.5	3.0100922187267647e-44
4634.0	3.1924821197740712e-44
4634.5	3.1510415602410486e-44
4635.0	3.206737121903882e-44
4635.5	3.208309598405158e-44
4636.0	3.02285949716593e-44
4636.5	2.8514162732505476e-44
4637.0	2.686492154282002e-44
4637.5	2.66277566703444e-44
4638.0	3.081948676559698e-44
4638.5	3.531110614368168e-44
4639.0	3.3869482322516826e-44
4639.5	2.852792693386925e-44
4640.0	3.1586996146983844e-44
4640.5	3.2966226821758335e-44
4641.0	3.212128549927177e-44
4641.5	3.0695039814794913e-44
4642.0	2.9504632249704514e-44
4642.5	2.664671730819713e-44
4643.0	2.709456951386284e-44
4643.5	2.77574320730096e-44
4644.0	2.6065225701930507e-44
4644.5	2.770977511886959e-44
4645.0	2.742025225150213e-44
4645.5	3.3953780756321543e-44
4646.0	3.1420277705310126e-44
4646.5	3.2080730138797313e-44
4647.0	3.2960808769049886e-44
4647.5	2.8267602405855427e-44
4648.0	2.6659905949991535e-44
4648.5	2.526948320637941e-44
4649.0	2.9134490385589424e-44
4649.5	3.1295626795794286e-44
4650.0	3.169033320932976e-44
4650.5	2.7258355955778486e-44
4651.0	2.627670531170594e-44
4651.5	2.802024595791208e-44
4652.0	2.7078676449691064e-44
4652.5	3.192931824127477e-44
4653.0	3.245099530792016e-44
4653.5	2.8611662090128315e-44
4654.0	2.914781454220792e-44
4654.5	3.0494027716556464e-44
4655.0	3.224120580003853e-44
4655.5	3.196495195005061e-44
4656.0	3.0357795358005134e-44
4656.5	3.1076120292818763e-44
4657.0	2.7554369343462896e-44
4657.5	2.8589856516778033e-44
4658.0	3.1339055442136507e-44
4658.5	2.8485567405417417e-44
4659.0	2.9052438440791773e-44
4659.5	2.810312059889446e-44
4660.0	3.0543201635235605e-44
4660.5	3.1797894472054435e-44
4661.0	3.073289531763601e-44
4661.5	3.130354013780287e-44
4662.0	3.7579446833005323e-44
4662.5	3.689880282418669e-44
4663.0	2.9090155328156045e-44
4663.5	2.8157171988617203e-44
4664.0	3.143051512653937e-44
4664.5	2.938269622702229e-44
4665.0	2.769720530133371e-44
4665.5	3.3180564080109984e-44
4666.0	3.3770788502318765e-44
4666.5	2.9877830312371897e-44
4667.0	2.988861753266045e-44
4667.5	2.8960761972022103e-44
4668.0	2.9945313363281025e-44
4668.5	3.009564952706182e-44
4669.0	3.0791237038798607e-44
4669.5	2.9077886209486876e-44
4670.0	3.255503852707281e-44
4670.5	3.159320339655308e-44
4671.0	3.1548517600350193e-44
4671.5	2.9905554243171347e-44
4672.0	2.830721962637198e-44
4672.5	3.2004965154827125e-44
4673.0	2.958357955526817e-44
4673.5	2.891997431322614e-44
4674.0	3.0781858086485897e-44
4674.5	2.9245149263373665e-44
4675.0	2.9344804865581193e-44
4675.5	3.1841456887075876e-44
4676.0	3.367590281929329e-44
4676.5	3.5571407361980673e-44
4677.0	3.2923635708296514e-44
4677.5	3.0561706588228906e-44
4678.0	2.857459117129073e-44
4678.5	2.925675769971507e-44
4679.0	2.84887660889228e-44
4679.5	2.9329917564313436e-44
4680.0	3.4904145986510005e-44
4680.5	3.362333404416313e-44
4681.0	3.233754145676493e-44
4681.5	3.0816785098210276e-44
4682.0	3.2431578581106526e-44
4682.5	3.109293173285223e-44
4683.0	3.1383604855153163e-44
4683.5	3.050914122713404e-44
4684.0	3.059125830065205e-44
4684.5	3.1556727916966787e-44
4685.0	3.103119688552533e-44
4685.5	3.1579637715943277e-44
4686.0	3.1765097541186426e-44
4686.5	3.3618478182162e-44
4687.0	3.4526910477422515e-44
4687.5	3.152736439647321e-44
4688.0	3.406619527186325e-44
4688.5	3.3360835817899033e-44
4689.0	3.0112518193955917e-44
4689.5	3.3192535672035366e-44
4690.0	3.035436705561641e-44
4690.5	3.3331524784826795e-44
4691.0	3.5760987195211564e-44
4691.5	2.996176809677018e-44
4692.0	3.055854517081067e-44
4692.5	2.951212126643082e-44
4693.0	2.8278222928788843e-44
4693.5	2.760298524490169e-44
4694.0	2.6634003589556046e-44
4694.5	2.7925105250553287e-44
4695.0	2.9464303441142685e-44
4695.5	2.596826744254468e-44
4696.0	2.8209964270306046e-44
4696.5	2.996301060801648e-44
4697.0	2.7170526811881747e-44
4697.5	3.056757207438614e-44
4698.0	3.270768413171472e-44
4698.5	3.221404405786081e-44
4699.0	3.3231974673839013e-44
4699.5	3.1475189560288416e-44
4700.0	3.0899114894404637e-44
4700.5	3.49960116047599e-44
4701.0	3.435820702017864e-44
4701.5	3.346263833411825e-44
4702.0	2.8630620155323596e-44
4702.5	2.814080778575218e-44
4703.0	2.7308484682738252e-44
4703.5	3.133698687418163e-44
4704.0	3.0445620251451656e-44
4704.5	3.1147003295281354e-44
4705.0	3.1753159279706184e-44
4705.5	3.1630074455039835e-44
4706.0	3.205358914490338e-44
4706.5	2.7970509718339905e-44
4707.0	2.992802084526178e-44
4707.5	3.2551088277611216e-44
4708.0	3.1590050247639887e-44
4708.5	2.903458404718458e-44
4709.0	3.0299160848963436e-44
4709.5	3.3026925175312e-44
4710.0	3.245479319896936e-44
4710.5	2.9577031345560215e-44
4711.0	3.0206621205865664e-44
4711.5	2.9979993499215427e-44
4712.0	2.8437322364665237e-44
4712.5	3.157876365158233e-44
4713.0	3.8002619080003836e-44
4713.5	3.1309519820617385e-44
4714.0	3.0383591975435494e-44
4714.5	3.084762065460085e-44
4715.0	3.0195590236613944e-44
4715.5	3.256827109205225e-44
4716.0	3.144729915017206e-44
4716.5	2.5877208826142914e-44
4717.0	2.7349423004570407e-44
4717.5	6.019720959696627e-44
4718.0	1.5451797979143483e-43
4718.5	6.219199718306126e-44
4719.0	2.961782187307435e-44
4719.5	2.9378681964986896e-44
4720.0	2.858688411990383e-44
4720.5	3.0364414510390913e-44
4721.0	3.371913293726406e-44
4721.5	3.3937827598233646e-44
4722.0	3.0969108515459613e-44
4722.5	3.2716136589980654e-44
4723.0	3.247182519101758e-44
4723.5	3.112642753899773e-44
4724.0	3.3746049754992315e-44
4724.5	3.028438791887576e-44
4725.0	3.147441033341439e-44
4725.5	3.4412344729607555e-44
4726.0	3.35227988090468e-44
4726.5	3.4226463713289794e-44
4727.0	3.155899386114436e-44
4727.5	3.1776728932371733e-44
4728.0	3.3730226472224005e-44
4728.5	3.3217967178047766e-44
4729.0	3.349146586738422e-44
4729.5	3.432362379011671e-44
4730.0	3.0957355383728734e-44
4730.5	3.231736394720485e-44
4731.0	3.235333429799388e-44
4731.5	3.0800391004699827e-44
4732.0	2.8986520553360737e-44
4732.5	3.133727115455669e-44
4733.0	3.0778885411054173e-44
4733.5	3.0133413902239464e-44
4734.0	3.127307273506412e-44
4734.5	2.9142872466107677e-44
4735.0	3.102497331022058e-44
4735.5	3.1179796320401067e-44
4736.0	3.148002569723557e-44
4736.5	3.209642119287413e-44
4737.0	2.8296491126027505e-44
4737.5	3.073108622170698e-44
4738.0	3.2879577930713837e-44
4738.5	3.2935739568803356e-44
4739.0	3.2653061935195016e-44
4739.5	2.970251744921098e-44
4740.0	3.141027222350249e-44
4740.5	2.6794269542324986e-44
4741.0	3.039657042518574e-44
4741.5	3.21040554362922e-44
4742.0	2.945896375815506e-44
4742.5	2.933323048260102e-44
4743.0	3.18763859506912e-44
4743.5	3.3859297853590663e-44
4744.0	3.665289665511711e-44
4744.5	3.5333734011603715e-44
4745.0	3.0195308953269915e-44
4745.5	2.8007880290227936e-44
4746.0	3.04303312592797e-44
4746.5	2.9610557009790036e-44
4747.0	3.207936481192326e-44
4747.5	3.174344448832073e-44
4748.0	2.9151250596520634e-44
4748.5	3.146548443395303e-44
4749.0	3.369321357187171e-44
4749.5	3.2035493060136224e-44
4750.0	3.4693394696295577e-44
4750.5	3.5245720541298926e-44
4751.0	3.156431676076001e-44
4751.5	3.145943381334939e-44
4752.0	3.1314430624317876e-44
4752.5	3.538044462644153e-44
4753.0	3.153342070092174e-44
4753.5	3.0599854344353577e-44
4754.0	3.534253812327886e-44
4754.5	3.265111141490821e-44
4755.0	3.297904096618397e-44
4755.5	3.2852532892629985e-44
4756.0	3.207099665113413e-44
4756.5	2.818448832825677e-44
4757.0	2.9618047328501866e-44
4757.5	3.48047411478756e-44
4758.0	3.4610802160552526e-44
4758.5	3.3458162504881935e-44
4759.0	3.0991990384987517e-44
4759.5	3.0043485305484356e-44
4760.0	2.9211613999569713e-44
4760.5	3.125951683547404e-44
4761.0	3.200688425533098e-44
4761.5	2.881076757859613e-44
4762.0	3.2958397688773634e-44
4762.5	3.0499082817137715e-44
4763.0	3.051168751748377e-44
4763.5	3.1393831003839916e-44
4764.0	3.0168870709020025e-44
4764.5	3.1950883913586936e-44
4765.0	3.4707830733119845e-44
4765.5	3.3541059081979e-44
4766.0	3.2810738658986005e-44
4766.5	2.9568193837442045e-44
4767.0	3.2819769005279334e-44
4767.5	2.817934267704846e-44
4768.0	3.1056051795403433e-44
4768.5	3.3916271228884067e-44
4769.0	3.0597427409945627e-44
4769.5	2.9607555250804516e-44
4770.0	3.3832989236778436e-44
4770.5	3.3167791861370357e-44
4771.0	3.065013408146016e-44
4771.5	2.9666064056730383e-44
4772.0	3.191386633511167e-44
4772.5	3.6078037470704887e-44
4773.0	3.7447282934219534e-44
4773.5	3.260976862677703e-44
4774.0	3.532482730788014e-44
4774.5	3.205147211660637e-44
4775.0	2.8413663625210915e-44
4775.5	2.8855609587249883e-44
4776.0	3.068258070314535e-44
4776.5	3.4747219631384683e-44
4777.0	3.4845586442699445e-44
4777.5	3.393576687753779e-44
4778.0	3.299564060839536e-44
4778.5	3.2186131422236016e-44
4779.0	3.2101092550411474e-44
4779.5	3.341789806920608e-44
4780.0	3.3928211230000807e-44
4780.5	3.1999229743601863e-44
4781.0	2.8024949812641694e-44
4781.5	2.8999897871944666e-44
4782.0	3.4153132230813234e-44
4782.5	3.4355144340071466e-44
4783.0	3.5685947858670896e-44
4783.5	3.4844781869868285e-44
4784.0	3.571858755789178e-44
4784.5	3.264778381258591e-44
4785.0	3.082244716204325e-44
4785.5	2.8784134885118165e-44
4786.0	3.182183330440827e-44
4786.5	3.4184193905258074e-44
4787.0	3.269098435543198e-44
4787.5	3.3516914395367027e-44
4788.0	3.0795447479057884e-44
4788.5	3.026311795263621e-44
4789.0	3.2113442162974056e-44
4789.5	3.390452968646066e-44
4790.0	3.4171475782200315e-44
4790.5	3.2359435241270037e-44
4791.0	3.0937621545860416e-44
4791.5	3.0226017314181063e-44
4792.0	3.10201561384874e-44
4792.5	3.182259741736926e-44
4793.0	3.123241979882076e-44
4793.5	3.450688455178879e-44
4794.0	3.2477121818209557e-44
4794.5	3.21407495812578e-44
4795.0	3.245420250570759e-44
4795.5	2.9518201686706264e-44
4796.0	2.8889389932559785e-44
4796.5	3.233991463496112e-44
4797.0	3.310084678468574e-44
4797.5	3.6409875635698167e-44
4798.0	3.578911899272509e-44
4798.5	3.188065368657441e-44
4799.0	3.269224302447725e-44
4799.5	3.385476700980858e-44
4800.0	3.162292671894151e-44
4800.5	2.9108365405633877e-44
4801.0	2.9014769173021623e-44
4801.5	3.1133029002994936e-44
4802.0	3.217414583625256e-44
4802.5	3.4178158128982265e-44
4803.0	3.6054174737224465e-44
4803.5	3.2151513780528817e-44
4804.0	3.4284299865568704e-44
4804.5	3.565925453668591e-44
4805.0	3.3652313426276097e-44
4805.5	3.028252539678505e-44
4806.0	3.290931207209226e-44
4806.5	3.435158304431278e-44
4807.0	3.4299011445622755e-44
4807.5	2.9651932555393916e-44
4808.0	3.1488856518912066e-44
4808.5	3.419364341863285e-44
4809.0	3.3100434590750764e-44
4809.5	3.3627004010357445e-44
4810.0	3.5615035025677167e-44
4810.5	3.476126716497994e-44
4811.0	3.1777614542566617e-44
4811.5	2.9322589297877134e-44
4812.0	3.113443217476025e-44
4812.5	3.699504869915236e-44
4813.0	3.4347350893388257e-44
4813.5	3.112657964030705e-44
4814.0	3.0307866765770425e-44
4814.5	3.01852206953472e-44
4815.0	3.3046227830585635e-44
4815.5	3.452226820892953e-44
4816.0	3.249542864172008e-44
4816.5	3.4080372221804063e-44
4817.0	3.515706120403273e-44
4817.5	3.243672980724498e-44
4818.0	3.4763140279959436e-44
4818.5	3.5100075752028646e-44
4819.0	3.272392348160592e-44
4819.5	3.1900570453376523e-44
4820.0	2.994361453942564e-44
4820.5	3.081413188494784e-44
4821.0	3.409976403300991e-44
4821.5	3.420372829254828e-44
4822.0	3.195733891018862e-44
4822.5	3.1287277661169475e-44
4823.0	2.95154802842383e-44
4823.5	2.7358963176704353e-44
4824.0	3.0413758825054846e-44
4824.5	3.058366928609053e-44
4825.0	3.1428352642081583e-44
4825.5	3.2255042805106944e-44
4826.0	2.9659346617527125e-44
4826.5	3.039225287344288e-44
4827.0	3.5631380659974957e-44
4827.5	3.649888381419489e-44
4828.0	2.976376204488908e-44
4828.5	3.511108180790606e-44
4829.0	3.7977942469795786e-44
4829.5	3.5621539378027226e-44
4830.0	3.5565263140398993e-44
4830.5	3.3184864718581204e-44
4831.0	3.01878262544322e-44
4831.5	3.0243005125874886e-44
4832.0	3.4724722787330573e-44
4832.5	3.6010478556630155e-44
4833.0	3.3101366766850083e-44
4833.5	3.2224940653907564e-44
4834.0	3.1887961323670647e-44
4834.5	3.04370459822404e-44
4835.0	3.089614457048024e-44
4835.5	3.241757642538607e-44
4836.0	3.045404530625109e-44
4836.5	2.91407384390591e-44
4837.0	2.9231356486299497e-44
4837.5	2.875714555262825e-44
4838.0	3.261481127702263e-44
4838.5	2.6846520197825327e-44
4839.0	2.8439221833011915e-44
4839.5	3.2589648808854187e-44
4840.0	3.227949784670724e-44
4840.5	3.3159947770307615e-44
4841.0	3.289221847517976e-44
4841.5	3.355546951488116e-44
4842.0	3.709977601681781e-44
4842.5	3.4024193910577596e-44
4843.0	3.413863582490131e-44
4843.5	3.5365224463022684e-44
4844.0	3.384090727521217e-44
4844.5	3.3153580484723206e-44
4845.0	3.1664360141878823e-44
4845.5	3.2328660512910303e-44
4846.0	3.6470489911609835e-44
4846.5	3.7071419142561296e-44
4847.0	4.0539524470908964e-44
4847.5	3.5644376444302255e-44
4848.0	3.178819557619902e-44
4848.5	3.257659238523831e-44
4849.0	3.6210076325959896e-44
4849.5	3.896559520022344e-44
4850.0	3.4759780434162483e-44
4850.5	3.2512583043587966e-44
4851.0	3.3200007503435567e-44
4851.5	3.310371222979233e-44
4852.0	3.298014578107054e-44
4852.5	3.5413016527196413e-44
4853.0	3.4422632916283367e-44
4853.5	3.276352396354343e-44
4854.0	3.3010025761667593e-44
4854.5	3.0493095090589193e-44
4855.0	3.4209513891553323e-44
4855.5	3.2837245436857284e-44
4856.0	3.1713092894958796e-44
4856.5	3.292509237372955e-44
4857.0	3.0463435511474334e-44
4857.5	3.3111708135478665e-44
4858.0	3.2377649643097717e-44
4858.5	3.4467096747031293e-44
4859.0	3.4309404209088747e-44
4859.5	3.574068078640031e-44
4860.0	3.322060891586737e-44
4860.5	3.304411339374517e-44
4861.0	3.2258366906648374e-44
4861.5	3.2105902559865017e-44
4862.0	3.405636861126552e-44
4862.5	3.1716767873182567e-44
4863.0	3.322728334706946e-44
4863.5	3.5206372585709294e-44
4864.0	3.200822691451681e-44
4864.5	3.111466391448722e-44
4865.0	3.262957279518037e-44
4865.5	3.650497795550323e-44
4866.0	3.423410186036968e-44
4866.5	3.2707964718583206e-44
4867.0	3.46640121789168e-44
4867.5	3.153934816275562e-44
4868.0	3.338394514744074e-44
4868.5	3.296079843262366e-44
4869.0	3.2879907163874557e-44
4869.5	3.3553624149468464e-44
4870.0	3.253969272539772e-44
4870.5	3.068457563225325e-44
4871.0	3.0308353696902305e-44
4871.5	2.913951191077542e-44
4872.0	3.147716839241886e-44
4872.5	3.468416667710515e-44
4873.0	3.716757695179375e-44
4873.5	3.614342774788207e-44
4874.0	3.7378003451879266e-44
4874.5	3.449609899959948e-44
4875.0	3.475186969690138e-44
4875.5	3.3979566475143704e-44
4876.0	3.147647354804052e-44
4876.5	3.45841071944122e-44
4877.0	3.34532279595359e-44
4877.5	3.069427433040232e-44
4878.0	3.138179229651766e-44
4878.5	3.2648150131912684e-44
4879.0	3.583438932933939e-44
4879.5	3.2887733834652506e-44
4880.0	3.4014564114196656e-44
4880.5	3.25685241303123e-44
4881.0	3.374242425395607e-44
4881.5	3.262090096923107e-44
4882.0	3.018258925398162e-44
4882.5	3.4884812676376547e-44
4883.0	3.611443207850524e-44
4883.5	3.2806277064518565e-44
4884.0	3.0670813566574233e-44
4884.5	3.1148611005612035e-44
4885.0	3.3907694923441514e-44
4885.5	3.510390909661747e-44
4886.0	3.5038834834045997e-44
4886.5	3.4394794203768515e-44
4887.0	3.619312949492265e-44
4887.5	3.614522047413036e-44
4888.0	3.7949959757837973e-44
4888.5	3.647105342116311e-44
4889.0	3.648443813086893e-44
4889.5	3.5566443747261697e-44
4890.0	3.0765207860969793e-44
4890.5	3.295816668142005e-44
4891.0	3.7024469604460847e-44
4891.5	3.634098360330815e-44
4892.0	3.339350154384182e-44
4892.5	3.351400400122676e-44
4893.0	3.598869967097429e-44
4893.5	3.5664948896649507e-44
4894.0	3.8919426050450283e-44
4894.5	3.538718441668617e-44
4895.0	3.4119006341800646e-44
4895.5	3.4967763638223126e-44
4896.0	3.5220022375914085e-44
4896.5	3.5023191211353813e-44
4897.0	3.798762846104356e-44
4897.5	3.65276075667777e-44
4898.0	3.5215780871434463e-44
4898.5	3.6397709058707194e-44
4899.0	3.622195391094947e-44
4899.5	3.575250815758326e-44
4900.0	3.312066571745615e-44
4900.5	3.2797021528530987e-44
4901.0	3.5411976251309643e-44
4901.5	3.446924944249961e-44
4902.0	3.415748268219207e-44
4902.5	3.658984264227218e-44
4903.0	3.587707182553324e-44
4903.5	3.133375842258435e-44
4904.0	3.1017947369108653e-44
4904.5	3.2014381173765225e-44
4905.0	3.4761056833152903e-44
4905.5	3.293466666223671e-44
4906.0	4.1173642984366386e-44
4906.5	3.9523252213970384e-44
4907.0	3.5158706454416064e-44
4907.5	2.953686153236217e-44
4908.0	2.790891523123941e-44
4908.5	3.339103258915411e-44
4909.0	3.7289358177751806e-44
4909.5	3.486178144924872e-44
4910.0	3.2563090096974056e-44
4910.5	3.4038338277715634e-44
4911.0	3.419636214049413e-44
4911.5	3.2722069054664934e-44
4912.0	3.6758907944007295e-44
4912.5	3.487288965726981e-44
4913.0	3.4038460004779566e-44
4913.5	3.333401517951183e-44
4914.0	3.104144055075743e-44
4914.5	3.59683303962368e-44
4915.0	3.4625277151337784e-44
4915.5	3.5118359033817684e-44
4916.0	3.552133861218397e-44
4916.5	3.408517849913937e-44
4917.0	3.358042094492936e-44
4917.5	3.2191629111321896e-44
4918.0	3.0709179506097243e-44
4918.5	3.113768442140508e-44
4919.0	3.2792741111744367e-44
4919.5	3.5999843258353196e-44
4920.0	3.805421771571704e-44
4920.5	3.449095035847832e-44
4921.0	3.1946855601864035e-44
4921.5	3.6925869110593403e-44
4922.0	3.6361880671077916e-44
4922.5	3.757701652289935e-44
4923.0	3.3261184165793616e-44
4923.5	3.326423980063391e-44
4924.0	3.450925892281773e-44
4924.5	3.511437982105399e-44
4925.0	3.7170506365328465e-44
4925.5	3.6029774269552286e-44
4926.0	3.3604670578775233e-44
4926.5	3.043563553414436e-44
4927.0	2.9648645920145845e-44
4927.5	3.3533019169427967e-44
4928.0	3.3761137761619714e-44
4928.5	3.4565576663326813e-44
4929.0	3.180952578171511e-44
4929.5	2.939328766486066e-44
4930.0	3.0652485730415294e-44
4930.5	3.258541856065045e-44
4931.0	3.3971303394706985e-44
4931.5	3.7008179623118155e-44
4932.0	3.658596797708822e-44
4932.5	3.64460876292452e-44
4933.0	4.074836753337516e-44
4933.5	3.489373789089722e-44
4934.0	3.679639060134202e-44
4934.5	3.899302211024273e-44
4935.0	3.6208601926193613e-44
4935.5	3.4403074368385564e-44
4936.0	3.566687989099337e-44
4936.5	3.5187439416870185e-44
4937.0	2.9195621504534726e-44
4937.5	3.199432275809303e-44
4938.0	3.4042486066839117e-44
4938.5	3.577367060382853e-44
4939.0	3.4999295449521644e-44
4939.5	3.4208734480682715e-44
4940.0	3.295386617529701e-44
4940.5	3.365358919679596e-44
4941.0	3.330346115131519e-44
4941.5	3.1504603778588157e-44
4942.0	3.1647364499691937e-44
4942.5	3.1088599045593717e-44
4943.0	3.240916795002458e-44
4943.5	3.6853321813048367e-44
4944.0	3.612733438029372e-44
4944.5	3.3727871199686204e-44
4945.0	3.44032663421413e-44
4945.5	3.51041761042082e-44
4946.0	3.5151885753531364e-44
4946.5	3.8595973871689327e-44
4947.0	3.7482146346782665e-44
4947.5	3.6045469325044787e-44
4948.0	3.319893878442903e-44
4948.5	3.504594237328384e-44
4949.0	3.4548444976321156e-44
4949.5	3.7122834203223e-44
4950.0	3.4506540908147195e-44
4950.5	3.4781276605260604e-44
4951.0	3.710981730922225e-44
4951.5	3.8131677494274025e-44
4952.0	3.4956010016500104e-44
4952.5	3.575932710210826e-44
4953.0	3.331220064297081e-44
4953.5	3.3503122417296064e-44
4954.0	3.3425919790342864e-44
4954.5	3.0784237116515045e-44
4955.0	3.591650687949574e-44
4955.5	3.637500329177082e-44
4956.0	3.3317676829019097e-44
4956.5	3.1547578016281063e-44
4957.0	3.6605984102492264e-44
4957.5	3.3259401076746644e-44
4958.0	3.1808586664389173e-44
4958.5	3.370646681218038e-44
4959.0	3.599691437105725e-44
4959.5	4.020838254895968e-44
4960.0	3.6134453544863986e-44
4960.5	3.2353065795823644e-44
4961.0	3.162327951124002e-44
4961.5	3.4407651524050076e-44
4962.0	3.2895738469687477e-44
4962.5	3.4370899132700645e-44
4963.0	3.170068642570466e-44
4963.5	3.1380884798942135e-44
4964.0	3.206048737135484e-44
4964.5	3.299752640101928e-44
4965.0	3.027970829401053e-44
4965.5	3.2712793515540063e-44
4966.0	3.823165548020273e-44
4966.5	3.8144603995451294e-44
4967.0	3.5125771359185016e-44
4967.5	3.356007503335773e-44
4968.0	3.408634490639389e-44
4968.5	3.376065295770596e-44
4969.0	3.905886768611432e-44
4969.5	3.9893535614197035e-44
4970.0	3.4921171727916806e-44
4970.5	3.165302848186415e-44
4971.0	3.3869009837467317e-44
4971.5	3.0447575803776767e-44
4972.0	3.3001741733488143e-44
4972.5	3.3335336723263723e-44
4973.0	3.478506774925938e-44
4973.5	3.187817900314125e-44
4974.0	3.6370641270393405e-44
4974.5	3.282259708081019e-44
4975.0	2.9733507687266025e-44
4975.5	3.3178931964655207e-44
4976.0	3.410475503609148e-44
4976.5	3.472377706367051e-44
4977.0	3.445321261244561e-44
4977.5	3.19785017716875e-44
4978.0	3.3496303618559785e-44
4978.5	3.278094641161758e-44
4979.0	3.761249748970295e-44
4979.5	3.4875553796147567e-44
4980.0	2.928054151081036e-44
4980.5	3.1094525001533197e-44
4981.0	3.452278495329652e-44
4981.5	3.644911154914247e-44
4982.0	3.5550805385067074e-44
4982.5	3.740960789078976e-44
4983.0	3.879514655594809e-44
4983.5	4.117047781820473e-44
4984.0	3.789966814250069e-44
4984.5	3.3929367942896646e-44
4985.0	3.396993480891238e-44
4985.5	3.4383869088267814e-44
4986.0	3.3032810809162093e-44
4986.5	3.8175757121002483e-44
4987.0	3.588183253852864e-44
4987.5	3.1914421123855786e-44
4988.0	3.640810630980438e-44
4988.5	3.83664973701336e-44
4989.0	3.783721594901688e-44
4989.5	3.3408607453682773e-44
4990.0	2.9513833080555843e-44
4990.5	2.9258801145505067e-44
4991.0	3.2041720790045684e-44
4991.5	3.4794673206464917e-44
4992.0	3.5577661462641433e-44
4992.5	3.468524552000925e-44
4993.0	3.772582043680856e-44
4993.5	3.2845608946395155e-44
4994.0	3.6376083574544934e-44
4994.5	4.066070297970143e-44
4995.0	3.35640139639907e-44
4995.5	3.110094289164383e-44
4996.0	3.8018554214922823e-44
4996.5	4.036095367954393e-44
4997.0	3.7931506521070845e-44
4997.5	3.8009434735486874e-44
4998.0	4.006638265975273e-44
4998.5	3.961671435214122e-44
4999.0	4.0418374231892526e-44
4999.5	3.8619496735583335e-44
5000.0	3.772342799699328e-44
5000.5	3.7363127140475896e-44
5001.0	3.6483905888302615e-44
5001.5	4.127422864828899e-44
5002.0	3.75118663406203e-44
5002.5	3.8490132999057593e-44
5003.0	3.8490777150192247e-44
5003.5	3.294524091579426e-44
5004.0	2.9278129155906664e-44
5004.5	3.3613383596873397e-44
5005.0	3.218488315156605e-44
5005.5	3.4217680686109535e-44
5006.0	3.39617002556317e-44
5006.5	3.5421446352270934e-44
5007.0	3.5040137892504023e-44
5007.5	3.205262456662993e-44
5008.0	3.0884097715982503e-44
5008.5	3.3317690019435195e-44
5009.0	3.4015176971486634e-44
5009.5	3.722206641569777e-44
5010.0	4.161109032612604e-44
5010.5	3.7774032899096954e-44
5011.0	3.8637212642640344e-44
5011.5	3.566350737807879e-44
5012.0	3.3533284125520417e-44
5012.5	3.8642793917680284e-44
5013.0	4.008420043060654e-44
5013.5	4.0484671029528255e-44
5014.0	3.7619073795686616e-44
5014.5	3.533184889450295e-44
5015.0	3.5403900954408245e-44
5015.5	3.607406829268416e-44
5016.0	3.270660312051906e-44
5016.5	3.2737387736525687e-44
5017.0	3.595231247208696e-44
5017.5	3.886591697678632e-44
5018.0	3.9129985030116237e-44
5018.5	3.400131605514291e-44
5019.0	3.79092454277661e-44
5019.5	3.835018386348758e-44
5020.0	3.2145771301473464e-44
5020.5	3.473578291728575e-44
5021.0	3.920030721341408e-44
5021.5	3.734969275430213e-44
5022.0	3.6566608531529214e-44
5022.5	3.5315803398303054e-44
5023.0	3.091934700830896e-44
5023.5	3.137784752854172e-44
5024.0	3.4340871216799027e-44
5024.5	3.698530300943442e-44
5025.0	3.608328796952437e-44
5025.5	3.3477240989908816e-44
5026.0	3.509320214551627e-44
5026.5	4.015278866804942e-44
5027.0	3.846626343982542e-44
5027.5	3.5826456597380094e-44
5028.0	3.7869758038344745e-44
5028.5	4.589239436614577e-44
5029.0	4.0219926416154826e-44
5029.5	3.460173155273855e-44
5030.0	3.466719306965538e-44
5030.5	3.701885675214525e-44
5031.0	3.614105995300648e-44
5031.5	3.7253140634884633e-44
5032.0	3.61393059282913e-44
5032.5	3.232343513382076e-44
5033.0	3.5718608183657114e-44
5033.5	3.515898574194507e-44
5034.0	3.7201778957503726e-44
5034.5	3.3655293695490795e-44
5035.0	3.276616905551871e-44
5035.5	3.7454130920786584e-44
5036.0	3.573728460783672e-44
5036.5	3.502125272920582e-44
5037.0	3.6576828221922775e-44
5037.5	3.840418682314005e-44
5038.0	4.0283673414883483e-44
5038.5	3.6415890302957725e-44
5039.0	3.3978589993768807e-44
5039.5	3.581637998498593e-44
5040.0	3.9114729080045663e-44
5040.5	3.2952884664959324e-44
5041.0	3.4383227951461127e-44
5041.5	4.090494772016593e-44
5042.0	4.0800284126990526e-44
5042.5	3.3708907309165267e-44
5043.0	3.472868782715153e-44
5043.5	3.605567482885312e-44
5044.0	4.0911386231808417e-44
5044.5	4.120747974090096e-44
5045.0	3.8325680239470777e-44
5045.5	3.8999965311079194e-44
5046.0	3.754104792106277e-44
5046.5	4.1001498023361664e-44
5047.0	4.3781964011288794e-44
5047.5	3.9757468110213784e-44
5048.0	3.933794185231913e-44
5048.5	4.1320001881141355e-44
5049.0	3.6479008396515964e-44
5049.5	3.6339394403639887e-44
5050.0	3.6669046003941066e-44
5050.5	3.63023864905933e-44
5051.0	3.8926245547209615e-44
5051.5	3.639569613466695e-44
5052.0	3.3643520475006375e-44
5052.5	3.420413098711721e-44
5053.0	3.004404295253129e-44
5053.5	2.9338968239757946e-44
5054.0	3.2795148566358766e-44
5054.5	3.450876037405267e-44
5055.0	3.562228638176168e-44
5055.5	3.4289815921955064e-44
5056.0	3.827714042138787e-44
5056.5	3.573479942363938e-44
5057.0	3.6975588501295405e-44
5057.5	3.845462084542933e-44
5058.0	3.702369989794145e-44
5058.5	4.088054891287113e-44
5059.0	3.801482474126183e-44
5059.5	4.0745905910040484e-44
5060.0	3.353733475812234e-44
5060.5	3.3368983243250534e-44
5061.0	3.1290120878201083e-44
5061.5	3.5533700018820134e-44
5062.0	3.9030510783824577e-44
5062.5	3.635908222005693e-44
5063.0	3.5897632030717733e-44
5063.5	3.2065024274869434e-44
5064.0	3.3997830769751716e-44
5064.5	3.90848654694824e-44
5065.0	3.7420259400062115e-44
5065.5	3.4945977322619816e-44
5066.0	3.775500885862094e-44
5066.5	4.1237168939965876e-44
5067.0	3.8748660252195457e-44
5067.5	3.9752842980145607e-44
5068.0	4.114007014525897e-44
5068.5	4.207549665630095e-44
5069.0	3.7550672298937637e-44
5069.5	3.4446949120029317e-44
5070.0	3.911795829268898e-44
5070.5	4.0884964555116287e-44
5071.0	3.780209667645145e-44
5071.5	4.0432207730970563e-44
5072.0	3.9636472837515786e-44
5072.5	3.883485095240408e-44
5073.0	3.616622777641893e-44
5073.5	3.648172865396895e-44
5074.0	3.617722749291181e-44
5074.5	3.5809033129403837e-44
5075.0	3.6323975266149885e-44
5075.5	3.676183488568422e-44
5076.0	3.6299758899620214e-44
5076.5	4.1276526844391283e-44
5077.0	4.075463312876561e-44
5077.5	3.8470279783390735e-44
5078.0	3.761506072933481e-44
5078.5	3.7449182283211224e-44
5079.0	3.350559398917037e-44
5079.5	3.5171860337510296e-44
5080.0	4.321974164204249e-44
5080.5	3.9852217658414623e-44
5081.0	3.7524667209180714e-44
5081.5	3.5865256207144817e-44
5082.0	3.490778637337574e-44
5082.5	3.6689794047414187e-44
5083.0	3.5440243401964325e-44
5083.5	3.529068991660132e-44
5084.0	3.6531020515813503e-44
5084.5	3.5303033296934837e-44
5085.0	4.1113953841399255e-44
5085.5	3.984347145295511e-44
5086.0	3.529559158122184e-44
5086.5	3.5973715005445916e-44
5087.0	3.856280560137164e-44
5087.5	4.296779408405014e-44
5088.0	3.9043557119553547e-44
5088.5	3.368893620660177e-44
5089.0	3.7416493858262137e-44
5089.5	3.8476521471483835e-44
5090.0	3.9849854576292856e-44
5090.5	3.904537551713876e-44
5091.0	3.795048079215017e-44
5091.5	4.132911737433793e-44
5092.0	4.15895085756015e-44
5092.5	3.615920321643356e-44
5093.0	3.446189205774316e-44
5093.5	3.11208504147612e-44
5094.0	3.4077947097176607e-44
5094.5	3.7574738238187003e-44
5095.0	3.395695754972818e-44
5095.5	3.2503620116417157e-44
5096.0	3.507416971002785e-44
5096.5	3.608508059561713e-44
5097.0	4.2498930653908246e-44
5097.5	5.351779967435817e-44
5098.0	4.2406933682475614e-44
5098.5	3.9366690185697874e-44
5099.0	3.825033324524544e-44
5099.5	3.8190210445174327e-44
5100.0	3.8687562617111823e-44
5100.5	4.497084719466075e-44
5101.0	3.929689380181142e-44
5101.5	3.8231187350733987e-44
5102.0	3.48251288807254e-44
5102.5	3.9539937432093194e-44
5103.0	4.323544629970353e-44
5103.5	3.685306100410767e-44
5104.0	3.3726030078889343e-44
5104.5	3.140125728530621e-44
5105.0	3.6185026295041607e-44
5105.5	3.9176984049257754e-44
5106.0	4.017318006444213e-44
5106.5	3.875239600774596e-44
5107.0	3.9562209380348115e-44
5107.5	4.0483383132341153e-44
5108.0	3.522489190496691e-44
5108.5	3.0961799159787287e-44
5109.0	3.440880562449497e-44
5109.5	3.189331577856373e-44
5110.0	3.6993700572188895e-44
5110.5	4.1881756679436176e-44
5111.0	4.1121408027893035e-44
5111.5	4.0107620470195216e-44
5112.0	4.1861271701416407e-44
5112.5	4.0423017337274566e-44
5113.0	3.554893633707445e-44
5113.5	4.1756194946329134e-44
5114.0	4.1926601969597126e-44
5114.5	4.563011849331551e-44
5115.0	4.1634372775759784e-44
5115.5	3.510065772685103e-44
5116.0	3.7404117268085834e-44
5116.5	3.8839103794384756e-44
5117.0	3.788132437139678e-44
5117.5	3.790049031317699e-44
5118.0	4.024581443660723e-44
5118.5	4.3783052048919396e-44
5119.0	4.040783970313464e-44
5119.5	3.851135582085638e-44
5120.0	3.4473675306874737e-44
5120.5	3.783944613625609e-44
5121.0	4.102161216169506e-44
5121.5	4.133702874775301e-44
5122.0	3.574267031713364e-44
5122.5	3.789201359663808e-44
5123.0	3.8958755757975404e-44
5123.5	4.0580237243704085e-44
5124.0	3.9198484489724975e-44
5124.5	4.1478752477225407e-44
5125.0	3.831952507750287e-44
5125.5	3.0484631236552317e-44
5126.0	3.231512454340534e-44
5126.5	3.7095575179944497e-44
5127.0	4.487114212139481e-44
5127.5	3.6226460689217996e-44
5128.0	3.685173464084549e-44
5128.5	4.553897252407594e-44
5129.0	4.486547468180432e-44
5129.5	4.244531998737514e-44
5130.0	4.130888747327268e-44
5130.5	3.638631458990573e-44
5131.0	3.923057713036457e-44
5131.5	3.925253959700208e-44
5132.0	3.5340124017984566e-44
5132.5	3.2677280619653908e-44
5133.0	3.4037118698191317e-44
5133.5	3.6091206042276164e-44
5134.0	4.083382950964353e-44
5134.5	4.1945527958971354e-44
5135.0	3.830624825770467e-44
5135.5	3.5845995303392595e-44
5136.0	4.1120398104785417e-44
5136.5	4.122998450866472e-44
5137.0	4.3073703975368455e-44
5137.5	4.0526001909547507e-44
5138.0	3.849903396890558e-44
5138.5	4.1238217759447004e-44
5139.0	3.8057322259970757e-44
5139.5	3.5455070279139375e-44
5140.0	3.670174581187285e-44
5140.5	3.946581362250872e-44
5141.0	3.974151181913024e-44
5141.5	3.9618346129417615e-44
5142.0	3.8531765031968095e-44
5142.5	3.576372050674719e-44
5143.0	3.6660209075429595e-44
5143.5	3.7632140763019985e-44
5144.0	4.1642797602683087e-44
5144.5	4.082715732256269e-44
5145.0	4.492270590173364e-44
5145.5	4.21428808414712e-44
5146.0	3.9956685570993884e-44
5146.5	4.4797004148565884e-44
5147.0	4.2309483123966857e-44
5147.5	4.0038979415663145e-44
5148.0	4.154021568160538e-44
5148.5	3.8468320489539635e-44
5149.0	3.677469400832731e-44
5149.5	4.2897529965679994e-44
5150.0	4.3637153044579783e-44
5150.5	4.135535137123331e-44
5151.0	3.8547298762482096e-44
5151.5	3.3457026609178724e-44
5152.0	3.3205007392600633e-44
5152.5	3.90386219392899e-44
5153.0	4.589246892404689e-44
5153.5	3.997585632757877e-44
5154.0	4.0529273914156397e-44
5154.5	4.45403232637983e-44
5155.0	4.277041238672501e-44
5155.5	4.339090199665612e-44
5156.0	4.1801892411961707e-44
5156.5	3.9968737068781486e-44
5157.0	3.705077804476485e-44
5157.5	4.503811961667198e-44
5158.0	4.482812222938367e-44
5158.5	4.2838042967514844e-44
5159.0	3.997153886951269e-44
5159.5	3.829380557130585e-44
5160.0	4.142335799290133e-44
5160.5	4.2472228464530384e-44
5161.0	4.0885203994397216e-44
5161.5	4.4667207708665036e-44
5162.0	4.085695231522134e-44
5162.5	3.3819378352875976e-44
5163.0	3.455823815647548e-44
5163.5	3.6755505159528797e-44
5164.0	4.10336551658833e-44
5164.5	4.3758017475211884e-44
5165.0	4.413917750524268e-44
5165.5	4.4363641873819554e-44
5166.0	4.088191939185895e-44
5166.5	3.9859640633323004e-44
5167.0	4.205306533208609e-44
5167.5	4.386869062449991e-44
5168.0	4.0293415507538757e-44
5168.5	4.0188743883521385e-44
5169.0	3.710783464909557e-44
5169.5	3.6791331159134174e-44
5170.0	3.7395780556149377e-44
5170.5	4.217147643079514e-44
5171.0	4.2072783062983806e-44
5171.5	3.8071232304760793e-44
5172.0	4.1855595215847926e-44
5172.5	4.3016627212318973e-44
5173.0	3.902897066852753e-44
5173.5	3.9569835907304044e-44
5174.0	4.141118710539752e-44
5174.5	4.1829256129987716e-44
5175.0	4.104588805595703e-44
5175.5	4.0076674022193813e-44
5176.0	4.2927862829648507e-44
5176.5	4.755451181471265e-44
5177.0	4.554827650197698e-44
5177.5	4.506373483946288e-44
5178.0	4.3163997243549933e-44
5178.5	3.7607433778482915e-44
5179.0	4.32068569000328e-44
5179.5	4.069214231661404e-44
5180.0	4.186788797825978e-44
5180.5	4.0696213474473506e-44
5181.0	3.9387329471302873e-44
5181.5	4.116456369913005e-44
5182.0	3.80756206910627e-44
5182.5	3.7924006428866513e-44
5183.0	3.9039266708964813e-44
5183.5	3.88976153779914e-44
5184.0	3.890080519078942e-44
5184.5	4.3026035598445877e-44
5185.0	3.735480404204226e-44
5185.5	4.2404590200674066e-44
5186.0	4.619692900426771e-44
5186.5	4.1514745708344223e-44
5187.0	4.195673445725888e-44
5187.5	3.996831159411147e-44
5188.0	3.5358129444564196e-44
5188.5	3.900801293599658e-44
5189.0	3.7732624144247016e-44
5189.5	4.1615691761376167e-44
5190.0	4.258776375228713e-44
5190.5	4.1371442713039766e-44
5191.0	3.910925882905612e-44
5191.5	4.1735308184189827e-44
5192.0	4.3727964165927355e-44
5192.5	4.1028528460295114e-44
5193.0	3.6572578447159513e-44
5193.5	4.1572606618844466e-44
5194.0	4.1918415058998256e-44
5194.5	3.330654670830466e-44
5195.0	3.6373361837915113e-44
5195.5	3.834174327949748e-44
5196.0	3.402758410179057e-44
5196.5	3.9207209442414985e-44
5197.0	3.775689153082817e-44
5197.5	3.8942999591474165e-44
5198.0	4.1964255260131855e-44
5198.5	3.838136007672145e-44
5199.0	3.843765167477168e-44
5199.5	3.8604258666295916e-44
5200.0	4.364782907646976e-44
5200.5	4.2769476624256034e-44
5201.0	3.609032604523833e-44
5201.5	4.2679359520805344e-44
5202.0	4.586752923009602e-44
5202.5	4.3222228779322063e-44
5203.0	4.0804448848104023e-44
5203.5	4.475091280585947e-44
5204.0	4.0694459223759043e-44
5204.5	3.6116020093185535e-44
5205.0	3.9700919432303365e-44
5205.5	4.2789748364506916e-44
5206.0	4.1915606872407515e-44
5206.5	4.0602780098864906e-44
5207.0	4.274370876972572e-44
5207.5	4.3129969511231305e-44
5208.0	3.6306534629663684e-44
5208.5	3.7209585162434267e-44
5209.0	4.062685844288035e-44
5209.5	3.963725810834076e-44
5210.0	3.7564796814330364e-44
5210.5	3.5623752998104434e-44
5211.0	3.623392465070161e-44
5211.5	4.004936872968729e-44
5212.0	4.2527708757026663e-44
5212.5	4.1218511802177577e-44
5213.0	3.8417381337113047e-44
5213.5	3.7888373931507074e-44
5214.0	3.682507646738064e-44
5214.5	3.4248260251590863e-44
5215.0	3.784997276733346e-44
5215.5	3.7841899133949563e-44
5216.0	3.827467374547937e-44
5216.5	3.987920148622988e-44
5217.0	4.10020685198852e-44
5217.5	3.7517464382773417e-44
5218.0	3.6883857637107567e-44
5218.5	3.8851770164331076e-44
5219.0	3.808670817252978e-44
5219.5	3.9443037182916364e-44
5220.0	4.57960471513938e-44
5220.5	3.7583927534478675e-44
5221.0	3.79970242851108e-44
5221.5	4.407914882828652e-44
5222.0	3.9360990888386717e-44
5222.5	4.100866633173861e-44
5223.0	3.677420946785244e-44
5223.5	3.660087280954519e-44
5224.0	3.8849549701827295e-44
5224.5	3.8265282193852855e-44
5225.0	4.193141027514398e-44
5225.5	4.4316506745695363e-44
5226.0	4.0681545682103435e-44
5226.5	4.588837124200749e-44
5227.0	4.010165417959548e-44
5227.5	4.142241611452146e-44
5228.0	4.195142349128778e-44
5228.5	4.122661341398373e-44
5229.0	4.1649974447608155e-44
5229.5	4.439603799874155e-44
5230.0	4.445383256979402e-44
5230.5	4.3936421478348017e-44
5231.0	4.3720729449569183e-44
5231.5	4.0164777832670344e-44
5232.0	4.3350761907822407e-44
5232.5	4.1265334394433467e-44
5233.0	4.351177494257444e-44
5233.5	4.324916824211615e-44
5234.0	3.8244437184924617e-44
5234.5	3.6536438059238357e-44
5235.0	4.294796750902657e-44
5235.5	4.354923338642706e-44
5236.0	3.906113799385176e-44
5236.5	3.757954625429568e-44
5237.0	3.7302831761014956e-44
5237.5	3.8155553069099007e-44
5238.0	4.1338424902461276e-44
5238.5	4.4491219653925275e-44
5239.0	3.8425136707862466e-44
5239.5	3.7089488672475355e-44
5240.0	3.8490407612451044e-44
5240.5	4.2078900924880047e-44
5241.0	4.112276382499635e-44
5241.5	4.2178705960721556e-44
5242.0	3.9069859100547525e-44
5242.5	3.7924315358353e-44
5243.0	3.988258982004655e-44
5243.5	3.509566256087526e-44
5244.0	3.67858844083797e-44
5244.5	3.9945416089843373e-44
5245.0	3.9449062937938173e-44
5245.5	4.6395277154103145e-44
5246.0	4.40351921153319e-44
5246.5	4.1398947458383775e-44
5247.0	4.0781482551056133e-44
5247.5	4.2613952139561513e-44
5248.0	4.696091050222758e-44
5248.5	4.600646988346661e-44
5249.0	4.379156779806558e-44
5249.5	4.129373785372632e-44
5250.0	4.342241899707024e-44
5250.5	4.687595776312117e-44
5251.0	4.417731461675639e-44
5251.5	4.2429545043146577e-44
5252.0	4.2409573440419226e-44
5252.5	4.1411480623782e-44
5253.0	4.236938669276497e-44
5253.5	4.098206456295027e-44
5254.0	3.880946901885056e-44
5254.5	3.963412536137199e-44
5255.0	3.6307089253390865e-44
5255.5	3.9517169358219123e-44
5256.0	4.008859372149755e-44
5256.5	4.0265136284648197e-44
5257.0	3.5450130083781994e-44
5257.5	4.083541838258472e-44
5258.0	4.0364760523435767e-44
5258.5	3.8704024148963126e-44
5259.0	4.180992303625051e-44
5259.5	4.191634948915368e-44
5260.0	4.0322017293732884e-44
5260.5	4.004366216395045e-44
5261.0	4.509901679458255e-44
5261.5	4.482961174344794e-44
5262.0	4.313805760883985e-44
5262.5	4.224481696775997e-44
5263.0	4.539987336377913e-44
5263.5	3.9308870050470686e-44
5264.0	3.832447754726176e-44
5264.5	4.184808555087136e-44
5265.0	4.3839450572749963e-44
5265.5	3.982378466629487e-44
5266.0	3.997494764196531e-44
5266.5	4.097509681149024e-44
5267.0	4.3465643188070565e-44
5267.5	4.366525695497673e-44
5268.0	4.357780202202809e-44
5268.5	4.001805954712397e-44
5269.0	3.673480410879654e-44
5269.5	3.547372207304465e-44
5270.0	3.9077104212661945e-44
5270.5	3.5820185256431534e-44
5271.0	3.9761928135685196e-44
5271.5	4.3733377990111445e-44
5272.0	4.217284381354863e-44
5272.5	4.1488261789308945e-44
5273.0	3.874305393963365e-44
5273.5	4.361736186321332e-44
5274.0	4.016228309920136e-44
5274.5	3.463126568174785e-44
5275.0	4.145613184591348e-44
5275.5	4.437605111856553e-44
5276.0	4.235446965370745e-44
5276.5	3.92161611403093e-44
5277.0	4.301258951581345e-44
5277.5	4.398151760385337e-44
5278.0	4.17209855933374e-44
5278.5	4.3950629944067164e-44
5279.0	5.061148713284053e-44
5279.5	4.496904964562316e-44
5280.0	4.150817625077183e-44
5280.5	4.15929700112074e-44
5281.0	3.776236045146137e-44
5281.5	3.631090551075784e-44
5282.0	3.830133873493218e-44
5282.5	3.884365277999978e-44
5283.0	4.1136101733447514e-44
5283.5	4.2113658146956025e-44
5284.0	4.1663200650167147e-44
5284.5	4.036684390882273e-44
5285.0	3.801674430074419e-44
5285.5	3.5964349474122963e-44
5286.0	3.63059360482638e-44
5286.5	4.060669607697444e-44
5287.0	4.907520962925171e-44
5287.5	5.128053354171073e-44
5288.0	4.930404400571365e-44
5288.5	4.1037069240586287e-44
5289.0	3.9828428341953983e-44
5289.5	4.3743178446308526e-44
5290.0	4.452251896217675e-44
5290.5	4.642799346257316e-44
5291.0	4.66119072706421e-44
5291.5	4.485408517600608e-44
5292.0	4.590735238179641e-44
5292.5	4.772765384805574e-44
5293.0	4.68099383701983e-44
5293.5	4.359984657009189e-44
5294.0	3.949946352285206e-44
5294.5	3.8554288370622646e-44
5295.0	4.1536652060897364e-44
5295.5	3.9700847696245535e-44
5296.0	3.628125607918179e-44
5296.5	3.504859891034833e-44
5297.0	3.7382485885793404e-44
5297.5	3.892370505584305e-44
5298.0	3.7865756672239096e-44
5298.5	3.3205726993111065e-44
5299.0	3.9583679263226163e-44
5299.5	4.472044624261767e-44
5300.0	4.4094758534928003e-44
5300.5	4.027696581116795e-44
5301.0	3.635183471448e-44
5301.5	3.7772288011304327e-44
5302.0	4.039074033769771e-44
5302.5	4.030886872047361e-44
5303.0	4.0600784677174533e-44
5303.5	3.684130561948843e-44
5304.0	3.6277759165887004e-44
5304.5	4.0426636933637836e-44
5305.0	4.0677309363221884e-44
5305.5	4.0515322219732014e-44
5306.0	4.1101548290453853e-44
5306.5	3.933331043759401e-44
5307.0	4.326548641591817e-44
5307.5	4.328350959266612e-44
5308.0	4.275880544403743e-44
5308.5	4.136314505914375e-44
5309.0	4.328074275945285e-44
5309.5	4.4311768126168445e-44
5310.0	4.602213169079467e-44
5310.5	5.166730595974056e-44
5311.0	4.045047926178659e-44
5311.5	4.0182424219943434e-44
5312.0	4.0662513212169265e-44
5312.5	3.933615410342744e-44
5313.0	3.255802657353198e-44
5313.5	4.123004100265377e-44
5314.0	3.919122026227997e-44
5314.5	4.299432636939809e-44
5315.0	3.982726042321551e-44
5315.5	3.5399815956239084e-44
5316.0	3.674658651605461e-44
5316.5	3.7599394641172495e-44
5317.0	4.0795542351913485e-44
5317.5	3.9408488574176323e-44
5318.0	4.005302720033892e-44
5318.5	4.071068635095342e-44
5319.0	4.0429631021886083e-44
5319.5	4.747485830031438e-44
5320.0	4.68189773362017e-44
5320.5	4.3057767999793436e-44
5321.0	4.146665889817631e-44
5321.5	4.1063117182679133e-44
5322.0	4.0910264892856073e-44
5322.5	4.1232104025442294e-44
5323.0	4.560471707868841e-44
5323.5	4.352340954367791e-44
5324.0	4.677012297395939e-44
5324.5	4.3096006789542486e-44
5325.0	4.086404063608297e-44
5325.5	4.0837741887405057e-44
5326.0	4.3859998219545156e-44
5326.5	4.36281862548832e-44
5327.0	4.0491126813996276e-44
5327.5	4.688336730179478e-44
5328.0	4.697485386951006e-44
5328.5	4.631258619759835e-44
5329.0	4.930332747069249e-44
5329.5	4.838832570156063e-44
5330.0	4.519497902890068e-44
5330.5	4.697600281392501e-44
5331.0	4.313477364344353e-44
5331.5	4.156915188874563e-44
5332.0	4.551554573750847e-44
5332.5	4.614740262808773e-44
5333.0	5.045581406707101e-44
5333.5	4.2158894289923845e-44
5334.0	4.296099328118434e-44
5334.5	4.4601135167619047e-44
5335.0	4.0208276114235657e-44
5335.5	3.8348571147091715e-44
5336.0	3.5901839538347183e-44
5336.5	3.911955403933385e-44
5337.0	3.991654469053673e-44
5337.5	4.2554978802550714e-44
5338.0	4.3187264610407786e-44
5338.5	4.1642836787892717e-44
5339.0	4.084450934854837e-44
5339.5	4.2926198293534276e-44
5340.0	4.593067430486047e-44
5340.5	4.316430054115136e-44
5341.0	4.339093258824739e-44
5341.5	4.684163474004844e-44
5342.0	4.562838398874601e-44
5342.5	4.2311091497521734e-44
5343.0	4.843580810297603e-44
5343.5	4.556350504538112e-44
5344.0	4.598368080260385e-44
5344.5	4.1683453137087856e-44
5345.0	4.4461501224643914e-44
5345.5	4.49050639655578e-44
5346.0	4.023738181219202e-44
5346.5	3.8394162691780327e-44
5347.0	4.177223172792352e-44
5347.5	4.594737059608478e-44
5348.0	4.4627377983526214e-44
5348.5	4.4366116390520793e-44
5349.0	4.742433731208966e-44
5349.5	4.945326719411127e-44
5350.0	5.150266342004938e-44
5350.5	4.1793218400642226e-44
5351.0	3.6983299838204284e-44
5351.5	4.091623811645055e-44
5352.0	5.206326039896461e-44
5352.5	4.8303117205425965e-44
5353.0	4.186777509619023e-44
5353.5	4.345423092236455e-44
5354.0	4.710581349564466e-44
5354.5	4.298373517671996e-44
5355.0	4.3653941698484817e-44
5355.5	4.2858801314326313e-44
5356.0	4.434863373224613e-44
5356.5	4.614808897989146e-44
5357.0	4.2476670002665663e-44
5357.5	3.7393613633175265e-44
5358.0	4.315901239295202e-44
5358.5	4.237961203262124e-44
5359.0	3.978539506212464e-44
5359.5	4.1078199065655214e-44
5360.0	4.318191191101496e-44
5360.5	4.1501229012888884e-44
5361.0	4.2649096180603764e-44
5361.5	4.3221136507559343e-44
5362.0	4.991945165454117e-44
5362.5	4.882339096859905e-44
5363.0	4.64059179331998e-44
5363.5	4.312456952514341e-44
5364.0	4.37844428911157e-44
5364.5	4.1479015247652066e-44
5365.0	3.969955843463949e-44
5365.5	4.678666498366233e-44
5366.0	4.758288008803613e-44
5366.5	5.032320949323886e-44
5367.0	5.059541283216207e-44
5367.5	5.035118745240093e-44
5368.0	4.334957178984188e-44
5368.5	4.2877661147246535e-44
5369.0	4.4620039797214666e-44
5369.5	4.121097704853826e-44
5370.0	4.299081442607326e-44
5370.5	4.427888726296866e-44
5371.0	4.124524383337004e-44
5371.5	3.8200636528889587e-44
5372.0	3.786315570507665e-44
5372.5	4.252897908673285e-44
5373.0	4.2447624152519333e-44
5373.5	4.341402862330864e-44
5374.0	3.7706439438759808e-44
5374.5	4.0248331804300135e-44
5375.0	4.397312885385325e-44
5375.5	4.2358156933563286e-44
5376.0	4.573506437496265e-44
5376.5	4.160888183343025e-44
5377.0	4.452341450061035e-44
5377.5	4.3846538995008664e-44
5378.0	4.1663037626234963e-44
5378.5	4.624903679210088e-44
5379.0	4.3533499381986637e-44
5379.5	4.7630593373662595e-44
5380.0	4.764504621855092e-44
5380.5	4.507282666388692e-44
5381.0	4.823078526034287e-44
5381.5	4.677235968104705e-44
5382.0	4.552258136077972e-44
5382.5	4.675311376147798e-44
5383.0	4.4166269394775634e-44
5383.5	4.690759880393347e-44
5384.0	4.919429235933364e-44
5384.5	4.3608789927465323e-44
5385.0	4.387944816188587e-44
5385.5	4.4325340801083395e-44
5386.0	4.734347990188076e-44
5386.5	4.784027444725512e-44
5387.0	4.0167865735643937e-44
5387.5	4.0651460234366135e-44
5388.0	4.529034996952539e-44
5388.5	4.686876720093154e-44
5389.0	4.441696512494617e-44
5389.5	4.3064536629394107e-44
5390.0	4.785968733711956e-44
5390.5	4.556479666651077e-44
5391.0	4.648124202359459e-44
5391.5	3.902235196430415e-44
5392.0	3.955915141627065e-44
5392.5	4.405385399808923e-44
5393.0	4.689723735064921e-44
5393.5	4.802213196340205e-44
5394.0	4.4558092587110043e-44
5394.5	4.74883692903906e-44
5395.0	4.908181827717665e-44
5395.5	4.733103072966681e-44
5396.0	4.597093865766918e-44
5396.5	4.658749059300689e-44
5397.0	4.956626044128803e-44
5397.5	5.149823316773829e-44
5398.0	4.694205604307485e-44
5398.5	4.775645934059599e-44
5399.0	5.340501690814876e-44
5399.5	4.722998509293386e-44
5400.0	4.892069028160391e-44
5400.5	4.635056677077465e-44
5401.0	5.070057960365888e-44
5401.5	5.140522987778193e-44
5402.0	5.047416321244137e-44
5402.5	4.885720934089162e-44
5403.0	4.75288561687491e-44
5403.5	4.543311827900226e-44
5404.0	4.754874905702809e-44
5404.5	4.974264026407338e-44
5405.0	4.391934229164753e-44
5405.5	4.612723651196834e-44
5406.0	5.010935073859622e-44
5406.5	5.363317544758681e-44
5407.0	5.011882139059185e-44
5407.5	5.116539288714975e-44
5408.0	4.655424805317904e-44
5408.5	4.4048269765865217e-44
5409.0	4.816030658663396e-44
5409.5	4.038238632795521e-44
5410.0	4.73538610776263e-44
5410.5	5.616814350546842e-44
5411.0	5.50082427711378e-44
5411.5	5.067295375954936e-44
5412.0	5.123812799726357e-44
5412.5	5.88555099460638e-44
5413.0	5.612608938802645e-44
5413.5	5.467401180154383e-44
5414.0	5.357936630292112e-44
5414.5	4.783238403585064e-44
5415.0	4.760201996930146e-44
5415.5	4.956804678176532e-44
5416.0	4.680709082312731e-44
5416.5	5.013677384239779e-44
5417.0	5.317482600483962e-44
5417.5	5.453713322861408e-44
5418.0	5.473743398573036e-44
5418.5	5.421137967884978e-44
5419.0	5.260101915040063e-44
5419.5	4.804423710360659e-44
5420.0	4.735505977733575e-44
5420.5	4.2488047142465095e-44
5421.0	4.706245944031923e-44
5421.5	4.870202296367616e-44
5422.0	5.701860338287503e-44
5422.5	6.192803969351647e-44
5423.0	4.754384294462023e-44
5423.5	4.516762029975998e-44
5424.0	4.951873212135809e-44
5424.5	5.525021092347418e-44
5425.0	4.789128358152462e-44
5425.5	4.825874952884688e-44
5426.0	5.358955429389245e-44
5426.5	4.9604056724190235e-44
5427.0	4.480590679284204e-44
5427.5	4.2321773589860474e-44
5428.0	4.691918033736463e-44
5428.5	4.906897677592847e-44
5429.0	5.52526142158129e-44
5429.5	5.009731604665567e-44
5430.0	5.036384330324979e-44
5430.5	5.085295179340018e-44
5431.0	5.061689533952774e-44
5431.5	5.301318719576728e-44
5432.0	4.734569180546028e-44
5432.5	5.345028318702611e-44
5433.0	5.42433546641271e-44
5433.5	5.426274829102764e-44
5434.0	5.091946894185351e-44
5434.5	4.219971493014476e-44
5435.0	4.941827396378547e-44
5435.5	5.29592296505935e-44
5436.0	5.093117123054547e-44
5436.5	5.808793468149013e-44
5437.0	5.756526158236821e-44
5437.5	4.921203710369471e-44
5438.0	5.359490347856786e-44
5438.5	5.274685984377476e-44
5439.0	4.857368779446521e-44
5439.5	5.477836777083571e-44
5440.0	5.870859122808603e-44
5440.5	6.159122585446457e-44
5441.0	5.868381481086223e-44
5441.5	5.603185179113448e-44
5442.0	5.856755209278406e-44
5442.5	5.766178841505972e-44
5443.0	5.612268923172905e-44
5443.5	4.952079970476947e-44
5444.0	5.416840101351675e-44
5444.5	5.283972030447207e-44
5445.0	5.393494094061954e-44
5445.5	5.636570572453512e-44
5446.0	5.732937193655893e-44
5446.5	4.612126791860512e-44
5447.0	4.7105110787943e-44
5447.5	5.336513749498468e-44
5448.0	5.561162876667791e-44
5448.5	5.332899831873905e-44
5449.0	5.862448671068027e-44
5449.5	6.395503978589704e-44
5450.0	5.148263146071465e-44
5450.5	5.3135038118264e-44
5451.0	6.270540265425527e-44
5451.5	5.605631354406617e-44
5452.0	5.819350895454701e-44
5452.5	5.749239810892503e-44
5453.0	5.182213635066013e-44
5453.5	5.665686601288741e-44
5454.0	5.792833330087857e-44
5454.5	4.712765666868437e-44
5455.0	5.580292739350863e-44
5455.5	6.021655680766082e-44
5456.0	6.264858010500793e-44
5456.5	4.859208877428031e-44
5457.0	5.26303019887491e-44
5457.5	6.369209338778534e-44
5458.0	6.057687459471773e-44
5458.5	5.611037024631816e-44
5459.0	5.595310680699735e-44
5459.5	6.059556230975462e-44
5460.0	6.334568243352228e-44
5460.5	5.872235972400818e-44
5461.0	5.681620486847428e-44
5461.5	5.773778827059595e-44
5462.0	5.990891802888749e-44
5462.5	5.625310207491644e-44
5463.0	5.398914007803879e-44
5463.5	5.375637973455398e-44
5464.0	5.312052717742362e-44
5464.5	5.196255880458237e-44
5465.0	6.202875859604107e-44
5465.5	5.970024091771401e-44
5466.0	5.581526616000689e-44
5466.5	6.336935504243316e-44
5467.0	6.671674104356066e-44
5467.5	6.893716324822403e-44
5468.0	6.769651381320705e-44
5468.5	6.011885550479542e-44
5469.0	6.032345517255184e-44
5469.5	6.187907251813928e-44
5470.0	7.021573808586527e-44
5470.5	7.102549559700593e-44
5471.0	6.68693177735317e-44
5471.5	7.116646552870346e-44
5472.0	6.479108142690915e-44
5472.5	6.661596235922952e-44
5473.0	6.746897880022824e-44
5473.5	6.962394487994519e-44
5474.0	6.980174801952639e-44
5474.5	6.733249523872095e-44
5475.0	6.266335934202272e-44
5475.5	5.781605004975442e-44
5476.0	6.114074559623845e-44
5476.5	6.692911992092791e-44
5477.0	7.173663916199053e-44
5477.5	6.814983867620654e-44
5478.0	6.802600317621543e-44
5478.5	6.834355610193537e-44
5479.0	7.559784606657827e-44
5479.5	7.646020383769557e-44
5480.0	7.709803263336095e-44
5480.5	7.697520908507506e-44
5481.0	7.707103714055582e-44
5481.5	8.804018912155363e-44
5482.0	8.806892475422072e-44
5482.5	8.981880764748461e-44
5483.0	7.810390450435436e-44
5483.5	7.344614252273894e-44
5484.0	7.792830601997793e-44
5484.5	7.707211273762552e-44
5485.0	7.632413312080817e-44
5485.5	8.671452772009579e-44
5486.0	9.183060105051195e-44
5486.5	9.03584646848066e-44
5487.0	8.337791018517864e-44
5487.5	8.939967778787505e-44
5488.0	8.992651093324269e-44
5488.5	1.0036811788604982e-43
5489.0	9.666090116351758e-44
5489.5	9.424494420498827e-44
5490.0	8.568244592454332e-44
5490.5	8.845045414581342e-44
5491.0	8.030487853362475e-44
5491.5	9.766144453329172e-44
5492.0	1.022643115314189e-43
5492.5	1.0619529767657395e-43
5493.0	1.0767069547122687e-43
5493.5	1.0764847848633794e-43
5494.0	1.017665898267138e-43
5494.5	9.862923148074947e-44
5495.0	8.723710780898449e-44
5495.5	9.722436049459217e-44
5496.0	1.0171170477419085e-43
5496.5	1.0143468614463326e-43
5497.0	1.0581882036078276e-43
5497.5	1.050394818859858e-43
5498.0	1.1010937140042164e-43
5498.5	1.2833091425620956e-43
5499.0	1.2718011455874956e-43
5499.5	1.1311020121710776e-43
5500.0	1.3287769020570564e-43
5500.5	1.2627979322367547e-43
5501.0	1.2412521866625964e-43
5501.5	1.3572741332555505e-43
5502.0	1.2966733106395794e-43
5502.5	1.224011877540691e-43
5503.0	1.3333524798034557e-43
5503.5	1.4300808915180505e-43
5504.0	1.3830166510739419e-43
5504.5	1.4086308851311828e-43
5505.0	1.3726203016326697e-43
5505.5	1.4092323010352475e-43
5506.0	1.547132680887915e-43
5506.5	1.35013540108809e-43
5507.0	1.4379384231352054e-43
5507.5	1.6781775176127088e-43
5508.0	1.663591407769866e-43
5508.5	1.6417626039525612e-43
5509.0	1.6371547323614787e-43
5509.5	1.5725188931589305e-43
5510.0	1.7532440215554355e-43
5510.5	1.81646874545259e-43
5511.0	1.730495386009271e-43
5511.5	1.8200173645785035e-43
5512.0	2.0928403657565547e-43
5512.5	2.340635597870596e-43
5513.0	2.4713475834106283e-43
5513.5	2.2584433067335702e-43
5514.0	1.8230502841536237e-43
5514.5	2.193699761007254e-43
5515.0	2.2599138949582087e-43
5515.5	2.260472404214609e-43
5516.0	2.319782377248434e-43
5516.5	2.4799914543082517e-43
5517.0	2.5007566738395225e-43
5517.5	2.6563895563909628e-43
5518.0	2.810411819622446e-43
5518.5	2.9723452715791532e-43
5519.0	2.9012129224894408e-43
5519.5	2.8928436501972053e-43
5520.0	2.96467943351648e-43
5520.5	3.2387262607038277e-43
5521.0	3.252659233157127e-43
5521.5	2.953810516451627e-43
5522.0	3.4480782632739856e-43
5522.5	4.0649054462848e-43
5523.0	3.940677244646013e-43
5523.5	3.802070050316513e-43
5524.0	4.155319921556428e-43
5524.5	5.102661266420723e-43
5525.0	4.682688626709123e-43
5525.5	4.4154969631478965e-43
5526.0	4.9710165232645084e-43
5526.5	5.055295997535221e-43
5527.0	4.8583950005937075e-43
5527.5	5.200607574752468e-43
5528.0	5.804802028931553e-43
5528.5	5.8794799617517436e-43
5529.0	5.846378084330462e-43
5529.5	6.0313556865417366e-43
5530.0	6.576608628112102e-43
5530.5	6.1090776262214e-43
5531.0	7.076659258334899e-43
5531.5	8.171786759415539e-43
5532.0	8.116792423811326e-43
5532.5	8.056551207175e-43
5533.0	8.19147279109526e-43
5533.5	9.67253980168853e-43
5534.0	9.750777859136069e-43
5534.5	1.0418871820871045e-42
5535.0	1.005883426079398e-42
5535.5	1.0104787648899739e-42
5536.0	1.019974428106997e-42
5536.5	1.1240682120554349e-42
5537.0	1.3868066089980993e-42
5537.5	1.4520571893290924e-42
5538.0	1.3095613984633022e-42
5538.5	1.1898355053831751e-42
5539.0	1.4980123326884313e-42
5539.5	1.5166761920133937e-42
5540.0	1.5179175973855906e-42
5540.5	1.6558134451063366e-42
5541.0	1.6213756068234123e-42
5541.5	1.6646889548104628e-42
5542.0	1.8535901994254975e-42
5542.5	2.0916215373751527e-42
5543.0	2.3379831133284487e-42
5543.5	2.1535566664855438e-42
5544.0	2.467712787895044e-42
5544.5	2.5269062848094865e-42
5545.0	2.4238746155388986e-42
5545.5	2.3778690323950166e-42
5546.0	2.2230633871488196e-42
5546.5	2.413271648285627e-42
5547.0	2.7700475860716595e-42
5547.5	2.977629852069692e-42
5548.0	2.9750203988049814e-42
5548.5	3.0198953944178954e-42
5549.0	2.880727408133437e-42
5549.5	2.961290446556021e-42
5550.0	3.136794258857158e-42
5550.5	2.829572757506113e-42
5551.0	2.7129092124747926e-42
5551.5	2.668956292364662e-42
5552.0	2.6185754050588424e-42
5552.5	2.7687932080916182e-42
5553.0	2.9032903105099847e-42
5553.5	2.627747383422187e-42
5554.0	2.4311535630519144e-42
5554.5	2.4885729018755718e-42
5555.0	2.422743021033593e-42
5555.5	2.423477159378554e-42
5556.0	2.1919069369473932e-42
5556.5	2.0808988133399384e-42
5557.0	1.806583712479124e-42
5557.5	1.6999854456109535e-42
5558.0	1.7128822575630496e-42
5558.5	1.5276333383288018e-42
5559.0	1.3119572762452943e-42
5559.5	1.4023575425659908e-42
5560.0	1.596697600242046e-42
5560.5	1.4852634322881885e-42
5561.0	1.3383812548000654e-42
5561.5	1.2899992650993413e-42
5562.0	1.2486639524482322e-42
5562.5	1.1046741297127869e-42
5563.0	9.728247231222485e-43
5563.5	1.0015500594487594e-42
5564.0	1.0036104038230176e-42
5564.5	8.336555924389311e-43
5565.0	8.601546078433653e-43
5565.5	7.795048125949315e-43
5566.0	7.268097276486333e-43
5566.5	7.673880496834662e-43
5567.0	7.766612131598694e-43
5567.5	6.681045566435941e-43
5568.0	5.793433081344854e-43
5568.5	6.441555271594311e-43
5569.0	6.839666592609149e-43
5569.5	6.235590131462053e-43
5570.0	5.860760349644765e-43
5570.5	5.0256903371355024e-43
5571.0	5.176000748961969e-43
5571.5	4.916881103546681e-43
5572.0	4.55380737956333e-43
5572.5	4.554530248109947e-43
5573.0	4.445942867402911e-43
5573.5	4.155162411942356e-43
5574.0	4.28283855681159e-43
5574.5	4.300470083534245e-43
5575.0	3.935718961225249e-43
5575.5	4.043440420915056e-43
5576.0	3.726828419257661e-43
5576.5	3.3735444731978484e-43
5577.0	3.1936853049228285e-43
5577.5	3.0392993838164806e-43
5578.0	3.023283425980501e-43
5578.5	2.7612310557144156e-43
5579.0	2.7048065470645496e-43
5579.5	2.7113745397684125e-43
5580.0	2.560725539841132e-43
5580.5	2.4403040990244467e-43
5581.0	2.4813864898393288e-43
5581.5	2.874795988847359e-43
5582.0	2.525463757561964e-43
5582.5	2.33011145685859e-43
5583.0	2.4829534661238e-43
5583.5	2.2987912891182807e-43
5584.0	2.193142412798935e-43
5584.5	2.3174378763371224e-43
5585.0	2.060625711078767e-43
5585.5	1.8529884507947986e-43
5586.0	1.934181293401161e-43
5586.5	1.8623143051606665e-43
5587.0	1.8371588588653667e-43
5587.5	1.7510049766364682e-43
5588.0	1.7779339084415735e-43
5588.5	1.71611479905698e-43
5589.0	1.7019648531691054e-43
5589.5	1.737653279260918e-43
5590.0	1.576966815887028e-43
5590.5	1.5572427201407453e-43
5591.0	1.4382688018601005e-43
5591.5	1.5118344282809886e-43
5592.0	1.370859317270235e-43
5592.5	1.5939202026533256e-43
5593.0	1.5650406963253251e-43
5593.5	1.3906662213454294e-43
5594.0	1.412088086720442e-43
5594.5	1.3165579285311517e-43
5595.0	1.2865308923241308e-43
5595.5	1.4203982967924596e-43
5596.0	1.4251877171609104e-43
5596.5	1.198834623463431e-43
5597.0	1.217671632626607e-43
5597.5	1.1972623550051524e-43
5598.0	1.2422282794072831e-43
5598.5	1.421886548375988e-43
5599.0	1.9367879655608647e-43
5599.5	3.145502195034376e-43
5600.0	4.513112290802679e-43
5600.5	4.521764935713553e-43
5601.0	2.4925854307099473e-43
5601.5	1.806819377728864e-43
5602.0	1.4180417420492784e-43
5602.5	1.4177543748528648e-43
5603.0	1.2567987434873684e-43
5603.5	1.155186776066901e-43
5604.0	1.182587714380792e-43
5604.5	1.1775039850908288e-43
5605.0	1.148902006333551e-43
5605.5	1.328936463742034e-43
5606.0	1.2396942489227812e-43
5606.5	1.0099013002626632e-43
5607.0	9.267225299919949e-44
5607.5	1.0927860188284342e-43
5608.0	1.1737791713216619e-43
5608.5	1.2071305687078616e-43
5609.0	1.3622277551246607e-43
5609.5	1.3478851458341365e-43
5610.0	1.3619189294352475e-43
5610.5	1.4730698760868914e-43
5611.0	1.427980934553251e-43
5611.5	1.368715448435365e-43
5612.0	1.3764008132359687e-43
5612.5	1.6067915340706133e-43
5613.0	1.5100748952819654e-43
5613.5	1.5422492581474851e-43
5614.0	1.6030987304072106e-43
5614.5	1.670015060918497e-43
5615.0	1.518730802179082e-43
5615.5	1.6473299693927641e-43
5616.0	1.9952260409938827e-43
5616.5	2.170494394147113e-43
5617.0	2.2430277275240843e-43
5617.5	2.1643048490462075e-43
5618.0	2.40968706855916e-43
5618.5	2.5697747688449465e-43
5619.0	2.830271715681523e-43
5619.5	3.4737896905581418e-43
5620.0	3.5244614691673853e-43
5620.5	3.2564262310422013e-43
5621.0	3.5283452600893777e-43
5621.5	3.8409857379610575e-43
5622.0	4.464578032318893e-43
5622.5	5.4092059864664674e-43
5623.0	5.069971639214914e-43
5623.5	5.204420215270363e-43
5624.0	6.6718108739927296e-43
5624.5	6.458698845012297e-43
5625.0	6.566851572415519e-43
5625.5	6.990346778326516e-43
5626.0	7.700548793920453e-43
5626.5	7.82453771130597e-43
5627.0	7.72642762863428e-43
5627.5	7.132003034035762e-43
5628.0	8.439572040489125e-43
5628.5	8.69786575319013e-43
5629.0	8.265029252172712e-43
5629.5	7.401850471111934e-43
5630.0	6.3321467603337515e-43
5630.5	6.225652621833071e-43
5631.0	6.5980033428276854e-43
5631.5	6.324899921314119e-43
5632.0	6.394075651843873e-43
5632.5	5.576784657304971e-43
5633.0	4.58853798340272e-43
5633.5	4.2171665569817115e-43
5634.0	4.0545609435722574e-43
5634.5	3.6408301984661606e-43
5635.0	3.959001984790443e-43
5635.5	3.724910100240845e-43
5636.0	3.3578106237376407e-43
5636.5	3.374102381735662e-43
5637.0	3.1702861812637965e-43
5637.5	2.995478613077175e-43
5638.0	2.7226144088852433e-43
5638.5	2.662896498233798e-43
5639.0	2.846070807469962e-43
5639.5	2.2804831789267644e-43
5640.0	2.226627989503549e-43
5640.5	2.297061190471165e-43
5641.0	2.1130915542710593e-43
5641.5	1.9302779471719513e-43
5642.0	1.6922608959078784e-43
5642.5	1.7564231738990419e-43
5643.0	1.7628327782209103e-43
5643.5	1.5622288872577927e-43
5644.0	1.4912547665872402e-43
5644.5	1.5058259589624193e-43
5645.0	1.4010960320383714e-43
5645.5	1.4036122653274904e-43
5646.0	1.289348841973983e-43
5646.5	1.2652182705503401e-43
5647.0	1.2994398358163163e-43
5647.5	1.4206414960874886e-43
5648.0	1.3584214568389713e-43
5648.5	1.2903573711219667e-43
5649.0	1.1898629190889807e-43
5649.5	1.201637348673394e-43
5650.0	1.4947555079017501e-43
5650.5	1.612812823073792e-43
5651.0	1.1822198191774856e-43
5651.5	1.0276327562922438e-43
5652.0	1.0738081963353977e-43
5652.5	1.1022253716714242e-43
5653.0	1.0312307831855692e-43
5653.5	1.0177300986065944e-43
5654.0	9.625336870766412e-44
5654.5	9.652200101396637e-44
5655.0	9.088163513707711e-44
5655.5	9.096238420481632e-44
5656.0	9.309861554931102e-44
5656.5	9.087527853050143e-44
5657.0	8.928003614470012e-44
5657.5	9.470054438416733e-44
5658.0	9.726665715175032e-44
5658.5	8.588920305035542e-44
5659.0	8.57218231506366e-44
5659.5	8.36193956803361e-44
5660.0	7.877217781517825e-44
5660.5	8.421192723464917e-44
5661.0	8.168929265055201e-44
5661.5	8.693749411647306e-44
5662.0	7.726565399705503e-44
5662.5	7.511597752354896e-44
5663.0	7.363238936488685e-44
5663.5	8.193504339571811e-44
5664.0	7.689590117686778e-44
5664.5	7.339352020970773e-44
5665.0	7.488052253046899e-44
5665.5	6.753689479127842e-44
5666.0	6.695417820505192e-44
5666.5	6.409501308024582e-44
5667.0	6.494056088764382e-44
5667.5	6.31672494404213e-44
5668.0	6.340511137058091e-44
5668.5	6.399591233321014e-44
5669.0	6.677915604340249e-44
5669.5	6.86012573969782e-44
5670.0	6.584651986180255e-44
5670.5	6.176481878320624e-44
5671.0	6.838351045301834e-44
5671.5	6.99279146106605e-44
5672.0	6.259321466671327e-44
5672.5	5.871777045278111e-44
5673.0	6.750940447879917e-44
5673.5	6.995351881151931e-44
5674.0	5.86577937250262e-44
5674.5	6.114138723163409e-44
5675.0	6.912422322488803e-44
5675.5	6.691941650385571e-44
5676.0	6.433886017420344e-44
5676.5	5.604815163827558e-44
5677.0	6.398705975775151e-44
5677.5	6.396745011772371e-44
5678.0	5.652397629639481e-44
5678.5	6.013200937158688e-44
5679.0	6.175631841532894e-44
5679.5	6.15976344229127e-44
5680.0	6.470728409389635e-44
5680.5	6.385701094382612e-44
5681.0	6.666908766500432e-44
5681.5	6.106244368392437e-44
5682.0	5.383000103983573e-44
5682.5	5.42786696060649e-44
5683.0	5.75677919678455e-44
5683.5	6.073274879281178e-44
5684.0	6.859588387767687e-44
5684.5	6.323424027403839e-44
5685.0	7.840449662082732e-44
5685.5	8.107893463462232e-44
5686.0	5.931277839411272e-44
5686.5	5.978005311347371e-44
5687.0	5.670086774305251e-44
5687.5	5.62270785211667e-44
5688.0	5.265695856701605e-44
5688.5	5.301299839861249e-44
5689.0	5.173142018890962e-44
5689.5	5.385691162430688e-44
5690.0	6.009588884144775e-44
5690.5	6.1721323100352995e-44
5691.0	5.218982347408721e-44
5691.5	5.27427675149862e-44
5692.0	5.362203005476076e-44
5692.5	5.699255119829133e-44
5693.0	5.827536770775026e-44
5693.5	4.769960780906836e-44
5694.0	5.220849866807262e-44
5694.5	5.853212898681792e-44
5695.0	5.330490376953426e-44
5695.5	5.263969609700883e-44
5696.0	5.626815797261986e-44
5696.5	5.475379678339594e-44
5697.0	5.405069965803351e-44
5697.5	5.4603748553086165e-44
5698.0	5.321129733213391e-44
5698.5	5.566186032180813e-44
5699.0	5.912874393928324e-44
5699.5	5.784531534521089e-44
5700.0	5.363209807655865e-44
5700.5	5.243221274008057e-44
5701.0	5.498072750467883e-44
5701.5	5.50311618307278e-44
5702.0	4.999780338302633e-44
5702.5	4.865178385789132e-44
5703.0	5.397535225905394e-44
5703.5	5.217501804304211e-44
5704.0	4.89160081954716e-44
5704.5	4.757600382452469e-44
5705.0	5.0334140792678025e-44
5705.5	5.478874869690888e-44
5706.0	4.630564363090059e-44
5706.5	5.079576039768068e-44
5707.0	5.396443270942663e-44
5707.5	6.147380286878132e-44
5708.0	6.110396609530722e-44
5708.5	4.731536940861815e-44
5709.0	4.994540501674683e-44
5709.5	5.810988931467497e-44
5710.0	5.16111784945663e-44
5710.5	4.751937056692254e-44
5711.0	4.814428703189596e-44
5711.5	5.617539908484684e-44
5712.0	5.32684797128013e-44
5712.5	5.109739286498492e-44
5713.0	4.712616753245741e-44
5713.5	4.699646040607658e-44
5714.0	5.136652211159627e-44
5714.5	4.968357588763954e-44
5715.0	4.970306716079882e-44
5715.5	4.888923484543526e-44
5716.0	4.848423849738761e-44
5716.5	5.572976805202426e-44
5717.0	5.502570583703213e-44
5717.5	5.137481426457484e-44
5718.0	4.735542536229193e-44
5718.5	4.833484696627276e-44
5719.0	4.781982320762019e-44
5719.5	5.265704723859244e-44
5720.0	5.332401295266847e-44
5720.5	5.270311085391858e-44
5721.0	1.135124468896192e-43
5721.5	2.422182138681193e-43
5722.0	5.6416902668381735e-43
5722.5	7.449069263182855e-43
5723.0	2.2052706353937494e-43
5723.5	6.283554659654821e-44
5724.0	9.701853637503944e-44
5724.5	1.1813214576566042e-43
5725.0	6.008050572194259e-44
5725.5	4.903029550826905e-44
5726.0	4.810236540917231e-44
5726.5	4.823809183720371e-44
5727.0	5.325496253580198e-44
5727.5	5.68044190230742e-44
5728.0	5.232239365043096e-44
5728.5	4.967107096061687e-44
5729.0	4.753835393696418e-44
5729.5	4.79685942386579e-44
5730.0	5.033749985523271e-44
5730.5	4.817468113215054e-44
5731.0	4.829780067905773e-44
5731.5	5.4026777363644e-44
5732.0	5.37025944539228e-44
5732.5	5.544565342332217e-44
5733.0	4.986160693467374e-44
5733.5	4.952348207608537e-44
5734.0	4.624349307111398e-44
5734.5	4.0236076305564856e-44
5735.0	4.579078288716252e-44
5735.5	4.662406048020057e-44
5736.0	5.16105099614203e-44
5736.5	1.150635023085976e-43
5737.0	7.81880846664284e-43
5737.5	7.109308294004705e-43
5738.0	6.7910319586175735e-43
5738.5	2.4130121553412997e-43
5739.0	8.959685761731287e-44
5739.5	2.4513991225538893e-43
5740.0	2.2933127264650653e-42
5740.5	1.8718254687460558e-42
5741.0	1.1068591142507216e-43
5741.5	5.367839245245202e-44
5742.0	5.139274545039673e-44
5742.5	5.107886129874308e-44
5743.0	5.107787653317939e-44
5743.5	5.284099998082157e-44
5744.0	5.114019665109476e-44
5744.5	5.012834650294401e-44
5745.0	4.715633134933196e-44
5745.5	5.089611540930462e-44
5746.0	5.579525888522257e-44
5746.5	5.191458971794251e-44
5747.0	4.634331531858345e-44
5747.5	5.22590815764913e-44
5748.0	5.366178460807996e-44
5748.5	5.323618001003378e-44
5749.0	5.649214235891961e-44
5749.5	5.204975427762716e-44
5750.0	5.745282836466486e-44
5750.5	5.681650298425443e-44
5751.0	5.415475478454097e-44
5751.5	5.276434836956351e-44
5752.0	4.781377563312964e-44
5752.5	5.524912294242427e-44
5753.0	6.101198028994337e-44
5753.5	5.258149111966405e-44
5754.0	5.287982693958998e-44
5754.5	5.274940791193152e-44
5755.0	5.16616659441726e-44
5755.5	4.940242649600568e-44
5756.0	5.193850632685625e-44
5756.5	5.5941119622173e-44
5757.0	5.619156366131815e-44
5757.5	4.717685688849191e-44
5758.0	4.994688719964847e-44
5758.5	4.636202170478203e-44
5759.0	4.805109799389391e-44
5759.5	4.745488817212143e-44
5760.0	4.932094684330617e-44
5760.5	4.851054117288149e-44
5761.0	4.04609517557226e-44
5761.5	4.843250864279789e-44
5762.0	4.569703113401888e-44
5762.5	4.1205043438406937e-44
5763.0	4.647713605122445e-44
5763.5	3.921939499586976e-44
5764.0	4.767855976509224e-44
5764.5	4.919517696815141e-44
5765.0	5.034037009044612e-44
5765.5	5.463268625882731e-44
5766.0	5.298201382935583e-44
5766.5	4.977478147666585e-44
5767.0	4.435010438285929e-44
5767.5	4.649358979200887e-44
5768.0	5.693937852165272e-44
5768.5	5.47486970563801e-44
5769.0	5.141078924559457e-44
5769.5	4.664314741823719e-44
5770.0	4.711574403357874e-44
5770.5	4.680772941439366e-44
5771.0	5.100253293389652e-44
5771.5	5.298028236826784e-44
5772.0	5.351763537680035e-44
5772.5	5.185461005070282e-44
5773.0	4.366059743548161e-44
5773.5	4.332421102449661e-44
5774.0	4.753061071403558e-44
5774.5	4.822462242385112e-44
5775.0	4.793360774313546e-44
5775.5	4.772959158924713e-44
5776.0	4.798960591680838e-44
5776.5	5.116925908612301e-44
5777.0	4.625615210472603e-44
5777.5	4.816263528007387e-44
5778.0	4.703380913777472e-44
5778.5	5.447541462152294e-44
5779.0	5.143236701014125e-44
5779.5	4.632941363734403e-44
5780.0	4.509789583344753e-44
5780.5	4.956860109371606e-44
5781.0	5.524780230317528e-44
5781.5	4.939162679499542e-44
5782.0	4.613178148146216e-44
5782.5	4.842466113904459e-44
5783.0	4.936398194451093e-44
5783.5	4.937179189004092e-44
5784.0	5.131923178347003e-44
5784.5	4.891579511865006e-44
5785.0	4.900497555202547e-44
5785.5	4.697308046377308e-44
5786.0	4.82145854588275e-44
5786.5	5.130562148143972e-44
5787.0	4.799367188618574e-44
5787.5	5.165297785117912e-44
5788.0	5.077457981301988e-44
5788.5	4.928241620788868e-44
5789.0	4.787203817607353e-44
5789.5	5.310023421640445e-44
5790.0	5.242098011505936e-44
5790.5	5.243354809326481e-44
5791.0	4.565353531713061e-44
5791.5	4.855057385181355e-44
5792.0	5.007771457297561e-44
5792.5	5.191559788446019e-44
5793.0	5.242445193883744e-44
5793.5	5.284439258760523e-44
5794.0	5.529209444340852e-44
5794.5	5.358753489818295e-44
5795.0	4.918695238171539e-44
5795.5	5.04638429614204e-44
5796.0	4.985800285013478e-44
5796.5	4.725511454307454e-44
5797.0	4.476602750010974e-44
5797.5	4.954437032052125e-44
5798.0	4.674239965039325e-44
5798.5	4.915562818122418e-44
5799.0	5.478637537195519e-44
5799.5	5.837339078073638e-44
5800.0	5.754159168660432e-44
5800.5	4.928035862435699e-44
5801.0	5.01694590842266e-44
5801.5	5.073869292071133e-44
5802.0	4.990729829403621e-44
5802.5	4.970879557206762e-44
5803.0	5.198400459355697e-44
5803.5	5.316396461408845e-44
5804.0	5.511039919085012e-44
5804.5	5.474461478921288e-44
5805.0	5.175798349712059e-44
5805.5	4.489091801969692e-44
5806.0	4.442118107669957e-44
5806.5	4.616099912171441e-44
5807.0	5.236490572737733e-44
5807.5	5.48412432508466e-44
5808.0	5.450325213912887e-44
5808.5	5.237636685201197e-44
5809.0	4.746939514698258e-44
5809.5	4.95082932972448e-44
5810.0	5.236750230009988e-44
5810.5	5.292172482836361e-44
5811.0	5.043667314616447e-44
5811.5	4.835331821062106e-44
5812.0	5.150684176894509e-44
5812.5	4.989913814438411e-44
5813.0	5.127936500691666e-44
5813.5	4.699473145506171e-44
5814.0	4.9221630256423e-44
5814.5	5.599077081662907e-44
5815.0	5.660838817540265e-44
5815.5	4.168907657189681e-44
5816.0	4.4611739354434616e-44
5816.5	4.3943563236190926e-44
5817.0	4.782209797975078e-44
5817.5	4.945883122440124e-44
5818.0	5.166390700730891e-44
5818.5	5.55960545681299e-44
5819.0	5.133194144378948e-44
5819.5	5.084372892274735e-44
5820.0	5.215723765704188e-44
5820.5	4.943889057948641e-44
5821.0	5.159081176701042e-44
5821.5	5.354550867953795e-44
5822.0	5.340910378228636e-44
5822.5	5.623575715863161e-44
5823.0	5.209930171365693e-44
5823.5	5.577762081376367e-44
5824.0	5.564249200103821e-44
5824.5	4.977690568558193e-44
5825.0	4.698282049191264e-44
5825.5	5.02488041594505e-44
5826.0	5.087631486911497e-44
5826.5	5.136672663301653e-44
5827.0	4.872969314163005e-44
5827.5	5.020732001092033e-44
5828.0	5.075172957828757e-44
5828.5	5.29176004619465e-44
5829.0	5.154522756765879e-44
5829.5	4.684380632927622e-44
5830.0	5.212053005893578e-44
5830.5	5.286468275973684e-44
5831.0	4.814134043949459e-44
5831.5	4.1502649338370087e-44
5832.0	4.706121273024118e-44
5832.5	5.527910438539438e-44
5833.0	5.363608179669848e-44
5833.5	5.27840647073419e-44
5834.0	5.282796743882007e-44
5834.5	5.308453718993252e-44
5835.0	4.372655751296393e-44
5835.5	5.080130606653388e-44
5836.0	5.443002559097582e-44
5836.5	4.811630341313112e-44
5837.0	4.697665005928393e-44
5837.5	5.560390833110353e-44
5838.0	4.961953430548243e-44
5838.5	4.520270364006884e-44
5839.0	4.387078024302132e-44
5839.5	4.598429719143496e-44
5840.0	5.606804477352605e-44
5840.5	5.651675430853758e-44
5841.0	4.905442350833483e-44
5841.5	4.598996643469622e-44
5842.0	5.594566547407981e-44
5842.5	4.925189460425101e-44
5843.0	5.296642546035831e-44
5843.5	5.188050160889448e-44
5844.0	5.112672938011304e-44
5844.5	5.46324214545201e-44
5845.0	5.7815347037863e-44
5845.5	5.334777794712621e-44
5846.0	4.796629442095887e-44
5846.5	4.692999531141074e-44
5847.0	4.47080398810209e-44
5847.5	4.417113457170593e-44
5848.0	4.953025616958743e-44
5848.5	5.416853029928866e-44
5849.0	5.020037216773256e-44
5849.5	4.718788845399683e-44
5850.0	4.885146847062821e-44
5850.5	5.16578212565207e-44
5851.0	5.065217863673577e-44
5851.5	5.276953876308506e-44
5852.0	5.561306734192231e-44
5852.5	5.447513926946559e-44
5853.0	5.081667503446872e-44
5853.5	5.26747314022998e-44
5854.0	5.124814325120119e-44
5854.5	5.066374765921216e-44
5855.0	5.771517926219994e-44
5855.5	5.218451685991704e-44
5856.0	5.374180636699171e-44
5856.5	5.730255040268059e-44
5857.0	5.531390816026093e-44
5857.5	4.953652906708546e-44
5858.0	5.382498060753188e-44
5858.5	5.220130245173728e-44
5859.0	5.75123655281725e-44
5859.5	4.82618364228777e-44
5860.0	4.572054382941713e-44
5860.5	4.960344713288795e-44
5861.0	5.352693592503375e-44
5861.5	5.231105991681318e-44
5862.0	4.982722810384002e-44
5862.5	5.143016730665553e-44
5863.0	5.273021597438473e-44
5863.5	5.742527029391091e-44
5864.0	5.728975275507822e-44
5864.5	5.238631259262661e-44
5865.0	5.067990549386972e-44
5865.5	5.360800497385435e-44
5866.0	4.978268330360613e-44
5866.5	5.51105550844518e-44
5867.0	4.783308894541257e-44
5867.5	4.1264038862394244e-44
5868.0	4.0804525759915404e-44
5868.5	4.886384814392264e-44
5869.0	4.970310583765696e-44
5869.5	4.630060243243931e-44
5870.0	4.795506433694999e-44
5870.5	5.17747363331032e-44
5871.0	4.749761212010022e-44
5871.5	4.879562139582156e-44
5872.0	5.471837707920585e-44
5872.5	5.812824839066088e-44
5873.0	4.987943028737411e-44
5873.5	5.2194253819302e-44
5874.0	5.038334710105658e-44
5874.5	4.704681071780722e-44
5875.0	4.709605413232759e-44
5875.5	4.765735892026457e-44
5876.0	4.524576655193005e-44
5876.5	4.87974842177439e-44
5877.0	5.405902458212141e-44
5877.5	5.105644391674578e-44
5878.0	4.817263472642879e-44
5878.5	4.862889611688264e-44
5879.0	5.307916229182175e-44
5879.5	5.382760667843696e-44
5880.0	5.902708865338556e-44
5880.5	5.987084447470758e-44
5881.0	4.835361207317898e-44
5881.5	5.0890260616041e-44
5882.0	5.508039366614551e-44
5882.5	5.379407397357174e-44
5883.0	5.181653456199772e-44
5883.5	5.21241998283329e-44
5884.0	4.886876980385059e-44
5884.5	5.380286286915561e-44
5885.0	5.500369599573809e-44
5885.5	5.4865421725225915e-44
5886.0	5.234243616477576e-44
5886.5	4.975518933560731e-44
5887.0	4.953214390211974e-44
5887.5	5.224982013368809e-44
5888.0	5.398614852873589e-44
5888.5	5.537015625045226e-44
5889.0	5.322821945280821e-44
5889.5	5.305471658211947e-44
5890.0	5.276543048454415e-44
5890.5	4.76422253355242e-44
5891.0	5.041280921745545e-44
5891.5	5.242449888171232e-44
5892.0	5.236620787522614e-44
5892.5	5.325410279383528e-44
5893.0	5.415500459565746e-44
5893.5	5.717457407286764e-44
5894.0	5.840592320758842e-44
5894.5	5.389598902374197e-44
5895.0	5.10006901965321e-44
5895.5	5.369625848838074e-44
5896.0	5.276464414945262e-44
5896.5	4.953580943085601e-44
5897.0	4.790509614689849e-44
5897.5	5.196946880042801e-44
5898.0	5.177070127214389e-44
5898.5	5.286155093967036e-44
5899.0	5.702029650723151e-44
5899.5	6.51748702916753e-44
5900.0	8.514473019814575e-44
5900.5	9.449755104757807e-44
5901.0	6.685946527422757e-44
5901.5	5.989285930796835e-44
5902.0	5.120053838414289e-44
5902.5	5.058488408119987e-44
5903.0	5.449515647756223e-44
5903.5	5.718200701067228e-44
5904.0	5.43715556376445e-44
5904.5	5.886144006962184e-44
5905.0	5.795698359654897e-44
5905.5	5.290553692386597e-44
5906.0	4.906434817603203e-44
5906.5	5.141402784469856e-44
5907.0	5.399169864293163e-44
5907.5	5.354403983847542e-44
5908.0	5.044820389863678e-44
5908.5	5.010822849404519e-44
5909.0	5.132442406662121e-44
5909.5	5.493382773782594e-44
5910.0	5.494725875556795e-44
5910.5	5.801549991428305e-44
5911.0	4.994300372140324e-44
5911.5	5.136278475127806e-44
5912.0	5.101626895872106e-44
5912.5	5.567119819315527e-44
5913.0	5.071357043003587e-44
5913.5	5.19257009056396e-44
5914.0	5.380654570876853e-44
5914.5	5.590021200258771e-44
5915.0	5.78269808049579e-44
5915.5	5.092517112841604e-44
5916.0	5.2523797943741935e-44
5916.5	5.029667761898262e-44
5917.0	5.375642510268709e-44
5917.5	5.776819750563255e-44
5918.0	5.690470920183666e-44
5918.5	5.459746317176744e-44
5919.0	4.870803763348036e-44
5919.5	4.992578295963876e-44
5920.0	5.726574829642227e-44
5920.5	5.254594661600405e-44
5921.0	5.180608894477869e-44
5921.5	5.25533652102894e-44
5922.0	5.377075887052351e-44
5922.5	5.194274026386951e-44
5923.0	5.008412746280098e-44
5923.5	5.123170193897407e-44
5924.0	5.485471540012615e-44
5924.5	5.787944946184418e-44
5925.0	5.036021747200201e-44
5925.5	4.958266670088994e-44
5926.0	5.558378221424122e-44
5926.5	4.824311021343602e-44
5927.0	4.641174712109015e-44
5927.5	5.064585099540523e-44
5928.0	5.210717509252832e-44
5928.5	5.200645785589432e-44
5929.0	5.762225593370883e-44
5929.5	5.377170672701564e-44
5930.0	5.193899552578136e-44
5930.5	5.459540841949244e-44
5931.0	4.71514234122992e-44
5931.5	4.940965713949644e-44
5932.0	5.322977259003756e-44
5932.5	4.920784465439947e-44
5933.0	4.570593460912412e-44
5933.5	5.215554323951894e-44
5934.0	5.344242593679466e-44
5934.5	4.792775997069499e-44
5935.0	4.714693992954145e-44
5935.5	5.083662172261115e-44
5936.0	4.962633006554306e-44
5936.5	5.423675850953331e-44
5937.0	5.41750190701225e-44
5937.5	5.176125445269249e-44
5938.0	5.529892242629316e-44
5938.5	5.385158846968366e-44
5939.0	5.321897529854352e-44
5939.5	4.964262279437361e-44
5940.0	4.781669526054218e-44
5940.5	5.166822485188204e-44
5941.0	5.452905698088731e-44
5941.5	5.072186440712003e-44
5942.0	5.057209056469151e-44
5942.5	4.884526504610235e-44
5943.0	5.489291382056323e-44
5943.5	5.348834285004899e-44
5944.0	5.204426737175705e-44
5944.5	4.744220911040896e-44
5945.0	5.102443291918798e-44
5945.5	5.375090851519644e-44
5946.0	4.852195288533703e-44
5946.5	4.890995997557836e-44
5947.0	5.325122216281382e-44
5947.5	5.133123155127125e-44
5948.0	5.472027893436038e-44
5948.5	5.587433349563798e-44
5949.0	5.404617961593659e-44
5949.5	4.92551512965645e-44
5950.0	5.158566272200126e-44
5950.5	5.778306354153906e-44
5951.0	5.18035884546675e-44
5951.5	4.730065743889639e-44
5952.0	4.4593080124930583e-44
5952.5	4.208304657128633e-44
5953.0	4.522369054327626e-44
5953.5	4.809144538937234e-44
5954.0	5.231269742188706e-44
5954.5	4.654600736115539e-44
5955.0	4.823363732987856e-44
5955.5	5.352815702017275e-44
5956.0	5.580837293173094e-44
5956.5	5.612730006439314e-44
5957.0	5.353065535225178e-44
5957.5	5.399789750609841e-44
5958.0	5.725928691614938e-44
5958.5	5.398683154881777e-44
5959.0	5.457450590028067e-44
5959.5	5.240536250110377e-44
5960.0	5.434497000903557e-44
5960.5	5.086663401628474e-44
5961.0	5.368052080354274e-44
5961.5	5.479713237909141e-44
5962.0	4.887583311051803e-44
5962.5	5.306899889933139e-44
5963.0	5.613082151359557e-44
5963.5	5.412344848737865e-44
5964.0	5.297207832936476e-44
5964.5	5.761469228992884e-44
5965.0	5.565374979087995e-44
5965.5	5.375424983437961e-44
5966.0	4.68973960176908e-44
5966.5	4.605096247041379e-44
5967.0	5.514454709021816e-44
5967.5	5.477541423892261e-44
5968.0	5.205462536551285e-44
5968.5	5.173373937270106e-44
5969.0	5.261869241766054e-44
5969.5	5.29063448281174e-44
5970.0	5.178314211389137e-44
5970.5	5.422231071004081e-44
5971.0	5.284154608478054e-44
5971.5	4.843792391170903e-44
5972.0	4.742159933315498e-44
5972.5	4.924613985893146e-44
5973.0	5.050687497664593e-44
5973.5	5.661841753351941e-44
5974.0	5.802304365383107e-44
5974.5	5.190966571245789e-44
5975.0	5.488799161057277e-44
5975.5	6.111593780186729e-44
5976.0	5.410189656078503e-44
5976.5	5.470372687756237e-44
5977.0	5.905290540965244e-44
5977.5	5.6883783100717e-44
5978.0	5.379391555735107e-44
5978.5	5.445412036055638e-44
5979.0	5.164780260182083e-44
5979.5	5.943556570058237e-44
5980.0	6.179843744093294e-44
5980.5	5.669376020878307e-44
5981.0	4.773408934083872e-44
5981.5	4.479208213226457e-44
5982.0	4.707762430793644e-44
5982.5	5.382452526481333e-44
5983.0	5.029835631144229e-44
5983.5	5.200821762704172e-44
5984.0	5.178072983925442e-44
5984.5	5.64689934337695e-44
5985.0	5.291276465481637e-44
5985.5	5.631130724710773e-44
5986.0	5.40395890997754e-44
5986.5	5.380667067724877e-44
5987.0	5.658392605723643e-44
5987.5	5.870431326511844e-44
5988.0	5.574378347497119e-44
5988.5	5.173895620095871e-44
5989.0	4.968547279942941e-44
5989.5	5.414900313780194e-44
5990.0	5.408190869128326e-44
5990.5	5.603165318173658e-44
5991.0	5.247360021928169e-44
5991.5	5.252707836671329e-44
5992.0	5.208514981241112e-44
5992.5	4.9823231605618455e-44
5993.0	5.866833639472191e-44
5993.5	5.808208199421727e-44
5994.0	5.126023104997184e-44
5994.5	5.114600206400051e-44
5995.0	5.677596792361672e-44
5995.5	5.878808472798844e-44
5996.0	5.761941643161812e-44
5996.5	5.656205420327098e-44
5997.0	5.475902961185971e-44
5997.5	5.907541987127731e-44
5998.0	5.824710197619985e-44
5998.5	6.188914958424081e-44
5999.0	7.549765754671868e-44
5999.5	1.6998097253390698e-43
6000.0	2.9490888144971844e-43
6000.5	2.7100709831416035e-43
6001.0	1.584889171569939e-43
6001.5	1.0683648015873507e-43
6002.0	5.947825642241731e-44
6002.5	5.158806050205752e-44
6003.0	5.487846861495669e-44
6003.5	5.131409703589e-44
6004.0	4.959534602185638e-44
6004.5	5.635679717858802e-44
6005.0	4.960382290284717e-44
6005.5	4.957661331616222e-44
6006.0	5.115965226705572e-44
6006.5	4.868377584082653e-44
6007.0	5.145403189773091e-44
6007.5	5.340324439767821e-44
6008.0	5.754096840550575e-44
6008.5	5.574148385914241e-44
6009.0	5.425235681758791e-44
6009.5	5.208371756083898e-44
6010.0	5.125732186915605e-44
6010.5	5.182272454489258e-44
6011.0	5.647432917694593e-44
6011.5	5.542142369449567e-44
6012.0	4.745517000919299e-44
6012.5	5.298051789923607e-44
6013.0	5.994216673637127e-44
6013.5	5.306065614451011e-44
6014.0	5.754562049993691e-44
6014.5	5.53581322448659e-44
6015.0	5.155054619812646e-44
6015.5	5.50542414530066e-44
6016.0	5.267727651650943e-44
6016.5	4.939433722224137e-44
6017.0	5.333499728322686e-44
6017.5	5.092757242666668e-44
6018.0	4.816040616509983e-44
6018.5	4.4751033431109197e-44
6019.0	4.841126142125892e-44
6019.5	4.984130220023073e-44
6020.0	5.255001656887754e-44
6020.5	5.315215316591085e-44
6021.0	5.378568005528627e-44
6021.5	5.232551619114019e-44
6022.0	5.503008877940794e-44
6022.5	5.060212008225203e-44
6023.0	5.190707593444435e-44
6023.5	5.33718582543959e-44
6024.0	5.295060899524941e-44
6024.5	5.345887528590508e-44
6025.0	5.377380300052233e-44
6025.5	5.638410718814896e-44
6026.0	5.70691259472157e-44
6026.5	6.287579461512297e-44
6027.0	5.642748100152747e-44
6027.5	5.109009512563648e-44
6028.0	5.220380115805066e-44
6028.5	5.208602791318152e-44
6029.0	5.272803414587762e-44
6029.5	5.06543856597705e-44
6030.0	5.539313309148346e-44
6030.5	5.879664118479016e-44
6031.0	5.761069282253959e-44
6031.5	5.751451410918071e-44
6032.0	5.97706447424083e-44
6032.5	5.849760672250496e-44
6033.0	5.583426196423475e-44
6033.5	5.180364078285157e-44
6034.0	5.132551292679492e-44
6034.5	5.59607432024855e-44
6035.0	5.297392542176974e-44
6035.5	5.297413417736853e-44
6036.0	5.237622670242886e-44
6036.5	5.433080503635962e-44
6037.0	5.941025861890003e-44
6037.5	6.303241582987849e-44
6038.0	6.213961972862513e-44
6038.5	5.57511008921003e-44
6039.0	5.582032427242898e-44
6039.5	5.559607226211333e-44
6040.0	5.214157023014233e-44
6040.5	5.038689651585341e-44
6041.0	5.694816244799083e-44
6041.5	5.495869168880301e-44
6042.0	5.011316253521205e-44
6042.5	5.057561248679302e-44
6043.0	4.913219959481708e-44
6043.5	5.478985417443206e-44
6044.0	5.633570433857863e-44
6044.5	5.143558174849116e-44
6045.0	5.349483221673302e-44
6045.5	5.535195220744786e-44
6046.0	5.132725283858771e-44
6046.5	4.595913361768617e-44
6047.0	5.366028328567152e-44
6047.5	5.764674316600982e-44
6048.0	5.647360682493963e-44
6048.5	5.384338300351978e-44
6049.0	5.028068675720684e-44
6049.5	6.035521243867559e-44
6050.0	5.856692490921547e-44
6050.5	5.910910408022437e-44
6051.0	5.191659919768608e-44
6051.5	5.187314638509496e-44
6052.0	5.222719424455585e-44
6052.5	5.063971117423379e-44
6053.0	6.002502667080002e-44
6053.5	6.204665600196603e-44
6054.0	5.324536840592939e-44
6054.5	5.324408015736292e-44
6055.0	5.703058526911094e-44
6055.5	5.113346479547753e-44
6056.0	5.474795691691004e-44
6056.5	5.89333380136403e-44
6057.0	6.017378072333115e-44
6057.5	5.625774188944996e-44
6058.0	5.075249027710785e-44
6058.5	5.540417650647677e-44
6059.0	5.830601541544393e-44
6059.5	6.62126417930284e-44
6060.0	6.093599506573017e-44
6060.5	5.501020365053166e-44
6061.0	5.585183370145818e-44
6061.5	5.585503487752302e-44
6062.0	5.770435938778028e-44
6062.5	5.520540949082505e-44
6063.0	4.914235362392811e-44
6063.5	5.307495636446268e-44
6064.0	6.189287128835662e-44
6064.5	5.485470158737883e-44
6065.0	5.556065346038848e-44
6065.5	5.79953191406967e-44
6066.0	5.360092105543468e-44
6066.5	5.118734174964439e-44
6067.0	5.177814284042878e-44
6067.5	5.480567512257938e-44
6068.0	5.480130170898068e-44
6068.5	4.96391663044699e-44
6069.0	4.3860382808478834e-44
6069.5	5.118516819590947e-44
6070.0	5.065399916873748e-44
6070.5	5.035896376209526e-44
6071.0	5.610817668728905e-44
6071.5	5.130122590354962e-44
6072.0	4.4037444079952485e-44
6072.5	4.908903440109739e-44
6073.0	5.496047736230621e-44
6073.5	6.377312607644562e-44
6074.0	6.284012103125179e-44
6074.5	5.554073502108668e-44
6075.0	5.060821610653496e-44
6075.5	5.461615592413552e-44
6076.0	5.72683455876234e-44
6076.5	5.463237004276767e-44
6077.0	5.78892681635174e-44
6077.5	5.735348752213767e-44
6078.0	5.737684958661294e-44
6078.5	6.175255183529816e-44
6079.0	6.095933080669878e-44
6079.5	5.527550050167951e-44
6080.0	5.741654281070643e-44
6080.5	5.410727655728852e-44
6081.0	5.675232175043862e-44
6081.5	5.582650969381469e-44
6082.0	6.041268353872808e-44
6082.5	5.676858775652281e-44
6083.0	5.130655219242936e-44
6083.5	5.330235534780441e-44
6084.0	5.571858674638678e-44
6084.5	5.512989190456435e-44
6085.0	5.039557682837862e-44
6085.5	4.885916997556738e-44
6086.0	5.324924350360867e-44
6086.5	5.165462304640901e-44
6087.0	5.02339670306408e-44
6087.5	5.272170692374216e-44
6088.0	5.16282961872145e-44
6088.5	5.26537559154637e-44
6089.0	5.717040242403584e-44
6089.5	5.766098312901192e-44
6090.0	5.70460032056003e-44
6090.5	5.999417233081674e-44
6091.0	5.730003321703268e-44
6091.5	5.171049727039445e-44
6092.0	5.519023024158662e-44
6092.5	5.391764569663896e-44
6093.0	5.672546728861883e-44
6093.5	5.438839759016578e-44
6094.0	5.678215414376438e-44
6094.5	5.077688756331087e-44
6095.0	5.478608948058901e-44
6095.5	5.631570381442011e-44
6096.0	5.09044282735254e-44
6096.5	5.45488670816919e-44
6097.0	5.317765825539421e-44
6097.5	5.385887004013061e-44
6098.0	5.992828899917931e-44
6098.5	5.325307691610402e-44
6099.0	6.206091008496067e-44
6099.5	8.051598178549239e-44
6100.0	1.0463977067040816e-43
6100.5	1.004417319873442e-43
6101.0	8.662487900644844e-44
6101.5	7.239529786815732e-44
6102.0	5.835976227777722e-44
6102.5	5.705000399360959e-44
6103.0	5.163462314076228e-44
6103.5	5.192189645421558e-44
6104.0	5.93368199028931e-44
6104.5	6.124792994747719e-44
6105.0	5.8875512551467e-44
6105.5	5.273995997205764e-44
6106.0	6.3100321744074e-44
6106.5	5.874529680251061e-44
6107.0	6.183432512586397e-44
6107.5	5.515926339825104e-44
6108.0	5.575290866298388e-44
6108.5	5.922833448648619e-44
6109.0	5.784021868555329e-44
6109.5	6.089308411869893e-44
6110.0	5.91039714713545e-44
6110.5	5.234620782480821e-44
6111.0	5.215179180259434e-44
6111.5	5.668499706066053e-44
6112.0	5.5173927508198175e-44
6112.5	5.678804020185741e-44
6113.0	6.214006443305505e-44
6113.5	5.389283877171299e-44
6114.0	5.617758041309314e-44
6114.5	5.852671928339226e-44
6115.0	5.466623457423923e-44
6115.5	5.609889856677248e-44
6116.0	6.36234101236142e-44
6116.5	5.98303257454963e-44
6117.0	6.363359151682602e-44
6117.5	5.800106111783715e-44
6118.0	5.768348517751302e-44
6118.5	5.796627480642232e-44
6119.0	6.567049339424023e-44
6119.5	6.375877401602738e-44
6120.0	5.705893211578482e-44
6120.5	5.613669897174071e-44
6121.0	6.184761007690787e-44
6121.5	6.145976981840807e-44
6122.0	5.452820090511599e-44
6122.5	5.517804279752191e-44
6123.0	5.695737598059723e-44
6123.5	5.698781402179659e-44
6124.0	5.594578172315157e-44
6124.5	5.638243992921675e-44
6125.0	5.006270291039518e-44
6125.5	5.273078915311263e-44
6126.0	5.551405960887783e-44
6126.5	5.100394282173525e-44
6127.0	5.564188245289554e-44
6127.5	5.649831035138665e-44
6128.0	5.404095514926974e-44
6128.5	5.552105746529557e-44
6129.0	5.574813872010728e-44
6129.5	5.859116377398545e-44
6130.0	5.977638052681089e-44
6130.5	6.823571479766468e-44
6131.0	6.214522678026813e-44
6131.5	5.676829559573253e-44
6132.0	5.246987569205149e-44
6132.5	5.165534948663089e-44
6133.0	5.861033430642978e-44
6133.5	6.196803312756321e-44
6134.0	5.596638987808318e-44
6134.5	5.195806770542336e-44
6135.0	6.280895523422071e-44
6135.5	8.026423756212035e-44
6136.0	6.022737877443418e-44
6136.5	5.939435504382056e-44
6137.0	6.522691036906256e-44
6137.5	6.098288632929804e-44
6138.0	6.03616860124707e-44
6138.5	6.012684640301692e-44
6139.0	5.744103077064076e-44
6139.5	5.277870205508789e-44
6140.0	4.888256455976706e-44
6140.5	5.159966225031482e-44
6141.0	5.347415093212146e-44
6141.5	5.116518729276875e-44
6142.0	5.325205253075394e-44
6142.5	5.266912708566406e-44
6143.0	5.762510342660714e-44
6143.5	6.06096341829206e-44
6144.0	6.406310447008044e-44
6144.5	5.940815903238438e-44
6145.0	5.313625828938867e-44
6145.5	5.460007466069574e-44
6146.0	6.042521747476866e-44
6146.5	5.469801675006283e-44
6147.0	5.384171267077283e-44
6147.5	5.734226306525971e-44
6148.0	6.145883317124183e-44
6148.5	5.591700029653186e-44
6149.0	5.654853276883335e-44
6149.5	6.313762460393862e-44
6150.0	6.208878513975269e-44
6150.5	5.941643536806166e-44
6151.0	5.471008597047042e-44
6151.5	5.629386972727983e-44
6152.0	6.140390196416643e-44
6152.5	5.637899070070323e-44
6153.0	5.671424728871079e-44
6153.5	5.951534856679172e-44
6154.0	5.726106124672269e-44
6154.5	5.934743497937943e-44
6155.0	5.866443652679859e-44
6155.5	5.429627426004962e-44
6156.0	5.682532630746033e-44
6156.5	5.918296479069781e-44
6157.0	5.690666298189866e-44
6157.5	5.262090043271581e-44
6158.0	4.816719146419122e-44
6158.5	5.142186117229498e-44
6159.0	5.217631111314628e-44
6159.5	6.002931283092544e-44
6160.0	6.7295940884005595e-44
6160.5	6.747618675647674e-44
6161.0	5.849266233097562e-44
6161.5	5.513983588162451e-44
6162.0	5.588023028209485e-44
6162.5	5.597549679007867e-44
6163.0	5.790604963642505e-44
6163.5	5.792023392296206e-44
6164.0	5.650948705476409e-44
6164.5	5.922030065352503e-44
6165.0	6.123185603605635e-44
6165.5	6.104248248654901e-44
6166.0	5.476209014972638e-44
6166.5	5.4129450726061e-44
6167.0	5.373547428748073e-44
6167.5	5.829519851301782e-44
6168.0	5.873365887310838e-44
6168.5	6.01316957487055e-44
6169.0	5.645503673917227e-44
6169.5	5.729018735043299e-44
6170.0	5.553149087760019e-44
6170.5	5.150139627905303e-44
6171.0	5.407551999927131e-44
6171.5	5.340231063246003e-44
6172.0	5.906710331174996e-44
6172.5	6.213433341953607e-44
6173.0	5.819628064491769e-44
6173.5	5.686364228338129e-44
6174.0	5.975640649785867e-44
6174.5	6.181607342685402e-44
6175.0	6.132552911357042e-44
6175.5	6.42447652803259e-44
6176.0	6.65399880821659e-44
6176.5	6.103350699935817e-44
6177.0	6.047374251722803e-44
6177.5	5.269223210849027e-44
6178.0	4.831454001013948e-44
6178.5	5.596231604333128e-44
6179.0	5.782114648044421e-44
6179.5	5.729143332453365e-44
6180.0	6.037696003777484e-44
6180.5	5.673059268029692e-44
6181.0	5.459359946070073e-44
6181.5	5.554818769048356e-44
6182.0	6.468482310625453e-44
6182.5	6.094438768791397e-44
6183.0	5.596472563726943e-44
6183.5	5.216530511039748e-44
6184.0	4.754294779879338e-44
6184.5	5.095193404777462e-44
6185.0	5.23417175394467e-44
6185.5	5.350839450491576e-44
6186.0	5.526399633121186e-44
6186.5	6.350024935385562e-44
6187.0	5.928433658997236e-44
6187.5	5.570288869482425e-44
6188.0	5.942150411778857e-44
6188.5	5.151504823148548e-44
6189.0	5.770929465342517e-44
6189.5	6.288981904836392e-44
6190.0	5.441859455134957e-44
6190.5	5.379144617704768e-44
6191.0	5.265982360501623e-44
6191.5	5.038615756938365e-44
6192.0	5.383668400118101e-44
6192.5	5.783076324266561e-44
6193.0	5.644720561891141e-44
6193.5	5.571465151251855e-44
6194.0	6.031266741456063e-44
6194.5	5.65523705141057e-44
6195.0	5.072945791692751e-44
6195.5	6.151388289569347e-44
6196.0	5.917219009071923e-44
6196.5	5.778961537504236e-44
6197.0	6.253458725253339e-44
6197.5	6.149175329828543e-44
6198.0	5.512865054463345e-44
6198.5	5.907323778760994e-44
6199.0	5.346074863731663e-44
6199.5	5.678811780903472e-44
6200.0	6.882439579531454e-44
6200.5	6.484379476829064e-44
6201.0	5.535716562971773e-44
6201.5	5.362478825805679e-44
6202.0	6.097196051160071e-44
6202.5	6.602285394398987e-44
6203.0	5.920407209660599e-44
6203.5	6.267481710712219e-44
6204.0	6.133185534628098e-44
6204.5	6.219555273793426e-44
6205.0	6.023162575135662e-44
6205.5	6.142795239848887e-44
6206.0	6.061285941018715e-44
6206.5	5.89336099802385e-44
6207.0	5.979357134119474e-44
6207.5	5.922583028297998e-44
6208.0	5.846228281724578e-44
6208.5	5.682755920182843e-44
6209.0	5.950922540911165e-44
6209.5	6.540888964056351e-44
6210.0	6.737678622711431e-44
6210.5	5.852205631283088e-44
6211.0	5.806090387052616e-44
6211.5	6.272643766202071e-44
6212.0	5.804349540012747e-44
6212.5	5.2923022410300635e-44
6213.0	5.976572835186574e-44
6213.5	5.680503453239276e-44
6214.0	5.968758512931303e-44
6214.5	5.99364031888259e-44
6215.0	5.24843266637424e-44
6215.5	5.816186807673293e-44
6216.0	6.350758631638496e-44
6216.5	6.469586708133608e-44
6217.0	6.050885864366305e-44
6217.5	6.293285799138812e-44
6218.0	6.385346704942508e-44
6218.5	5.926542022708651e-44
6219.0	5.581342508956228e-44
6219.5	5.353516529944391e-44
6220.0	5.393499987106273e-44
6220.5	5.440492576965268e-44
6221.0	5.746059585451758e-44
6221.5	5.470319934607063e-44
6222.0	5.177011085668886e-44
6222.5	5.91054023989158e-44
6223.0	6.451213353662438e-44
6223.5	5.997616279021094e-44
6224.0	5.2851056716287505e-44
6224.5	5.254534310648354e-44
6225.0	6.312994106338071e-44
6225.5	6.350318957468758e-44
6226.0	5.751439109348196e-44
6226.5	5.815620701402531e-44
6227.0	6.121733618256875e-44
6227.5	5.987120122823251e-44
6228.0	6.342555072895472e-44
6228.5	6.579326740393992e-44
6229.0	6.012654724025517e-44
6229.5	5.887077452211643e-44
6230.0	6.384088038740829e-44
6230.5	6.198910020510386e-44
6231.0	5.841453276308607e-44
6231.5	5.388911270850951e-44
6232.0	5.924052908592235e-44
6232.5	6.391802295497969e-44
6233.0	5.880586244881032e-44
6233.5	5.288924975214188e-44
6234.0	5.657354411436794e-44
6234.5	5.949145745441575e-44
6235.0	6.217659209498588e-44
6235.5	6.271748603034975e-44
6236.0	5.706739241974238e-44
6236.5	6.145892488860499e-44
6237.0	6.026481228312908e-44
6237.5	6.558081236302764e-44
6238.0	5.946700204647781e-44
6238.5	5.079310396463496e-44
6239.0	5.428315695967327e-44
6239.5	6.380317488622018e-44
6240.0	6.94782394032848e-44
6240.5	6.347041054570363e-44
6241.0	5.911704841968268e-44
6241.5	5.741987932693058e-44
6242.0	5.487508053130795e-44
6242.5	5.671123753243361e-44
6243.0	5.688501568418861e-44
6243.5	5.872529706985357e-44
6244.0	5.381883791352851e-44
6244.5	5.243770953991055e-44
6245.0	5.518488061684506e-44
6245.5	5.619673861794424e-44
6246.0	6.192328094994991e-44
6246.5	5.926096119141733e-44
6247.0	5.581214285693929e-44
6247.5	6.225992106324668e-44
6248.0	5.801603635487784e-44
6248.5	5.567228430397064e-44
6249.0	5.373745396700702e-44
6249.5	5.020191980434492e-44
6250.0	5.808611125417727e-44
6250.5	5.795767188686619e-44
6251.0	5.554182106314093e-44
6251.5	5.452004602968691e-44
6252.0	6.286263170768646e-44
6252.5	6.299114279619219e-44
6253.0	6.203343402190822e-44
6253.5	5.21000780189895e-44
6254.0	5.402526296438578e-44
6254.5	5.386025278279227e-44
6255.0	5.301512472250019e-44
6255.5	5.393834038565571e-44
6256.0	6.033731862897705e-44
6256.5	6.707805180489859e-44
6257.0	6.437442808584839e-44
6257.5	5.581012948891501e-44
6258.0	5.248578017380907e-44
6258.5	4.986547175323419e-44
6259.0	5.564088127763106e-44
6259.5	6.384452299075847e-44
6260.0	6.958334956058092e-44
6260.5	5.809943988561549e-44
6261.0	5.429884688687514e-44
6261.5	5.098469507255891e-44
6262.0	5.747028590347834e-44
6262.5	6.511898953144343e-44
6263.0	5.988827695345565e-44
6263.5	4.976419439604041e-44
6264.0	5.58427047026907e-44
6264.5	6.113491835466297e-44
6265.0	6.296465930941977e-44
6265.5	6.490976688223943e-44
6266.0	5.845284634555702e-44
6266.5	5.575465948221744e-44
6267.0	5.711094858499263e-44
6267.5	5.468162260116544e-44
6268.0	5.694137877714561e-44
6268.5	6.225566796209332e-44
6269.0	5.313993281847716e-44
6269.5	5.616219938839862e-44
6270.0	5.989715662016518e-44
6270.5	5.557022403046643e-44
6271.0	5.806624418424022e-44
6271.5	6.539695662478866e-44
6272.0	6.572412643092815e-44
6272.5	6.486002738611733e-44
6273.0	6.37783103850316e-44
6273.5	6.077408249251375e-44
6274.0	5.817908569120345e-44
6274.5	5.892851370688199e-44
6275.0	5.760925447373582e-44
6275.5	5.905195387920052e-44
6276.0	6.212726097893272e-44
6276.5	6.172256631095138e-44
6277.0	5.846650184755107e-44
6277.5	6.017965392328428e-44
6278.0	5.195881031774293e-44
6278.5	5.51985659671662e-44
6279.0	6.008055960641232e-44
6279.5	6.082812432291065e-44
6280.0	5.996095921548253e-44
6280.5	5.424135121872084e-44
6281.0	5.444955094384717e-44
6281.5	5.430676245513444e-44
6282.0	6.262129671058301e-44
6282.5	5.758748595171393e-44
6283.0	5.642095769194253e-44
6283.5	5.780721995501227e-44
6284.0	5.944485520931853e-44
6284.5	6.259534244163597e-44
6285.0	6.200287542636768e-44
6285.5	5.976397695852863e-44
6286.0	5.812317933094887e-44
6286.5	5.994648168249359e-44
6287.0	5.739293782015057e-44
6287.5	5.961140986587653e-44
6288.0	5.626778132052741e-44
6288.5	5.455806617529411e-44
6289.0	5.830496495391337e-44
6289.5	6.250882892779918e-44
6290.0	5.854423341368178e-44
6290.5	5.6659674994689445e-44
6291.0	5.954823211081807e-44
6291.5	5.649618299033522e-44
6292.0	5.68042693503855e-44
6292.5	5.891461704188526e-44
6293.0	5.762458333767497e-44
6293.5	5.461079368261135e-44
6294.0	5.772115113627273e-44
6294.5	6.108410915161943e-44
6295.0	6.560569672512863e-44
6295.5	6.626312054859169e-44
6296.0	6.436569464018723e-44
6296.5	5.982903827737914e-44
6297.0	6.153968025120818e-44
6297.5	5.723139855522426e-44
6298.0	6.232761340680768e-44
6298.5	6.800973280522209e-44
6299.0	6.092255985835555e-44
6299.5	7.901399697022821e-44
6300.0	1.0470341793538142e-43
6300.5	9.67357998055248e-44
6301.0	7.484396227765807e-44
6301.5	7.137369679512023e-44
6302.0	6.653195612692772e-44
6302.5	6.201551570876762e-44
6303.0	5.604437163141047e-44
6303.5	6.394762458104745e-44
6304.0	6.696879026290704e-44
6304.5	5.753546690449567e-44
6305.0	5.32962095497445e-44
6305.5	6.053792465262468e-44
6306.0	6.005289821730517e-44
6306.5	5.545536145923006e-44
6307.0	5.385610590022957e-44
6307.5	5.595266622378464e-44
6308.0	6.483082189464461e-44
6308.5	7.000209429571611e-44
6309.0	6.795176317004512e-44
6309.5	6.998287360334763e-44
6310.0	7.056385277317167e-44
6310.5	6.589343101498358e-44
6311.0	6.010288121394427e-44
6311.5	5.826662304767553e-44
6312.0	6.109338682193272e-44
6312.5	6.641708750317906e-44
6313.0	6.687133485085202e-44
6313.5	5.893139420691227e-44
6314.0	5.933815593678387e-44
6314.5	5.979717799418282e-44
6315.0	6.295457166624351e-44
6315.5	5.994626804265858e-44
6316.0	6.257576372771733e-44
6316.5	5.639245099465312e-44
6317.0	5.736845799629902e-44
6317.5	6.265341256067817e-44
6318.0	6.164648647262651e-44
6318.5	6.206790766888119e-44
6319.0	5.983119549377232e-44
6319.5	5.536228820930952e-44
6320.0	7.001728350665549e-44
6320.5	8.731988514824755e-44
6321.0	6.251582764891183e-44
6321.5	5.883307436192619e-44
6322.0	6.630440122936687e-44
6322.5	5.936818664516919e-44
6323.0	6.205021548700312e-44
6323.5	6.675033214130581e-44
6324.0	7.187797271954264e-44
6324.5	6.530892186932207e-44
6325.0	5.702891473554227e-44
6325.5	6.210007574825164e-44
6326.0	6.165557357286018e-44
6326.5	5.765522849298859e-44
6327.0	5.910010910196853e-44
6327.5	6.743892428306468e-44
6328.0	6.599374772191096e-44
6328.5	5.863637498484187e-44
6329.0	6.052830916014587e-44
6329.5	5.918712944481582e-44
6330.0	6.194185890867343e-44
6330.5	6.372497088893348e-44
6331.0	5.888272854950914e-44
6331.5	6.75698141202095e-44
6332.0	6.2321813347612e-44
6332.5	5.770268565906116e-44
6333.0	5.753694495400552e-44
6333.5	5.831472737402048e-44
6334.0	6.067740257303299e-44
6334.5	6.520878431075428e-44
6335.0	6.325851828627565e-44
6335.5	6.337152223692572e-44
6336.0	6.460906787574362e-44
6336.5	6.830575811011616e-44
6337.0	5.996713408475454e-44
6337.5	5.692712153714612e-44
6338.0	5.713681562135985e-44
6338.5	5.719365395009137e-44
6339.0	6.174012029607343e-44
6339.5	6.511527030843785e-44
6340.0	7.798362714642474e-44
6340.5	6.944561083714573e-44
6341.0	5.939543285800612e-44
6341.5	5.692186872083223e-44
6342.0	5.692755761304354e-44
6342.5	5.778454475339785e-44
6343.0	6.330286787371914e-44
6343.5	5.997408389583664e-44
6344.0	5.836110930829945e-44
6344.5	6.161603888024789e-44
6345.0	6.188024337569019e-44
6345.5	5.9853511766345e-44
6346.0	6.38360223213711e-44
6346.5	6.725968332646132e-44
6347.0	6.052122952666153e-44
6347.5	5.865457371800397e-44
6348.0	5.783999652221616e-44
6348.5	6.024737648961415e-44
6349.0	5.969464776992997e-44
6349.5	6.010483816490921e-44
6350.0	6.639156823953221e-44
6350.5	6.271257327999447e-44
6351.0	5.899563409991584e-44
6351.5	6.040930188245514e-44
6352.0	5.769722569825519e-44
6352.5	5.596782898493653e-44
6353.0	5.239376815509658e-44
6353.5	5.288758733031446e-44
6354.0	6.213995703586543e-44
6354.5	6.034466285241863e-44
6355.0	5.126128846638687e-44
6355.5	6.014105509517378e-44
6356.0	6.720288868719946e-44
6356.5	6.773460004435576e-44
6357.0	6.412436648503383e-44
6357.5	5.921357098756245e-44
6358.0	5.873237492141007e-44
6358.5	5.626587692641575e-44
6359.0	6.081401085808593e-44
6359.5	6.029808128268044e-44
6360.0	6.053761075323206e-44
6360.5	5.851365612284004e-44
6361.0	6.646332521893423e-44
6361.5	6.818449637357278e-44
6362.0	7.1186346975702e-44
6362.5	6.623398446407565e-44
6363.0	5.704995766172726e-44
6363.5	5.824893496620172e-44
6364.0	6.075815577651119e-44
6364.5	5.69146174449022e-44
6365.0	5.862554306991777e-44
6365.5	6.619035293457233e-44
6366.0	6.302119331626892e-44
6366.5	6.292592533372731e-44
6367.0	6.610594279610169e-44
6367.5	6.665693789060247e-44
6368.0	6.294808107294543e-44
6368.5	6.103904724571508e-44
6369.0	6.929577866028692e-44
6369.5	7.171614871874553e-44
6370.0	6.939843588197026e-44
6370.5	6.307120448608726e-44
6371.0	6.19716713945417e-44
6371.5	6.019798665729697e-44
6372.0	5.85784665589299e-44
6372.5	6.035153343825096e-44
6373.0	7.114090083764645e-44
6373.5	6.200289492051357e-44
6374.0	6.314665870243902e-44
6374.5	6.478947171641063e-44
6375.0	5.940421527248869e-44
6375.5	6.039109072238378e-44
6376.0	5.837388750196537e-44
6376.5	6.549552340019174e-44
6377.0	6.788464024028204e-44
6377.5	6.506342941289059e-44
6378.0	6.30655214264636e-44
6378.5	6.3874568326973415e-44
6379.0	6.231614359444166e-44
6379.5	6.016758097482609e-44
6380.0	6.518021332645137e-44
6380.5	6.638085124293768e-44
6381.0	6.486727814853208e-44
6381.5	6.415089473046676e-44
6382.0	5.383491219445213e-44
6382.5	6.063980316269597e-44
6383.0	6.749924071444371e-44
6383.5	6.169189236290875e-44
6384.0	5.838459225123786e-44
6384.5	6.966226366230784e-44
6385.0	6.558596811897778e-44
6385.5	6.359739714141907e-44
6386.0	6.823616797175258e-44
6386.5	6.335034110807527e-44
6387.0	6.539084097445683e-44
6387.5	5.919171100815587e-44
6388.0	5.910836368376867e-44
6388.5	6.363076875750834e-44
6389.0	6.225984218106227e-44
6389.5	5.561014954594261e-44
6390.0	6.123287113350946e-44
6390.5	6.385983060948497e-44
6391.0	6.832216804529437e-44
6391.5	6.757485341470116e-44
6392.0	6.361899630716751e-44
6392.5	6.253367868199753e-44
6393.0	6.313316540057968e-44
6393.5	5.856156393868877e-44
6394.0	5.627326477473186e-44
6394.5	6.146929915648287e-44
6395.0	5.935562983107388e-44
6395.5	5.266850514013899e-44
6396.0	6.015398400470414e-44
6396.5	5.966077895592545e-44
6397.0	6.850760619033637e-44
6397.5	6.445402527320269e-44
6398.0	6.343977400894783e-44
6398.5	6.58625853160898e-44
6399.0	6.376141540562079e-44
6399.5	6.804226299577301e-44
6400.0	7.297783452652356e-44
6400.5	7.794687966708286e-44
6401.0	8.083320398887001e-44
6401.5	7.132532222100377e-44
6402.0	6.239084815798496e-44
6402.5	5.811668761228038e-44
6403.0	6.117699748408827e-44
6403.5	5.474861117856065e-44
6404.0	5.292358514557032e-44
6404.5	5.738335184395922e-44
6405.0	6.493685937597941e-44
6405.5	6.624389860022471e-44
6406.0	6.570596891383512e-44
6406.5	6.541611856023402e-44
6407.0	6.380464840119276e-44
6407.5	5.826359116084607e-44
6408.0	6.340728635275737e-44
6408.5	6.719590474236561e-44
6409.0	5.674990211962169e-44
6409.5	5.819751852710893e-44
6410.0	6.343249188663236e-44
6410.5	6.221798222909889e-44
6411.0	6.819404509239845e-44
6411.5	6.554458944148326e-44
6412.0	6.067214450468965e-44
6412.5	6.126211206585016e-44
6413.0	6.499301890113038e-44
6413.5	6.552985641018344e-44
6414.0	6.765102863131968e-44
6414.5	6.567322465252696e-44
6415.0	6.105022621374903e-44
6415.5	6.111736889172976e-44
6416.0	6.232824758441581e-44
6416.5	6.153099909436091e-44
6417.0	6.054414351691538e-44
6417.5	6.323378231722527e-44
6418.0	6.653209245847777e-44
6418.5	6.741199784948119e-44
6419.0	6.480939994431587e-44
6419.5	6.539521589123191e-44
6420.0	6.473130940411443e-44
6420.5	6.757077539864032e-44
6421.0	7.720204625157354e-44
6421.5	6.621766091580909e-44
6422.0	5.615339868724378e-44
6422.5	5.095171860238683e-44
6423.0	5.83954202745542e-44
6423.5	5.949883846784994e-44
6424.0	5.985416651343438e-44
6424.5	6.362969960319929e-44
6425.0	6.538583861928612e-44
6425.5	5.878077315895198e-44
6426.0	6.545282077752286e-44
6426.5	5.596265734855503e-44
6427.0	5.002922889403759e-44
6427.5	5.76446673437978e-44
6428.0	5.607626848432184e-44
6428.5	5.699416444781777e-44
6429.0	5.941048829609097e-44
6429.5	6.273774788815862e-44
6430.0	6.340620249254056e-44
6430.5	6.191217769077165e-44
6431.0	5.95973036596492e-44
6431.5	5.894901777675959e-44
6432.0	5.893720220777307e-44
6432.5	7.040519989836843e-44
6433.0	6.580951152105197e-44
6433.5	6.279394290937767e-44
6434.0	6.499195543933388e-44
6434.5	6.748210207713228e-44
6435.0	7.202015295797518e-44
6435.5	7.074547988456179e-44
6436.0	7.243584265221917e-44
6436.5	5.957540797227413e-44
6437.0	6.484181083372138e-44
6437.5	6.754587337849848e-44
6438.0	6.306175779195175e-44
6438.5	6.905092086140813e-44
6439.0	6.675558104717918e-44
6439.5	6.61392267420768e-44
6440.0	6.496675244280578e-44
6440.5	6.029141786685697e-44
6441.0	6.545819397529302e-44
6441.5	6.543119744613464e-44
6442.0	5.89934285605053e-44
6442.5	6.285665744915723e-44
6443.0	6.374262376334255e-44
6443.5	7.063717597856748e-44
6444.0	6.80795247801558e-44
6444.5	6.332936914211409e-44
6445.0	5.951566077798477e-44
6445.5	6.560731605300431e-44
6446.0	6.521352602243042e-44
6446.5	6.490009844342513e-44
6447.0	6.31545814555505e-44
6447.5	6.148585915678923e-44
6448.0	6.229718547648999e-44
6448.5	6.423087446221455e-44
6449.0	6.3078271243699e-44
6449.5	6.796701838987867e-44
6450.0	6.960365414848468e-44
6450.5	7.114036016077946e-44
6451.0	6.221468734838488e-44
6451.5	6.184990307144214e-44
6452.0	6.200792761659316e-44
6452.5	6.613820309970362e-44
6453.0	6.772996780272806e-44
6453.5	6.189308351945745e-44
6454.0	6.939032272496364e-44
6454.5	7.118232456180871e-44
6455.0	6.163868842354559e-44
6455.5	6.055883303404643e-44
6456.0	6.107839202308848e-44
6456.5	5.994389516087044e-44
6457.0	5.750845182791619e-44
6457.5	6.516008028962878e-44
6458.0	6.771626937393959e-44
6458.5	7.456619316301487e-44
6459.0	6.965201677823023e-44
6459.5	6.88476163724049e-44
6460.0	6.092031061815107e-44
6460.5	6.105680653862563e-44
6461.0	6.159455360627518e-44
6461.5	6.359358033582401e-44
6462.0	6.985512892415683e-44
6462.5	6.797037668939861e-44
6463.0	7.148035162224418e-44
6463.5	6.088058238259917e-44
6464.0	5.558994757657651e-44
6464.5	5.848754228763939e-44
6465.0	6.001067462279215e-44
6465.5	6.554100775753527e-44
6466.0	5.948308854685349e-44
6466.5	5.639034790455425e-44
6467.0	6.460630207037592e-44
6467.5	6.097690481343968e-44
6468.0	6.94725243689907e-44
6468.5	6.403125777434986e-44
6469.0	6.165206384995676e-44
6469.5	5.905939126966596e-44
6470.0	5.499342522209911e-44
6470.5	6.049576579777435e-44
6471.0	6.488563057167567e-44
6471.5	6.088525340398188e-44
6472.0	6.162210109249059e-44
6472.5	6.580456414129757e-44
6473.0	7.240882499454044e-44
6473.5	7.256922619136881e-44
6474.0	6.515216743152004e-44
6474.5	6.3658399280375515e-44
6475.0	6.16819800714041e-44
6475.5	6.276106088121512e-44
6476.0	6.442995087724378e-44
6476.5	6.76223021604932e-44
6477.0	6.504712753544217e-44
6477.5	6.526597551284522e-44
6478.0	6.312003743496178e-44
6478.5	5.833076144325182e-44
6479.0	5.776510199299882e-44
6479.5	5.827858655419621e-44
6480.0	6.055686605577006e-44
6480.5	5.703281546287187e-44
6481.0	6.106045543186633e-44
6481.5	6.049736690299798e-44
6482.0	6.170031323113135e-44
6482.5	6.466387846033222e-44
6483.0	6.070215049168922e-44
6483.5	5.667190758346808e-44
6484.0	5.685188348440162e-44
6484.5	6.849746576603808e-44
6485.0	6.589172692173674e-44
6485.5	5.643413448482545e-44
6486.0	5.422624998551966e-44
6486.5	6.01094445940583e-44
6487.0	6.138371154815437e-44
6487.5	6.260685910984142e-44
6488.0	6.654659925868469e-44
6488.5	6.159897930557371e-44
6489.0	6.044899301184697e-44
6489.5	5.963914603591612e-44
6490.0	6.093473675804058e-44
6490.5	6.474309063036341e-44
6491.0	6.480573688325952e-44
6491.5	7.055763824717087e-44
6492.0	6.166275923714816e-44
6492.5	6.635250083250253e-44
6493.0	7.482269858900953e-44
6493.5	7.353416645801714e-44
6494.0	6.55848641731803e-44
6494.5	7.38885800233863e-44
6495.0	7.706455274301627e-44
6495.5	6.069506134926253e-44
6496.0	5.244995116757014e-44
6496.5	6.168444561146539e-44
6497.0	6.296826697599201e-44
6497.5	6.697663715396558e-44
6498.0	6.354596102647969e-44
6498.5	6.551741560711921e-44
6499.0	5.731960061673121e-44
6499.5	5.617184428867992e-44
6500.0	6.558659541398387e-44
6500.5	7.122338337695106e-44
6501.0	6.597409774035815e-44
6501.5	6.574375263272883e-44
6502.0	6.584610618522343e-44
6502.5	6.775773034950082e-44
6503.0	7.015938590618592e-44
6503.5	5.823446929515068e-44
6504.0	6.24659335376905e-44
6504.5	6.53665382267832e-44
6505.0	6.171394675999729e-44
6505.5	6.374903139102738e-44
6506.0	6.632285762978545e-44
6506.5	7.033791548923282e-44
6507.0	7.129402977159463e-44
6507.5	6.193853659080081e-44
6508.0	6.036441091346454e-44
6508.5	6.935791297752934e-44
6509.0	6.935896565634621e-44
6509.5	6.601964807146522e-44
6510.0	6.984210222863429e-44
6510.5	6.444792869309478e-44
6511.0	6.600090796965828e-44
6511.5	6.635615865962952e-44
6512.0	5.915746378307048e-44
6512.5	6.418007117764496e-44
6513.0	6.309996830227926e-44
6513.5	6.128709451393289e-44
6514.0	6.262023934378584e-44
6514.5	6.204712880644955e-44
6515.0	6.293538012167832e-44
6515.5	6.18484492429651e-44
6516.0	5.621921757583213e-44
6516.5	6.125020570001047e-44
6517.0	7.055172570717298e-44
6517.5	7.015086167187018e-44
6518.0	5.91997312232723e-44
6518.5	6.179560868353897e-44
6519.0	6.825223039150168e-44
6519.5	6.133938665989356e-44
6520.0	5.750533284813693e-44
6520.5	6.264303287895116e-44
6521.0	6.54654045204684e-44
6521.5	6.831929784091442e-44
6522.0	6.833459963737048e-44
6522.5	7.323402384113267e-44
6523.0	6.742937438276942e-44
6523.5	6.828588391191826e-44
6524.0	6.522634840832322e-44
6524.5	6.773548271011267e-44
6525.0	7.1197469655223e-44
6525.5	6.403221359139909e-44
6526.0	6.314483481936511e-44
6526.5	6.53984694838236e-44
6527.0	6.978630734024049e-44
6527.5	6.919366909038115e-44
6528.0	6.773140685544461e-44
6528.5	6.328934456346631e-44
6529.0	6.711495044382245e-44
6529.5	7.058856912291269e-44
6530.0	7.438010670750132e-44
6530.5	6.51956790691354e-44
6531.0	6.745537240876375e-44
6531.5	6.568942787487562e-44
6532.0	6.831029307007026e-44
6532.5	6.876790340035628e-44
6533.0	6.690114644267751e-44
6533.5	6.605306334114987e-44
6534.0	6.712577259793574e-44
6534.5	7.034431695851581e-44
6535.0	6.823860211155888e-44
6535.5	6.21434811241974e-44
6536.0	5.531856896953909e-44
6536.5	6.59841567943347e-44
6537.0	7.360685015406881e-44
6537.5	7.708564830241547e-44
6538.0	7.007930564091932e-44
6538.5	6.92287888634625e-44
6539.0	7.495853766494336e-44
6539.5	7.077406241958769e-44
6540.0	7.142333914250879e-44
6540.5	6.521262216601505e-44
6541.0	5.461650448480241e-44
6541.5	6.3966552054167e-44
6542.0	7.529208246078942e-44
6542.5	8.181383646266862e-44
6543.0	6.393522515960951e-44
6543.5	6.653694865858413e-44
6544.0	6.632610363366205e-44
6544.5	6.288675589998286e-44
6545.0	6.955306351058128e-44
6545.5	6.486015761092826e-44
6546.0	5.724072501286557e-44
6546.5	6.364932355644669e-44
6547.0	7.490035821057101e-44
6547.5	7.400910793855169e-44
6548.0	7.160647024995798e-44
6548.5	6.564951768444031e-44
6549.0	6.952012564566343e-44
6549.5	6.984915262740496e-44
6550.0	6.483410779853197e-44
6550.5	6.136311989089543e-44
6551.0	5.969987902616662e-44
6551.5	6.472235187715019e-44
6552.0	6.343911687633522e-44
6552.5	6.46879242585387e-44
6553.0	6.242426432294184e-44
6553.5	6.036481350858304e-44
6554.0	6.156512729625927e-44
6554.5	6.458652685704839e-44
6555.0	6.868896012158568e-44
6555.5	5.936008107797341e-44
6556.0	5.904996215915757e-44
6556.5	6.164287628706943e-44
6557.0	6.0919398048078725e-44
6557.5	7.265563389836021e-44
6558.0	7.363363390744129e-44
6558.5	6.961193083153177e-44
6559.0	6.408554889575886e-44
6559.5	6.293922835871221e-44
6560.0	6.252576377239367e-44
6560.5	6.656629827151935e-44
6561.0	6.856362318978713e-44
6561.5	6.985878936062076e-44
6562.0	6.991485418712718e-44
6562.5	7.066576112087152e-44
6563.0	6.231933748427222e-44
6563.5	5.685349944787237e-44
6564.0	6.623283606283099e-44
6564.5	6.560422380027161e-44
6565.0	6.994782979789095e-44
6565.5	6.650353595770459e-44
6566.0	7.495892189330398e-44
6566.5	7.905275117818691e-44
6567.0	7.448605765012362e-44
6567.5	7.132425380592565e-44
6568.0	6.918202344325527e-44
6568.5	6.462938000440067e-44
6569.0	6.146052649764598e-44
6569.5	6.891132125684115e-44
6570.0	5.984530578127428e-44
6570.5	5.305724906402746e-44
6571.0	5.945952707114482e-44
6571.5	6.621032007327503e-44
6572.0	6.265524593355718e-44
6572.5	6.215767723575713e-44
6573.0	6.490904599103465e-44
6573.5	7.129589621481933e-44
6574.0	6.886589316528326e-44
6574.5	6.64407025368711e-44
6575.0	7.563284879886206e-44
6575.5	7.160526921523649e-44
6576.0	6.569090066236883e-44
6576.5	7.086453461415816e-44
6577.0	7.256296707454526e-44
6577.5	6.873357834329223e-44
6578.0	6.074698825750172e-44
6578.5	6.943339650148762e-44
6579.0	6.869844550464776e-44
6579.5	6.279901915478479e-44
6580.0	6.186373994594387e-44
6580.5	6.2544135400215e-44
6581.0	6.994648117380022e-44
6581.5	6.943047102268882e-44
6582.0	6.315339928939932e-44
6582.5	6.722330171740285e-44
6583.0	6.643617231809572e-44
6583.5	6.800088932189133e-44
6584.0	6.702999379178902e-44
6584.5	6.910540468589389e-44
6585.0	6.916013901460764e-44
6585.5	5.832464138501056e-44
6586.0	6.232160898152571e-44
6586.5	7.111067690632419e-44
6587.0	6.134708500044612e-44
6587.5	5.635077180490517e-44
6588.0	6.367841199434607e-44
6588.5	6.721128608222529e-44
6589.0	6.835808708492628e-44
6589.5	6.704778585514757e-44
6590.0	6.283332653665806e-44
6590.5	6.702922717935643e-44
6591.0	6.698027827643257e-44
6591.5	6.489893511661478e-44
6592.0	5.982432041751062e-44
6592.5	6.356734797288566e-44
6593.0	6.511495201089528e-44
6593.5	6.852243216680767e-44
6594.0	7.100586099000808e-44
6594.5	6.285871878943677e-44
6595.0	6.277178513427628e-44
6595.5	7.093270898018324e-44
6596.0	7.784320990982232e-44
6596.5	8.282286804247628e-44
6597.0	7.606829300380892e-44
6597.5	6.571562297156543e-44
6598.0	6.561423335874201e-44
6598.5	6.796004173828847e-44
6599.0	6.602928530270062e-44
6599.5	6.509469195819045e-44
6600.0	7.781646105006941e-44
6600.5	7.396226601547184e-44
6601.0	6.240888083073547e-44
6601.5	6.902952716853677e-44
6602.0	7.469444288720371e-44
6602.5	6.804497908023516e-44
6603.0	5.968075471157541e-44
6603.5	6.253949903508705e-44
6604.0	5.823596843727059e-44
6604.5	5.894648619089797e-44
6605.0	6.121011119450797e-44
6605.5	6.21484187441536e-44
6606.0	6.540938019646621e-44
6606.5	6.985068200400616e-44
6607.0	7.47159298238678e-44
6607.5	8.541774665952535e-44
6608.0	8.376585773571589e-44
6608.5	6.125537530958004e-44
6609.0	7.191935868648901e-44
6609.5	7.589651306991337e-44
6610.0	7.191909040449137e-44
6610.5	6.225468419928737e-44
6611.0	6.310424130703768e-44
6611.5	7.259006414355372e-44
6612.0	7.589700661783393e-44
6612.5	7.001490430021847e-44
6613.0	5.924190245123927e-44
6613.5	6.317861124200516e-44
6614.0	6.133042716854642e-44
6614.5	6.554386884648396e-44
6615.0	7.161151427372246e-44
6615.5	6.592347995099956e-44
6616.0	6.518596331570795e-44
6616.5	6.339961387873927e-44
6617.0	6.566791010815542e-44
6617.5	6.666466199130923e-44
6618.0	6.747790009214518e-44
6618.5	6.334998670672728e-44
6619.0	6.110123774893898e-44
6619.5	6.982457488592093e-44
6620.0	6.78481004963937e-44
6620.5	6.372366473066532e-44
6621.0	6.204221549927625e-44
6621.5	6.174821521732242e-44
6622.0	6.606878010007885e-44
6622.5	6.163635332723738e-44
6623.0	6.707953604128132e-44
6623.5	6.933847252204302e-44
6624.0	6.685561498880956e-44
6624.5	6.320854189235629e-44
6625.0	6.621776386766021e-44
6625.5	7.352437040407254e-44
6626.0	7.580380684491602e-44
6626.5	7.342875372774452e-44
6627.0	6.525900350109552e-44
6627.5	6.648255783633613e-44
6628.0	6.903776854064987e-44
6628.5	7.342685095780147e-44
6629.0	6.595178719082081e-44
6629.5	6.54704287438584e-44
6630.0	6.533927258979693e-44
6630.5	6.570442057734309e-44
6631.0	6.188077549777911e-44
6631.5	5.792573147154807e-44
6632.0	6.533150963224848e-44
6632.5	6.900992715967966e-44
6633.0	6.489103943632785e-44
6633.5	6.237494499487862e-44
6634.0	5.766197302161755e-44
6634.5	6.404650276768771e-44
6635.0	6.716992174379754e-44
6635.5	6.701523309296752e-44
6636.0	6.918827149269744e-44
6636.5	6.551921712910563e-44
6637.0	7.520152343197388e-44
6637.5	7.04524291512372e-44
6638.0	6.606917982640267e-44
6638.5	7.636001089237842e-44
6639.0	6.891323685158641e-44
6639.5	6.670797990477029e-44
6640.0	7.079582211674074e-44
6640.5	6.650785479289432e-44
6641.0	6.649198674273087e-44
6641.5	7.186009009153462e-44
6642.0	6.217524322612223e-44
6642.5	7.239664688396941e-44
6643.0	7.111715435371046e-44
6643.5	7.408890294385623e-44
6644.0	6.945507488029287e-44
6644.5	6.642750853068742e-44
6645.0	6.376432464927007e-44
6645.5	6.909438138191978e-44
6646.0	6.981543828574853e-44
6646.5	7.192819945252267e-44
6647.0	6.991143712289214e-44
6647.5	6.365697866624874e-44
6648.0	6.531547512539878e-44
6648.5	6.969823744768589e-44
6649.0	6.861929752119991e-44
6649.5	7.136527829580671e-44
6650.0	7.690886788222689e-44
6650.5	8.078400619141305e-44
6651.0	6.837907465525245e-44
6651.5	7.346196860406498e-44
6652.0	6.286525455405317e-44
6652.5	5.797078195952833e-44
6653.0	6.087295325575887e-44
6653.5	6.693056227255598e-44
6654.0	7.712141758438937e-44
6654.5	7.122730300138695e-44
6655.0	6.872170520300787e-44
6655.5	6.43345363967169e-44
6656.0	6.449252653001594e-44
6656.5	7.333190463205228e-44
6657.0	7.228614166292331e-44
6657.5	7.988949428229477e-44
6658.0	7.003877655201223e-44
6658.5	6.996699024176394e-44
6659.0	7.217981520712065e-44
6659.5	6.98792992761529e-44
6660.0	7.168110820836144e-44
6660.5	7.175226906765386e-44
6661.0	7.623789687447192e-44
6661.5	8.046038325784838e-44
6662.0	6.852310287790143e-44
6662.5	7.619433780040256e-44
6663.0	6.886300217563931e-44
6663.5	6.832945624547855e-44
6664.0	6.369536880137748e-44
6664.5	6.202919961780644e-44
6665.0	7.311413484747152e-44
6665.5	7.209123959307583e-44
6666.0	7.579369213104185e-44
6666.5	7.495767511361816e-44
6667.0	7.519757304989253e-44
6667.5	7.237238188601019e-44
6668.0	7.122489345310559e-44
6668.5	6.60655869424195e-44
6669.0	6.119508541229187e-44
6669.5	6.540659096900268e-44
6670.0	7.059913988525751e-44
6670.5	7.005776058308417e-44
6671.0	7.122426662848376e-44
6671.5	7.006770418356784e-44
6672.0	7.157729718006643e-44
6672.5	6.25995131804479e-44
6673.0	6.580239640102923e-44
6673.5	7.550817559777031e-44
6674.0	6.980369995596847e-44
6674.5	6.930501536602119e-44
6675.0	7.573872267863781e-44
6675.5	7.457905675201062e-44
6676.0	6.537876820545923e-44
6676.5	7.092110567192291e-44
6677.0	8.006325369950376e-44
6677.5	7.520835068416047e-44
6678.0	7.010009435641969e-44
6678.5	6.836616523949537e-44
6679.0	6.23542937582215e-44
6679.5	7.301327367842279e-44
6680.0	7.034623245731766e-44
6680.5	7.274540075020362e-44
6681.0	7.948389176973857e-44
6681.5	6.995949164316892e-44
6682.0	6.597572970312825e-44
6682.5	6.935021560643853e-44
6683.0	7.19544602790975e-44
6683.5	6.705026077827486e-44
6684.0	6.684795790800934e-44
6684.5	7.070101763391081e-44
6685.0	7.201094754249144e-44
6685.5	7.762275350001921e-44
6686.0	7.097241918991457e-44
6686.5	6.643198804775837e-44
6687.0	6.68080876324271e-44
6687.5	7.181684748965356e-44
6688.0	7.776093664099629e-44
6688.5	7.856683970717833e-44
6689.0	8.552691240282184e-44
6689.5	7.131628920541893e-44
6690.0	6.973685713156527e-44
6690.5	7.312484086456105e-44
6691.0	6.872620614204933e-44
6691.5	6.464894442928987e-44
6692.0	6.34819837060615e-44
6692.5	7.241667163590732e-44
6693.0	7.468990048411437e-44
6693.5	7.53588640061509e-44
6694.0	6.886780606241011e-44
6694.5	6.740285748013069e-44
6695.0	6.770305411078124e-44
6695.5	6.658332924572282e-44
6696.0	6.326954583876303e-44
6696.5	6.939572888274959e-44
6697.0	7.453003202117218e-44
6697.5	6.291736834233312e-44
6698.0	6.940880644722151e-44
6698.5	7.289270174746546e-44
6699.0	7.779946996335242e-44
6699.5	7.167905636005193e-44
6700.0	6.977824677015174e-44
6700.5	7.663916520412097e-44
6701.0	7.291342199012362e-44
6701.5	8.137187069253395e-44
6702.0	7.406911362282647e-44
6702.5	6.161359599769769e-44
6703.0	6.794136844336751e-44
6703.5	7.354012490347287e-44
6704.0	7.024005945466594e-44
6704.5	7.002082275622246e-44
6705.0	6.843693545390015e-44
6705.5	6.278496338794122e-44
6706.0	5.962734386858477e-44
6706.5	6.543204344830798e-44
6707.0	6.837169777207139e-44
6707.5	6.88475677295071e-44
6708.0	6.839360176971342e-44
6708.5	6.286047785657518e-44
6709.0	6.461466476822278e-44
6709.5	7.043655889086395e-44
6710.0	6.948738995520037e-44
6710.5	7.744451335172228e-44
6711.0	7.716118880189052e-44
6711.5	7.325044058224057e-44
6712.0	7.019244575007418e-44
6712.5	7.09766345046768e-44
6713.0	7.338264798346032e-44
6713.5	6.097035709596794e-44
6714.0	6.673242681962383e-44
6714.5	7.32782699550869e-44
6715.0	6.883849397205728e-44
6715.5	7.334923097910683e-44
6716.0	7.133010390303291e-44
6716.5	7.238096763535324e-44
6717.0	6.601992802060758e-44
6717.5	6.661828175315951e-44
6718.0	6.409205012217574e-44
6718.5	6.565222676796026e-44
6719.0	7.08066190879158e-44
6719.5	6.272076665225105e-44
6720.0	6.712190135213374e-44
6720.5	7.84986606603121e-44
6721.0	7.721716142655578e-44
6721.5	7.310295896311381e-44
6722.0	7.514874357974406e-44
6722.5	7.690055799171157e-44
6723.0	7.209420784615178e-44
6723.5	7.118123794810838e-44
6724.0	7.090003968963491e-44
6724.5	6.431695609636992e-44
6725.0	7.342935638177982e-44
6725.5	7.86598653659897e-44
6726.0	7.528257777576815e-44
6726.5	7.649568674638321e-44
6727.0	8.817859262294537e-44
6727.5	9.265887789175839e-44
6728.0	8.280394498705965e-44
6728.5	6.613246212533663e-44
6729.0	6.94439065400844e-44
6729.5	7.389994502134602e-44
6730.0	7.098682859263664e-44
6730.5	7.712213111243905e-44
6731.0	7.353273639023036e-44
6731.5	7.3201134113655e-44
6732.0	7.505445012431247e-44
6732.5	6.466363524975337e-44
6733.0	7.011011430430227e-44
6733.5	7.132774828226292e-44
6734.0	7.362955715624723e-44
6734.5	6.509611623527161e-44
6735.0	7.856947338452091e-44
6735.5	7.592574398726781e-44
6736.0	6.843169338603731e-44
6736.5	6.311944004192553e-44
6737.0	6.832992136165478e-44
6737.5	7.151986236555571e-44
6738.0	7.381454394076791e-44
6738.5	7.82544180293409e-44
6739.0	7.047508235678952e-44
6739.5	7.803885320081262e-44
6740.0	7.41333322285637e-44
6740.5	7.949941701018067e-44
6741.0	8.009149611967793e-44
6741.5	6.855384684805094e-44
6742.0	6.835590261968787e-44
6742.5	7.438197535484123e-44
6743.0	7.418790297609545e-44
6743.5	7.797482107430691e-44
6744.0	7.447634538132406e-44
6744.5	6.787497439413991e-44
6745.0	7.096279917515609e-44
6745.5	7.788057714122135e-44
6746.0	7.907200265766975e-44
6746.5	7.67071429751016e-44
6747.0	7.575169087740108e-44
6747.5	7.197861947869171e-44
6748.0	7.301897756780028e-44
6748.5	7.007667628091896e-44
6749.0	6.786195056498056e-44
6749.5	6.792633291254581e-44
6750.0	6.761849177502922e-44
6750.5	7.094738095812352e-44
6751.0	6.98685100354156e-44
6751.5	7.235505437891391e-44
6752.0	7.28896571221711e-44
6752.5	7.425914911781064e-44
6753.0	7.580787794766194e-44
6753.5	6.968591341555753e-44
6754.0	6.953160779016559e-44
6754.5	6.787737063601417e-44
6755.0	6.7438991209812e-44
6755.5	7.101518366589014e-44
6756.0	7.685683155332588e-44
6756.5	7.595893666772467e-44
6757.0	7.343367351890973e-44
6757.5	7.795648877893451e-44
6758.0	7.027577715220966e-44
6758.5	6.876016497555147e-44
6759.0	6.455792197549372e-44
6759.5	7.361842249691692e-44
6760.0	8.118985251271119e-44
6760.5	7.720715708675153e-44
6761.0	7.023663637566152e-44
6761.5	6.498301286153464e-44
6762.0	7.012462283470123e-44
6762.5	7.412155974390246e-44
6763.0	7.714263040003115e-44
6763.5	7.657810584292063e-44
6764.0	7.528899558598236e-44
6764.5	6.980963836385951e-44
6765.0	6.054195355398857e-44
6765.5	6.972238512523142e-44
6766.0	7.54508794762119e-44
6766.5	7.228112297683594e-44
6767.0	7.508455934751099e-44
6767.5	7.891017909513712e-44
6768.0	7.448908518038617e-44
6768.5	7.173393501040124e-44
6769.0	6.985639139616182e-44
6769.5	7.393378889223292e-44
6770.0	7.157933212572688e-44
6770.5	7.385673969584208e-44
6771.0	7.784154348304066e-44
6771.5	7.709990009393243e-44
6772.0	7.169064401867434e-44
6772.5	7.289591000765484e-44
6773.0	7.068452743867179e-44
6773.5	7.726508021021504e-44
6774.0	7.456503988187618e-44
6774.5	6.297820060887691e-44
6775.0	6.37650286233262e-44
6775.5	7.004723535377154e-44
6776.0	6.397297628907508e-44
6776.5	6.942619445866826e-44
6777.0	6.938009238192349e-44
6777.5	7.574535676554575e-44
6778.0	8.03356904182893e-44
6778.5	7.742077934580242e-44
6779.0	7.693301974795959e-44
6779.5	7.682661340951714e-44
6780.0	7.067964344854884e-44
6780.5	7.21280144047217e-44
6781.0	7.156844529444369e-44
6781.5	7.407737178255178e-44
6782.0	7.365871444722772e-44
6782.5	7.415522814810723e-44
6783.0	7.10969770416969e-44
6783.5	6.968703494584456e-44
6784.0	7.511338521575825e-44
6784.5	7.653638767431822e-44
6785.0	8.010559602703607e-44
6785.5	7.547478454082469e-44
6786.0	6.472538258642664e-44
6786.5	6.525009573828483e-44
6787.0	7.565798680089237e-44
6787.5	7.190770091132968e-44
6788.0	6.278806763186363e-44
6788.5	7.327534850672827e-44
6789.0	7.995050293957243e-44
6789.5	7.691050242513999e-44
6790.0	6.561119469275656e-44
6790.5	7.054816875904192e-44
6791.0	7.711633606596477e-44
6791.5	8.824886847622432e-44
6792.0	8.648291047502396e-44
6792.5	8.01737672276806e-44
6793.0	7.052643208942028e-44
6793.5	7.034490155094839e-44
6794.0	7.787005341482538e-44
6794.5	7.663943268180895e-44
6795.0	7.945949021662303e-44
6795.5	6.93804779759662e-44
6796.0	7.423459506977391e-44
6796.5	7.258742161459362e-44
6797.0	6.597407951057668e-44
6797.5	6.130225720941316e-44
6798.0	7.273073955450035e-44
6798.5	6.975027013252706e-44
6799.0	6.77362282631357e-44
6799.5	7.145302794707042e-44
6800.0	7.736941277870717e-44
6800.5	7.800530761460508e-44
6801.0	8.242547882240459e-44
6801.5	7.923586837466038e-44
6802.0	7.281535997655942e-44
6802.5	7.333062216378239e-44
6803.0	7.521080717782352e-44
6803.5	7.063937714053411e-44
6804.0	8.003942344029212e-44
6804.5	8.044942537693111e-44
6805.0	7.460713574266429e-44
6805.5	7.235912085331027e-44
6806.0	6.919018699539204e-44
6806.5	7.533437141031871e-44
6807.0	7.600162584051493e-44
6807.5	7.726186370594849e-44
6808.0	7.472955095147812e-44
6808.5	7.323870206507453e-44
6809.0	7.020258510630812e-44
6809.5	7.693895718058597e-44
6810.0	9.062613384908529e-44
6810.5	8.817623117886706e-44
6811.0	8.218768455631022e-44
6811.5	7.219998710400777e-44
6812.0	7.228393064693188e-44
6812.5	6.722756939891575e-44
6813.0	6.797976526882147e-44
6813.5	7.361311751946537e-44
6814.0	7.108976046564526e-44
6814.5	6.679888432907147e-44
6815.0	7.46700585556961e-44
6815.5	7.799702200461435e-44
6816.0	7.820171775671846e-44
6816.5	7.563376731304039e-44
6817.0	7.50061272382659e-44
6817.5	7.809537904461256e-44
6818.0	8.164399804985575e-44
6818.5	7.452254791263209e-44
6819.0	6.921732174763573e-44
6819.5	7.835916576685076e-44
6820.0	7.867435468026637e-44
6820.5	8.1520173572704325e-44
6821.0	7.565202051594787e-44
6821.5	7.623286072171576e-44
6822.0	7.616803972377159e-44
6822.5	7.979383173707914e-44
6823.0	7.950409814016793e-44
6823.5	7.500245090902081e-44
6824.0	7.342564605270784e-44
6824.5	8.01569652847637e-44
6825.0	8.717031094668626e-44
6825.5	7.503979286588179e-44
6826.0	7.703376793223902e-44
6826.5	8.539631288203732e-44
6827.0	8.673392098906013e-44
6827.5	7.177543529288077e-44
6828.0	6.87606409206208e-44
6828.5	6.914196462569934e-44
6829.0	6.716141469747931e-44
6829.5	7.252615461939353e-44
6830.0	7.073269558684482e-44
6830.5	7.786363276460788e-44
6831.0	8.372262225061725e-44
6831.5	8.352808081030455e-44
6832.0	8.002012453571094e-44
6832.5	7.961873838568052e-44
6833.0	7.660447703268617e-44
6833.5	7.556753010381658e-44
6834.0	7.5146262535285275e-44
6834.5	8.663301601906692e-44
6835.0	9.080041205808911e-44
6835.5	8.896660719200702e-44
6836.0	8.172713616505166e-44
6836.5	8.647149717777872e-44
6837.0	8.823529590511515e-44
6837.5	7.816304092603683e-44
6838.0	7.301504604429556e-44
6838.5	7.215920190459281e-44
6839.0	8.418971584284423e-44
6839.5	8.096133002294044e-44
6840.0	7.449924782794224e-44
6840.5	8.423635813366615e-44
6841.0	8.515419944965511e-44
6841.5	8.382181751296194e-44
6842.0	7.683815482357127e-44
6842.5	7.629131115985673e-44
6843.0	7.300667987471202e-44
6843.5	7.278466599546887e-44
6844.0	7.095093116471844e-44
6844.5	7.581221463513483e-44
6845.0	7.548042022949459e-44
6845.5	8.195330373710351e-44
6846.0	7.99443450054279e-44
6846.5	8.788809414381408e-44
6847.0	7.776192693851181e-44
6847.5	6.879916202563563e-44
6848.0	7.290616337818101e-44
6848.5	8.285550875071215e-44
6849.0	8.375216070703579e-44
6849.5	7.413546920844415e-44
6850.0	6.533326811527821e-44
6850.5	6.635247305527609e-44
6851.0	7.131141812380041e-44
6851.5	6.980244259966572e-44
6852.0	7.13752518521761e-44
6852.5	7.137987209615538e-44
6853.0	7.331417767510022e-44
6853.5	8.064108354088708e-44
6854.0	8.165857624158209e-44
6854.5	7.691587706984525e-44
6855.0	7.086872795873776e-44
6855.5	7.487499665676784e-44
6856.0	7.541163638249024e-44
6856.5	7.447035562730205e-44
6857.0	7.581567802627136e-44
6857.5	8.678961677201788e-44
6858.0	7.659438643134048e-44
6858.5	7.593004019165579e-44
6859.0	7.000216818166285e-44
6859.5	8.29936774038381e-44
6860.0	8.066422853378424e-44
6860.5	7.202001668900127e-44
6861.0	7.570072700466468e-44
6861.5	7.915807328874849e-44
6862.0	8.169575275468981e-44
6862.5	7.173761679891169e-44
6863.0	6.699822420275931e-44
6863.5	7.080675320145816e-44
6864.0	7.244132040913352e-44
6864.5	7.08074342191579e-44
6865.0	7.326976109149202e-44
6865.5	7.664490111654746e-44
6866.0	7.098039975388772e-44
6866.5	6.180562205382816e-44
6867.0	7.107051143898209e-44
6867.5	7.619615403727088e-44
6868.0	8.289143983293931e-44
6868.5	7.254509423989994e-44
6869.0	6.630514654363646e-44
6869.5	7.237140918617134e-44
6870.0	7.522434760797013e-44
6870.5	7.505093549190978e-44
6871.0	7.816397835174338e-44
6871.5	7.474088491332436e-44
6872.0	6.947227969276268e-44
6872.5	7.059382071354026e-44
6873.0	6.981607501525873e-44
6873.5	7.057577239582513e-44
6874.0	7.639986474043835e-44
6874.5	7.526862229367965e-44
6875.0	6.978107308946595e-44
6875.5	7.360374273747063e-44
6876.0	8.108720714685934e-44
6876.5	8.278858391883561e-44
6877.0	7.948243635879731e-44
6877.5	6.819576202234235e-44
6878.0	7.261288743474156e-44
6878.5	7.179405746859556e-44
6879.0	6.79937870034225e-44
6879.5	6.561831315838604e-44
6880.0	6.926365493914558e-44
6880.5	7.506417839248595e-44
6881.0	7.226872837118748e-44
6881.5	7.551454851027101e-44
6882.0	7.417688465336065e-44
6882.5	7.300677106348883e-44
6883.0	7.213424356589721e-44
6883.5	7.476148069709125e-44
6884.0	6.932766235703244e-44
6884.5	7.468018542366555e-44
6885.0	7.37396503711031e-44
6885.5	6.997642974906867e-44
6886.0	7.154719511632285e-44
6886.5	7.464802998403546e-44
6887.0	7.803462876593748e-44
6887.5	7.347634580003964e-44
6888.0	7.749322438651008e-44
6888.5	7.454017005447536e-44
6889.0	7.119750107300034e-44
6889.5	8.22238929498121e-44
6890.0	8.033060611762395e-44
6890.5	7.633559890917071e-44
6891.0	7.502863832546498e-44
6891.5	7.775328396145602e-44
6892.0	8.140568590133548e-44
6892.5	7.265489434550782e-44
6893.0	7.284374870634453e-44
6893.5	7.906648957239742e-44
6894.0	7.873005483215541e-44
6894.5	7.506408099588612e-44
6895.0	9.011457794397977e-44
6895.5	8.52081334392279e-44
6896.0	7.536050459064655e-44
6896.5	7.232499181425715e-44
6897.0	7.634053774649293e-44
6897.5	7.156466666171267e-44
6898.0	7.469395717517571e-44
6898.5	1.4448665604099607e-43
6899.0	1.0419192239955523e-42
6899.5	9.617764526736356e-43
6900.0	1.3193243018068018e-43
6900.5	8.061745789716901e-44
6901.0	7.655679865690243e-44
6901.5	7.06585779745311e-44
6902.0	7.861141868255381e-44
6902.5	8.274839665863522e-44
6903.0	8.01849840428194e-44
6903.5	8.292334982183298e-44
6904.0	8.406331515435408e-44
6904.5	8.712276248003819e-44
6905.0	7.057778626659639e-44
6905.5	7.32121161553725e-44
6906.0	7.291363422003609e-44
6906.5	7.518192474248433e-44
6907.0	7.803744836751854e-44
6907.5	8.115155183393808e-44
6908.0	7.937411169312076e-44
6908.5	7.568414532423177e-44
6909.0	6.92284293473134e-44
6909.5	7.025098410455387e-44
6910.0	7.600971918191885e-44
6910.5	8.011759724325045e-44
6911.0	7.517180567221481e-44
6911.5	7.774879065067786e-44
6912.0	7.877633998983772e-44
6912.5	7.533317518606325e-44
6913.0	7.829172140344061e-44
6913.5	7.518631651944889e-44
6914.0	7.741575161959152e-44
6914.5	7.836871317780042e-44
6915.0	8.092497407621138e-44
6915.5	7.085097531017943e-44
6916.0	7.130312812753254e-44
6916.5	6.697314430311183e-44
6917.0	7.439991359071227e-44
6917.5	7.484277796297451e-44
6918.0	7.79119302647889e-44
6918.5	7.389688769455031e-44
6919.0	7.012221321186112e-44
6919.5	7.430297245366106e-44
6920.0	7.691639751902947e-44
6920.5	7.814850267231513e-44
6921.0	6.851526748058434e-44
6921.5	6.775319736673457e-44
6922.0	6.36851357361186e-44
6922.5	6.746428468643821e-44
6923.0	7.670513363029695e-44
6923.5	7.48314573786146e-44
6924.0	6.943276242635156e-44
6924.5	6.493223042809742e-44
6925.0	7.749257227212002e-44
6925.5	8.51772645216284e-44
6926.0	7.982515031219974e-44
6926.5	7.879944460627432e-44
6927.0	7.67765760840729e-44
6927.5	7.091813272953787e-44
6928.0	7.244957069395295e-44
6928.5	7.859391145638425e-44
6929.0	8.519829475245942e-44
6929.5	8.379371389435074e-44
6930.0	7.518547433929689e-44
6930.5	7.773616602965235e-44
6931.0	8.659955867560133e-44
6931.5	8.546434018593377e-44
6932.0	1.1627641441587106e-43
6932.5	1.71112335514453e-43
6933.0	1.408582859059057e-43
6933.5	7.917805043493442e-44
6934.0	6.736846892333633e-44
6934.5	7.521689612019367e-44
6935.0	8.432483718840603e-44
6935.5	7.818317368041683e-44
6936.0	7.568694550865604e-44
6936.5	7.222362860853605e-44
6937.0	6.430797143969837e-44
6937.5	7.264143886446463e-44
6938.0	8.419695835120753e-44
6938.5	8.454727271881772e-44
6939.0	7.812872035188321e-44
6939.5	8.001855254129544e-44
6940.0	7.815372878009737e-44
6940.5	7.845104096921062e-44
6941.0	8.00811192665343e-44
6941.5	9.20866899941327e-44
6942.0	8.811575692326138e-44
6942.5	7.664288593375982e-44
6943.0	7.575719316213347e-44
6943.5	8.103714364614706e-44
6944.0	7.367864121424731e-44
6944.5	7.093560497609417e-44
6945.0	7.500472536007162e-44
6945.5	7.571142124324305e-44
6946.0	7.763363861374304e-44
6946.5	7.42509598841922e-44
6947.0	8.018275835759851e-44
6947.5	7.661001325487066e-44
6948.0	7.236577677639388e-44
6948.5	7.64772349791541e-44
6949.0	8.427706631067726e-44
6949.5	8.228285972860722e-44
6950.0	8.003312471895232e-44
6950.5	8.001489689566391e-44
6951.0	8.142763474842327e-44
6951.5	7.624932017906052e-44
6952.0	8.470452593204307e-44
6952.5	8.465454802980896e-44
6953.0	7.842762827711606e-44
6953.5	8.309621512179107e-44
6954.0	8.53124205802854e-44
6954.5	8.06672200715834e-44
6955.0	7.576789940853157e-44
6955.5	7.453730723565325e-44
6956.0	7.294600410890215e-44
6956.5	7.05629976679815e-44
6957.0	6.988388514401164e-44
6957.5	8.004508501471918e-44
6958.0	8.106702838142647e-44
6958.5	8.354881800946515e-44
6959.0	8.110505187664626e-44
6959.5	8.060027452006978e-44
6960.0	7.995517110279068e-44
6960.5	7.667172399707066e-44
6961.0	7.163228732384942e-44
6961.5	7.147767198572852e-44
6962.0	7.396076553407436e-44
6962.5	6.865375236806209e-44
6963.0	7.253825443234268e-44
6963.5	7.777386203705392e-44
6964.0	8.044429553872524e-44
6964.5	7.815065840109624e-44
6965.0	7.975930671183899e-44
6965.5	7.619235047378947e-44
6966.0	7.269526710057008e-44
6966.5	7.142254272122971e-44
6967.0	7.615356464997904e-44
6967.5	8.504689255892691e-44
6968.0	7.948169262560518e-44
6968.5	7.79454873768956e-44
6969.0	7.626465028473762e-44
6969.5	7.935250965021368e-44
6970.0	7.609462843075359e-44
6970.5	7.907958636480642e-44
6971.0	8.610459613959077e-44
6971.5	8.459129424547742e-44
6972.0	7.466226774254944e-44
6972.5	7.407636152928619e-44
6973.0	7.76576454051922e-44
6973.5	7.646015778884709e-44
6974.0	7.664124816026807e-44
6974.5	8.146879659709994e-44
6975.0	8.132197436945555e-44
6975.5	7.973763850512156e-44
6976.0	7.413039807882913e-44
6976.5	7.260217893081592e-44
6977.0	8.675294966884627e-44
6977.5	9.037725088905784e-44
6978.0	8.402366769922898e-44
6978.5	7.133234910749485e-44
6979.0	8.112075555907831e-44
6979.5	9.060415685337078e-44
6980.0	7.507452793490271e-44
6980.5	6.34333390975868e-44
6981.0	6.924104550064818e-44
6981.5	8.263928631313562e-44
6982.0	8.682476702632779e-44
6982.5	7.650450648789124e-44
6983.0	7.971239022319529e-44
6983.5	8.966475609945789e-44
6984.0	8.139556424308629e-44
6984.5	7.458067758331482e-44
6985.0	8.309100245843497e-44
6985.5	8.163352198136144e-44
6986.0	6.899427076645648e-44
6986.5	7.547526466287427e-44
6987.0	7.251433408683698e-44
6987.5	6.8874439162436855e-44
6988.0	8.155114233170316e-44
6988.5	7.881926322777423e-44
6989.0	7.733531984379503e-44
6989.5	7.647380513225849e-44
6990.0	8.21233635769659e-44
6990.5	7.617110790361678e-44
6991.0	8.228553562363668e-44
6991.5	7.87322655581735e-44
6992.0	6.835958207553017e-44
6992.5	7.624417755230766e-44
6993.0	7.990229216610052e-44
6993.5	7.952608823673024e-44
6994.0	7.469585736914404e-44
6994.5	7.802534428206348e-44
6995.0	8.161372767678031e-44
6995.5	7.487570259666812e-44
6996.0	7.589546209686575e-44
6996.5	7.90867391448191e-44
6997.0	7.574361765796821e-44
6997.5	7.829401673619792e-44
6998.0	7.920035539766882e-44
6998.5	8.462059058757807e-44
6999.0	8.637454345856571e-44
6999.5	8.892406126173977e-44
7000.0	8.279721210228277e-44
7000.5	7.728506211334465e-44
7001.0	7.55869178205145e-44
7001.5	8.025141368836933e-44
7002.0	8.149074783511534e-44
7002.5	7.057505691224383e-44
7003.0	7.587268386188065e-44
7003.5	8.794462943761879e-44
7004.0	8.765086487804491e-44
7004.5	7.279050672778065e-44
7005.0	7.278115025069043e-44
7005.5	7.580634145242311e-44
7006.0	7.591259833496596e-44
7006.5	7.56813668543621e-44
7007.0	8.066369148711829e-44
7007.5	8.649807566051655e-44
7008.0	8.27902335300656e-44
7008.5	6.810002894343878e-44
7009.0	6.879872081468187e-44
7009.5	7.641639543353526e-44
7010.0	7.718475257211944e-44
7010.5	8.486406055237927e-44
7011.0	7.665341259970906e-44
7011.5	6.70376839609451e-44
7012.0	7.200090673607326e-44
7012.5	7.867851612683423e-44
7013.0	8.091140407966048e-44
7013.5	8.242398984528797e-44
7014.0	7.45382057859158e-44
7014.5	7.92924218768463e-44
7015.0	7.296168658605908e-44
7015.5	7.305853077235713e-44
7016.0	8.613558554088848e-44
7016.5	8.547907706803343e-44
7017.0	8.440366917377028e-44
7017.5	7.499721090588026e-44
7018.0	6.816805389328392e-44
7018.5	7.188052761834557e-44
7019.0	7.652916446569252e-44
7019.5	7.987124230913559e-44
7020.0	7.661647937289998e-44
7020.5	7.374619482633167e-44
7021.0	7.672377120301406e-44
7021.5	7.930044868714076e-44
7022.0	7.842566026582315e-44
7022.5	7.654517511830648e-44
7023.0	7.461934642513262e-44
7023.5	8.116327418936763e-44
7024.0	7.829761144393262e-44
7024.5	7.818967011242878e-44
7025.0	8.106659875616412e-44
7025.5	7.920050197631382e-44
7026.0	7.098485800115455e-44
7026.5	6.765515996613991e-44
7027.0	7.461649386427926e-44
7027.5	7.484593324767777e-44
7028.0	7.560582016325901e-44
7028.5	7.763211335054924e-44
7029.0	7.842969500587157e-44
7029.5	8.507749867387658e-44
7030.0	8.883730869921178e-44
7030.5	8.278793573010905e-44
7031.0	7.872249241689261e-44
7031.5	7.206371781568382e-44
7032.0	7.308693059100323e-44
7032.5	7.825359375143161e-44
7033.0	7.657111363611181e-44
7033.5	7.462259531699099e-44
7034.0	8.274365059468598e-44
7034.5	8.07525735828833e-44
7035.0	7.953496188912271e-44
7035.5	8.390324423929694e-44
7036.0	8.92766193161784e-44
7036.5	8.426825580303512e-44
7037.0	8.303460846377565e-44
7037.5	7.997094829364162e-44
7038.0	7.505162493710374e-44
7038.5	7.573711156843909e-44
7039.0	7.867513423599554e-44
7039.5	7.657125575355173e-44
7040.0	8.272166016483465e-44
7040.5	7.679578529768707e-44
7041.0	7.672124448092813e-44
7041.5	8.162455519040878e-44
7042.0	7.796232577861016e-44
7042.5	6.944436312533257e-44
7043.0	6.918625584383987e-44
7043.5	8.365052126655936e-44
7044.0	7.718134911076936e-44
7044.5	6.9229684050887115e-44
7045.0	8.12172536362912e-44
7045.5	7.973851789074363e-44
7046.0	8.055566120993038e-44
7046.5	9.025992211650234e-44
7047.0	7.961900869523508e-44
7047.5	6.605932640935473e-44
7048.0	7.442990812936071e-44
7048.5	7.051206911941277e-44
7049.0	7.933968812789967e-44
7049.5	7.823646445829105e-44
7050.0	7.521217214729154e-44
7050.5	7.740191145754232e-44
7051.0	7.736454284230321e-44
7051.5	7.821808616429405e-44
7052.0	9.243404729655995e-44
7052.5	8.127136205301611e-44
7053.0	7.666232936123755e-44
7053.5	8.539389759155592e-44
7054.0	7.292444339241406e-44
7054.5	7.481288766332617e-44
7055.0	6.964074762762596e-44
7055.5	7.43663275262111e-44
7056.0	8.002541357514477e-44
7056.5	7.647505993335198e-44
7057.0	7.632996949656697e-44
7057.5	7.724668840150005e-44
7058.0	8.85824151239121e-44
7058.5	8.736500800269856e-44
7059.0	8.895143217680242e-44
7059.5	8.894431635145282e-44
7060.0	7.747400506095013e-44
7060.5	7.367804024725163e-44
7061.0	7.541495112307626e-44
7061.5	7.724769352597092e-44
7062.0	7.589557563487297e-44
7062.5	7.402889584862216e-44
7063.0	7.945098123512925e-44
7063.5	8.327227547292987e-44
7064.0	8.710484793717212e-44
7064.5	8.40205770626766e-44
7065.0	7.380753301342116e-44
7065.5	7.894935061332222e-44
7066.0	8.703660839460708e-44
7066.5	8.417913778200254e-44
7067.0	7.672359794804898e-44
7067.5	8.569337366208894e-44
7068.0	8.559484099038727e-44
7068.5	8.831654887623578e-44
7069.0	8.583828941747504e-44
7069.5	8.093911871615755e-44
7070.0	8.306241629949715e-44
7070.5	8.122418417016225e-44
7071.0	8.973700154874048e-44
7071.5	7.483031841202312e-44
7072.0	7.116202526285187e-44
7072.5	8.479266476786782e-44
7073.0	7.414352993607473e-44
7073.5	7.650762845351548e-44
7074.0	7.152918801346167e-44
7074.5	6.732056014009443e-44
7075.0	8.659497143906856e-44
7075.5	8.562742607942339e-44
7076.0	8.392079668423094e-44
7076.5	8.172856890111785e-44
7077.0	8.821640498707056e-44
7077.5	7.645876611228933e-44
7078.0	7.822029359729598e-44
7078.5	8.613236142059728e-44
7079.0	8.700974702523093e-44
7079.5	8.848393582600205e-44
7080.0	8.754022850353686e-44
7080.5	8.956835514675063e-44
7081.0	8.147135676308495e-44
7081.5	7.416819766468136e-44
7082.0	7.707472629477587e-44
7082.5	8.66022632820693e-44
7083.0	8.169640764237683e-44
7083.5	8.083878714139042e-44
7084.0	7.665878335520804e-44
7084.5	7.910784866603734e-44
7085.0	8.310682011295795e-44
7085.5	8.830099936386934e-44
7086.0	8.829951805948658e-44
7086.5	8.241584995972099e-44
7087.0	7.396698326674409e-44
7087.5	7.464314302376267e-44
7088.0	8.677519972686521e-44
7088.5	8.53628202808793e-44
7089.0	7.683606787923555e-44
7089.5	7.770920885243918e-44
7090.0	7.695040028976662e-44
7090.5	8.834511418908679e-44
7091.0	8.46097371137981e-44
7091.5	7.370170919734357e-44
7092.0	8.197501265576757e-44
7092.5	8.153862326318274e-44
7093.0	8.279096635162485e-44
7093.5	7.353873354963928e-44
7094.0	8.382790498578501e-44
7094.5	8.440059863182288e-44
7095.0	7.745300108477519e-44
7095.5	7.540895478019775e-44
7096.0	8.034816354494683e-44
7096.5	8.40322280418403e-44
7097.0	8.238069133432075e-44
7097.5	8.329564085936321e-44
7098.0	7.789111654360108e-44
7098.5	7.306835743599871e-44
7099.0	8.72682069265485e-44
7099.5	7.940687735779277e-44
7100.0	8.024857991720244e-44
7100.5	8.030264269052247e-44
7101.0	8.123979691804138e-44
7101.5	8.349623396809947e-44
7102.0	8.642344702593268e-44
7102.5	8.36891997074974e-44
7103.0	8.047079614969464e-44
7103.5	7.776398608296107e-44
7104.0	8.043504551620655e-44
7104.5	8.485822581140697e-44
7105.0	8.372529094091887e-44
7105.5	8.099110508702797e-44
7106.0	7.67044219474289e-44
7106.5	7.506572197313246e-44
7107.0	8.421188449537204e-44
7107.5	8.614319212503691e-44
7108.0	8.893999787139917e-44
7108.5	8.093894654649928e-44
7109.0	7.499789824153651e-44
7109.5	8.068717499100877e-44
7110.0	8.395787830755857e-44
7110.5	8.001134708356709e-44
7111.0	8.435749361046495e-44
7111.5	8.684271018373792e-44
7112.0	8.849086204886886e-44
7112.5	8.948346126861462e-44
7113.0	8.153841758832372e-44
7113.5	8.405906689796202e-44
7114.0	9.213594313724255e-44
7114.5	9.258378768349327e-44
7115.0	9.099503483356632e-44
7115.5	9.188066597490486e-44
7116.0	9.599963136975862e-44
7116.5	1.0090750840231983e-43
7117.0	9.47166439101039e-44
7117.5	9.589652319283973e-44
7118.0	9.298491754719083e-44
7118.5	9.197500418649797e-44
7119.0	1.0934398869128766e-43
7119.5	1.0315526656434713e-43
7120.0	1.0991726498490381e-43
7120.5	1.078699863289272e-43
7121.0	1.0440720796412606e-43
7121.5	1.1977180183315267e-43
7122.0	1.2437785911483584e-43
7122.5	1.4010649457954213e-43
7123.0	1.5588255813832464e-43
7123.5	1.825608589346513e-43
7124.0	2.033436609003482e-43
7124.5	2.3099141038109813e-43
7125.0	2.5436802226137443e-43
7125.5	2.6188007208182372e-43
7126.0	2.491295206609489e-43
7126.5	2.348188002812872e-43
7127.0	2.075051733594797e-43
7127.5	1.7468664309193523e-43
7128.0	1.4494277465310829e-43
7128.5	1.1681834790644525e-43
7129.0	1.2051115018635707e-43
7129.5	1.2074456230982518e-43
7130.0	1.0316417462121038e-43
7130.5	8.978092118788285e-44
7131.0	9.45768041086405e-44
7131.5	9.534949895920919e-44
7132.0	9.106342402996363e-44
7132.5	9.454594958078894e-44
7133.0	8.735563347908882e-44
7133.5	8.413273477035066e-44
7134.0	8.087065266248863e-44
7134.5	8.484079417924299e-44
7135.0	8.645044376112942e-44
7135.5	8.68775634724641e-44
7136.0	8.523577964203737e-44
7136.5	8.521317394033727e-44
7137.0	9.063635511420846e-44
7137.5	9.798546324855051e-44
7138.0	1.013241727848402e-43
7138.5	8.784105815102431e-44
7139.0	8.674904215643337e-44
7139.5	9.121652156420428e-44
7140.0	7.50800353382634e-44
7140.5	7.556618436409366e-44
7141.0	7.867298342570667e-44
7141.5	8.269411800050455e-44
7142.0	8.378873704357353e-44
7142.5	8.178443556078366e-44
7143.0	7.270871694820627e-44
7143.5	7.294782382865741e-44
7144.0	8.070175893292895e-44
7144.5	8.129686851625216e-44
7145.0	7.962206836979702e-44
7145.5	8.040348693665879e-44
7146.0	8.822857883771595e-44
7146.5	8.665952256813831e-44
7147.0	8.540257400996935e-44
7147.5	7.79238630314614e-44
7148.0	9.233986278746551e-44
7148.5	1.0027025029988899e-43
7149.0	9.621881659568015e-44
7149.5	8.458063814026393e-44
7150.0	8.766365406004129e-44
7150.5	8.78991700786852e-44
7151.0	8.342207674868989e-44
7151.5	8.488563236078268e-44
7152.0	8.419008030284496e-44
7152.5	7.896016966683467e-44
7153.0	7.646923061455821e-44
7153.5	8.370726467881957e-44
7154.0	8.467696548308548e-44
7154.5	7.902422472590503e-44
7155.0	7.562339469920632e-44
7155.5	7.902555712421792e-44
7156.0	8.260447657640059e-44
7156.5	7.580648948558012e-44
7157.0	7.875790141412215e-44
7157.5	8.863554445505169e-44
7158.0	9.516015706954378e-44
7158.5	8.953831446695047e-44
7159.0	9.332900192786671e-44
7159.5	8.771897490640744e-44
7160.0	7.979515330711945e-44
7160.5	8.351122091765207e-44
7161.0	8.004648647756269e-44
7161.5	7.758330710959152e-44
7162.0	8.205618239268686e-44
7162.5	8.795514647317052e-44
7163.0	8.17422292826204e-44
7163.5	9.199235125013924e-44
7164.0	8.974038524187546e-44
7164.5	8.444891020833498e-44
7165.0	8.328361520173171e-44
7165.5	9.24878526125282e-44
7166.0	8.520584072144023e-44
7166.5	8.716436885309745e-44
7167.0	7.023915992189441e-44
7167.5	7.80428257541636e-44
7168.0	6.880114213020837e-44
7168.5	7.627421045156669e-44
7169.0	7.797922972788089e-44
7169.5	7.889665040484177e-44
7170.0	1.026217195357814e-43
7170.5	1.1269278411058587e-43
7171.0	8.885378534763304e-44
7171.5	7.556021551527607e-44
7172.0	7.546045850164065e-44
7172.5	7.926492649940119e-44
7173.0	8.916020238432562e-44
7173.5	9.29095956964493e-44
7174.0	9.209476962373764e-44
7174.5	7.714820942567445e-44
7175.0	7.792669709985243e-44
7175.5	8.291578499414352e-44
7176.0	7.453486096738211e-44
7176.5	8.377218363734358e-44
7177.0	8.378582830385468e-44
7177.5	7.145048882578588e-44
7178.0	8.344771964776656e-44
7178.5	8.179232492874212e-44
7179.0	7.849828040389424e-44
7179.5	8.718735491464884e-44
7180.0	8.216282618873702e-44
7180.5	8.407862940574182e-44
7181.0	8.348580687356481e-44
7181.5	7.788611458369566e-44
7182.0	8.119107586607688e-44
7182.5	9.104079131259632e-44
7183.0	8.680170581542318e-44
7183.5	8.35685736131332e-44
7184.0	8.580496185738157e-44
7184.5	8.002305421336366e-44
7185.0	7.538600314543408e-44
7185.5	8.134963988776186e-44
7186.0	7.596354017519845e-44
7186.5	7.42586245200958e-44
7187.0	8.542019797005857e-44
7187.5	9.00600732674878e-44
7188.0	8.986350679791306e-44
7188.5	8.569277921337688e-44
7189.0	9.212102393225047e-44
7189.5	8.986793738661196e-44
7190.0	8.675285826748721e-44
7190.5	8.633941267496912e-44
7191.0	9.62485824283094e-44
7191.5	8.751743567755505e-44
7192.0	8.529735367316269e-44
7192.5	8.839893125654314e-44
7193.0	8.833223848449957e-44
7193.5	9.181965731629232e-44
7194.0	9.927380186420572e-44
7194.5	8.076189004805202e-44
7195.0	8.086696079129583e-44
7195.5	8.136146965029113e-44
7196.0	8.059530877925572e-44
7196.5	9.093065053712486e-44
7197.0	8.234663467255419e-44
7197.5	8.087375500971987e-44
7198.0	8.079432688770441e-44
7198.5	8.468741157828673e-44
7199.0	8.711630278140932e-44
7199.5	8.361819827241927e-44
7200.0	8.713344291276565e-44
7200.5	9.116605557181538e-44
7201.0	8.457061725559941e-44
7201.5	9.155639809933506e-44
7202.0	8.001518242146438e-44
7202.5	7.14568310360513e-44
7203.0	7.532178072725164e-44
7203.5	7.868126987096999e-44
7204.0	7.21103037698786e-44
7204.5	7.587143799392616e-44
7205.0	8.589702863511707e-44
7205.5	9.245228730088498e-44
7206.0	9.4784214974824e-44
7206.5	8.470938194319763e-44
7207.0	7.9205277100398245e-44
7207.5	7.381483720481097e-44
7208.0	7.694004768548201e-44
7208.5	9.112404793066297e-44
7209.0	8.126685626716033e-44
7209.5	7.737808528522231e-44
7210.0	9.387748305802477e-44
7210.5	9.227210526141588e-44
7211.0	8.712606661530481e-44
7211.5	1.038385163954407e-43
7212.0	9.064794065100897e-44
7212.5	9.212282454433393e-44
7213.0	9.387295217851386e-44
7213.5	9.092889527631083e-44
7214.0	8.955225691118431e-44
7214.5	8.598023341621249e-44
7215.0	8.166653607632614e-44
7215.5	9.222882989929763e-44
7216.0	8.345312055547579e-44
7216.5	7.391521779919367e-44
7217.0	8.074715146752988e-44
7217.5	8.56164292032458e-44
7218.0	8.915960192803821e-44
7218.5	7.484388439553495e-44
7219.0	8.259082446127017e-44
7219.5	9.101070016210187e-44
7220.0	8.527505931067896e-44
7220.5	8.493557649545805e-44
7221.0	8.23629667664824e-44
7221.5	9.36711360430332e-44
7222.0	9.401150329445203e-44
7222.5	9.732002506813042e-44
7223.0	8.365302296961549e-44
7223.5	7.122093287446735e-44
7224.0	8.298169406757283e-44
7224.5	8.656382916274622e-44
7225.0	9.462176997334483e-44
7225.5	9.385497268391797e-44
7226.0	1.003296308527748e-43
7226.5	9.28193560038814e-44
7227.0	9.56383136525559e-44
7227.5	9.563479192850305e-44
7228.0	9.22591784224239e-44
7228.5	9.306051157940645e-44
7229.0	7.921069495333391e-44
7229.5	7.952937859239315e-44
7230.0	9.23057860578475e-44
7230.5	9.192862544659836e-44
7231.0	8.838122845710031e-44
7231.5	9.56980336715053e-44
7232.0	9.210987827365194e-44
7232.5	9.370453502878988e-44
7233.0	8.837470850592292e-44
7233.5	9.41121732166901e-44
7234.0	9.986142741316216e-44
7234.5	9.447732771920556e-44
7235.0	8.853483744554605e-44
7235.5	8.686529473317195e-44
7236.0	9.167204968765801e-44
7236.5	9.533576897664084e-44
7237.0	9.7073729670897e-44
7237.5	9.334617884049416e-44
7238.0	8.842210341643534e-44
7238.5	9.257709807430273e-44
7239.0	9.97423954644822e-44
7239.5	9.826422055892888e-44
7240.0	1.0051385252333422e-43
7240.5	9.814122014301174e-44
7241.0	8.321861688229745e-44
7241.5	8.710823805696463e-44
7242.0	8.825799348002406e-44
7242.5	8.260173223724852e-44
7243.0	9.572677328139991e-44
7243.5	8.697303775012877e-44
7244.0	8.655189532257026e-44
7244.5	8.310437219253936e-44
7245.0	9.341398054219632e-44
7245.5	9.447460860902944e-44
7246.0	9.884465531255675e-44
7246.5	9.290125210450162e-44
7247.0	8.595680444155606e-44
7247.5	8.673704020398673e-44
7248.0	9.637848396751722e-44
7248.5	1.0289106598302732e-43
7249.0	9.791065472698756e-44
7249.5	9.499008848358946e-44
7250.0	9.459183021478632e-44
7250.5	9.645100038138304e-44
7251.0	9.74764466757842e-44
7251.5	9.337533950114882e-44
7252.0	9.418750103321011e-44
7252.5	9.818331987082792e-44
7253.0	9.760740487690335e-44
7253.5	1.054435223014574e-43
7254.0	9.276637858298684e-44
7254.5	1.0267060525575216e-43
7255.0	9.082613846812966e-44
7255.5	8.854187062936756e-44
7256.0	9.284339646690215e-44
7256.5	9.671031681198132e-44
7257.0	8.911717097743382e-44
7257.5	8.497987092925111e-44
7258.0	8.327989747699298e-44
7258.5	1.0257816110906407e-43
7259.0	9.270362431999024e-44
7259.5	9.736821506569323e-44
7260.0	8.793836329055016e-44
7260.5	9.337808340638261e-44
7261.0	1.0143307549611647e-43
7261.5	9.903005127097396e-44
7262.0	9.251365221527199e-44
7262.5	9.330203562737675e-44
7263.0	1.0006354064099203e-43
7263.5	1.022820848546926e-43
7264.0	1.0364908552211e-43
7264.5	1.0840304640474475e-43
7265.0	1.092439311929225e-43
7265.5	1.082735751973664e-43
7266.0	9.916018394071644e-44
7266.5	1.0054605820032906e-43
7267.0	1.1179892821533868e-43
7267.5	1.0956699662069716e-43
7268.0	1.0741336285209118e-43
7268.5	1.1296930825142606e-43
7269.0	9.165569174994539e-44
7269.5	9.87464973100822e-44
7270.0	1.0269760035377903e-43
7270.5	9.35595018217315e-44
7271.0	9.834563940078608e-44
7271.5	9.866502121696595e-44
7272.0	1.0196636556530053e-43
7272.5	1.0535370856448219e-43
7273.0	9.925403313778184e-44
7273.5	9.405196682794007e-44
7274.0	9.920102806443452e-44
7274.5	1.0568788014289823e-43
7275.0	1.0922008083916644e-43
7275.5	1.1372506651697331e-43
7276.0	1.1061634306333157e-43
7276.5	1.0983276763967404e-43
7277.0	1.2026150201852216e-43
7277.5	1.2221481551418738e-43
7278.0	1.2056706125629939e-43
7278.5	1.3472585489474012e-43
7279.0	1.3352672210657759e-43
7279.5	1.4509311436134519e-43
7280.0	1.2420377969956373e-43
7280.5	1.2439392063514614e-43
7281.0	1.3437929957429804e-43
7281.5	1.1901546320861594e-43
7282.0	1.2323891440473933e-43
7282.5	1.3933134202030553e-43
7283.0	1.5592080059884993e-43
7283.5	1.211515468244697e-43
7284.0	1.26258215069754e-43
7284.5	1.4678062945739814e-43
7285.0	1.4904256351379184e-43
7285.5	1.3490624523800154e-43
7286.0	1.3614221418893244e-43
7286.5	1.4620813045586412e-43
7287.0	1.4588869344371627e-43
7287.5	1.4528723662535545e-43
7288.0	1.6791300357900682e-43
7288.5	1.61141185076108e-43
7289.0	1.652786956845185e-43
7289.5	1.7524603952786747e-43
7290.0	1.7623764398945112e-43
7290.5	1.616668817608541e-43
7291.0	1.847484293695153e-43
7291.5	1.90502067481456e-43
7292.0	2.0434955749584353e-43
7292.5	2.127007072002957e-43
7293.0	2.1095236923111204e-43
7293.5	2.3453929523391075e-43
7294.0	2.677289854093205e-43
7294.5	2.573223108757611e-43
7295.0	2.429707155712739e-43
7295.5	2.5811852620589875e-43
7296.0	2.6304839785845075e-43
7296.5	2.609245504819658e-43
7297.0	2.9329681840814286e-43
7297.5	2.8669401854893605e-43
7298.0	3.0453259768304406e-43
7298.5	3.4242927447657e-43
7299.0	3.5817311250027687e-43
7299.5	4.355771615046497e-43
7300.0	4.416760701763721e-43
7300.5	4.474509572864919e-43
7301.0	4.273269417367849e-43
7301.5	4.786773499924442e-43
7302.0	5.0715175595049905e-43
7302.5	4.932265492348333e-43
7303.0	5.1617801604626676e-43
7303.5	4.558889175898932e-43
7304.0	4.403438692367235e-43
7304.5	3.6497269832173535e-43
7305.0	4.063822966203211e-43
7305.5	4.06526323687095e-43
7306.0	3.5686021025904792e-43
7306.5	3.864350974799401e-43
7307.0	3.85245934714852e-43
7307.5	3.5075695481294494e-43
7308.0	3.2928623667786497e-43
7308.5	2.641226832464763e-43
7309.0	2.6945787615883022e-43
7309.5	3.070427514162221e-43
7310.0	2.7719690350592677e-43
7310.5	2.622505280802737e-43
7311.0	2.637209537333251e-43
7311.5	2.5825269250691588e-43
7312.0	2.5675209710977413e-43
7312.5	2.3411588450503477e-43
7313.0	2.184986517150834e-43
7313.5	2.270863515007205e-43
7314.0	2.1440374361781392e-43
7314.5	2.1689821815916325e-43
7315.0	2.01004985331062e-43
7315.5	1.7752739771697092e-43
7316.0	1.7051650356820532e-43
7316.5	1.896616430677443e-43
7317.0	1.803005147081526e-43
7317.5	1.6935120590623925e-43
7318.0	1.5034039631217296e-43
7318.5	1.3947001503097711e-43
7319.0	1.6229847155536267e-43
7319.5	1.6583236233298409e-43
7320.0	1.3367824762013025e-43
7320.5	1.3579810983419293e-43
7321.0	1.4157663182427233e-43
7321.5	1.3348284229393113e-43
7322.0	1.2134272773935704e-43
7322.5	1.3171937241622324e-43
7323.0	1.4637820427879685e-43
7323.5	1.4028181967812646e-43
7324.0	1.2989182430674749e-43
7324.5	1.3645366795522046e-43
7325.0	1.4757152492184063e-43
7325.5	1.2719527182465678e-43
7326.0	1.2660809726447356e-43
7326.5	1.2389865149958973e-43
7327.0	1.2537721080675808e-43
7327.5	1.1658837610079587e-43
7328.0	1.1435025568543294e-43
7328.5	1.154915965579956e-43
7329.0	1.3035784418793345e-43
7329.5	1.3263552286597507e-43
7330.0	1.3180028299618096e-43
7330.5	1.142342428288245e-43
7331.0	1.070685035163786e-43
7331.5	1.2623592975086152e-43
7332.0	1.2234420744517774e-43
7332.5	9.561933515165355e-44
7333.0	1.0837442582725046e-43
7333.5	1.0147350125348875e-43
7334.0	1.0822950598668519e-43
7334.5	1.2473647583361018e-43
7335.0	1.3681604261683854e-43
7335.5	1.2761697344166276e-43
7336.0	1.1920709212109919e-43
7336.5	1.126100386414918e-43
7337.0	1.1249512186415604e-43
7337.5	1.0894615212900751e-43
7338.0	9.796217089232624e-44
7338.5	1.0437097118065233e-43
7339.0	1.2471410109136812e-43
7339.5	1.1025536935971104e-43
7340.0	1.060629966448409e-43
7340.5	1.017245584342647e-43
7341.0	1.0066109468340653e-43
7341.5	1.1275775866518025e-43
7342.0	1.0385834219962212e-43
7342.5	1.02142837726966e-43
7343.0	1.010208353461251e-43
7343.5	9.933414604407901e-44
7344.0	1.1188303107371984e-43
7344.5	1.1394448758766786e-43
7345.0	1.0119465389092964e-43
7345.5	9.720082792155922e-44
7346.0	1.0777200961794683e-43
7346.5	1.0504093708492273e-43
7347.0	1.1031533013244948e-43
7347.5	1.0982716214083924e-43
7348.0	1.0506993259369632e-43
7348.5	1.0497264479546546e-43
7349.0	1.062985161287434e-43
7349.5	1.0485736003398783e-43
7350.0	1.0085808903717505e-43
7350.5	9.411250975401883e-44
7351.0	9.728311059193381e-44
7351.5	1.052963478555332e-43
7352.0	1.1564529134078336e-43
7352.5	9.472370042827401e-44
7353.0	9.65513836215788e-44
7353.5	9.508900607200708e-44
7354.0	9.736314221724314e-44
7354.5	1.012421321797586e-43
7355.0	8.813401249175511e-44
7355.5	8.726538814075836e-44
7356.0	9.415454742095802e-44
7356.5	1.016164418452871e-43
7357.0	1.0141057676668171e-43
7357.5	1.0084435414688895e-43
7358.0	9.080413696624746e-44
7358.5	1.0155957264240136e-43
7359.0	1.0388974225575802e-43
7359.5	9.147180959724787e-44
7360.0	9.119983548032524e-44
7360.5	9.51697462242125e-44
7361.0	1.0169132421257904e-43
7361.5	1.1778949311077875e-43
7362.0	1.126280042275347e-43
7362.5	1.084607361830621e-43
7363.0	1.0592550338529795e-43
7363.5	9.473884375088782e-44
7364.0	9.81328682820924e-44
7364.5	9.495610248894457e-44
7365.0	9.753252057205403e-44
7365.5	1.0242955035277952e-43
7366.0	8.94044742125547e-44
7366.5	9.552400114419632e-44
7367.0	1.0704761215555187e-43
7367.5	9.860099387138217e-44
7368.0	9.731416654976952e-44
7368.5	9.844565570902038e-44
7369.0	9.684944276668619e-44
7369.5	9.265869596278569e-44
7370.0	1.0878325141404986e-43
7370.5	1.0908526396951324e-43
7371.0	9.950066892084847e-44
7371.5	1.0255562315917486e-43
7372.0	1.0412335687059921e-43
7372.5	1.0728428779724033e-43
7373.0	1.0829943992679343e-43
7373.5	1.0905473730668016e-43
7374.0	1.0257981982263736e-43
7374.5	9.6924115864422e-44
7375.0	9.923869902966386e-44
7375.5	1.0315952854336358e-43
7376.0	9.723733252104854e-44
7376.5	9.460381177154796e-44
7377.0	1.0558464595364266e-43
7377.5	1.1094847296554382e-43
7378.0	9.915686633859334e-44
7378.5	1.0882232895878479e-43
7379.0	1.1154297142413404e-43
7379.5	8.73845703894495e-44
7380.0	8.284839773556499e-44
7380.5	9.215063068473911e-44
7381.0	8.764593132694026e-44
7381.5	1.0004699293136743e-43
7382.0	9.865041852809195e-44
7382.5	1.090618430894234e-43
7383.0	9.878152767640362e-44
7383.5	8.538124886404801e-44
7384.0	8.910341289732556e-44
7384.5	8.999557543207581e-44
7385.0	1.0471563567548374e-43
7385.5	1.0134143151875429e-43
7386.0	1.0443276304304782e-43
7386.5	1.1599724117671744e-43
7387.0	1.026134278449309e-43
7387.5	1.0731778187889823e-43
7388.0	1.133212413602738e-43
7388.5	9.681836832563234e-44
7389.0	8.621259839179602e-44
7389.5	1.0351781019203272e-43
7390.0	9.75942634422472e-44
7390.5	8.746013385153047e-44
7391.0	1.0048241580184932e-43
7391.5	8.72910084173299e-44
7392.0	8.363935517739495e-44
7392.5	9.156278156141756e-44
7393.0	1.0274394701060606e-43
7393.5	1.0170537827617e-43
7394.0	1.0385119236432007e-43
7394.5	9.975373789723093e-44
7395.0	1.0675809603629032e-43
7395.5	9.676057872829485e-44
7396.0	9.639017896458024e-44
7396.5	9.684725197100608e-44
7397.0	1.0280253900991512e-43
7397.5	1.0497215766466163e-43
7398.0	1.0370633460998408e-43
7398.5	1.0906270469805713e-43
7399.0	9.550433323515083e-44
7399.5	9.259964494918854e-44
7400.0	1.0534330139326894e-43
7400.5	1.0086027651627687e-43
7401.0	9.421675853485999e-44
7401.5	9.858502460524719e-44
7402.0	1.0956047344079305e-43
7402.5	1.0574200729792556e-43
7403.0	1.1006748664518648e-43
7403.5	1.1872194299649194e-43
7404.0	1.0558418218835084e-43
7404.5	1.0271435225671875e-43
7405.0	1.0931442125709622e-43
7405.5	1.0742411233487534e-43
7406.0	1.0241196914592621e-43
7406.5	9.284620936082738e-44
7407.0	9.22330680347432e-44
7407.5	8.810051336482699e-44
7408.0	9.185487003116003e-44
7408.5	9.352473887960258e-44
7409.0	9.719447292169724e-44
7409.5	9.197708562804118e-44
7410.0	9.587543014976615e-44
7410.5	9.67795818543484e-44
7411.0	9.221476791615372e-44
7411.5	1.017953803961368e-43
7412.0	1.0417230930374844e-43
7412.5	9.261209634621225e-44
7413.0	9.327942058615556e-44
7413.5	8.933147702328054e-44
7414.0	8.455499290528221e-44
7414.5	1.0158871717774467e-43
7415.0	1.0289404060305416e-43
7415.5	1.1316501621339142e-43
7416.0	1.1301374979582112e-43
7416.5	9.338038445267274e-44
7417.0	9.12801648573993e-44
7417.5	9.200362504213668e-44
7418.0	9.70038824371284e-44
7418.5	1.0038816738790495e-43
7419.0	9.964723638722355e-44
7419.5	1.6029340567214023e-43
7420.0	1.7174524628158e-43
7420.5	9.836427309914964e-44
7421.0	9.816025499156323e-44
7421.5	8.647810167483936e-44
7422.0	9.566090730759092e-44
7422.5	1.047577105647135e-43
7423.0	9.678619560253286e-44
7423.5	9.145096971707934e-44
7424.0	9.661954140169806e-44
7424.5	1.243268773847064e-43
7425.0	1.346626604687799e-43
7425.5	1.015712223786005e-43
7426.0	9.25922928850838e-44
7426.5	8.384537259549509e-44
7427.0	8.982653011180407e-44
7427.5	1.1090736187349368e-43
7428.0	1.0608639371199347e-43
7428.5	9.807777189129502e-44
7429.0	1.0235418440739647e-43
7429.5	9.579196822663664e-44
7430.0	9.494449979070087e-44
7430.5	1.050106660584188e-43
7431.0	1.0118834714923788e-43
7431.5	9.248222356215412e-44
7432.0	9.055206306888103e-44
7432.5	9.059144608557926e-44
7433.0	1.002831277179202e-43
7433.5	1.0083310325871396e-43
7434.0	1.0169486875835523e-43
7434.5	9.492317516764503e-44
7435.0	1.0286515003705182e-43
7435.5	1.0295884022224644e-43
7436.0	1.0681861711765594e-43
7436.5	1.0951303189405999e-43
7437.0	9.736840098158167e-44
7437.5	8.934915441497398e-44
7438.0	9.218317236444246e-44
7438.5	9.225770239287389e-44
7439.0	8.984893842411396e-44
7439.5	9.461382155457568e-44
7440.0	9.865735295144623e-44
7440.5	9.675631916079962e-44
7441.0	1.0498452228068742e-43
7441.5	1.1179915253318961e-43
7442.0	1.0218472665904877e-43
7442.5	9.964357793054683e-44
7443.0	1.0338911078394509e-43
7443.5	1.0169171516319984e-43
7444.0	9.814379456162748e-44
7444.5	1.021884847150538e-43
7445.0	1.1367240450110248e-43
7445.5	1.1585875913589542e-43
7446.0	1.1401613043100472e-43
7446.5	1.0984238398152138e-43
7447.0	9.40661649620538e-44
7447.5	8.711820296106159e-44
7448.0	1.0182946453307135e-43
7448.5	1.2234489392798193e-43
7449.0	1.0429608153796952e-43
7449.5	1.0197649342454098e-43
7450.0	1.070996784217725e-43
7450.5	9.44136429121884e-44
7451.0	9.268880664833898e-44
7451.5	8.777437606230731e-44
7452.0	9.398653291374213e-44
7452.5	1.016152868325018e-43
7453.0	1.1385300317784275e-43
7453.5	1.0162618263674001e-43
7454.0	1.007853210298693e-43
7454.5	1.0145803083594703e-43
7455.0	9.369009296653891e-44
7455.5	1.0531427542987912e-43
7456.0	1.2443283660200357e-43
7456.5	1.1057495068020174e-43
7457.0	9.677735827188339e-44
7457.5	9.439760457866546e-44
7458.0	1.0672501772844118e-43
7458.5	1.0205792548430277e-43
7459.0	9.419967619772235e-44
7459.5	9.634056100103736e-44
7460.0	1.0909281240010537e-43
7460.5	1.0120836836569571e-43
7461.0	9.876234786251563e-44
7461.5	8.642165807797101e-44
7462.0	8.394018540365008e-44
7462.5	1.0214706255149962e-43
7463.0	9.73324221918848e-44
7463.5	9.608340406466604e-44
7464.0	9.611534272779497e-44
7464.5	9.247538243448842e-44
7465.0	9.194113659044513e-44
7465.5	9.848874584345582e-44
7466.0	9.920162679518855e-44
7466.5	9.456768701974563e-44
7467.0	9.093801869705255e-44
7467.5	9.63791224794198e-44
7468.0	1.0116056584810203e-43
7468.5	1.0016374783456787e-43
7469.0	8.75819451068162e-44
7469.5	8.411655442576049e-44
7470.0	8.633841549484079e-44
7470.5	9.880315547752019e-44
7471.0	9.904862596822275e-44
7471.5	9.38727209668208e-44
7472.0	1.0461981894750188e-43
7472.5	1.113797614682011e-43
7473.0	9.565836372376927e-44
7473.5	9.16593630873176e-44
7474.0	8.986708993741711e-44
7474.5	9.266315697331235e-44
7475.0	9.011216338118186e-44
7475.5	9.205677729488306e-44
7476.0	9.78065226369622e-44
7476.5	9.617766522512263e-44
7477.0	9.035081089367464e-44
7477.5	8.343686717095213e-44
7478.0	9.277280258572712e-44
7478.5	9.695772692637051e-44
7479.0	9.813487180453168e-44
7479.5	1.015488389759049e-43
7480.0	9.243538150092801e-44
7480.5	9.434027016392296e-44
7481.0	9.07669693788524e-44
7481.5	8.65976537882045e-44
7482.0	8.919623597526999e-44
7482.5	1.016900827489774e-43
7483.0	9.559247818497866e-44
7483.5	1.0372144331731877e-43
7484.0	1.008506624601518e-43
7484.5	9.671545482299396e-44
7485.0	9.831043703991043e-44
7485.5	9.608248265656547e-44
7486.0	9.397933190496659e-44
7486.5	1.0819270687939489e-43
7487.0	1.0849783623537511e-43
7487.5	9.994074822963194e-44
7488.0	9.664254078714333e-44
7488.5	9.150368103090075e-44
7489.0	8.660919039500489e-44
7489.5	8.854598885356408e-44
7490.0	9.06434069491014e-44
7490.5	9.864201268661657e-44
7491.0	9.971894153260495e-44
7491.5	9.808436078331329e-44
7492.0	1.1080214623330037e-43
7492.5	1.1194032722006482e-43
7493.0	1.0812091316831122e-43
7493.5	9.686457927988711e-44
7494.0	9.447057835605906e-44
7494.5	9.996297241522813e-44
7495.0	1.021360369618176e-43
7495.5	9.721286703101707e-44
7496.0	8.707874957073067e-44
7496.5	1.0050480270022398e-43
7497.0	9.612356438521354e-44
7497.5	1.0397944763664967e-43
7498.0	1.0023680722256113e-43
7498.5	8.962868693313203e-44
7499.0	9.184813566938287e-44
7499.5	9.764072981347603e-44
7500.0	1.0932865223762895e-43
7500.5	1.0782201743605726e-43
7501.0	9.538187715831418e-44
7501.5	8.386666984625812e-44
7502.0	8.686027030221553e-44
7502.5	8.741564118590862e-44
7503.0	9.680892071760607e-44
7503.5	9.27703763063116e-44
7504.0	1.0397826184881088e-43
7504.5	1.0805335705171309e-43
7505.0	9.578099513939592e-44
7505.5	8.531592844419342e-44
7506.0	9.543708246445928e-44
7506.5	9.847997909000252e-44
7507.0	9.871963108954214e-44
7507.5	9.138492548876304e-44
7508.0	9.139869613330387e-44
7508.5	1.0111708588318934e-43
7509.0	1.1265062884091193e-43
7509.5	1.0457611523389822e-43
7510.0	9.406462238584106e-44
7510.5	1.0760179845761636e-43
7511.0	1.0099646910911109e-43
7511.5	1.0083052699322774e-43
7512.0	1.0225467103466039e-43
7512.5	9.813326259650982e-44
7513.0	9.188707520298756e-44
7513.5	1.062383013575217e-43
7514.0	1.049404863841491e-43
7514.5	1.0052529334218598e-43
7515.0	1.0635561095589254e-43
7515.5	9.773349294522227e-44
7516.0	9.529865174838364e-44
7516.5	9.94986250205755e-44
7517.0	1.0753675103938002e-43
7517.5	9.715297374890638e-44
7518.0	9.040879154391372e-44
7518.5	9.562218903300338e-44
7519.0	1.0148390557053274e-43
7519.5	9.815939582004509e-44
7520.0	1.0664123073660157e-43
7520.5	1.1767191460176633e-43
7521.0	1.0312140242941037e-43
7521.5	1.0145947993094273e-43
7522.0	1.008205255569085e-43
7522.5	1.031192101964445e-43
7523.0	9.66532880974351e-44
7523.5	1.0215861169844806e-43
7524.0	1.0203295721715652e-43
7524.5	9.983569210726823e-44
7525.0	9.97343118501408e-44
7525.5	9.319824726163898e-44
7526.0	9.731913588372322e-44
7526.5	1.0462625356307542e-43
7527.0	1.0676397459281233e-43
7527.5	1.0570837719598123e-43
7528.0	1.0876156059067222e-43
7528.5	1.146996558915274e-43
7529.0	1.0541086591525347e-43
7529.5	1.0022987116208057e-43
7530.0	9.956689291161152e-44
7530.5	9.942471987315928e-44
7531.0	9.94015220411658e-44
7531.5	9.520976309152586e-44
7532.0	9.981320097899196e-44
7532.5	8.534510915503346e-44
7533.0	9.951364878432667e-44
7533.5	1.0306104368423796e-43
7534.0	9.705460961741876e-44
7534.5	1.0111293926608383e-43
7535.0	1.0200326237480924e-43
7535.5	9.774501423676064e-44
7536.0	1.0182723239575159e-43
7536.5	1.1159966851280887e-43
7537.0	1.1510122986403724e-43
7537.5	1.1878982790830237e-43
7538.0	1.0478036723067046e-43
7538.5	8.664093157564967e-44
7539.0	9.444023085297598e-44
7539.5	1.1283084582624544e-43
7540.0	1.0893392494999776e-43
7540.5	9.648714903246152e-44
7541.0	9.587909069653587e-44
7541.5	9.576243983541457e-44
7542.0	8.948520315511727e-44
7542.5	8.454232919956262e-44
7543.0	7.93162037768158e-44
7543.5	9.758837937368355e-44
7544.0	9.943958740434004e-44
7544.5	9.306002474865562e-44
7545.0	1.0693129814232947e-43
7545.5	1.0609067102588977e-43
7546.0	9.74277927235567e-44
7546.5	9.701533671962723e-44
7547.0	1.0423358105107552e-43
7547.5	8.883284403789248e-44
7548.0	8.138542579809192e-44
7548.5	8.904669648413605e-44
7549.0	9.007996553498972e-44
7549.5	9.5630721314825e-44
7550.0	1.100017193939335e-43
7550.5	1.147386237343101e-43
7551.0	1.0221808305437569e-43
7551.5	8.625090197374152e-44
7552.0	1.029384968417246e-43
7552.5	1.033772044513803e-43
7553.0	8.671727887801966e-44
7553.5	9.230134739886062e-44
7554.0	1.0653971536769274e-43
7554.5	1.099441361870288e-43
7555.0	1.0634173861613415e-43
7555.5	9.867730532560006e-44
7556.0	9.996435672838371e-44
7556.5	9.220439296469178e-44
7557.0	9.11406145331057e-44
7557.5	1.0116549729397237e-43
7558.0	9.72220368123454e-44
7558.5	1.0399611137992438e-43
7559.0	1.0316554458769002e-43
7559.5	1.1317079534746166e-43
7560.0	1.2029007385052574e-43
7560.5	1.0089319697536251e-43
7561.0	9.850948410404546e-44
7561.5	1.0818188172026377e-43
7562.0	9.824425843787186e-44
7562.5	1.0299792795069954e-43
7563.0	1.0425452166935023e-43
7563.5	1.0105658981465667e-43
7564.0	9.70181185778794e-44
7564.5	9.52918304724809e-44
7565.0	9.498214650367806e-44
7565.5	1.0502244043132835e-43
7566.0	1.1029165405591608e-43
7566.5	1.0014163527308476e-43
7567.0	1.0025105041127627e-43
7567.5	1.068328712470426e-43
7568.0	9.687716470542481e-44
7568.5	8.89525329205017e-44
7569.0	9.247368148668158e-44
7569.5	9.464015958235293e-44
7570.0	9.854053812899312e-44
7570.5	8.60763035472188e-44
7571.0	9.080441069274799e-44
7571.5	9.995217636397278e-44
7572.0	9.789218439497227e-44
7572.5	1.0171763409151963e-43
7573.0	1.0008967973958405e-43
7573.5	1.0128778994250088e-43
7574.0	1.0094965625700731e-43
7574.5	9.151466878876427e-44
7575.0	1.0524421233227763e-43
7575.5	1.072860564299166e-43
7576.0	1.0137278869729166e-43
7576.5	8.812412956533813e-44
7577.0	9.408684634846996e-44
7577.5	9.563876774543594e-44
7578.0	9.372777144667764e-44
7578.5	1.0180475608157362e-43
7579.0	1.070481040937515e-43
7579.5	1.0250474451357909e-43
7580.0	1.033934084546412e-43
7580.5	1.0765317676865643e-43
7581.0	1.6251760848522466e-43
7581.5	1.3776848030861019e-43
7582.0	1.1163371178944587e-43
7582.5	1.0380161139117043e-43
7583.0	1.0385725619809916e-43
7583.5	9.051043099343844e-44
7584.0	9.341028810856722e-44
7584.5	9.888632069799637e-44
7585.0	1.0472316176810986e-43
7585.5	1.1420081776985635e-43
7586.0	1.053242799483104e-43
7586.5	1.0308252482478567e-43
7587.0	9.768694977710957e-44
7587.5	9.882987015846526e-44
7588.0	9.193317422081052e-44
7588.5	9.792439428145725e-44
7589.0	1.0229572275138063e-43
7589.5	1.0892642625880935e-43
7590.0	1.1110811848411469e-43
7590.5	1.0505190254514743e-43
7591.0	1.023769210422265e-43
7591.5	1.0022767706629199e-43
7592.0	9.801651535683132e-44
7592.5	1.0237489168725873e-43
7593.0	1.0586910814049393e-43
7593.5	1.1074619442461802e-43
7594.0	1.0767654174392277e-43
7594.5	1.1648535266842313e-43
7595.0	1.1316565014009322e-43
7595.5	1.0749174916176506e-43
7596.0	1.1033598684265617e-43
7596.5	1.091479704222158e-43
7597.0	1.1129742660010202e-43
7597.5	9.055504085560923e-44
7598.0	8.824038172564546e-44
7598.5	9.712194999804515e-44
7599.0	1.093220501896181e-43
7599.5	1.0706628793598423e-43
7600.0	1.0573075514023086e-43
7600.5	1.0720291354300988e-43
7601.0	1.074492323843435e-43
7601.5	1.192894100307184e-43
7602.0	9.517823340003367e-44
7602.5	8.673766147886313e-44
7603.0	8.332555378402705e-44
7603.5	9.676426829880835e-44
7604.0	1.1123151162638736e-43
7604.5	9.68313952375856e-44
7605.0	1.003754663386105e-43
7605.5	1.0599074733946345e-43
7606.0	1.040338835796725e-43
7606.5	1.0410775557917924e-43
7607.0	1.0272191524423736e-43
7607.5	1.263287883828919e-43
7608.0	1.2165209244193166e-43
7608.5	1.056894934047799e-43
7609.0	1.120240091159957e-43
7609.5	1.01266051701341e-43
7610.0	1.0188325215495047e-43
7610.5	9.43386852261894e-44
7611.0	9.657236164865364e-44
7611.5	1.048681907681681e-43
7612.0	9.582592817676249e-44
7612.5	1.0575861810326552e-43
7613.0	1.0918989290208336e-43
7613.5	9.975234071185508e-44
7614.0	9.904683382742782e-44
7614.5	1.0070868496003835e-43
7615.0	1.1016074945072705e-43
7615.5	1.1180978565316654e-43
7616.0	1.0474208954359617e-43
7616.5	1.0247095634751718e-43
7617.0	9.437767696615452e-44
7617.5	9.704925688525346e-44
7618.0	9.041132728816119e-44
7618.5	9.810462840179962e-44
7619.0	9.167516227034179e-44
7619.5	9.42900227231824e-44
7620.0	1.021174941038025e-43
7620.5	1.0755352100155098e-43
7621.0	9.692844914611666e-44
7621.5	9.486695930660641e-44
7622.0	1.0007139210118644e-43
7622.5	1.0111197483773229e-43
7623.0	1.2264003530656065e-43
7623.5	1.7783666613532254e-43
7624.0	1.5951677132043327e-43
7624.5	4.035370422666353e-43
7625.0	8.470025948064516e-43
7625.5	4.182051356450377e-43
7626.0	2.220916202949326e-43
7626.5	1.5154111666417098e-43
7627.0	1.1860176512437095e-43
7627.5	1.001432910128579e-43
7628.0	1.0617908661703449e-43
7628.5	1.1059546803973064e-43
7629.0	1.1212597252772514e-43
7629.5	1.2006521091168142e-43
7630.0	1.0356373999766723e-43
7630.5	9.86290930171425e-44
7631.0	9.991057570037438e-44
7631.5	9.649761940596283e-44
7632.0	9.395693924127437e-44
7632.5	9.865427079984275e-44
7633.0	1.0215310500405363e-43
7633.5	1.1847184918325445e-43
7634.0	1.1121773754300676e-43
7634.5	1.1317538268799287e-43
7635.0	1.1747246716048215e-43
7635.5	1.1260401821702051e-43
7636.0	1.1533469527887981e-43
7636.5	1.113635012374039e-43
7637.0	1.0138447772187415e-43
7637.5	1.0962648607263626e-43
7638.0	1.0386334796398842e-43
7638.5	9.96246225279613e-44
7639.0	1.0275135070475647e-43
7639.5	1.221924109181566e-43
7640.0	1.2950970821363123e-43
7640.5	1.2547147692740945e-43
7641.0	1.6552096980284827e-43
7641.5	2.214542993941389e-43
7642.0	2.6230457032082237e-43
7642.5	7.285592067936258e-43
7643.0	2.4753422984935867e-42
7643.5	2.5078958991572955e-42
7644.0	8.936530356077615e-43
7644.5	3.943417178259991e-43
7645.0	2.3750207733586717e-43
7645.5	1.9273801311185546e-43
7646.0	1.6707436979990475e-43
7646.5	1.3796214757916214e-43
7647.0	1.3999405105941564e-43
7647.5	1.4359973396274103e-43
7648.0	1.3364477617393063e-43
7648.5	1.289257881450219e-43
7649.0	1.2876243877943565e-43
7649.5	1.2535234213108783e-43
7650.0	1.1390588321351562e-43
7650.5	1.1463396610391714e-43
7651.0	1.4300247965884447e-43
7651.5	1.7287396467280988e-43
7652.0	1.4448521985898518e-43
7652.5	1.2989234619353925e-43
7653.0	1.2074119737716595e-43
7653.5	1.1166809377393343e-43
7654.0	1.2593937284602803e-43
7654.5	1.2162818169874195e-43
7655.0	1.1350187325269106e-43
7655.5	1.2425340166949845e-43
7656.0	1.1883690370253925e-43
7656.5	1.146553497437132e-43
7657.0	1.168019834959508e-43
7657.5	1.1414710253039009e-43
7658.0	1.1144257402400438e-43
7658.5	1.1071878799777162e-43
7659.0	1.156156951095365e-43
7659.5	1.1957660910076978e-43
7660.0	1.2611141009211067e-43
7660.5	1.1728371508156344e-43
7661.0	9.749780610870667e-44
7661.5	9.41819503563008e-44
7662.0	1.01553932281708e-43
7662.5	1.0795729567729172e-43
7663.0	1.3674959488334513e-43
7663.5	1.876478711831353e-43
7664.0	1.3362380388997256e-43
7664.5	1.0989712195897025e-43
7665.0	1.178753576402424e-43
7665.5	1.1848811880251154e-43
7666.0	1.1437986171182685e-43
7666.5	1.1186864335983019e-43
7667.0	1.0277480385126267e-43
7667.5	1.2589404827537128e-43
7668.0	1.1866840331093675e-43
7668.5	1.232512298101108e-43
7669.0	1.2944718098490336e-43
7669.5	2.513866850068293e-43
7670.0	2.0948601120495804e-43
7670.5	1.3442379177290481e-43
7671.0	1.1874464819944275e-43
7671.5	1.5117577012512553e-43
7672.0	1.3673144298829091e-43
7672.5	1.2033403696025735e-43
7673.0	1.0777335826387869e-43
7673.5	1.2047312868802002e-43
7674.0	1.218179150252373e-43
7674.5	1.1013949345228962e-43
7675.0	1.6674568064774117e-43
7675.5	1.5861575236428601e-43
7676.0	1.2279128148988971e-43
7676.5	1.1511470276529871e-43
7677.0	1.175932287536183e-43
7677.5	1.086645614060276e-43
7678.0	1.125039174728918e-43
7678.5	1.1391735453228778e-43
7679.0	1.0673886433586447e-43
7679.5	1.1745737308041099e-43
7680.0	1.1248322526592223e-43
7680.5	9.7332857257288e-44
7681.0	1.3698155798424398e-43
7681.5	2.0312864446304076e-43
7682.0	1.6661446673782136e-43
7682.5	1.3459668643059846e-43
7683.0	1.225909794974368e-43
7683.5	1.0683924611288183e-43
7684.0	1.1172713496194546e-43
7684.5	1.1421099142159404e-43
7685.0	1.1113914214826303e-43
7685.5	1.06122689239723e-43
7686.0	1.545693700805363e-43
7686.5	2.037600007006796e-43
7687.0	1.2041546627891619e-43
7687.5	1.286307413780048e-43
7688.0	1.3324327719831012e-43
7688.5	2.016957080181804e-43
7689.0	2.224936020513848e-43
7689.5	1.2111323941019033e-43
7690.0	1.1464816338905186e-43
7690.5	1.0546576519907757e-43
7691.0	1.0316999952623858e-43
7691.5	9.741045877905508e-44
7692.0	1.18892638361374e-43
7692.5	1.3033430978724704e-43
7693.0	1.825594743881791e-43
7693.5	2.2705974104983657e-43
7694.0	1.5804532046138827e-43
7694.5	1.3081410988049652e-43
7695.0	1.1014863762281957e-43
7695.5	1.2184131948826086e-43
7696.0	1.2098057737419629e-43
7696.5	1.1550081638173323e-43
7697.0	1.2261644559546695e-43
7697.5	1.3092166406521636e-43
7698.0	1.3152360626864531e-43
7698.5	1.0664068757517023e-43
7699.0	1.0562631549691678e-43
7699.5	1.0641676437996977e-43
7700.0	1.0625244917943304e-43
7700.5	1.1213300237243324e-43
7701.0	1.2292080865290222e-43
7701.5	1.161070627756228e-43
7702.0	1.0502904815599136e-43
7702.5	1.099977709911407e-43
7703.0	1.1077130471827373e-43
7703.5	1.0122510745521045e-43
7704.0	1.1468819156445744e-43
7704.5	1.2195905622123887e-43
7705.0	1.2143205790566643e-43
7705.5	1.0608843473816289e-43
7706.0	1.0165869987272242e-43
7706.5	1.1274998920780493e-43
7707.0	1.1178646019567452e-43
7707.5	1.0563531819257337e-43
7708.0	9.575523817091373e-44
7708.5	1.09625500192759e-43
7709.0	1.1292629493628734e-43
7709.5	1.1080024271601352e-43
7710.0	1.127320705630917e-43
7710.5	1.1151239123814028e-43
7711.0	1.205026137548904e-43
7711.5	1.2436308340182291e-43
7712.0	1.6736022841136653e-43
7712.5	3.2046314605529503e-43
7713.0	2.1275050602513804e-43
7713.5	1.1646209397252454e-43
7714.0	1.0501235230746252e-43
7714.5	1.0497677617528108e-43
7715.0	1.0579129178816958e-43
7715.5	1.0395644134941443e-43
7716.0	1.1090649580161068e-43
7716.5	1.2105590370542294e-43
7717.0	1.2301770916864105e-43
7717.5	1.1797465097810633e-43
7718.0	1.1874875837551255e-43
7718.5	1.1647366056900731e-43
7719.0	1.3046110647686053e-43
7719.5	1.2721639808576107e-43
7720.0	1.2412583528337846e-43
7720.5	1.0385202083791383e-43
7721.0	1.058026091008309e-43
7721.5	1.2064306880449071e-43
7722.0	1.5234626143778569e-43
7722.5	1.3949630436019739e-43
7723.0	1.1686862832507894e-43
7723.5	1.1957353204413079e-43
7724.0	1.3143520612745231e-43
7724.5	1.3013441527359346e-43
7725.0	1.1738492339424034e-43
7725.5	1.0728049820697285e-43
7726.0	1.0957126825989599e-43
7726.5	1.2320269413085946e-43
7727.0	1.1975149917075958e-43
7727.5	1.2468811855009394e-43
7728.0	1.186373665877881e-43
7728.5	1.122308463588133e-43
7729.0	1.195295705392209e-43
7729.5	1.1365553496515675e-43
7730.0	1.0896936569721962e-43
7730.5	1.0946206282399587e-43
7731.0	1.1421119642726144e-43
7731.5	1.0773269724572812e-43
7732.0	1.2317489028963992e-43
7732.5	1.2015118527501133e-43
7733.0	1.0962703539703216e-43
7733.5	9.86664512796169e-44
7734.0	1.0654729110147146e-43
7734.5	1.1470294311320636e-43
7735.0	1.1119526221693184e-43
7735.5	1.1720501919354173e-43
7736.0	1.05901226120611e-43
7736.5	1.0019994519149467e-43
7737.0	1.1058728055465571e-43
7737.5	1.0867050629756399e-43
7738.0	1.2877367642263714e-43
7738.5	1.3451867254522124e-43
7739.0	1.3031464324622314e-43
7739.5	1.3248303181735117e-43
7740.0	3.9684172830328095e-43
7740.5	6.096957424127352e-43
7741.0	2.8483700687619603e-43
7741.5	4.281051755783987e-43
7742.0	3.361439187064109e-43
7742.5	1.925681774255354e-43
7743.0	1.4215074563163778e-43
7743.5	1.2626975210750355e-43
7744.0	1.1873528879070907e-43
7744.5	1.1196315890883735e-43
7745.0	1.1472172739889964e-43
7745.5	1.1494816194702506e-43
7746.0	1.1427165459863006e-43
7746.5	1.1291763322432455e-43
7747.0	1.1550051138649267e-43
7747.5	1.2773002411112318e-43
7748.0	1.1745096261503556e-43
7748.5	1.1045192959049062e-43
7749.0	1.2000018020265618e-43
7749.5	1.3839686195277413e-43
7750.0	1.4597950343833644e-43
7750.5	1.2102989103367489e-43
7751.0	1.2245304089626248e-43
7751.5	1.1683610716608265e-43
7752.0	1.2020141944920768e-43
7752.5	1.1578299008829466e-43
7753.0	1.0353520826949626e-43
7753.5	1.1106605995184255e-43
7754.0	1.1648358629118095e-43
7754.5	1.1830581634107999e-43
7755.0	1.2050959424226693e-43
7755.5	1.2755871645625352e-43
7756.0	1.321863465473644e-43
7756.5	1.1242159093440961e-43
7757.0	1.1837561544717604e-43
7757.5	1.2809738824692134e-43
7758.0	1.33743693886849e-43
7758.5	1.3992413897102809e-43
7759.0	1.3269042475951942e-43
7759.5	1.1611589544189922e-43
7760.0	1.0971847622806755e-43
7760.5	1.0850212526333816e-43
7761.0	1.2572255991228859e-43
7761.5	1.2598615562871663e-43
7762.0	1.2523551426929696e-43
7762.5	1.3491697793757734e-43
7763.0	1.1816495304265152e-43
7763.5	1.3182930295129268e-43
7764.0	1.370901461506857e-43
7764.5	1.4726284403869345e-43
7765.0	1.3546145307774676e-43
7765.5	1.055373275981672e-43
7766.0	1.127260617041631e-43
7766.5	1.2708068272122359e-43
7767.0	1.071399466685584e-43
7767.5	1.1218262785862292e-43
7768.0	1.2291104769242814e-43
7768.5	1.2376933048559494e-43
7769.0	1.2761076435036386e-43
7769.5	1.2131506055867952e-43
7770.0	1.2682067135565105e-43
7770.5	1.3911688343948195e-43
7771.0	1.290711830007108e-43
7771.5	1.3298556678382524e-43
7772.0	1.2470601279345464e-43
7772.5	1.3117185970551252e-43
7773.0	1.2363403815572404e-43
7773.5	1.27383421805114e-43
7774.0	1.2319133544766835e-43
7774.5	1.4080356270944491e-43
7775.0	1.4385136170288997e-43
7775.5	1.4977792263045252e-43
7776.0	1.4144801550346073e-43
7776.5	1.5437466125098716e-43
7777.0	1.6849270881261629e-43
7777.5	1.5448925467261789e-43
7778.0	1.4753777747320232e-43
7778.5	1.5780184520562242e-43
7779.0	1.453389280774031e-43
7779.5	1.2660724438334926e-43
7780.0	1.3303097094898751e-43
7780.5	1.4280145045794435e-43
7781.0	1.48922570797859e-43
7781.5	1.4695781283305887e-43
7782.0	1.4744282483592409e-43
7782.5	1.454159460732269e-43
7783.0	1.6875326329459956e-43
7783.5	1.6135293342754927e-43
7784.0	1.3815480731212367e-43
7784.5	1.556603592299711e-43
7785.0	1.7099915764403827e-43
7785.5	1.6779793582800009e-43
7786.0	1.6178240382891452e-43
7786.5	1.754264200658257e-43
7787.0	1.9078369309667933e-43
7787.5	1.830418818956144e-43
7788.0	1.7614645325893648e-43
7788.5	1.6826088154211412e-43
7789.0	1.7772804169241485e-43
7789.5	1.849782033580959e-43
7790.0	1.7323334826079175e-43
7790.5	1.6933576869401562e-43
7791.0	1.8584659571663465e-43
7791.5	1.833734958476018e-43
7792.0	1.9075636673404313e-43
7792.5	1.9802441829165017e-43
7793.0	1.8363998503507872e-43
7793.5	2.1427486153137413e-43
7794.0	2.4416928622476627e-43
7794.5	2.4256562928721192e-43
7795.0	2.5064211345887267e-43
7795.5	2.573623580835014e-43
7796.0	2.671903758140288e-43
7796.5	2.6598988941373157e-43
7797.0	3.1046416044057994e-43
7797.5	3.149453726443549e-43
7798.0	2.8934735889655354e-43
7798.5	3.2685240582572702e-43
7799.0	3.1705585720773476e-43
7799.5	3.4418844288699747e-43
7800.0	3.845321393405645e-43
7800.5	3.969801050819515e-43
7801.0	4.409809981896927e-43
7801.5	4.256539610631549e-43
7802.0	4.824571388258809e-43
7802.5	5.980423560028534e-43
7803.0	7.702933571073357e-43
7803.5	1.2684491123560111e-42
7804.0	3.437423527095664e-42
7804.5	5.5185258884543194e-39
7805.0	1.8869173318837105e-38
7805.5	4.820834633111325e-39
7806.0	1.0320492395225215e-38
7806.5	6.841945248991191e-39
7807.0	1.22851485325276e-40
7807.5	5.1682994667540564e-42
7808.0	2.0924015092988622e-42
7808.5	1.9487416478869382e-42
7809.0	2.100456858002028e-42
7809.5	2.3615570668996594e-42
7810.0	2.8604384322383724e-42
7810.5	3.825832023117576e-42
7811.0	5.3633322295534416e-42
7811.5	9.649860738683591e-42
7812.0	1.809968860187336e-41
7812.5	7.345820678293743e-41
7813.0	5.096151106154354e-39
7813.5	1.3215903588917995e-38
7814.0	2.2866952115585645e-39
7814.5	3.7905808078932246e-41
7815.0	1.4301225646085176e-41
7815.5	6.845830648780506e-42
7816.0	5.24087405770413e-42
7816.5	3.303330959005964e-42
7817.0	2.3901117317060186e-42
7817.5	2.264971571398278e-42
7818.0	1.8297458013806702e-42
7818.5	1.3392955424683414e-42
7819.0	1.0775041106575202e-42
7819.5	9.524758680757623e-43
7820.0	7.915827607727038e-43
7820.5	7.65982246224042e-43
7821.0	7.378024274033073e-43
7821.5	6.301552143287692e-43
7822.0	5.1294069727733474e-43
7822.5	4.481513056519076e-43
7823.0	4.002885158831083e-43
7823.5	3.71566776444096e-43
7824.0	3.8687483433039515e-43
7824.5	3.65902729426077e-43
7825.0	3.679330646246059e-43
7825.5	3.0490649860318375e-43
7826.0	2.745810258290774e-43
7826.5	2.7777579265236016e-43
7827.0	2.656053233424469e-43
7827.5	2.4339505492976988e-43
7828.0	2.400593473265955e-43
7828.5	2.4004761006550234e-43
7829.0	2.065310194446118e-43
7829.5	1.8493367546745213e-43
7830.0	1.971146724724581e-43
7830.5	2.0399123777001226e-43
7831.0	2.144322771811851e-43
7831.5	1.9700605515967885e-43
7832.0	1.7849992495869593e-43
7832.5	1.88813221308594e-43
7833.0	1.7235602965249813e-43
7833.5	1.7109163560548422e-43
7834.0	1.9898901295136943e-43
7834.5	1.894566297991486e-43
7835.0	1.706947191757902e-43
7835.5	1.6400694916989545e-43
7836.0	1.5445500198824055e-43
7836.5	1.5815186117719764e-43
7837.0	1.6999329903358785e-43
7837.5	1.5485548401503711e-43
7838.0	1.5965074287044133e-43
7838.5	1.6872287799005628e-43
7839.0	1.5153467499606844e-43
7839.5	1.5662471583303429e-43
7840.0	1.519183330849432e-43
7840.5	1.478782646797256e-43
7841.0	1.5919075629122018e-43
7841.5	1.606460176133396e-43
7842.0	1.5434460528168422e-43
7842.5	1.4787393608649177e-43
7843.0	1.3760762346024483e-43
7843.5	1.3863797070123054e-43
7844.0	1.2633357865278445e-43
7844.5	1.3222092067158713e-43
7845.0	1.479921740695537e-43
7845.5	1.3808503349767085e-43
7846.0	1.3047702448617346e-43
7846.5	1.1501081147322125e-43
7847.0	1.466312487168971e-43
7847.5	1.444904022542067e-43
7848.0	1.3001471945699064e-43
7848.5	1.4203152449409662e-43
7849.0	1.249485351498065e-43
7849.5	1.3049041696239773e-43
7850.0	1.5259026458139184e-43
7850.5	1.4534257608539733e-43
7851.0	1.415316100696822e-43
7851.5	1.4024245353174634e-43
7852.0	1.3262886444314784e-43
7852.5	1.4375310811302303e-43
7853.0	1.2968844645205238e-43
7853.5	1.1830491192794413e-43
7854.0	1.0363649565389438e-43
7854.5	1.0642820883420161e-43
7855.0	9.997132162006444e-44
7855.5	1.0309907860489188e-43
7856.0	1.1581519960355235e-43
7856.5	1.1927845717492534e-43
7857.0	1.2890380088326671e-43
7857.5	1.4352489837257697e-43
7858.0	1.3641794129977898e-43
7858.5	1.3090701132230094e-43
7859.0	1.1272949583851273e-43
7859.5	1.244557495929758e-43
7860.0	1.1725781619529569e-43
7860.5	1.1681373013636414e-43
7861.0	1.2108415620596847e-43
7861.5	1.203450222474583e-43
7862.0	1.3855690348881823e-43
7862.5	1.3125981253617707e-43
7863.0	1.1731849675359034e-43
7863.5	1.3234313636655525e-43
7864.0	1.3657253928358412e-43
7864.5	1.268255520506727e-43
7865.0	1.3198854554531865e-43
7865.5	1.4019778195993425e-43
7866.0	1.3308923027200643e-43
7866.5	1.2781861985910284e-43
7867.0	1.2635331984573516e-43
7867.5	1.1846882036373699e-43
7868.0	1.273564630563124e-43
7868.5	1.2772338951989796e-43
7869.0	1.2095477355151324e-43
7869.5	1.1873847605964472e-43
7870.0	1.2349395978662205e-43
7870.5	1.1456725135733564e-43
7871.0	1.1891295836133067e-43
7871.5	1.2052590899514305e-43
7872.0	1.2284950760226938e-43
7872.5	1.2343182693520418e-43
7873.0	1.169172040007656e-43
7873.5	1.2977005957167499e-43
7874.0	1.41696313903434e-43
7874.5	1.1394897459302902e-43
7875.0	1.1153171965377891e-43
7875.5	1.2001859204829655e-43
7876.0	1.2520007530579798e-43
7876.5	1.1705863770524954e-43
7877.0	1.1048537689148463e-43
7877.5	1.1420698407270168e-43
7878.0	1.2965126410855964e-43
7878.5	1.247727171272999e-43
7879.0	1.0987848985841234e-43
7879.5	1.1548291556740313e-43
7880.0	1.2570823210292248e-43
7880.5	1.2806014334255266e-43
7881.0	1.3175692412412474e-43
7881.5	1.2939501280036523e-43
7882.0	1.193442623876402e-43
7882.5	1.142354044685752e-43
7883.0	1.1683184562932098e-43
7883.5	1.2258636771334782e-43
7884.0	1.2510192591984904e-43
7884.5	1.1359222821843592e-43
7885.0	1.1328158846932344e-43
7885.5	1.250793791221258e-43
7886.0	1.2720418469244751e-43
7886.5	1.1441538876523453e-43
7887.0	9.454558234830633e-44
7887.5	9.853517447802608e-44
7888.0	1.1157972216410722e-43
7888.5	1.2524753487505599e-43
7889.0	1.3777591493791224e-43
7889.5	1.2664914302132744e-43
7890.0	1.1403897200208056e-43
7890.5	1.1812100083722992e-43
7891.0	1.2169242857449818e-43
7891.5	1.1808198331439599e-43
7892.0	1.2355646613266287e-43
7892.5	1.1889930601494968e-43
7893.0	1.1541961473423846e-43
7893.5	1.2770856034536376e-43
7894.0	1.2862480011143027e-43
7894.5	1.2496344874711164e-43
7895.0	1.1820131742408743e-43
7895.5	1.2295029140512444e-43
7896.0	1.182768952143396e-43
7896.5	1.2323082533157954e-43
7897.0	1.3468457939694386e-43
7897.5	1.266318695759863e-43
7898.0	1.0772414491926731e-43
7898.5	1.0860261285969899e-43
7899.0	1.1805310520943831e-43
7899.5	1.2699276900297365e-43
7900.0	1.2674168054418303e-43
7900.5	1.173805205665864e-43
7901.0	1.2043277504505885e-43
7901.5	1.1544513644934802e-43
7902.0	1.1083785515155356e-43
7902.5	1.1525720606589265e-43
7903.0	1.2321172557042606e-43
7903.5	1.1855390296518342e-43
7904.0	1.301848841650054e-43
7904.5	1.197913180385311e-43
7905.0	1.3475411504535085e-43
7905.5	1.3416143291142484e-43
7906.0	1.2551169969155726e-43
7906.5	1.2672154787191775e-43
7907.0	1.1944556570256266e-43
7907.5	1.2412564571949285e-43
7908.0	1.2283488994580191e-43
7908.5	1.2560607280092284e-43
7909.0	1.2129873669359293e-43
7909.5	1.32435655048271e-43
7910.0	1.222967868584581e-43
7910.5	1.107929490148652e-43
7911.0	1.054132124612446e-43
7911.5	1.2058764561419325e-43
7912.0	1.290546677976828e-43
7912.5	1.2535998837292044e-43
7913.0	1.2590347156798293e-43
7913.5	1.3397158915136573e-43
7914.0	1.33891343904853e-43
7914.5	1.1755247060746385e-43
7915.0	1.2404226312544738e-43
7915.5	1.1656983646709614e-43
7916.0	1.0817562793408393e-43
7916.5	1.1510934624840274e-43
7917.0	1.187092213863005e-43
7917.5	1.1789165600883699e-43
7918.0	1.184553234540243e-43
7918.5	1.108159884839417e-43
7919.0	1.116685664653605e-43
7919.5	1.1801138998524482e-43
7920.0	1.133980761881358e-43
7920.5	1.1518200045795464e-43
7921.0	1.156567584686715e-43
7921.5	1.2589895835019455e-43
7922.0	1.142662159142211e-43
7922.5	1.0781798266032988e-43
7923.0	1.1840264557853428e-43
7923.5	1.1892503837613359e-43
7924.0	1.2920017556373095e-43
7924.5	1.210611934708348e-43
7925.0	1.2210833784387054e-43
7925.5	1.324660395975796e-43
7926.0	1.2223177475382344e-43
7926.5	1.1587771668974345e-43
7927.0	1.2521636060946091e-43
7927.5	1.2202929022955283e-43
7928.0	1.3662530139477525e-43
7928.5	1.376776588413274e-43
7929.0	1.2627091289266948e-43
7929.5	1.2042417983630552e-43
7930.0	1.2300101097739206e-43
7930.5	1.119093803308764e-43
7931.0	1.2459057524536925e-43
7931.5	1.138227565702102e-43
7932.0	1.1890146574981007e-43
7932.5	1.1849685209198151e-43
7933.0	1.125378080810575e-43
7933.5	1.1427078873501947e-43
7934.0	1.065805280600496e-43
7934.5	1.15254152733915e-43
7935.0	1.164954368079657e-43
7935.5	1.1581254509258733e-43
7936.0	1.2157089284654302e-43
7936.5	1.1117180073414538e-43
7937.0	1.0133845217979208e-43
7937.5	1.010973719064209e-43
7938.0	1.0526317836480776e-43
7938.5	1.2582681230696746e-43
7939.0	1.2629581518286207e-43
7939.5	1.2052455625847824e-43
7940.0	1.1406382455698274e-43
7940.5	1.0721044390550435e-43
7941.0	1.2990691429648284e-43
7941.5	1.1808232660746687e-43
7942.0	1.1813542424472481e-43
7942.5	1.2064927145501211e-43
7943.0	1.1886849135232033e-43
7943.5	1.2346381098791976e-43
7944.0	1.3113967780293214e-43
7944.5	1.2701708178859175e-43
7945.0	1.1983626418163748e-43
7945.5	1.1241295857827857e-43
7946.0	1.0808367719429373e-43
7946.5	1.2092947560163654e-43
7947.0	1.1983091938313573e-43
7947.5	1.2753415158630048e-43
7948.0	1.147382650036548e-43
7948.5	1.1187675198461435e-43
7949.0	1.202582029666543e-43
7949.5	1.1256303764172113e-43
7950.0	1.0586958827673416e-43
7950.5	1.16880913527369e-43
7951.0	1.1986701853152723e-43
7951.5	1.3830040884485993e-43
7952.0	1.3062299584690073e-43
7952.5	1.2540819805122954e-43
7953.0	1.0382581003327359e-43
7953.5	1.0444134317049498e-43
7954.0	1.1123306531730903e-43
7954.5	1.2117828076016812e-43
7955.0	1.1790253683959258e-43
7955.5	1.2051985719131901e-43
7956.0	1.2315177670408276e-43
7956.5	1.2493779820288668e-43
7957.0	1.1831576495361244e-43
7957.5	1.175193691515667e-43
7958.0	1.2535497710923213e-43
7958.5	1.1785807615457579e-43
7959.0	1.1234334217503591e-43
7959.5	1.2546413272304223e-43
7960.0	1.2003743952752714e-43
7960.5	1.0862634718163002e-43
7961.0	9.937636087023934e-44
7961.5	1.1368711865606263e-43
7962.0	1.2605272836789035e-43
7962.5	1.2289908176852028e-43
7963.0	1.1590866505808568e-43
7963.5	1.1922409630537945e-43
7964.0	1.3038931559900635e-43
7964.5	1.3618825901845752e-43
7965.0	1.2936255611175342e-43
7965.5	1.16308708138903e-43
7966.0	1.182954718612702e-43
7966.5	1.2389158181100523e-43
7967.0	1.1677245421163836e-43
7967.5	1.0995463878631432e-43
7968.0	1.0989692927179435e-43
7968.5	1.169872740748281e-43
7969.0	1.1216583952063287e-43
7969.5	1.211743384503081e-43
7970.0	1.0781774526861947e-43
7970.5	1.067818101608742e-43
7971.0	1.1150306172788532e-43
7971.5	1.2588212098554671e-43
7972.0	1.2193826047464142e-43
7972.5	1.3183194580853382e-43
7973.0	1.2312426925279891e-43
7973.5	1.2069877987440582e-43
7974.0	1.284571500539428e-43
7974.5	1.257103244384034e-43
7975.0	1.1964184029716053e-43
7975.5	1.2512724716718966e-43
7976.0	1.0329914206233218e-43
7976.5	1.1662820126559294e-43
7977.0	1.1851161271290831e-43
7977.5	1.2134639590319804e-43
7978.0	1.1233641758839676e-43
7978.5	1.0842331755044588e-43
7979.0	1.1741008896825091e-43
7979.5	1.1880011092748824e-43
7980.0	1.0486854248715046e-43
7980.5	1.2574254187014587e-43
7981.0	1.341860231720508e-43
7981.5	1.2417959326106738e-43
7982.0	1.2321267362346385e-43
7982.5	1.200094377582322e-43
7983.0	1.2754315697671178e-43
7983.5	1.1571524653035777e-43
7984.0	1.1555579390836604e-43
7984.5	1.3024152046546363e-43
7985.0	1.2708507433939533e-43
7985.5	1.14442726841542e-43
7986.0	1.0865254351395976e-43
7986.5	1.1846573835878471e-43
7987.0	1.2418785237585429e-43
7987.5	1.175987771000233e-43
7988.0	1.1691902210400652e-43
7988.5	1.175432965624382e-43
7989.0	1.2576043665848304e-43
7989.5	1.1822623758681391e-43
7990.0	1.2870152512099622e-43
7990.5	1.1857211014245139e-43
7991.0	1.1926557198901908e-43
7991.5	1.1970378235719306e-43
7992.0	1.3170494838235233e-43
7992.5	1.1223393220198297e-43
7993.0	1.3122086205840543e-43
7993.5	1.3384817235434764e-43
7994.0	1.3831908232544248e-43
7994.5	1.4241654629997779e-43
7995.0	1.1972246992608243e-43
7995.5	1.2073210833349803e-43
7996.0	1.1808392444187305e-43
7996.5	1.2564551376207903e-43
7997.0	1.2831407232741874e-43
7997.5	1.1425361435264118e-43
7998.0	1.2749716888125676e-43
7998.5	1.1465983992493677e-43
7999.0	1.1191500093135419e-43
7999.5	1.1681913087256472e-43
8000.0	1.3284439211536674e-43
8000.5	1.344848478081382e-43
8001.0	1.3189603364457623e-43
8001.5	1.359397552520625e-43
8002.0	1.325195320425326e-43
8002.5	1.224475391093706e-43
8003.0	1.2747178669226573e-43
8003.5	1.3571296299112054e-43
8004.0	1.3439149032336805e-43
8004.5	1.2898253754383062e-43
8005.0	1.2072227700163546e-43
8005.5	1.1919445268062904e-43
8006.0	1.3002896013428408e-43
8006.5	1.3928145582354922e-43
8007.0	1.304513927878398e-43
8007.5	1.5453090887893354e-43
8008.0	1.3398117080794142e-43
8008.5	1.2127756186684704e-43
8009.0	1.2047337684280401e-43
8009.5	1.363621255161684e-43
8010.0	1.3916745429324195e-43
8010.5	1.2152100240087562e-43
8011.0	1.1262144373701926e-43
8011.5	1.0240384295686193e-43
8012.0	1.1501542738857744e-43
8012.5	1.1713384640289162e-43
8013.0	1.2054069017834072e-43
8013.5	1.3750076768970905e-43
8014.0	1.4043750631140544e-43
8014.5	1.1627176954221626e-43
8015.0	1.0901129397153791e-43
8015.5	1.2071121304525235e-43
8016.0	1.4300047209982064e-43
8016.5	1.3862462572173036e-43
8017.0	2.215561943846248e-43
8017.5	3.3960626741882443e-43
8018.0	1.6105812434974629e-43
8018.5	1.215220069004533e-43
8019.0	1.076646209304115e-43
8019.5	1.1792949428400308e-43
8020.0	1.1710178366858304e-43
8020.5	1.1595280236758641e-43
8021.0	1.2693744114821796e-43
8021.5	1.6058686838560755e-43
8022.0	1.4556193421626273e-43
8022.5	1.3500729725361609e-43
8023.0	1.2745976096515642e-43
8023.5	1.227263794002853e-43
8024.0	1.2535964688350643e-43
8024.5	1.2305403586741595e-43
8025.0	1.310457599275931e-43
8025.5	1.3374427735991956e-43
8026.0	1.3308103205961567e-43
8026.5	1.3470003073079631e-43
8027.0	1.2980207492878187e-43
8027.5	1.063356050485359e-43
8028.0	1.1601108254447018e-43
8028.5	1.225745966656575e-43
8029.0	1.1001858087742751e-43
8029.5	1.1575652362053115e-43
8030.0	1.2012087052125169e-43
8030.5	1.2395609427999904e-43
8031.0	1.3023376490214382e-43
8031.5	1.266310442346649e-43
8032.0	1.7780489309254363e-43
8032.5	4.813143335365888e-43
8033.0	4.356962683527553e-43
8033.5	1.6155330667325355e-43
8034.0	1.3436919937820117e-43
8034.5	1.1884100785364393e-43
8035.0	1.4377175806922436e-43
8035.5	1.4180748375666613e-43
8036.0	1.277180845712313e-43
8036.5	1.1594535276179902e-43
8037.0	1.1443120957462903e-43
8037.5	1.3188670656630063e-43
8038.0	1.295878596338797e-43
8038.5	1.2133200760007086e-43
8039.0	1.3206200072406912e-43
8039.5	1.3662650715887456e-43
8040.0	1.4667014674215324e-43
8040.5	1.3723590453504686e-43
8041.0	1.1263693498221775e-43
8041.5	1.1732101456456494e-43
8042.0	1.2805705274344714e-43
8042.5	1.2701172796131631e-43
8043.0	1.301605761650524e-43
8043.5	1.287896447939894e-43
8044.0	1.1349198263945649e-43
8044.5	1.2780457509773606e-43
8045.0	1.343850508318808e-43
8045.5	1.2294573104379499e-43
8046.0	1.120006481896785e-43
8046.5	1.1311449620987942e-43
8047.0	1.216951588213376e-43
8047.5	1.205002007607893e-43
8048.0	1.1991063701495631e-43
8048.5	1.5341092088220523e-43
8049.0	2.8118473095996823e-43
8049.5	5.882587854236106e-43
8050.0	3.2753994556460655e-43
8050.5	1.6191134681112445e-43
8051.0	1.3321641958225055e-43
8051.5	1.235530491066738e-43
8052.0	1.2938375656755403e-43
8052.5	1.4640724098368694e-43
8053.0	1.4290963882926456e-43
8053.5	1.538580853058808e-43
8054.0	1.4730314348430233e-43
8054.5	1.2988723847755054e-43
8055.0	1.2890272461146024e-43
8055.5	1.2564341436030714e-43
8056.0	1.3409147425508156e-43
8056.5	1.516048100295843e-43
8057.0	1.4420824445154487e-43
8057.5	1.3097375409527732e-43
8058.0	1.2508810186628196e-43
8058.5	1.2339241184877264e-43
8059.0	1.2306572640359068e-43
8059.5	1.3576552670668551e-43
8060.0	1.3079320443327804e-43
8060.5	1.2587354522251936e-43
8061.0	1.290637710696955e-43
8061.5	1.3834242473306192e-43
8062.0	1.4431938135435007e-43
8062.5	1.2830962208391394e-43
8063.0	1.3494771891671916e-43
8063.5	1.5609563085628358e-43
8064.0	1.689663837051383e-43
8064.5	1.414434054677005e-43
8065.0	1.3824390061357312e-43
8065.5	1.3515098595138194e-43
8066.0	1.360097478372417e-43
8066.5	1.355432860682048e-43
8067.0	1.0835478479597572e-43
8067.5	1.2101051552314696e-43
8068.0	1.1597645357907727e-43
8068.5	1.2016096715988988e-43
8069.0	1.2846545343731857e-43
8069.5	1.2861248434410527e-43
8070.0	1.282836586127298e-43
8070.5	1.239671571115555e-43
8071.0	1.1942531024765045e-43
8071.5	1.3541393416203807e-43
8072.0	1.350739858337247e-43
8072.5	1.3481052538757682e-43
8073.0	1.4612884944999862e-43
8073.5	1.5329571158011047e-43
8074.0	1.5259713485601293e-43
8074.5	1.421130317872207e-43
8075.0	1.2911480918969285e-43
8075.5	1.1946847360419776e-43
8076.0	1.1908864165018471e-43
8076.5	1.3484309168513331e-43
8077.0	1.2799908782182162e-43
8077.5	1.242848095084252e-43
8078.0	1.384065336365997e-43
8078.5	1.3261123720102061e-43
8079.0	1.3644674233941672e-43
8079.5	1.3188131848336086e-43
8080.0	1.2629576969567644e-43
8080.5	1.1623888462601033e-43
8081.0	1.143506180723802e-43
8081.5	1.3130763365773866e-43
8082.0	1.3046698427046102e-43
8082.5	1.348986121021282e-43
8083.0	1.3426042038881386e-43
8083.5	1.4738941123889646e-43
8084.0	1.3237470129372023e-43
8084.5	1.238578131741606e-43
8085.0	1.3018246761728933e-43
8085.5	1.2934393730437345e-43
8086.0	1.2941099959615825e-43
8086.5	1.4410864738500094e-43
8087.0	1.4484318709449721e-43
8087.5	1.4190187804217945e-43
8088.0	1.3411364043846036e-43
8088.5	1.1272809246354627e-43
8089.0	1.1709551606821947e-43
8089.5	1.398980418052275e-43
8090.0	1.4009252916021986e-43
8090.5	1.4238790631629767e-43
8091.0	1.4075136396562753e-43
8091.5	1.177646040020976e-43
8092.0	1.2555511503393413e-43
8092.5	1.29382870228947e-43
8093.0	1.267823817917849e-43
8093.5	1.2248994185842989e-43
8094.0	1.3408436081666715e-43
8094.5	1.4180221391308971e-43
8095.0	1.3709230872555123e-43
8095.5	1.3556995633068351e-43
8096.0	1.2496583929040374e-43
8096.5	1.211862697486921e-43
8097.0	1.2858244797053172e-43
8097.5	1.5031987050627953e-43
8098.0	1.4510781785328287e-43
8098.5	1.3396676391992438e-43
8099.0	1.3246218997208162e-43
8099.5	1.2812685291183036e-43
8100.0	1.1845860946154973e-43
8100.5	1.295026227533282e-43
8101.0	1.1865337105492013e-43
8101.5	1.2310442572242664e-43
8102.0	1.329995304453306e-43
8102.5	1.3030998865783675e-43
8103.0	1.2268915728734958e-43
8103.5	1.201205979761763e-43
8104.0	1.2265421253135273e-43
8104.5	1.262332236702579e-43
8105.0	1.2131801430635904e-43
8105.5	1.2424302147730867e-43
8106.0	1.3541642074246755e-43
8106.5	1.2919973395410847e-43
8107.0	1.2439827650672125e-43
8107.5	1.3635180807642962e-43
8108.0	1.2375325257408533e-43
8108.5	1.2950300326505136e-43
8109.0	1.2701894860914445e-43
8109.5	1.2600246708303775e-43
8110.0	1.3642789345881246e-43
8110.5	1.449957762603336e-43
8111.0	1.3260279800457835e-43
8111.5	1.3484812919140747e-43
8112.0	2.468324697845564e-43
8112.5	1.5570433862067334e-42
8113.0	2.654362365269104e-41
8113.5	3.3907238980847324e-41
8114.0	3.1218153743465026e-42
8114.5	2.5448176141431553e-43
8115.0	1.2769346809408244e-43
8115.5	1.2833789045909568e-43
8116.0	1.2030365416268303e-43
8116.5	1.2144131182802526e-43
8117.0	1.3842060396217336e-43
8117.5	1.2386764895715467e-43
8118.0	1.266471063020286e-43
8118.5	1.1977793770193955e-43
8119.0	1.223429470699135e-43
8119.5	1.2444472309029836e-43
8120.0	1.2761141671960794e-43
8120.5	1.3480237786633534e-43
8121.0	1.5372904573442345e-43
8121.5	1.6965353746206873e-43
8122.0	1.4881403157459803e-43
8122.5	1.4053788159648564e-43
8123.0	1.1968329614542999e-43
8123.5	1.2710024656768288e-43
8124.0	1.2381215277116934e-43
8124.5	1.2386564482419163e-43
8125.0	1.3164735070644968e-43
8125.5	1.3304269907902324e-43
8126.0	1.2810436374908814e-43
8126.5	1.1661104128443338e-43
8127.0	1.193148190079545e-43
8127.5	1.2917070804442176e-43
8128.0	1.2570984807575519e-43
8128.5	1.3286537764602174e-43
8129.0	1.5462336665629375e-43
8129.5	1.3308207222410437e-43
8130.0	1.2001285484759324e-43
8130.5	1.2731974548235355e-43
8131.0	1.449441884758156e-43
8131.5	1.5367289878154379e-43
8132.0	1.2206176375911578e-43
8132.5	1.241670976352064e-43
8133.0	1.0276996540081496e-43
8133.5	1.1361439312733214e-43
8134.0	1.174752465188608e-43
8134.5	1.1851670933504955e-43
8135.0	1.3238578032990893e-43
8135.5	1.5379106660629178e-43
8136.0	1.2481534215390794e-43
8136.5	1.3227632287642275e-43
8137.0	1.3926787701004854e-43
8137.5	1.409501627805899e-43
8138.0	1.2637044774985686e-43
8138.5	1.248346496052001e-43
8139.0	1.3227021277639939e-43
8139.5	1.3416876635756992e-43
8140.0	1.2100698907369735e-43
8140.5	1.2757011641526867e-43
8141.0	1.3566932931888094e-43
8141.5	1.3061431620072569e-43
8142.0	1.3756646064724536e-43
8142.5	1.4303349207693908e-43
8143.0	1.4522780509838205e-43
8143.5	1.636085718406411e-43
8144.0	1.3482535663947286e-43
8144.5	1.3709313739524704e-43
8145.0	1.4218608537558658e-43
8145.5	1.424442526987657e-43
8146.0	1.3967588564169313e-43
8146.5	1.3670279105663223e-43
8147.0	1.3038046552107109e-43
8147.5	1.3451738942727204e-43
8148.0	1.2027581405706316e-43
8148.5	1.417737163787606e-43
8149.0	1.465089180487201e-43
8149.5	1.4589578496179101e-43
8150.0	1.4237774768256054e-43
8150.5	1.2036968768579808e-43
8151.0	1.320633561140162e-43
8151.5	1.4867774550321318e-43
8152.0	1.3969675039183075e-43
8152.5	1.3964709114961159e-43
8153.0	1.3178002914191693e-43
8153.5	1.2915830379676306e-43
8154.0	1.5443679324362896e-43
8154.5	1.6421498439222004e-43
8155.0	1.4519209267803205e-43
8155.5	1.2792153212225544e-43
8156.0	1.3584676781210346e-43
8156.5	1.3364614693935405e-43
8157.0	1.3891417026498447e-43
8157.5	1.299909257173148e-43
8158.0	1.3508413969903229e-43
8158.5	1.368390975707134e-43
8159.0	1.2232646270667293e-43
8159.5	1.2524093274427254e-43
8160.0	1.3874661277645847e-43
8160.5	1.4230150152101428e-43
8161.0	1.5070930006005879e-43
8161.5	1.3139204697196073e-43
8162.0	1.4116650387905572e-43
8162.5	1.338716796053466e-43
8163.0	1.3586153593628204e-43
8163.5	1.3416458505622239e-43
8164.0	1.3988515660430514e-43
8164.5	1.2424295884316311e-43
8165.0	1.3803332124923696e-43
8165.5	1.279351123874972e-43
8166.0	1.197175453724325e-43
8166.5	1.1212026491468811e-43
8167.0	1.0673979391177064e-43
8167.5	1.0688124823203116e-43
8168.0	1.2281327067600623e-43
8168.5	1.1898528689751606e-43
8169.0	1.298662373868556e-43
8169.5	1.404588014252022e-43
8170.0	1.2976437083868946e-43
8170.5	1.35970981298191e-43
8171.0	1.4560774015274924e-43
8171.5	1.4405930171883492e-43
8172.0	1.3918830268978028e-43
8172.5	1.3932261285076846e-43
8173.0	1.518809700167191e-43
8173.5	1.516926425627424e-43
8174.0	1.2894576294786116e-43
8174.5	1.2129123727603793e-43
8175.0	1.4382164883299256e-43
8175.5	1.4080037947081227e-43
8176.0	1.3239126715911712e-43
8176.5	1.3530263496389458e-43
8177.0	1.4026408562139097e-43
8177.5	1.4160624894012943e-43
8178.0	1.2362824132189752e-43
8178.5	1.1784941953238596e-43
8179.0	1.1403506487227472e-43
8179.5	1.2216237986591658e-43
8180.0	1.3805315587490833e-43
8180.5	1.3644985474063925e-43
8181.0	1.3015052704901242e-43
8181.5	1.3962761232712762e-43
8182.0	1.3788621857843006e-43
8182.5	1.5284269272101925e-43
8183.0	1.5591048599352617e-43
8183.5	1.4043823314117656e-43
8184.0	1.3378885447743726e-43
8184.5	1.4318108956152841e-43
8185.0	1.3553343473667473e-43
8185.5	1.4242385664029134e-43
8186.0	1.485820390894813e-43
8186.5	1.4825179520893704e-43
8187.0	1.4486905860701211e-43
8187.5	1.3784036409566636e-43
8188.0	1.3291910616303543e-43
8188.5	1.4257311611675354e-43
8189.0	1.4410047349495927e-43
8189.5	1.5172721777522011e-43
8190.0	1.536509579817626e-43
8190.5	1.3885348810593623e-43
8191.0	1.419713474445418e-43
8191.5	1.5013322550287153e-43
8192.0	1.5344988444213106e-43
8192.5	1.4889834431615383e-43
8193.0	1.3832180418260212e-43
8193.5	1.4437006095978838e-43
8194.0	1.4424655113141264e-43
8194.5	1.4040843941354411e-43
8195.0	1.2672219232541546e-43
8195.5	1.1636795178356985e-43
8196.0	1.142857012061492e-43
8196.5	1.134593662287778e-43
8197.0	1.2355539216735574e-43
8197.5	1.353728264459242e-43
8198.0	1.3339566003979071e-43
8198.5	1.1531954377181447e-43
8199.0	1.1234500057866636e-43
8199.5	1.2115003600878738e-43
8200.0	1.2732595776941854e-43
8200.5	1.4405342162040778e-43
8201.0	1.2645412297003738e-43
8201.5	1.2436304211779193e-43
8202.0	1.3561110160751768e-43
8202.5	1.2947713057472934e-43
8203.0	1.3365696478957184e-43
8203.5	1.3696903554322853e-43
8204.0	1.4017468643741565e-43
8204.5	1.418819191557978e-43
8205.0	1.2610086833900066e-43
8205.5	1.2289862991325776e-43
8206.0	1.3132300055731278e-43
8206.5	1.430527640504733e-43
8207.0	1.5764749325621174e-43
8207.5	1.5284978466598868e-43
8208.0	1.3705234264892954e-43
8208.5	1.4400653092872051e-43
8209.0	1.4096864970031418e-43
8209.5	1.3942379314871426e-43
8210.0	1.4715193014071142e-43
8210.5	1.205913731215439e-43
8211.0	1.2815871952875812e-43
8211.5	1.2554518090658785e-43
8212.0	1.3093351558885034e-43
8212.5	1.311437070173428e-43
8213.0	1.4724556755476088e-43
8213.5	1.6061086716184778e-43
8214.0	1.3751247645510344e-43
8214.5	1.1818542995099913e-43
8215.0	1.3525757172409953e-43
8215.5	1.5914431462830815e-43
8216.0	2.325368440216437e-43
8216.5	8.69625220680598e-43
8217.0	6.658447016218149e-42
8217.5	8.170139462509379e-42
8218.0	1.2982227415531272e-42
8218.5	2.2932074287103303e-43
8219.0	1.398877404524224e-43
8219.5	1.2071267842418715e-43
8220.0	1.2804778844612609e-43
8220.5	1.3226443332202971e-43
8221.0	1.2112732219999444e-43
8221.5	1.4505616428552322e-43
8222.0	1.4686093971117266e-43
8222.5	1.4367263815329573e-43
8223.0	1.2885773429392607e-43
8223.5	1.3365372698330722e-43
8224.0	1.4218490699708254e-43
8224.5	1.2590291269649886e-43
8225.0	1.3514347686446606e-43
8225.5	1.344466928116276e-43
8226.0	1.2767222525067815e-43
8226.5	1.281605616983743e-43
8227.0	1.4142288186003992e-43
8227.5	1.6031010877996255e-43
8228.0	1.5145643144751259e-43
8228.5	1.4883039598413606e-43
8229.0	1.5264278595578999e-43
8229.5	1.4961579558349837e-43
8230.0	1.2636692106955705e-43
8230.5	1.0134559880484634e-43
8231.0	1.0696714223765297e-43
8231.5	1.2594288598990186e-43
8232.0	1.1434446855993233e-43
8232.5	1.2347252100464914e-43
8233.0	1.3681634725431806e-43
8233.5	1.299945559682292e-43
8234.0	1.2980114000691742e-43
8234.5	1.4505984392077336e-43
8235.0	1.3260027260571794e-43
8235.5	1.4722377731621635e-43
8236.0	1.5457647413291839e-43
8236.5	1.5026727656363097e-43
8237.0	1.409971038366349e-43
8237.5	1.4328908305642375e-43
8238.0	1.4418490553648482e-43
8238.5	1.2581972288186095e-43
8239.0	1.3536897607327965e-43
8239.5	1.3191565844369304e-43
8240.0	1.3378607004201088e-43
8240.5	1.3374958549203936e-43
8241.0	1.162746519986572e-43
8241.5	1.2406541689335911e-43
8242.0	1.480625452140114e-43
8242.5	1.4073901455323654e-43
8243.0	1.3024800050353835e-43
8243.5	1.3931192731532885e-43
8244.0	1.4306636655082286e-43
8244.5	1.5194320386775838e-43
8245.0	1.5606481866949425e-43
8245.5	1.4721115459241896e-43
8246.0	1.3459966382090054e-43
8246.5	1.284764091101666e-43
8247.0	1.270075395788601e-43
8247.5	1.2695083230985714e-43
8248.0	1.4822413117584936e-43
8248.5	1.4338347466764938e-43
8249.0	1.2823327385639284e-43
8249.5	1.351322670725955e-43
8250.0	1.3681398794204674e-43
8250.5	1.2427137935353069e-43
8251.0	1.2809039892122384e-43
8251.5	1.248225814657596e-43
8252.0	1.2878020423193677e-43
8252.5	1.3737482078596416e-43
8253.0	1.4326269786904415e-43
8253.5	1.5937965100543473e-43
8254.0	1.516304237466072e-43
8254.5	1.5489137838908255e-43
8255.0	1.2594644778234641e-43
8255.5	1.1694528517222025e-43
8256.0	1.3119105050682874e-43
8256.5	1.4354036498827589e-43
8257.0	1.4135506216734885e-43
8257.5	1.3666771616056948e-43
8258.0	1.458439801771607e-43
8258.5	1.2536833985213063e-43
8259.0	1.32430952137574e-43
8259.5	1.4524742711581346e-43
8260.0	1.4321680931529801e-43
8260.5	1.4552077294937648e-43
8261.0	1.4418287114490345e-43
8261.5	1.3529924812193965e-43
8262.0	1.2499810347319821e-43
8262.5	1.2549959931121108e-43
8263.0	1.419946176603653e-43
8263.5	1.2982468281671574e-43
8264.0	1.2248338185641813e-43
8264.5	1.3546832305042711e-43
8265.0	1.4283723437500786e-43
8265.5	1.2977073009459537e-43
8266.0	1.259680245644709e-43
8266.5	1.1840168900004571e-43
8267.0	1.3056767705214445e-43
8267.5	1.4210902766476116e-43
8268.0	1.3612117312769927e-43
8268.5	1.337330727815759e-43
8269.0	1.3943664300067182e-43
8269.5	1.4249431602240374e-43
8270.0	1.5511819855217892e-43
8270.5	1.6654380338949315e-43
8271.0	1.5691764434423554e-43
8271.5	1.5116082417701714e-43
8272.0	1.3813275629460564e-43
8272.5	1.3461727276425686e-43
8273.0	1.2928027215382169e-43
8273.5	1.3342824424669393e-43
8274.0	1.41294368747586e-43
8274.5	1.451452311838648e-43
8275.0	1.3818484238450953e-43
8275.5	1.1028139053038186e-43
8276.0	1.2042345134704804e-43
8276.5	1.3931738886713131e-43
8277.0	1.4185605573254868e-43
8277.5	1.3918643573581521e-43
8278.0	1.522757354771265e-43
8278.5	1.3773744123025442e-43
8279.0	1.3739552678919399e-43
8279.5	1.3949385040816969e-43
8280.0	1.441013051786488e-43
8280.5	1.5334321045253823e-43
8281.0	1.4264152446906212e-43
8281.5	1.3676092295344418e-43
8282.0	1.4237884616535705e-43
8282.5	1.4355249054187516e-43
8283.0	1.4533806339194147e-43
8283.5	1.5586774488921677e-43
8284.0	1.5949741056372048e-43
8284.5	1.5768645106205839e-43
8285.0	1.4515492916511098e-43
8285.5	1.3082828654268113e-43
8286.0	1.2262534751885183e-43
8286.5	1.3263965828807768e-43
8287.0	1.370367366161631e-43
8287.5	1.4754403151986132e-43
8288.0	1.2638440597839119e-43
8288.5	1.4184423098907544e-43
8289.0	1.3276072807196827e-43
8289.5	1.3050934048500304e-43
8290.0	1.3764907667872213e-43
8290.5	1.4362359361027787e-43
8291.0	1.5072660553729151e-43
8291.5	1.4808465802599926e-43
8292.0	1.342641930586219e-43
8292.5	1.1929218069894386e-43
8293.0	1.3432737260201374e-43
8293.5	1.3614245734317588e-43
8294.0	1.372948085372763e-43
8294.5	1.4531919269956274e-43
8295.0	1.3962261254493412e-43
8295.5	1.4130268402854052e-43
8296.0	1.4585588139386454e-43
8296.5	1.4678353630520649e-43
8297.0	1.4755517390882352e-43
8297.5	1.3266141808015005e-43
8298.0	1.4476168074334262e-43
8298.5	1.3274989009598017e-43
8299.0	1.2905997341276873e-43
8299.5	1.4287955213920274e-43
8300.0	1.3519544866974056e-43
8300.5	1.265335984480381e-43
8301.0	1.3950920924825454e-43
8301.5	1.3330572752046807e-43
8302.0	1.4664914214385743e-43
8302.5	1.4168673128646536e-43
8303.0	1.2266429480476338e-43
8303.5	1.3993716228284732e-43
8304.0	1.2417844777710052e-43
8304.5	1.2166454138989023e-43
8305.0	1.5189318503857833e-43
8305.5	1.5649735910971094e-43
8306.0	1.8126156123843728e-43
8306.5	1.6507403467234292e-43
8307.0	1.3562317492896172e-43
8307.5	1.499166227190841e-43
8308.0	1.7254968746145007e-43
8308.5	1.651463215340072e-43
8309.0	1.5478317997323548e-43
8309.5	1.5650625322351368e-43
8310.0	1.4810849020905325e-43
8310.5	1.3030019164231599e-43
8311.0	1.3630372211160175e-43
8311.5	1.4328841135538098e-43
8312.0	1.3675645878215733e-43
8312.5	1.224711380582033e-43
8313.0	1.3122783355840993e-43
8313.5	1.3747507147649713e-43
8314.0	1.5346446225408106e-43
8314.5	1.7913358467273195e-43
8315.0	5.4783723910499315e-43
8315.5	2.942238367480113e-42
8316.0	1.869495747877888e-41
8316.5	2.28185833957726e-41
8317.0	4.434831081028588e-42
8317.5	7.507222123123611e-43
8318.0	1.944471696368218e-43
8318.5	1.4039724808344786e-43
8319.0	1.4000330843575147e-43
8319.5	1.3602983295324245e-43
8320.0	1.4175931193455695e-43
8320.5	1.4451550946946625e-43
8321.0	1.5039228770673765e-43
8321.5	1.426185345433121e-43
8322.0	1.3676459903797174e-43
8322.5	1.3897784993797387e-43
8323.0	1.3657015912357494e-43
8323.5	1.2811110173584267e-43
8324.0	1.4897439316768152e-43
8324.5	1.5190292528669677e-43
8325.0	1.4344298833847437e-43
8325.5	1.62550976961569e-43
8326.0	1.5334430058895849e-43
8326.5	1.3290060616518885e-43
8327.0	1.2800374739859884e-43
8327.5	1.4729542270190903e-43
8328.0	1.5336119454645852e-43
8328.5	1.4880738906643572e-43
8329.0	1.4273794801600204e-43
8329.5	1.3834512462788033e-43
8330.0	1.4112223617357944e-43
8330.5	1.4762571286989124e-43
8331.0	1.4755891739900312e-43
8331.5	1.3893501133516161e-43
8332.0	1.4209898123397703e-43
8332.5	1.5267218585834986e-43
8333.0	1.4386171942507232e-43
8333.5	1.4942378240281764e-43
8334.0	1.4037211034584242e-43
8334.5	1.4275292318498653e-43
8335.0	1.5578426889013612e-43
8335.5	1.4160361620009455e-43
8336.0	1.382272325031747e-43
8336.5	1.397838088395721e-43
8337.0	1.3525150505323821e-43
8337.5	1.5597629275972934e-43
8338.0	1.4817284475418289e-43
8338.5	1.3780690295496242e-43
8339.0	1.5549519787800556e-43
8339.5	1.5330255610310992e-43
8340.0	1.384098240538931e-43
8340.5	1.3904180803243365e-43
8341.0	1.5054404510857605e-43
8341.5	1.3640737271650901e-43
8342.0	1.3693160198899774e-43
8342.5	1.3334027800725612e-43
8343.0	1.4637817255349893e-43
8343.5	1.420219244098117e-43
8344.0	1.2468341542194944e-43
8344.5	1.2882760254692651e-43
8345.0	1.3126132967685424e-43
8345.5	1.442547590759416e-43
8346.0	1.2922358087608667e-43
8346.5	1.3227955450428334e-43
8347.0	1.1674545394177274e-43
8347.5	1.328606132910957e-43
8348.0	1.3892441531288334e-43
8348.5	1.451980851783092e-43
8349.0	1.2213031599698568e-43
8349.5	1.2461180493737276e-43
8350.0	1.3589596759105831e-43
8350.5	1.434484694540584e-43
8351.0	1.4194148326959006e-43
8351.5	1.4454424244667123e-43
8352.0	1.6223739667441899e-43
8352.5	1.3463822073580961e-43
8353.0	1.2503286076364434e-43
8353.5	1.2770973316885258e-43
8354.0	1.3692669372782692e-43
8354.5	1.4509567091645035e-43
8355.0	1.9028593102006727e-43
8355.5	1.613746149331627e-43
8356.0	1.6552134192255667e-43
8356.5	1.5036333164131994e-43
8357.0	1.4426478967618028e-43
8357.5	1.5579442032995223e-43
8358.0	1.6103216569521166e-43
8358.5	1.5547979892373607e-43
8359.0	1.4742317967791194e-43
8359.5	1.436531169115077e-43
8360.0	1.4958595523458586e-43
8360.5	1.481473093507129e-43
8361.0	1.4880212273848609e-43
8361.5	1.4980895816871724e-43
8362.0	1.36430799512089e-43
8362.5	1.330474604700032e-43
8363.0	1.4308060658463565e-43
8363.5	1.5725935405548962e-43
8364.0	1.5341574467958143e-43
8364.5	1.4615872277419367e-43
8365.0	1.4107829440473167e-43
8365.5	1.3377207460061517e-43
8366.0	1.3839238427001179e-43
8366.5	1.3980309888253547e-43
8367.0	1.4662016158077937e-43
8367.5	1.5112952196932841e-43
8368.0	1.3967786261975028e-43
8368.5	1.4857428411212825e-43
8369.0	1.5672100801531324e-43
8369.5	1.5171286325895874e-43
8370.0	1.3568365316514792e-43
8370.5	1.271551197328235e-43
8371.0	1.3932976488182931e-43
8371.5	1.5186525355674963e-43
8372.0	1.5045040479034053e-43
8372.5	1.6792839676753551e-43
8373.0	1.6350468190390033e-43
8373.5	1.5108559330568252e-43
8374.0	1.4151724806482928e-43
8374.5	1.3591342807383715e-43
8375.0	1.3667621235038953e-43
8375.5	1.46794267475501e-43
8376.0	1.5311247621626824e-43
8376.5	1.538633653225717e-43
8377.0	1.4616878805131483e-43
8377.5	1.4570294799584949e-43
8378.0	1.5270382930448474e-43
8378.5	1.3146932960139525e-43
8379.0	1.468700113088355e-43
8379.5	1.5772491193454704e-43
8380.0	1.427190074452616e-43
8380.5	1.3395197085934493e-43
8381.0	1.3687540062419964e-43
8381.5	1.4424840231776619e-43
8382.0	1.4588825989484038e-43
8382.5	1.4899553655665616e-43
8383.0	1.5289707340016173e-43
8383.5	1.4219434930021533e-43
8384.0	1.4099791284138715e-43
8384.5	1.3329749016681278e-43
8385.0	1.5257794863975202e-43
8385.5	1.4789877904750117e-43
8386.0	1.5454416605540419e-43
8386.5	1.4680534791178244e-43
8387.0	1.5712644108367093e-43
8387.5	1.4923783687300443e-43
8388.0	1.5559155802728671e-43
8388.5	1.4059222967011774e-43
8389.0	1.4678896658918053e-43
8389.5	1.6816681871603976e-43
8390.0	1.6346112844135851e-43
8390.5	1.557471801403993e-43
8391.0	1.4170315346756398e-43
8391.5	1.3761796147887105e-43
8392.0	1.4024868131289526e-43
8392.5	1.4900168000385554e-43
8393.0	1.6720063790623313e-43
8393.5	1.5491643613327858e-43
8394.0	1.3382048303259085e-43
8394.5	1.4499508236766804e-43
8395.0	1.6439720531456348e-43
8395.5	1.4744012710450972e-43
8396.0	1.4290854122775294e-43
8396.5	1.4168523457526293e-43
8397.0	1.4976432629703556e-43
8397.5	1.4721327145810766e-43
8398.0	1.5903162484605278e-43
8398.5	1.5301296696209874e-43
8399.0	1.370491351460793e-43
8399.5	1.4165935809471006e-43
8400.0	1.5009309211959963e-43
8400.5	1.5355498338674966e-43
8401.0	1.6044399937601113e-43
8401.5	1.6337409799124444e-43
8402.0	1.5487966682751052e-43
8402.5	1.4932230647568496e-43
8403.0	1.4246220014852674e-43
8403.5	1.4408597034806018e-43
8404.0	1.4221042776876158e-43
8404.5	1.4013360779800951e-43
8405.0	1.4881642671963706e-43
8405.5	1.6778564591713805e-43
8406.0	1.6713145589601213e-43
8406.5	1.3893422790924784e-43
8407.0	1.3203696448456379e-43
8407.5	1.4622163219348534e-43
8408.0	1.4481165153491628e-43
8408.5	1.466953703921507e-43
8409.0	1.4238526724093087e-43
8409.5	1.6882527882160084e-43
8410.0	1.6965260899132133e-43
8410.5	1.687492332742355e-43
8411.0	1.7870591333103533e-43
8411.5	1.6810304773934663e-43
8412.0	1.5108811024083753e-43
8412.5	1.3832086659239284e-43
8413.0	1.3332897149960903e-43
8413.5	1.5252302163763061e-43
8414.0	1.6139117296693374e-43
8414.5	1.468803655355246e-43
8415.0	1.592781748831873e-43
8415.5	1.5017113218257028e-43
8416.0	1.4033401787525787e-43
8416.5	1.8382528882421173e-43
8417.0	7.478615701801931e-43
8417.5	8.040125021637209e-42
8418.0	1.1910867755248808e-40
8418.5	1.5092534394243601e-40
8419.0	1.5984528726316174e-41
8419.5	1.1252619059899468e-42
8420.0	2.365099518950776e-43
8420.5	1.4733784745888865e-43
8421.0	1.3942648901214347e-43
8421.5	1.4878836783985426e-43
8422.0	1.4621137233432734e-43
8422.5	1.3760203400674711e-43
8423.0	1.5460413433134202e-43
8423.5	1.5654848314270893e-43
8424.0	1.499069110757443e-43
8424.5	1.462886332808734e-43
8425.0	1.4434048309316488e-43
8425.5	1.464243039597967e-43
8426.0	1.281417355521514e-43
8426.5	1.457152511854207e-43
8427.0	1.7711810756574136e-43
8427.5	1.7521576262834484e-43
8428.0	1.5846434580589475e-43
8428.5	1.5562536941650127e-43
8429.0	1.3655143779313009e-43
8429.5	1.403628994348805e-43
8430.0	1.439906059994209e-43
8430.5	1.3280696568534027e-43
8431.0	1.3883137974536473e-43
8431.5	1.551134460375238e-43
8432.0	1.410656279392781e-43
8432.5	1.3438142608967665e-43
8433.0	1.6905496120103882e-43
8433.5	1.6061163632891654e-43
8434.0	1.5572149256101383e-43
8434.5	1.7075180201352214e-43
8435.0	1.812367984357436e-43
8435.5	1.619453000401816e-43
8436.0	1.5174722933409905e-43
8436.5	1.6500665319971465e-43
8437.0	1.4203483298389561e-43
8437.5	1.276440523848444e-43
8438.0	1.4427304011179946e-43
8438.5	1.2949088217182882e-43
8439.0	1.426966174987051e-43
8439.5	1.6013298655980283e-43
8440.0	1.7049490806137271e-43
8440.5	1.4866754135991851e-43
8441.0	1.514527654748357e-43
8441.5	1.7210138803355691e-43
8442.0	1.5894098302195105e-43
8442.5	1.5749812216949006e-43
8443.0	1.3976288615831115e-43
8443.5	1.3417331389950547e-43
8444.0	1.4273455179737555e-43
8444.5	1.3822664506811993e-43
8445.0	1.3818061906480475e-43
8445.5	1.3908292458386047e-43
8446.0	1.3330102984663284e-43
8446.5	1.473166286499825e-43
8447.0	1.555034973242752e-43
8447.5	1.6177685292988755e-43
8448.0	1.6032657529948133e-43
8448.5	1.5669211816263825e-43
8449.0	1.5663082392445779e-43
8449.5	1.5072753872577526e-43
8450.0	1.447433822282298e-43
8450.5	1.4767948228611898e-43
8451.0	1.5035931982271856e-43
8451.5	1.4181734895281866e-43
8452.0	1.4523732552587785e-43
8452.5	1.3952984144547884e-43
8453.0	1.4251568615125113e-43
8453.5	1.4937977603553351e-43
8454.0	1.6389591699594898e-43
8454.5	1.7408672422437606e-43
8455.0	1.2360071287949043e-43
8455.5	1.3226281511015806e-43
8456.0	1.5259887073611833e-43
8456.5	1.6358612503701344e-43
8457.0	1.4727626372720652e-43
8457.5	1.6240214029968635e-43
8458.0	1.5284122966418522e-43
8458.5	1.6610083198114562e-43
8459.0	1.641953214525514e-43
8459.5	1.3906444495403884e-43
8460.0	1.4074274911700672e-43
8460.5	1.3916492674822278e-43
8461.0	1.2496237210154123e-43
8461.5	1.3559081236411983e-43
8462.0	1.6750991860218905e-43
8462.5	1.6679328847255584e-43
8463.0	1.5466792852255134e-43
8463.5	1.4337090691505032e-43
8464.0	1.4381649871198335e-43
8464.5	1.52639409455288e-43
8465.0	1.6949802519852524e-43
8465.5	1.5428543136396447e-43
8466.0	1.4413607956290774e-43
8466.5	1.4330721890602335e-43
8467.0	1.4539578313836726e-43
8467.5	1.5650382687867763e-43
8468.0	1.4470626328324241e-43
8468.5	1.3672919297531892e-43
8469.0	1.5917452846492423e-43
8469.5	1.4917327804407173e-43
8470.0	1.4795180535534807e-43
8470.5	1.5104384880830944e-43
8471.0	1.5751451138034256e-43
8471.5	1.8669743699569785e-43
8472.0	1.8700482342960813e-43
8472.5	1.7657895402101774e-43
8473.0	1.6803528449769703e-43
8473.5	1.7172784450585976e-43
8474.0	1.6917348142534607e-43
8474.5	1.5024904458823095e-43
8475.0	1.4680603535052402e-43
8475.5	1.4194660640618454e-43
8476.0	1.6197246793337654e-43
8476.5	1.8732504544231073e-43
8477.0	1.5125565189141498e-43
8477.5	1.3423091385643664e-43
8478.0	1.463827332390132e-43
8478.5	1.5416952239453285e-43
8479.0	1.379706274692596e-43
8479.5	1.4327115022381648e-43
8480.0	1.6178014163725464e-43
8480.5	1.5997335754223912e-43
8481.0	1.4121208644784513e-43
8481.5	1.5972226233834196e-43
8482.0	1.7028252409022837e-43
8482.5	1.4947841917040483e-43
8483.0	1.3074349176401456e-43
8483.5	1.4733243972472974e-43
8484.0	1.5076222461556882e-43
8484.5	1.4006115865472651e-43
8485.0	1.3020434219479384e-43
8485.5	1.4847157078490192e-43
8486.0	1.569046509158925e-43
8486.5	1.7567175051855866e-43
8487.0	1.6354925747893618e-43
8487.5	1.4994312184754878e-43
8488.0	1.4377596357650675e-43
8488.5	1.4046408518160354e-43
8489.0	1.3893522805935874e-43
8489.5	1.584846472062879e-43
8490.0	1.6966340339227293e-43
8490.5	1.4123901527205927e-43
8491.0	1.4240771430356954e-43
8491.5	1.6474908445442845e-43
8492.0	1.4632481911102123e-43
8492.5	1.639655444212355e-43
8493.0	1.6719624932872626e-43
8493.5	1.6745166171263855e-43
8494.0	1.546274837340417e-43
8494.5	1.500731366395741e-43
8495.0	1.5194944765530862e-43
8495.5	1.5580911987975142e-43
8496.0	1.4480770230823884e-43
8496.5	1.5098424596260338e-43
8497.0	1.3949023525071576e-43
8497.5	1.3434192683607828e-43
8498.0	1.4154031295957703e-43
8498.5	1.5229218637235548e-43
8499.0	1.5437995488811625e-43
8499.5	1.5138371504612086e-43
8500.0	1.6105450480973505e-43
8500.5	1.6410870142107402e-43
8501.0	1.4724191142056273e-43
8501.5	1.3833947245491504e-43
8502.0	1.566627974576675e-43
8502.5	1.6843870735324445e-43
8503.0	1.6866562034859638e-43
8503.5	1.731479484335124e-43
8504.0	1.579590756812686e-43
8504.5	1.5719780887598742e-43
8505.0	1.6384697062841634e-43
8505.5	1.6148625746804044e-43
8506.0	1.5907398541712052e-43
8506.5	1.5263374135248711e-43
8507.0	1.5342265952734716e-43
8507.5	1.5204748956633235e-43
8508.0	1.5028729260169517e-43
8508.5	1.4996385298575051e-43
8509.0	1.415095679722292e-43
8509.5	1.481463945884297e-43
8510.0	1.4648545375580334e-43
8510.5	1.4691224204684542e-43
8511.0	1.419190530626753e-43
8511.5	1.3546648250109954e-43
8512.0	1.7366181722167706e-43
8512.5	1.8499858557404237e-43
8513.0	2.8475085600737656e-43
8513.5	1.17808440722846e-42
8514.0	1.166069749070272e-41
8514.5	1.0626930275420722e-40
8515.0	8.664690558190229e-40
8515.5	1.0589307964434033e-39
8516.0	1.7020156294184498e-40
8516.5	1.631971012160829e-41
8517.0	1.8196483436002254e-42
8517.5	3.091473458680347e-43
8518.0	1.891013374431553e-43
8518.5	1.6822110033895436e-43
8519.0	1.665799890916767e-43
8519.5	1.5813204510123724e-43
8520.0	1.6749173230121559e-43
8520.5	1.5812979343710141e-43
8521.0	1.5798823977435778e-43
8521.5	1.5992005042392257e-43
8522.0	1.5680819796300805e-43
8522.5	1.7060892341295814e-43
8523.0	1.7514920416384617e-43
8523.5	1.6070593310864882e-43
8524.0	1.7071551314871452e-43
8524.5	1.681989295247192e-43
8525.0	1.5789838074984834e-43
8525.5	1.490204573269967e-43
8526.0	1.5672699920814222e-43
8526.5	1.6788568561439011e-43
8527.0	1.7060324617724493e-43
8527.5	1.7738072138153257e-43
8528.0	1.6905375649643243e-43
8528.5	1.5220400218047285e-43
8529.0	1.5565512968163418e-43
8529.5	1.4959526410583937e-43
8530.0	1.5976130492896769e-43
8530.5	1.6172286207062398e-43
8531.0	1.6135922348732615e-43
8531.5	1.5275884901560367e-43
8532.0	1.5033958892696634e-43
8532.5	1.5172194362368767e-43
8533.0	1.4131005375105697e-43
8533.5	1.4113975307649175e-43
8534.0	1.5069388317735925e-43
8534.5	1.4772138384344367e-43
8535.0	1.573716910428986e-43
8535.5	1.6975595071783103e-43
8536.0	1.7783619179485613e-43
8536.5	1.705435359683745e-43
8537.0	1.5992656709785391e-43
8537.5	1.5783245564938603e-43
8538.0	1.4191287588687278e-43
8538.5	1.5269774879751088e-43
8539.0	1.4885480932925693e-43
8539.5	1.5977706984691911e-43
8540.0	1.7139507405464933e-43
8540.5	1.6120169270752482e-43
8541.0	1.7950813510504485e-43
8541.5	1.5924014020086298e-43
8542.0	1.421372113434855e-43
8542.5	1.5541221263822711e-43
8543.0	1.5717380623570635e-43
8543.5	1.4272713622276506e-43
8544.0	1.561025044354252e-43
8544.5	1.7365374551031905e-43
8545.0	1.7157370305752106e-43
8545.5	1.6897920058540048e-43
8546.0	1.6060939871843053e-43
8546.5	1.4451406943378654e-43
8547.0	1.6708350285961842e-43
8547.5	1.7805597990749027e-43
8548.0	1.9005961147401817e-43
8548.5	1.8457333265309564e-43
8549.0	1.685194937682834e-43
8549.5	1.6304408504429953e-43
8550.0	1.5463558327924854e-43
8550.5	1.4813307095176557e-43
8551.0	1.6464433757527569e-43
8551.5	1.6308976411705315e-43
8552.0	1.6579869120867305e-43
8552.5	1.833044997789465e-43
8553.0	1.868417904318968e-43
8553.5	1.72770489241956e-43
8554.0	1.5233230336720684e-43
8554.5	1.5201142857938734e-43
8555.0	1.604319185502369e-43
8555.5	1.5312112507388265e-43
8556.0	1.7256428474384062e-43
8556.5	1.5783709230969184e-43
8557.0	1.6241611536804124e-43
8557.5	1.547038258364662e-43
8558.0	1.4529774583843391e-43
8558.5	1.5442301812996388e-43
8559.0	1.4352764429948734e-43
8559.5	1.5089692646096303e-43
8560.0	1.6408775817634652e-43
8560.5	1.691127009691415e-43
8561.0	1.5716065207321865e-43
8561.5	1.5998183752668167e-43
8562.0	1.6181005933804632e-43
8562.5	1.8100966163726675e-43
8563.0	1.6493696493295152e-43
8563.5	1.5496549337029256e-43
8564.0	1.5125324567897792e-43
8564.5	1.6621965703468865e-43
8565.0	1.6516221229285845e-43
8565.5	1.5428794528427355e-43
8566.0	1.3800855142803684e-43
8566.5	1.5372404866023605e-43
8567.0	1.5420975722742495e-43
8567.5	1.7553183024968682e-43
8568.0	1.7327827256751447e-43
8568.5	1.537748950285947e-43
8569.0	1.4074369320588258e-43
8569.5	1.5953805686329787e-43
8570.0	1.6598522016136663e-43
8570.5	1.7436801450256129e-43
8571.0	1.6178930093441089e-43
8571.5	1.6563090710735993e-43
8572.0	1.8990910611844517e-43
8572.5	1.7143811497722275e-43
8573.0	1.6081450336485868e-43
8573.5	1.7884724335865025e-43
8574.0	1.626014436018164e-43
8574.5	1.5694280698998357e-43
8575.0	1.3093173626895822e-43
8575.5	1.5835842402478705e-43
8576.0	1.8172044849104627e-43
8576.5	1.7030010344858894e-43
8577.0	1.7318627267480747e-43
8577.5	1.6066498144872202e-43
8578.0	1.6411963318016256e-43
8578.5	1.5079268348429064e-43
8579.0	1.4904318789365872e-43
8579.5	1.7371127493828594e-43
8580.0	1.4961635324234413e-43
8580.5	1.5792551006422276e-43
8581.0	1.5791839451749277e-43
8581.5	1.5413972406417958e-43
8582.0	1.6535758320500885e-43
8582.5	1.6239133397216929e-43
8583.0	1.523344749753323e-43
8583.5	1.7784389623782676e-43
8584.0	1.5701927005135823e-43
8584.5	1.4938229237045419e-43
8585.0	1.675435290689757e-43
8585.5	1.6711899959781274e-43
8586.0	1.6160261918737649e-43
8586.5	1.6115685921677688e-43
8587.0	1.5671381156251264e-43
8587.5	1.5682171891825474e-43
8588.0	1.5739576190129294e-43
8588.5	1.4366776986909876e-43
8589.0	1.5457748133068272e-43
8589.5	1.6228966170212866e-43
8590.0	1.8009854858036336e-43
8590.5	1.732725513587675e-43
8591.0	1.5569985126963039e-43
8591.5	1.6955885931444068e-43
8592.0	1.7395203710965716e-43
8592.5	1.525032361295423e-43
8593.0	1.6197258912155118e-43
8593.5	1.815333311284564e-43
8594.0	1.6537080180589194e-43
8594.5	1.4919059508397264e-43
8595.0	1.6711871447422232e-43
8595.5	1.618858241069431e-43
8596.0	1.8933691542588306e-43
8596.5	1.8024971295773485e-43
8597.0	1.9184340715801396e-43
8597.5	1.7766917585159178e-43
8598.0	1.9336021114855443e-43
8598.5	1.6595917815127476e-43
8599.0	1.5689783753920447e-43
8599.5	1.699085965161099e-43
8600.0	1.6008793684793534e-43
8600.5	1.4582213184252866e-43
8601.0	1.682203951377173e-43
8601.5	1.6456270737709682e-43
8602.0	1.4757502395386385e-43
8602.5	1.741573782065935e-43
8603.0	1.8028173005994737e-43
8603.5	1.7023822293890489e-43
8604.0	1.6566433494216767e-43
8604.5	1.6591441472116993e-43
8605.0	1.616035076393049e-43
8605.5	1.6420158365263074e-43
8606.0	1.5750245292470359e-43
8606.5	1.6034183849262018e-43
8607.0	1.4084187591319824e-43
8607.5	1.5509106793332124e-43
8608.0	1.5585803310457584e-43
8608.5	1.558951074879259e-43
8609.0	1.6252863757908676e-43
8609.5	1.5726224483091327e-43
8610.0	1.5851760504885035e-43
8610.5	1.5397449036794794e-43
8611.0	1.457708775358257e-43
8611.5	1.6864127879407556e-43
8612.0	1.7658865681399952e-43
8612.5	1.5588622025860667e-43
8613.0	1.5296994986476617e-43
8613.5	1.6675247856784554e-43
8614.0	1.7866888390794877e-43
8614.5	1.7729399322644746e-43
8615.0	1.5413767287435175e-43
8615.5	1.5074701379136376e-43
8616.0	1.6924509920202156e-43
8616.5	1.6415774441923403e-43
8617.0	1.4808443871275048e-43
8617.5	1.4915595545076756e-43
8618.0	1.5479841182070901e-43
8618.5	1.825088472471442e-43
8619.0	1.7948094784849734e-43
8619.5	1.7496867427234629e-43
8620.0	1.710454072758641e-43
8620.5	1.6597264092115664e-43
8621.0	1.5806859416265561e-43
8621.5	1.7665881315253264e-43
8622.0	1.7009417611963113e-43
8622.5	1.6270866699460811e-43
8623.0	1.6730412648680886e-43
8623.5	1.6300393793094928e-43
8624.0	1.7010024459137444e-43
8624.5	1.5306612767906846e-43
8625.0	1.5268905170726472e-43
8625.5	1.4213194314342498e-43
8626.0	1.462567350481534e-43
8626.5	1.7025292885374194e-43
8627.0	1.594212015133982e-43
8627.5	1.7377480206745193e-43
8628.0	1.79746058481696e-43
8628.5	1.7411942063624585e-43
8629.0	1.6844313013153327e-43
8629.5	1.794887942864192e-43
8630.0	1.7159057667770413e-43
8630.5	1.5879897683721944e-43
8631.0	1.5120414680753547e-43
8631.5	1.4761227214312605e-43
8632.0	1.5493068394502854e-43
8632.5	1.5520348977320519e-43
8633.0	1.4022771268855009e-43
8633.5	1.5322371921817858e-43
8634.0	1.5727704335396911e-43
8634.5	1.7032059271270586e-43
8635.0	1.530479686613214e-43
8635.5	1.6397582188198445e-43
8636.0	1.6216669403248815e-43
8636.5	1.6815788856478012e-43
8637.0	1.6703416328421862e-43
8637.5	1.87260772962898e-43
8638.0	1.8098362252551203e-43
8638.5	1.608447140561926e-43
8639.0	1.6622440934241758e-43
8639.5	1.5424527716308565e-43
8640.0	1.4726455443939398e-43
8640.5	1.4851563088300163e-43
8641.0	1.6020247119457216e-43
8641.5	1.478056431763596e-43
8642.0	1.4820183868939983e-43
8642.5	1.6051550518516536e-43
8643.0	1.7336632124211582e-43
8643.5	1.7928829708488953e-43
8644.0	1.7428112854504091e-43
8644.5	1.7472902744739992e-43
8645.0	1.5046652336437168e-43
8645.5	1.578582379474939e-43
8646.0	1.5495033636213886e-43
8646.5	1.7456384274760938e-43
8647.0	1.691103494667382e-43
8647.5	1.7697733351237092e-43
8648.0	1.4951057327459406e-43
8648.5	1.548760469155045e-43
8649.0	1.6081462041443585e-43
8649.5	1.5578543149249168e-43
8650.0	1.6029405159944912e-43
8650.5	1.671822209570678e-43
8651.0	1.6967228827034846e-43
8651.5	1.7271910972693859e-43
8652.0	1.6000085446205025e-43
8652.5	1.443937059325422e-43
8653.0	1.5554753996739197e-43
8653.5	1.543549189168538e-43
8654.0	1.5028899716795699e-43
8654.5	1.5987099748022695e-43
8655.0	1.7221526488267484e-43
8655.5	1.7081804744604162e-43
8656.0	1.46673269492699e-43
8656.5	1.3418011471560971e-43
8657.0	1.46369438230376e-43
8657.5	1.5772966744653928e-43
8658.0	1.5808970532697936e-43
8658.5	1.5475252668731526e-43
8659.0	1.4580843466009424e-43
8659.5	1.5975925626549886e-43
8660.0	1.5142881045226902e-43
8660.5	1.8220530368681032e-43
8661.0	1.7041659037214956e-43
8661.5	1.644797353152201e-43
8662.0	1.477594000385015e-43
8662.5	1.5661764035295132e-43
8663.0	1.5888114357935981e-43
8663.5	1.6526186449400165e-43
8664.0	1.6085927144151706e-43
8664.5	1.508083669659183e-43
8665.0	1.5173813992601727e-43
8665.5	1.4764638104868866e-43
8666.0	1.3401778259710465e-43
8666.5	1.3673983737496812e-43
8667.0	1.3416352841572818e-43
8667.5	1.5229870676789471e-43
8668.0	1.6711211059470453e-43
8668.5	1.8878335165621278e-43
8669.0	2.0159495295076397e-43
8669.5	1.9207567059676205e-43
8670.0	1.6418805623124013e-43
8670.5	1.5871776056138162e-43
8671.0	1.4337443708936991e-43
8671.5	1.6255352454186684e-43
8672.0	1.6368018010834819e-43
8672.5	1.772522640543317e-43
8673.0	1.545800168601911e-43
8673.5	1.6479865393877202e-43
8674.0	1.6651606835199923e-43
8674.5	1.5973500224598366e-43
8675.0	1.7076749983939533e-43
8675.5	1.5102542191739471e-43
8676.0	1.5273441344497934e-43
8676.5	1.803188519905709e-43
8677.0	1.8463690101446356e-43
8677.5	1.6567175007767795e-43
8678.0	1.5458991260273756e-43
8678.5	1.5328579978399947e-43
8679.0	1.7340242736601691e-43
8679.5	1.5648757062722565e-43
8680.0	1.7234689197768845e-43
8680.5	1.9505158245862472e-43
8681.0	1.918872032569886e-43
8681.5	1.804254773014289e-43
8682.0	1.5821306259088567e-43
8682.5	1.7152499131745315e-43
8683.0	1.7143419731002471e-43
8683.5	1.8695700047484686e-43
8684.0	1.7783165408503675e-43
8684.5	1.7065767412784506e-43
8685.0	1.6539243416532523e-43
8685.5	1.8795675939991364e-43
8686.0	1.713425864304533e-43
8686.5	1.793808686048746e-43
8687.0	1.858351035818256e-43
8687.5	1.847556276624941e-43
8688.0	1.9243666763960863e-43
8688.5	2.0698229527435386e-43
8689.0	1.837654620900352e-43
8689.5	1.8161420271890094e-43
8690.0	1.9601282890448642e-43
8690.5	2.0262884188866884e-43
8691.0	1.973851060624985e-43
8691.5	1.9224222213016747e-43
8692.0	1.859100068967003e-43
8692.5	1.7297358713697135e-43
8693.0	1.9169002121826426e-43
8693.5	1.9226963444888285e-43
8694.0	2.1232886920194297e-43
8694.5	2.123992949579449e-43
8695.0	2.107005768587853e-43
8695.5	1.981196570374871e-43
8696.0	2.1123409597270783e-43
8696.5	2.2379013959153143e-43
8697.0	2.2866201818392633e-43
8697.5	2.243622451756645e-43
8698.0	2.0800644936214526e-43
8698.5	2.208336576826571e-43
8699.0	2.1301560837553758e-43
8699.5	2.4027272370479227e-43
8700.0	2.2261349750564484e-43
8700.5	2.3221947599263814e-43
8701.0	2.115406098199957e-43
8701.5	1.9974355805998427e-43
8702.0	2.1492855346715063e-43
8702.5	2.001153715683642e-43
8703.0	2.154603167525097e-43
8703.5	2.094114039121465e-43
8704.0	2.022863235796052e-43
8704.5	2.272896409492369e-43
8705.0	2.2951828496710555e-43
8705.5	2.0425650225229593e-43
8706.0	2.1939002150339728e-43
8706.5	1.9896278535915515e-43
8707.0	2.058152225102892e-43
8707.5	2.062401260168167e-43
8708.0	2.073690198765368e-43
8708.5	2.1670210891449766e-43
8709.0	2.3522786812792897e-43
8709.5	2.228869134410428e-43
8710.0	2.2027230956191567e-43
8710.5	2.3593430024838923e-43
8711.0	2.6984712459712377e-43
8711.5	2.940690590893151e-43
8712.0	5.320098600001935e-43
8712.5	3.260043682166814e-42
8713.0	5.509313823272849e-41
8713.5	6.475937359329902e-40
8714.0	8.228159381426375e-39
8714.5	1.0364049930208314e-38
8715.0	1.2030832364492109e-39
8715.5	8.634481259427825e-41
8716.0	5.339113930670438e-42
8716.5	6.428853740410753e-43
8717.0	3.702463025255107e-43
8717.5	2.769910857560922e-43
8718.0	2.7352789593946262e-43
8718.5	2.2026780416136233e-43
8719.0	2.4763083977007793e-43
8719.5	2.212904518018885e-43
8720.0	2.132023682160659e-43
8720.5	2.4655135109624985e-43
8721.0	2.330004539269962e-43
8721.5	2.470946544697122e-43
8722.0	2.660397715176498e-43
8722.5	2.3951370216773146e-43
8723.0	2.301813602744101e-43
8723.5	2.485899795219739e-43
8724.0	2.2191303735894835e-43
8724.5	2.284842970896213e-43
8725.0	2.701555202221175e-43
8725.5	2.709486843765319e-43
8726.0	2.539068458787775e-43
8726.5	2.4070280620179953e-43
8727.0	2.001127786067952e-43
8727.5	2.2669536981589765e-43
8728.0	2.5280291576940508e-43
8728.5	2.4517342317317467e-43
8729.0	2.3156100537637488e-43
8729.5	2.5178546309198674e-43
8730.0	2.3107143903668265e-43
8730.5	2.4207207690096804e-43
8731.0	2.7543231847327485e-43
8731.5	2.5091242058499845e-43
8732.0	2.510485059986441e-43
8732.5	2.4173493581182307e-43
8733.0	2.3679164502454e-43
8733.5	2.2954435416695765e-43
8734.0	2.2265518658086976e-43
8734.5	2.365160959826928e-43
8735.0	2.797993989469094e-43
8735.5	2.594994441136765e-43
8736.0	2.4753969644129193e-43
8736.5	2.191584359824068e-43
8737.0	2.142656126093414e-43
8737.5	2.1392277836185133e-43
8738.0	1.9316176000809246e-43
8738.5	2.1335455147044572e-43
8739.0	2.2952759223698464e-43
8739.5	2.1993888956718317e-43
8740.0	2.279064860051307e-43
8740.5	2.0869008517197174e-43
8741.0	2.094976975044466e-43
8741.5	2.2956348791730647e-43
8742.0	2.056969185114046e-43
8742.5	1.821578577344957e-43
8743.0	2.097083747053097e-43
8743.5	2.3811717975996448e-43
8744.0	2.3809046130530303e-43
8744.5	2.1296986502027725e-43
8745.0	2.1155440499014148e-43
8745.5	2.073053230418951e-43
8746.0	2.0877099534444964e-43
8746.5	1.8663690244469976e-43
8747.0	1.839587925260539e-43
8747.5	1.898710428236412e-43
8748.0	2.019628415958536e-43
8748.5	2.0041968975035683e-43
8749.0	2.050266269129813e-43
8749.5	2.0096485989168873e-43
8750.0	2.051847436529848e-43
8750.5	2.3020209861482236e-43
8751.0	1.9963348208209845e-43
8751.5	1.7526420986877148e-43
8752.0	1.873642312064049e-43
8752.5	2.0384602645033137e-43
8753.0	2.217824132766433e-43
8753.5	2.1068465803542398e-43
8754.0	1.944433014234187e-43
8754.5	1.9640657514653892e-43
8755.0	1.892729953516304e-43
8755.5	1.8262097295898905e-43
8756.0	1.7521284767921767e-43
8756.5	1.9222945462494174e-43
8757.0	2.02457769229293e-43
8757.5	1.922542858182829e-43
8758.0	1.7242720149071863e-43
8758.5	1.690849367030523e-43
8759.0	1.65500802982779e-43
8759.5	1.8813923898236133e-43
8760.0	2.048062460291691e-43
8760.5	2.009704478967653e-43
8761.0	1.859147948263155e-43
8761.5	1.6890389112442143e-43
8762.0	1.731751897096099e-43
8762.5	1.7887180617967138e-43
8763.0	1.4708738731242927e-43
8763.5	1.4136744460972113e-43
8764.0	1.7027117470469937e-43
8764.5	1.7101231801784105e-43
8765.0	1.6375718986769025e-43
8765.5	1.9391093123386503e-43
8766.0	2.151837180570156e-43
8766.5	1.996358301186789e-43
8767.0	2.0856045402747263e-43
8767.5	1.940233497422061e-43
8768.0	1.6789713206166172e-43
8768.5	1.7936442406291601e-43
8769.0	1.8642472592014333e-43
8769.5	1.813449383628268e-43
8770.0	1.7782352876365227e-43
8770.5	1.7545957150531955e-43
8771.0	1.738194365845093e-43
8771.5	1.5566410014569135e-43
8772.0	1.5059884974249385e-43
8772.5	1.5709801712150328e-43
8773.0	1.8135597575823588e-43
8773.5	1.8812548204141684e-43
8774.0	1.752160222795858e-43
8774.5	1.5006286738284268e-43
8775.0	1.802586655425326e-43
8775.5	1.7756681301324605e-43
8776.0	1.7393532981552846e-43
8776.5	1.9589042187746328e-43
8777.0	2.046909377674365e-43
8777.5	1.7524853390320195e-43
8778.0	1.636510002601342e-43
8778.5	1.88287951402889e-43
8779.0	1.909716208331355e-43
8779.5	1.626715344469612e-43
8780.0	1.621684497995385e-43
8780.5	1.7897067936268439e-43
8781.0	1.7721801285763613e-43
8781.5	1.6717714004071205e-43
8782.0	1.7751364298073646e-43
8782.5	1.8999610360833684e-43
8783.0	1.7210166250941872e-43
8783.5	1.7786893241682128e-43
8784.0	1.773920517499055e-43
8784.5	1.795551918915457e-43
8785.0	1.673338276108325e-43
8785.5	1.7607101624860945e-43
8786.0	1.814122186808463e-43
8786.5	2.009907974222023e-43
8787.0	2.134695092093862e-43
8787.5	2.0417853868060645e-43
8788.0	1.9577561292614673e-43
8788.5	1.846195185851772e-43
8789.0	1.7910951464787615e-43
8789.5	1.8159250278940428e-43
8790.0	1.8758594221426234e-43
8790.5	1.8400826184166183e-43
8791.0	1.7980600714982067e-43
8791.5	1.8477705461212925e-43
8792.0	1.7452492574591673e-43
8792.5	1.7715106334433406e-43
8793.0	1.8170295070348047e-43
8793.5	1.961830351578616e-43
8794.0	2.200699109196915e-43
8794.5	2.118509238318427e-43
8795.0	2.0982675350162124e-43
8795.5	2.188132374862503e-43
8796.0	2.132299710126253e-43
8796.5	2.0658525397561773e-43
8797.0	2.171912240562326e-43
8797.5	2.1563284694111186e-43
8798.0	2.0971827500969474e-43
8798.5	2.1583320712833794e-43
8799.0	2.108525122937311e-43
8799.5	2.0333646729643533e-43
8800.0	2.1120939881575046e-43
8800.5	2.184057783320392e-43
8801.0	2.0300360118088972e-43
8801.5	2.091699962184195e-43
8802.0	2.032933050035021e-43
8802.5	2.1459339924827487e-43
8803.0	2.1343936775895944e-43
8803.5	2.2332084101045004e-43
8804.0	2.381927511225357e-43
8804.5	2.3392543463478982e-43
8805.0	2.336631414235825e-43
8805.5	2.4955650560812012e-43
8806.0	2.195097971590905e-43
8806.5	2.0610846925485414e-43
8807.0	2.2505613106321e-43
8807.5	2.3644203153329168e-43
8808.0	2.4094498170512358e-43
8808.5	2.9169816213081788e-43
8809.0	2.759143096386835e-43
8809.5	2.597832670957723e-43
8810.0	2.5291310067222502e-43
8810.5	2.25576727836034e-43
8811.0	2.2977999019294547e-43
8811.5	2.461785146333064e-43
8812.0	2.6564311004605148e-43
8812.5	5.403432040984834e-43
8813.0	2.9447881620279196e-42
8813.5	3.595419463654745e-42
8814.0	7.966652392624984e-43
8814.5	2.7027580285052267e-43
8815.0	2.2953393166837516e-43
8815.5	2.4384965178875447e-43
8816.0	2.3688036426163088e-43
8816.5	2.0856599577613454e-43
8817.0	2.1790009874787117e-43
8817.5	2.3544463100703247e-43
8818.0	2.052765247180336e-43
8818.5	2.052058857817881e-43
8819.0	2.463163707337165e-43
8819.5	2.5036793376791547e-43
8820.0	2.3824037556291877e-43
8820.5	2.7063477522408325e-43
8821.0	2.9259148993755237e-43
8821.5	2.692610358550668e-43
8822.0	2.4522581019762047e-43
8822.5	2.6368015399620633e-43
8823.0	2.8108163864329306e-43
8823.5	2.7547791337520014e-43
8824.0	2.7296361572424323e-43
8824.5	2.798746359602225e-43
8825.0	3.0673901699073544e-43
8825.5	2.7705397706159466e-43
8826.0	2.5722225805819584e-43
8826.5	2.4541566608644355e-43
8827.0	2.421994833502177e-43
8827.5	2.5733976210131552e-43
8828.0	2.895265089414471e-43
8828.5	2.8103170554857746e-43
8829.0	2.595686951038841e-43
8829.5	2.7387870920977607e-43
8830.0	2.7298305100023302e-43
8830.5	2.662214146098757e-43
8831.0	3.0906582150807764e-43
8831.5	3.166774505095363e-43
8832.0	3.0341256153728138e-43
8832.5	3.3118335932101497e-43
8833.0	3.0731852203880603e-43
8833.5	3.0532334585784124e-43
8834.0	3.1026570129537154e-43
8834.5	3.1323806817598725e-43
8835.0	3.1617902195102186e-43
8835.5	3.4508003270783327e-43
8836.0	3.451454730984883e-43
8836.5	3.2721717061687485e-43
8837.0	3.2092183996420383e-43
8837.5	3.094233784357216e-43
8838.0	3.048709161628147e-43
8838.5	3.5746258076602634e-43
8839.0	3.470886985454068e-43
8839.5	3.2858054183192563e-43
8840.0	3.766617294386654e-43
8840.5	3.739042952699232e-43
8841.0	3.8468619665803365e-43
8841.5	3.7535759133473e-43
8842.0	4.178618895693753e-43
8842.5	4.2654937723581926e-43
8843.0	3.997529621489225e-43
8843.5	4.245042658338097e-43
8844.0	4.494142678593863e-43
8844.5	4.348196483860643e-43
8845.0	4.5655945019633926e-43
8845.5	4.926896275746842e-43
8846.0	4.259297551754938e-43
8846.5	3.878588856535071e-43
8847.0	4.238406504280317e-43
8847.5	4.279234749171986e-43
8848.0	4.195453435021597e-43
8848.5	4.082447289710557e-43
8849.0	4.075262990394628e-43
8849.5	4.4630651616959325e-43
8850.0	4.695136518377504e-43
8850.5	4.6916276569075406e-43
8851.0	4.691339911177881e-43
8851.5	4.874553113897296e-43
8852.0	4.5898215384980755e-43
8852.5	4.4262771539578885e-43
8853.0	4.88376514031201e-43
8853.5	5.018634345647035e-43
8854.0	4.9782078762697205e-43
8854.5	4.347973788928768e-43
8855.0	4.84748548943862e-43
8855.5	4.56830329382696e-43
8856.0	4.888755342713107e-43
8856.5	5.4429977950974675e-43
8857.0	4.8261397682139566e-43
8857.5	5.0432216819999116e-43
8858.0	5.287889405845675e-43
8858.5	4.891987130443432e-43
8859.0	4.859074607350565e-43
8859.5	4.642330780944738e-43
8860.0	4.282778519333974e-43
8860.5	4.504711275704254e-43
8861.0	4.6585775237469395e-43
8861.5	4.689859949087597e-43
8862.0	4.940610270754138e-43
8862.5	4.849252216644993e-43
8863.0	4.7047065555763596e-43
8863.5	4.959241921457275e-43
8864.0	4.663077228918559e-43
8864.5	4.628688768029059e-43
8865.0	4.41278291206094e-43
8865.5	4.263526904223861e-43
8866.0	4.4487007516165035e-43
8866.5	4.272050660103346e-43
8867.0	3.879197138486745e-43
8867.5	3.620642354249366e-43
8868.0	3.811000583987613e-43
8868.5	4.051322606840917e-43
8869.0	4.1075654073898435e-43
8869.5	4.134104630924262e-43
8870.0	3.826292922171707e-43
8870.5	3.7962073091314745e-43
8871.0	3.7773872549333314e-43
8871.5	3.688701636950932e-43
8872.0	3.4294704132235495e-43
8872.5	2.967976262847641e-43
8873.0	3.0704383822602766e-43
8873.5	3.488429975840065e-43
8874.0	3.63948295484604e-43
8874.5	3.693223480975497e-43
8875.0	3.5549095124184796e-43
8875.5	3.383131335529728e-43
8876.0	2.872770489697407e-43
8876.5	3.014666221362853e-43
8877.0	3.293515378436821e-43
8877.5	3.2371641652552376e-43
8878.0	2.862407152402223e-43
8878.5	2.7065583649262247e-43
8879.0	2.567555770751478e-43
8879.5	3.0059589042988704e-43
8880.0	2.9657688132823044e-43
8880.5	2.7441974102519272e-43
8881.0	3.017631192776395e-43
8881.5	3.0492751501350175e-43
8882.0	2.940228343590057e-43
8882.5	2.726384986072023e-43
8883.0	2.763552714382226e-43
8883.5	2.9388793249042465e-43
8884.0	3.136564837687109e-43
8884.5	2.686151274614778e-43
8885.0	2.653211904836582e-43
8885.5	2.546376665849411e-43
8886.0	2.7861916663486606e-43
8886.5	2.590476934155668e-43
8887.0	2.514013453591993e-43
8887.5	2.340954452881276e-43
8888.0	2.3753504561167998e-43
8888.5	2.4614401053731684e-43
8889.0	2.9889701417563448e-43
8889.5	3.1502843547025797e-43
8890.0	2.9375657255274993e-43
8890.5	3.02896017651592e-43
8891.0	2.6455540871672383e-43
8891.5	2.2730974291160424e-43
8892.0	2.6641161626290585e-43
8892.5	2.4564665422193905e-43
8893.0	2.083004068443748e-43
8893.5	2.4496371333247803e-43
8894.0	2.525372997990644e-43
8894.5	2.3959707673868347e-43
8895.0	2.4135952590336783e-43
8895.5	2.6094621154240678e-43
8896.0	2.3137269638954404e-43
8896.5	2.487512870123775e-43
8897.0	2.6538000111131223e-43
8897.5	2.4081685046865817e-43
8898.0	2.4456456185541787e-43
8898.5	2.634769837293634e-43
8899.0	2.5488133746042023e-43
8899.5	2.4185002350245965e-43
8900.0	2.0745873580439727e-43
8900.5	1.973454848858325e-43
8901.0	2.2201622387549424e-43
8901.5	2.1971079876763867e-43
8902.0	2.0867266429879323e-43
8902.5	2.215423833832248e-43
8903.0	2.259292779914417e-43
8903.5	2.226037702405264e-43
8904.0	1.936863234347585e-43
8904.5	2.1834945811887765e-43
8905.0	2.306893494356269e-43
8905.5	2.3475880747052414e-43
8906.0	4.5037461348452954e-43
8906.5	1.0091649329626115e-42
8907.0	4.211768015102297e-43
8907.5	2.3877143776879573e-43
8908.0	2.6643178352559606e-43
8908.5	8.265079374461053e-43
8909.0	7.492328597986631e-43
8909.5	2.4502110019239644e-43
8910.0	2.4785826972605283e-43
8910.5	2.8916383402073714e-43
8911.0	6.353560056865203e-43
8911.5	8.188987450435962e-42
8912.0	1.4951882431865487e-40
8912.5	1.914737496093792e-40
8913.0	1.8407442864986409e-41
8913.5	7.57164977150202e-43
8914.0	3.5082402765914094e-43
8914.5	9.4799251391944e-43
8915.0	6.0034986041334206e-43
8915.5	4.894248319574337e-43
8916.0	3.6519047954055004e-42
8916.5	2.5698544206635295e-42
8917.0	2.5235045061075606e-43
8917.5	2.277115457992466e-43
8918.0	2.2262240323868125e-43
8918.5	2.1249780175129266e-43
8919.0	2.307138658170601e-43
8919.5	2.1541865662710794e-43
8920.0	1.9740745910334717e-43
8920.5	2.179255178250972e-43
8921.0	2.159695169582827e-43
8921.5	2.327209531065664e-43
8922.0	3.927420760009053e-43
8922.5	7.599429737918112e-43
8923.0	4.0832828495135005e-43
8923.5	2.7747734997413183e-43
8924.0	2.6552921683258663e-43
8924.5	2.3827342853962813e-43
8925.0	2.225836745981214e-43
8925.5	1.9291877000139174e-43
8926.0	3.689593428401275e-43
8926.5	1.355482845714551e-42
8927.0	8.53206397640573e-43
8927.5	2.330802211782922e-43
8928.0	2.130398277815381e-43
8928.5	2.0245418452878203e-43
8929.0	2.3036496591871974e-43
8929.5	2.875150073054428e-43
8930.0	7.260211279599329e-43
8930.5	6.345515447734645e-43
8931.0	2.4881819989507443e-43
8931.5	2.6623505732507612e-43
8932.0	3.2475255956185127e-43
8932.5	2.4963521250250278e-43
8933.0	2.116574700541928e-43
8933.5	1.9148741228603363e-43
8934.0	2.117790123946121e-43
8934.5	2.9575308878720646e-43
8935.0	1.0458032100805462e-42
8935.5	1.580234393758279e-42
8936.0	1.093548431150187e-42
8936.5	2.8869898439117263e-43
8937.0	2.3836064748315554e-43
8937.5	3.2501677803437047e-43
8938.0	3.98596404297769e-43
8938.5	2.0490159691040263e-43
8939.0	2.228500337567076e-43
8939.5	2.0615107215834177e-43
8940.0	2.1080668440658264e-43
8940.5	2.094096857166393e-43
8941.0	1.9063042764585086e-43
8941.5	1.8621136510543315e-43
8942.0	2.0226167630181874e-43
8942.5	1.9341598678778324e-43
8943.0	2.0532424444735856e-43
8943.5	2.5410847800380985e-43
8944.0	2.4030697761467513e-43
8944.5	2.3859941328244287e-43
8945.0	2.402801190045961e-43
8945.5	2.6588429785851143e-43
8946.0	2.2302928421099377e-43
8946.5	1.956114863594352e-43
8947.0	2.1290726246389933e-43
8947.5	1.826514461296807e-43
8948.0	2.062102184183481e-43
8948.5	2.0743846348836125e-43
8949.0	1.760820904933194e-43
8949.5	2.1517678236915206e-43
8950.0	2.1510914910295837e-43
8950.5	2.1670685135853727e-43
8951.0	2.392741227468424e-43
8951.5	2.1568432216280334e-43
8952.0	2.300353494217804e-43
8952.5	3.441141155248468e-43
8953.0	2.965848398148013e-43
8953.5	2.0191873661076602e-43
8954.0	1.900876130391026e-43
8954.5	1.6663961880460591e-43
8955.0	1.800872520234457e-43
8955.5	2.1128905407408644e-43
8956.0	1.9669836449810428e-43
8956.5	1.7508311348480864e-43
8957.0	2.1309263126893027e-43
8957.5	1.9884153389077727e-43
8958.0	2.0060864754075804e-43
8958.5	2.2132860389275768e-43
8959.0	2.1877546056351303e-43
8959.5	2.131668295401892e-43
8960.0	2.481947886131112e-43
8960.5	2.4797145494482036e-43
8961.0	2.113374116859612e-43
8961.5	2.091516970143317e-43
8962.0	2.0988099767707275e-43
8962.5	2.073014990735722e-43
8963.0	2.080164246784891e-43
8963.5	2.537754379041936e-43
8964.0	2.759987864412221e-43
8964.5	2.2284309467729084e-43
8965.0	2.223656886754532e-43
8965.5	2.100229830538586e-43
8966.0	2.155534328040036e-43
8966.5	2.1569766280278945e-43
8967.0	1.9554389109811312e-43
8967.5	1.923465591842559e-43
8968.0	2.0636043767233285e-43
8968.5	2.1697698114271378e-43
8969.0	2.12072561064124e-43
8969.5	1.9858223159160787e-43
8970.0	2.059481918256123e-43
8970.5	1.9568749889331548e-43
8971.0	1.8302639943883297e-43
8971.5	1.8995665167385397e-43
8972.0	1.9654295598229294e-43
8972.5	2.000397361740253e-43
8973.0	1.909566314158009e-43
8973.5	1.8469158682408245e-43
8974.0	1.9817792790318646e-43
8974.5	1.9801548837251038e-43
8975.0	2.1191236415898305e-43
8975.5	1.9055421198911027e-43
8976.0	2.120768123987364e-43
8976.5	1.8899575592077443e-43
8977.0	1.9047287699536613e-43
8977.5	2.0141342732223023e-43
8978.0	2.0504240830632934e-43
8978.5	2.142763170495355e-43
8979.0	2.137030888811976e-43
8979.5	2.2058553043001805e-43
8980.0	2.210637156244661e-43
8980.5	2.2978928193351213e-43
8981.0	2.1348063708738734e-43
8981.5	1.9437050171265384e-43
8982.0	1.8309431197479237e-43
8982.5	2.1405675716756288e-43
8983.0	2.1766026310934527e-43
8983.5	2.249666267919596e-43
8984.0	2.2555046063555058e-43
8984.5	2.154026774005741e-43
8985.0	2.3557393708051987e-43
8985.5	2.4752367854043067e-43
8986.0	2.09542382741752e-43
8986.5	2.065445117573707e-43
8987.0	2.1289133809060735e-43
8987.5	2.3687033651239397e-43
8988.0	2.443733895399518e-43
8988.5	2.2615550107363984e-43
8989.0	2.144666645551609e-43
8989.5	2.2970423716103926e-43
8990.0	2.004884983144857e-43
8990.5	1.9606142481179247e-43
8991.0	2.0646198829119748e-43
8991.5	2.207637119545537e-43
8992.0	2.0140535497711615e-43
8992.5	1.9110708785779347e-43
8993.0	1.9954440736225283e-43
8993.5	2.102676993681001e-43
8994.0	1.992419416678097e-43
8994.5	2.1258179920588884e-43
8995.0	2.3588512350488478e-43
8995.5	2.294886257288664e-43
8996.0	2.1916693810089647e-43
8996.5	2.155071892912905e-43
8997.0	2.1604372894627198e-43
8997.5	2.1417299579686646e-43
8998.0	2.035078267055251e-43
8998.5	1.9490051908088594e-43
8999.0	2.1830585879684015e-43
8999.5	2.1149838377053612e-43
9000.0	1.8826540001709856e-43
9000.5	2.0197567689203004e-43
9001.0	1.9813172946269677e-43
9001.5	1.8287595523947003e-43
9002.0	2.031225867054921e-43
9002.5	2.1977279278885637e-43
9003.0	2.061037384519747e-43
9003.5	2.157795756326964e-43
9004.0	2.103017829580521e-43
9004.5	1.9521033736665946e-43
9005.0	1.9065541312050413e-43
9005.5	2.1806149200169807e-43
9006.0	2.3634802501163107e-43
9006.5	2.286638710446877e-43
9007.0	2.0287161813137177e-43
9007.5	1.9404599942528945e-43
9008.0	2.359169735573763e-43
9008.5	2.3876860496939716e-43
9009.0	2.229639180784057e-43
9009.5	1.9471606386625623e-43
9010.0	2.0665622660478547e-43
9010.5	1.9836755469398272e-43
9011.0	2.0544323432152487e-43
9011.5	2.064820587842365e-43
9012.0	1.8465634661740056e-43
9012.5	2.1142704730945387e-43
9013.0	2.317725301502767e-43
9013.5	2.3005492435048126e-43
9014.0	2.110432962360292e-43
9014.5	2.0878878850285834e-43
9015.0	2.0803777801178043e-43
9015.5	2.1355720328340234e-43
9016.0	2.4302671270443628e-43
9016.5	2.3374732604496527e-43
9017.0	2.131063141631597e-43
9017.5	2.4424213545333263e-43
9018.0	2.4858465345745186e-43
9018.5	2.0899738362426027e-43
9019.0	1.9564849669627176e-43
9019.5	2.109004739199314e-43
9020.0	2.2069109109992906e-43
9020.5	2.105601328649081e-43
9021.0	2.366057276713905e-43
9021.5	2.3013694754846585e-43
9022.0	2.0766011054658203e-43
9022.5	1.89714295159685e-43
9023.0	1.9958760255622702e-43
9023.5	2.1550751858084508e-43
9024.0	2.1821231784480764e-43
9024.5	2.0439372468065055e-43
9025.0	2.0430676879097862e-43
9025.5	2.050937081318406e-43
9026.0	2.1149788576849147e-43
9026.5	2.3439430849784327e-43
9027.0	1.9590404529339513e-43
9027.5	2.1755434037486787e-43
9028.0	2.0406168999770716e-43
9028.5	2.1946556430641034e-43
9029.0	1.973062085007899e-43
9029.5	2.0437722755102176e-43
9030.0	2.439480053094566e-43
9030.5	2.2650394599295594e-43
9031.0	1.8946307057033393e-43
9031.5	1.8801791888558822e-43
9032.0	1.8168511442978403e-43
9032.5	2.088714685498635e-43
9033.0	2.1892092130568113e-43
9033.5	2.1568758983580485e-43
9034.0	2.339638225253125e-43
9034.5	2.530191906788738e-43
9035.0	2.352103075181939e-43
9035.5	2.1399944646181376e-43
9036.0	2.3388876021960877e-43
9036.5	2.3079801303114762e-43
9037.0	2.188082952242276e-43
9037.5	2.1881544995391397e-43
9038.0	2.2084513653595084e-43
9038.5	2.055172476201096e-43
9039.0	1.974590587633945e-43
9039.5	2.263332641770629e-43
9040.0	2.191508111513902e-43
9040.5	2.0398945657936e-43
9041.0	1.946590582894002e-43
9041.5	2.0088466814465203e-43
9042.0	1.9644660463020397e-43
9042.5	2.1276513180486533e-43
9043.0	2.1156977917158858e-43
9043.5	2.3646444845218424e-43
9044.0	2.4608350936444556e-43
9044.5	2.3304489395047944e-43
9045.0	2.108132198954237e-43
9045.5	2.028027485202834e-43
9046.0	2.0941498026824983e-43
9046.5	2.236517299928675e-43
9047.0	2.3174148646207915e-43
9047.5	2.5164088515815676e-43
9048.0	2.0977415310792977e-43
9048.5	2.3910116029644268e-43
9049.0	2.4170779909007843e-43
9049.5	2.0826777539212687e-43
9050.0	2.151033401684333e-43
9050.5	2.223105964569373e-43
9051.0	2.311202579466361e-43
9051.5	2.4087720949547497e-43
9052.0	2.0092356313976357e-43
9052.5	2.2559795019722675e-43
9053.0	2.0624003428315217e-43
9053.5	2.0129072871118035e-43
9054.0	2.2357934729917957e-43
9054.5	2.4143780575992965e-43
9055.0	2.1533171726851964e-43
9055.5	2.2101301524682434e-43
9056.0	2.2409171281211886e-43
9056.5	2.3526418815182173e-43
9057.0	1.971740640815501e-43
9057.5	1.9524398159290426e-43
9058.0	2.1447492715740813e-43
9058.5	2.3070934343562493e-43
9059.0	2.35407946106637e-43
9059.5	2.2200142759004898e-43
9060.0	2.3751370644208203e-43
9060.5	2.467029017659232e-43
9061.0	2.1794449589913107e-43
9061.5	2.2337296550461373e-43
9062.0	2.147314192665955e-43
9062.5	2.0810992724140827e-43
9063.0	2.370881474184377e-43
9063.5	2.3925744376301163e-43
9064.0	2.4444136978909985e-43
9064.5	2.229365356550088e-43
9065.0	2.2163612682809176e-43
9065.5	2.2249016601502637e-43
9066.0	1.992273764277981e-43
9066.5	2.161437347534543e-43
9067.0	2.13217443095936e-43
9067.5	2.0721422015126807e-43
9068.0	2.450296630190654e-43
9068.5	2.545386184530639e-43
9069.0	2.2568356534000556e-43
9069.5	2.3019325609274253e-43
9070.0	2.3537685102639448e-43
9070.5	2.2103369909769122e-43
9071.0	2.175798474754943e-43
9071.5	2.0232675941680892e-43
9072.0	1.9163431461110148e-43
9072.5	2.3063116536409607e-43
9073.0	2.161405348335581e-43
9073.5	2.022846791306048e-43
9074.0	2.1514608820468733e-43
9074.5	2.322998716220945e-43
9075.0	2.299149024961739e-43
9075.5	2.406876151931745e-43
9076.0	2.183613654961859e-43
9076.5	1.8608822247984703e-43
9077.0	1.9144939536316583e-43
9077.5	2.035236093751773e-43
9078.0	2.1903068088990688e-43
9078.5	2.4275378777198487e-43
9079.0	2.177281104259655e-43
9079.5	2.1183952180695714e-43
9080.0	2.2799597886125034e-43
9080.5	2.097653974803744e-43
9081.0	1.9946297637613675e-43
9081.5	2.2093252318468113e-43
9082.0	2.2078202672972853e-43
9082.5	2.3033194404575328e-43
9083.0	2.2274807012482093e-43
9083.5	2.3578661702606985e-43
9084.0	2.5056436435104713e-43
9084.5	2.47658463989376e-43
9085.0	2.365310154911012e-43
9085.5	2.369623805960684e-43
9086.0	2.2389009383328037e-43
9086.5	2.0786618435655307e-43
9087.0	2.2026054495671126e-43
9087.5	2.0856035019316773e-43
9088.0	1.8933937724988662e-43
9088.5	2.2499567183924302e-43
9089.0	2.276592923629345e-43
9089.5	2.2068855967428306e-43
9090.0	2.275221726948893e-43
9090.5	2.2722323382005097e-43
9091.0	2.072809124236345e-43
9091.5	2.056823113988205e-43
9092.0	2.168796987126637e-43
9092.5	2.273214698218891e-43
9093.0	2.225969268335517e-43
9093.5	2.0291285853441963e-43
9094.0	1.9297459894532085e-43
9094.5	1.9772580972626645e-43
9095.0	2.0661000571984714e-43
9095.5	2.04152503772885e-43
9096.0	2.0538008617654947e-43
9096.5	2.1452563986412414e-43
9097.0	2.1573907427174587e-43
9097.5	2.1106949821601672e-43
9098.0	2.082060501836312e-43
9098.5	2.1407149582688003e-43
9099.0	2.3385000309277247e-43
9099.5	2.3864591486851005e-43
9100.0	2.2642079662659326e-43
9100.5	2.3121689769509788e-43
9101.0	2.0927830081654023e-43
9101.5	2.093867525836877e-43
9102.0	2.146624833083244e-43
9102.5	2.2015441523887856e-43
9103.0	2.303698506236241e-43
9103.5	2.1558604122887623e-43
9104.0	2.1224232032774262e-43
9104.5	1.9179497529605577e-43
9105.0	2.0724322888415808e-43
9105.5	2.277166367345869e-43
9106.0	2.406069307526996e-43
9106.5	2.146352479343742e-43
9107.0	2.0511224420567883e-43
9107.5	2.1707612540277764e-43
9108.0	2.3480868373617924e-43
9108.5	2.222323415343968e-43
9109.0	1.949523172285362e-43
9109.5	2.157897397490086e-43
9110.0	2.4397840532184942e-43
9110.5	2.3903548202701423e-43
9111.0	2.024668813927321e-43
9111.5	1.9213142508310334e-43
9112.0	2.041401525843526e-43
9112.5	2.1032409387513407e-43
9113.0	2.256532662770856e-43
9113.5	2.472477532819048e-43
9114.0	2.282732128631161e-43
9114.5	2.3357023487776423e-43
9115.0	2.35524453651529e-43
9115.5	2.2320812491243803e-43
9116.0	1.947322438245657e-43
9116.5	2.092770854418789e-43
9117.0	2.323832333156984e-43
9117.5	2.09532822589889e-43
9118.0	2.3642296690722566e-43
9118.5	2.2346629194758425e-43
9119.0	2.3167967028365806e-43
9119.5	2.111343145893429e-43
9120.0	2.343232540627148e-43
9120.5	2.2564680811871766e-43
9121.0	2.2295550462888995e-43
9121.5	2.112142431838521e-43
9122.0	2.1935949763232548e-43
9122.5	2.3559945827648394e-43
9123.0	2.4496584695161774e-43
9123.5	2.2540855861025313e-43
9124.0	2.2317347486743727e-43
9124.5	2.078950690714413e-43
9125.0	2.1460382122439307e-43
9125.5	2.2436941996385923e-43
9126.0	2.1818077367894272e-43
9126.5	1.979322061487194e-43
9127.0	2.3274370433045303e-43
9127.5	2.4513744650225265e-43
9128.0	2.1781683561042558e-43
9128.5	2.2723061758638074e-43
9129.0	2.209394349080305e-43
9129.5	2.1157913992462927e-43
9130.0	2.0634671932328733e-43
9130.5	2.5450551057183764e-43
9131.0	2.559564511358879e-43
9131.5	2.1164698950319652e-43
9132.0	2.311242231954968e-43
9132.5	2.1507542084404662e-43
9133.0	2.0633572703831762e-43
9133.5	2.077742267985028e-43
9134.0	2.1630623062875717e-43
9134.5	2.242265708993081e-43
9135.0	2.2861286931507647e-43
9135.5	2.339692174430095e-43
9136.0	2.18306272327098e-43
9136.5	2.0011032831558846e-43
9137.0	1.9622507764561244e-43
9137.5	2.3604060134384143e-43
9138.0	2.5572955377964056e-43
9138.5	2.33171117162901e-43
9139.0	2.473845365734727e-43
9139.5	2.342865094533953e-43
9140.0	2.3654616934367795e-43
9140.5	2.3610008668237156e-43
9141.0	1.9873654197824426e-43
9141.5	2.1147773913062477e-43
9142.0	2.2026756810897024e-43
9142.5	2.218288424083773e-43
9143.0	2.234853803893845e-43
9143.5	2.306369784283949e-43
9144.0	2.339746553069603e-43
9144.5	2.333098490771968e-43
9145.0	2.263194964929096e-43
9145.5	2.2175586666172514e-43
9146.0	2.1586978538012126e-43
9146.5	2.2450564854840197e-43
9147.0	2.2251752927885536e-43
9147.5	2.363824131461286e-43
9148.0	2.258656749519035e-43
9148.5	2.3146390335790035e-43
9149.0	2.54488527855671e-43
9149.5	2.4729186383107657e-43
9150.0	2.6940936563408647e-43
9150.5	2.3918804780697267e-43
9151.0	2.331025460102376e-43
9151.5	2.3861173496136512e-43
9152.0	2.4614731326783197e-43
9152.5	2.2759647784390826e-43
9153.0	2.4921198456404288e-43
9153.5	2.442763340084425e-43
9154.0	2.463084598464545e-43
9154.5	2.247240494658639e-43
9155.0	2.1549744883240128e-43
9155.5	2.2384620127204605e-43
9156.0	2.455877673954049e-43
9156.5	2.336578929277801e-43
9157.0	2.6117297545695102e-43
9157.5	2.431577534519216e-43
9158.0	2.4517104676005384e-43
9158.5	2.4074944135166356e-43
9159.0	2.3869300252746465e-43
9159.5	2.1369882596896783e-43
9160.0	2.1283212933488558e-43
9160.5	2.0524874349258635e-43
9161.0	2.0112366860046997e-43
9161.5	1.96889982333266e-43
9162.0	2.375725701908989e-43
9162.5	2.636379130593816e-43
9163.0	2.5328208965567597e-43
9163.5	2.3005270175141284e-43
9164.0	2.0330699439826155e-43
9164.5	2.2086674983208267e-43
9165.0	2.0733950694832e-43
9165.5	2.4089861563868932e-43
9166.0	2.570644570943126e-43
9166.5	2.370120150939543e-43
9167.0	2.315984796468848e-43
9167.5	2.2510263718383523e-43
9168.0	2.521248269302775e-43
9168.5	2.4864611205422443e-43
9169.0	2.511879942015583e-43
9169.5	2.7468865087789527e-43
9170.0	2.41274883014963e-43
9170.5	2.2395420630727498e-43
9171.0	2.483438928269209e-43
9171.5	2.5290249771424984e-43
9172.0	2.2505886457856347e-43
9172.5	2.124431610060696e-43
9173.0	2.0991485963502967e-43
9173.5	2.3599882833440536e-43
9174.0	2.5286540762252295e-43
9174.5	2.6597750771649033e-43
9175.0	2.5499676508153064e-43
9175.5	2.4286214629002765e-43
9176.0	2.395991286148353e-43
9176.5	2.2872866420459633e-43
9177.0	2.5004457558800118e-43
9177.5	2.6534934103888357e-43
9178.0	2.5206645258956764e-43
9178.5	2.4251438637986737e-43
9179.0	2.451350977583369e-43
9179.5	2.5161441012940354e-43
9180.0	2.393069411435843e-43
9180.5	2.2205519942735567e-43
9181.0	2.3055043767299103e-43
9181.5	2.257994471229804e-43
9182.0	2.2337362920459827e-43
9182.5	2.2315655447167635e-43
9183.0	2.4601817600517996e-43
9183.5	2.543606935448298e-43
9184.0	2.5208834001425612e-43
9184.5	2.215140540196837e-43
9185.0	2.417708888350317e-43
9185.5	2.559086442907314e-43
9186.0	2.4431135832489933e-43
9186.5	2.330065905999381e-43
9187.0	2.625547825530145e-43
9187.5	2.570036198317201e-43
9188.0	2.3382614043277784e-43
9188.5	2.339914218985033e-43
9189.0	2.222924306183575e-43
9189.5	2.3443650542891343e-43
9190.0	2.3829701372444068e-43
9190.5	2.3920517158552572e-43
9191.0	2.3342796240965444e-43
9191.5	2.509494262419125e-43
9192.0	2.1788623496646237e-43
9192.5	2.1626482981850155e-43
9193.0	2.0597213786265016e-43
9193.5	2.2962820606283127e-43
9194.0	2.6101292727795877e-43
9194.5	2.6779306067818926e-43
9195.0	2.363373039477477e-43
9195.5	2.225068377612423e-43
9196.0	2.3127190374171996e-43
9196.5	2.2634733811690967e-43
9197.0	2.1077536378024606e-43
9197.5	2.030178560704719e-43
9198.0	2.236531977702453e-43
9198.5	2.051206586778445e-43
9199.0	2.339383402129665e-43
9199.5	2.500969802813196e-43
9200.0	2.5262587314757173e-43
9200.5	2.8444009455564e-43
9201.0	2.7552500144401958e-43
9201.5	2.395541754846546e-43
9202.0	2.694499277158507e-43
9202.5	2.713728047265714e-43
9203.0	2.6400577384782247e-43
9203.5	2.534375165708992e-43
9204.0	2.7514883496825263e-43
9204.5	2.1471520544234504e-43
9205.0	2.023531420994532e-43
9205.5	2.557367184029613e-43
9206.0	2.4024212867576397e-43
9206.5	2.619201981296427e-43
9207.0	2.45738672283467e-43
9207.5	2.3436366333517663e-43
9208.0	2.431955787197771e-43
9208.5	2.269719138265076e-43
9209.0	2.1844271469131485e-43
9209.5	2.4266115741934054e-43
9210.0	2.4101332931729324e-43
9210.5	2.313152457400247e-43
9211.0	1.997897781796815e-43
9211.5	2.1105566743450357e-43
9212.0	2.6489104527271267e-43
9212.5	2.8725699292149353e-43
9213.0	2.50028585627148e-43
9213.5	2.17385744818055e-43
9214.0	2.6826754886834264e-43
9214.5	2.542650879627343e-43
9215.0	2.18153256062233e-43
9215.5	2.502918184406528e-43
9216.0	2.452562454016793e-43
9216.5	2.4196886382460225e-43
9217.0	2.6640619363117485e-43
9217.5	2.6722319816190886e-43
9218.0	2.884265515107787e-43
9218.5	2.6399464871832595e-43
9219.0	2.5073281169542717e-43
9219.5	2.766502994092684e-43
9220.0	2.476079380799573e-43
9220.5	2.3399665210633885e-43
9221.0	2.3699173717125506e-43
9221.5	2.6120286610834297e-43
9222.0	2.2649411445577038e-43
9222.5	2.1661504487324227e-43
9223.0	2.3993156586973727e-43
9223.5	2.5943823465248098e-43
9224.0	2.6066366189762804e-43
9224.5	2.636720539078677e-43
9225.0	2.46603277822581e-43
9225.5	2.3487916694809113e-43
9226.0	2.5725654081096407e-43
9226.5	2.417505805748156e-43
9227.0	2.1340709269890515e-43
9227.5	2.5364780104547673e-43
9228.0	2.7832867619859907e-43
9228.5	2.6684320671611655e-43
9229.0	2.536800361622035e-43
9229.5	2.492922096418343e-43
9230.0	2.3587394551995047e-43
9230.5	2.476177678069601e-43
9231.0	2.404670106443821e-43
9231.5	2.5514405055622915e-43
9232.0	2.5258199371572268e-43
9232.5	2.4440549349823527e-43
9233.0	2.474199194971509e-43
9233.5	2.0753393640330367e-43
9234.0	2.1414170144185687e-43
9234.5	2.4893290068675025e-43
9235.0	2.554784119034812e-43
9235.5	2.5326565944623602e-43
9236.0	2.2994897995326555e-43
9236.5	2.2619409573839862e-43
9237.0	2.2604301117749146e-43
9237.5	2.2555019100361077e-43
9238.0	2.482521891593941e-43
9238.5	2.6483910319997157e-43
9239.0	2.5228425142902177e-43
9239.5	2.385038748424836e-43
9240.0	2.236306704582818e-43
9240.5	2.427581195806244e-43
9241.0	2.44759839313891e-43
9241.5	2.278264199609637e-43
9242.0	2.400026527083892e-43
9242.5	2.6386468004169533e-43
9243.0	2.9401393595470983e-43
9243.5	2.80283265557353e-43
9244.0	2.7642096656940818e-43
9244.5	2.5443349236471714e-43
9245.0	2.2661639759909277e-43
9245.5	2.455528710607984e-43
9246.0	2.6666072452407607e-43
9246.5	2.31686229960355e-43
9247.0	2.376782007233746e-43
9247.5	2.714001275134501e-43
9248.0	2.9511348697721605e-43
9248.5	2.499382364804916e-43
9249.0	2.2765405513450154e-43
9249.5	2.410510617067755e-43
9250.0	2.2925017322010372e-43
9250.5	2.4409041297329514e-43
9251.0	2.538128239508388e-43
9251.5	2.783947867846973e-43
9252.0	2.5517311384261967e-43
9252.5	2.363318247284237e-43
9253.0	2.4065661494926766e-43
9253.5	2.6153181879992103e-43
9254.0	2.870190428861729e-43
9254.5	2.6373395955772735e-43
9255.0	2.1481890511705223e-43
9255.5	2.422065279334053e-43
9256.0	2.49442333928341e-43
9256.5	2.6950559951934814e-43
9257.0	2.4423985555140587e-43
9257.5	2.3629148982568973e-43
9258.0	2.4411721539559317e-43
9258.5	2.9114429201771414e-43
9259.0	2.6629259624570403e-43
9259.5	2.4050867513331755e-43
9260.0	2.61460320265935e-43
9260.5	2.82809063091333e-43
9261.0	2.5693147336125584e-43
9261.5	2.7968611621215213e-43
9262.0	2.8363574439823907e-43
9262.5	2.9284188318315514e-43
9263.0	2.6884670828132964e-43
9263.5	2.2270374762242112e-43
9264.0	2.544032021366733e-43
9264.5	2.557145252253305e-43
9265.0	2.3570758073579266e-43
9265.5	2.2536568278854304e-43
9266.0	2.6190350829000853e-43
9266.5	2.6773755511849244e-43
9267.0	2.434836087684918e-43
9267.5	2.8463870597623478e-43
9268.0	2.784388555663017e-43
9268.5	2.5954558821213278e-43
9269.0	2.503280957159408e-43
9269.5	2.538214000770849e-43
9270.0	2.770989916442714e-43
9270.5	2.6630528955847804e-43
9271.0	2.6474004872468574e-43
9271.5	2.605616096631098e-43
9272.0	2.6005709348818427e-43
9272.5	2.492939583725954e-43
9273.0	2.718961316651812e-43
9273.5	2.578830925310727e-43
9274.0	2.510434987945151e-43
9274.5	2.368791697603469e-43
9275.0	2.4546275649547176e-43
9275.5	2.2966395085114486e-43
9276.0	2.449386907858525e-43
9276.5	2.7641107128011454e-43
9277.0	3.0671721305830936e-43
9277.5	3.031440851174768e-43
9278.0	2.5679630284451425e-43
9278.5	2.410079670098875e-43
9279.0	2.4235722925619448e-43
9279.5	2.3038259708484197e-43
9280.0	2.3821990185186567e-43
9280.5	2.480281011319501e-43
9281.0	2.2740251892901447e-43
9281.5	2.2051286621902296e-43
9282.0	2.2006678268233734e-43
9282.5	2.4147084123381196e-43
9283.0	2.3980001046179805e-43
9283.5	2.5246532457187318e-43
9284.0	2.7261481868754105e-43
9284.5	2.6675962040492413e-43
9285.0	2.8040674140851305e-43
9285.5	2.810687201265761e-43
9286.0	3.0078631205479163e-43
9286.5	2.8197157060533953e-43
9287.0	2.3882364549549283e-43
9287.5	2.349663176315199e-43
9288.0	2.6803890546566158e-43
9288.5	2.6121653540709263e-43
9289.0	2.598283641116166e-43
9289.5	2.6139696815183737e-43
9290.0	2.969579429305648e-43
9290.5	2.7568239066896475e-43
9291.0	2.7541087197673823e-43
9291.5	2.503430960082931e-43
9292.0	2.7963723974276273e-43
9292.5	3.0451255244113342e-43
9293.0	2.9079109014384155e-43
9293.5	2.854787452751528e-43
9294.0	2.575187247400868e-43
9294.5	2.673316946065774e-43
9295.0	2.4205384127965065e-43
9295.5	2.3458937844356107e-43
9296.0	2.337359296801907e-43
9296.5	2.5493629002089984e-43
9297.0	2.7965686854754288e-43
9297.5	2.9207126980767413e-43
9298.0	2.771677003223529e-43
9298.5	2.4964077329019572e-43
9299.0	2.9170556065020142e-43
9299.5	3.2186435372480226e-43
9300.0	3.053494229535517e-43
9300.5	2.895533443696539e-43
9301.0	2.4477119110417336e-43
9301.5	2.5403374128596217e-43
9302.0	2.627070826143245e-43
9302.5	2.5201743554591998e-43
9303.0	2.4427758361455644e-43
9303.5	2.616647098942323e-43
9304.0	2.8894046730791823e-43
9304.5	2.701810510797203e-43
9305.0	2.700116188832269e-43
9305.5	2.782276080098287e-43
9306.0	2.6297990092867158e-43
9306.5	2.468424476285364e-43
9307.0	2.6326043314178187e-43
9307.5	2.5789532164599485e-43
9308.0	2.635763159119426e-43
9308.5	2.546522795057373e-43
9309.0	2.4093156545385637e-43
9309.5	2.5538817031669864e-43
9310.0	2.436093638925642e-43
9310.5	2.540634504966685e-43
9311.0	2.7327577995651145e-43
9311.5	2.6024209561654287e-43
9312.0	2.2292634345807348e-43
9312.5	2.3456653056637533e-43
9313.0	2.593589746534736e-43
9313.5	2.4456662118798124e-43
9314.0	2.495798967211857e-43
9314.5	2.5218081599796662e-43
9315.0	2.5468810739693484e-43
9315.5	2.796058976675193e-43
9316.0	2.6642650635487386e-43
9316.5	2.8739538170982838e-43
9317.0	2.8332598227092074e-43
9317.5	2.3257981021967387e-43
9318.0	2.26215241939696e-43
9318.5	2.2986964186191182e-43
9319.0	2.3712627172778694e-43
9319.5	2.603640684077901e-43
9320.0	2.492306961054088e-43
9320.5	2.5358106278151904e-43
9321.0	2.7876957423673553e-43
9321.5	2.602797077663576e-43
9322.0	2.413617220651289e-43
9322.5	2.4216009072271836e-43
9323.0	2.6684177959743565e-43
9323.5	2.088390434470909e-43
9324.0	2.310926088927768e-43
9324.5	2.612916257203885e-43
9325.0	2.386191891690663e-43
9325.5	2.471986579481912e-43
9326.0	2.5780277856792266e-43
9326.5	2.552844134640166e-43
9327.0	2.31110508504523e-43
9327.5	2.427518736822521e-43
9328.0	2.534487051078057e-43
9328.5	2.4059223564823605e-43
9329.0	2.409006972573898e-43
9329.5	2.6549570889649938e-43
9330.0	2.767181201545295e-43
9330.5	2.7896496253812805e-43
9331.0	2.5757006232158584e-43
9331.5	2.613577855235168e-43
9332.0	2.7593278566420102e-43
9332.5	2.525249681459112e-43
9333.0	2.5410061036787783e-43
9333.5	2.665665229008844e-43
9334.0	2.6822936988378086e-43
9334.5	2.574347395072512e-43
9335.0	2.4530692743577288e-43
9335.5	2.660082040204576e-43
9336.0	2.4378048894026142e-43
9336.5	2.6381752927137927e-43
9337.0	2.6553509531573208e-43
9337.5	2.7871487172551427e-43
9338.0	2.5862390294474307e-43
9338.5	2.670275809046408e-43
9339.0	2.5381255262873787e-43
9339.5	2.1771129204289685e-43
9340.0	2.2191216031734044e-43
9340.5	2.2062198615526736e-43
9341.0	2.591810453169457e-43
9341.5	2.560615052684737e-43
9342.0	2.4907319169981227e-43
9342.5	2.7693963388112337e-43
9343.0	2.5161124948596994e-43
9343.5	2.5363108462553515e-43
9344.0	2.5099827533400987e-43
9344.5	2.2994128203119774e-43
9345.0	2.171855752614073e-43
9345.5	2.445541568646166e-43
9346.0	2.4666415218212983e-43
9346.5	2.6500557457966554e-43
9347.0	2.8146015275338942e-43
9347.5	2.5516427073975767e-43
9348.0	2.5058319952218208e-43
9348.5	2.3633197757209554e-43
9349.0	2.741235853863568e-43
9349.5	3.134156537576832e-43
9350.0	3.0405359121791405e-43
9350.5	2.666345168778537e-43
9351.0	2.1706328513376143e-43
9351.5	2.3835215719217327e-43
9352.0	2.6105733140074826e-43
9352.5	2.699392352785368e-43
9353.0	2.7080731657540963e-43
9353.5	2.7462978377695247e-43
9354.0	2.856596502733787e-43
9354.5	2.766948087918643e-43
9355.0	2.1533732986441767e-43
9355.5	2.532126541316344e-43
9356.0	2.798023781656689e-43
9356.5	2.4523587974791658e-43
9357.0	2.573000710719716e-43
9357.5	2.787813101461348e-43
9358.0	2.4686976409558196e-43
9358.5	2.5618638042898566e-43
9359.0	2.54058567273706e-43
9359.5	2.5911104911565747e-43
9360.0	2.4293659744543934e-43
9360.5	2.710786388863544e-43
9361.0	2.4759440388897445e-43
9361.5	2.5663151783483788e-43
9362.0	2.6774359159721177e-43
9362.5	2.640516361911605e-43
9363.0	2.7068530591898806e-43
9363.5	3.111746465688284e-43
9364.0	2.707807092223591e-43
9364.5	2.2450001089204868e-43
9365.0	2.6406971776875468e-43
9365.5	2.5661255794352947e-43
9366.0	2.7063670300211727e-43
9366.5	2.525862448549891e-43
9367.0	2.2248398532119226e-43
9367.5	2.6423207493254027e-43
9368.0	2.687774424701461e-43
9368.5	2.6159170154567182e-43
9369.0	2.7455020846351676e-43
9369.5	2.4154236126273537e-43
9370.0	2.504632318689317e-43
9370.5	2.6277352087426376e-43
9371.0	2.6780284616307354e-43
9371.5	2.4118088939914835e-43
9372.0	2.4653138307513628e-43
9372.5	2.6442942203541022e-43
9373.0	2.6529888925307358e-43
9373.5	2.5753162462279648e-43
9374.0	2.211148109796461e-43
9374.5	2.4141289269209714e-43
9375.0	2.7021395968874594e-43
9375.5	2.743128007096868e-43
9376.0	2.6364524215294516e-43
9376.5	2.651871306090774e-43
9377.0	2.747184834795114e-43
9377.5	2.601567224461607e-43
9378.0	2.6024516854844626e-43
9378.5	2.505377374924987e-43
9379.0	2.507187342065453e-43
9379.5	2.36598063153728e-43
9380.0	2.510073331197286e-43
9380.5	2.4200699938691408e-43
9381.0	2.327837670818535e-43
9381.5	2.3098726719394136e-43
9382.0	2.6434215201659508e-43
9382.5	2.654706990587867e-43
9383.0	2.544503348110264e-43
9383.5	2.4282430336712326e-43
9384.0	2.3783021208368708e-43
9384.5	2.5359040572195867e-43
9385.0	2.548887549000825e-43
9385.5	2.7476463564522988e-43
9386.0	2.7087981924153114e-43
9386.5	2.565236016101688e-43
9387.0	2.328058430836329e-43
9387.5	2.2938315511951914e-43
9388.0	2.5589780542054875e-43
9388.5	2.5267815603196556e-43
9389.0	2.580354810720477e-43
9389.5	2.555235328739312e-43
9390.0	2.7163856594238557e-43
9390.5	2.738690059809798e-43
9391.0	2.926098211372821e-43
9391.5	2.733187014546939e-43
9392.0	2.855876533645017e-43
9392.5	2.8122008335691927e-43
9393.0	2.457454997324844e-43
9393.5	2.784747286249404e-43
9394.0	2.7515669682778675e-43
9394.5	2.626583165241842e-43
9395.0	2.8525861669448053e-43
9395.5	2.6280426134353582e-43
9396.0	2.661525038392937e-43
9396.5	2.513900168620153e-43
9397.0	2.5372521498306827e-43
9397.5	2.5345866327488118e-43
9398.0	2.698435185771809e-43
9398.5	2.514289296139267e-43
9399.0	2.612682062815002e-43
9399.5	2.4805687540563148e-43
9400.0	2.4172764607565964e-43
9400.5	2.7608963659115268e-43
9401.0	2.8714033183692173e-43
9401.5	2.8717878992386958e-43
9402.0	2.681119925371963e-43
9402.5	2.6589746683467188e-43
9403.0	2.4337152025702606e-43
9403.5	2.217080395499607e-43
9404.0	2.238389905358784e-43
9404.5	2.449990811601257e-43
9405.0	2.250839135843482e-43
9405.5	2.5110295199726635e-43
9406.0	2.788117526885959e-43
9406.5	2.5188526030949394e-43
9407.0	2.326909472248007e-43
9407.5	2.6429862786989345e-43
9408.0	2.85528560635431e-43
9408.5	2.7476386124396446e-43
9409.0	2.7160002928361384e-43
9409.5	2.8172672836599377e-43
9410.0	2.7473416238505924e-43
9410.5	2.546788469223318e-43
9411.0	3.065497899592153e-43
9411.5	2.7802743694634306e-43
9412.0	2.568841335198115e-43
9412.5	2.46779401414168e-43
9413.0	2.737473051324305e-43
9413.5	2.812861381621195e-43
9414.0	2.9791696510689786e-43
9414.5	3.064364677245902e-43
9415.0	2.587381947154166e-43
9415.5	2.4974645016281556e-43
9416.0	2.511525305887194e-43
9416.5	2.659922885344959e-43
9417.0	2.8694416246390444e-43
9417.5	2.5223088459458586e-43
9418.0	2.8870682458747765e-43
9418.5	2.851189958707661e-43
9419.0	2.684833982210432e-43
9419.5	2.6754177242811546e-43
9420.0	2.5893146029240745e-43
9420.5	2.541509707395923e-43
9421.0	2.9478938713352303e-43
9421.5	2.7862088740406247e-43
9422.0	2.60635764106457e-43
9422.5	2.4312360587415352e-43
9423.0	2.6617763643129853e-43
9423.5	2.937592361630243e-43
9424.0	2.9413065217516374e-43
9424.5	2.8875675409065372e-43
9425.0	2.666634840248296e-43
9425.5	2.555894228931998e-43
9426.0	2.6508275475248644e-43
9426.5	2.2393322469356486e-43
9427.0	2.382712598406532e-43
9427.5	2.4636348243267264e-43
9428.0	2.758209188924283e-43
9428.5	2.622661722431929e-43
9429.0	2.5987435040061647e-43
9429.5	2.8750478358485474e-43
9430.0	2.741359725059601e-43
9430.5	2.6402873034756436e-43
9431.0	2.6397304297100546e-43
9431.5	2.454323019834165e-43
9432.0	2.458643512748293e-43
9432.5	2.7239140324951237e-43
9433.0	2.587897066671688e-43
9433.5	2.465311850722512e-43
9434.0	2.626369562064228e-43
9434.5	2.676128454632457e-43
9435.0	2.6800372184559673e-43
9435.5	2.5752183634730536e-43
9436.0	2.7389740208598398e-43
9436.5	2.7437221004256422e-43
9437.0	2.621076506969077e-43
9437.5	2.44975017871649e-43
9438.0	2.504133182939643e-43
9438.5	2.4952343934450603e-43
9439.0	2.7000368975750064e-43
9439.5	2.815379843588498e-43
9440.0	2.4694694572607443e-43
9440.5	2.7004853318760253e-43
9441.0	2.7105050649615407e-43
9441.5	2.6217870265356565e-43
9442.0	2.5960655905555032e-43
9442.5	2.489200698011696e-43
9443.0	2.696691577306993e-43
9443.5	2.605035965627365e-43
9444.0	2.5401363165308286e-43
9444.5	2.6769896838542887e-43
9445.0	2.726891970711455e-43
9445.5	2.876275086851907e-43
9446.0	2.4571253641797964e-43
9446.5	2.512174069713439e-43
9447.0	2.9942373321703194e-43
9447.5	3.0109313690089174e-43
9448.0	2.890925162630843e-43
9448.5	2.880400989296005e-43
9449.0	2.9485799599591575e-43
9449.5	2.917016203721376e-43
9450.0	2.8510801437032193e-43
9450.5	2.770120315243518e-43
9451.0	2.6324084018179918e-43
9451.5	2.8758230009251873e-43
9452.0	3.0239273727619707e-43
9452.5	2.7561603185051446e-43
9453.0	2.626006371113337e-43
9453.5	2.70306457638022e-43
9454.0	2.848734018825977e-43
9454.5	3.1351044201943117e-43
9455.0	3.105589853466285e-43
9455.5	2.9945300423045928e-43
9456.0	2.9856907397991556e-43
9456.5	2.9720517128779194e-43
9457.0	2.7700533132114596e-43
9457.5	3.0243635568752108e-43
9458.0	2.83725784817503e-43
9458.5	2.755685806970485e-43
9459.0	2.9361324341218753e-43
9459.5	2.786668308874335e-43
9460.0	2.5560089788997713e-43
9460.5	2.7328456471472983e-43
9461.0	2.853409400075864e-43
9461.5	3.135885906471027e-43
9462.0	2.9225623265030424e-43
9462.5	2.620397530470628e-43
9463.0	2.921394824330236e-43
9463.5	2.95050953772625e-43
9464.0	2.7629098698985406e-43
9464.5	2.598176778039804e-43
9465.0	2.461461346703001e-43
9465.5	2.6549531583377234e-43
9466.0	3.3214384787075346e-43
9466.5	2.864816586581639e-43
9467.0	2.3875121221422704e-43
9467.5	2.8474588734619644e-43
9468.0	3.0059144419560715e-43
9468.5	2.7866417712512197e-43
9469.0	2.7748832048446465e-43
9469.5	2.9450527827528905e-43
9470.0	3.0327630767002996e-43
9470.5	2.9520900840579802e-43
9471.0	2.8475689035966803e-43
9471.5	3.1005243699915e-43
9472.0	2.696174863144101e-43
9472.5	2.896989190376802e-43
9473.0	2.7789600488919616e-43
9473.5	2.914642455567962e-43
9474.0	3.00980711417968e-43
9474.5	3.1464055675248464e-43
9475.0	2.7143186926031087e-43
9475.5	2.60185271178057e-43
9476.0	2.8102020676333158e-43
9476.5	2.8709021271164458e-43
9477.0	3.259928625150264e-43
9477.5	3.382475020256345e-43
9478.0	3.633144083934823e-43
9478.5	3.1240184108101475e-43
9479.0	2.6619968173785026e-43
9479.5	3.2786617215744106e-43
9480.0	2.9043614312699373e-43
9480.5	2.720788717430061e-43
9481.0	3.1399719648895675e-43
9481.5	2.8262619898851207e-43
9482.0	2.7149138545680003e-43
9482.5	3.0822511397642765e-43
9483.0	3.096525246991032e-43
9483.5	3.01988881807336e-43
9484.0	2.9712905875226812e-43
9484.5	2.7135642355265012e-43
9485.0	2.7336500188326675e-43
9485.5	2.6114379336603447e-43
9486.0	2.9894397383081033e-43
9486.5	2.839679501426225e-43
9487.0	2.821839440213462e-43
9487.5	2.818799243135561e-43
9488.0	2.81298871337487e-43
9488.5	3.110864711370835e-43
9489.0	3.2664811197540137e-43
9489.5	3.0965048996323287e-43
9490.0	2.8360781285651587e-43
9490.5	2.7911028829527218e-43
9491.0	2.8299490848114995e-43
9491.5	2.7950959089644467e-43
9492.0	2.9970100184223207e-43
9492.5	3.1228471219911155e-43
9493.0	3.008095662393716e-43
9493.5	3.012283272172309e-43
9494.0	2.779082970775874e-43
9494.5	2.574646978349417e-43
9495.0	3.0710043245877174e-43
9495.5	3.0358381092459623e-43
9496.0	2.8144069981773126e-43
9496.5	2.9881464432427673e-43
9497.0	2.7383285236669644e-43
9497.5	2.5643657568816406e-43
9498.0	2.8976748617373624e-43
9498.5	2.5370462655584517e-43
9499.0	2.2494869738044096e-43
9499.5	2.520076492232117e-43
9500.0	2.845852290491607e-43
9500.5	2.829452321796357e-43
9501.0	2.958745251780104e-43
9501.5	2.9787615122063945e-43
9502.0	3.0161644914956372e-43
9502.5	2.791332496980077e-43
9503.0	2.7978874828836e-43
9503.5	3.0365711744536292e-43
9504.0	2.775273944386091e-43
9504.5	2.8229252040686037e-43
9505.0	2.739452280685032e-43
9505.5	2.507763155311509e-43
9506.0	2.816991273633467e-43
9506.5	2.9619172796742864e-43
9507.0	2.8416567262707677e-43
9507.5	2.8438116368547877e-43
9508.0	2.7854474181510595e-43
9508.5	3.0465156637884806e-43
9509.0	3.001754531654244e-43
9509.5	3.1860075738688123e-43
9510.0	2.870227170886734e-43
9510.5	2.964238942401016e-43
9511.0	2.724631456066097e-43
9511.5	2.8085466861049603e-43
9512.0	2.6942555661663074e-43
9512.5	2.449780210921453e-43
9513.0	2.7080199767881822e-43
9513.5	2.880706612340939e-43
9514.0	2.934825689986517e-43
9514.5	2.9285828959983287e-43
9515.0	2.732744548471811e-43
9515.5	3.220173586243217e-43
9516.0	3.103538527580241e-43
9516.5	3.226605607945184e-43
9517.0	3.064029882916123e-43
9517.5	3.0483386335250708e-43
9518.0	3.3089955577733607e-43
9518.5	2.8863551743344967e-43
9519.0	2.877823891506185e-43
9519.5	3.0736454488209407e-43
9520.0	3.156679513638716e-43
9520.5	3.4013151011779227e-43
9521.0	3.005676489363336e-43
9521.5	2.754405387296025e-43
9522.0	2.8332667589862306e-43
9522.5	3.475667033154995e-43
9523.0	3.2703163626217704e-43
9523.5	3.045871571322192e-43
9524.0	3.298068771790295e-43
9524.5	2.8447090118511363e-43
9525.0	2.9685058316970357e-43
9525.5	2.9643490595706596e-43
9526.0	2.797386943416649e-43
9526.5	2.863709650381605e-43
9527.0	3.054517548023692e-43
9527.5	2.9615827137845808e-43
9528.0	2.8957521693924877e-43
9528.5	3.214641839434129e-43
9529.0	3.017495138532843e-43
9529.5	2.7940762431519643e-43
9530.0	3.0738413625224145e-43
9530.5	3.1678894976171623e-43
9531.0	2.958493710634217e-43
9531.5	2.651725927374979e-43
9532.0	3.0728331675826805e-43
9532.5	3.3504343905055175e-43
9533.0	2.9417125548560197e-43
9533.5	3.2022592628968647e-43
9534.0	3.3259813476732988e-43
9534.5	3.3027595274216695e-43
9535.0	3.3572752423667057e-43
9535.5	2.7823266285165574e-43
9536.0	3.0932845688425984e-43
9536.5	3.3331772897167688e-43
9537.0	2.9439736531115466e-43
9537.5	2.869035841476149e-43
9538.0	2.880172042531671e-43
9538.5	2.8551078477696673e-43
9539.0	2.969414139632321e-43
9539.5	3.1416705032306066e-43
9540.0	3.434687769972421e-43
9540.5	3.1129307357252558e-43
9541.0	2.9338337472482223e-43
9541.5	3.07759329912948e-43
9542.0	3.0162301366709404e-43
9542.5	3.448681001652018e-43
9543.0	3.412048879229136e-43
9543.5	2.937346334827945e-43
9544.0	2.8343641916038427e-43
9544.5	3.2178280134796796e-43
9545.0	2.974287239177325e-43
9545.5	2.7453335093764738e-43
9546.0	2.6171480209903547e-43
9546.5	3.1602805321523043e-43
9547.0	3.254330020835213e-43
9547.5	3.4152809384640114e-43
9548.0	3.1933085100342924e-43
9548.5	2.789850247358892e-43
9549.0	2.878300754515578e-43
9549.5	2.9729014518636563e-43
9550.0	3.1922509535769318e-43
9550.5	3.0483263189094765e-43
9551.0	3.129640547768833e-43
9551.5	3.3268249046850566e-43
9552.0	3.0025362711909893e-43
9552.5	2.8456620676060067e-43
9553.0	3.1067881124996483e-43
9553.5	3.331515852377839e-43
9554.0	3.319407672180991e-43
9554.5	3.2669044206614418e-43
9555.0	2.766953468949077e-43
9555.5	3.0739143482379677e-43
9556.0	3.2053199649352257e-43
9556.5	3.0275828106352393e-43
9557.0	3.0922971535689617e-43
9557.5	3.104566793115725e-43
9558.0	3.392880996772857e-43
9558.5	3.257853550514443e-43
9559.0	3.164506971309188e-43
9559.5	3.0909202334258544e-43
9560.0	3.009951806084669e-43
9560.5	3.3215344278211382e-43
9561.0	3.1547387229541108e-43
9561.5	2.9581160868035817e-43
9562.0	3.1259897162233674e-43
9562.5	3.121072902394746e-43
9563.0	2.884740213228403e-43
9563.5	3.017920375584032e-43
9564.0	3.193722158481991e-43
9564.5	3.0344126508439306e-43
9565.0	2.9039632746871516e-43
9565.5	3.22753351934287e-43
9566.0	3.0893644355924143e-43
9566.5	3.3207068080583844e-43
9567.0	3.6447664525444845e-43
9567.5	3.326904158718325e-43
9568.0	2.977661364384637e-43
9568.5	3.4242323316686917e-43
9569.0	3.2406785115244125e-43
9569.5	3.2261689188196035e-43
9570.0	3.2612259366428126e-43
9570.5	3.2875000107460907e-43
9571.0	3.221494541314001e-43
9571.5	3.037931277321976e-43
9572.0	3.290753689140536e-43
9572.5	3.1996727794237802e-43
9573.0	3.257087600701489e-43
9573.5	3.391933997309981e-43
9574.0	3.0798435023443198e-43
9574.5	3.101272025673305e-43
9575.0	3.1474075455411526e-43
9575.5	3.1049883692763306e-43
9576.0	3.1284671601281677e-43
9576.5	3.4320548219702947e-43
9577.0	3.398458730886372e-43
9577.5	3.363306799963236e-43
9578.0	3.628890055878454e-43
9578.5	3.451566167961443e-43
9579.0	3.265063365818578e-43
9579.5	3.268878761052773e-43
9580.0	2.9477414248526896e-43
9580.5	3.2980329986798966e-43
9581.0	3.4007587739292196e-43
9581.5	3.1584693722247515e-43
9582.0	2.757802178806481e-43
9582.5	2.9464504829635164e-43
9583.0	3.1551781819984165e-43
9583.5	3.338966506535321e-43
9584.0	3.246020015369953e-43
9584.5	3.1696526626491766e-43
9585.0	3.705165537232192e-43
9585.5	3.4078250512271755e-43
9586.0	2.9418302109309335e-43
9586.5	2.789542532039684e-43
9587.0	2.9819592343158608e-43
9587.5	3.5323274113242605e-43
9588.0	3.3030597369337507e-43
9588.5	3.361858447065416e-43
9589.0	3.293256893413029e-43
9589.5	3.0104939367600647e-43
9590.0	3.013319113036253e-43
9590.5	3.3215668441982566e-43
9591.0	3.3491190866234877e-43
9591.5	3.3557657261957245e-43
9592.0	3.3654355566059207e-43
9592.5	3.4820362145175995e-43
9593.0	3.098283451013767e-43
9593.5	3.2293871236890966e-43
9594.0	3.3204843384941387e-43
9594.5	3.3173010204463483e-43
9595.0	3.413030002007555e-43
9595.5	3.089708252904876e-43
9596.0	3.3437568102409413e-43
9596.5	3.082883894801679e-43
9597.0	3.152314171161273e-43
9597.5	3.5231887961059453e-43
9598.0	3.1736584680789358e-43
9598.5	2.9589821110281804e-43
9599.0	3.225443066022041e-43
9599.5	3.1892121413471568e-43
9600.0	3.0981451443413677e-43
9600.5	3.4197867974938675e-43
9601.0	3.1027497570233703e-43
9601.5	3.2679386367520983e-43
9602.0	3.5248163006391606e-43
9602.5	3.441798618311999e-43
9603.0	3.367096851824282e-43
9603.5	3.301913220603848e-43
9604.0	3.122774960471964e-43
9604.5	2.730986902132441e-43
9605.0	2.593568232051078e-43
9605.5	3.240569874251224e-43
9606.0	3.4682376070912768e-43
9606.5	3.1815179023270304e-43
9607.0	3.1900727572589546e-43
9607.5	3.470098281015621e-43
9608.0	3.645736227230379e-43
9608.5	3.1028330726325697e-43
9609.0	3.015274097059113e-43
9609.5	3.143584036975915e-43
9610.0	3.2254246969868325e-43
9610.5	3.3010541695883854e-43
9611.0	3.070648743394548e-43
9611.5	3.376958253159574e-43
9612.0	3.6587867940720715e-43
9612.5	3.4820311828745552e-43
9613.0	3.367379582407633e-43
9613.5	3.2701208414258833e-43
9614.0	3.3921134142546688e-43
9614.5	3.5134827913611215e-43
9615.0	3.3131721450349924e-43
9615.5	3.36418802434008e-43
9616.0	3.5056837166328948e-43
9616.5	3.255297989096114e-43
9617.0	2.9168793044300207e-43
9617.5	3.094267303160101e-43
9618.0	3.661602125241012e-43
9618.5	3.647841241977117e-43
9619.0	3.613849912802774e-43
9619.5	3.3390289646673425e-43
9620.0	3.2988889368161512e-43
9620.5	3.0283597905430804e-43
9621.0	2.702591250110977e-43
9621.5	2.718133475345689e-43
9622.0	3.0426566240814155e-43
9622.5	3.2021005738820293e-43
9623.0	3.1501809164081157e-43
9623.5	3.087575373295904e-43
9624.0	3.0386319396533744e-43
9624.5	2.987091814918711e-43
9625.0	3.2164540200188645e-43
9625.5	3.1598621448340517e-43
9626.0	3.1246288330639138e-43
9626.5	3.089286237854882e-43
9627.0	3.0165599870686558e-43
9627.5	2.9026923758942927e-43
9628.0	2.621686531897933e-43
9628.5	2.9259476129822743e-43
9629.0	3.156033272706084e-43
9629.5	3.1692286435913604e-43
9630.0	3.861812734632498e-43
9630.5	3.5748541099788946e-43
9631.0	3.33041357784715e-43
9631.5	3.44257368416553e-43
9632.0	3.4281268009226924e-43
9632.5	3.013574568721239e-43
9633.0	3.28185164484271e-43
9633.5	3.5707332477237365e-43
9634.0	3.1475931624395385e-43
9634.5	3.4634441969126414e-43
9635.0	3.6448466909866784e-43
9635.5	3.805177289087746e-43
9636.0	3.446940687701811e-43
9636.5	3.2584593223931496e-43
9637.0	3.06361186773127e-43
9637.5	2.9609679307687158e-43
9638.0	3.104223857419681e-43
9638.5	3.4742449363195507e-43
9639.0	3.336893487731943e-43
9639.5	3.5521737658577224e-43
9640.0	3.3256439873820203e-43
9640.5	3.395468638942112e-43
9641.0	3.48013043545451e-43
9641.5	3.058243001176627e-43
9642.0	3.596091409153096e-43
9642.5	3.5195931628991913e-43
9643.0	3.0024030953236782e-43
9643.5	3.089152181651952e-43
9644.0	3.0703484996544437e-43
9644.5	3.1609615148976484e-43
9645.0	3.271769630077209e-43
9645.5	3.1237755748623646e-43
9646.0	3.1631435405560443e-43
9646.5	3.251746422355032e-43
9647.0	3.4055302916956235e-43
9647.5	3.4912275950573062e-43
9648.0	3.665021226870175e-43
9648.5	3.6038423173898564e-43
9649.0	3.2928618538459766e-43
9649.5	3.684197095127553e-43
9650.0	4.12231093956312e-43
9650.5	3.7715526614608395e-43
9651.0	4.0842965939941025e-43
9651.5	4.1482141655131276e-43
9652.0	3.739492114496713e-43
9652.5	3.306722388353985e-43
9653.0	2.9897646213560036e-43
9653.5	2.8916252964121943e-43
9654.0	3.1324332739636967e-43
9654.5	3.6310217424161795e-43
9655.0	3.56983715824881e-43
9655.5	3.4767933781188634e-43
9656.0	3.2506652377230732e-43
9656.5	3.3057893903103607e-43
9657.0	3.4106443871143594e-43
9657.5	3.5807121916953716e-43
9658.0	3.661787693970326e-43
9658.5	3.7244532160612896e-43
9659.0	3.127374151484741e-43
9659.5	3.31079110532295e-43
9660.0	3.2996494823356904e-43
9660.5	3.590647119452458e-43
9661.0	3.2788738322843887e-43
9661.5	3.2844658409102243e-43
9662.0	3.749155112980364e-43
9662.5	3.434446475949212e-43
9663.0	3.5272654074582896e-43
9663.5	3.72519902540399e-43
9664.0	4.710109988798334e-43
9664.5	9.15233359990313e-42
9665.0	1.8823161601348427e-41
9665.5	6.647576364243338e-42
9666.0	4.0731784751769897e-42
9666.5	5.737832758893313e-43
9667.0	3.648896042895285e-43
9667.5	3.433256014271297e-43
9668.0	3.4774862718668547e-43
9668.5	6.5401185379866584e-43
9669.0	1.3201890467825925e-41
9669.5	1.7191057414588426e-41
9670.0	6.324051471338535e-42
9670.5	4.908787768029957e-42
9671.0	4.928982213927282e-43
9671.5	3.491338668091831e-43
9672.0	3.220590191157207e-43
9672.5	3.465986397653201e-43
9673.0	3.440454714818421e-43
9673.5	3.596585368299047e-43
9674.0	3.5568770761589674e-43
9674.5	3.241653702555913e-43
9675.0	3.533820213705056e-43
9675.5	3.4278549666201884e-43
9676.0	3.127719428492429e-43
9676.5	3.374344260457332e-43
9677.0	3.7535740353746935e-43
9677.5	3.785738067136784e-43
9678.0	3.339747042238604e-43
9678.5	3.4100420919052808e-43
9679.0	3.970088182899324e-43
9679.5	4.0098106005356e-43
9680.0	4.11414045548311e-43
9680.5	4.354181152989471e-43
9681.0	4.86939045304546e-43
9681.5	5.220921223753628e-43
9682.0	5.8510699527880655e-43
9682.5	6.971642234438424e-43
9683.0	1.088527757925613e-42
9683.5	2.1999508350901398e-42
9684.0	6.98856982872343e-42
9684.5	1.797062085111375e-41
9685.0	1.4300832766325705e-41
9685.5	4.8441493291526295e-42
9686.0	3.6058552828991715e-42
9686.5	2.7464178460065817e-41
9687.0	2.7434660112161235e-41
9687.5	2.7249160366999238e-42
9688.0	2.2859185639927885e-42
9688.5	3.668234171360838e-42
9689.0	1.4372919658197535e-41
9689.5	4.1636602144312186e-41
9690.0	2.0840635282586074e-41
9690.5	3.5241815585832506e-42
9691.0	7.907122975898495e-42
9691.5	6.906870901108697e-42
9692.0	7.773809123497661e-43
9692.5	4.685421289119168e-43
9693.0	4.489141201030866e-43
9693.5	4.070349677646474e-43
9694.0	3.9208251282517245e-43
9694.5	3.634027260985967e-43
9695.0	3.9147859423812935e-43
9695.5	3.5761134279165643e-43
9696.0	3.888406353324026e-43
9696.5	4.081824040773688e-43
9697.0	3.989040564530065e-43
9697.5	3.6761520530336494e-43
9698.0	3.1670511428208133e-43
9698.5	3.289123219024933e-43
9699.0	3.3571275475514387e-43
9699.5	3.9037729367733246e-43
9700.0	4.0292770257166146e-43
9700.5	3.8197539339440385e-43
9701.0	3.948520750300207e-43
9701.5	3.4462294680720918e-43
9702.0	3.113626881134969e-43
9702.5	3.092218488462197e-43
9703.0	3.339245852669691e-43
9703.5	3.2654295832806534e-43
9704.0	3.4236770136740328e-43
9704.5	3.335740841595956e-43
9705.0	3.3571413988185896e-43
9705.5	3.3727048083049477e-43
9706.0	3.4388988835452213e-43
9706.5	4.083557828799156e-43
9707.0	4.0625836792977846e-43
9707.5	4.4348187481288036e-43
9708.0	3.4013366968568646e-43
9708.5	3.200713234368682e-43
9709.0	2.999747879166661e-43
9709.5	3.0926459428933807e-43
9710.0	3.417102215613386e-43
9710.5	3.563805038116974e-43
9711.0	3.2376482033651728e-43
9711.5	3.4737754200254093e-43
9712.0	4.0273383472931295e-43
9712.5	3.777062073808232e-43
9713.0	3.72020218500562e-43
9713.5	3.6661535103036615e-43
9714.0	3.451216973077863e-43
9714.5	3.3094774571990856e-43
9715.0	3.625635076112196e-43
9715.5	3.3519787356682274e-43
9716.0	3.316777084963612e-43
9716.5	3.65832531869016e-43
9717.0	3.5074133972673012e-43
9717.5	3.645664974492219e-43
9718.0	3.772266460437426e-43
9718.5	3.719703059285231e-43
9719.0	3.579201345676078e-43
9719.5	3.747600365904206e-43
9720.0	3.713887531670092e-43
9720.5	3.5230389220573547e-43
9721.0	3.377179200368221e-43
9721.5	3.722948270774213e-43
9722.0	3.993910924171905e-43
9722.5	3.597904088071896e-43
9723.0	3.408371763671564e-43
9723.5	3.631741469430068e-43
9724.0	3.7260074294494065e-43
9724.5	3.437674316494143e-43
9725.0	3.596582950656199e-43
9725.5	3.679293572693055e-43
9726.0	4.032404887740314e-43
9726.5	3.7968753152789066e-43
9727.0	3.1479530554446593e-43
9727.5	3.3431629414744193e-43
9728.0	3.3367116917895525e-43
9728.5	3.3490324027778855e-43
9729.0	3.13056719936721e-43
9729.5	3.1738625814623464e-43
9730.0	3.912040926339433e-43
9730.5	3.7959840051914454e-43
9731.0	3.510762204048369e-43
9731.5	3.341082852498599e-43
9732.0	3.5238380287342096e-43
9732.5	3.591330899284746e-43
9733.0	3.907269485794982e-43
9733.5	4.0724784580085456e-43
9734.0	3.5015306378496712e-43
9734.5	3.3437079359795572e-43
9735.0	3.5629437418137183e-43
9735.5	3.9868751446351996e-43
9736.0	3.939669695440013e-43
9736.5	3.818768360170542e-43
9737.0	3.8453098258454214e-43
9737.5	3.4267241186977423e-43
9738.0	3.3363784722921536e-43
9738.5	3.721877371555232e-43
9739.0	3.8197193671165755e-43
9739.5	3.592286762183272e-43
9740.0	3.8262681899590704e-43
9740.5	3.978900419326861e-43
9741.0	3.57941830565067e-43
9741.5	4.064568227149201e-43
9742.0	4.3063394281330716e-43
9742.5	3.941992198156916e-43
9743.0	3.696227145267534e-43
9743.5	3.3707085778851184e-43
9744.0	3.4474445046649506e-43
9744.5	3.557195311328452e-43
9745.0	3.833026536025059e-43
9745.5	3.9772762615288e-43
9746.0	3.868144911464119e-43
9746.5	3.648448117265242e-43
9747.0	3.614230821961599e-43
9747.5	3.6285259869213756e-43
9748.0	3.657696795625096e-43
9748.5	3.507676272806291e-43
9749.0	3.5483903367130787e-43
9749.5	3.916627295793246e-43
9750.0	4.008441497390213e-43
9750.5	3.7422195267323735e-43
9751.0	3.708542604559879e-43
9751.5	3.3981547428958392e-43
9752.0	3.2974078561363604e-43
9752.5	3.3616450726027984e-43
9753.0	3.302001575962918e-43
9753.5	4.020426178308057e-43
9754.0	4.073474527804436e-43
9754.5	3.7755543577875476e-43
9755.0	3.3201156257585022e-43
9755.5	3.3705045491804994e-43
9756.0	4.084511362098302e-43
9756.5	4.3200146001059394e-43
9757.0	4.303976178212136e-43
9757.5	3.880751546578652e-43
9758.0	3.723314983225788e-43
9758.5	4.1841650131045994e-43
9759.0	3.8554900102445466e-43
9759.5	3.6802543993039355e-43
9760.0	4.07427425993536e-43
9760.5	3.562687342052217e-43
9761.0	3.8987671418784225e-43
9761.5	3.7775318488222306e-43
9762.0	3.854720435395173e-43
9762.5	3.2017992915083653e-43
9763.0	3.561164206868126e-43
9763.5	3.4221741416007715e-43
9764.0	3.769898087439947e-43
9764.5	3.703674430294602e-43
9765.0	3.4384187966862627e-43
9765.5	3.761261543094213e-43
9766.0	3.965784187483015e-43
9766.5	4.106028573798261e-43
9767.0	3.8608713543653495e-43
9767.5	3.766065103565724e-43
9768.0	3.7974516474659676e-43
9768.5	3.727774217504413e-43
9769.0	3.7611729886202676e-43
9769.5	4.0876412911096116e-43
9770.0	4.0507413470901e-43
9770.5	3.762170818149504e-43
9771.0	3.6122610249426415e-43
9771.5	3.6278599173833466e-43
9772.0	3.703719061033476e-43
9772.5	3.3713270903475054e-43
9773.0	3.625653482165696e-43
9773.5	4.000934088261445e-43
9774.0	4.118008129760308e-43
9774.5	4.0313847554285515e-43
9775.0	3.7454824087925276e-43
9775.5	3.490466685396586e-43
9776.0	3.541417349188202e-43
9776.5	3.420388466908187e-43
9777.0	3.716598858648328e-43
9777.5	3.729960149689187e-43
9778.0	3.677923842842839e-43
9778.5	3.7214253978270485e-43
9779.0	4.0327746565508666e-43
9779.5	4.689173636557928e-43
9780.0	4.76159441347586e-43
9780.5	3.847847605823827e-43
9781.0	4.2657202118933855e-43
9781.5	4.101960462740757e-43
9782.0	4.4382773026677914e-43
9782.5	5.032279098920143e-43
9783.0	5.33815524511007e-43
9783.5	4.39845079508641e-43
9784.0	3.728887984147002e-43
9784.5	3.41491546803736e-43
9785.0	3.684755933125846e-43
9785.5	3.774842270319322e-43
9786.0	3.512928836478617e-43
9786.5	3.2624755544013906e-43
9787.0	3.142765170450593e-43
9787.5	3.878280755179415e-43
9788.0	4.119568872366421e-43
9788.5	4.0232357838075715e-43
9789.0	3.4108456947966893e-43
9789.5	3.410784745643172e-43
9790.0	3.4808645803954724e-43
9790.5	3.7909970073704715e-43
9791.0	4.009390554177153e-43
9791.5	4.200404826636217e-43
9792.0	3.660326277335432e-43
9792.5	3.824149250526517e-43
9793.0	3.648029641871779e-43
9793.5	3.7966452789160905e-43
9794.0	4.021445421946677e-43
9794.5	3.9971866044182355e-43
9795.0	4.164096318726138e-43
9795.5	4.139495490868514e-43
9796.0	4.0040451085965676e-43
9796.5	3.895904628759949e-43
9797.0	3.987417461316251e-43
9797.5	3.955562257567192e-43
9798.0	3.7827324481562724e-43
9798.5	3.699382067646261e-43
9799.0	4.101474545044437e-43
9799.5	3.842771769609884e-43
9800.0	3.5546731092338877e-43
9800.5	3.445085776194228e-43
9801.0	3.9501773457347115e-43
9801.5	3.81002194628237e-43
9802.0	3.3700042503224845e-43
9802.5	3.217786696907347e-43
9803.0	3.665311453540479e-43
9803.5	3.7041203203401375e-43
9804.0	3.979329428520389e-43
9804.5	3.742042619608479e-43
9805.0	3.8305797137590496e-43
9805.5	3.673198884661022e-43
9806.0	3.633157962483235e-43
9806.5	3.3878512342848667e-43
9807.0	3.5395822057767364e-43
9807.5	3.763229128403425e-43
9808.0	3.949564931309495e-43
9808.5	4.060348266484117e-43
9809.0	4.210007139509836e-43
9809.5	3.860838753499271e-43
9810.0	3.626206124796669e-43
9810.5	3.80715004247359e-43
9811.0	4.368110066752357e-43
9811.5	4.364249683336079e-43
9812.0	3.769137634684721e-43
9812.5	3.8525597612116994e-43
9813.0	3.890102873210413e-43
9813.5	3.9085027959837594e-43
9814.0	4.165320753376622e-43
9814.5	4.252325932202207e-43
9815.0	4.141888169906846e-43
9815.5	3.848552951159652e-43
9816.0	3.903257454944009e-43
9816.5	5.894846133555668e-43
9817.0	2.4257213393506426e-42
9817.5	2.3149980561584505e-42
9818.0	5.498351630447729e-43
9818.5	3.884333369134524e-43
9819.0	3.709200569615035e-43
9819.5	3.7549280322329915e-43
9820.0	3.8260572351135245e-43
9820.5	3.766852062643668e-43
9821.0	3.960793329575626e-43
9821.5	3.820070116231664e-43
9822.0	3.7746459963855735e-43
9822.5	3.825403379590362e-43
9823.0	3.919207440216186e-43
9823.5	3.5024381208139232e-43
9824.0	3.4034938310389388e-43
9824.5	3.877835559895133e-43
9825.0	3.6773812736077524e-43
9825.5	4.27008327613258e-43
9826.0	4.6436819395018715e-43
9826.5	3.9622022270098395e-43
9827.0	3.5002126983294313e-43
9827.5	4.012661810807822e-43
9828.0	4.180921595639968e-43
9828.5	4.1628753079388176e-43
9829.0	3.887918475228095e-43
9829.5	3.5739218879077353e-43
9830.0	3.99113720258259e-43
9830.5	4.2789628996474115e-43
9831.0	4.0774692919675566e-43
9831.5	3.865207273574762e-43
9832.0	4.091055537463744e-43
9832.5	3.828573175547657e-43
9833.0	3.728089421364225e-43
9833.5	4.0499108551143344e-43
9834.0	3.668778358329373e-43
9834.5	3.6703428239166565e-43
9835.0	4.114757506198489e-43
9835.5	4.1788866960135425e-43
9836.0	4.3253364092527936e-43
9836.5	4.27398692527295e-43
9837.0	3.785947004057615e-43
9837.5	3.9921972150766645e-43
9838.0	3.960181020533884e-43
9838.5	3.9086491203363746e-43
9839.0	3.96494982927102e-43
9839.5	3.578767067724494e-43
9840.0	3.704336950559253e-43
9840.5	3.811103479484806e-43
9841.0	4.096438457590577e-43
9841.5	4.203561997460358e-43
9842.0	3.957757942756079e-43
9842.5	4.030278709304404e-43
9843.0	4.2791335536205845e-43
9843.5	4.070260566052068e-43
9844.0	4.335655376029725e-43
9844.5	4.8784433822237485e-43
9845.0	4.435290636223463e-43
9845.5	3.82176793497994e-43
9846.0	3.858062123370938e-43
9846.5	4.047745128256789e-43
9847.0	4.123727790554544e-43
9847.5	4.074245596453153e-43
9848.0	3.935908255347062e-43
9848.5	3.98727703075127e-43
9849.0	3.761841930675209e-43
9849.5	3.6394855388842325e-43
9850.0	4.185088814272006e-43
9850.5	3.788083394092611e-43
9851.0	3.4762738590151394e-43
9851.5	3.303507584825423e-43
9852.0	3.847665484562409e-43
9852.5	3.888173172090497e-43
9853.0	3.810146337903946e-43
9853.5	3.3150884169340325e-43
9854.0	3.3852543928979633e-43
9854.5	4.2434136219086034e-43
9855.0	3.746206366650381e-43
9855.5	3.4671094214584277e-43
9856.0	3.443860671857545e-43
9856.5	3.5582638277967165e-43
9857.0	3.877046655227743e-43
9857.5	3.7645047161495405e-43
9858.0	3.6330323345933155e-43
9858.5	3.298975749232625e-43
9859.0	3.3282157540842765e-43
9859.5	3.8622953519847755e-43
9860.0	3.948008988518791e-43
9860.5	3.678317199622872e-43
9861.0	3.580325171426645e-43
9861.5	3.917765186302479e-43
9862.0	3.905826733000868e-43
9862.5	3.9645673082046595e-43
9863.0	3.857904911719642e-43
9863.5	4.494531783564023e-43
9864.0	4.109228065982361e-43
9864.5	3.5429029357055606e-43
9865.0	3.795982416694043e-43
9865.5	3.5341020109778646e-43
9866.0	3.902024590973058e-43
9866.5	4.051033768279538e-43
9867.0	3.8537169890685525e-43
9867.5	3.5408826112481302e-43
9868.0	3.7563721938428465e-43
9868.5	3.93656281103472e-43
9869.0	4.0400651472408754e-43
9869.5	3.873579086576822e-43
9870.0	3.734847088420299e-43
9870.5	3.3291097339860033e-43
9871.0	3.5145127584058486e-43
9871.5	3.6110224032356004e-43
9872.0	3.3678712738499747e-43
9872.5	2.8370924918584287e-43
9873.0	3.188550446559189e-43
9873.5	3.190391908596518e-43
9874.0	3.7318451730010295e-43
9874.5	3.8247804729800115e-43
9875.0	3.4708909728655303e-43
9875.5	3.480833681845676e-43
9876.0	3.405009564004497e-43
9876.5	3.3186475979315708e-43
9877.0	3.844868195422243e-43
9877.5	4.1005560848950465e-43
9878.0	3.694356241264834e-43
9878.5	3.126344771234691e-43
9879.0	2.996733791084804e-43
9879.5	3.275294227725329e-43
9880.0	3.241113880909155e-43
9880.5	3.395553798416493e-43
9881.0	3.794556199670529e-43
9881.5	5.189653462875753e-43
9882.0	2.2438171988068798e-42
9882.5	2.1923042125067556e-42
9883.0	3.530650287045321e-43
9883.5	2.483291171937477e-43
9884.0	2.570810503990057e-43
9884.5	2.874958045337812e-43
9885.0	2.928574268731123e-43
9885.5	2.8953391305916556e-43
9886.0	3.115258330514255e-43
9886.5	2.6823808404138188e-43
9887.0	2.407393094824479e-43
9887.5	2.4154253952743545e-43
9888.0	2.4651700214326738e-43
9888.5	2.7308910934578236e-43
9889.0	2.761735014922857e-43
9889.5	2.5943681349020103e-43
9890.0	2.699402127805678e-43
9890.5	2.70388855945796e-43
9891.0	2.7457627789830104e-43
9891.5	2.8966714135723587e-43
9892.0	2.5647039613446624e-43
9892.5	2.4918022294059155e-43
9893.0	2.454291947088148e-43
9893.5	2.279193792105489e-43
9894.0	2.444549036659964e-43
9894.5	2.599394572707077e-43
9895.0	2.505883775940636e-43
9895.5	2.628472334129798e-43
9896.0	2.3738589962493446e-43
9896.5	2.416467498829211e-43
9897.0	2.2760848752480968e-43
9897.5	2.1268076229512782e-43
9898.0	2.3744284663074354e-43
9898.5	2.401725815271162e-43
9899.0	2.3281419777381173e-43
9899.5	2.558562151572581e-43
9900.0	2.48126791107622e-43
9900.5	2.5480658608606444e-43
9901.0	2.5730976227023183e-43
9901.5	2.7682299080010173e-43
9902.0	2.4929801248939376e-43
9902.5	2.402825610434741e-43
9903.0	2.3475600533301678e-43
9903.5	2.3384349780247647e-43
9904.0	2.315871823213951e-43
9904.5	2.475885161213194e-43
9905.0	2.687093790576079e-43
9905.5	2.5765447257434354e-43
9906.0	2.6512476994386548e-43
9906.5	2.886590647792018e-43
9907.0	2.8717054589969612e-43
9907.5	2.8914758888708444e-43
9908.0	2.561063780755115e-43
9908.5	2.6468156513260944e-43
9909.0	2.7666745295573312e-43
9909.5	2.769341118761614e-43
9910.0	3.040175007365745e-43
9910.5	3.203615647423077e-43
9911.0	3.3295617729498338e-43
9911.5	3.3408709714605616e-43
9912.0	3.266263265759592e-43
9912.5	3.245860980125661e-43
9913.0	3.899388728954328e-43
9913.5	3.798117109183165e-43
9914.0	3.6044898517421015e-43
9914.5	3.5527879988661953e-43
9915.0	3.24196351300697e-43
9915.5	3.238775885398814e-43
9916.0	3.4713097544191517e-43
9916.5	3.7620329837653785e-43
9917.0	3.988917842333077e-43
9917.5	4.346023490624632e-43
9918.0	4.0012482266551705e-43
9918.5	3.8295485270912344e-43
9919.0	3.656873421307591e-43
9919.5	3.641897782466509e-43
9920.0	3.8616193942332155e-43
9920.5	4.1326304656730924e-43
9921.0	3.9994572018426816e-43
9921.5	4.064252452564659e-43
9922.0	4.19548414805916e-43
9922.5	4.298957857872972e-43
9923.0	4.5285004120066314e-43
9923.5	5.286409603812717e-43
9924.0	4.479834039935621e-43
9924.5	4.1552566764248695e-43
9925.0	4.507792826066101e-43
9925.5	4.491323237957873e-43
9926.0	3.9904682351874615e-43
9926.5	3.76627943473932e-43
9927.0	3.86976434474635e-43
9927.5	4.348225909269844e-43
9928.0	4.4612138600142354e-43
9928.5	4.239887974574585e-43
9929.0	4.501638140173312e-43
9929.5	4.187511506302558e-43
9930.0	4.15757037758617e-43
9930.5	4.766391933681511e-43
9931.0	4.322706714982307e-43
9931.5	3.799068366832165e-43
9932.0	4.5500203096207815e-43
9932.5	4.380023538670711e-43
9933.0	3.971884106047129e-43
9933.5	3.893556843016903e-43
9934.0	3.862711694747272e-43
9934.5	3.722154279034288e-43
9935.0	3.870630888381367e-43
9935.5	3.848595253144304e-43
9936.0	3.801312907160268e-43
9936.5	4.281253388981256e-43
9937.0	4.3397774926460526e-43
9937.5	3.885345512933434e-43
9938.0	4.1869890468111605e-43
9938.5	4.272714042283205e-43
9939.0	3.746350601321143e-43
9939.5	3.705847122443609e-43
9940.0	4.108317640787063e-43
9940.5	4.032540458053792e-43
9941.0	4.065245707745653e-43
9941.5	4.108985991477838e-43
9942.0	4.370854269982528e-43
9942.5	3.90921708526565e-43
9943.0	4.231868615585177e-43
9943.5	4.4352503784690864e-43
9944.0	4.29222246477555e-43
9944.5	4.569988668447036e-43
9945.0	3.9568550754741926e-43
9945.5	3.892779602259986e-43
9946.0	3.712168347159981e-43
9946.5	4.110791726368798e-43
9947.0	4.3251310500077876e-43
9947.5	4.7016483228885326e-43
9948.0	4.823940406619254e-43
9948.5	4.4478812461979955e-43
9949.0	4.432644256649451e-43
9949.5	4.682713608340727e-43
9950.0	4.851377682914168e-43
9950.5	5.1529582496058095e-43
9951.0	4.622046387162806e-43
9951.5	4.616691759575814e-43
9952.0	4.975504003989375e-43
9952.5	5.2599014163444425e-43
9953.0	5.399368374008994e-43
9953.5	4.665423198057889e-43
9954.0	4.496641530816007e-43
9954.5	4.4724001222960175e-43
9955.0	4.516928194658551e-43
9955.5	4.2197744073357845e-43
9956.0	3.791369004890913e-43
9956.5	4.184083827406674e-43
9957.0	4.27974942368757e-43
9957.5	4.4934409364446405e-43
9958.0	5.046887097082543e-43
9958.5	4.743373690183678e-43
9959.0	4.630471701211414e-43
9959.5	4.6837538000960665e-43
9960.0	4.2817207412877395e-43
9960.5	4.2408586619933915e-43
9961.0	4.371700873186526e-43
9961.5	4.1641574391828796e-43
9962.0	3.750472974908766e-43
9962.5	3.9332038830604656e-43
9963.0	4.5102625369986756e-43
9963.5	4.8107244158945594e-43
9964.0	5.207011045214743e-43
9964.5	5.908842442274605e-43
9965.0	4.767700501344609e-43
9965.5	3.949209668370668e-43
9966.0	3.66111817852029e-43
9966.5	4.079145127841526e-43
9967.0	4.4251573046615305e-43
9967.5	3.962048286899153e-43
9968.0	3.807719557660327e-43
9968.5	3.889945892919342e-43
9969.0	3.738390936004699e-43
9969.5	4.016096642353318e-43
9970.0	4.540966047159284e-43
9970.5	4.1042905402813524e-43
9971.0	4.2555439980755454e-43
9971.5	4.2949533189281246e-43
9972.0	4.364240540148034e-43
9972.5	4.753365899042446e-43
9973.0	4.2382271644464655e-43
9973.5	4.111654944949417e-43
9974.0	4.368158692120434e-43
9974.5	4.3458602613107105e-43
9975.0	4.728733554748929e-43
9975.5	4.363158601323306e-43
9976.0	4.150725686920486e-43
9976.5	4.5287784107776666e-43
9977.0	4.28643194591454e-43
9977.5	4.262692166708549e-43
9978.0	4.298767082979038e-43
9978.5	4.1708242272651484e-43
9979.0	4.115261451113002e-43
9979.5	4.5992980840826614e-43
9980.0	4.814947914177436e-43
9980.5	4.496528624931785e-43
9981.0	4.5829828331905455e-43
9981.5	4.3874244041005355e-43
9982.0	4.261526720532278e-43
9982.5	4.211769059853668e-43
9983.0	4.168191699217134e-43
9983.5	4.513110881936246e-43
9984.0	4.792270073724697e-43
9984.5	4.618711430677022e-43
9985.0	4.181441792175327e-43
9985.5	4.438448802151332e-43
9986.0	4.8890316502836425e-43
9986.5	4.3396606582146166e-43
9987.0	4.787509268709275e-43
9987.5	4.82773655904128e-43
9988.0	4.6307669553535166e-43
9988.5	4.093671898283499e-43
9989.0	4.519809579517615e-43
9989.5	4.78271929122015e-43
9990.0	4.7652405127711154e-43
9990.5	4.2382153407897186e-43
9991.0	4.442176832499537e-43
9991.5	4.686606356184299e-43
9992.0	4.8839721656771884e-43
9992.5	4.362576725959572e-43
9993.0	5.646003404169293e-43
9993.5	5.157618032184743e-43
9994.0	4.259963725691432e-43
9994.5	4.4277155114302e-43
9995.0	4.9197494164106116e-43
9995.5	4.8763004171729245e-43
9996.0	4.7875353680383495e-43
9996.5	4.442214871106854e-43
9997.0	4.056394533788826e-43
9997.5	4.0320952074203345e-43
9998.0	4.428908219385043e-43
9998.5	5.131066113856729e-43
9999.0	4.7728448668660996e-43
9999.5	4.1673230056225425e-43
10000.0	1.581834164410165e-43
